split,cell_type,drug,dose,true_prop,ctrl_prop,crisp_prop,diffcrisp_prop,crisp_error,diffcrisp_error,improvement,diffcrisp_win,threshold,n_true,n_ctrl,n_crisp,n_diffcrisp,cov_drug
split3,NK cells,RG7112,0.0709219858156028,0.8251928020565553,0.05,0.0,0.84,0.8251928020565553,0.01480719794344465,0.8103856041131107,1,4.908110260963438,389,1000,1000,1000,NK cells_RG7112
split3,NK cells,LY2090314,0.0709219858156028,0.897196261682243,0.05,0.122,0.854,0.775196261682243,0.043196261682243,0.732,1,6.71859347820282,214,1000,1000,1000,NK cells_LY2090314
split3,NK cells,CGM097,0.0709219858156028,0.8284023668639053,0.05,0.0,0.927,0.8284023668639053,0.09859763313609471,0.7298047337278106,1,5.492455911636352,169,1000,1000,1000,NK cells_CGM097
split3,NK cells,Dovitinib,0.0709219858156028,0.5826086956521739,0.05,0.013,0.585,0.5696086956521739,0.0023913043478260843,0.5672173913043478,1,5.792836761474608,345,1000,1000,1000,NK cells_Dovitinib
split3,T cells CD8+,PF03814735,0.0709219858156028,0.6896551724137931,0.05,0.001,0.564,0.6886551724137931,0.1256551724137932,0.563,1,6.782457613945005,87,1000,1000,1000,T cells CD8+_PF03814735
split3,T cells CD8+,TPCA1,0.0709219858156028,0.5596330275229358,0.05,0.004,0.558,0.5556330275229358,0.0016330275229357039,0.554,1,7.773295259475705,109,1000,1000,1000,T cells CD8+_TPCA1
split3,NK cells,PF04691502,0.0709219858156028,0.5727272727272728,0.05,0.0,0.598,0.5727272727272728,0.025272727272727225,0.5474545454545455,1,7.725755977630613,220,1000,1000,1000,NK cells_PF04691502
split,T regulatory cells,CGM097,0.0709219858156028,0.6410256410256411,0.05,0.02,0.566,0.6210256410256411,0.07502564102564113,0.5459999999999999,1,7.885453557968133,39,1000,1000,1000,T regulatory cells_CGM097
split3,NK cells,GLPG0634,0.0709219858156028,0.5372670807453416,0.05,0.0,0.565,0.5372670807453416,0.027732919254658372,0.5095341614906832,1,7.702661824226375,322,1000,1000,1000,NK cells_GLPG0634
split3,NK cells,BMS265246,0.0709219858156028,0.5255813953488372,0.05,0.006,0.536,0.5195813953488372,0.010418604651162844,0.5091627906976743,1,6.959664511680599,430,1000,1000,1000,NK cells_BMS265246
split3,NK cells,IN1451,0.0709219858156028,1.0,0.05,0.449,0.956,0.5509999999999999,0.04400000000000004,0.5069999999999999,1,7.10564446449279,10,1000,1000,1000,NK cells_IN1451
split3,NK cells,AT7867,0.0709219858156028,0.5477386934673367,0.05,0.0,0.503,0.5477386934673367,0.04473869346733672,0.503,1,6.848482203483578,398,1000,1000,1000,NK cells_AT7867
split3,NK cells,MubritinibTAK165,0.0709219858156028,0.5670103092783505,0.05,0.001,0.502,0.5660103092783505,0.0650103092783505,0.501,1,7.6403892755508425,291,1000,1000,1000,NK cells_MubritinibTAK165
split2,T cells CD4+,LY2090314,0.0709219858156028,0.9969325153374233,0.05,0.47,0.966,0.5269325153374234,0.03093251533742336,0.496,1,4.754200506210325,978,1000,1000,1000,T cells CD4+_LY2090314
split3,T cells CD8+,PRT062607,0.0709219858156028,0.6,0.05,0.074,0.568,0.526,0.03200000000000003,0.494,1,7.795442533493042,120,1000,1000,1000,T cells CD8+_PRT062607
split2,B cells,Crizotinib,0.0709219858156028,0.5767441860465117,0.05,0.0,0.483,0.5767441860465117,0.09374418604651169,0.483,1,9.752965974807726,215,1000,1000,1000,B cells_Crizotinib
split,T regulatory cells,PitavastatinCalcium,0.0709219858156028,0.8333333333333334,0.05,0.0,0.481,0.8333333333333334,0.3523333333333334,0.481,1,6.371911787986755,30,1000,1000,1000,T regulatory cells_PitavastatinCalcium
split2,T cells CD4+,Dovitinib,0.0709219858156028,0.5537459283387622,0.05,0.018,0.497,0.5357459283387622,0.05674592833876224,0.479,1,5.904718041419981,614,1000,1000,1000,T cells CD4+_Dovitinib
split3,NK cells,TPCA1,0.0709219858156028,0.6749116607773852,0.05,0.051,0.823,0.6239116607773851,0.14808833922261477,0.47582332155477036,1,6.675120925903314,283,1000,1000,1000,NK cells_TPCA1
split2,T cells CD4+,BMS265246,0.0709219858156028,0.5519553072625698,0.05,0.024,0.496,0.5279553072625698,0.05595530726256981,0.472,1,8.020809030532835,895,1000,1000,1000,T cells CD4+_BMS265246
split3,NK cells,BX912,0.0709219858156028,0.4777777777777778,0.05,0.0,0.486,0.4777777777777778,0.008222222222222186,0.4695555555555556,1,7.609959793090817,270,1000,1000,1000,NK cells_BX912
split3,NK cells,PF03814735,0.0709219858156028,0.5121212121212121,0.05,0.0,0.458,0.5121212121212121,0.05412121212121207,0.458,1,6.821655821800231,330,1000,1000,1000,NK cells_PF03814735
split3,NK cells,R428,0.0709219858156028,0.6171875,0.05,0.0,0.451,0.6171875,0.1661875,0.451,1,5.854313325881955,256,1000,1000,1000,NK cells_R428
split,T regulatory cells,RG7112,0.0709219858156028,0.8103448275862069,0.05,0.236,0.686,0.5743448275862069,0.1243448275862068,0.45000000000000007,1,5.342203569412231,58,1000,1000,1000,T regulatory cells_RG7112
split3,T cells CD8+,BMS536924,0.0709219858156028,0.7735849056603774,0.05,0.0,0.448,0.7735849056603774,0.3255849056603774,0.448,1,7.485006356239318,53,1000,1000,1000,T cells CD8+_BMS536924
split3,NK cells,BMS387032,0.0709219858156028,0.6564102564102564,0.05,0.18,0.617,0.4764102564102564,0.03941025641025642,0.437,1,9.411520862579343,195,1000,1000,1000,NK cells_BMS387032
split3,T cells CD8+,BMS265246,0.0709219858156028,0.7662337662337663,0.05,0.0,0.435,0.7662337662337663,0.33123376623376627,0.435,1,7.620608448982236,77,1000,1000,1000,T cells CD8+_BMS265246
split3,NK cells,Tacalcitol,0.0709219858156028,0.44654088050314467,0.05,0.0,0.459,0.44654088050314467,0.012459119496855353,0.4340817610062893,1,7.403452968597408,318,1000,1000,1000,NK cells_Tacalcitol
split3,T cells CD8+,Bosutinib,0.0709219858156028,0.648936170212766,0.05,0.0,0.434,0.648936170212766,0.21493617021276595,0.434,1,7.398967456817623,94,1000,1000,1000,T cells CD8+_Bosutinib
split2,B cells,Foretinib,0.0709219858156028,0.6963562753036437,0.05,0.0,0.43,0.6963562753036437,0.26635627530364375,0.43,1,8.370783853530884,247,1000,1000,1000,B cells_Foretinib
split3,T cells CD8+,GLPG0634,0.0709219858156028,0.6559139784946236,0.05,0.138,0.562,0.5179139784946236,0.09391397849462357,0.42400000000000004,1,7.583210754394529,93,1000,1000,1000,T cells CD8+_GLPG0634
split3,NK cells,PD0325901,0.0709219858156028,0.6385135135135135,0.05,0.122,0.738,0.5165135135135135,0.0994864864864865,0.417027027027027,1,6.0294943809509265,296,1000,1000,1000,NK cells_PD0325901
split3,T cells CD8+,AT13387,0.0709219858156028,1.0,0.05,0.0,0.409,1.0,0.591,0.40900000000000003,1,5.680588889122007,13,1000,1000,1000,T cells CD8+_AT13387
split3,T cells CD8+,GanetespibSTA9090,0.0709219858156028,1.0,0.05,0.0,0.382,1.0,0.618,0.382,1,9.120565700531005,12,1000,1000,1000,T cells CD8+_GanetespibSTA9090
split2,T cells CD4+,GW843682X,0.0709219858156028,0.35195530726256985,0.05,0.001,0.351,0.35095530726256985,0.0009553072625698711,0.35,1,6.913480639457703,716,1000,1000,1000,T cells CD4+_GW843682X
split3,NK cells,IKKInhibitorVII,0.0709219858156028,0.4874551971326165,0.05,0.0,0.626,0.4874551971326165,0.13854480286738352,0.34891039426523296,1,7.700873136520386,279,1000,1000,1000,NK cells_IKKInhibitorVII
split3,NK cells,Crizotinib,0.0709219858156028,0.40327868852459015,0.05,0.0,0.465,0.40327868852459015,0.06172131147540988,0.34155737704918027,1,7.716269993782043,305,1000,1000,1000,NK cells_Crizotinib
split3,NK cells,Idelalisib,0.0709219858156028,0.3806228373702422,0.05,0.0,0.424,0.3806228373702422,0.04337716262975777,0.33724567474048445,1,7.226583790779114,289,1000,1000,1000,NK cells_Idelalisib
split3,T cells CD8+,Tamatinib,0.0709219858156028,0.7678571428571429,0.05,0.046,0.382,0.7218571428571429,0.3858571428571429,0.33599999999999997,1,7.3193802118301345,56,1000,1000,1000,T cells CD8+_Tamatinib
split3,T cells CD8+,AZ628,0.0709219858156028,0.4051724137931034,0.05,0.0,0.33,0.4051724137931034,0.07517241379310341,0.33,1,8.764071846008298,116,1000,1000,1000,T cells CD8+_AZ628
split3,NK cells,Foretinib,0.0709219858156028,0.46503496503496505,0.05,0.0,0.603,0.46503496503496505,0.13796503496503493,0.3270699300699301,1,6.68733992576599,286,1000,1000,1000,NK cells_Foretinib
split3,T cells CD8+,Midostaurin,0.0709219858156028,0.41904761904761906,0.05,0.0,0.323,0.41904761904761906,0.09604761904761905,0.323,1,8.606688594818111,105,1000,1000,1000,T cells CD8+_Midostaurin
split,T regulatory cells,HMN214,0.0709219858156028,0.4262295081967213,0.05,0.002,0.325,0.4242295081967213,0.10122950819672127,0.323,1,8.670186758041378,61,1000,1000,1000,T regulatory cells_HMN214
split3,T cells CD8+,Crizotinib,0.0709219858156028,0.5057471264367817,0.05,0.0,0.322,0.5057471264367817,0.18374712643678165,0.322,1,7.9401871204376215,87,1000,1000,1000,T cells CD8+_Crizotinib
split2,T cells CD4+,Scriptaid,0.0709219858156028,0.48164627363737483,0.05,0.076,0.567,0.4056462736373748,0.08535372636262512,0.3202925472747497,1,10.437725973129272,899,1000,1000,1000,T cells CD4+_Scriptaid
split2,T cells CD4+,GSK256066,0.0709219858156028,0.4180327868852459,0.05,0.0,0.516,0.4180327868852459,0.09796721311475409,0.32006557377049183,1,7.143160843849182,610,1000,1000,1000,T cells CD4+_GSK256066
split2,T cells CD4+,R428,0.0709219858156028,0.46321070234113715,0.05,0.017,0.335,0.44621070234113713,0.12821070234113713,0.318,1,6.7990968704223596,598,1000,1000,1000,T cells CD4+_R428
split2,T cells CD4+,PD0325901,0.0709219858156028,0.6575716234652115,0.05,0.097,0.903,0.5605716234652115,0.24542837653478855,0.31514324693042295,1,6.314294099807737,733,1000,1000,1000,T cells CD4+_PD0325901
split3,NK cells,FK866,0.0709219858156028,0.3423076923076923,0.05,0.0,0.314,0.3423076923076923,0.02830769230769231,0.314,1,15.076275253295893,260,1000,1000,1000,NK cells_FK866
split2,T cells CD4+,Sunitinib,0.0709219858156028,0.32092198581560283,0.05,0.0,0.306,0.32092198581560283,0.014921985815602834,0.306,1,7.19359431266784,564,1000,1000,1000,T cells CD4+_Sunitinib
split,Myeloid cells,Idelalisib,0.0709219858156028,0.49230769230769234,0.05,0.0,0.301,0.49230769230769234,0.19130769230769235,0.301,1,9.139928531646728,130,1000,1000,1000,Myeloid cells_Idelalisib
split3,T cells CD8+,Perhexiline,0.0709219858156028,0.9302325581395349,0.05,0.0,0.3,0.9302325581395349,0.6302325581395349,0.29999999999999993,1,6.455299830436706,43,1000,1000,1000,T cells CD8+_Perhexiline
split2,B cells,Palbociclib,0.0709219858156028,0.4098360655737705,0.05,0.0,0.299,0.4098360655737705,0.11083606557377051,0.299,1,8.253845643997177,244,1000,1000,1000,B cells_Palbociclib
split,T regulatory cells,Ixabepilone,0.0709219858156028,0.6666666666666666,0.05,0.051,0.348,0.6156666666666666,0.31866666666666665,0.29699999999999993,1,6.585692572593689,63,1000,1000,1000,T regulatory cells_Ixabepilone
split2,T cells CD4+,Crizotinib,0.0709219858156028,0.4367588932806324,0.05,0.054,0.524,0.3827588932806324,0.08724110671936763,0.29551778656126476,1,8.324004125595092,506,1000,1000,1000,T cells CD4+_Crizotinib
split2,T cells CD4+,AT7867,0.0709219858156028,0.42415316642120765,0.05,0.038,0.518,0.38615316642120767,0.09384683357879237,0.2923063328424153,1,7.8741006135940514,679,1000,1000,1000,T cells CD4+_AT7867
split3,NK cells,AZ628,0.0709219858156028,0.3580645161290323,0.05,0.0,0.425,0.3580645161290323,0.0669354838709677,0.2911290322580646,1,7.97837255001068,310,1000,1000,1000,NK cells_AZ628
split3,T cells CD8+,AT7867,0.0709219858156028,0.5688073394495413,0.05,0.0,0.289,0.5688073394495413,0.27980733944954134,0.289,1,7.4828291654586785,109,1000,1000,1000,T cells CD8+_AT7867
split,Myeloid cells,Foretinib,0.0709219858156028,0.6853932584269663,0.05,0.0,0.285,0.6853932584269663,0.4003932584269663,0.285,1,10.286386251449585,89,1000,1000,1000,Myeloid cells_Foretinib
split3,NK cells,Ixabepilone,0.0709219858156028,0.5361930294906166,0.05,0.001,0.286,0.5351930294906166,0.25019302949061667,0.285,1,6.617348814010618,373,1000,1000,1000,NK cells_Ixabepilone
split2,T cells CD4+,Resminostat,0.0709219858156028,0.5155412647374062,0.05,0.05,0.697,0.46554126473740626,0.1814587352625937,0.28408252947481255,1,9.851122856140137,933,1000,1000,1000,T cells CD4+_Resminostat
split2,B cells,Idelalisib,0.0709219858156028,0.5958333333333333,0.05,0.0,0.279,0.5958333333333333,0.3168333333333333,0.279,1,8.941512537002563,240,1000,1000,1000,B cells_Idelalisib
split3,NK cells,Sunitinib,0.0709219858156028,0.30357142857142855,0.05,0.0,0.33,0.30357142857142855,0.026428571428571468,0.2771428571428571,1,7.1664279937744135,336,1000,1000,1000,NK cells_Sunitinib
split2,T cells CD4+,UNIIBXU45ZH6LI,0.0709219858156028,0.8793774319066148,0.05,0.02,0.297,0.8593774319066148,0.5823774319066148,0.2769999999999999,1,7.034316515922543,257,1000,1000,1000,T cells CD4+_UNIIBXU45ZH6LI
split2,T cells CD4+,TR14035,0.0709219858156028,0.2842465753424658,0.05,0.0,0.276,0.2842465753424658,0.008246575342465756,0.276,1,7.092539501190181,584,1000,1000,1000,T cells CD4+_TR14035
split2,T cells CD4+,Idelalisib,0.0709219858156028,0.4759887005649718,0.05,0.114,0.388,0.3619887005649718,0.08798870056497177,0.274,1,7.098643159866332,708,1000,1000,1000,T cells CD4+_Idelalisib
split3,T cells CD8+,RG7112,0.0709219858156028,0.7755102040816326,0.05,0.0,0.274,0.7755102040816326,0.5015102040816326,0.274,1,6.66426212787628,98,1000,1000,1000,T cells CD8+_RG7112
split2,T cells CD4+,Clotrimazole,0.0709219858156028,0.2916030534351145,0.05,0.02,0.288,0.2716030534351145,0.0036030534351145227,0.26799999999999996,1,6.870007133483883,655,1000,1000,1000,T cells CD4+_Clotrimazole
split,Myeloid cells,Crizotinib,0.0709219858156028,0.42735042735042733,0.05,0.0,0.266,0.42735042735042733,0.16135042735042732,0.266,1,13.943136215209961,117,1000,1000,1000,Myeloid cells_Crizotinib
split3,T cells CD8+,Nilotinib,0.0709219858156028,0.5595238095238095,0.05,0.0,0.265,0.5595238095238095,0.2945238095238095,0.265,1,7.167204284667961,84,1000,1000,1000,T cells CD8+_Nilotinib
split3,NK cells,Selumetinib,0.0709219858156028,0.3710691823899371,0.05,0.068,0.33,0.3030691823899371,0.041069182389937064,0.262,1,9.197109079360962,318,1000,1000,1000,NK cells_Selumetinib
split2,T cells CD4+,Ruxolitinib,0.0709219858156028,0.5773524720893142,0.05,0.971,0.714,0.3936475279106858,0.1366475279106858,0.257,1,8.166982412338257,627,1000,1000,1000,T cells CD4+_Ruxolitinib
split3,T cells CD8+,IKKInhibitorVII,0.0709219858156028,0.75,0.05,0.0,0.244,0.75,0.506,0.244,1,7.010516691207886,56,1000,1000,1000,T cells CD8+_IKKInhibitorVII
split2,B cells,CHIR99021,0.0709219858156028,0.4166666666666667,0.05,0.012,0.255,0.4046666666666667,0.16166666666666668,0.243,1,9.562510776519774,288,1000,1000,1000,B cells_CHIR99021
split2,T cells CD4+,Canertinib,0.0709219858156028,0.579520697167756,0.05,0.167,0.41,0.41252069716775597,0.16952069716775603,0.24299999999999994,1,6.200443053245544,918,1000,1000,1000,T cells CD4+_Canertinib
split3,T cells CD8+,BAY613606,0.0709219858156028,0.8888888888888888,0.05,0.0,0.241,0.8888888888888888,0.6478888888888888,0.241,1,9.345166635513303,27,1000,1000,1000,T cells CD8+_BAY613606
split2,T cells CD4+,Foretinib,0.0709219858156028,0.4498525073746313,0.05,0.046,0.614,0.4038525073746313,0.1641474926253687,0.2397050147492626,1,7.427459144592285,678,1000,1000,1000,T cells CD4+_Foretinib
split3,NK cells,Saracatinib,0.0709219858156028,0.4015748031496063,0.05,0.0,0.565,0.4015748031496063,0.16342519685039364,0.23814960629921267,1,7.080332803726195,381,1000,1000,1000,NK cells_Saracatinib
split2,T cells CD4+,BX912,0.0709219858156028,0.5264270613107822,0.05,0.942,0.706,0.41557293868921774,0.17957293868921775,0.236,1,7.555937075614923,473,1000,1000,1000,T cells CD4+_BX912
split3,T cells CD8+,R428,0.0709219858156028,0.46226415094339623,0.05,0.0,0.232,0.46226415094339623,0.23026415094339622,0.232,1,7.737655901908874,106,1000,1000,1000,T cells CD8+_R428
split2,T cells CD4+,GO6976,0.0709219858156028,0.5057851239669422,0.05,0.245,0.538,0.2607851239669422,0.03221487603305784,0.22857024793388436,1,18.36902961730956,605,1000,1000,1000,T cells CD4+_GO6976
split2,T cells CD4+,Chlorpheniramine,0.0709219858156028,0.31690140845070425,0.05,0.0,0.227,0.31690140845070425,0.08990140845070424,0.227,1,7.505374193191527,710,1000,1000,1000,T cells CD4+_Chlorpheniramine
split3,NK cells,GSK256066,0.0709219858156028,0.6626506024096386,0.05,0.0,0.226,0.6626506024096386,0.4366506024096386,0.22599999999999998,1,6.459905958175657,332,1000,1000,1000,NK cells_GSK256066
split2,T cells CD4+,AMD070hydrochloride,0.0709219858156028,0.32922535211267606,0.05,0.0,0.225,0.32922535211267606,0.10422535211267606,0.225,1,7.0629102706909155,568,1000,1000,1000,T cells CD4+_AMD070hydrochloride
split3,T cells CD8+,FK866,0.0709219858156028,0.5161290322580645,0.05,0.063,0.286,0.4531290322580645,0.23012903225806453,0.22299999999999998,1,11.857248163223254,62,1000,1000,1000,T cells CD8+_FK866
split,T regulatory cells,MK5108,0.0709219858156028,0.34782608695652173,0.05,0.004,0.226,0.3438260869565217,0.12182608695652172,0.222,1,9.621093511581417,69,1000,1000,1000,T regulatory cells_MK5108
split2,T cells CD4+,Ricolinostat,0.0709219858156028,0.2223926380368098,0.05,0.0,0.221,0.2223926380368098,0.0013926380368098068,0.221,1,6.794277715682981,652,1000,1000,1000,T cells CD4+_Ricolinostat
split3,NK cells,Raloxifene,0.0709219858156028,0.24596774193548387,0.05,0.0,0.217,0.24596774193548387,0.028967741935483876,0.217,1,9.159250450134277,248,1000,1000,1000,NK cells_Raloxifene
split3,NK cells,TGX221,0.0709219858156028,0.33827893175074186,0.05,0.0,0.217,0.33827893175074186,0.12127893175074186,0.217,1,8.39077067375183,337,1000,1000,1000,NK cells_TGX221
split,T regulatory cells,Desloratadine,0.0709219858156028,0.4642857142857143,0.05,0.0,0.217,0.4642857142857143,0.2472857142857143,0.217,1,10.525250816345215,56,1000,1000,1000,T regulatory cells_Desloratadine
split3,NK cells,BMS536924,0.0709219858156028,0.4577922077922078,0.05,0.0,0.699,0.4577922077922078,0.24120779220779215,0.21658441558441566,1,7.906367802619933,308,1000,1000,1000,NK cells_BMS536924
split2,T cells CD4+,K02288,0.0709219858156028,0.2635228848821082,0.05,0.0,0.311,0.2635228848821082,0.04747711511789182,0.21604576976421636,1,6.761832642555236,721,1000,1000,1000,T cells CD4+_K02288
split3,T cells CD8+,BX912,0.0709219858156028,0.4431818181818182,0.05,0.0,0.215,0.4431818181818182,0.22818181818181818,0.215,1,8.181004047393799,88,1000,1000,1000,T cells CD8+_BX912
split2,T cells CD4+,Desloratadine,0.0709219858156028,0.2898550724637681,0.05,0.0,0.366,0.2898550724637681,0.07614492753623187,0.21371014492753626,1,7.2655425310134865,621,1000,1000,1000,T cells CD4+_Desloratadine
split2,T cells CD4+,Palbociclib,0.0709219858156028,0.27287319422150885,0.05,0.0,0.333,0.27287319422150885,0.060126805778491166,0.2127463884430177,1,7.345143723487852,623,1000,1000,1000,T cells CD4+_Palbociclib
split2,T cells CD4+,Vardenafil,0.0709219858156028,0.27823240589198034,0.05,0.0,0.21,0.27823240589198034,0.06823240589198035,0.21,1,6.897922253608703,611,1000,1000,1000,T cells CD4+_Vardenafil
split2,T cells CD4+,Tosedostat,0.0709219858156028,0.3520408163265306,0.05,0.022,0.23,0.3300408163265306,0.1220408163265306,0.208,1,6.930110025405884,588,1000,1000,1000,T cells CD4+_Tosedostat
split2,T cells CD4+,CEP37440,0.0709219858156028,0.3221024258760108,0.05,0.0,0.206,0.3221024258760108,0.1161024258760108,0.206,1,7.436882114410398,742,1000,1000,1000,T cells CD4+_CEP37440
split3,NK cells,Canertinib,0.0709219858156028,0.549636803874092,0.05,0.161,0.366,0.38863680387409194,0.18363680387409198,0.20499999999999996,1,6.5715047836303695,413,1000,1000,1000,NK cells_Canertinib
split,T regulatory cells,RVX208,0.0709219858156028,0.6888888888888889,0.05,0.072,0.276,0.6168888888888889,0.41288888888888886,0.20400000000000007,1,7.501590824127197,45,1000,1000,1000,T regulatory cells_RVX208
split3,NK cells,PRT062607,0.0709219858156028,0.4110032362459547,0.05,0.001,0.618,0.4100032362459547,0.2069967637540453,0.2030064724919094,1,7.652530288696286,309,1000,1000,1000,NK cells_PRT062607
split3,NK cells,CC401,0.0709219858156028,0.3588235294117647,0.05,0.04,0.242,0.31882352941176473,0.11682352941176471,0.202,1,8.866110610961913,340,1000,1000,1000,NK cells_CC401
split2,T cells CD4+,SLx2119,0.0709219858156028,0.27835051546391754,0.05,0.06,0.26,0.21835051546391754,0.018350515463917527,0.2,1,7.775275158882141,582,1000,1000,1000,T cells CD4+_SLx2119
split2,T cells CD4+,BMS536924,0.0709219858156028,0.6699029126213593,0.05,0.961,0.762,0.2910970873786407,0.09209708737864075,0.19899999999999995,1,8.363956594467162,618,1000,1000,1000,T cells CD4+_BMS536924
split3,NK cells,Trametinib,0.0709219858156028,0.28431372549019607,0.05,0.0,0.198,0.28431372549019607,0.08631372549019606,0.198,1,8.526995897293089,306,1000,1000,1000,NK cells_Trametinib
split2,T cells CD4+,TPCA1,0.0709219858156028,0.6579378068739771,0.05,0.968,0.771,0.3100621931260229,0.11306219312602295,0.19699999999999995,1,8.59130182266235,611,1000,1000,1000,T cells CD4+_TPCA1
split,T regulatory cells,Tivantinib,0.0709219858156028,0.6511627906976745,0.05,0.001,0.196,0.6501627906976745,0.45516279069767446,0.195,1,8.34367823600769,43,1000,1000,1000,T regulatory cells_Tivantinib
split3,T cells CD8+,HMN214,0.0709219858156028,0.4868421052631579,0.05,0.14,0.329,0.3468421052631579,0.1578421052631579,0.189,1,9.931998777389522,76,1000,1000,1000,T cells CD8+_HMN214
split3,T cells CD8+,BMS387032,0.0709219858156028,1.0,0.05,0.019,0.207,0.981,0.793,0.18799999999999994,1,7.764057230949401,10,1000,1000,1000,T cells CD8+_BMS387032
split3,NK cells,Colchicine,0.0709219858156028,0.3298245614035088,0.05,0.0,0.187,0.3298245614035088,0.1428245614035088,0.187,1,8.70565161705017,285,1000,1000,1000,NK cells_Colchicine
split,T regulatory cells,AMD070hydrochloride,0.0709219858156028,0.525,0.05,0.024,0.21,0.501,0.31500000000000006,0.18599999999999994,1,10.753539419174189,40,1000,1000,1000,T regulatory cells_AMD070hydrochloride
split2,T cells CD4+,Clemastine,0.0709219858156028,0.28175895765472314,0.05,0.02,0.358,0.2617589576547231,0.07624104234527684,0.18551791530944628,1,7.349083518981932,614,1000,1000,1000,T cells CD4+_Clemastine
split2,T cells CD4+,Alvocidib,0.0709219858156028,1.0,0.05,0.095,0.28,0.905,0.72,0.18500000000000005,1,4.719828295707701,8,1000,1000,1000,T cells CD4+_Alvocidib
split3,NK cells,Midostaurin,0.0709219858156028,0.42857142857142855,0.05,0.0,0.184,0.42857142857142855,0.24457142857142855,0.184,1,8.076646327972409,252,1000,1000,1000,NK cells_Midostaurin
split3,NK cells,SLx2119,0.0709219858156028,0.3562874251497006,0.05,0.01,0.19,0.34628742514970057,0.16628742514970057,0.18,1,7.322937273979186,334,1000,1000,1000,NK cells_SLx2119
split,T regulatory cells,Phenylbutazone,0.0709219858156028,0.27941176470588236,0.05,0.052,0.231,0.22741176470588237,0.04841176470588235,0.17900000000000002,1,10.364641666412354,68,1000,1000,1000,T regulatory cells_Phenylbutazone
split2,T cells CD4+,IKKInhibitorVII,0.0709219858156028,0.6060037523452158,0.05,0.969,0.79,0.3629962476547842,0.18399624765478428,0.17899999999999994,1,8.23711142539978,533,1000,1000,1000,T cells CD4+_IKKInhibitorVII
split3,NK cells,BAY872243,0.0709219858156028,0.6021798365122616,0.05,0.981,0.802,0.3788201634877384,0.19982016348773846,0.17899999999999994,1,6.778608345985411,367,1000,1000,1000,NK cells_BAY872243
split3,NK cells,AVL292,0.0709219858156028,0.37948717948717947,0.05,0.0,0.581,0.37948717948717947,0.2015128205128205,0.17797435897435898,1,7.115270662307739,390,1000,1000,1000,NK cells_AVL292
split3,T cells CD8+,Tacalcitol,0.0709219858156028,0.5,0.05,0.0,0.177,0.5,0.323,0.177,1,9.060407114028925,92,1000,1000,1000,T cells CD8+_Tacalcitol
split2,T cells CD4+,MK5108,0.0709219858156028,0.25,0.05,0.001,0.178,0.249,0.07200000000000001,0.177,1,7.13428196907043,716,1000,1000,1000,T cells CD4+_MK5108
split2,T cells CD4+,Vanoxerine,0.0709219858156028,0.3194192377495463,0.05,0.019,0.443,0.30041923774954626,0.12358076225045372,0.17683847549909254,1,7.659477996826172,551,1000,1000,1000,T cells CD4+_Vanoxerine
split,T regulatory cells,GSK1070916,0.0709219858156028,0.5454545454545454,0.05,0.001,0.177,0.5444545454545454,0.3684545454545454,0.176,1,8.902432298660278,55,1000,1000,1000,T regulatory cells_GSK1070916
split2,T cells CD4+,Dasatinib,0.0709219858156028,0.759469696969697,0.05,0.962,0.786,0.20253030303030295,0.026530303030303015,0.17599999999999993,1,7.447580981254576,528,1000,1000,1000,T cells CD4+_Dasatinib
split2,T cells CD4+,FK866,0.0709219858156028,0.33646616541353386,0.05,0.144,0.354,0.19246616541353387,0.017533834586466124,0.17493233082706774,1,10.949198341369627,532,1000,1000,1000,T cells CD4+_FK866
split2,T cells CD4+,PRT062607,0.0709219858156028,0.6091370558375635,0.05,0.922,0.749,0.31286294416243654,0.1398629441624365,0.17300000000000004,1,7.976840329170225,591,1000,1000,1000,T cells CD4+_PRT062607
split2,T cells CD4+,TIE2KinaseInhibitor,0.0709219858156028,0.22769640479360853,0.05,0.0,0.173,0.22769640479360853,0.054696404793608544,0.173,1,7.344773435592651,751,1000,1000,1000,T cells CD4+_TIE2KinaseInhibitor
split2,T cells CD4+,Protriptyline,0.0709219858156028,0.17474302496328928,0.05,0.001,0.168,0.17374302496328928,0.006743024963289268,0.167,1,8.038389730453483,681,1000,1000,1000,T cells CD4+_Protriptyline
split3,T cells CD8+,Pomalidomide,0.0709219858156028,0.8813559322033898,0.05,0.0,0.165,0.8813559322033898,0.7163559322033898,0.16500000000000004,1,6.151134324073792,59,1000,1000,1000,T cells CD8+_Pomalidomide
split2,T cells CD4+,Disulfiram,0.0709219858156028,0.30036630036630035,0.05,0.0,0.165,0.30036630036630035,0.13536630036630035,0.165,1,6.709651112556456,546,1000,1000,1000,T cells CD4+_Disulfiram
split,T regulatory cells,Vanoxerine,0.0709219858156028,0.5434782608695652,0.05,0.038,0.203,0.5054782608695652,0.3404782608695652,0.16499999999999998,1,8.098126363754272,46,1000,1000,1000,T regulatory cells_Vanoxerine
split3,T cells CD8+,59Isopropyl8methyl2morpholino9Hpurin6ylpyrimidin2amine,0.0709219858156028,0.71875,0.05,0.229,0.393,0.48975,0.32575,0.16400000000000003,1,8.019137668609618,64,1000,1000,1000,T cells CD8+_59Isopropyl8methyl2morpholino9Hpurin6ylpyrimidin2amine
split,T regulatory cells,Methotrexate,0.0709219858156028,0.5068493150684932,0.05,0.0,0.162,0.5068493150684932,0.34484931506849315,0.16200000000000003,1,6.840139126777649,73,1000,1000,1000,T regulatory cells_Methotrexate
split2,T cells CD4+,Bosutinib,0.0709219858156028,0.7845849802371542,0.05,0.976,0.754,0.1914150197628458,0.03058498023715417,0.16083003952569164,1,6.95669765472412,506,1000,1000,1000,T cells CD4+_Bosutinib
split,T regulatory cells,Ketoconazole,0.0709219858156028,0.45714285714285713,0.05,0.019,0.735,0.4381428571428571,0.27785714285714286,0.16028571428571425,1,11.99418749809265,35,1000,1000,1000,T regulatory cells_Ketoconazole
split2,T cells CD4+,Colchicine,0.0709219858156028,0.4400977995110024,0.05,0.021,0.18,0.4190977995110024,0.2600977995110024,0.15899999999999997,1,9.281750869750976,409,1000,1000,1000,T cells CD4+_Colchicine
split,T regulatory cells,Clomipramine,0.0709219858156028,0.3492063492063492,0.05,0.005,0.163,0.3442063492063492,0.18620634920634918,0.158,1,11.647580480575558,63,1000,1000,1000,T regulatory cells_Clomipramine
split2,T cells CD4+,GSK1070916,0.0709219858156028,0.27350427350427353,0.05,0.0,0.39,0.27350427350427353,0.11649572649572648,0.15700854700854705,1,7.6659091711044285,585,1000,1000,1000,T cells CD4+_GSK1070916
split3,NK cells,AZD8330,0.0709219858156028,0.3641791044776119,0.05,0.0,0.157,0.3641791044776119,0.20717910447761193,0.157,1,9.086606502532955,335,1000,1000,1000,NK cells_AZD8330
split3,NK cells,Vardenafil,0.0709219858156028,0.36163522012578614,0.05,0.0,0.155,0.36163522012578614,0.20663522012578614,0.155,1,6.858335018157958,318,1000,1000,1000,NK cells_Vardenafil
split2,T cells CD4+,BMS777607,0.0709219858156028,0.3022598870056497,0.05,0.0,0.45,0.3022598870056497,0.1477401129943503,0.1545197740112994,1,7.760005617141722,708,1000,1000,1000,T cells CD4+_BMS777607
split2,T cells CD4+,Tamatinib,0.0709219858156028,0.676602086438152,0.05,0.999,0.845,0.322397913561848,0.16839791356184797,0.15400000000000003,1,8.035835170745848,671,1000,1000,1000,T cells CD4+_Tamatinib
split3,NK cells,BMS777607,0.0709219858156028,0.30029154518950435,0.05,0.0,0.152,0.30029154518950435,0.14829154518950435,0.152,1,6.4389840841293315,343,1000,1000,1000,NK cells_BMS777607
split,T regulatory cells,K02288,0.0709219858156028,0.5,0.05,0.045,0.196,0.455,0.304,0.15100000000000002,1,8.621548652648926,42,1000,1000,1000,T regulatory cells_K02288
split,T regulatory cells,Selumetinib,0.0709219858156028,0.5416666666666666,0.05,0.184,0.334,0.35766666666666663,0.2076666666666666,0.15000000000000002,1,9.383992767333982,48,1000,1000,1000,T regulatory cells_Selumetinib
split2,T cells CD4+,Tivantinib,0.0709219858156028,0.24920127795527156,0.05,0.0,0.149,0.24920127795527156,0.10020127795527156,0.149,1,6.731014800071716,626,1000,1000,1000,T cells CD4+_Tivantinib
split2,T cells CD4+,ODemethylatedAdapalene,0.0709219858156028,0.4056761268781302,0.05,0.0,0.148,0.4056761268781302,0.25767612687813024,0.14799999999999996,1,7.049671149253842,599,1000,1000,1000,T cells CD4+_ODemethylatedAdapalene
split,T regulatory cells,TPCA1,0.0709219858156028,1.0,0.05,0.556,0.703,0.44399999999999995,0.29700000000000004,0.1469999999999999,1,9.755073165893554,16,1000,1000,1000,T regulatory cells_TPCA1
split,Myeloid cells,Palbociclib,0.0709219858156028,0.2542372881355932,0.05,0.0,0.146,0.2542372881355932,0.10823728813559322,0.146,1,14.08447041511535,236,1000,1000,1000,Myeloid cells_Palbociclib
split3,NK cells,Nilotinib,0.0709219858156028,0.37282229965156793,0.05,0.0,0.601,0.37282229965156793,0.22817770034843204,0.1446445993031359,1,7.792710781097412,287,1000,1000,1000,NK cells_Nilotinib
split3,NK cells,Vorinostat,0.0709219858156028,0.5617977528089888,0.05,0.0,0.144,0.5617977528089888,0.4177977528089888,0.14400000000000002,1,11.747511053085324,178,1000,1000,1000,NK cells_Vorinostat
split3,T cells CD8+,Tosedostat,0.0709219858156028,0.6612903225806451,0.05,0.0,0.142,0.6612903225806451,0.5192903225806451,0.14200000000000002,1,7.399040842056274,62,1000,1000,1000,T cells CD8+_Tosedostat
split,T regulatory cells,BMS777607,0.0709219858156028,0.46808510638297873,0.05,0.08,0.222,0.3880851063829787,0.24608510638297873,0.142,1,10.073794746398926,47,1000,1000,1000,T regulatory cells_BMS777607
split,T regulatory cells,Palbociclib,0.0709219858156028,0.5102040816326531,0.05,0.036,0.177,0.4742040816326531,0.3332040816326531,0.14100000000000001,1,8.820812273025512,49,1000,1000,1000,T regulatory cells_Palbociclib
split2,T cells CD4+,CC401,0.0709219858156028,0.43322475570032576,0.05,0.15,0.576,0.2832247557003258,0.1427752442996742,0.1404495114006516,1,7.133035683631892,614,1000,1000,1000,T cells CD4+_CC401
split3,NK cells,Tamatinib,0.0709219858156028,0.5419161676646707,0.05,0.14,0.804,0.40191616766467064,0.2620838323353294,0.13983233532934125,1,7.494532513618465,334,1000,1000,1000,NK cells_Tamatinib
split2,T cells CD4+,PF03814735,0.0709219858156028,0.680628272251309,0.05,0.907,0.594,0.22637172774869108,0.08662827225130898,0.1397434554973821,1,7.997419548034665,573,1000,1000,1000,T cells CD4+_PF03814735
split2,T cells CD4+,59Isopropyl8methyl2morpholino9Hpurin6ylpyrimidin2amine,0.0709219858156028,0.7431952662721893,0.05,0.921,0.783,0.1778047337278107,0.03980473372781068,0.138,1,7.5963402748107836,845,1000,1000,1000,T cells CD4+_59Isopropyl8methyl2morpholino9Hpurin6ylpyrimidin2amine
split2,T cells CD4+,Topotecan,0.0709219858156028,0.37516339869281046,0.05,0.0,0.137,0.37516339869281046,0.23816339869281045,0.137,1,6.68337025642395,765,1000,1000,1000,T cells CD4+_Topotecan
split3,NK cells,Penfluridol,0.0709219858156028,0.23823529411764705,0.05,0.001,0.138,0.23723529411764704,0.10023529411764703,0.137,1,7.957238888740539,340,1000,1000,1000,NK cells_Penfluridol
split,T regulatory cells,Atorvastatin,0.0709219858156028,0.41379310344827586,0.05,0.004,0.141,0.40979310344827585,0.2727931034482759,0.13699999999999996,1,8.744980525970456,58,1000,1000,1000,T regulatory cells_Atorvastatin
split2,T cells CD4+,Perhexiline,0.0709219858156028,0.6446280991735537,0.05,0.922,0.788,0.27737190082644636,0.14337190082644635,0.134,1,7.5064097881317124,605,1000,1000,1000,T cells CD4+_Perhexiline
split,T regulatory cells,ODemethylatedAdapalene,0.0709219858156028,0.5777777777777777,0.05,0.018,0.151,0.5597777777777777,0.4267777777777777,0.133,1,8.752478504180907,45,1000,1000,1000,T regulatory cells_ODemethylatedAdapalene
split3,T cells CD8+,Vanoxerine,0.0709219858156028,0.45,0.05,0.0,0.133,0.45,0.317,0.133,1,7.910869693756101,100,1000,1000,1000,T cells CD8+_Vanoxerine
split,T regulatory cells,Topotecan,0.0709219858156028,0.5405405405405406,0.05,0.045,0.177,0.4955405405405406,0.3635405405405406,0.132,1,7.327138376235962,74,1000,1000,1000,T regulatory cells_Topotecan
split2,B cells,R428,0.0709219858156028,0.7227272727272728,0.05,0.0,0.131,0.7227272727272728,0.5917272727272728,0.131,1,6.981360292434692,220,1000,1000,1000,B cells_R428
split2,T cells CD4+,PF04691502,0.0709219858156028,0.6642066420664207,0.05,0.984,0.854,0.3197933579335793,0.18979335793357932,0.13,1,6.956455659866332,542,1000,1000,1000,T cells CD4+_PF04691502
split,T regulatory cells,Masitinib,0.0709219858156028,0.3382352941176471,0.05,0.155,0.285,0.18323529411764708,0.0532352941176471,0.12999999999999998,1,11.249153184890748,68,1000,1000,1000,T regulatory cells_Masitinib
split3,T cells CD8+,CC401,0.0709219858156028,0.3779527559055118,0.05,0.14,0.267,0.2379527559055118,0.11095275590551179,0.127,1,9.720561742782587,127,1000,1000,1000,T cells CD8+_CC401
split,T regulatory cells,IBET151,0.0709219858156028,1.0,0.05,0.871,0.998,0.129,0.0020000000000000018,0.127,1,5.4189314365386965,34,1000,1000,1000,T regulatory cells_IBET151
split3,NK cells,Bosutinib,0.0709219858156028,0.5653846153846154,0.05,0.0,0.126,0.5653846153846154,0.4393846153846154,0.126,1,7.906054735183716,260,1000,1000,1000,NK cells_Bosutinib
split3,NK cells,Pomalidomide,0.0709219858156028,0.43884892086330934,0.05,0.123,0.629,0.31584892086330935,0.19015107913669066,0.1256978417266187,1,9.459962987899779,417,1000,1000,1000,NK cells_Pomalidomide
split2,T cells CD4+,ProscillaridinAProscillaridinA,0.0709219858156028,0.9522613065326633,0.05,0.78,0.999,0.17226130653266325,0.04673869346733672,0.12552261306532653,1,8.682408618927,796,1000,1000,1000,T cells CD4+_ProscillaridinAProscillaridinA
split3,T cells CD8+,Canertinib,0.0709219858156028,0.8552631578947368,0.05,0.001,0.125,0.8542631578947368,0.7302631578947368,0.124,1,6.165905690193175,76,1000,1000,1000,T cells CD8+_Canertinib
split2,T cells CD4+,ABT199GDC0199,0.0709219858156028,0.20488721804511278,0.05,0.016,0.14,0.18888721804511277,0.06488721804511277,0.124,1,9.529125213623045,532,1000,1000,1000,T cells CD4+_ABT199GDC0199
split3,NK cells,SCH58261,0.0709219858156028,0.2696245733788396,0.05,0.0,0.123,0.2696245733788396,0.1466245733788396,0.123,1,7.573157811164853,293,1000,1000,1000,NK cells_SCH58261
split2,T cells CD4+,Sgccbp30,0.0709219858156028,0.25118483412322273,0.05,0.0,0.122,0.25118483412322273,0.12918483412322274,0.122,1,7.230672764778134,633,1000,1000,1000,T cells CD4+_Sgccbp30
split3,T cells CD8+,IMD0354,0.0709219858156028,0.7804878048780488,0.05,0.0,0.121,0.7804878048780488,0.6594878048780488,0.121,1,9.841811370849609,41,1000,1000,1000,T cells CD8+_IMD0354
split3,T cells CD8+,GSK256066,0.0709219858156028,0.4233576642335766,0.05,0.0,0.12,0.4233576642335766,0.30335766423357663,0.12,1,9.639104223251342,137,1000,1000,1000,T cells CD8+_GSK256066
split2,T cells CD4+,CHIR99021,0.0709219858156028,0.6124694376528117,0.05,0.245,0.365,0.3674694376528117,0.2474694376528117,0.12,1,7.054231524467467,818,1000,1000,1000,T cells CD4+_CHIR99021
split3,T cells CD8+,BAY872243,0.0709219858156028,0.625,0.05,0.0,0.12,0.625,0.505,0.12,1,8.406752157211304,64,1000,1000,1000,T cells CD8+_BAY872243
split,T regulatory cells,Ricolinostat,0.0709219858156028,0.6595744680851063,0.05,0.0,0.12,0.6595744680851063,0.5395744680851063,0.12,1,7.9943917989730835,47,1000,1000,1000,T regulatory cells_Ricolinostat
split2,T cells CD4+,Clomipramine,0.0709219858156028,0.2471264367816092,0.05,0.0,0.119,0.2471264367816092,0.1281264367816092,0.119,1,7.4382848024368275,696,1000,1000,1000,T cells CD4+_Clomipramine
split2,T cells CD4+,Alogliptin,0.0709219858156028,0.20923076923076922,0.05,0.032,0.268,0.17723076923076922,0.058769230769230796,0.11846153846153842,1,7.92802181243896,650,1000,1000,1000,T cells CD4+_Alogliptin
split3,T cells CD8+,TGX221,0.0709219858156028,0.3978494623655914,0.05,0.0,0.118,0.3978494623655914,0.2798494623655914,0.118,1,8.943023443222044,93,1000,1000,1000,T cells CD8+_TGX221
split3,NK cells,Ceritinib,0.0709219858156028,0.36085626911314983,0.05,0.0,0.118,0.36085626911314983,0.24285626911314984,0.118,1,7.281376981735228,327,1000,1000,1000,NK cells_Ceritinib
split3,NK cells,CEP37440,0.0709219858156028,0.34017595307917886,0.05,0.006,0.123,0.33417595307917886,0.21717595307917886,0.11699999999999999,1,6.849265003204343,341,1000,1000,1000,NK cells_CEP37440
split3,T cells CD8+,GSK1070916,0.0709219858156028,0.40425531914893614,0.05,0.005,0.118,0.39925531914893614,0.28625531914893615,0.11299999999999999,1,8.932648754119873,94,1000,1000,1000,T cells CD8+_GSK1070916
split3,T cells CD8+,CEP37440,0.0709219858156028,0.38666666666666666,0.05,0.024,0.135,0.36266666666666664,0.25166666666666665,0.11099999999999999,1,9.981051445007322,150,1000,1000,1000,T cells CD8+_CEP37440
split3,NK cells,GW843682X,0.0709219858156028,0.4811594202898551,0.05,0.0,0.11,0.4811594202898551,0.3711594202898551,0.10999999999999999,1,5.75456883907318,345,1000,1000,1000,NK cells_GW843682X
split,T regulatory cells,R428,0.0709219858156028,0.7878787878787878,0.05,0.104,0.214,0.6838787878787879,0.5738787878787879,0.10999999999999999,1,6.496620607376096,33,1000,1000,1000,T regulatory cells_R428
split2,T cells CD4+,IMD0354,0.0709219858156028,0.886435331230284,0.05,1.0,0.882,0.11356466876971605,0.004435331230283945,0.1091293375394321,1,5.919045424461359,634,1000,1000,1000,T cells CD4+_IMD0354
split,T regulatory cells,Protriptyline,0.0709219858156028,0.5172413793103449,0.05,0.02,0.129,0.49724137931034484,0.38824137931034486,0.10899999999999999,1,7.546551275253293,58,1000,1000,1000,T regulatory cells_Protriptyline
split,T regulatory cells,CHIR99021,0.0709219858156028,0.972972972972973,0.05,0.036,0.144,0.936972972972973,0.828972972972973,0.10799999999999998,1,5.933304047584533,37,1000,1000,1000,T regulatory cells_CHIR99021
split,Myeloid cells,ODemethylatedAdapalene,0.0709219858156028,0.7058823529411765,0.05,0.0,0.107,0.7058823529411765,0.5988823529411765,0.10699999999999998,1,8.079186248779294,204,1000,1000,1000,Myeloid cells_ODemethylatedAdapalene
split2,T cells CD4+,Flutamide,0.0709219858156028,0.1111111111111111,0.05,0.0,0.106,0.1111111111111111,0.005111111111111108,0.106,1,11.46895065307617,468,1000,1000,1000,T cells CD4+_Flutamide
split3,NK cells,RN486,0.0709219858156028,0.2976588628762542,0.05,0.0,0.106,0.2976588628762542,0.19165886287625422,0.10599999999999998,1,6.766538667678831,299,1000,1000,1000,NK cells_RN486
split3,T cells CD8+,SLx2119,0.0709219858156028,0.48936170212765956,0.05,0.001,0.107,0.48836170212765956,0.3823617021276596,0.10599999999999998,1,8.561707735061644,94,1000,1000,1000,T cells CD8+_SLx2119
split3,NK cells,Scriptaid,0.0709219858156028,0.6651785714285714,0.05,0.496,0.729,0.1691785714285714,0.06382142857142858,0.10535714285714282,1,11.52551598548889,224,1000,1000,1000,NK cells_Scriptaid
split3,NK cells,Protriptyline,0.0709219858156028,0.2395543175487465,0.05,0.0,0.105,0.2395543175487465,0.13455431754874653,0.10499999999999998,1,7.787458205223083,359,1000,1000,1000,NK cells_Protriptyline
split3,NK cells,BAY613606,0.0709219858156028,0.87248322147651,0.05,0.998,0.895,0.12551677852348997,0.02251677852348999,0.10299999999999998,1,6.395589280128477,298,1000,1000,1000,NK cells_BAY613606
split3,NK cells,Masitinib,0.0709219858156028,0.28431372549019607,0.05,0.0,0.103,0.28431372549019607,0.1813137254901961,0.10299999999999998,1,8.099439764022826,408,1000,1000,1000,NK cells_Masitinib
split,T regulatory cells,TLHRAS26,0.0709219858156028,0.7021276595744681,0.05,0.003,0.106,0.6991276595744681,0.5961276595744681,0.10299999999999998,1,6.378300595283506,47,1000,1000,1000,T regulatory cells_TLHRAS26
split2,T cells CD4+,AVL292,0.0709219858156028,0.4232258064516129,0.05,0.056,0.688,0.3672258064516129,0.26477419354838705,0.10245161290322585,1,7.753920102119444,775,1000,1000,1000,T cells CD4+_AVL292
split3,NK cells,Flutamide,0.0709219858156028,0.1688888888888889,0.05,0.049,0.151,0.11988888888888889,0.0178888888888889,0.102,1,8.282149505615234,225,1000,1000,1000,NK cells_Flutamide
split,T regulatory cells,Quizartinib,0.0709219858156028,0.8148148148148148,0.05,0.0,0.102,0.8148148148148148,0.7128148148148148,0.10199999999999998,1,8.13284764289856,27,1000,1000,1000,T regulatory cells_Quizartinib
split3,NK cells,Sgccbp30,0.0709219858156028,0.3353115727002967,0.05,0.0,0.1,0.3353115727002967,0.2353115727002967,0.1,1,6.256324815750122,337,1000,1000,1000,NK cells_Sgccbp30
split,T regulatory cells,Tivozanib,0.0709219858156028,0.5362318840579711,0.05,0.014,0.114,0.522231884057971,0.4222318840579711,0.09999999999999998,1,7.628150033950804,69,1000,1000,1000,T regulatory cells_Tivozanib
split2,T cells CD4+,Isoniazid,0.0709219858156028,0.15566037735849056,0.05,0.007,0.105,0.14866037735849055,0.05066037735849056,0.09799999999999999,1,8.318999671936032,636,1000,1000,1000,T cells CD4+_Isoniazid
split2,T cells CD4+,RN486,0.0709219858156028,0.22372372372372373,0.05,0.053,0.15,0.17072372372372374,0.07372372372372374,0.097,1,7.489612054824823,666,1000,1000,1000,T cells CD4+_RN486
split3,NK cells,Tivantinib,0.0709219858156028,0.30514705882352944,0.05,0.0,0.097,0.30514705882352944,0.20814705882352944,0.097,1,6.688971972465513,272,1000,1000,1000,NK cells_Tivantinib
split3,T cells CD8+,Saracatinib,0.0709219858156028,0.4083333333333333,0.05,0.068,0.165,0.3403333333333333,0.24333333333333332,0.097,1,8.018317508697509,120,1000,1000,1000,T cells CD8+_Saracatinib
split,T regulatory cells,Vardenafil,0.0709219858156028,0.39285714285714285,0.05,0.095,0.192,0.2978571428571428,0.20085714285714285,0.09699999999999998,1,11.051584148406981,56,1000,1000,1000,T regulatory cells_Vardenafil
split3,T cells CD8+,Sgccbp30,0.0709219858156028,0.6612903225806451,0.05,0.0,0.097,0.6612903225806451,0.5642903225806452,0.09699999999999998,1,6.94902799129486,62,1000,1000,1000,T cells CD8+_Sgccbp30
split2,T cells CD4+,Vandetanib,0.0709219858156028,0.2238562091503268,0.05,0.0,0.096,0.2238562091503268,0.1278562091503268,0.096,1,7.582295513153075,612,1000,1000,1000,T cells CD4+_Vandetanib
split2,T cells CD4+,Amiodarone,0.0709219858156028,0.2,0.05,0.0,0.096,0.2,0.10400000000000001,0.096,1,6.914491891860962,700,1000,1000,1000,T cells CD4+_Amiodarone
split2,T cells CD4+,HMN214,0.0709219858156028,0.3641304347826087,0.05,0.191,0.442,0.1731304347826087,0.0778695652173913,0.0952608695652174,1,19.145953941345212,920,1000,1000,1000,T cells CD4+_HMN214
split2,B cells,PorcnInhibitorIII,0.0709219858156028,0.3475177304964539,0.05,0.142,0.237,0.20551773049645392,0.11051773049645391,0.095,1,10.548831272125243,282,1000,1000,1000,B cells_PorcnInhibitorIII
split2,T cells CD4+,Atorvastatin,0.0709219858156028,0.26346433770014555,0.05,0.0,0.094,0.26346433770014555,0.16946433770014555,0.094,1,6.608837485313411,687,1000,1000,1000,T cells CD4+_Atorvastatin
split3,T cells CD8+,Ricolinostat,0.0709219858156028,0.3548387096774194,0.05,0.0,0.094,0.3548387096774194,0.2608387096774194,0.09399999999999997,1,9.210672044754027,124,1000,1000,1000,T cells CD8+_Ricolinostat
split,T regulatory cells,AZ628,0.0709219858156028,0.6052631578947368,0.05,0.104,0.197,0.5012631578947369,0.40826315789473683,0.09300000000000003,1,9.916363430023193,38,1000,1000,1000,T regulatory cells_AZ628
split,T regulatory cells,Dovitinib,0.0709219858156028,0.6326530612244898,0.05,0.0,0.093,0.6326530612244898,0.5396530612244899,0.09299999999999997,1,7.565381693840026,49,1000,1000,1000,T regulatory cells_Dovitinib
split2,T cells CD4+,Masitinib,0.0709219858156028,0.2563380281690141,0.05,0.0,0.42,0.2563380281690141,0.1636619718309859,0.09267605633802817,1,7.590100359916686,710,1000,1000,1000,T cells CD4+_Masitinib
split,T regulatory cells,CC401,0.0709219858156028,0.7291666666666666,0.05,0.089,0.18,0.6401666666666667,0.5491666666666666,0.09100000000000008,1,8.644809579849241,48,1000,1000,1000,T regulatory cells_CC401
split,T regulatory cells,Chlorpheniramine,0.0709219858156028,0.6363636363636364,0.05,0.01,0.101,0.6263636363636363,0.5353636363636364,0.09099999999999997,1,6.435698056221007,44,1000,1000,1000,T regulatory cells_Chlorpheniramine
split2,T cells CD4+,Ketoconazole,0.0709219858156028,0.5650406504065041,0.05,0.458,0.582,0.10704065040650407,0.016959349593495876,0.09008130081300819,1,18.6527226448059,738,1000,1000,1000,T cells CD4+_Ketoconazole
split3,NK cells,Navitoclax,0.0709219858156028,0.25301204819277107,0.05,0.0,0.09,0.25301204819277107,0.16301204819277107,0.09,1,7.850106430053711,249,1000,1000,1000,NK cells_Navitoclax
split3,T cells CD8+,PD0325901,0.0709219858156028,0.6923076923076923,0.05,0.0,0.09,0.6923076923076923,0.6023076923076923,0.08999999999999997,1,7.6298703193664545,65,1000,1000,1000,T cells CD8+_PD0325901
split3,NK cells,PorcnInhibitorIII,0.0709219858156028,0.21753246753246752,0.05,0.065,0.281,0.15253246753246752,0.0634675324675325,0.08906493506493501,1,10.739455652236938,308,1000,1000,1000,NK cells_PorcnInhibitorIII
split,T regulatory cells,TGX221,0.0709219858156028,0.44680851063829785,0.05,0.222,0.311,0.22480851063829785,0.13580851063829785,0.089,1,11.966908407211303,47,1000,1000,1000,T regulatory cells_TGX221
split,T regulatory cells,Dasatinib,0.0709219858156028,0.8387096774193549,0.05,0.48,0.569,0.3587096774193549,0.2697096774193549,0.08899999999999997,1,11.39557723999023,31,1000,1000,1000,T regulatory cells_Dasatinib
split,T regulatory cells,LY2090314,0.0709219858156028,1.0,0.05,0.873,0.962,0.127,0.038000000000000034,0.08899999999999997,1,5.070484042167664,44,1000,1000,1000,T regulatory cells_LY2090314
split,T regulatory cells,BMS265246,0.0709219858156028,0.9259259259259259,0.05,0.416,0.505,0.5099259259259259,0.4209259259259259,0.08899999999999997,1,4.968492197990414,54,1000,1000,1000,T regulatory cells_BMS265246
split3,T cells CD8+,PF04691502,0.0709219858156028,0.6521739130434783,0.05,0.132,0.22,0.5201739130434783,0.4321739130434783,0.08799999999999997,1,8.395160341262818,46,1000,1000,1000,T cells CD8+_PF04691502
split,T regulatory cells,Disulfiram,0.0709219858156028,0.6041666666666666,0.05,0.0,0.087,0.6041666666666666,0.5171666666666667,0.08699999999999997,1,7.124682402610776,48,1000,1000,1000,T regulatory cells_Disulfiram
split,T regulatory cells,Defactinib,0.0709219858156028,0.7692307692307693,0.05,0.094,0.181,0.6752307692307693,0.5882307692307693,0.08699999999999997,1,5.509832072257992,39,1000,1000,1000,T regulatory cells_Defactinib
split2,T cells CD4+,Ixabepilone,0.0709219858156028,0.35294117647058826,0.05,0.103,0.517,0.24994117647058828,0.16405882352941176,0.08588235294117652,1,8.022131299972534,782,1000,1000,1000,T cells CD4+_Ixabepilone
split2,T cells CD4+,Raloxifene,0.0709219858156028,0.5154241645244216,0.05,0.0,0.084,0.5154241645244216,0.4314241645244216,0.08400000000000002,1,18.09933423995971,778,1000,1000,1000,T cells CD4+_Raloxifene
split3,T cells CD8+,STK219801,0.0709219858156028,0.4819277108433735,0.05,0.004,0.088,0.4779277108433735,0.3939277108433735,0.08399999999999996,1,7.411974239349365,83,1000,1000,1000,T cells CD8+_STK219801
split,Myeloid cells,R428,0.0709219858156028,0.966183574879227,0.05,0.0,0.084,0.966183574879227,0.882183574879227,0.08399999999999996,1,9.02360334396362,207,1000,1000,1000,Myeloid cells_R428
split2,T cells CD4+,Tipifarnib,0.0709219858156028,0.3281519861830743,0.05,0.0,0.083,0.3281519861830743,0.24515198618307427,0.08300000000000002,1,7.251879978179931,579,1000,1000,1000,T cells CD4+_Tipifarnib
split3,NK cells,AZD4547,0.0709219858156028,0.302158273381295,0.05,0.03,0.112,0.27215827338129495,0.19015827338129498,0.08199999999999996,1,7.217561864852905,278,1000,1000,1000,NK cells_AZD4547
split2,T cells CD4+,MubritinibTAK165,0.0709219858156028,0.6414565826330533,0.05,0.884,0.479,0.24254341736694673,0.1624565826330533,0.08008683473389344,1,6.226255035400389,714,1000,1000,1000,T cells CD4+_MubritinibTAK165
split3,NK cells,Linagliptin,0.0709219858156028,0.2808988764044944,0.05,0.004,0.083,0.2768988764044944,0.19789887640449438,0.07900000000000001,1,7.903315567970275,356,1000,1000,1000,NK cells_Linagliptin
split3,T cells CD8+,Buspirone,0.0709219858156028,0.33043478260869563,0.05,0.0,0.077,0.33043478260869563,0.2534347826086956,0.07700000000000001,1,9.39856343269348,115,1000,1000,1000,T cells CD8+_Buspirone
split3,NK cells,AMD070hydrochloride,0.0709219858156028,0.2535612535612536,0.05,0.0,0.077,0.2535612535612536,0.17656125356125357,0.07700000000000001,1,7.661293768882749,351,1000,1000,1000,NK cells_AMD070hydrochloride
split3,NK cells,Alogliptin,0.0709219858156028,0.2484472049689441,0.05,0.003,0.08,0.2454472049689441,0.1684472049689441,0.07699999999999999,1,8.028799057006836,322,1000,1000,1000,NK cells_Alogliptin
split3,NK cells,Vanoxerine,0.0709219858156028,0.36363636363636365,0.05,0.0,0.076,0.36363636363636365,0.28763636363636363,0.07600000000000001,1,8.023408126831054,297,1000,1000,1000,NK cells_Vanoxerine
split,T regulatory cells,FK866,0.0709219858156028,0.6739130434782609,0.05,0.111,0.187,0.5629130434782609,0.48691304347826087,0.07600000000000001,1,7.592471289634703,46,1000,1000,1000,T regulatory cells_FK866
split2,T cells CD4+,Trametinib,0.0709219858156028,0.30278884462151395,0.05,0.0,0.075,0.30278884462151395,0.22778884462151394,0.07500000000000001,1,13.016499471664424,753,1000,1000,1000,T cells CD4+_Trametinib
split,T regulatory cells,Amiodarone,0.0709219858156028,0.6410256410256411,0.05,0.015,0.089,0.6260256410256411,0.5520256410256411,0.07399999999999995,1,7.032648015022277,39,1000,1000,1000,T regulatory cells_Amiodarone
split,T regulatory cells,UNIIBXU45ZH6LI,0.0709219858156028,1.0,0.05,0.736,0.809,0.264,0.19099999999999995,0.07300000000000006,1,8.890094041824339,16,1000,1000,1000,T regulatory cells_UNIIBXU45ZH6LI
split2,T cells CD4+,Lamivudine,0.0709219858156028,0.283363802559415,0.05,0.006,0.079,0.277363802559415,0.204363802559415,0.07300000000000001,1,7.4784202337265,547,1000,1000,1000,T cells CD4+_Lamivudine
split2,T cells CD4+,Navitoclax,0.0709219858156028,0.1943127962085308,0.05,0.0,0.073,0.1943127962085308,0.12131279620853082,0.073,1,8.216951799392696,633,1000,1000,1000,T cells CD4+_Navitoclax
split3,T cells CD8+,PitavastatinCalcium,0.0709219858156028,0.6,0.05,0.0,0.072,0.6,0.528,0.07199999999999995,1,10.379866027832032,45,1000,1000,1000,T cells CD8+_PitavastatinCalcium
split2,T cells CD4+,RG7112,0.0709219858156028,0.8010973936899863,0.05,0.965,0.893,0.16390260631001363,0.09190260631001368,0.07199999999999995,1,5.064664006233215,729,1000,1000,1000,T cells CD4+_RG7112
split3,T cells CD8+,Dovitinib,0.0709219858156028,0.6567164179104478,0.05,0.0,0.071,0.6567164179104478,0.5857164179104478,0.07099999999999995,1,7.494132709503173,67,1000,1000,1000,T cells CD8+_Dovitinib
split2,B cells,ODemethylatedAdapalene,0.0709219858156028,0.5254901960784314,0.05,0.0,0.07,0.5254901960784314,0.4554901960784314,0.07,1,7.941558218002316,255,1000,1000,1000,B cells_ODemethylatedAdapalene
split3,T cells CD8+,Clemastine,0.0709219858156028,0.25984251968503935,0.05,0.001,0.071,0.25884251968503935,0.18884251968503935,0.07,1,8.580977010726922,127,1000,1000,1000,T cells CD8+_Clemastine
split,T regulatory cells,BAY872243,0.0709219858156028,0.5833333333333334,0.05,0.745,0.49,0.16166666666666663,0.09333333333333338,0.06833333333333325,1,11.386146211624144,48,1000,1000,1000,T regulatory cells_BAY872243
split,T regulatory cells,Alogliptin,0.0709219858156028,0.7804878048780488,0.05,0.0,0.066,0.7804878048780488,0.7144878048780487,0.06600000000000006,1,5.7759456634521475,41,1000,1000,1000,T regulatory cells_Alogliptin
split3,T cells CD8+,Idelalisib,0.0709219858156028,0.6,0.05,0.0,0.066,0.6,0.534,0.06599999999999995,1,8.474903154373166,65,1000,1000,1000,T cells CD8+_Idelalisib
split3,NK cells,Tosedostat,0.0709219858156028,0.492,0.05,0.0,0.065,0.492,0.427,0.065,1,5.726509928703308,250,1000,1000,1000,NK cells_Tosedostat
split2,T cells CD4+,STK219801,0.0709219858156028,0.43462897526501765,0.05,0.0,0.065,0.43462897526501765,0.36962897526501765,0.065,1,6.05126838684082,566,1000,1000,1000,T cells CD4+_STK219801
split3,NK cells,Tipifarnib,0.0709219858156028,0.2103448275862069,0.05,0.033,0.098,0.1773448275862069,0.1123448275862069,0.065,1,8.79435863494873,290,1000,1000,1000,NK cells_Tipifarnib
split2,T cells CD4+,Decitabine,0.0709219858156028,0.19902912621359223,0.05,0.0,0.064,0.19902912621359223,0.13502912621359223,0.064,1,7.918240499496459,618,1000,1000,1000,T cells CD4+_Decitabine
split,T regulatory cells,TIE2KinaseInhibitor,0.0709219858156028,0.5862068965517241,0.05,0.0,0.064,0.5862068965517241,0.5222068965517241,0.06399999999999995,1,7.215298414230347,58,1000,1000,1000,T regulatory cells_TIE2KinaseInhibitor
split3,NK cells,IMD0354,0.0709219858156028,0.8218623481781376,0.05,0.994,0.931,0.17213765182186236,0.10913765182186241,0.06299999999999994,1,6.523347377777097,247,1000,1000,1000,NK cells_IMD0354
split2,T cells CD4+,Vorinostat,0.0709219858156028,0.3226205191594561,0.05,0.05,0.534,0.2726205191594561,0.21137948084054392,0.0612410383189122,1,10.347459077835078,809,1000,1000,1000,T cells CD4+_Vorinostat
split2,T cells CD4+,Methotrexate,0.0709219858156028,0.2653534183082271,0.05,0.103,0.164,0.16235341830822714,0.10135341830822711,0.061000000000000026,1,13.468650054931633,863,1000,1000,1000,T cells CD4+_Methotrexate
split3,NK cells,TR14035,0.0709219858156028,0.3298429319371728,0.05,0.008,0.069,0.3218429319371728,0.2608429319371728,0.061,1,8.02828049659729,382,1000,1000,1000,NK cells_TR14035
split,T regulatory cells,GSK256066,0.0709219858156028,0.6545454545454545,0.05,0.0,0.06,0.6545454545454545,0.5945454545454545,0.06000000000000005,1,5.852838563919066,55,1000,1000,1000,T regulatory cells_GSK256066
split3,NK cells,Isoniazid,0.0709219858156028,0.23843416370106763,0.05,0.004,0.063,0.23443416370106762,0.17543416370106762,0.059,1,6.801431560516348,281,1000,1000,1000,NK cells_Isoniazid
split3,T cells CD8+,Tivozanib,0.0709219858156028,0.5647058823529412,0.05,0.0,0.058,0.5647058823529412,0.5067058823529411,0.05800000000000005,1,7.4591945648193345,85,1000,1000,1000,T cells CD8+_Tivozanib
split3,NK cells,Topotecan,0.0709219858156028,0.6111111111111112,0.05,0.0,0.057,0.6111111111111112,0.5541111111111111,0.05700000000000005,1,5.728243613243099,414,1000,1000,1000,NK cells_Topotecan
split2,T cells CD4+,TLHRAS26,0.0709219858156028,0.21232876712328766,0.05,0.0,0.057,0.21232876712328766,0.15532876712328766,0.056999999999999995,1,7.392427134513854,584,1000,1000,1000,T cells CD4+_TLHRAS26
split2,T cells CD4+,Cabozantinib,0.0709219858156028,0.3286264441591784,0.05,0.111,0.167,0.21762644415917842,0.1616264441591784,0.05600000000000002,1,16.623032665252676,779,1000,1000,1000,T cells CD4+_Cabozantinib
split2,T cells CD4+,Oxybenzone,0.0709219858156028,0.24378881987577639,0.05,0.0,0.056,0.24378881987577639,0.1877888198757764,0.055999999999999994,1,6.751005530357358,644,1000,1000,1000,T cells CD4+_Oxybenzone
split3,NK cells,Atorvastatin,0.0709219858156028,0.24146981627296588,0.05,0.0,0.056,0.24146981627296588,0.18546981627296588,0.055999999999999994,1,6.770188355445862,381,1000,1000,1000,NK cells_Atorvastatin
split2,T cells CD4+,Penfluridol,0.0709219858156028,0.11095700416088766,0.05,0.002,0.057,0.10895700416088766,0.05395700416088766,0.055,1,11.68525509834289,721,1000,1000,1000,T cells CD4+_Penfluridol
split3,NK cells,Ricolinostat,0.0709219858156028,0.22784810126582278,0.05,0.0,0.054,0.22784810126582278,0.17384810126582279,0.05399999999999999,1,7.101034188270568,316,1000,1000,1000,NK cells_Ricolinostat
split2,T cells CD4+,Colforsin,0.0709219858156028,0.2864157119476268,0.05,0.011,0.064,0.2754157119476268,0.22241571194762683,0.05299999999999999,1,7.062407994270324,611,1000,1000,1000,T cells CD4+_Colforsin
split2,T cells CD4+,BAY613606,0.0709219858156028,0.9084967320261438,0.05,1.0,0.948,0.09150326797385622,0.03950326797385617,0.052000000000000046,1,6.86902980804443,612,1000,1000,1000,T cells CD4+_BAY613606
split3,T cells CD8+,AZD3514,0.0709219858156028,0.6451612903225806,0.05,0.0,0.052,0.6451612903225806,0.5931612903225806,0.052000000000000046,1,6.962285161018371,62,1000,1000,1000,T cells CD8+_AZD3514
split2,T cells CD4+,MGCD265,0.0709219858156028,0.2562962962962963,0.05,0.0,0.052,0.2562962962962963,0.2042962962962963,0.05199999999999999,1,7.092735838890071,675,1000,1000,1000,T cells CD4+_MGCD265
split2,T cells CD4+,Quizartinib,0.0709219858156028,0.20408163265306123,0.05,0.0,0.051,0.20408163265306123,0.15308163265306124,0.05099999999999999,1,9.87446928024292,686,1000,1000,1000,T cells CD4+_Quizartinib
split,T regulatory cells,Sunitinib,0.0709219858156028,0.4807692307692308,0.05,0.002,0.052,0.4787692307692308,0.4287692307692308,0.04999999999999999,1,8.265329790115356,52,1000,1000,1000,T regulatory cells_Sunitinib
split,T regulatory cells,Sgccbp30,0.0709219858156028,0.7777777777777778,0.05,0.041,0.091,0.7367777777777778,0.6867777777777778,0.04999999999999993,1,5.7381200790405265,45,1000,1000,1000,T regulatory cells_Sgccbp30
split3,NK cells,ODemethylatedAdapalene,0.0709219858156028,0.34219269102990035,0.05,0.0,0.049,0.34219269102990035,0.29319269102990037,0.04899999999999999,1,7.127678322792053,301,1000,1000,1000,NK cells_ODemethylatedAdapalene
split,T regulatory cells,SLx2119,0.0709219858156028,0.7575757575757576,0.05,0.023,0.07,0.7345757575757575,0.6875757575757575,0.04700000000000004,1,7.266267752647399,33,1000,1000,1000,T regulatory cells_SLx2119
split3,NK cells,Disulfiram,0.0709219858156028,0.32954545454545453,0.05,0.004,0.051,0.3255454545454545,0.27854545454545454,0.046999999999999986,1,6.666088342666625,264,1000,1000,1000,NK cells_Disulfiram
split2,T cells CD4+,YK4279,0.0709219858156028,0.36258278145695366,0.05,0.247,0.432,0.11558278145695366,0.06941721854304633,0.04616556291390733,1,18.713486862182613,604,1000,1000,1000,T cells CD4+_YK4279
split2,T cells CD4+,Lapatinib,0.0709219858156028,0.184863523573201,0.05,0.0,0.046,0.184863523573201,0.13886352357320098,0.04600000000000001,1,8.621743631362914,806,1000,1000,1000,T cells CD4+_Lapatinib
split,T regulatory cells,Pomalidomide,0.0709219858156028,0.43283582089552236,0.05,0.005,0.05,0.42783582089552236,0.38283582089552237,0.044999999999999984,1,7.925936341285702,67,1000,1000,1000,T regulatory cells_Pomalidomide
split,Myeloid cells,PorcnInhibitorIII,0.0709219858156028,0.6728971962616822,0.05,0.0,0.044,0.6728971962616822,0.6288971962616822,0.04400000000000004,1,5.300992822647093,321,1000,1000,1000,Myeloid cells_PorcnInhibitorIII
split2,B cells,Penfluridol,0.0709219858156028,0.1776061776061776,0.05,0.018,0.06,0.15960617760617762,0.11760617760617761,0.04200000000000001,1,13.223333644866942,259,1000,1000,1000,B cells_Penfluridol
split2,T cells CD4+,Riociguat,0.0709219858156028,0.18089171974522292,0.05,0.001,0.043,0.17989171974522292,0.1378917197452229,0.04200000000000001,1,7.4338414669036865,785,1000,1000,1000,T cells CD4+_Riociguat
split3,NK cells,Quizartinib,0.0709219858156028,0.3435374149659864,0.05,0.0,0.042,0.3435374149659864,0.3015374149659864,0.04199999999999998,1,6.392203879356384,294,1000,1000,1000,NK cells_Quizartinib
split3,T cells CD8+,AMD070hydrochloride,0.0709219858156028,0.5555555555555556,0.05,0.0,0.04,0.5555555555555556,0.5155555555555555,0.040000000000000036,1,8.693720960617064,63,1000,1000,1000,T cells CD8+_AMD070hydrochloride
split3,NK cells,IBET151,0.0709219858156028,0.9481865284974094,0.05,1.0,0.936,0.051813471502590636,0.01218652849740931,0.039626943005181325,1,5.7898660898208565,193,1000,1000,1000,NK cells_IBET151
split3,T cells CD8+,Ruxolitinib,0.0709219858156028,0.5849056603773585,0.05,0.0,0.038,0.5849056603773585,0.5469056603773584,0.038000000000000034,1,9.142400741577147,53,1000,1000,1000,T cells CD8+_Ruxolitinib
split3,T cells CD8+,MubritinibTAK165,0.0709219858156028,0.5735294117647058,0.05,0.0,0.038,0.5735294117647058,0.5355294117647058,0.038000000000000034,1,10.504897451400756,68,1000,1000,1000,T cells CD8+_MubritinibTAK165
split2,T cells CD4+,HYDROXYUREA,0.0709219858156028,0.3857965451055662,0.05,0.039,0.076,0.34679654510556623,0.3097965451055662,0.03700000000000003,1,6.574453926086425,521,1000,1000,1000,T cells CD4+_HYDROXYUREA
split,T regulatory cells,Idelalisib,0.0709219858156028,0.6571428571428571,0.05,0.209,0.245,0.4481428571428572,0.41214285714285714,0.03600000000000003,1,7.78530259132385,35,1000,1000,1000,T regulatory cells_Idelalisib
split3,T cells CD8+,AZD4547,0.0709219858156028,0.5064935064935064,0.05,0.0,0.036,0.5064935064935064,0.47049350649350646,0.035999999999999976,1,8.134783172607422,77,1000,1000,1000,T cells CD8+_AZD4547
split3,T cells CD8+,Sunitinib,0.0709219858156028,0.4533333333333333,0.05,0.0,0.036,0.4533333333333333,0.41733333333333333,0.035999999999999976,1,7.9898197889328,75,1000,1000,1000,T cells CD8+_Sunitinib
split3,T cells CD8+,Atorvastatin,0.0709219858156028,0.4625,0.05,0.0,0.036,0.4625,0.42650000000000005,0.035999999999999976,1,7.726746678352355,80,1000,1000,1000,T cells CD8+_Atorvastatin
split2,T cells CD4+,AZD8330,0.0709219858156028,0.3118811881188119,0.05,0.062,0.526,0.24988118811881188,0.21411881188118814,0.03576237623762374,1,7.571644139289856,606,1000,1000,1000,T cells CD4+_AZD8330
split3,T cells CD8+,Ceritinib,0.0709219858156028,0.4725274725274725,0.05,0.0,0.035,0.4725274725274725,0.4375274725274725,0.03500000000000003,1,7.447789335250851,91,1000,1000,1000,T cells CD8+_Ceritinib
split3,T cells CD8+,Scriptaid,0.0709219858156028,0.33986928104575165,0.05,0.0,0.035,0.33986928104575165,0.3048692810457516,0.03500000000000003,1,12.451795482635497,153,1000,1000,1000,T cells CD8+_Scriptaid
split2,B cells,Linagliptin,0.0709219858156028,0.248868778280543,0.05,0.0,0.035,0.248868778280543,0.213868778280543,0.035,1,9.058103227615355,221,1000,1000,1000,B cells_Linagliptin
split3,NK cells,GanetespibSTA9090,0.0709219858156028,0.8164313222079589,0.05,1.0,0.966,0.1835686777920411,0.14956867779204108,0.03400000000000003,1,9.175990152359006,779,1000,1000,1000,NK cells_GanetespibSTA9090
split3,T cells CD8+,RVX208,0.0709219858156028,0.746031746031746,0.05,0.0,0.034,0.746031746031746,0.712031746031746,0.03400000000000003,1,6.279953432083122,63,1000,1000,1000,T cells CD8+_RVX208
split3,NK cells,Buspirone,0.0709219858156028,0.1953125,0.05,0.0,0.034,0.1953125,0.1613125,0.034,1,10.047506904602045,384,1000,1000,1000,NK cells_Buspirone
split3,NK cells,ABT737,0.0709219858156028,0.30303030303030304,0.05,0.002,0.036,0.30103030303030304,0.26703030303030306,0.033999999999999975,1,8.280944108963013,165,1000,1000,1000,NK cells_ABT737
split,T regulatory cells,GW843682X,0.0709219858156028,0.7169811320754716,0.05,0.002,0.035,0.7149811320754716,0.6819811320754716,0.03300000000000003,1,5.709001064300534,53,1000,1000,1000,T regulatory cells_GW843682X
split2,T cells CD4+,Tivozanib,0.0709219858156028,0.2791946308724832,0.05,0.0,0.033,0.2791946308724832,0.2461946308724832,0.033,1,6.898789334297179,745,1000,1000,1000,T cells CD4+_Tivozanib
split,T regulatory cells,Ceritinib,0.0709219858156028,0.6808510638297872,0.05,0.0,0.031,0.6808510638297872,0.6498510638297872,0.031000000000000028,1,7.578364276885984,47,1000,1000,1000,T regulatory cells_Ceritinib
split2,T cells CD4+,AZD4547,0.0709219858156028,0.2909967845659164,0.05,0.079,0.11,0.21199678456591636,0.1809967845659164,0.030999999999999972,1,10.229285144805905,622,1000,1000,1000,T cells CD4+_AZD4547
split3,NK cells,Clomipramine,0.0709219858156028,0.33240997229916897,0.05,0.0,0.031,0.33240997229916897,0.301409972299169,0.030999999999999972,1,6.2446927785873365,361,1000,1000,1000,NK cells_Clomipramine
split3,T cells CD8+,AZD8330,0.0709219858156028,0.4857142857142857,0.05,0.0,0.031,0.4857142857142857,0.45471428571428574,0.030999999999999972,1,7.77796664237976,105,1000,1000,1000,T cells CD8+_AZD8330
split,T regulatory cells,IN1451,0.0709219858156028,0.9981549815498155,0.05,0.966,1.0,0.03215498154981555,0.0018450184501844769,0.030309963099631076,1,8.70631275177002,542,1000,1000,1000,T regulatory cells_IN1451
split3,T cells CD8+,LY2090314,0.0709219858156028,1.0,0.05,0.0,0.03,1.0,0.97,0.030000000000000027,1,11.012592267990112,6,1000,1000,1000,T cells CD8+_LY2090314
split3,NK cells,Ruxolitinib,0.0709219858156028,0.40173410404624277,0.05,0.004,0.77,0.39773410404624276,0.36826589595375725,0.029468208092485515,1,7.465223693847656,346,1000,1000,1000,NK cells_Ruxolitinib
split,T regulatory cells,YK4279,0.0709219858156028,0.631578947368421,0.05,0.002,0.031,0.629578947368421,0.600578947368421,0.029000000000000026,1,7.879149556159968,38,1000,1000,1000,T regulatory cells_YK4279
split2,T cells CD4+,AZD3514,0.0709219858156028,0.37925696594427244,0.05,0.018,0.047,0.3612569659442724,0.33225696594427245,0.02899999999999997,1,6.752288079261778,646,1000,1000,1000,T cells CD4+_AZD3514
split3,T cells CD8+,Tivantinib,0.0709219858156028,0.34,0.05,0.001,0.03,0.339,0.31000000000000005,0.02899999999999997,1,8.629517602920526,100,1000,1000,1000,T cells CD8+_Tivantinib
split3,NK cells,Decitabine,0.0709219858156028,0.3333333333333333,0.05,0.0,0.028,0.3333333333333333,0.3053333333333333,0.028000000000000025,1,6.505895328521728,285,1000,1000,1000,NK cells_Decitabine
split3,NK cells,Palbociclib,0.0709219858156028,0.2684931506849315,0.05,0.0,0.028,0.2684931506849315,0.24049315068493152,0.027999999999999997,1,6.522179150581359,365,1000,1000,1000,NK cells_Palbociclib
split2,T cells CD4+,Defactinib,0.0709219858156028,0.24254742547425473,0.05,0.124,0.152,0.11854742547425473,0.09054742547425473,0.027999999999999997,1,10.709512138366698,738,1000,1000,1000,T cells CD4+_Defactinib
split2,T cells CD4+,SB525334,0.0709219858156028,0.33240611961057026,0.05,0.303,0.334,0.02940611961057027,0.0015938803894297582,0.02781223922114051,1,15.192166328430172,719,1000,1000,1000,T cells CD4+_SB525334
split3,NK cells,MK5108,0.0709219858156028,0.284688995215311,0.05,0.0,0.027,0.284688995215311,0.25768899521531097,0.027000000000000024,1,6.573870825767517,418,1000,1000,1000,NK cells_MK5108
split3,T cells CD8+,Chlorpheniramine,0.0709219858156028,0.5333333333333333,0.05,0.0,0.026,0.5333333333333333,0.5073333333333333,0.026000000000000023,1,7.5071133852005,60,1000,1000,1000,T cells CD8+_Chlorpheniramine
split,T regulatory cells,Isoniazid,0.0709219858156028,0.78,0.05,0.0,0.026,0.78,0.754,0.026000000000000023,1,5.651662611961362,50,1000,1000,1000,T regulatory cells_Isoniazid
split3,T cells CD8+,Dasatinib,0.0709219858156028,0.7317073170731707,0.05,0.068,0.094,0.6637073170731707,0.6377073170731707,0.025999999999999912,1,7.916599464416499,41,1000,1000,1000,T cells CD8+_Dasatinib
split,Myeloid cells,Penfluridol,0.0709219858156028,0.347682119205298,0.05,0.0,0.025,0.347682119205298,0.322682119205298,0.025000000000000022,1,7.120634627342221,302,1000,1000,1000,Myeloid cells_Penfluridol
split2,T cells CD4+,Azacitidine,0.0709219858156028,0.2178060413354531,0.05,0.0,0.025,0.2178060413354531,0.1928060413354531,0.024999999999999994,1,7.295374727249144,629,1000,1000,1000,T cells CD4+_Azacitidine
split,T regulatory cells,Lamivudine,0.0709219858156028,0.717948717948718,0.05,0.002,0.026,0.715948717948718,0.6919487179487179,0.02400000000000002,1,7.296321320533749,39,1000,1000,1000,T regulatory cells_Lamivudine
split,T regulatory cells,Nefazodone,0.0709219858156028,0.8095238095238095,0.05,0.0,0.024,0.8095238095238095,0.7855238095238095,0.02400000000000002,1,5.2577903032302835,42,1000,1000,1000,T regulatory cells_Nefazodone
split3,NK cells,AT13387,0.0709219858156028,0.7960526315789473,0.05,1.0,0.976,0.20394736842105265,0.17994736842105263,0.02400000000000002,1,9.394157218933103,456,1000,1000,1000,NK cells_AT13387
split3,T cells CD8+,MGCD265,0.0709219858156028,0.34513274336283184,0.05,0.065,0.089,0.28013274336283184,0.25613274336283187,0.023999999999999966,1,9.112575197219849,113,1000,1000,1000,T cells CD8+_MGCD265
split2,T cells CD4+,Ceritinib,0.0709219858156028,0.3355155482815057,0.05,0.263,0.287,0.07251554828150569,0.04851554828150573,0.023999999999999966,1,7.620317840576166,611,1000,1000,1000,T cells CD4+_Ceritinib
split3,NK cells,Desloratadine,0.0709219858156028,0.28169014084507044,0.05,0.0,0.023,0.28169014084507044,0.2586901408450704,0.02300000000000002,1,6.865265464782714,355,1000,1000,1000,NK cells_Desloratadine
split3,T cells CD8+,Colforsin,0.0709219858156028,0.6075949367088608,0.05,0.0,0.023,0.6075949367088608,0.5845949367088608,0.02300000000000002,1,6.399183988571167,79,1000,1000,1000,T cells CD8+_Colforsin
split3,NK cells,Methotrexate,0.0709219858156028,0.2059447983014862,0.05,0.123,0.266,0.08294479830148621,0.060055201698513805,0.022889596602972406,1,13.816305494308466,471,1000,1000,1000,NK cells_Methotrexate
split3,T cells CD8+,YK4279,0.0709219858156028,0.7391304347826086,0.05,0.0,0.022,0.7391304347826086,0.7171304347826086,0.02200000000000002,1,7.227080392837522,46,1000,1000,1000,T cells CD8+_YK4279
split3,NK cells,K02288,0.0709219858156028,0.2722371967654987,0.05,0.0,0.022,0.2722371967654987,0.25023719676549866,0.02200000000000002,1,6.126905727386474,371,1000,1000,1000,NK cells_K02288
split,T regulatory cells,AT7867,0.0709219858156028,0.6136363636363636,0.05,0.214,0.236,0.3996363636363637,0.37763636363636366,0.02200000000000002,1,10.770637464523311,44,1000,1000,1000,T regulatory cells_AT7867
split2,T cells CD4+,RVX208,0.0709219858156028,0.4269340974212034,0.05,0.005,0.027,0.4219340974212034,0.3999340974212034,0.02200000000000002,1,5.976150751113888,698,1000,1000,1000,T cells CD4+_RVX208
split2,T cells CD4+,Midostaurin,0.0709219858156028,0.5493562231759657,0.05,0.638,0.616,0.08864377682403435,0.06664377682403433,0.02200000000000002,1,7.840593361854551,466,1000,1000,1000,T cells CD4+_Midostaurin
split3,T cells CD8+,HYDROXYUREA,0.0709219858156028,0.43529411764705883,0.05,0.0,0.021,0.43529411764705883,0.4142941176470588,0.02100000000000002,1,7.947626638412475,85,1000,1000,1000,T cells CD8+_HYDROXYUREA
split3,NK cells,LDN193189,0.0709219858156028,0.2597402597402597,0.05,0.045,0.066,0.21474025974025973,0.1937402597402597,0.02100000000000002,1,7.350785422325134,385,1000,1000,1000,NK cells_LDN193189
split2,T cells CD4+,Nefazodone,0.0709219858156028,0.1947069943289225,0.05,0.0,0.021,0.1947069943289225,0.1737069943289225,0.02099999999999999,1,7.327777743339538,529,1000,1000,1000,T cells CD4+_Nefazodone
split2,T cells CD4+,ABT737,0.0709219858156028,0.2222222222222222,0.05,0.0,0.021,0.2222222222222222,0.20122222222222222,0.02099999999999999,1,7.555389904975891,414,1000,1000,1000,T cells CD4+_ABT737
split2,T cells CD4+,BMS387032,0.0709219858156028,0.9020979020979021,0.05,1.0,0.98,0.09790209790209792,0.0779020979020979,0.020000000000000018,1,5.685892581939697,143,1000,1000,1000,T cells CD4+_BMS387032
split3,NK cells,Riociguat,0.0709219858156028,0.21333333333333335,0.05,0.0,0.02,0.21333333333333335,0.19333333333333336,0.01999999999999999,1,7.300450468063354,375,1000,1000,1000,NK cells_Riociguat
split3,T cells CD8+,GO6976,0.0709219858156028,0.75,0.05,0.0,0.019,0.75,0.731,0.019000000000000017,1,8.60941524505615,44,1000,1000,1000,T cells CD8+_GO6976
split3,NK cells,Lapatinib,0.0709219858156028,0.28672985781990523,0.05,0.0,0.019,0.28672985781990523,0.2677298578199052,0.019000000000000017,1,6.288886833190917,422,1000,1000,1000,NK cells_Lapatinib
split3,T cells CD8+,Vorinostat,0.0709219858156028,0.37948717948717947,0.05,0.0,0.019,0.37948717948717947,0.36048717948717945,0.019000000000000017,1,13.484432506561278,195,1000,1000,1000,T cells CD8+_Vorinostat
split3,T cells CD8+,MK5108,0.0709219858156028,0.7457627118644068,0.05,0.0,0.019,0.7457627118644068,0.7267627118644068,0.019000000000000017,1,7.139842009544372,59,1000,1000,1000,T cells CD8+_MK5108
split3,T cells CD8+,RG7090,0.0709219858156028,0.6885245901639344,0.05,0.0,0.019,0.6885245901639344,0.6695245901639344,0.019000000000000017,1,10.682361221313473,61,1000,1000,1000,T cells CD8+_RG7090
split3,T cells CD8+,AVL292,0.0709219858156028,0.5373134328358209,0.05,0.0,0.019,0.5373134328358209,0.5183134328358209,0.019000000000000017,1,8.108100271224975,67,1000,1000,1000,T cells CD8+_AVL292
split3,NK cells,TLHRAS26,0.0709219858156028,0.2785515320334262,0.05,0.0,0.018,0.2785515320334262,0.2605515320334262,0.018000000000000016,1,7.414755129814147,359,1000,1000,1000,NK cells_TLHRAS26
split3,T cells CD8+,Isoniazid,0.0709219858156028,0.5192307692307693,0.05,0.0,0.017,0.5192307692307693,0.5022307692307693,0.017000000000000015,1,8.876668739318845,52,1000,1000,1000,T cells CD8+_Isoniazid
split3,T cells CD8+,K02288,0.0709219858156028,0.5394736842105263,0.05,0.0,0.017,0.5394736842105263,0.5224736842105263,0.017000000000000015,1,7.201989173889158,76,1000,1000,1000,T cells CD8+_K02288
split3,T cells CD8+,Methotrexate,0.0709219858156028,0.5466666666666666,0.05,0.0,0.016,0.5466666666666666,0.5306666666666666,0.016000000000000014,1,7.638539600372314,75,1000,1000,1000,T cells CD8+_Methotrexate
split,T regulatory cells,Lapatinib,0.0709219858156028,0.5774647887323944,0.05,0.0,0.016,0.5774647887323944,0.5614647887323944,0.016000000000000014,1,5.56404230594635,71,1000,1000,1000,T regulatory cells_Lapatinib
split,Myeloid cells,Linagliptin,0.0709219858156028,0.351931330472103,0.05,0.0,0.015,0.351931330472103,0.336931330472103,0.015000000000000013,1,9.564256143569942,233,1000,1000,1000,Myeloid cells_Linagliptin
split3,T cells CD8+,Desloratadine,0.0709219858156028,0.4927536231884058,0.05,0.0,0.015,0.4927536231884058,0.4777536231884058,0.015000000000000013,1,7.759545254707336,69,1000,1000,1000,T cells CD8+_Desloratadine
split,T regulatory cells,Colforsin,0.0709219858156028,0.8055555555555556,0.05,0.0,0.014,0.8055555555555556,0.7915555555555556,0.014000000000000012,1,5.830542492866515,36,1000,1000,1000,T regulatory cells_Colforsin
split,T regulatory cells,Oxybenzone,0.0709219858156028,0.6730769230769231,0.05,0.0,0.014,0.6730769230769231,0.6590769230769231,0.014000000000000012,1,7.310233449935912,52,1000,1000,1000,T regulatory cells_Oxybenzone
split,T regulatory cells,Linagliptin,0.0709219858156028,0.5901639344262295,0.05,0.0,0.013,0.5901639344262295,0.5771639344262295,0.013000000000000012,1,6.2969022512435915,61,1000,1000,1000,T regulatory cells_Linagliptin
split3,NK cells,GSK1070916,0.0709219858156028,0.25075528700906347,0.05,0.012,0.025,0.23875528700906345,0.22575528700906347,0.012999999999999984,1,8.425844812393187,331,1000,1000,1000,NK cells_GSK1070916
split,T regulatory cells,Riociguat,0.0709219858156028,0.5818181818181818,0.05,0.003,0.015,0.5788181818181818,0.5668181818181818,0.01200000000000001,1,6.927676916122432,55,1000,1000,1000,T regulatory cells_Riociguat
split,T regulatory cells,ABT737,0.0709219858156028,0.8,0.05,0.001,0.012,0.799,0.788,0.01100000000000001,1,5.835453987121582,35,1000,1000,1000,T regulatory cells_ABT737
split,T regulatory cells,Vandetanib,0.0709219858156028,0.66,0.05,0.016,0.027,0.644,0.633,0.01100000000000001,1,6.398875784873963,50,1000,1000,1000,T regulatory cells_Vandetanib
split2,T cells CD4+,Phenylbutazone,0.0709219858156028,0.2811296534017972,0.05,0.0,0.011,0.2811296534017972,0.2701296534017972,0.01100000000000001,1,7.3624346971511825,779,1000,1000,1000,T cells CD4+_Phenylbutazone
split3,T cells CD8+,Imatinib,0.0709219858156028,0.4647887323943662,0.05,0.0,0.011,0.4647887323943662,0.4537887323943662,0.01100000000000001,1,8.664804315567016,71,1000,1000,1000,T cells CD8+_Imatinib
split2,T cells CD4+,OSI930,0.0709219858156028,0.2483974358974359,0.05,0.0,0.011,0.2483974358974359,0.2373974358974359,0.01100000000000001,1,7.266037082672116,624,1000,1000,1000,T cells CD4+_OSI930
split2,B cells,LDN193189,0.0709219858156028,0.3013698630136986,0.05,0.037,0.047,0.26436986301369864,0.2543698630136986,0.010000000000000009,1,10.586080217361449,292,1000,1000,1000,B cells_LDN193189
split,T regulatory cells,Penfluridol,0.0709219858156028,0.6521739130434783,0.05,0.0,0.01,0.6521739130434783,0.6421739130434783,0.010000000000000009,1,6.299719715118408,46,1000,1000,1000,T regulatory cells_Penfluridol
split3,NK cells,Tivozanib,0.0709219858156028,0.3155080213903743,0.05,0.0,0.01,0.3155080213903743,0.3055080213903743,0.010000000000000009,1,6.254748892784116,374,1000,1000,1000,NK cells_Tivozanib
split,T regulatory cells,RG7090,0.0709219858156028,0.8333333333333334,0.05,0.0,0.01,0.8333333333333334,0.8233333333333334,0.010000000000000009,1,4.6103840351104735,36,1000,1000,1000,T regulatory cells_RG7090
split2,T cells CD4+,Doxorubicin,0.0709219858156028,0.9783783783783784,0.05,1.0,0.99,0.021621621621621623,0.011621621621621614,0.010000000000000009,1,5.193656396865841,555,1000,1000,1000,T cells CD4+_Doxorubicin
split,T regulatory cells,MubritinibTAK165,0.0709219858156028,0.7878787878787878,0.05,0.083,0.093,0.7048787878787879,0.6948787878787879,0.010000000000000009,1,6.906081891059871,33,1000,1000,1000,T regulatory cells_MubritinibTAK165
split,T regulatory cells,PorcnInhibitorIII,0.0709219858156028,0.68,0.05,0.0,0.01,0.68,0.67,0.010000000000000009,1,7.058320140838623,50,1000,1000,1000,T regulatory cells_PorcnInhibitorIII
split,T regulatory cells,HYDROXYUREA,0.0709219858156028,0.5961538461538461,0.05,0.003,0.013,0.5931538461538461,0.5831538461538461,0.010000000000000009,1,6.714397740364074,52,1000,1000,1000,T regulatory cells_HYDROXYUREA
split3,NK cells,STK219801,0.0709219858156028,0.38315217391304346,0.05,0.0,0.009,0.38315217391304346,0.37415217391304345,0.009000000000000008,1,6.313460993766783,368,1000,1000,1000,NK cells_STK219801
split,T regulatory cells,BID1870,0.0709219858156028,0.9032258064516129,0.05,0.003,0.012,0.9002258064516129,0.8912258064516129,0.009000000000000008,1,5.380650019645689,31,1000,1000,1000,T regulatory cells_BID1870
split3,T cells CD8+,SB525334,0.0709219858156028,0.6078431372549019,0.05,0.0,0.009,0.6078431372549019,0.5988431372549019,0.009000000000000008,1,10.748005056381224,51,1000,1000,1000,T cells CD8+_SB525334
split,T regulatory cells,LDN193189,0.0709219858156028,0.7454545454545455,0.05,0.001,0.009,0.7444545454545455,0.7364545454545455,0.008000000000000007,1,5.544260144233698,55,1000,1000,1000,T regulatory cells_LDN193189
split3,NK cells,MGCD265,0.0709219858156028,0.26112759643916916,0.05,0.0,0.008,0.26112759643916916,0.25312759643916916,0.008000000000000007,1,7.32395224571228,337,1000,1000,1000,NK cells_MGCD265
split3,T cells CD8+,TLHRAS26,0.0709219858156028,0.5538461538461539,0.05,0.0,0.008,0.5538461538461539,0.5458461538461539,0.008000000000000007,1,7.481384277343747,65,1000,1000,1000,T cells CD8+_TLHRAS26
split3,T cells CD8+,Masitinib,0.0709219858156028,0.29914529914529914,0.05,0.0,0.007,0.29914529914529914,0.29214529914529913,0.007000000000000006,1,8.01115436553955,117,1000,1000,1000,T cells CD8+_Masitinib
split3,NK cells,Resminostat,0.0709219858156028,0.459375,0.05,0.068,0.844,0.391375,0.384625,0.006749999999999978,1,10.845100688934325,320,1000,1000,1000,NK cells_Resminostat
split3,T cells CD8+,Raloxifene,0.0709219858156028,0.723404255319149,0.05,0.0,0.006,0.723404255319149,0.717404255319149,0.006000000000000005,1,7.643074750900268,47,1000,1000,1000,T cells CD8+_Raloxifene
split2,T cells CD4+,Dactolisib,0.0709219858156028,0.9771863117870723,0.05,1.0,0.994,0.02281368821292773,0.016813688212927724,0.006000000000000005,1,5.878752517700195,789,1000,1000,1000,T cells CD4+_Dactolisib
split3,NK cells,Imatinib,0.0709219858156028,0.18772563176895307,0.05,0.0,0.006,0.18772563176895307,0.18172563176895307,0.006000000000000005,1,8.123567581176756,277,1000,1000,1000,NK cells_Imatinib
split3,NK cells,Doxorubicin,0.0709219858156028,0.9302325581395349,0.05,0.999,0.994,0.06876744186046513,0.06376744186046512,0.0050000000000000044,1,5.351177573204039,258,1000,1000,1000,NK cells_Doxorubicin
split3,T cells CD8+,Palbociclib,0.0709219858156028,0.7321428571428571,0.05,0.0,0.005,0.7321428571428571,0.7271428571428571,0.0050000000000000044,1,7.0577381134033175,56,1000,1000,1000,T cells CD8+_Palbociclib
split3,T cells CD8+,Ketoconazole,0.0709219858156028,0.8181818181818182,0.05,0.0,0.005,0.8181818181818182,0.8131818181818182,0.0050000000000000044,1,14.13334379196167,33,1000,1000,1000,T cells CD8+_Ketoconazole
split3,T cells CD8+,Doxorubicin,0.0709219858156028,0.967391304347826,0.05,1.0,0.996,0.03260869565217395,0.028608695652173943,0.0040000000000000036,1,5.038817930221555,92,1000,1000,1000,T cells CD8+_Doxorubicin
split3,T cells CD8+,SCH58261,0.0709219858156028,0.35789473684210527,0.05,0.0,0.004,0.35789473684210527,0.35389473684210526,0.0040000000000000036,1,7.757981944084167,95,1000,1000,1000,T cells CD8+_SCH58261
split,Myeloid cells,LDN193189,0.0709219858156028,0.409375,0.05,0.0,0.004,0.409375,0.405375,0.0040000000000000036,1,5.9084397315979,320,1000,1000,1000,Myeloid cells_LDN193189
split,T regulatory cells,Azacitidine,0.0709219858156028,0.8490566037735849,0.05,0.0,0.004,0.8490566037735849,0.8450566037735849,0.0040000000000000036,1,5.096105098724365,53,1000,1000,1000,T regulatory cells_Azacitidine
split3,NK cells,Colforsin,0.0709219858156028,0.24307692307692308,0.05,0.015,0.019,0.22807692307692307,0.2240769230769231,0.003999999999999976,1,7.768582630157467,325,1000,1000,1000,NK cells_Colforsin
split,T regulatory cells,RN486,0.0709219858156028,0.7592592592592593,0.05,0.0,0.003,0.7592592592592593,0.7562592592592593,0.0030000000000000027,1,5.330513024330136,54,1000,1000,1000,T regulatory cells_RN486
split3,T cells CD8+,Trametinib,0.0709219858156028,0.4647887323943662,0.05,0.0,0.003,0.4647887323943662,0.4617887323943662,0.0030000000000000027,1,8.187084770202636,71,1000,1000,1000,T cells CD8+_Trametinib
split3,T cells CD8+,Lapatinib,0.0709219858156028,0.5053763440860215,0.05,0.0,0.003,0.5053763440860215,0.5023763440860215,0.0030000000000000027,1,8.194430637359613,93,1000,1000,1000,T cells CD8+_Lapatinib
split3,NK cells,Dactolisib,0.0709219858156028,0.979933110367893,0.05,1.0,0.997,0.02006688963210701,0.017066889632107007,0.0030000000000000027,1,5.747786569595335,299,1000,1000,1000,NK cells_Dactolisib
split3,T cells CD8+,Vandetanib,0.0709219858156028,0.4065934065934066,0.05,0.0,0.003,0.4065934065934066,0.4035934065934066,0.0030000000000000027,1,7.350183725357056,91,1000,1000,1000,T cells CD8+_Vandetanib
split,T regulatory cells,Colchicine,0.0709219858156028,0.9642857142857143,0.05,0.0,0.002,0.9642857142857143,0.9622857142857143,0.0020000000000000018,1,5.083466911315917,28,1000,1000,1000,T regulatory cells_Colchicine
split2,T cells CD4+,Imatinib,0.0709219858156028,0.18257956448911222,0.05,0.0,0.002,0.18257956448911222,0.18057956448911222,0.0020000000000000018,1,7.166847562789917,597,1000,1000,1000,T cells CD4+_Imatinib
split3,T cells CD8+,Topotecan,0.0709219858156028,0.6455696202531646,0.05,0.0,0.002,0.6455696202531646,0.6435696202531646,0.0020000000000000018,1,6.433091878890989,79,1000,1000,1000,T cells CD8+_Topotecan
split,T regulatory cells,Raloxifene,0.0709219858156028,0.7692307692307693,0.05,0.0,0.002,0.7692307692307693,0.7672307692307693,0.0020000000000000018,1,6.168083524703976,26,1000,1000,1000,T regulatory cells_Raloxifene
split3,T cells CD8+,Penfluridol,0.0709219858156028,0.4342105263157895,0.05,0.001,0.003,0.4332105263157895,0.4312105263157895,0.0020000000000000018,1,8.60932078361511,76,1000,1000,1000,T cells CD8+_Penfluridol
split3,NK cells,Prednisolone,0.0709219858156028,0.9897610921501706,0.05,1.0,0.998,0.010238907849829393,0.008238907849829391,0.0020000000000000018,1,4.831608462333679,293,1000,1000,1000,NK cells_Prednisolone
split3,NK cells,CHIR99021,0.0709219858156028,0.31962025316455694,0.05,0.278,0.28,0.04162025316455692,0.03962025316455692,0.0020000000000000018,1,12.95364351272583,316,1000,1000,1000,NK cells_CHIR99021
split,T regulatory cells,Clemastine,0.0709219858156028,0.8292682926829268,0.05,0.0,0.002,0.8292682926829268,0.8272682926829268,0.0020000000000000018,1,5.593552613258361,41,1000,1000,1000,T regulatory cells_Clemastine
split3,T cells CD8+,Clomipramine,0.0709219858156028,0.4666666666666667,0.05,0.0,0.001,0.4666666666666667,0.4656666666666667,0.0010000000000000009,1,11.280411529541013,60,1000,1000,1000,T cells CD8+_Clomipramine
split3,T cells CD8+,Phenylbutazone,0.0709219858156028,0.3974358974358974,0.05,0.0,0.001,0.3974358974358974,0.3964358974358974,0.0010000000000000009,1,9.596140527725213,78,1000,1000,1000,T cells CD8+_Phenylbutazone
split,T regulatory cells,Resminostat,0.0709219858156028,1.0,0.05,0.0,0.001,1.0,0.999,0.0010000000000000009,1,9.348135662078857,12,1000,1000,1000,T regulatory cells_Resminostat
split2,T cells CD4+,LDN193189,0.0709219858156028,0.23247232472324722,0.05,0.009,0.01,0.2234723247232472,0.2224723247232472,0.0010000000000000009,1,7.368946170806883,813,1000,1000,1000,T cells CD4+_LDN193189
split,T regulatory cells,Clotrimazole,0.0709219858156028,0.9393939393939394,0.05,0.0,0.001,0.9393939393939394,0.9383939393939394,0.0010000000000000009,1,5.413166046142577,33,1000,1000,1000,T regulatory cells_Clotrimazole
split2,T cells CD4+,Buspirone,0.0709219858156028,0.17117117117117117,0.05,0.0,0.001,0.17117117117117117,0.17017117117117117,0.0010000000000000009,1,7.275883388519286,666,1000,1000,1000,T cells CD4+_Buspirone
split2,T cells CD4+,MometasoneFuroate,0.0709219858156028,0.9831649831649831,0.05,0.993,0.992,0.009835016835016863,0.008835016835016862,0.0010000000000000009,1,5.2602827787399296,594,1000,1000,1000,T cells CD4+_MometasoneFuroate
split,T regulatory cells,Flutamide,0.0709219858156028,0.725,0.05,0.011,0.012,0.714,0.713,0.0010000000000000009,1,6.859386181831359,40,1000,1000,1000,T regulatory cells_Flutamide
split,T regulatory cells,Dactolisib,0.0709219858156028,0.9642857142857143,0.05,0.951,0.977,0.013285714285714345,0.012714285714285678,0.0005714285714286671,1,9.607538938522337,28,1000,1000,1000,T regulatory cells_Dactolisib
split3,NK cells,Azacitidine,0.0709219858156028,0.31932773109243695,0.05,0.0,0.0,0.31932773109243695,0.31932773109243695,0.0,0,6.26855182647705,357,1000,1000,1000,NK cells_Azacitidine
split3,T cells CD8+,MometasoneFuroate,0.0709219858156028,1.0,0.05,1.0,1.0,0.0,0.0,0.0,0,5.313118600845336,78,1000,1000,1000,T cells CD8+_MometasoneFuroate
split3,T cells CD8+,GW843682X,0.0709219858156028,0.43209876543209874,0.05,0.0,0.0,0.43209876543209874,0.43209876543209874,0.0,0,8.156647014617919,81,1000,1000,1000,T cells CD8+_GW843682X
split,T regulatory cells,Imatinib,0.0709219858156028,0.8823529411764706,0.05,0.0,0.0,0.8823529411764706,0.8823529411764706,0.0,0,5.068040466308592,34,1000,1000,1000,T regulatory cells_Imatinib
split,T regulatory cells,Decitabine,0.0709219858156028,0.8709677419354839,0.05,0.0,0.0,0.8709677419354839,0.8709677419354839,0.0,0,5.23322319984436,31,1000,1000,1000,T regulatory cells_Decitabine
split,T regulatory cells,GO6976,0.0709219858156028,0.9583333333333334,0.05,0.0,0.0,0.9583333333333334,0.9583333333333334,0.0,0,4.538759684562683,24,1000,1000,1000,T regulatory cells_GO6976
split3,T cells CD8+,TR14035,0.0709219858156028,0.33636363636363636,0.05,0.0,0.0,0.33636363636363636,0.33636363636363636,0.0,0,8.192968416213986,110,1000,1000,1000,T cells CD8+_TR14035
split2,T cells CD4+,MLN2238,0.0709219858156028,0.9913916786226685,0.05,1.0,1.0,0.008608321377331474,0.008608321377331474,0.0,0,4.018295764923095,697,1000,1000,1000,T cells CD4+_MLN2238
split2,T cells CD4+,IN1451,0.0709219858156028,0.9738562091503268,0.05,1.0,1.0,0.02614379084967322,0.02614379084967322,0.0,0,6.6067217588424665,612,1000,1000,1000,T cells CD4+_IN1451
split3,T cells CD8+,Amiodarone,0.0709219858156028,0.43548387096774194,0.05,0.0,0.0,0.43548387096774194,0.43548387096774194,0.0,0,7.9756282329559305,62,1000,1000,1000,T cells CD8+_Amiodarone
split2,T cells CD4+,CEP18770Delanzomib,0.0709219858156028,0.9922048997772829,0.05,1.0,1.0,0.007795100222717122,0.007795100222717122,0.0,0,3.921230900287625,898,1000,1000,1000,T cells CD4+_CEP18770Delanzomib
split2,T cells CD4+,OprozomibONX0912,0.0709219858156028,0.9943977591036415,0.05,1.0,1.0,0.0056022408963585235,0.0056022408963585235,0.0,0,4.074696469306941,714,1000,1000,1000,T cells CD4+_OprozomibONX0912
split2,T cells CD4+,AT13387,0.0709219858156028,0.9834558823529411,0.05,1.0,1.0,0.016544117647058876,0.016544117647058876,0.0,0,5.615055799484252,544,1000,1000,1000,T cells CD4+_AT13387
split3,NK cells,Amiodarone,0.0709219858156028,0.24013157894736842,0.05,0.0,0.0,0.24013157894736842,0.24013157894736842,0.0,0,6.345552968978882,304,1000,1000,1000,NK cells_Amiodarone
split3,T cells CD8+,RN486,0.0709219858156028,0.6290322580645161,0.05,0.0,0.0,0.6290322580645161,0.6290322580645161,0.0,0,6.923420524597168,62,1000,1000,1000,T cells CD8+_RN486
split,T regulatory cells,Buspirone,0.0709219858156028,0.5555555555555556,0.05,0.0,0.0,0.5555555555555556,0.5555555555555556,0.0,0,7.309082436561583,54,1000,1000,1000,T regulatory cells_Buspirone
split3,NK cells,Chlorpheniramine,0.0709219858156028,0.21385542168674698,0.05,0.0,0.0,0.21385542168674698,0.21385542168674698,0.0,0,7.374130392074583,332,1000,1000,1000,NK cells_Chlorpheniramine
split3,T cells CD8+,PorcnInhibitorIII,0.0709219858156028,0.6101694915254238,0.05,0.0,0.0,0.6101694915254238,0.6101694915254238,0.0,0,7.595141720771789,59,1000,1000,1000,T cells CD8+_PorcnInhibitorIII
split3,NK cells,Alvocidib,0.0709219858156028,1.0,0.05,0.0,0.0,1.0,1.0,0.0,0,4.437928581237792,6,1000,1000,1000,NK cells_Alvocidib
split,Myeloid cells,CHIR99021,0.0709219858156028,0.67578125,0.05,0.0,0.0,0.67578125,0.67578125,0.0,0,7.7720603227615355,256,1000,1000,1000,Myeloid cells_CHIR99021
split,T regulatory cells,Navitoclax,0.0709219858156028,0.7241379310344828,0.05,0.0,0.0,0.7241379310344828,0.7241379310344828,0.0,0,4.831853675842285,58,1000,1000,1000,T regulatory cells_Navitoclax
split3,T cells CD8+,Navitoclax,0.0709219858156028,0.7647058823529411,0.05,0.0,0.0,0.7647058823529411,0.7647058823529411,0.0,0,7.055714225769043,34,1000,1000,1000,T cells CD8+_Navitoclax
split,T regulatory cells,OprozomibONX0912,0.0709219858156028,1.0,0.05,1.0,1.0,0.0,0.0,0.0,0,6.149625754356382,256,1000,1000,1000,T regulatory cells_OprozomibONX0912
split,T regulatory cells,CEP37440,0.0709219858156028,0.515625,0.05,0.0,0.0,0.515625,0.515625,0.0,0,8.330361509323119,64,1000,1000,1000,T regulatory cells_CEP37440
split,T regulatory cells,MGCD265,0.0709219858156028,0.868421052631579,0.05,0.0,0.0,0.868421052631579,0.868421052631579,0.0,0,4.816870141029357,38,1000,1000,1000,T regulatory cells_MGCD265
split,T regulatory cells,SB525334,0.0709219858156028,0.9074074074074074,0.05,0.0,0.0,0.9074074074074074,0.9074074074074074,0.0,0,4.508430314064026,54,1000,1000,1000,T regulatory cells_SB525334
split,T regulatory cells,TR14035,0.0709219858156028,0.9705882352941176,0.05,0.0,0.0,0.9705882352941176,0.9705882352941176,0.0,0,5.254477787017822,34,1000,1000,1000,T regulatory cells_TR14035
split,T regulatory cells,SCH58261,0.0709219858156028,0.967741935483871,0.05,0.0,0.0,0.967741935483871,0.967741935483871,0.0,0,4.176580643653869,31,1000,1000,1000,T regulatory cells_SCH58261
split3,T cells CD8+,BID1870,0.0709219858156028,0.6538461538461539,0.05,0.0,0.0,0.6538461538461539,0.6538461538461539,0.0,0,7.616664600372313,52,1000,1000,1000,T cells CD8+_BID1870
split,T regulatory cells,Cabozantinib,0.0709219858156028,0.8148148148148148,0.05,0.003,0.003,0.8118148148148148,0.8118148148148148,0.0,0,4.865879368782041,54,1000,1000,1000,T regulatory cells_Cabozantinib
split3,T cells CD8+,Quizartinib,0.0709219858156028,0.7857142857142857,0.05,0.0,0.0,0.7857142857142857,0.7857142857142857,0.0,0,5.971984291076658,56,1000,1000,1000,T cells CD8+_Quizartinib
split3,T cells CD8+,LDN193189,0.0709219858156028,0.5135135135135135,0.05,0.0,0.0,0.5135135135135135,0.5135135135135135,0.0,0,7.05533046722412,74,1000,1000,1000,T cells CD8+_LDN193189
split3,T cells CD8+,Alogliptin,0.0709219858156028,0.38333333333333336,0.05,0.0,0.0,0.38333333333333336,0.38333333333333336,0.0,0,12.29642219543457,60,1000,1000,1000,T cells CD8+_Alogliptin
split,T regulatory cells,Tipifarnib,0.0709219858156028,0.9473684210526315,0.05,0.0,0.0,0.9473684210526315,0.9473684210526315,0.0,0,5.3068958759307865,38,1000,1000,1000,T regulatory cells_Tipifarnib
split3,T cells CD8+,Defactinib,0.0709219858156028,0.5057471264367817,0.05,0.0,0.0,0.5057471264367817,0.5057471264367817,0.0,0,6.937654066085814,87,1000,1000,1000,T cells CD8+_Defactinib
split3,NK cells,RVX208,0.0709219858156028,0.49441340782122906,0.05,0.0,0.0,0.49441340782122906,0.49441340782122906,0.0,0,6.272758436202995,358,1000,1000,1000,NK cells_RVX208
split3,NK cells,CGP60474,0.0709219858156028,1.0,0.05,0.0,0.0,1.0,1.0,0.0,0,7.67954454421997,6,1000,1000,1000,NK cells_CGP60474
split3,T cells CD8+,Foretinib,0.0709219858156028,0.547945205479452,0.05,0.0,0.0,0.547945205479452,0.547945205479452,0.0,0,7.797714161872864,73,1000,1000,1000,T cells CD8+_Foretinib
split3,T cells CD8+,BMS777607,0.0709219858156028,0.47674418604651164,0.05,0.0,0.0,0.47674418604651164,0.47674418604651164,0.0,0,8.267013072967528,86,1000,1000,1000,T cells CD8+_BMS777607
split3,T cells CD8+,Vardenafil,0.0709219858156028,0.5,0.05,0.0,0.0,0.5,0.5,0.0,0,12.219466972351073,56,1000,1000,1000,T cells CD8+_Vardenafil
split3,T cells CD8+,Decitabine,0.0709219858156028,0.6029411764705882,0.05,0.0,0.0,0.6029411764705882,0.6029411764705882,0.0,0,6.637526726722717,68,1000,1000,1000,T cells CD8+_Decitabine
split3,NK cells,Phenylbutazone,0.0709219858156028,0.24129353233830847,0.05,0.0,0.0,0.24129353233830847,0.24129353233830847,0.0,0,6.484821915626524,402,1000,1000,1000,NK cells_Phenylbutazone
split3,T cells CD8+,CEP18770Delanzomib,0.0709219858156028,1.0,0.05,1.0,1.0,0.0,0.0,0.0,0,5.851280379295348,389,1000,1000,1000,T cells CD8+_CEP18770Delanzomib
split3,T cells CD8+,Ixabepilone,0.0709219858156028,0.7464788732394366,0.05,0.0,0.0,0.7464788732394366,0.7464788732394366,0.0,0,7.0168604135513295,71,1000,1000,1000,T cells CD8+_Ixabepilone
split3,NK cells,AZD3514,0.0709219858156028,0.38436482084690554,0.05,0.0,0.0,0.38436482084690554,0.38436482084690554,0.0,0,6.1421539068222035,307,1000,1000,1000,NK cells_AZD3514
split3,T cells CD8+,MLN2238,0.0709219858156028,1.0,0.05,1.0,1.0,0.0,0.0,0.0,0,5.796891760826111,392,1000,1000,1000,T cells CD8+_MLN2238
split3,T cells CD8+,TIE2KinaseInhibitor,0.0709219858156028,0.41975308641975306,0.05,0.0,0.0,0.41975308641975306,0.41975308641975306,0.0,0,7.885021567344665,81,1000,1000,1000,T cells CD8+_TIE2KinaseInhibitor
split3,T cells CD8+,ABT737,0.0709219858156028,0.8536585365853658,0.05,0.0,0.0,0.8536585365853658,0.8536585365853658,0.0,0,6.7818756103515625,41,1000,1000,1000,T cells CD8+_ABT737
split3,T cells CD8+,Cabozantinib,0.0709219858156028,0.46153846153846156,0.05,0.0,0.0,0.46153846153846156,0.46153846153846156,0.0,0,6.527972674369812,104,1000,1000,1000,T cells CD8+_Cabozantinib
split3,T cells CD8+,Protriptyline,0.0709219858156028,0.6176470588235294,0.05,0.0,0.0,0.6176470588235294,0.6176470588235294,0.0,0,7.054490637779234,68,1000,1000,1000,T cells CD8+_Protriptyline
split3,NK cells,MometasoneFuroate,0.0709219858156028,0.991304347826087,0.05,0.999,0.999,0.007695652173912992,0.007695652173912992,0.0,0,4.857374739646911,230,1000,1000,1000,NK cells_MometasoneFuroate
split3,NK cells,ProscillaridinAProscillaridinA,0.0709219858156028,0.9762845849802372,0.05,1.0,1.0,0.02371541501976282,0.02371541501976282,0.0,0,6.950331950187682,506,1000,1000,1000,NK cells_ProscillaridinAProscillaridinA
split3,T cells CD8+,ODemethylatedAdapalene,0.0709219858156028,0.4594594594594595,0.05,0.0,0.0,0.4594594594594595,0.4594594594594595,0.0,0,8.97360281944275,74,1000,1000,1000,T cells CD8+_ODemethylatedAdapalene
split2,T cells CD4+,GanetespibSTA9090,0.0709219858156028,0.9926470588235294,0.05,0.999,1.0,0.006352941176470561,0.007352941176470562,-0.0010000000000000009,0,5.823280596733093,544,1000,1000,1000,T cells CD4+_GanetespibSTA9090
split3,T cells CD8+,Linagliptin,0.0709219858156028,0.44155844155844154,0.05,0.001,0.0,0.44055844155844154,0.44155844155844154,-0.0010000000000000009,0,12.831217050552368,77,1000,1000,1000,T cells CD8+_Linagliptin
split,T regulatory cells,AZD3514,0.0709219858156028,0.925,0.05,0.001,0.0,0.924,0.925,-0.0010000000000000009,0,4.682245039939879,40,1000,1000,1000,T regulatory cells_AZD3514
split,T regulatory cells,PF03814735,0.0709219858156028,1.0,0.05,0.695,0.694,0.30500000000000005,0.30600000000000005,-0.0010000000000000009,0,9.85257058143615,28,1000,1000,1000,T regulatory cells_PF03814735
split3,T cells CD8+,Lamivudine,0.0709219858156028,0.4431818181818182,0.05,0.002,0.0,0.4411818181818182,0.4431818181818182,-0.0020000000000000018,0,7.735571837425231,88,1000,1000,1000,T cells CD8+_Lamivudine
split3,T cells CD8+,Disulfiram,0.0709219858156028,0.5454545454545454,0.05,0.002,0.0,0.5434545454545454,0.5454545454545454,-0.0020000000000000018,0,10.829571151733399,55,1000,1000,1000,T cells CD8+_Disulfiram
split,T regulatory cells,AT13387,0.0709219858156028,1.0,0.05,0.993,0.991,0.007000000000000006,0.009000000000000008,-0.0020000000000000018,0,6.44296061992645,7,1000,1000,1000,T regulatory cells_AT13387
split3,T cells CD8+,Riociguat,0.0709219858156028,0.38235294117647056,0.05,0.002,0.0,0.38035294117647056,0.38235294117647056,-0.0020000000000000018,0,8.309228706359862,102,1000,1000,1000,T cells CD8+_Riociguat
split3,NK cells,TIE2KinaseInhibitor,0.0709219858156028,0.30687830687830686,0.05,0.005,0.002,0.30187830687830686,0.30487830687830686,-0.0030000000000000027,0,6.632967638969421,378,1000,1000,1000,NK cells_TIE2KinaseInhibitor
split3,T cells CD8+,Azacitidine,0.0709219858156028,0.36283185840707965,0.05,0.019,0.016,0.34383185840707964,0.34683185840707964,-0.0030000000000000027,0,7.8909232139587395,113,1000,1000,1000,T cells CD8+_Azacitidine
split2,T cells CD4+,Prednisolone,0.0709219858156028,0.9573901464713716,0.05,0.989,0.993,0.03160985352862844,0.03560985352862844,-0.0040000000000000036,0,5.2423521041870105,751,1000,1000,1000,T cells CD4+_Prednisolone
split2,T cells CD4+,Pomalidomide,0.0709219858156028,0.7054973821989529,0.05,0.484,0.48,0.22149738219895287,0.22549738219895288,-0.0040000000000000036,0,6.932443141937255,764,1000,1000,1000,T cells CD4+_Pomalidomide
split,T regulatory cells,OSI930,0.0709219858156028,0.7,0.05,0.004,0.0,0.696,0.7,-0.0040000000000000036,0,5.6371680021285995,50,1000,1000,1000,T regulatory cells_OSI930
split3,T cells CD8+,Prednisolone,0.0709219858156028,0.9814814814814815,0.05,0.991,0.998,0.009518518518518482,0.016518518518518488,-0.007000000000000006,0,5.925842571258544,108,1000,1000,1000,T cells CD8+_Prednisolone
split,T regulatory cells,STK219801,0.0709219858156028,0.5967741935483871,0.05,0.008,0.001,0.5887741935483871,0.5957741935483871,-0.007000000000000006,0,6.175448846817012,62,1000,1000,1000,T regulatory cells_STK219801
split,Myeloid cells,Dactolisib,0.0709219858156028,1.0,0.05,0.989,0.981,0.01100000000000001,0.019000000000000017,-0.008000000000000007,0,8.937256002426144,87,1000,1000,1000,Myeloid cells_Dactolisib
split,T regulatory cells,Foretinib,0.0709219858156028,0.5609756097560976,0.05,0.315,0.307,0.2459756097560976,0.2539756097560976,-0.008000000000000007,0,11.415671348571776,41,1000,1000,1000,T regulatory cells_Foretinib
split3,T cells CD8+,Colchicine,0.0709219858156028,0.6875,0.05,0.027,0.016,0.6605,0.6715,-0.01100000000000001,0,6.617498040199279,80,1000,1000,1000,T cells CD8+_Colchicine
split,T regulatory cells,PRT062607,0.0709219858156028,0.96,0.05,0.557,0.545,0.4029999999999999,0.4149999999999999,-0.01200000000000001,0,11.096836423873901,25,1000,1000,1000,T regulatory cells_PRT062607
split2,T cells CD4+,CGP60474,0.0709219858156028,0.7333333333333333,0.05,0.987,1.0,0.2536666666666667,0.2666666666666667,-0.013000000000000012,0,5.479073596000667,15,1000,1000,1000,T cells CD4+_CGP60474
split,T regulatory cells,ABT199GDC0199,0.0709219858156028,0.4461538461538462,0.05,0.04,0.025,0.4061538461538462,0.42115384615384616,-0.014999999999999958,0,7.22230246067047,65,1000,1000,1000,T regulatory cells_ABT199GDC0199
split3,T cells CD8+,UNIIBXU45ZH6LI,0.0709219858156028,1.0,0.05,0.238,0.223,0.762,0.777,-0.015000000000000013,0,4.28718934059143,6,1000,1000,1000,T cells CD8+_UNIIBXU45ZH6LI
split,T regulatory cells,Tosedostat,0.0709219858156028,1.0,0.05,0.073,0.057,0.927,0.943,-0.015999999999999903,0,5.331140708923339,24,1000,1000,1000,T regulatory cells_Tosedostat
split3,T cells CD8+,Dactolisib,0.0709219858156028,1.0,0.05,1.0,0.984,0.0,0.016000000000000014,-0.016000000000000014,0,6.37389245033264,55,1000,1000,1000,T cells CD8+_Dactolisib
split2,T cells CD4+,TGX221,0.0709219858156028,0.36608557844690964,0.05,0.068,0.683,0.29808557844690964,0.3169144215530904,-0.01882884310618077,0,7.6768969058990475,631,1000,1000,1000,T cells CD4+_TGX221
split3,T cells CD8+,Flutamide,0.0709219858156028,0.5384615384615384,0.05,0.02,0.001,0.5184615384615384,0.5374615384615384,-0.019000000000000017,0,7.7474867105484,65,1000,1000,1000,T cells CD8+_Flutamide
split,T regulatory cells,AZD4547,0.0709219858156028,0.7317073170731707,0.05,0.041,0.02,0.6907073170731707,0.7117073170731707,-0.02100000000000002,0,6.31719570159912,41,1000,1000,1000,T regulatory cells_AZD4547
split,T regulatory cells,Prednisolone,0.0709219858156028,0.9111111111111111,0.05,0.856,0.988,0.05511111111111111,0.0768888888888889,-0.021777777777777785,0,6.292276120185849,45,1000,1000,1000,T regulatory cells_Prednisolone
split3,T cells CD8+,Tipifarnib,0.0709219858156028,0.4878048780487805,0.05,0.155,0.133,0.33280487804878045,0.35480487804878047,-0.02200000000000002,0,8.798534536361693,82,1000,1000,1000,T cells CD8+_Tipifarnib
split3,NK cells,Vandetanib,0.0709219858156028,0.26129032258064516,0.05,0.04,0.016,0.22129032258064515,0.24529032258064515,-0.023999999999999994,0,6.992357206344604,310,1000,1000,1000,NK cells_Vandetanib
split2,T cells CD4+,Tacalcitol,0.0709219858156028,0.47093023255813954,0.05,0.352,0.615,0.11893023255813956,0.14406976744186045,-0.025139534883720893,0,8.159623813629144,688,1000,1000,1000,T cells CD4+_Tacalcitol
split2,T cells CD4+,IBET151,0.0709219858156028,0.9792843691148776,0.05,1.0,0.933,0.020715630885122405,0.046284369114877544,-0.02556873822975514,0,5.044249534606932,531,1000,1000,1000,T cells CD4+_IBET151
split,T regulatory cells,Crizotinib,0.0709219858156028,0.6486486486486487,0.05,0.418,0.39,0.2306486486486487,0.25864864864864867,-0.02799999999999997,0,11.940340518951404,37,1000,1000,1000,T regulatory cells_Crizotinib
split,T regulatory cells,Doxorubicin,0.0709219858156028,1.0,0.05,0.985,0.957,0.015000000000000013,0.04300000000000004,-0.028000000000000025,0,4.86987464427948,38,1000,1000,1000,T regulatory cells_Doxorubicin
split3,NK cells,Defactinib,0.0709219858156028,0.290625,0.05,0.2,0.17,0.09062500000000001,0.12062500000000001,-0.03,0,15.177518558502195,320,1000,1000,1000,NK cells_Defactinib
split,T regulatory cells,PD0325901,0.0709219858156028,0.6904761904761905,0.05,0.454,0.419,0.23647619047619045,0.2714761904761905,-0.03500000000000003,0,8.155814266204832,42,1000,1000,1000,T regulatory cells_PD0325901
split,T regulatory cells,59Isopropyl8methyl2morpholino9Hpurin6ylpyrimidin2amine,0.0709219858156028,0.7804878048780488,0.05,0.651,0.615,0.12948780487804878,0.16548780487804882,-0.03600000000000003,0,11.857047891616817,41,1000,1000,1000,T regulatory cells_59Isopropyl8methyl2morpholino9Hpurin6ylpyrimidin2amine
split,T regulatory cells,Perhexiline,0.0709219858156028,0.6818181818181818,0.05,0.469,0.432,0.2128181818181818,0.24981818181818177,-0.03699999999999998,0,12.330071210861204,44,1000,1000,1000,T regulatory cells_Perhexiline
split3,NK cells,Clemastine,0.0709219858156028,0.2848297213622291,0.05,0.077,0.038,0.2078297213622291,0.2468297213622291,-0.03900000000000001,0,8.700015449523924,323,1000,1000,1000,NK cells_Clemastine
split3,NK cells,YK4279,0.0709219858156028,0.38605898123324395,0.05,0.244,0.568,0.14205898123324395,0.181941018766756,-0.03988203753351205,0,18.179165267944335,373,1000,1000,1000,NK cells_YK4279
split2,B cells,Dactolisib,0.0709219858156028,1.0,0.05,0.991,0.942,0.009000000000000008,0.05800000000000005,-0.049000000000000044,0,8.126210451126095,209,1000,1000,1000,B cells_Dactolisib
split3,NK cells,Nefazodone,0.0709219858156028,0.22712933753943218,0.05,0.347,0.057,0.1198706624605678,0.17012933753943218,-0.05025867507886439,0,8.209033155441285,317,1000,1000,1000,NK cells_Nefazodone
split,T regulatory cells,BX912,0.0709219858156028,0.8947368421052632,0.05,0.37,0.319,0.5247368421052632,0.5757368421052631,-0.050999999999999934,0,10.99761762619018,19,1000,1000,1000,T regulatory cells_BX912
split3,NK cells,HMN214,0.0709219858156028,0.3150984682713348,0.05,0.076,0.606,0.2390984682713348,0.2909015317286652,-0.05180306345733038,0,17.453014469146723,457,1000,1000,1000,NK cells_HMN214
split3,NK cells,59Isopropyl8methyl2morpholino9Hpurin6ylpyrimidin2amine,0.0709219858156028,0.5730027548209367,0.05,0.749,0.801,0.17599724517906334,0.2279972451790634,-0.052000000000000046,0,7.395436191558834,363,1000,1000,1000,NK cells_59Isopropyl8methyl2morpholino9Hpurin6ylpyrimidin2amine
split2,T cells CD4+,BID1870,0.0709219858156028,0.28720238095238093,0.05,0.19,0.137,0.09720238095238093,0.15020238095238092,-0.05299999999999999,0,17.343659210205075,672,1000,1000,1000,T cells CD4+_BID1870
split3,T cells CD8+,IBET151,0.0709219858156028,0.9271523178807947,0.05,0.733,0.679,0.19415231788079468,0.24815231788079462,-0.05399999999999994,0,7.7859778881073,151,1000,1000,1000,T cells CD8+_IBET151
split3,NK cells,RG7090,0.0709219858156028,0.2975206611570248,0.05,0.201,0.45,0.09652066115702479,0.1524793388429752,-0.05595867768595042,0,10.738389396667479,363,1000,1000,1000,NK cells_RG7090
split,T regulatory cells,Tacalcitol,0.0709219858156028,0.6470588235294118,0.05,0.485,0.427,0.1620588235294118,0.2200588235294118,-0.057999999999999996,0,11.227242183685302,34,1000,1000,1000,T regulatory cells_Tacalcitol
split3,NK cells,GO6976,0.0709219858156028,0.41818181818181815,0.05,0.288,0.61,0.13018181818181818,0.19181818181818183,-0.061636363636363656,0,17.303098678588846,330,1000,1000,1000,NK cells_GO6976
split,T regulatory cells,AZD8330,0.0709219858156028,0.6410256410256411,0.05,0.286,0.223,0.3550256410256411,0.4180256410256411,-0.063,0,9.680198144912717,39,1000,1000,1000,T regulatory cells_AZD8330
split3,T cells CD8+,Selumetinib,0.0709219858156028,0.3829787234042553,0.05,0.24,0.176,0.14297872340425533,0.20697872340425533,-0.064,0,10.267290592193604,94,1000,1000,1000,T cells CD8+_Selumetinib
split,T regulatory cells,Tamatinib,0.0709219858156028,0.9642857142857143,0.05,0.714,0.649,0.25028571428571433,0.3152857142857143,-0.06499999999999995,0,11.619870567321776,28,1000,1000,1000,T regulatory cells_Tamatinib
split2,T cells CD4+,Linagliptin,0.0709219858156028,0.23159509202453987,0.05,0.186,0.115,0.045595092024539874,0.11659509202453987,-0.071,0,7.281342649459837,652,1000,1000,1000,T cells CD4+_Linagliptin
split2,T cells CD4+,SCH58261,0.0709219858156028,0.26159554730983303,0.05,0.144,0.071,0.11759554730983304,0.19059554730983302,-0.07299999999999998,0,9.284568691253662,539,1000,1000,1000,T cells CD4+_SCH58261
split2,T cells CD4+,Nilotinib,0.0709219858156028,0.4782608695652174,0.05,0.269,0.763,0.2092608695652174,0.2847391304347826,-0.07547826086956522,0,8.054153728485108,529,1000,1000,1000,T cells CD4+_Nilotinib
split,T regulatory cells,Ruxolitinib,0.0709219858156028,1.0,0.05,0.547,0.469,0.45299999999999996,0.531,-0.07800000000000007,0,11.113155078887937,21,1000,1000,1000,T regulatory cells_Ruxolitinib
split,T regulatory cells,Nilotinib,0.0709219858156028,0.75,0.05,0.418,0.339,0.332,0.411,-0.07899999999999996,0,12.088851308822631,28,1000,1000,1000,T regulatory cells_Nilotinib
split2,T cells CD4+,PitavastatinCalcium,0.0709219858156028,0.373134328358209,0.05,0.309,0.517,0.06413432835820898,0.14386567164179104,-0.07973134328358206,0,15.927907896041868,737,1000,1000,1000,T cells CD4+_PitavastatinCalcium
split3,NK cells,HYDROXYUREA,0.0709219858156028,0.31417624521072796,0.05,0.145,0.061,0.16917624521072797,0.25317624521072796,-0.08399999999999999,0,9.057170677185056,261,1000,1000,1000,NK cells_HYDROXYUREA
split,T regulatory cells,Trametinib,0.0709219858156028,0.4528301886792453,0.05,0.204,0.112,0.2488301886792453,0.3408301886792453,-0.092,0,9.709795808792114,53,1000,1000,1000,T regulatory cells_Trametinib
split,T regulatory cells,MometasoneFuroate,0.0709219858156028,0.8157894736842105,0.05,0.882,0.977,0.0662105263157895,0.16121052631578947,-0.09499999999999997,0,8.189655447006226,38,1000,1000,1000,T regulatory cells_MometasoneFuroate
split2,T cells CD4+,RG7090,0.0709219858156028,0.41114058355437666,0.05,0.286,0.186,0.12514058355437668,0.22514058355437666,-0.09999999999999998,0,16.999650287628167,754,1000,1000,1000,T cells CD4+_RG7090
split,T regulatory cells,BMS536924,0.0709219858156028,0.9166666666666666,0.05,0.675,0.572,0.24166666666666659,0.3446666666666667,-0.10300000000000009,0,11.09695405960083,24,1000,1000,1000,T regulatory cells_BMS536924
split,T regulatory cells,BAY613606,0.0709219858156028,0.9444444444444444,0.05,0.962,0.823,0.017555555555555546,0.12144444444444447,-0.10388888888888892,0,8.914225053787229,18,1000,1000,1000,T regulatory cells_BAY613606
split,T regulatory cells,AVL292,0.0709219858156028,0.5555555555555556,0.05,0.396,0.281,0.15955555555555556,0.27455555555555555,-0.11499999999999999,0,11.345201015472407,45,1000,1000,1000,T regulatory cells_AVL292
split3,NK cells,ABT199GDC0199,0.0709219858156028,0.25448028673835127,0.05,0.202,0.081,0.052480286738351256,0.17348028673835125,-0.121,0,8.915323591232294,279,1000,1000,1000,NK cells_ABT199GDC0199
split2,T cells CD4+,Selumetinib,0.0709219858156028,0.44,0.05,0.538,0.661,0.09800000000000003,0.22100000000000003,-0.123,0,7.04110641479492,600,1000,1000,1000,T cells CD4+_Selumetinib
split2,T cells CD4+,PorcnInhibitorIII,0.0709219858156028,0.45795454545454545,0.05,0.236,0.111,0.22195454545454546,0.34695454545454546,-0.125,0,18.45657787322997,880,1000,1000,1000,T cells CD4+_PorcnInhibitorIII
split,T regulatory cells,Canertinib,0.0709219858156028,0.8115942028985508,0.05,0.236,0.107,0.5755942028985508,0.7045942028985508,-0.129,0,4.9739330291748045,69,1000,1000,1000,T regulatory cells_Canertinib
split3,NK cells,OSI930,0.0709219858156028,0.233502538071066,0.05,0.301,0.036,0.067497461928934,0.197502538071066,-0.130005076142132,0,9.47857708930969,394,1000,1000,1000,NK cells_OSI930
split3,NK cells,Cabozantinib,0.0709219858156028,0.2781065088757396,0.05,0.248,0.44,0.030106508875739624,0.16189349112426038,-0.13178698224852076,0,13.219520282745359,338,1000,1000,1000,NK cells_Cabozantinib
split3,T cells CD8+,Nefazodone,0.0709219858156028,0.47297297297297297,0.05,0.208,0.065,0.26497297297297295,0.40797297297297297,-0.14300000000000002,0,8.648503923416136,74,1000,1000,1000,T cells CD8+_Nefazodone
split2,T cells CD4+,GLPG0634,0.0709219858156028,0.5304777594728172,0.05,0.634,0.78,0.10352224052718284,0.24952224052718286,-0.14600000000000002,0,8.300215435028075,607,1000,1000,1000,T cells CD4+_GLPG0634
split,T regulatory cells,Saracatinib,0.0709219858156028,0.9142857142857143,0.05,0.535,0.389,0.3792857142857142,0.5252857142857142,-0.14600000000000002,0,11.06296281814575,35,1000,1000,1000,T regulatory cells_Saracatinib
split3,NK cells,BID1870,0.0709219858156028,0.25089605734767023,0.05,0.132,0.518,0.11889605734767023,0.2671039426523298,-0.14820788530465956,0,13.220589065551756,279,1000,1000,1000,NK cells_BID1870
split3,NK cells,SB525334,0.0709219858156028,0.285,0.05,0.228,0.492,0.05699999999999997,0.20700000000000002,-0.15000000000000005,0,13.931756258010857,400,1000,1000,1000,NK cells_SB525334
split3,NK cells,PitavastatinCalcium,0.0709219858156028,0.6124401913875598,0.05,0.471,0.905,0.1414401913875598,0.29255980861244024,-0.15111961722488043,0,8.875043869018551,418,1000,1000,1000,NK cells_PitavastatinCalcium
split,T regulatory cells,IKKInhibitorVII,0.0709219858156028,0.8695652173913043,0.05,0.471,0.318,0.39856521739130435,0.5515652173913044,-0.15300000000000002,0,11.818784999847411,23,1000,1000,1000,T regulatory cells_IKKInhibitorVII
split3,T cells CD8+,Oxybenzone,0.0709219858156028,0.32456140350877194,0.05,0.164,0.008,0.16056140350877193,0.31656140350877193,-0.156,0,7.626946091651915,114,1000,1000,1000,T cells CD8+_Oxybenzone
split3,NK cells,Clotrimazole,0.0709219858156028,0.290519877675841,0.05,0.212,0.055,0.07851987767584098,0.23551987767584098,-0.157,0,8.366753816604614,327,1000,1000,1000,NK cells_Clotrimazole
split,T regulatory cells,Midostaurin,0.0709219858156028,0.7297297297297297,0.05,0.895,0.406,0.1652702702702703,0.3237297297297297,-0.15845945945945938,0,12.129241228103634,37,1000,1000,1000,T regulatory cells_Midostaurin
split2,T cells CD4+,BAY872243,0.0709219858156028,0.7676348547717843,0.05,0.799,0.575,0.03136514522821576,0.19263485477178433,-0.16126970954356856,0,7.09068837165832,723,1000,1000,1000,T cells CD4+_BAY872243
split3,T cells CD8+,CHIR99021,0.0709219858156028,0.6626506024096386,0.05,0.199,0.036,0.46365060240963857,0.6266506024096385,-0.16299999999999998,0,10.328695440292359,83,1000,1000,1000,T cells CD8+_CHIR99021
split2,T cells CD4+,AZ628,0.0709219858156028,0.445,0.05,0.363,0.695,0.08200000000000002,0.24999999999999994,-0.16799999999999993,0,7.538803768157959,600,1000,1000,1000,T cells CD4+_AZ628
split3,NK cells,Oxybenzone,0.0709219858156028,0.31666666666666665,0.05,0.386,0.074,0.06933333333333336,0.24266666666666664,-0.17333333333333328,0,5.8419615983963,360,1000,1000,1000,NK cells_Oxybenzone
split3,NK cells,Perhexiline,0.0709219858156028,0.4782608695652174,0.05,0.317,0.817,0.1612608695652174,0.33873913043478254,-0.17747826086956514,0,7.67430884838104,299,1000,1000,1000,NK cells_Perhexiline
split2,T cells CD4+,Saracatinib,0.0709219858156028,0.4367469879518072,0.05,0.488,0.667,0.05125301204819277,0.23025301204819282,-0.17900000000000005,0,7.770778322219845,664,1000,1000,1000,T cells CD4+_Saracatinib
split3,NK cells,Lamivudine,0.0709219858156028,0.2518518518518518,0.05,0.307,0.006,0.05514814814814817,0.24585185185185182,-0.19070370370370365,0,9.996732568740843,270,1000,1000,1000,NK cells_Lamivudine
split,T regulatory cells,BMS387032,0.0709219858156028,1.0,0.05,0.986,0.79,0.014000000000000012,0.20999999999999996,-0.19599999999999995,0,9.186420392990112,68,1000,1000,1000,T regulatory cells_BMS387032
split3,T cells CD8+,Clotrimazole,0.0709219858156028,0.3893805309734513,0.05,0.283,0.083,0.10638053097345135,0.3063805309734513,-0.19999999999999996,0,8.800034141540527,113,1000,1000,1000,T cells CD8+_Clotrimazole
split,T regulatory cells,IMD0354,0.0709219858156028,0.8157894736842105,0.05,0.877,0.554,0.06121052631578949,0.26178947368421046,-0.20057894736842097,0,10.508164453506469,38,1000,1000,1000,T regulatory cells_IMD0354
split3,NK cells,Dasatinib,0.0709219858156028,0.5596707818930041,0.05,0.505,0.817,0.05467078189300412,0.2573292181069958,-0.2026584362139917,0,7.423548913002012,243,1000,1000,1000,NK cells_Dasatinib
split3,T cells CD8+,OSI930,0.0709219858156028,0.3595505617977528,0.05,0.231,0.028,0.1285505617977528,0.3315505617977528,-0.20299999999999999,0,10.448972845077511,89,1000,1000,1000,T cells CD8+_OSI930
split3,T cells CD8+,ABT199GDC0199,0.0709219858156028,0.48,0.05,0.242,0.038,0.238,0.442,-0.20400000000000001,0,13.803746652603149,50,1000,1000,1000,T cells CD8+_ABT199GDC0199
split,T regulatory cells,GLPG0634,0.0709219858156028,0.8461538461538461,0.05,0.737,0.485,0.10915384615384616,0.36115384615384616,-0.252,0,10.590656900405882,26,1000,1000,1000,T regulatory cells_GLPG0634
split,T regulatory cells,Bosutinib,0.0709219858156028,0.7777777777777778,0.05,0.754,0.494,0.023777777777777787,0.2837777777777778,-0.26,0,10.165454721450805,27,1000,1000,1000,T regulatory cells_Bosutinib
split2,T cells CD4+,CGM097,0.0709219858156028,0.918918918918919,0.05,0.512,0.247,0.40691891891891896,0.671918918918919,-0.265,0,4.888349390029907,296,1000,1000,1000,T cells CD4+_CGM097
split3,T cells CD8+,CGM097,0.0709219858156028,0.9101123595505618,0.05,0.303,0.033,0.6071123595505619,0.8771123595505618,-0.2699999999999999,0,11.702887058258051,445,1000,1000,1000,T cells CD8+_CGM097
split,T regulatory cells,PF04691502,0.0709219858156028,1.0,0.05,0.714,0.318,0.28600000000000003,0.6819999999999999,-0.3959999999999999,0,9.048824691772456,15,1000,1000,1000,T regulatory cells_PF04691502
split3,NK cells,Ketoconazole,0.0709219858156028,0.35096153846153844,0.05,0.431,0.853,0.08003846153846156,0.5020384615384615,-0.422,0,17.324887084960928,208,1000,1000,1000,NK cells_Ketoconazole
split3,NK cells,UNIIBXU45ZH6LI,0.0709219858156028,0.7857142857142857,0.05,0.889,0.216,0.10328571428571431,0.5697142857142857,-0.4664285714285714,0,12.26351475715637,28,1000,1000,1000,NK cells_UNIIBXU45ZH6LI
split,T regulatory cells,Alvocidib,0.0709219858156028,1.0,0.05,0.998,0.33,0.0020000000000000018,0.6699999999999999,-0.6679999999999999,0,6.494360709190368,33,1000,1000,1000,T regulatory cells_Alvocidib
split,T regulatory cells,CGP60474,0.0709219858156028,1.0,0.05,0.882,0.2,0.118,0.8,-0.682,0,7.49588129520415,68,1000,1000,1000,T regulatory cells_CGP60474
