,gt,pred,de
0,0.011145599,-0.005940549,False
12126,-0.090385556,-0.03148532,False
12127,0.0806986,-0.04396458,False
12128,0.054502234,-0.018162578,False
12129,0.09240113,0.014255758,False
12130,-0.10652181,-0.14163753,False
12131,-0.0102479765,-0.0102479765,False
12132,-0.0045059593,-0.0045059593,False
12133,0.02192814,0.0,False
12134,0.0,0.0007441138,False
12135,-0.06483972,-0.06322166,False
12136,0.15941167,0.021344423,False
12137,0.020622093,-0.023047596,False
12138,0.030886061,0.005110368,False
12139,0.0,0.0,False
12140,-0.011636371,-0.02866847,False
12141,-0.007314071,-0.009885915,False
12142,0.0,0.0,False
12157,0.087200314,-0.01858015,False
12156,0.032526426,-0.020699099,False
12155,0.0,0.0,False
12154,0.061200883,0.015554469,False
12153,0.02384661,0.0,False
12152,-0.02457264,-0.026105464,False
12125,0.05650413,-0.05113083,False
12151,0.020190481,-0.0033912933,False
12149,0.054711163,0.03374034,False
12147,-0.78668547,-2.5917466,False
12146,0.002694128,-0.019435441,False
12145,-0.022837669,0.010727316,False
12144,-0.25382417,-0.38038713,False
12143,0.028905883,-0.010088243,False
12150,0.09468794,-0.059042275,False
12124,-0.11677152,-0.009842157,False
12123,-0.14908266,-0.058650374,False
12122,0.11078498,0.0154449195,False
12103,0.26147956,-0.06124848,False
12102,0.040094614,0.038836777,False
12101,0.2855955,-0.03178677,False
12100,-2.3782253e-05,0.035644576,False
12099,-0.012190737,-0.045278806,False
12098,-0.2666155,-0.103022575,False
12104,-0.29944974,-0.097504735,False
12097,-0.021172836,-0.021172836,False
12095,-0.02344077,0.00966537,False
12094,-0.00830636,-0.006199311,False
12093,-0.023296872,-0.0031853914,False
12092,-0.19960207,0.013541341,False
12091,0.008085494,-0.014694457,False
12090,0.18003422,0.0051661134,False
12096,0.14159004,0.0119837,False
12158,0.015319221,-0.042807877,False
12105,-0.16151369,-0.09109938,False
12107,0.06948587,0.005516529,False
12121,0.01992484,-0.0026325746,False
12120,0.024456669,0.015702687,False
12119,0.0,0.0,False
12118,0.15137784,0.020908788,False
12117,0.019193754,0.040699914,False
12116,-0.054174215,-0.04150918,False
12106,-0.018243877,-0.03917891,False
12115,0.0020257533,0.050909787,False
12113,-0.036478426,0.015146628,False
12112,-0.047027424,-0.0017439723,False
12111,-0.027108908,-0.04323697,False
12110,0.058139384,0.043687582,False
12109,-0.01774822,0.010250095,False
12108,0.0021717884,0.011622265,False
12114,-0.124375165,-0.093269706,False
12089,-0.17002167,-0.0018132627,False
12159,-0.005143561,0.003459374,False
12161,-0.013590224,0.009723753,False
12198,0.16717947,-0.078027666,False
12199,-0.47021914,-0.10868931,False
12200,-0.14898825,-0.040291548,False
12201,0.034368806,-0.007778503,False
12202,0.007223062,-0.008346375,False
12203,0.010099305,-0.007877447,False
12204,-0.007131047,-0.007131047,False
12205,-0.012414634,0.0149190575,False
12206,-0.061159924,-0.022124816,False
12207,0.014766466,-0.008574374,False
12208,-0.12711269,0.07447219,False
12209,-0.004802211,-0.004802211,False
12210,0.07465911,-0.0014658049,False
12211,-0.46684813,-0.16733217,False
12212,0.16459316,0.040468037,False
12213,-0.025968261,-0.00743223,False
12214,-0.0033912933,0.0029448252,False
12228,-0.48547125,-0.13981271,False
12227,0.008107197,-0.012577696,False
12226,0.056305133,-0.006456457,False
12225,0.006090343,0.14575201,False
12224,0.03225258,-0.06291859,False
12223,0.07685,0.04343745,False
12197,0.0,0.0,False
12222,0.10986352,-0.19067502,False
12220,-0.0050021075,-0.0050021075,False
12219,0.02191622,0.0,False
12218,0.08854057,-0.00795652,False
12217,0.0,0.0,False
12216,0.021665297,0.0,False
12215,0.02258691,0.0,False
12221,-0.029078154,-0.027677273,False
12196,-0.7158121,0.030189395,False
12195,0.06511605,0.11918548,False
12194,-0.0062266327,-0.02875698,False
12175,-0.023594797,-0.014175184,False
12174,0.0,0.0,False
12173,-0.030438034,-0.040697277,False
12172,-0.004503161,-0.004503161,False
12171,0.007992066,0.020068645,False
12170,0.014227437,-0.021930153,False
12176,-0.0028657522,-0.016281765,False
12169,0.05597523,-0.012677967,False
12167,-0.066161126,0.007131189,False
12166,0.09780286,0.012748182,False
12165,-0.7930262,-0.26454163,False
12164,-0.18925211,-0.06184432,False
12163,-0.0015889481,0.020725973,False
12162,-0.035895262,0.003178537,False
12168,-0.017166898,0.035205245,False
12160,0.0,0.0010252108,False
12177,-0.010007545,-0.061434604,False
12179,0.042406835,0.004234556,False
12193,0.031962566,-0.0093706995,False
12192,-0.41427135,0.04111594,False
12191,-0.07038352,0.05206263,False
12190,-0.019327426,0.0047745965,False
12189,-0.010486239,-0.008578977,False
12188,-0.017591327,-0.041064095,False
12178,0.014128552,0.01296134,False
12187,-0.07676583,-0.17930095,False
12185,0.0,0.0026187217,False
12184,0.014163798,-0.00879918,False
12183,-0.15618241,-0.15315461,False
12182,0.06494777,0.009069547,False
12181,-0.12078637,-0.3128086,False
12180,-0.009961537,-0.009961537,False
12186,0.062170744,0.0055094957,False
12229,-0.0699161,-0.06292169,False
12088,-0.021795087,0.013169438,False
12086,0.15629476,0.03579676,False
11984,-0.025682107,0.01744634,False
11985,0.15437824,0.03110516,False
11986,-0.09332284,-0.044034153,False
11987,-0.97420233,-0.14588428,False
11988,0.08104794,0.08939792,False
11989,0.117213726,0.032921374,False
11990,-0.36592925,-0.14580643,False
11991,-0.4278456,-0.17992723,False
11992,-0.4134934,-0.355479,False
11993,-0.041551564,-0.021350779,False
11994,0.0381421,-0.16487856,False
11995,-0.11963743,-0.07425642,False
11996,-0.23365068,0.014787197,False
11997,-0.03388792,-0.009833284,False
11998,0.009163407,-0.0136294,False
11999,-0.00763466,-0.033242278,False
12000,0.13747633,0.045197427,False
12014,-0.4002961,-0.06676364,False
12013,-0.101317525,0.017210245,False
12012,0.14881778,-0.15420783,False
12011,-0.11990982,-0.05549699,False
12010,0.047041297,-0.0530836,False
12009,0.034115314,-0.09682095,False
11983,-0.1504732,-0.027520597,False
12008,0.038685083,0.027768016,False
12006,-0.17427798,-0.016790837,False
12005,-0.08177233,0.061897635,False
12004,-0.031675257,-0.016941048,False
12003,0.079279244,-0.1075249,False
12002,-0.3793471,-0.20786428,False
12001,-0.049651504,-0.008699387,False
12007,0.102313034,0.032143943,False
11982,0.21051025,-0.011069775,False
11981,-0.03439644,-0.05987923,False
11980,0.0730876,-0.05980763,False
11960,0.018640898,-0.05043503,False
11959,-0.0012047924,-0.00010664761,False
11958,0.0024066456,-0.0026407726,False
11957,-0.60245943,-0.063289165,False
11955,0.03741841,-0.0011876747,False
11954,-0.18524611,-0.05680442,False
11962,-0.011326591,-0.01679788,False
11952,-0.09011234,0.03484255,False
11950,-0.48006523,-0.2555759,False
11949,0.078514576,0.0007839203,False
11948,-0.10979205,-0.00029110909,False
11947,-0.48454928,-0.28024483,False
11946,-0.4055735,-0.12880158,False
11945,0.039128527,0.028922118,False
11951,0.072411016,-0.0060905293,False
12015,-0.02280654,0.041011892,False
11963,-0.005755715,-0.047689293,False
11965,-0.036023274,0.036605954,False
11979,0.089945525,-0.06502381,False
11978,-0.2636487,-0.04296893,False
11977,-0.0033912933,-0.0011072606,False
11976,-0.4497527,-0.21070075,False
11975,-1.5312965,-0.16851425,False
11974,0.008188844,-0.02667433,False
11964,0.07972114,0.047440395,False
11973,-0.020727322,-0.03155364,False
11971,0.035773486,-0.016171724,False
11970,-0.06123437,0.0033934712,False
11969,0.06592524,0.060869753,False
11968,0.0014861096,-0.024503611,False
11967,0.0037939958,-0.007550277,False
11966,-0.082405746,-0.036355555,False
11972,-0.009039648,-0.009039648,False
12087,-0.04759366,-0.012340497,False
12016,0.0684976,-0.021270946,False
12018,0.050733566,0.0034729242,False
12055,-0.040440984,-0.020935446,False
12056,-0.03714991,-0.015705528,False
12057,0.0058596786,-0.01820798,False
12058,0.0015817061,0.046422772,False
12059,0.01680918,0.003757298,False
12060,0.013423085,-0.03895086,False
12061,0.021117091,0.0043905377,False
12062,-0.16160452,-0.045081615,False
12063,-0.037600845,5.9351325e-05,False
12064,-0.17834672,-0.1336171,False
12065,-0.045297235,-0.017635107,False
12066,-0.015097231,0.015313953,False
12067,0.012157708,-0.033744633,False
12068,0.10066217,-0.020241022,False
12069,-0.075616874,-0.025895633,False
12070,0.068755865,0.024149299,False
12071,0.121619575,0.032427505,False
12085,-0.052120917,-0.009864032,False
12084,0.23761451,0.016220927,False
12083,0.1772427,-0.016523838,False
12082,-0.006138563,0.123962075,False
12081,-0.07128286,-0.015560091,False
12080,-0.6047987,-0.18037033,False
12054,0.038760915,-0.010627113,False
12079,0.045191765,0.07664728,False
12077,0.00053551793,-0.038366735,False
12076,-0.06258044,-0.014531016,False
12075,0.054792948,0.049039416,False
12074,0.055755652,-0.01779002,False
12073,0.19625384,0.033690423,False
12072,-0.15650722,-0.11078629,False
12078,0.018834447,-0.0035172813,False
12053,-0.004784322,-0.0037758998,False
12052,-0.042576484,-0.030406162,False
12051,-0.03610146,-0.038321257,False
12032,-0.6568904,0.09603274,False
12031,-0.05780475,-0.017692208,False
12030,0.11229845,-0.020584285,False
12029,0.046178572,0.057037987,False
12028,-0.10329558,-0.024375409,False
12027,-0.037029333,-0.011512712,False
12033,-0.083798826,-0.0012508035,False
12026,-0.004728931,-0.004728931,False
12024,-0.008782454,-0.005878711,False
12023,-0.01909254,-0.012174012,False
12022,0.043047488,-0.007496983,False
12021,0.002792783,0.016456567,False
12020,-0.08148754,-0.09276509,False
12019,-0.025185235,0.016772904,False
12025,0.014325639,-0.009988271,False
12017,-0.04225627,-0.09883206,False
12034,-0.043199696,-0.042873852,False
12036,0.047685206,0.00019092858,False
12050,-0.12386173,-0.09316367,False
12049,-0.13507465,-0.074211925,False
12048,-0.02238147,-0.055089407,False
12047,-0.23255017,-0.009216309,False
12046,0.1759857,-0.026533365,False
12045,-0.009375232,-0.009375232,False
12035,-0.0417642,-0.13979197,False
12044,-0.009439915,0.023778558,False
12042,-0.07076031,-0.010861218,False
12041,0.135912,0.01217249,False
12040,0.011494413,-0.02279453,False
12039,-0.0050767665,-0.0041561527,False
12038,0.124396205,-0.033413887,False
12037,0.012432512,-0.0045995875,False
12043,0.031698007,0.01118819,False
11944,-0.027236894,-0.0034226477,False
12230,-0.29963994,-0.11443418,False
12232,-0.15884379,0.09182528,False
12411,0.067721754,-0.003809005,False
12412,0.0,0.0,False
12413,-0.04445214,-0.014500871,False
12414,-0.21401507,-0.00943625,False
12415,0.0,0.0,False
12416,-0.038853973,-0.006774679,False
12417,-0.3194641,-0.1672709,False
12418,-0.85099983,-0.24548435,False
12419,0.048399866,-0.028799742,False
12420,-0.0077828495,-0.0077828495,False
12421,-0.047251623,-0.047251623,False
12422,-0.1446001,-0.02723308,False
12423,-0.04743296,-0.03795871,False
12424,-0.2812637,0.06986451,False
12425,-0.004386902,-0.23218155,False
12426,0.032516852,-0.048072703,False
12427,0.0,0.0,False
12441,-0.22120064,-0.04949951,False
12440,-0.44862127,-0.22537422,False
12439,-0.19136833,-0.06475106,False
12438,-0.011691889,0.01338831,False
12437,0.021864533,-0.08311099,False
12436,0.054889143,0.018935442,False
12410,0.0051893294,0.028344035,False
12435,0.0,0.0,False
12433,-0.018469416,-0.011606151,False
12432,0.008410282,-0.059875406,False
12431,0.0,0.0,False
12430,0.0041090697,-0.039037358,False
12429,-0.0044077365,-0.0044077365,False
12428,-0.021056471,-0.021056471,False
12434,-0.7691519,-0.14634895,False
12409,-0.12742877,-0.018204033,False
12408,-0.05490291,0.05861759,False
12407,-0.1435746,-0.15217876,False
12388,0.068153635,-0.01008423,False
12387,0.059082225,-0.0019776225,False
12386,-0.015222137,-0.015222137,False
12385,-0.048842236,-0.1288042,False
12384,-0.6593201,-0.0958271,False
12383,-0.0026346631,0.012894621,False
12389,-0.076003395,0.028438918,False
12382,-0.0052376073,0.0012428779,False
12380,0.0373109,-0.024729908,False
12379,-0.29734674,-0.05816245,False
12378,0.059167683,-0.05315435,False
12377,-0.020743743,-0.059434727,False
12376,-0.026379228,0.06980705,False
12375,-0.12206073,-0.020192146,False
12381,0.05391194,-0.026074082,False
12442,-0.12492506,0.0023627877,False
12390,-0.29306465,0.0065060854,False
12392,-0.10658386,-0.017351449,False
12406,-0.03872497,-0.03872497,False
12405,-0.015529968,0.035963863,False
12404,-0.013417126,-0.013417126,False
12403,0.014275052,-0.009608442,False
12402,0.013953145,-0.008657173,False
12401,0.012377894,-0.010210887,False
12391,-0.16641152,-0.09531295,False
12400,-0.67597914,-0.39156175,False
12398,0.34941566,-0.15238512,False
12397,-0.015751272,-0.039420668,False
12396,0.054163083,0.0101154,False
12395,-0.032415584,0.011181846,False
12394,-0.026629508,-0.008204877,False
12393,0.03893654,-0.03149391,False
12399,0.004918337,-0.01243335,False
12374,-0.470173,-0.2526512,False
12443,-0.008280903,0.021445185,False
12445,-0.33023757,-0.024057806,False
12482,-0.07753444,-0.11411357,False
12483,-0.028916419,0.06015709,False
12484,-0.017592447,-0.017592447,False
12485,0.0032777674,-0.019087393,False
12486,-0.10314655,0.064149976,False
12487,-0.018512174,0.005851522,False
12488,-0.07573971,-0.03305708,False
12489,0.042270407,0.035814196,False
12490,-0.07956347,-0.009078115,False
12491,-0.038712926,-0.004830461,False
12492,-0.00043557025,-0.02417223,False
12493,-0.5812121,-0.09645617,False
12494,-0.041270554,-0.04463905,False
12495,0.07957755,-0.054519024,False
12496,-0.09177804,0.077389985,False
12497,0.08215845,-0.05371499,False
12498,-0.113541365,-0.024692953,False
12512,0.112206936,-0.107794404,False
12511,-0.23977894,0.021291494,False
12510,-0.013639107,0.0062624067,False
12509,0.30505276,-0.038444757,False
12508,-0.04003621,0.015130892,False
12507,0.2548247,0.07511598,False
12481,-0.49790835,-0.148188,False
12506,-0.13979661,-0.0053778887,False
12504,-0.03462358,-0.0037247408,False
12503,-0.04176283,-0.06519073,False
12502,0.014061935,0.0030239858,False
12501,-0.37303853,-0.056788802,False
12500,-0.15921718,0.017833978,False
12499,-0.3674184,-0.24342728,False
12505,0.09239438,0.0025633425,False
12480,-0.1476003,0.014789522,False
12479,-0.016701294,0.013405323,False
12478,0.032200903,-0.004136741,False
12459,-0.010240436,0.0052604377,False
12458,0.03924011,0.015031833,False
12457,0.4590764,-0.28875017,False
12456,-0.010829231,0.0126276575,False
12455,0.0,0.0,False
12454,-0.05030489,0.08015919,False
12460,-0.11824841,-0.040074714,False
12453,-0.052933592,0.016124256,False
12451,0.06252974,-0.005516827,False
12450,0.16071579,0.023033142,False
12449,-0.018292006,-0.018292006,False
12448,-0.17239457,-0.08433008,False
12447,0.04818033,-0.036929008,False
12446,0.0030356552,-0.018695125,False
12452,-0.15378344,-0.044341847,False
12444,-0.19955972,-0.11811656,False
12461,-0.08880581,-0.009388223,False
12463,-0.53131986,-0.3077588,False
12477,0.20098686,0.0004931092,False
12476,0.0,0.0,False
12475,-0.15642762,0.04126382,False
12474,0.17095888,0.01476109,False
12473,0.029627077,-0.059229687,False
12472,-0.0663019,0.01911062,False
12462,0.14926518,-0.019294932,False
12471,-0.031153291,-0.018523097,False
12469,0.014876908,-0.024476757,False
12468,0.054021835,-0.088165164,False
12467,-0.32322538,-0.0922088,False
12466,-0.036593676,-0.10489464,False
12465,-0.117111444,-0.08201063,False
12464,0.06515443,-0.06462407,False
12470,0.09470098,0.017151684,False
12231,-0.091751486,-0.044214338,False
12373,-0.014954589,-0.064665794,False
12371,-0.06290388,-0.029337883,False
12269,-0.21105564,-0.08387792,False
12270,-0.13579237,0.0028197765,False
12271,-0.005140978,-0.004832139,False
12272,-0.18133974,-0.12808871,False
12273,0.11637789,0.034577727,False
12274,-0.07129216,-0.017886877,False
12275,0.057167627,-0.0114623085,False
12276,-0.113779694,-0.059346437,False
12277,0.13256788,-0.11486125,False
12278,-0.038558528,-0.00095275044,False
12279,-0.08547988,0.0043049753,False
12280,-0.077639766,-0.0020388216,False
12281,0.04959382,0.01500763,False
12282,-0.034691185,-0.002081789,False
12283,-0.012856223,0.013974182,False
12284,-0.04590159,-0.04590159,False
12285,-0.0050052092,-0.0050052092,False
12299,0.3146,-0.055456877,False
12298,-0.35770202,-0.014713049,False
12297,-0.5986926,-1.1638567,False
12296,-0.28897324,0.011618853,False
12295,0.05271697,-0.100456715,False
12294,-0.0046966965,-0.0046966965,False
12268,0.0,0.0,False
12293,0.047865413,-0.018711476,False
12291,0.16370955,-0.0036334842,False
12290,-0.08665538,-0.06497383,False
12289,0.3525635,-0.026863933,False
12288,-0.002225399,-0.06142664,False
12287,-0.30973876,-0.10180354,False
12286,0.003167726,-0.0131910555,False
12292,-0.004801857,-0.004801857,False
12267,0.110883474,-0.20240688,False
12266,0.047451258,-0.011034042,False
12265,0.09699689,0.014764477,False
12246,-0.022031546,0.0017911177,False
12245,-0.009420799,-0.009420799,False
12244,0.018612556,0.008754894,False
12243,-0.17447722,0.06519008,False
12242,-0.20077133,-0.13476157,False
12241,-0.11457611,-0.017136842,False
12247,-0.6465261,-0.18574488,False
12240,0.0,0.0,False
12238,0.0032475851,-0.00036583655,False
12237,-0.012261025,-0.012261025,False
12236,0.026382461,-0.026273072,False
12235,-0.014323029,-0.014323029,False
12234,-0.01692629,0.0076806135,False
12233,-0.004931114,-0.004931114,False
12239,-0.025751205,-0.00019569881,False
12300,-0.03665267,-0.035653606,False
12248,0.15668884,-0.045041054,False
12250,-0.009370013,-0.008437564,False
12264,-0.20706265,-0.03893879,False
12263,0.093256086,0.010962751,False
12262,0.0,0.0,False
12261,0.013706848,-0.055158287,False
12260,-0.004699221,-0.004699221,False
12259,-0.030256705,-0.0064481795,False
12249,-0.0205837,-0.0205837,False
12258,0.053284515,-0.025487509,False
12256,0.0018224455,-0.004601661,False
12255,0.0,0.0,False
12254,-0.028313974,-0.028313974,False
12253,-0.445256,-0.050059915,False
12252,0.060644507,-0.005090565,False
12251,-0.05598986,0.028268933,False
12257,0.0,0.0008301684,False
12372,-0.01591961,-0.038524494,False
12301,0.00585787,0.0005402565,False
12303,0.062239528,-0.06423545,False
12340,0.12962565,0.016876966,False
12341,-0.015219215,-0.02319801,False
12342,-0.013263139,0.008187008,False
12343,-0.03366144,0.04913892,False
12344,-0.058971055,0.009761915,False
12345,-0.013609409,0.02068159,False
12346,-0.23516059,-0.08042693,False
12347,-0.12030336,-0.0592674,False
12348,0.10826701,0.03863871,False
12349,0.054121137,-0.025043845,False
12350,0.12048328,-0.009108365,False
12351,-0.27133623,-0.09731996,False
12352,-0.42501903,-0.02265668,False
12353,-0.15463066,-0.013363719,False
12354,-0.49851984,0.00044190884,False
12355,-0.8127267,-0.19314826,False
12356,-0.046899915,0.0065369606,False
12370,-0.0100629665,-0.031830326,False
12369,-0.13043469,-0.040967643,False
12368,0.018789291,0.03722477,False
12367,-0.032104455,0.0078212395,False
12366,-0.07425538,-0.056129694,False
12365,-0.1934168,-0.102797836,False
12339,-0.02187021,0.012893796,False
12364,-0.042746305,0.028295994,False
12362,0.010649264,-0.030502662,False
12361,0.01246171,-0.009168639,False
12360,0.0723753,-0.16059244,False
12359,0.014708763,0.026775518,False
12358,-0.01844616,-0.01844616,False
12357,0.31339538,-0.021267295,False
12363,-0.38938558,-0.07323682,False
12338,-0.2213698,-0.123708606,False
12337,-0.034613803,0.05210565,False
12336,-0.08150618,-0.054246873,False
12317,-0.05154538,-0.034932084,False
12316,-0.07624655,-0.007408567,False
12315,-0.005611213,-0.026830371,False
12314,0.01629425,-0.01826279,False
12313,0.050517246,-0.01880119,False
12312,0.0,0.0,False
12318,0.05917263,0.019947588,False
12311,-0.024995178,0.11922099,False
12309,0.11720237,-0.03907019,False
12308,0.001725167,-0.015295743,False
12307,0.16266966,-0.16643023,False
12306,0.13678932,0.060926914,False
12305,-0.0816713,0.057924926,False
12304,-0.038893618,0.012366518,False
12310,0.097766995,-0.03727913,False
12302,0.06630857,-0.039095297,False
12319,0.010573894,-0.014938384,False
12321,-0.027700126,-0.007931858,False
12335,0.014399886,0.007071644,False
12334,0.07573795,0.046943218,False
12333,0.10475719,-0.15834701,False
12332,-0.326369,-0.0725317,False
12331,-0.009026485,-0.032150026,False
12330,-0.07649648,-0.039741933,False
12320,0.08396149,0.031891942,False
12329,-0.09330705,-0.07637045,False
12327,-0.2500801,-0.12073147,False
12326,-0.090876,0.022763133,False
12325,0.20780396,-0.05633664,False
12324,0.047185183,0.006363243,False
12323,-0.14831507,0.04905507,False
12322,-0.06683433,-0.00491789,False
12328,0.04677525,0.010420173,False
12513,-0.023444414,0.074994326,False
11943,0.0026212186,0.007420838,False
11941,-0.057821274,-0.047991455,False
11554,-0.012115307,-0.012115307,False
11555,-0.004629196,-0.004629196,False
11556,-0.10706103,0.031105042,False
11557,0.31116796,-0.14657211,False
11558,-0.109338075,0.014369369,False
11559,-0.0102720745,-0.0102720745,False
11560,0.017941058,0.015580803,False
11561,-0.060008943,-0.010681391,False
11562,-0.11039609,-0.07317418,False
11563,-0.068771385,-0.023372486,False
11564,-0.02708932,-0.022781558,False
11565,-0.13213801,0.03521037,False
11566,-0.09570563,-0.0107883215,False
11567,-0.12655023,9.191036e-05,False
11568,0.1325506,-0.069060385,False
11569,-0.1726535,0.012782007,False
11570,0.0,0.0,False
11584,0.00034976006,-0.075378776,False
11583,-0.013055552,-0.013055552,False
11582,0.008283153,-0.008721218,False
11581,0.010889351,-0.026287973,False
11580,-0.23142326,-0.122769,False
11579,-0.02072879,0.04066921,False
11553,-0.009916325,-0.009916325,False
11578,0.0,0.0,False
11576,0.110115424,0.0002258867,False
11575,0.011327088,-0.047688544,False
11574,-0.024692925,0.015713511,False
11573,0.11688864,0.031329215,False
11572,0.093523756,-0.20504297,False
11571,0.41880357,-0.0010732412,False
11577,0.0,0.0025492897,False
11552,-0.00854031,-0.00854031,False
11551,-0.025426382,-0.044269424,False
11550,0.004163984,-0.05341919,False
11531,0.0031767413,-0.032675657,False
11530,0.0443151,0.040494144,False
11529,0.013717105,-0.0036995555,False
11528,0.0,0.0,False
11527,-0.09310605,0.022562593,False
11526,0.035286784,0.030683696,False
11532,-0.0070319176,0.10523009,False
11525,-0.0049597723,-0.0049597723,False
11523,-0.015080165,-0.031140082,False
11522,-0.10843436,-0.03422472,False
11521,0.0,0.0,False
11520,0.0,0.00016113569,False
11519,0.0,0.0,False
11518,-0.004671073,-0.004671073,False
11524,-0.08070886,0.0031111836,False
11585,0.03804052,-0.010510713,False
11533,0.0,0.0,False
11535,-0.009691102,-0.009691102,False
11549,-0.010044637,-0.010044637,False
11548,0.043788876,0.00062320905,False
11547,-0.03821726,-0.03821726,False
11546,0.0133588575,-0.009357022,False
11545,-0.034439057,-0.11363692,False
11544,0.0,0.001293787,False
11534,-0.012981322,-0.03457408,False
11543,0.00024354458,-0.023466079,False
11541,-0.015903482,-0.039485257,False
11540,0.037076518,-0.029772907,False
11539,-0.0049393275,-0.0049393275,False
11538,-0.061756536,-0.061756536,False
11537,0.03882,-0.031368546,False
11536,-0.057956878,-0.057956878,False
11542,-0.0094262855,-0.0094262855,False
11517,-0.003413568,-0.0016542424,False
11586,-0.491077,-0.21434557,False
11588,-0.042006213,-0.042006213,False
11625,-0.045703664,-2.4035573e-05,False
11626,0.34136093,-0.016498804,False
11627,0.044297025,0.018466592,False
11628,-0.15288463,-0.17021823,False
11629,-0.005134296,-0.005134296,False
11630,0.47490895,0.013861775,False
11631,-0.055087823,-0.03476865,False
11632,0.0,0.0,False
11633,-0.0014637578,-0.024384007,False
11634,-0.23849115,-0.01761061,False
11635,-0.004898398,-0.004898398,False
11636,-0.0028289128,-0.019330358,False
11637,-0.1260739,-0.14075762,False
11638,-0.0027111545,0.03354627,False
11639,0.0,0.0,False
11640,0.037001144,-0.007129996,False
11642,-0.03302438,0.010026265,False
11656,0.0019459948,0.022127427,False
11655,0.14119995,-0.113853335,False
11654,0.2064625,-0.039278805,False
11653,-0.049616013,-0.029485537,False
11652,-0.005148229,-0.005148229,False
11651,-0.07310195,-0.03935282,False
11624,0.02926451,-0.17042272,False
11650,0.31986332,-0.052248,False
11648,-0.112680495,-0.120559275,False
11647,0.007881295,-0.038877077,False
11646,-0.39195466,-0.055799484,False
11645,0.09555282,-0.028808981,False
11644,0.06400657,0.04731798,False
11643,-0.024185695,-0.047074687,False
11649,0.09461248,-0.0040169954,False
11623,-0.029858824,-0.051730055,False
11622,-0.10235864,-0.09275532,False
11621,-0.17145585,-0.016007885,False
11602,0.07678974,-0.08618629,False
11601,0.0,0.0,False
11600,0.0031172037,0.009049892,False
11599,0.019102544,6.2172503e-06,False
11598,-0.0050258595,-0.0049176444,False
11597,0.009193189,-0.05520893,False
11603,0.018497705,0.017597213,False
11596,-0.101976424,-0.031190455,False
11594,-0.31927073,-0.083982944,False
11593,-0.1864109,-0.23390627,False
11592,-0.0039614746,-0.0039614746,False
11591,-0.03728218,-0.022273282,False
11590,-0.13282901,-0.016091406,False
11589,-0.008328776,-0.007589453,False
11595,0.006934881,0.014647245,False
11587,-0.08910763,0.086196706,False
11604,-0.17751187,-0.05252406,False
11606,0.089862466,0.0022255778,False
11620,0.035327256,0.057208717,False
11619,0.055263296,-0.10727018,False
11618,-0.08991039,0.0018671751,False
11617,0.01737559,-0.0045406297,False
11616,-0.028778523,-0.03234175,False
11615,0.17918134,-0.050067306,False
11605,-0.015376049,-0.015376049,False
11614,0.01603701,-0.04032575,False
11612,-0.116283655,-0.004448056,False
11611,0.0022883378,-0.01530727,False
11610,0.014428657,-0.008839145,False
11609,-0.23203516,-0.06684077,False
11608,-0.2231564,-0.03290814,False
11607,0.0,0.0,False
11613,-0.026893571,-0.065746725,False
11657,0.20258993,-0.011239648,False
11516,0.0,0.0,False
11514,0.20578456,0.103058815,False
11412,0.0,0.0,False
11413,0.053324506,0.023294598,False
11414,0.056420445,0.008236907,False
11415,-0.06667118,-0.041380897,False
11416,-0.07267098,-0.044524536,False
11417,-0.07838127,-0.052824765,False
11418,0.18225467,0.028524399,False
11419,-0.028265703,0.006300766,False
11420,-0.007824719,-0.06964914,False
11421,-0.28030246,-0.16687402,False
11422,0.04583776,0.012211256,False
11423,0.0,0.0,False
11424,-0.15430868,0.007455766,False
11425,-0.049775183,-0.07067257,False
11426,-0.17022407,-0.18140996,False
11427,-0.0217973,-0.026705563,False
11428,0.11772102,0.03495288,False
11442,-0.14484029,-0.055807054,False
11441,-0.16581625,-0.036442935,False
11440,-0.040495325,0.0060763806,False
11439,0.35545826,0.011692464,False
11438,-0.023555636,-0.061511695,False
11437,-0.031269357,-0.031269357,False
11411,-0.3318051,-0.13619971,False
11436,-0.07686567,-0.05069077,False
11434,-0.006257711,-0.02915173,False
11433,-0.04608324,-0.017094195,False
11432,-0.13605031,-0.0427963,False
11431,-0.09630805,-0.05918485,False
11430,-0.056061972,-0.027456567,False
11429,-0.1542275,-0.028036654,False
11435,-0.061240107,-0.014077038,False
11410,-0.132438,-0.11193341,False
11409,-0.16591823,-0.06710911,False
11408,-0.17040735,-0.10122162,False
11389,0.03358939,-0.0053157425,False
11388,-0.06524956,-0.045117795,False
11387,0.031091865,0.009698111,False
11386,0.022819713,-0.022614982,False
11385,0.06974289,0.005727481,False
11384,0.055103064,-0.049858928,False
11390,-0.07326871,-0.06540704,False
11383,0.023985118,-0.05009854,False
11381,0.017696321,-0.02402696,False
11380,-0.06435323,-0.20629728,False
11379,0.23618871,-0.02018034,False
11378,0.16695583,0.032022834,False
11377,-0.016435951,-0.09339899,False
11376,0.19145441,-0.09498286,False
11382,-0.62284565,-0.2257688,False
11443,-0.0187141,0.07198402,False
11391,-0.005866958,-9.5404685e-05,False
11393,-0.1889062,0.013166487,False
11407,-0.35230386,-0.054600954,False
11406,-0.40405035,-0.020966291,False
11405,0.016580388,0.072708115,False
11404,-0.23607904,0.028498292,False
11403,-0.008068591,-0.033454657,False
11402,0.06453401,0.0724929,False
11392,-0.040223658,-0.04555738,False
11401,-0.5577992,-0.13648963,False
11399,0.14860827,-0.02733457,False
11398,0.0,0.0,False
11397,-0.09576371,-0.13550758,False
11396,-0.0035582036,-0.0030330569,False
11395,0.0,0.0,False
11394,0.0,0.000551325,False
11400,-0.4813366,-0.16167212,False
11515,0.11336708,0.055698276,False
11444,-0.07478961,-0.017633706,False
11446,0.027843416,-0.0286178,False
11483,0.21305448,-0.014496535,False
11484,0.028108507,0.045532793,False
11485,0.23623991,-0.07586622,False
11486,-0.065227866,0.12047708,False
11487,0.0,0.0,False
11488,0.0071116015,-0.009251952,False
11489,0.0,0.0,False
11490,0.15062028,0.024527669,False
11491,0.021344423,-0.019782543,False
11492,-0.1675657,-0.18638647,False
11493,0.012337465,-0.009292884,False
11494,0.024820246,-0.041173093,False
11495,0.0,0.0,False
11496,-0.0023025665,0.005459912,False
11497,-1.1886404,-0.29516447,False
11498,-0.022585517,-0.022585517,False
11499,0.022794977,-0.017299518,False
11513,0.028857965,-0.028945267,False
11512,0.19640696,0.022580624,False
11511,-0.0058650076,0.036455214,False
11510,0.2917118,-0.007534981,False
11509,0.050502777,-0.054442525,False
11508,0.07782933,0.07194948,False
11482,-0.013193905,-0.0014899373,False
11507,0.008239917,-0.03155079,False
11505,0.12770954,0.035618335,False
11504,-0.13779902,-0.044085026,False
11503,-0.41507065,-0.08184457,False
11502,-0.045792922,0.016315997,False
11501,-0.44485825,-0.060942054,False
11500,-0.11418867,0.14097905,False
11506,-0.0064941645,-0.055832684,False
11481,-0.20946658,-0.042266846,False
11480,-0.113512516,-0.22307062,False
11479,0.042719483,-0.083675385,False
11460,-0.09019482,0.013460636,False
11459,0.009737283,0.018263906,False
11458,-0.013708088,-0.013708088,False
11457,-0.011164069,-0.02928847,False
11456,-0.12653068,0.0068896115,False
11455,0.03184873,-0.07243067,False
11461,-0.0054192543,-0.039343804,False
11454,0.054897144,0.042549998,False
11452,0.042998433,0.06849387,False
11451,-0.06484747,0.02577877,False
11450,-0.07730834,-0.09168385,False
11449,0.019230247,0.071484715,False
11448,-0.21374986,-0.10680181,False
11447,0.076458335,-0.023785025,False
11453,-0.124004245,-0.06323898,False
11445,-0.21306574,-0.0050739646,False
11462,-0.026752472,-0.059164464,False
11464,-0.004365054,-0.003006855,False
11478,-0.013238456,-0.010588242,False
11477,-0.049524784,0.0024197102,False
11476,-0.39606506,-0.024996042,False
11475,-0.009857677,-0.08752313,False
11474,-0.11186743,-0.13351786,False
11473,-0.009237674,-0.009237674,False
11463,-0.10531312,-0.038990915,False
11472,0.100354984,0.06539069,False
11470,0.01855123,-0.002158761,False
11469,0.014454484,-0.05003649,False
11468,-0.44403917,-0.1492542,False
11467,-0.028916676,-0.018732674,False
11466,-0.21729326,-0.08860171,False
11465,0.0,0.0,False
11471,0.121395975,0.017539829,False
11942,0.030224752,0.021320987,False
11658,0.08493158,0.020181417,False
11660,-0.043589234,-0.0012861192,False
11839,0.057411075,-0.068600416,False
11840,-0.028115833,-0.0066393353,False
11841,-0.0101312725,-0.0101312725,False
11842,-0.19536647,-0.045257688,False
11843,0.040471192,-0.0036918141,False
11844,0.5541623,0.06625581,False
11845,-0.008751864,-0.00305286,False
11846,0.56946754,-0.0017302036,False
11847,0.25258654,-0.10423106,False
11848,-0.009051293,-0.05437267,False
11849,-0.02357423,-0.0011730026,False
11850,-0.009752841,-0.008559475,False
11851,-0.11328609,-0.016650274,False
11852,-0.117673874,-0.025529891,False
11853,-0.028600112,-0.007391643,False
11854,0.0,0.0,False
11855,-0.08388817,-0.10817957,False
11869,-0.06932318,-0.026864499,False
11868,-0.20752394,-0.007435322,False
11867,0.04221022,-0.10378873,False
11866,0.0,0.00029006464,False
11865,-0.034928083,-0.0012264587,False
11864,0.0,0.0,False
11838,-0.33624795,-0.066986084,False
11863,0.03031483,-0.002052159,False
11861,-0.0097756935,-0.008758518,False
11860,-0.009559897,0.0017500082,False
11859,0.080067046,-0.015225386,False
11858,-0.01008209,-0.01008209,False
11857,-0.13276139,-0.053278163,False
11856,0.061218657,-0.005265154,False
11862,-0.0049530454,-0.0039705303,False
11837,0.054175615,-0.09637356,False
11836,0.023611574,0.0,False
11835,-0.12291026,-0.022653341,False
11816,-0.004047248,-0.004047248,False
11815,-0.0006799735,-0.01828803,False
11814,0.06541666,-0.0047386168,False
11813,-0.008453208,-0.008453208,False
11812,0.016601125,0.0134501215,False
11811,-0.18691248,-0.015415251,False
11817,-0.004554102,-0.0019109135,False
11810,-0.06467945,0.016000643,False
11808,0.16712642,-0.028762877,False
11807,-0.069473974,-0.023502141,False
11806,-0.0050029927,-0.0050029927,False
11805,-0.20246029,0.021059155,False
11804,0.06657207,0.07604188,False
11803,0.14903438,-0.05072552,False
11809,0.050653234,0.014223859,False
11870,-1.3147042,-0.21251154,False
11818,-0.28165555,-0.1505183,False
11820,0.12755437,0.051080525,False
11834,-0.25167656,-0.065386295,False
11833,-0.30930436,-0.16734493,False
11832,-0.022499233,-0.0070430636,False
11831,0.60588837,-0.18894815,False
11830,-0.055695817,-0.029939905,False
11829,-0.054262996,0.041624904,False
11819,0.014737397,0.008646019,False
11828,-0.022506822,-0.02057803,False
11826,-0.13471031,0.08048725,False
11825,0.030080847,-0.00072974386,False
11824,-0.1788572,-0.008975148,False
11823,-0.082827985,0.012027085,False
11822,-0.062654376,-0.052106112,False
11821,-0.0047638193,-0.041092556,False
11827,-0.09703177,0.012194991,False
11802,0.49915218,-0.08111429,False
11871,0.027510613,0.025596842,False
11873,-0.008561358,-0.017451057,False
11910,0.34692702,-0.008631974,False
11911,-0.010489464,-0.0098905265,False
11912,0.08240539,0.0087246895,False
11913,0.09058218,-0.000102221966,False
11914,0.026663335,-0.009612871,False
11915,-0.0067192316,-0.06662974,False
11916,0.08903583,0.0053546354,False
11917,-0.03440027,-0.01373978,False
11918,-0.07426509,0.039358586,False
11919,-0.07983872,-0.05710423,False
11920,0.05132181,0.026072811,False
11921,0.055406094,0.13183641,False
11922,0.0022380203,-0.017637849,False
11923,-0.09309585,-0.02238284,False
11924,0.04710631,-0.06747399,False
11925,-0.013627332,-0.020172939,False
11926,-0.007635206,0.011203796,False
11940,0.005836278,-0.00949952,False
11939,0.14041203,0.018289626,False
11938,-0.18024415,-0.016573787,False
11937,0.006069958,0.028562248,False
11936,0.09642242,0.014797568,False
11935,0.04212928,0.034969926,False
11909,0.070043966,-0.0450889,False
11934,-0.05639617,-0.017221797,False
11932,-0.057748705,-0.016700655,False
11931,-0.019349935,0.0055525117,False
11930,-0.02432786,-0.02436231,False
11929,0.12696138,0.04104361,False
11928,-0.10835135,-0.10482976,False
11927,0.021916151,-0.097761154,False
11933,-0.008578102,-0.008578102,False
11908,-0.22010645,-0.029324532,False
11907,0.3113351,-0.14491343,False
11906,0.0,0.00059171556,False
11887,0.24441326,0.047625124,False
11886,0.028864376,0.032772034,False
11885,0.3024434,0.016203374,False
11884,-0.037961274,-0.014458671,False
11883,-0.14551193,-0.03285578,False
11882,0.0,0.0,False
11888,0.046759296,0.0,False
11881,-0.32161474,-0.05604589,False
11879,0.07006882,0.00030721448,False
11878,-0.1006031,0.00064367056,False
11877,0.10714719,-0.0015928596,False
11876,-0.34789112,0.0625242,False
11875,0.026493952,0.028471291,False
11874,-0.8206171,-0.16494036,False
11880,-0.4505608,-0.2821834,False
11872,-0.1706782,-0.041257024,False
11889,-0.11730057,0.00606744,False
11891,0.0073331594,-0.05235195,False
11905,-0.081626296,-0.02965492,False
11904,-0.3354897,-0.062030017,False
11903,0.061019957,-0.033419713,False
11902,-0.005160007,-0.0044932263,False
11901,0.0,0.0,False
11900,-0.004857551,-0.004857551,False
11890,-0.21293327,-0.023904204,False
11899,-0.096514285,0.040264904,False
11897,-0.03763498,-0.011778966,False
11896,0.113679245,-0.014160603,False
11895,-0.040315717,-0.04838738,False
11894,-0.0692552,-0.067909285,False
11893,-0.028756179,-0.017133083,False
11892,-0.021090329,-0.00054222345,False
11898,0.00084489584,0.06669253,False
11659,0.0,0.0014921864,False
11801,-0.21676159,0.03243518,False
11799,-0.041112002,-0.031007659,False
11697,0.030523833,0.018901754,False
11698,0.0,0.0,False
11699,-0.30272034,-0.08237165,False
11700,-0.0049450938,-0.02791626,False
11701,-0.5273683,-0.22735429,False
11702,0.08753419,-0.05924353,False
11703,-0.009655123,-0.009655123,False
11704,-0.07620084,-0.03644228,False
11705,-0.015374201,-0.014419348,False
11706,-0.03032878,-0.010506868,False
11707,0.0,0.0070158606,False
11708,0.032717917,-0.007277161,False
11709,-0.019147865,-0.019147865,False
11710,0.06459927,0.031475253,False
11711,0.0,0.0,False
11712,0.029738545,0.021849364,False
11713,0.033947438,0.015281372,False
11727,-0.46910655,-0.06999689,False
11726,-1.1020377,-0.21597505,False
11725,-0.18646663,0.06839377,False
11724,-0.48854586,-0.12388414,False
11723,-0.07491806,0.009346753,False
11722,-0.48704863,-0.13850641,False
11696,0.0039018635,-0.018858567,False
11721,-0.09071168,0.024208099,False
11719,0.070923805,-0.07659131,False
11718,-0.43129325,-0.03973484,False
11717,-0.061067715,-0.07872714,False
11716,0.054822832,-0.0063290596,False
11715,0.02335755,0.0,False
11714,-0.0040039783,-0.0040039783,False
11720,-0.03866653,-0.03866653,False
11695,-0.07820879,-0.011588991,False
11694,0.044327885,0.010849267,False
11693,0.014974594,-0.011788666,False
11674,0.0,0.0,False
11673,-0.0049436693,-0.0049436693,False
11672,-0.4312258,-0.10497588,False
11671,-0.08815446,0.028176054,False
11670,-0.003665166,-0.003665166,False
11669,-0.21842767,-0.03419885,False
11675,0.1169585,-0.055408537,False
11668,-0.019210868,-0.08378661,False
11666,0.26995927,0.03540975,False
11665,-0.523275,-0.17379117,False
11664,0.11790815,0.046800077,False
11663,-0.010000609,-0.0001563169,False
11662,-0.008885029,-0.008309563,False
11661,0.02394268,0.0,False
11667,0.03599006,0.06401652,False
11728,-0.025992118,-0.02171506,False
11676,-0.014799891,-0.014799891,False
11678,0.09710187,0.0724861,False
11692,0.05225712,-0.031813733,False
11691,0.08542816,0.043803662,False
11690,0.20527703,0.04652518,False
11689,-0.04560937,0.004505083,False
11688,0.04542071,-0.04223675,False
11687,-0.16679937,-0.03762211,False
11677,-0.2204895,-0.13988352,False
11686,-0.014323432,-0.014323432,False
11684,-0.0013428777,-0.14572474,False
11683,-0.048072577,0.015697092,False
11682,-0.004862651,-0.004227493,False
11681,-0.22457218,-0.1957233,False
11680,-0.17806703,-0.05176124,False
11679,-0.16044779,-0.021802276,False
11685,-0.016646512,-0.002939757,False
11800,-0.2003206,-0.13341486,False
11729,-0.04130844,-0.0046397895,False
11731,0.17935228,0.013455689,False
11768,-0.16335791,-0.067489624,False
11769,0.07797378,0.05015807,False
11770,-0.33628917,0.057981968,False
11771,0.07527906,-0.0060511827,False
11772,0.05766058,-0.16264701,False
11773,-0.021405209,0.016670287,False
11774,0.0,0.0,False
11775,-0.009606123,0.012909822,False
11776,-0.013966136,-0.009233646,False
11777,-0.026383728,0.008630425,False
11778,-0.0049480326,-0.0049480326,False
11779,-0.005172207,-0.005172207,False
11780,0.324723,-0.0748502,False
11781,-0.009364935,-0.03387179,False
11782,0.009425158,-0.013434807,False
11783,0.022159424,-0.014061533,False
11784,-0.009336144,-0.009336144,False
11798,-0.09869707,-0.09037569,False
11797,0.072308004,-0.027723491,False
11796,-0.03976375,-0.077787936,False
11795,-0.06560275,0.037909783,False
11794,0.34573054,-0.07405865,False
11793,-0.19591376,0.02903524,False
11767,0.0,0.0,False
11792,-0.004652436,-0.004652436,False
11790,-0.023956865,-0.09354156,False
11789,-0.14327133,-0.04544866,False
11788,-0.49705088,0.042668104,False
11787,-0.20694649,-0.039072692,False
11786,-0.036110327,-0.016722575,False
11785,-0.009631242,-0.009631242,False
11791,-0.046668947,-0.06440222,False
11766,-0.04058012,-0.04058012,False
11765,-0.022244386,0.0140787065,False
11764,0.009674014,-0.013545246,False
11745,-0.2964151,-0.1376499,False
11744,0.005368829,0.010192692,False
11743,-0.32967287,-0.019720137,False
11742,0.08235595,0.019725561,False
11741,0.017365962,-0.006050423,False
11740,0.08561213,-0.038614944,False
11746,-0.77749693,-0.1476264,False
11739,-0.17191374,-0.10710406,False
11737,-0.00215072,-0.024169795,False
11736,0.018684888,0.00365486,False
11735,-0.029083049,0.012170345,False
11734,-0.8171668,0.14261103,False
11733,0.21759617,0.096073925,False
11732,-0.013518661,-0.023829132,False
11738,-0.10200262,-0.07828671,False
11730,-0.028462559,-0.03920138,False
11747,-0.0049804756,-0.0049804756,False
11749,0.09237462,-0.027109146,False
11763,0.6085296,-0.039228797,False
11762,-0.030461682,-0.025352443,False
11761,-0.2500834,0.012074828,False
11760,0.095067054,0.115088135,False
11759,0.0,0.0,False
11758,0.13236797,-0.0013312101,False
11748,-0.0016321205,0.005767489,False
11757,-0.022733402,-0.022733402,False
11755,-0.091008306,0.04308021,False
11754,0.12399581,0.05666408,False
11753,0.08119357,0.08575225,False
11752,-0.09564988,-0.11724264,False
11751,0.10304584,0.017497897,False
11750,-0.12663671,0.015644014,False
11756,-0.37520003,-0.1527648,False
12514,-0.08837175,-0.026003838,False
12515,0.03504646,0.007968068,False
12516,-0.068492204,0.04610476,False
13266,-0.0098691685,-0.0098691685,False
13267,0.044465538,0.020517886,False
13268,-0.012837428,-0.012837428,False
13269,-0.012423292,0.00712933,False
13270,-0.0036848104,-0.0018729289,False
13271,-0.0147064,-0.0147064,False
13272,-0.009569389,-0.009569389,False
13273,0.034379937,0.025682285,False
13274,-0.004415072,-0.004415072,False
13275,-0.014569118,-0.014569118,False
13276,-0.065558,-0.1259125,False
13277,0.0,0.0,False
13278,-0.009943173,-0.009943173,False
13279,-0.009737852,-0.009737852,False
13280,0.009679898,-0.013683281,False
13281,-0.012189871,-0.028548652,False
13282,-0.022358693,-0.13055293,False
13296,0.0041074045,-0.019111855,False
13295,0.014351396,-0.00514901,False
13294,0.0178718,-0.0047300747,False
13293,0.027412727,-0.03839995,False
13292,-0.013401571,-0.013401571,False
13291,0.016418675,-0.028256068,False
13265,-0.019083664,-0.019083664,False
13290,-0.004047248,-0.004047248,False
13288,0.0118213,-0.009946059,False
13287,-0.009845898,-0.009845898,False
13286,-0.009101028,-0.009101028,False
13285,0.014072618,-0.009585873,False
13284,-0.014752806,-0.014752806,False
13283,-0.004883735,-0.004883735,False
13289,0.0,0.0,False
13264,0.023883494,0.0,False
13263,-0.0046622367,-0.0046622367,False
13262,-0.018985214,-0.0026007798,False
13243,-0.03988135,0.035698295,False
13242,0.031155527,-0.060715258,False
13241,0.02403149,0.04917109,False
13240,-0.33312953,-0.19891894,False
13239,-0.072882295,-0.030709088,False
13238,0.07490316,0.05611059,False
13244,0.0,0.0,False
13237,-0.036839314,-0.007886991,False
13235,0.008897781,-0.14293754,False
13234,0.08306441,-0.017116413,False
13233,0.0,2.4269571e-05,False
13232,-0.1250441,-0.063747406,False
13231,-0.050861478,0.0444901,False
13230,-0.62866175,-0.1329068,False
13236,-0.0011701882,0.06761888,False
13297,-0.009410308,-0.009410308,False
13245,-0.020499136,-0.020499136,False
13247,-0.009579336,0.011068206,False
13261,-0.0374413,0.0022954345,False
13260,0.013006373,-0.008133152,False
13259,0.017932037,-0.004564375,False
13258,0.031220172,-0.014212463,False
13257,0.0,0.0,False
13256,-0.031945232,-0.031945232,False
13246,-0.11306015,-0.048412792,False
13255,-0.022065971,-0.022065971,False
13253,-0.00952253,-0.00952253,False
13252,0.053472504,-0.00884567,False
13251,0.043475583,-0.024074547,False
13250,-0.014208386,0.008436631,False
13249,-0.003244197,-0.025278758,False
13248,-0.037296675,-0.037296675,False
13254,0.01278497,-0.00980381,False
13229,-0.025815252,-0.02700951,False
13298,-0.011326868,-0.035141945,False
13300,-0.01713061,-0.01713061,False
13337,0.02240278,-0.019560901,False
13338,-0.07391251,-0.01392702,False
13339,0.014525016,-0.008393522,False
13340,0.02949515,-0.008341253,False
13341,-0.2850843,0.029056668,False
13342,0.029257268,0.0059673265,False
13343,-0.14051533,-0.037441343,False
13344,0.013145041,-0.009223107,False
13345,0.011754919,-0.00509506,False
13346,0.07205788,-0.07406417,False
13347,0.021571536,0.0035589482,False
13348,-0.786627,-0.10541558,False
13349,0.42154878,-0.004295081,False
13350,-0.050350934,0.03733304,False
13351,0.035465904,-0.0047455756,False
13352,-0.03509777,-0.0046005175,False
13353,-0.018126788,-0.027328605,False
13367,0.013750199,-0.009330262,False
13366,0.033023506,0.004272908,False
13365,-0.20116615,-0.09538126,False
13364,-0.10262182,-0.06307928,False
13363,-0.07798801,0.04482466,False
13362,-0.049032748,0.017489478,False
13336,0.15508687,-0.06896275,False
13361,0.055420995,-0.035736322,False
13359,0.013736115,-0.008560601,False
13358,0.038646907,-0.021058373,False
13357,-0.14770865,-0.018008351,False
13356,0.032245055,0.0059529915,False
13355,0.12264858,0.06419474,False
13354,-0.24604383,-0.09429422,False
13360,-0.024251798,-0.046918843,False
13335,-0.04398536,-0.109058976,False
13334,-0.007713452,-0.005600393,False
13333,-0.11533451,-0.036100224,False
13314,0.053141207,0.011811867,False
13313,-0.04653868,-0.014728766,False
13312,-0.088862345,0.020391747,False
13311,0.013282061,-0.010607034,False
13310,-0.011079013,-0.04995534,False
13309,-0.2368632,-0.08531964,False
13315,-0.16540524,0.0052033663,False
13308,-0.15270734,-0.06963706,False
13306,-0.034671027,-0.034671027,False
13305,-0.014105277,-0.014105277,False
13304,-0.00067973696,-0.022789298,False
13303,-0.022965914,-0.0048761386,False
13302,-0.018103123,-0.037205666,False
13301,-0.0092139095,-0.026223266,False
13307,-0.0094153285,0.0035268068,False
13299,0.017074784,-0.0028078314,False
13316,0.0027912296,-0.020177621,False
13318,-0.015052834,-0.015052834,False
13332,-0.018650196,-0.035366077,False
13331,-0.040622517,0.0064576417,False
13330,0.07512528,0.01485607,False
13329,-0.060783744,0.063925624,False
13328,0.21971211,0.08424616,False
13327,-0.21487308,-0.09089154,False
13317,0.04522395,0.06858303,False
13326,0.0032647979,-0.019674728,False
13324,0.04145175,0.0008958541,False
13323,0.04769951,0.056903094,False
13322,-0.017048568,0.080784515,False
13321,-0.015101805,-0.015101805,False
13320,-0.17456347,-0.07085621,False
13319,-0.038205564,-0.026931077,False
13325,-0.00761953,-0.03590092,False
13368,-0.016419992,0.0127468705,False
13228,-0.078777164,-0.034107894,False
13226,-0.019409642,-0.085673854,False
13124,-0.036723897,-0.05922031,False
13125,0.13087502,-0.01801151,False
13126,0.059850633,-0.08368313,False
13127,-0.1623458,-0.08095491,False
13128,-0.022749508,-0.04657339,False
13129,-0.17372873,-0.10936004,False
13130,0.007296428,-0.015011616,False
13131,0.025569946,0.05913952,False
13132,-0.25728428,-0.15292132,False
13133,-0.0032650828,-0.023398213,False
13134,0.001352638,-0.0040653646,False
13135,-0.061557785,-0.031221509,False
13136,-0.08796346,-0.035378695,False
13137,0.017263543,0.03062089,False
13138,-0.080866456,-0.08188474,False
13139,-0.28768253,-0.10157132,False
13140,0.2676623,-0.12065601,False
13154,0.02384661,0.0,False
13153,0.0,0.0,False
13152,0.029983819,-0.05016613,False
13151,-0.067127466,-0.042749286,False
13150,0.091676146,0.04592535,False
13149,-0.10690123,0.054964483,False
13123,0.064816624,-0.024181336,False
13148,-0.5166049,-0.26357412,False
13146,-0.026611,0.0014048219,False
13145,-0.1462394,-0.085057974,False
13144,-1.2299889,-0.22496557,False
13143,-0.013744473,0.040984154,False
13142,-0.070613086,-0.043876022,False
13141,0.032238394,-0.008488201,False
13147,0.3917768,-0.022728682,False
13122,-0.14224792,0.09925473,False
13121,-0.24506928,-0.020104468,False
13120,0.015493788,-0.04089292,False
13101,-0.0051805233,-0.0051805233,False
13100,-0.22718248,-0.051111758,False
13099,0.14075562,-0.04988337,False
13098,-0.01345253,0.06671631,False
13097,-0.021701971,0.028777879,False
13096,-0.059333146,0.007737577,False
13102,0.0,0.0,False
13095,-0.31634676,-0.09660035,False
13093,-0.008652806,-0.16191041,False
13092,-0.008526362,-0.008526362,False
13091,-0.0044247913,-0.0044247913,False
13090,-0.005035676,-0.005035676,False
13089,-0.3642848,-0.079766154,False
13088,0.20281196,-0.13016903,False
13094,0.09664288,-0.05500746,False
13155,0.121793434,0.025941372,False
13103,0.00016701967,0.016176626,False
13105,-0.43851638,-0.26560593,False
13119,-0.0050516543,-0.0050516543,False
13118,0.0,0.0,False
13117,-0.022608865,-0.022608865,False
13116,-0.06310648,0.086033165,False
13115,-0.14866352,-0.1787293,False
13114,-0.004880652,-0.008613646,False
13104,-0.017697359,-0.017697359,False
13113,-0.12674592,-0.05739966,False
13111,-0.03623402,0.044661403,False
13110,0.049134254,-0.015152156,False
13109,-0.2726363,-0.07210302,False
13108,-0.06641898,0.023311019,False
13107,0.20813465,-0.017544389,False
13106,-0.023416558,-0.023416558,False
13112,-0.051439166,-0.13325453,False
13227,-0.041220248,-0.06548256,False
13156,-0.014354608,-0.014354608,False
13158,-0.016495526,-0.083949685,False
13195,0.046531472,0.020903496,False
13196,-0.17499274,-0.0802539,False
13197,-0.036865354,0.026382387,False
13198,0.8528898,-0.3036809,False
13199,-0.008557414,-0.0063626766,False
13200,-0.15431279,-0.0988822,False
13201,0.043918163,0.020707443,False
13202,0.22220409,-0.0145590305,False
13203,-0.0089217825,-0.0089217825,False
13204,0.03517121,-0.0132001415,False
13205,-0.00905683,-0.00905683,False
13206,-0.08532041,-0.002302885,False
13207,-0.034526452,-0.07798427,False
13208,0.060179673,-0.0066418797,False
13209,0.007261157,-0.010743618,False
13210,-0.016625287,-0.016625287,False
13211,-0.008471988,-0.008480646,False
13225,-0.026249774,-0.07376982,False
13224,-0.27873495,0.005153358,False
13223,-0.057296,-0.0070150048,False
13222,0.043664,-0.020417225,False
13221,0.02762276,0.02180335,False
13220,-0.29648906,-0.13233656,False
13194,-0.08079386,-0.104034424,False
13219,-0.23675531,0.04216957,False
13217,-0.0048913304,-0.0048913304,False
13216,0.0,0.0061241244,False
13215,-0.10821843,-0.07050586,False
13214,0.010386929,0.01513543,False
13213,-0.18983743,-0.026656449,False
13212,-0.0031268913,-0.025148407,False
13218,-0.067816496,-0.20644045,False
13193,-0.0050043217,-0.0050043217,False
13192,-0.156417,-0.068122834,False
13191,0.0031945705,-0.01388365,False
13172,0.0,4.064007e-06,False
13171,0.0,0.0,False
13170,-0.024692595,-0.0063916147,False
13169,-0.023016125,-0.023016125,False
13168,-0.06199068,-0.08904797,False
13167,-0.16372895,-0.0058119297,False
13173,-0.54133874,-0.026720643,False
13166,0.038942836,-0.03171067,False
13164,-0.7714093,-0.22634363,False
13163,-0.17454463,-0.11522013,False
13162,0.16855311,-0.10740256,False
13161,0.016309366,-0.07599732,False
13160,0.26485717,0.015295148,False
13159,0.0156182945,-0.057934523,False
13165,0.055268586,0.033244133,False
13157,-0.058544524,0.04440941,False
13174,-0.014083035,-0.038213946,False
13176,-0.5155256,-0.23502111,False
13190,-0.1442029,0.035650194,False
13189,0.03409943,0.012922645,False
13188,0.039637595,0.013038039,False
13187,-0.21862996,0.013501525,False
13186,0.16128933,-0.022574574,False
13185,0.050965905,-0.010849431,False
13175,0.0088882,0.025492623,False
13184,0.08016961,0.049129046,False
13182,-0.13874102,-0.110027015,False
13181,0.04683573,0.0,False
13180,-0.04701358,-0.012385741,False
13179,-0.251592,-0.04041505,False
13178,0.09340449,-0.010135771,False
13177,-0.05800867,-0.13304812,False
13183,0.080531836,-0.016840026,False
13087,0.05787924,0.016311228,False
13369,-0.107839815,-0.029841244,False
13371,-0.0054362994,-0.0224684,False
13550,0.15395468,-0.00015580654,False
13551,-0.0841037,-0.11623734,False
13552,0.09668857,0.023192346,False
13553,-0.051246755,0.0047397465,False
13554,-0.0073046237,-0.011010855,False
13555,0.088288486,0.01300925,False
13556,0.0115611935,0.02790441,False
13557,-0.014326302,-0.014326302,False
13558,0.071647674,-0.033921644,False
13559,-0.40411586,-0.0061418414,False
13560,0.24262631,0.031258404,False
13561,0.15761751,0.060685694,False
13562,-0.0073014675,-0.002260998,False
13563,0.0,0.0,False
13564,0.0,0.0027892075,False
13565,-0.13946867,-0.10324645,False
13566,-0.05566299,-0.029143155,False
13580,-0.015568104,-0.03753543,False
13579,-0.004523841,-0.004523841,False
13578,0.016755434,-0.005140204,False
13577,0.041031837,-0.060126007,False
13576,-0.013309747,-0.022117555,False
13575,-0.018605322,-0.041683614,False
13549,0.1374537,0.03203523,False
13574,-0.15609694,-0.029174805,False
13572,0.04164599,-0.010192476,False
13571,-0.9482125,-0.0978086,False
13570,0.0,0.0,False
13569,0.07757473,0.017992616,False
13568,0.12968886,0.10482061,False
13567,-0.06598562,-0.11534512,False
13573,-0.39751056,-0.067252755,False
13548,0.47604024,0.033477426,False
13547,-0.037604988,-0.009289205,False
13546,0.18818022,0.015365988,False
13527,0.10355234,-0.20974922,False
13526,-0.007218763,0.0354305,False
13525,0.005928129,0.020270884,False
13524,0.017771125,0.0012962222,False
13523,0.41905624,-0.022759616,False
13522,-0.0047549387,-0.0047549387,False
13528,-0.0029676016,-0.024690803,False
13521,0.0,1.5457346e-05,False
13519,-0.0050570443,-0.0050570443,False
13518,0.019625146,-0.0047300747,False
13517,0.0,0.0,False
13516,0.0,0.0,False
13515,0.026440207,-0.05606998,False
13514,0.048329584,-0.003255561,False
13520,-0.015347753,-0.0372751,False
13581,-0.7812407,-0.098561525,False
13529,-0.4848535,-0.16268826,False
13531,-0.009286357,-0.009286357,False
13545,-0.0027872976,0.059956864,False
13544,-0.024095956,-0.06367081,False
13543,-0.08678287,-0.035457075,False
13542,-0.11338174,-0.0937264,False
13541,0.1195451,-0.04627621,False
13540,-0.30861193,-0.16633159,False
13530,-0.17872757,0.010157943,False
13539,0.0007304549,0.04279369,False
13537,0.03558819,0.053207427,False
13536,-0.26065266,-0.09900594,False
13535,0.004538147,-0.019283216,False
13534,-0.0067569762,0.0059566516,False
13533,-0.3127029,-0.25489116,False
13532,0.09848197,0.0004016906,False
13538,0.011811554,0.0288015,False
13513,0.12223104,0.029426737,False
13582,-0.08613688,-0.042750537,False
13584,-0.05194509,-0.08593279,False
13621,-0.026973093,-0.012238662,False
13622,-0.009913743,-0.009913743,False
13623,0.03410537,-0.009151655,False
13624,0.0,0.0,False
13625,0.019956434,-0.0048346743,False
13626,-0.017657716,-0.03531714,False
13627,0.038542733,-0.004912503,False
13628,0.0033826642,0.0180762,False
13629,0.019161105,-0.021322832,False
13630,-0.019985368,-0.019985368,False
13631,0.008281326,-0.014471322,False
13632,-0.08348569,-0.0023556799,False
13633,-0.019007664,-0.019007664,False
13634,0.0057562273,-0.018566195,False
13635,0.0,0.0,False
13636,-0.073131,0.00022046268,False
13637,0.040165134,-0.023041548,False
13651,-0.0036482764,-0.0036482764,False
13650,-0.023915695,-0.023915695,False
13649,0.0,0.0,False
13648,-0.014836852,-0.014836852,False
13647,-0.037895735,-0.037895735,False
13646,0.0,0.0,False
13620,-0.0081656305,-0.0081656305,False
13645,-0.008289204,-0.008289204,False
13643,0.0,0.0,False
13642,-0.0051178043,-0.0051178043,False
13641,0.013546109,-0.008421216,False
13640,-0.020808905,-0.00020679832,False
13639,-0.1426664,0.019488856,False
13638,-0.024194736,-0.067351684,False
13644,0.0,0.0,False
13619,0.018843042,0.0,False
13618,0.017477633,-0.004857551,False
13617,-0.13063896,0.034787774,False
13598,-0.25989017,-0.04449761,False
13597,-0.057897925,-0.083403915,False
13596,0.008390874,0.10629964,False
13595,0.0061776303,-0.036906518,False
13594,0.007169122,-0.016282875,False
13593,-0.034148976,0.018632472,False
13599,-0.056147784,-0.0011448562,False
13592,-0.017318979,0.015126839,False
13590,-0.03471411,-0.057414606,False
13589,-0.03750688,-0.11959979,False
13588,-0.16324627,-0.06131041,False
13587,0.0,0.0,False
13586,-0.004495575,-0.0038891553,False
13585,-0.047193706,-0.026787937,False
13591,0.09508252,-0.026293784,False
13583,0.00024181977,0.014964901,False
13600,0.3343587,0.050429225,False
13602,0.09618211,0.041579545,False
13616,-0.0325889,-0.019704998,False
13615,0.02052626,0.010888159,False
13614,0.039732695,-0.017490268,False
13613,-0.83651125,-0.15164852,False
13612,0.005597107,0.020964958,False
13611,-0.12570977,-0.06650412,False
13601,0.003081955,0.0016659871,False
13610,0.14417553,-0.045163184,False
13608,-0.004758813,-0.004758813,False
13607,-0.064691246,0.02400446,False
13606,0.10378599,-0.05882901,False
13605,-0.6136477,-0.020834684,False
13604,-0.16939944,-0.079784214,False
13603,-0.47001487,-0.015354872,False
13609,0.094548434,-0.03223834,False
13370,0.10534698,-0.035186827,False
13512,-0.034674533,-0.027182907,False
13510,0.02190193,-0.017537074,False
13408,0.026430875,0.029870898,False
13409,0.01574859,-0.011113018,False
13410,-0.22727317,-0.08312833,False
13411,0.040999323,-0.012531206,False
13412,-0.03685969,0.024023026,False
13413,0.42675352,-0.21915627,False
13414,0.022512998,-0.022715114,False
13415,-0.07831177,-0.041152775,False
13416,-0.06666868,0.032598585,False
13417,-0.13369304,-0.018968463,False
13418,-0.12814425,0.07114434,False
13419,0.00017230958,-0.03948845,False
13420,0.015100052,-0.004887038,False
13421,0.005184965,0.010536825,False
13422,-0.0053360984,-0.018293198,False
13423,0.011364788,0.10807043,False
13424,0.03217274,0.06578362,False
13438,-0.022974292,-0.022974292,False
13437,-0.015038893,0.0018076673,False
13436,-0.0047905953,-0.0047905953,False
13435,-0.004503161,0.019700099,False
13434,0.0,0.0,False
13433,0.023237798,0.0,False
13407,0.04420221,-0.0108337775,False
13432,-0.017816339,-0.014216069,False
13430,-0.044391662,-0.014782429,False
13429,-0.24218592,-0.09137857,False
13428,-0.051110506,-0.039476007,False
13427,0.038521767,-0.050882563,False
13426,-0.13247105,-0.06139396,False
13425,-0.14258502,-0.011486769,False
13431,0.0331766,-0.065892786,False
13406,-0.2886405,-0.018877864,False
13405,-0.22711304,-0.06466395,False
13404,0.0909642,0.004988551,False
13385,0.052669644,-0.030057788,False
13384,-0.109695196,-0.06940782,False
13383,0.06914428,0.035662115,False
13382,-0.027431283,-0.049728,False
13381,0.034741152,0.0154098375,False
13380,0.011929222,-0.005329055,False
13386,-0.030967962,0.01160546,False
13379,-0.1254676,-0.09082675,False
13377,0.0,0.0,False
13376,-0.023416713,-0.005605895,False
13375,0.0033966303,0.02790916,False
13374,-0.51290655,-0.21255422,False
13373,-0.24024689,-0.07024419,False
13372,-0.43867487,-0.042991996,False
13378,-0.15032227,-0.010871112,False
13439,0.0344854,-0.009845351,False
13387,0.25597358,-0.016012907,False
13389,-0.10546875,-0.06704509,False
13403,-0.07334602,0.018260896,False
13402,-0.19366527,-0.08147961,False
13401,0.003329575,0.008523107,False
13400,0.035837173,-0.01111573,False
13399,0.02580462,-0.029965073,False
13398,0.03616524,-0.0037264177,False
13388,0.01144743,-0.04594344,False
13397,-0.009703321,-0.009703321,False
13395,-0.0732566,-0.023748517,False
13394,-0.014216907,-0.014216907,False
13393,-0.0044222353,-0.0044222353,False
13392,-0.08765125,-0.025153637,False
13391,0.026344668,-0.022700932,False
13390,0.08025092,0.039250523,False
13396,-0.009835042,0.009324349,False
13511,0.01563552,-0.007337698,False
13440,-0.014237913,-0.014237913,False
13442,0.035500303,-0.01021273,False
13479,-0.021959715,-0.021959715,False
13480,0.008128672,-0.015384785,False
13481,-0.004685581,-0.004685581,False
13482,-0.003648026,-0.027506048,False
13483,0.0027398411,-0.019556874,False
13484,0.009956827,-0.014365595,False
13485,-0.042928454,-0.042928454,False
13486,0.0,0.0,False
13487,-0.019392395,0.0037564356,False
13488,-0.05491106,-0.05491106,False
13489,-0.014016908,-0.014016908,False
13490,0.0129612805,-0.009099499,False
13491,0.009954978,-0.012638474,False
13492,-0.019135375,-0.058312245,False
13493,0.007768198,-0.00929911,False
13494,0.008154917,-0.012780118,False
13495,0.0,0.0,False
13509,0.026963167,-0.019904196,False
13508,0.046191975,0.0,False
13507,0.0,0.0,False
13506,-0.009773128,-0.009773128,False
13505,-0.0036848104,-0.0036848104,False
13504,-0.009850999,-0.031797487,False
13478,-0.015968712,-0.015968712,False
13503,0.0,0.0,False
13501,0.0015552305,-0.01987355,False
13500,0.0,0.0,False
13499,0.0,0.0,False
13498,-0.009964798,-0.009964798,False
13497,0.0,0.0,False
13496,-0.0121257845,-0.033756875,False
13502,-0.009507211,-0.009507211,False
13477,-0.0032752305,-0.045312896,False
13476,-0.032954343,-0.046503145,False
13475,-0.004047248,-0.004047248,False
13456,-0.0014700638,-0.016603328,False
13455,-0.024111848,-0.024111848,False
13454,0.05299036,-0.014206174,False
13453,0.035547666,-0.03010161,False
13452,-0.027906483,-0.027906483,False
13451,0.005207848,0.018315285,False
13457,-0.0044944426,-0.0044944426,False
13450,0.037182122,0.06721842,False
13448,0.018960856,0.0183281,False
13447,-0.03262323,-0.07191738,False
13446,-0.013639601,-0.013639601,False
13445,-0.0043655983,-0.0043655983,False
13444,-0.014306098,-0.014306098,False
13443,-0.013917317,-0.013917317,False
13449,0.038587358,0.0,False
13441,-0.0009552352,-0.020942325,False
13458,0.013539949,0.0022151135,False
13460,0.014953713,-0.008375808,False
13474,0.0,0.0,False
13473,-0.004968039,-0.004968039,False
13472,-0.009685544,-0.009685544,False
13471,-0.0043808636,-0.0043808636,False
13470,-0.004356498,-0.004057575,False
13469,-0.04777755,-0.07051952,False
13459,0.013061553,-0.009356147,False
13468,0.0011616796,-0.04544265,False
13466,0.0,0.0,False
13465,-0.0074247643,-0.018709546,False
13464,-0.046085823,-0.046085823,False
13463,-0.0471346,0.0027279295,False
13462,0.009150324,-0.014508167,False
13461,0.009216019,-0.014453377,False
13467,-0.034082983,-0.034082983,False
13086,0.0,0.0,False
13085,-0.008891855,-0.004611615,False
13084,0.05928594,-0.093505085,False
12695,0.009530291,-0.21520811,False
12696,-0.05106336,0.06391564,False
12697,0.25727227,0.06770381,False
12698,-0.048367746,0.0033370852,False
12699,-0.16381091,0.05385518,False
12700,0.1809237,-0.19543648,False
12701,0.00037825853,0.010863841,False
12702,-0.4337759,-0.08142996,False
12703,-0.5921471,-0.30314255,False
12704,-0.40691757,-0.18884015,False
12705,-0.12197316,-0.15792465,False
12706,-0.69877577,-0.3297844,False
12707,-0.27911305,-0.005465269,False
12708,-0.21799198,-0.028711498,False
12709,-0.027741145,0.015722323,False
12710,-0.37371826,-0.12661839,False
12711,-0.0075416397,-0.030904818,False
12725,-0.27288967,-0.12975186,False
12724,-0.022229025,-0.022229025,False
12723,-0.17567027,-0.17343664,False
12722,-1.0777583,-0.24619913,False
12721,0.49337137,-0.06872821,False
12720,-1.2126944,-0.2697587,False
12694,-0.006879505,-0.028098663,False
12719,-0.4108882,-0.31966197,False
12717,-0.25429213,-0.030915082,False
12716,-0.46068597,-0.22459245,False
12715,-0.8572347,-0.098635435,False
12714,-0.27804875,-0.006406665,False
12713,-0.85942996,-0.3094771,False
12712,-0.41405678,-0.0722723,False
12718,-0.37924957,-0.04059434,False
12693,-0.05581755,-0.011552498,False
12692,-0.47438693,-0.13087273,False
12691,0.06467599,-0.02934277,False
12672,-0.03734284,-0.03734284,False
12671,0.0,0.0,False
12670,-0.7313385,-0.089374065,False
12669,0.1766144,0.016133845,False
12668,-0.024524182,0.074009866,False
12667,-0.11112115,-0.024439424,False
12673,-0.010760261,-0.033095445,False
12666,-0.009273598,-0.033525605,False
12664,0.0011150613,-0.00040069968,False
12663,0.10370286,0.002058521,False
12662,-0.1271671,0.015634924,False
12661,-0.012888374,-0.012888374,False
12660,-0.018720048,-0.018720048,False
12659,-0.08896604,-0.031037003,False
12665,-0.103649154,0.0014824271,False
12726,-0.20541883,0.03257966,False
12674,-0.022754218,-0.0065490063,False
12676,-0.025268825,-0.047376722,False
12690,-0.12133169,-0.031162113,False
12689,0.052054733,0.06288612,False
12688,0.018016981,-0.005092763,False
12687,-0.0042173397,-0.003776704,False
12686,-0.13858421,0.0032384843,False
12685,0.019311545,-0.0044424147,False
12675,0.0,0.00040381443,False
12684,-0.0051389164,-0.0051389164,False
12682,0.0,0.00228473,False
12681,-0.019306011,-0.019306011,False
12680,0.0,0.005506725,False
12679,-0.02331135,0.015624147,False
12678,-0.011331933,-0.011331933,False
12677,-0.006817691,-0.0033481643,False
12683,0.0,0.00067593757,False
12658,0.008532882,-0.009126544,False
12727,-0.04519605,-0.0101187825,False
12729,-0.49460137,-0.036321163,False
12766,0.06696651,0.0053822696,False
12767,0.068712234,-0.009076595,False
12768,-0.2952482,-0.112972915,False
12769,0.107558995,-0.051835924,False
12770,-0.133811,-0.06240189,False
12771,-0.06423541,-0.01595103,False
12772,-0.045261092,0.011591792,False
12773,-0.2735625,-0.120293856,False
12774,-0.004478546,-0.01630569,False
12775,0.031266842,0.0019378625,False
12776,-0.0040650247,-0.0040650247,False
12777,-0.1369988,-0.015667617,False
12778,-0.055148687,-0.029425837,False
12779,0.037325144,0.04130423,False
12780,-0.02765444,-0.02765444,False
12781,-0.018726826,0.047058493,False
12782,-0.0033912933,0.009535367,False
12797,-0.045231923,-0.0031250864,False
12795,-0.009901731,-0.00856208,False
12794,0.019596457,-0.037493203,False
12793,0.0,0.0011984337,False
12792,-0.003376223,-0.003376223,False
12791,-0.024429852,0.02364585,False
12765,-0.05636636,-0.03528626,False
12790,-0.75136375,0.025542974,False
12788,-0.20866275,-0.012139738,False
12787,0.032904252,-0.008146703,False
12786,0.0,0.0,False
12785,0.011567645,-0.009404149,False
12784,-0.0053632967,-0.0053632967,False
12783,0.0,0.0,False
12789,-0.009985121,-0.009985121,False
12764,0.0705027,0.050785333,False
12763,0.06684731,0.00816828,False
12762,0.0,0.0,False
12743,0.058944426,0.000732325,False
12742,0.031549197,-0.034705374,False
12741,-0.2937268,0.079627395,False
12740,0.018019438,0.013549149,False
12739,-0.20768714,-0.033834457,False
12738,-0.22350526,-0.1004805,False
12744,-0.2995906,0.07005787,False
12737,-0.28968298,-0.08443034,False
12735,-0.4744873,-0.029416323,False
12734,0.016561389,0.019842446,False
12733,-0.31072098,-0.03595352,False
12732,-0.083646655,-0.014943123,False
12731,-0.11337167,-0.045380414,False
12730,-0.04699719,-0.16473234,False
12736,-0.46153986,-0.1077373,False
12728,-0.4655261,-0.2342385,False
12745,-0.513453,-0.050020456,False
12747,-0.6506052,-0.18900537,False
12761,0.03004524,-0.00622529,False
12760,-0.011375904,-0.011375904,False
12759,0.002670925,0.0022523291,False
12758,0.26131707,0.008006692,False
12757,0.0471614,-0.004019201,False
12756,-0.051005647,-0.0045643672,False
12746,-0.084400326,-5.054474e-05,False
12755,0.11478889,-0.04104784,False
12753,-0.15654245,-0.020281374,False
12752,-0.26245975,-0.05176598,False
12751,0.013724923,4.3272972e-05,False
12750,-0.06400865,0.0010153353,False
12749,0.004554946,-0.04162876,False
12748,-1.3415933,-0.13536167,False
12754,0.01873076,0.017078042,False
12798,0.0,0.00063864456,False
12657,0.00437627,-0.019549597,False
12655,-0.008925113,-0.00861301,False
12553,0.69342566,-0.12591815,False
12554,0.06494267,0.0165032,False
12555,0.01685434,0.0,False
12556,0.11659363,-0.027521089,False
12557,-0.98131514,-0.16852927,False
12558,-0.3797984,-0.16755438,False
12559,-0.16389251,0.006314516,False
12560,-0.4627471,-0.12413776,False
12561,-0.6580882,-0.22371578,False
12562,0.1157701,0.005448818,False
12563,0.034515724,0.0015864819,False
12564,-0.9984906,-0.085258245,False
12565,-0.01991637,-0.0025767088,False
12566,-0.0046034134,-0.0046034134,False
12567,-0.11581665,-0.08490163,False
12568,-0.1139114,-0.04611878,False
12569,-0.122029155,-0.037193477,False
12583,-0.21374136,0.08747709,False
12582,-0.006078452,0.11542982,False
12581,0.046077535,-0.17287055,False
12580,-0.0083244,0.001982525,False
12579,0.008048534,0.07690835,False
12578,-0.10138022,-0.03133197,False
12552,0.0410036,-0.006441109,False
12577,-0.06747922,0.019363612,False
12575,-0.043014247,-0.06359939,False
12574,-0.18195409,0.028419733,False
12573,-0.041859567,-0.039277077,False
12572,-0.0127558345,-0.0127558345,False
12571,0.08143014,-0.00011686236,False
12570,0.21685296,0.058384,False
12576,-0.034927815,0.049753547,False
12551,0.029969461,-0.06220516,False
12550,0.030036092,-0.02449147,False
12549,-0.07184461,-0.030937433,False
12530,-0.0009125173,0.011834532,False
12529,-0.12279701,0.031124055,False
12528,0.12747663,0.024849415,False
12527,-0.14389203,-0.017882466,False
12526,-0.057892323,0.05992675,False
12525,0.004893165,0.012891229,False
12531,-0.07978997,0.09658018,False
12524,-0.059569,-0.021867916,False
12522,0.026596189,-0.15326262,False
12521,-0.11023581,-0.08372581,False
12520,0.012253642,-0.034614384,False
12519,0.013951212,0.036661953,False
12518,0.05966322,0.058600888,False
12517,-0.4081658,0.012885332,False
12523,0.0,0.0,False
12584,-0.03850919,-0.041928887,False
12532,0.02431391,0.0,False
12534,-0.20048374,-0.05539024,False
12548,-0.0886932,-0.027900219,False
12547,0.06953005,-0.01757291,False
12546,0.024615854,0.013968796,False
12545,0.037979133,-0.017373918,False
12544,-0.009503056,-0.0065578525,False
12543,-0.008721001,0.014643975,False
12533,-0.00931633,-0.00931633,False
12542,-0.18333818,-0.09315449,False
12540,-0.03692303,-0.032700606,False
12539,0.075645745,0.02297771,False
12538,-0.050807185,-0.04616282,False
12537,-0.0825727,-0.13158375,False
12536,0.03949952,-0.13370347,False
12535,0.028688133,-0.09655434,False
12541,0.07184377,0.03351687,False
12656,0.00825527,-0.012401131,False
12585,0.14025736,-0.067854226,False
12587,0.056925416,-0.19979525,False
12624,-0.05225882,-0.07129651,False
12625,0.016338725,-0.0069481125,False
12626,-0.00403199,-0.0029128634,False
12627,-0.0535992,-0.1436812,False
12628,0.0,0.0,False
12629,-0.025889039,0.058653906,False
12630,0.0,0.0,False
12631,-0.08384582,0.010866761,False
12632,0.08466226,0.043030977,False
12633,-0.22971144,-0.012923539,False
12634,-0.1526008,-0.10766822,False
12635,-0.033875465,-0.025298953,False
12636,-0.12663436,-0.038951635,False
12637,0.025645971,-0.12549746,False
12638,-0.02438125,-0.019441605,False
12639,-0.18396392,-0.016528904,False
12640,-0.18363786,0.028957605,False
12654,-0.17629078,-0.05287689,False
12653,0.15683739,0.029262736,False
12652,-0.0026323441,-0.025297485,False
12651,-0.25135398,-0.14771962,False
12650,-0.08617416,0.0011374205,False
12649,-0.00045073032,-0.022473413,False
12623,0.010771686,-0.0043615783,False
12648,-0.21672109,-0.030929089,False
12646,-0.165739,-0.07740906,False
12645,0.24565321,0.03603041,False
12644,0.113869905,-0.07924867,False
12643,-0.08664417,-0.009987116,False
12642,-0.43972468,-0.19832444,False
12641,-0.028726052,0.017164536,False
12647,0.1480726,-0.05271405,False
12622,0.02224342,0.013362462,False
12621,-0.011965294,-0.011965294,False
12620,0.09738079,0.06439528,False
12601,0.13398692,0.023911417,False
12600,-0.023234904,0.03102845,False
12599,0.020765014,-0.051268823,False
12598,0.011470432,-0.000116755255,False
12597,0.064359926,0.035152562,False
12596,0.0028317198,-0.035035703,False
12602,-0.25326675,-0.2394728,False
12595,0.2627619,0.0096895695,False
12593,0.80255795,-0.33395314,False
12592,-0.013793514,-0.0005813772,False
12591,-0.031754714,-0.029711515,False
12590,0.004286114,-0.018156756,False
12589,-0.049989074,-0.008341372,False
12588,-0.03430278,-0.02790469,False
12594,-0.00024676323,0.05030918,False
12586,-0.036730543,-0.030417174,False
12603,-0.07894552,0.006267786,False
12605,-0.005575989,-0.005575989,False
12619,-0.023262031,-0.069905646,False
12618,-0.0506825,0.023132205,False
12617,-0.026055306,0.028622627,False
12616,0.0644927,0.00055372715,False
12615,0.023283571,0.0052589625,False
12614,-0.056241594,-0.029172614,False
12604,-0.2857405,-0.18702948,False
12613,-0.25225818,-0.02538538,False
12611,-0.004350482,-0.004350482,False
12610,-0.12589456,-0.044968665,False
12609,-0.12531167,-0.00019478798,False
12608,-0.08977038,-0.056394637,False
12607,0.055885732,-0.010157943,False
12606,0.0078052226,-0.013825867,False
12612,-0.36690176,-0.26704,False
12799,-0.2784167,-0.5142287,False
12800,-0.18024015,0.022460759,False
12801,-0.010015583,-0.031463444,False
12982,0.0060696714,-0.055794407,False
12983,-0.06535527,-0.017272592,False
12984,0.08843903,0.03332576,False
12985,0.20348448,-0.08659661,False
12986,0.008181274,-0.014110327,False
12987,-0.038732573,0.01365304,False
12988,0.09703037,-0.04523346,False
12989,-0.16361125,-0.025021523,False
12990,0.0468722,-0.07941675,False
12991,0.31936336,0.065457344,False
12992,-0.0146946,-0.014074164,False
12993,-1.3861644,-0.24050999,False
12994,0.0,0.0,False
12995,0.016604643,0.00025309995,False
12996,0.14500904,-0.034753323,False
12997,-0.058907777,0.05705318,False
12998,-0.054594576,-0.090958714,False
13012,0.11371092,-0.00133764,False
13011,0.029947162,0.008354217,False
13010,-0.24175179,0.006976545,False
13009,-0.041676328,-0.02110356,False
13008,1.6404316e-05,-0.023720255,False
13007,-0.11460002,-0.20034003,False
12981,0.26188672,0.008887172,False
13006,0.2505083,0.060691267,False
13004,-0.08877075,-0.06342554,False
13003,-0.06004834,0.15324306,False
13002,-0.010268965,-0.010268965,False
13001,0.2434082,0.050008297,False
13000,-0.083468795,0.015585169,False
12999,0.049302995,-0.14744173,False
13005,-0.13704233,-0.03287731,False
12980,-0.16158175,-0.025277317,False
12979,-0.03930948,0.016276777,False
12978,-0.27541184,-0.13013387,False
12959,0.09107865,0.027459584,False
12958,-0.0074428543,-0.029251758,False
12957,-0.05282867,-0.005227357,False
12956,0.0,0.0,False
12955,-0.15991074,-0.1271823,False
12954,-0.052836895,-0.10765952,False
12960,-0.004365054,-0.004296483,False
12953,-0.014000505,-0.009073034,False
12951,-0.0075544566,-0.029479727,False
12950,-0.013612054,0.030173186,False
12949,0.0,0.0016813397,False
12948,0.1642259,-0.0043157637,False
12947,-0.012855262,-0.006076634,False
12946,-0.12907062,-0.021197498,False
12952,0.018684376,-9.3715265e-05,False
13013,0.03321374,0.013940656,False
12961,0.017659426,0.0,False
12963,-0.026625767,-0.0043125153,False
12977,-0.18608189,-0.16208899,False
12976,0.44045138,-0.17967391,False
12975,0.009298101,-0.014411522,False
12974,0.22197187,0.03374839,False
12973,-0.331056,0.023534536,False
12972,-0.6323055,0.03597212,False
12962,-0.06423324,0.0022948384,False
12971,0.0,0.0011329566,False
12969,-0.0047551068,-0.0037612938,False
12968,-0.18630141,-0.0083498955,False
12967,-0.061600327,0.059520125,False
12966,-0.33733654,-0.011699915,False
12965,0.12588483,0.08117175,False
12964,0.027898788,0.071890235,False
12970,-0.12260699,-0.08191645,False
12945,-0.05042988,-0.012415051,False
13014,-0.10159245,-0.006409645,False
13016,-0.00986801,-0.00986801,False
13053,-0.053211883,0.0049176663,False
13054,-0.050482213,-0.015642464,False
13055,-0.06695366,-0.058713794,False
13056,-0.0002937019,-0.0030996054,False
13057,0.26803768,0.06586957,False
13058,-0.093080044,0.026416376,False
13059,-0.01194749,-0.12581202,False
13060,-0.023138523,-0.02687639,False
13061,-0.013658517,-0.013658517,False
13062,-0.004762195,-0.003409766,False
13063,0.0,0.0,False
13064,0.060699463,-0.0033541024,False
13065,0.09666853,0.0045250654,False
13066,0.024676392,-0.019800467,False
13067,-0.012171695,0.0052433554,False
13068,-0.013196252,-0.013196252,False
13069,-0.59093666,0.19741726,False
13083,0.21705168,-0.05166298,False
13082,-0.017665803,0.008649047,False
13081,-0.29484892,-0.01996237,False
13080,-0.042487398,-0.040351853,False
13079,-0.0011314582,-0.010230968,False
13078,0.024007112,0.030432925,False
13052,-0.21651733,-0.07929838,False
13077,-0.014263445,-0.014263445,False
13075,0.14589924,0.030948967,False
13074,-0.003665166,-0.003665166,False
13073,-0.28208023,-0.105110526,False
13072,0.11193198,-0.013366431,False
13071,-0.09770453,0.01214987,False
13070,-0.29266977,-0.060892344,False
13076,0.039317586,-0.021097917,False
13051,0.0063830577,0.019576203,False
13050,0.13203764,-0.050537348,False
13049,-0.12953174,0.15707755,False
13030,0.028817564,-0.0019073486,False
13029,-0.09450993,-0.044706404,False
13028,-0.0028753579,0.023915127,False
13027,-0.0011027958,-0.022150679,False
13026,0.04612565,-0.028938591,False
13025,0.027554631,-0.03444743,False
13031,0.0052110106,0.007037118,False
13024,-0.08663839,-0.06809771,False
13022,0.0,0.0,False
13021,0.0,0.0,False
13020,0.07454192,0.01365757,False
13019,0.0,0.0,False
13018,0.0063465834,-0.11495018,False
13017,-0.011732787,-0.02336219,False
13023,-0.05506313,-0.14663905,False
13015,-0.017188191,-0.1367253,False
13032,-0.83067036,-0.2524295,False
13034,0.039069176,-0.06572829,False
13048,-0.35553718,-0.08729094,False
13047,0.10551658,0.05661291,False
13046,0.009039283,0.030841053,False
13045,-0.03646013,-0.013805568,False
13044,0.14595407,0.025335312,False
13043,0.053221703,-0.02015829,False
13033,-0.15995586,9.62019e-05,False
13042,0.0,0.0,False
13040,0.025393248,-0.045030594,False
13039,-0.38514233,-0.28252077,False
13038,0.013409209,-0.008256088,False
13037,0.06440853,-0.005616611,False
13036,-0.0036848104,-0.0036848104,False
13035,0.043561876,-0.023046792,False
13041,-0.003299594,-0.03353648,False
12944,-0.048389435,0.016412795,False
12943,0.0074139163,-0.0032827938,False
12942,0.090500474,-0.010902464,False
12839,-0.019209549,-0.010745615,False
12840,-0.11531177,0.06304002,False
12841,0.17353225,-0.10572064,False
12842,0.008178979,-0.08143529,False
12843,-0.47202826,-0.13167155,False
12844,-0.17351758,0.060915947,False
12845,0.027160954,-0.019216936,False
12846,0.0,0.0,False
12847,0.05792225,0.058346756,False
12848,0.09136832,0.062945366,False
12849,0.09758866,-0.023307204,False
12850,0.4400921,0.067608535,False
12851,-0.2667271,-0.12321234,False
12852,0.091756344,-0.05268359,False
12853,-0.0032914877,-0.018774211,False
12854,-0.099787906,-0.07640451,False
12855,-0.014325231,-0.010370478,False
12869,-0.0019992068,-0.022307627,False
12868,-0.04678368,0.0390421,False
12867,0.13872439,-0.008911371,False
12866,-0.0042664185,-0.04863672,False
12865,-0.09942436,-0.1046828,False
12864,0.02404914,0.051502876,False
12838,0.016699862,-0.004892896,False
12863,-0.043203928,-0.024954036,False
12861,-0.023363287,-0.023363287,False
12860,0.0,0.0011949616,False
12859,-0.10205193,-0.039926633,False
12858,-0.378397,-0.15263367,False
12857,-0.06324566,-0.05419492,False
12856,-0.16422248,-0.063854694,False
12862,-0.0041510537,-0.027311519,False
12837,-0.20484155,-0.5365954,False
12836,0.021335512,-0.34010434,False
12835,0.01336144,-0.0042979857,False
12815,-0.74424505,-0.31948006,False
12814,-0.052530885,-0.056397736,False
12813,0.023475546,0.002329383,False
12812,-0.037478924,-0.01680538,False
12811,-0.007213941,-0.0018247198,False
12810,0.03964019,-0.06234646,False
12816,-0.18659848,0.047709107,False
12809,0.0232864,-0.02443975,False
12807,-0.082556345,-0.03162062,False
12806,-0.008220762,0.0017315745,False
12805,0.025321431,0.0,False
12804,-0.012381082,-0.02939044,False
12803,-0.09225941,-0.04222679,False
12802,0.0,0.0,False
12808,-0.13131344,-0.0383479,False
12870,-0.08535528,-0.06946361,False
12817,0.19574586,0.019192606,False
12819,-0.002370093,-0.043189503,False
12834,-0.16458103,-0.23258786,False
12833,-0.24421313,-0.029569894,False
12832,-0.0197109,-0.0197109,False
12831,0.046646923,0.05809766,False
12830,-0.3716793,-0.00065279007,False
12829,-0.3639815,-0.032471776,False
12818,0.023709623,0.0007002254,False
12828,0.06274688,0.06074813,False
12825,-0.09602967,0.021277755,False
12824,0.0023229271,-0.0047798604,False
12823,-0.5535577,-0.088915706,False
12822,-0.019436983,-0.019436983,False
12821,-0.10715246,0.039571643,False
12820,0.02875197,-0.05241829,False
12827,-0.32289785,-0.046027184,False
12871,0.09528741,0.007379815,False
12872,0.035600826,0.0023649186,False
12873,-0.002750203,-0.010915309,False
12923,-0.0050101043,-0.0050101043,False
12922,-0.460693,-0.19291782,False
12921,-0.28973186,-0.0886426,False
12920,0.017104834,-0.024628535,False
12919,0.03574995,0.014167268,False
12918,-0.20033789,-0.1380727,False
12924,-0.23108494,-0.024470985,False
12917,0.04009492,0.015460018,False
12915,0.007910901,-0.014799205,False
12914,-0.05285108,0.04414457,False
12913,-0.0321614,-0.005393669,False
12912,0.035547376,0.11810863,False
12911,-0.30769718,-0.14263844,False
12910,-0.09273064,0.020095468,False
12916,0.05690223,0.037727267,False
12909,0.13295615,0.034293532,False
12925,0.0,0.0,False
12927,-0.12799865,0.0664804,False
12941,-0.1918109,-0.032648563,False
12940,0.54431057,0.010422468,False
12939,-0.2513838,-0.07424134,False
12938,-0.35139978,-0.31566823,False
12937,-0.5973316,-0.07133484,False
12936,-0.012470156,0.07502541,False
12926,-0.13667983,-0.05100298,False
12935,0.0136202825,-0.002186461,False
12933,-0.008140996,-0.008140996,False
12932,-0.022801355,-0.017317727,False
12931,-0.013573914,-0.013573914,False
12930,-0.04550296,-0.10263556,False
12929,-0.41614163,-0.10653651,False
12928,-0.0017480254,0.055144697,False
12934,0.14969212,0.063848555,False
11375,-0.09553748,0.04367739,False
12908,-0.24205029,-0.050498486,False
12906,-0.092712015,0.0304721,False
12887,-0.29667205,-0.04642701,False
12886,0.17562693,0.10975367,False
12885,0.12537053,0.038719535,False
12884,-0.099798545,-0.014946222,False
12883,0.008570261,-0.038000517,False
12882,-0.004955982,-0.0033661262,False
12888,-0.00090764835,0.011356097,False
12881,-0.054727733,-0.004163079,False
12879,0.1750474,-0.012426734,False
12878,-0.06911075,-0.029315315,False
12877,-0.15501004,-0.034750357,False
12876,-0.04940653,0.007865667,False
12875,-0.0070574246,0.009526933,False
12874,-0.075070545,0.014640033,False
12880,0.15706728,-0.008851349,False
12907,-0.10199347,0.007276058,False
12889,0.1735282,0.026332378,False
12891,0.10038084,-0.01684326,False
12905,-0.14935827,-0.06219539,False
12904,-0.022345006,-0.08918756,False
12903,-0.035005093,-0.011187613,False
12902,0.11913395,0.015895844,False
12901,0.047816716,-0.022042595,False
12900,0.1038432,-0.006451398,False
12890,0.017685307,0.002544793,False
12899,0.27447176,0.022607327,False
12897,-0.026861459,0.031817913,False
12896,0.014975073,-0.0073601115,False
12895,0.05845578,-0.034358025,False
12894,0.005433269,0.014538206,False
12893,-0.28101903,0.031520963,False
12892,0.021561638,-0.022888422,False
12898,0.009298206,-0.008483923,False
11374,-0.1037164,-0.03692548,False
11373,0.05763209,0.059684962,False
11372,0.010432303,0.018877894,False
9846,0.0,0.0,False
9847,-0.32441068,-0.06845856,False
9848,0.0194937,0.005807027,False
9849,0.082926214,-0.053539276,False
9850,0.054197095,-0.055527635,False
9851,0.021365657,0.017164871,False
9852,-0.28682607,-0.08459234,False
9853,0.010738593,-0.034016404,False
9854,0.017660549,-0.02106859,False
9855,0.0,0.0,False
9856,-0.092631355,-0.02209998,False
9857,0.04256366,0.020058345,False
9858,-0.08310043,0.014038801,False
9859,-0.011980057,-0.01896739,False
9860,-0.004661479,-0.004661479,False
9861,-0.33568895,-0.018219829,False
9862,0.27026343,-0.072784424,False
9876,-0.47396803,-0.289073,False
9875,-0.009172298,-0.009172298,False
9874,-0.15435195,0.0058705807,False
9873,0.73281264,-0.15537167,False
9872,-0.5884217,-0.11213851,False
9871,-0.3326733,-0.12679589,False
9845,-0.056490496,0.01688908,False
9870,-0.13576162,0.00015175343,False
9868,-0.066110015,-0.20052922,False
9867,-0.016378254,0.02410844,False
9866,-0.31837058,-0.1628133,False
9865,0.01685957,-0.0042173397,False
9864,-0.05870509,0.028913915,False
9863,0.0055953823,0.0071156733,False
9869,-0.5020311,-0.07269406,False
9844,-0.19924894,0.06619379,False
9842,-0.046781883,-0.005951479,False
9841,0.062017,0.007164456,False
9822,-0.03364539,-0.043958187,False
9821,0.08375445,0.06908989,False
9820,-0.011337247,0.021647811,False
9819,0.008233055,-0.013946966,False
9818,-0.0051983595,0.027781487,False
9817,0.026808824,0.02449568,False
9823,-0.043832615,0.014037192,False
9816,-0.009923772,-0.009923772,False
9814,0.21352984,-0.04237722,False
9813,0.041308917,-0.06307512,False
9812,-0.038333714,0.019252442,False
9811,-0.052792367,-0.0117580965,False
9810,-0.009698765,-0.033394936,False
9809,0.027476482,-0.025633678,False
9815,0.0,0.0,False
9877,-0.009909243,-0.009909243,False
9824,0.023239903,0.0075448677,False
9826,-0.007603053,-0.052760486,False
9840,0.023907878,-0.028132714,False
9839,0.0,0.0,False
9838,0.01417459,-0.008764936,False
9837,0.53325796,-0.066887856,False
9836,0.076900765,0.021846384,False
9835,-0.0036233715,-0.0036233715,False
9825,-0.043470323,-0.014259636,False
9834,0.06902449,0.026265312,False
9832,0.0,0.0,False
9831,0.008382618,-0.008954406,False
9830,0.017009357,0.0,False
9829,-0.2039918,-0.060429573,False
9828,-0.27288255,-0.022264719,False
9827,0.04831989,0.048307166,False
9833,-0.069071546,-0.031953476,False
9808,-0.027787212,-0.027787212,False
9878,0.18566966,0.020494178,False
9880,-0.041793644,-0.11263043,False
9917,0.012788547,-0.008937648,False
9918,-0.004707792,-0.004707792,False
9919,-0.28653646,-0.22662878,False
9920,0.028797805,-0.012140393,False
9921,0.014782906,-0.10723972,False
9922,-0.2473898,-0.04773295,False
9923,-0.3366462,0.0073091984,False
9924,-0.32668686,-0.059913337,False
9925,-0.012596458,-0.012596458,False
9926,-0.24567273,-0.029095173,False
9927,0.04501465,0.016386002,False
9928,-0.033379424,-0.033379424,False
9929,-0.42030215,-0.2435751,False
9930,-0.21829483,-0.09215051,False
9931,-0.052954443,-0.0009886958,False
9932,0.40693265,-0.021672368,False
9933,0.50501394,0.187881,False
9947,0.24474639,0.0030984282,False
9946,-0.4333042,-0.09367186,False
9945,0.009240553,0.007873967,False
9944,-0.0358285,0.041876554,False
9943,-0.43996465,-0.00301373,False
9942,0.05939293,0.039124265,False
9916,0.0,0.0,False
9941,-0.38576746,-0.119027495,False
9939,-0.010292506,-0.010292506,False
9938,0.032617047,-0.0092096105,False
9937,0.0,0.0,False
9936,0.028039746,0.002195619,False
9935,-0.016109772,-0.14058037,False
9934,-0.21685511,-0.04507315,False
9940,0.0,0.0,False
9915,-0.31447196,-0.20003557,False
9914,-0.7541748,-0.07589483,False
9913,-0.04362273,-0.04362273,False
9894,-0.22446066,-0.14759922,False
9893,-0.06620142,-0.08880137,False
9892,-0.2562695,-0.14919537,False
9891,-0.004685425,-0.004685425,False
9890,0.0151545955,-0.0010102987,False
9889,-0.041787595,-0.038348373,False
9895,-0.16922086,-0.06446272,False
9888,0.035108164,-0.024169892,False
9886,0.0,0.0,False
9885,-0.0143976435,-0.0143976435,False
9884,0.00080775097,-0.048211012,False
9883,0.38866615,-0.26036024,False
9882,0.29071105,-0.13278496,False
9881,-0.23389088,-0.031158835,False
9887,-0.04866618,0.016648531,False
9879,-0.045311257,0.0044754297,False
9896,0.18759006,0.07519543,False
9898,-0.019117279,-0.015525463,False
9912,0.022335185,0.0,False
9911,0.028446019,0.1577785,False
9910,-0.1425755,0.06254202,False
9909,-0.031215012,0.008058131,False
9908,0.0033503287,-0.018314969,False
9907,-0.71609807,-0.094003916,False
9897,-0.2970271,-0.25645614,False
9906,-0.107132345,0.013411015,False
9904,-0.024053732,0.0032315217,False
9903,-0.05964176,-0.023633644,False
9902,-0.33611822,-0.2553029,False
9901,-0.0026968569,-0.0006579757,False
9900,-0.082472086,-0.019738406,False
9899,0.023658492,0.0,False
9905,-0.003050942,-0.022697495,False
9948,-0.09282185,-0.013721183,False
9807,0.018225526,-0.02786653,False
9805,0.014379919,-0.044371724,False
9703,-0.021528713,0.024138741,False
9704,-0.056132108,-0.0015573651,False
9705,-0.24420431,-0.023324788,False
9706,-0.020942263,-0.09129256,False
9707,-0.18901742,-0.008402467,False
9708,0.054591753,-0.035094023,False
9709,0.052930474,-0.08697873,False
9710,-0.066295445,-0.023651809,False
9711,-0.054816738,-0.015335768,False
9712,0.0019441498,-0.013189115,False
9713,0.0030480195,-0.019248696,False
9714,-0.12231186,-0.040628836,False
9715,0.1795795,0.006714821,False
9716,-0.36930156,-0.09872651,False
9717,-0.0020945072,0.020353079,False
9718,0.014639899,-0.017011933,False
9719,-0.1731618,-0.04524526,False
9733,-0.04852412,-0.028525226,False
9732,-0.24193287,0.09879506,False
9731,-0.05939424,-0.040990353,False
9730,0.017781813,-0.04589277,False
9729,-0.080703564,-0.02214241,False
9728,-0.18599346,-0.020206809,False
9702,0.0,0.0,False
9727,-0.004721254,0.00928317,False
9725,0.08464724,-0.04095599,False
9724,0.0033307076,0.03150168,False
9723,-0.011353613,-0.011353613,False
9722,-0.0031844527,-0.032308236,False
9721,0.59063685,-0.15074229,False
9720,0.0012087822,0.03462392,False
9726,0.027791662,-0.017761258,False
9701,0.0075408816,-0.028321326,False
9700,0.06225431,-0.0018115044,False
9699,-0.038628213,-0.06221355,False
9680,-0.021498218,-0.021498218,False
9679,0.019556187,-0.02817402,False
9678,0.0,0.0,False
9677,-0.013248116,-0.013248116,False
9676,-0.0069148503,-0.018996274,False
9675,0.037834022,-0.0034862934,False
9681,0.08782005,-0.0450747,False
9674,0.12131015,0.0114296,False
9672,-0.01449962,-0.01449962,False
9671,-0.053653333,-0.007612735,False
9670,-0.0046121166,-0.0038810633,False
9669,-0.009352202,-0.009352202,False
9668,0.008161284,0.0028933845,False
9667,0.030151308,-0.0074666697,False
9673,-0.009490543,-0.009166368,False
9734,-0.008114008,-0.008114008,False
9682,0.0013813153,-0.06320304,False
9684,0.0,0.0,False
9698,0.0,0.0,False
9697,0.020818507,0.0,False
9696,0.12493808,-0.099551044,False
9695,-0.0049564024,-0.0049564024,False
9694,0.0,0.0,False
9693,-0.013656797,-0.013656797,False
9683,0.034917355,-0.013902187,False
9692,-0.012906162,-0.033562563,False
9690,0.0,0.0,False
9689,-0.009648245,-0.009648245,False
9688,0.050638787,0.052642934,False
9687,0.027012534,-0.0014628842,False
9686,-0.015949063,-0.03987493,False
9685,-0.011414282,-0.00841158,False
9691,0.0,0.0,False
9806,-0.0054455493,-0.029226838,False
9735,0.11306013,-0.018470585,False
9737,-0.018497057,-0.018497057,False
9774,0.09402011,0.048364058,False
9775,0.0042388346,-0.016337018,False
9776,-0.009078707,-0.007316326,False
9777,-0.01825179,-0.01825179,False
9778,-0.022375304,-0.021167042,False
9779,-0.17307818,-0.010381103,False
9780,0.14408304,0.024110321,False
9781,0.036195815,0.007778764,False
9782,0.0,0.0026899108,False
9783,-0.28872615,-0.14483225,False
9784,0.021739822,-0.035260104,False
9785,-0.28761715,-0.048787236,False
9786,0.0,0.0,False
9787,-0.0051453733,-0.0027775608,False
9788,-0.032086514,0.005180314,False
9789,0.0,0.0,False
9790,-0.013981218,-0.013981218,False
9804,0.07509786,0.045366287,False
9803,-0.06395471,0.003953591,False
9802,0.02243049,-0.02452306,False
9801,0.035076097,-0.13109186,False
9800,0.0,0.0009056302,False
9799,0.017634315,-0.003413568,False
9773,-0.119504035,-0.052782297,False
9798,0.04379061,-0.0055111647,False
9796,-0.09815104,-0.00989911,False
9795,-0.108020484,-0.007787168,False
9794,0.11775851,-0.026056767,False
9793,-0.007963631,-0.025188444,False
9792,0.013629933,-0.008265705,False
9791,-0.0034412295,-0.041840408,False
9797,0.016421676,0.0032118633,False
9772,-0.119702905,0.00035440922,False
9771,-0.030367672,-0.059448004,False
9770,-0.4909883,-0.09596002,False
9751,0.011456443,-0.0014292616,False
9750,0.0,0.0008606759,False
9749,0.02049369,-0.01574402,False
9748,-0.009305624,-0.009305624,False
9747,-0.2270374,-0.06546302,False
9746,-0.15686053,-0.015898228,False
9752,-0.028487774,-0.028487774,False
9745,-0.035475254,-0.060002834,False
9743,0.0137912035,-0.15297322,False
9742,-0.045618795,-0.0022950247,False
9741,-0.027770102,0.0027018785,False
9740,-0.23780012,-0.016451716,False
9739,0.013229546,-0.009417555,False
9738,0.0,0.0,False
9744,-0.0049748793,-0.0049748793,False
9736,0.016755983,0.0069565624,False
9753,-0.013960191,-0.013078104,False
9755,-0.0043615783,-0.0036871447,False
9769,-0.04140502,-0.0577638,False
9768,-0.3376363,-0.03629124,False
9767,0.0,0.0,False
9766,-0.28073728,-0.03881991,False
9765,-0.2621909,0.004115641,False
9764,-0.17344439,-0.13867056,False
9754,-0.013829438,-0.012615822,False
9763,0.060981408,-0.037017584,False
9761,-0.0115291085,0.008509621,False
9760,-0.09788209,-0.034553885,False
9759,-0.0024263412,-0.022426978,False
9758,-0.025184095,0.0121279955,False
9757,0.0,0.0,False
9756,0.06150405,0.015437089,False
9762,0.00034548342,-0.045229077,False
9666,0.10918167,-0.022393316,False
9949,0.08772975,0.055101752,False
9951,-0.039670233,-0.021501228,False
10131,-0.047624737,0.0011821315,False
10132,0.0,0.0,False
10133,-0.008696701,-0.008696701,False
10134,-0.014925577,0.00558687,False
10135,0.03190372,-0.032207012,False
10136,0.03755361,-0.043207675,False
10137,-0.11099073,-0.017625004,False
10138,-0.031293005,-0.016052276,False
10139,0.0,0.00039684816,False
10140,0.01713952,-0.004731711,False
10141,-0.010732956,-0.033380058,False
10142,0.0020270795,-0.016589703,False
10143,-0.00846805,-0.00846805,False
10144,-0.28872818,-0.1326828,False
10145,-0.37795055,-0.05726695,False
10146,-0.031176805,-0.03614238,False
10147,0.27072167,0.082520306,False
10161,0.028891206,-0.11813569,False
10160,0.0,0.0008724594,False
10159,-0.060919166,-0.33472833,False
10158,-0.07395448,0.023482725,False
10157,0.0,0.0,False
10156,0.054413795,0.041808456,False
10130,0.18862963,-0.06848222,False
10155,0.061339423,0.014508262,False
10153,0.2237967,0.019276917,False
10152,-0.07860087,-0.0025750175,False
10151,0.18807417,0.0654518,False
10150,-0.024151422,0.003935538,False
10149,-0.0025586039,-0.009182654,False
10148,-0.006256014,0.03462988,False
10154,0.080805674,-0.02778852,False
10129,-0.059042588,-0.06483552,False
10128,0.85731006,0.018004179,False
10127,0.011606008,0.061410934,False
10108,-0.10977727,-0.07295972,False
10107,0.05470103,-0.030491889,False
10106,0.0089711845,0.07950035,False
10105,0.040802993,-0.0050920295,False
10104,0.048222125,0.025107011,False
10103,0.014166407,-0.028046848,False
10109,-0.241166,-0.100147486,False
10102,0.34434223,0.048745632,False
10100,0.06301489,-0.028958648,False
10099,0.084556386,0.019974902,False
10098,-0.14325514,-0.07196051,False
10097,0.043281287,-0.024752455,False
10096,0.013653018,-0.010005474,False
10095,0.041428544,0.0,False
10101,-0.11499286,-0.09144455,False
10162,-0.013815665,-0.013815665,False
10110,-0.089954734,0.033225,False
10112,-0.23888183,0.0049091876,False
10126,0.0,0.0018990003,False
10125,-0.021926869,0.02540113,False
10124,-0.21845618,-0.07912642,False
10123,0.59927076,0.06426108,False
10122,0.040238798,0.010534659,False
10121,-0.26470065,-0.058356762,False
10111,-0.0089661945,-0.006477641,False
10120,0.038224697,0.0077269524,False
10118,0.1245327,0.10488251,False
10117,0.039191872,0.020070538,False
10116,-0.2457481,0.08687031,False
10115,-0.13343453,-0.17629004,False
10114,-0.021202952,0.02706644,False
10113,-0.34226477,-0.019724965,False
10119,0.0033521578,-0.06392783,False
10094,0.025621898,-0.0098001985,False
10163,0.046263576,-0.010725439,False
10165,0.112439096,-0.011272252,False
10203,0.06336874,-0.0137170255,False
10204,-0.17048633,0.029352903,False
10205,-0.02817545,-0.004134536,False
10206,-0.005367458,-0.03196156,False
10207,-0.080326796,0.020099998,False
10208,-0.111771494,-0.06510556,False
10209,-0.08794715,0.028436005,False
10210,0.005435139,-0.024545431,False
10211,0.12969044,0.020183668,False
10212,-0.112640336,-0.06135556,False
10213,-0.25341046,-0.1465714,False
10214,-0.31591943,-0.085645914,False
10215,0.06081915,-0.103541136,False
10216,-0.25404274,0.018639266,False
10217,-0.026341915,-0.069996595,False
10218,0.034886003,-0.0028053522,False
10219,-0.19445759,-0.037819147,False
10233,-0.015495757,-0.032350097,False
10232,0.055230916,-0.009774834,False
10231,0.13512202,-0.003517732,False
10230,0.04827197,-0.022330225,False
10229,0.056414347,-0.004885927,False
10228,0.022667045,0.0,False
10202,-0.003715694,0.020409226,False
10227,-0.0018115379,-0.024146723,False
10225,-0.056678683,-0.05230394,False
10224,-0.019005656,-0.31442448,False
10223,-0.26166582,-0.20503283,False
10222,-0.07832229,0.0063762665,False
10221,-0.052638188,0.01680106,False
10220,-0.12297326,-0.08467245,False
10226,-0.0052485066,-0.0044852854,False
10201,0.18856004,-0.0047533214,False
10200,-0.09790678,0.031012386,False
10199,-0.05572977,-0.03162633,False
10180,-0.020770013,0.013156235,False
10179,0.07990724,0.059642434,False
10178,0.013887808,-0.09813675,False
10177,0.027812243,-0.18957233,False
10176,-0.52142537,-0.11498761,False
10175,-0.054388657,-0.0034047067,False
10181,-0.37080312,-0.33296132,False
10174,-0.116203845,0.042767942,False
10172,-0.008587375,-0.008587375,False
10171,-0.12511167,-0.047098845,False
10170,-0.15894175,-0.0050646067,False
10168,-0.41827488,0.043404818,False
10167,0.0334872,-0.0038514733,False
10166,-0.02059693,0.0009533949,False
10173,-0.028189868,-0.00081405044,False
10164,-0.037495375,-0.011525512,False
10182,-0.1735044,-0.04287821,False
10184,0.07053584,0.021205168,False
10198,-0.061118722,-0.024024487,False
10197,0.073010445,-0.07455993,False
10196,-0.0076598525,0.13201666,False
10195,-0.004470864,-0.004470864,False
10194,-0.049421534,0.06318949,False
10193,-0.08314443,-0.11455667,False
10183,-0.09067659,0.0074962676,False
10192,-0.062246084,-0.1802671,False
10190,-0.04411143,-0.003277868,False
10189,-0.25569576,-0.009008288,False
10188,0.21058285,0.02660203,False
10187,-0.20235181,-0.023012519,False
10186,-0.04195249,0.025319457,False
10185,-0.01950685,-0.016469492,False
10191,-0.07046494,-0.024198294,False
9950,-0.014921337,0.028971612,False
10093,-0.009146087,-0.009146087,False
10091,0.0012183189,-0.04250807,False
9988,0.3139487,0.03580177,False
9989,-0.053979337,-0.012557685,False
9990,0.110672146,-0.022536457,False
9991,0.014597151,-0.010171894,False
9992,-0.009950972,-0.0064938925,False
9993,-0.1594041,0.0152949095,False
9994,-0.022077233,0.0033198148,False
9995,-0.131425,-0.035297066,False
9996,0.015788615,-0.04724294,False
9997,-0.07657102,0.040432706,False
9998,0.2857023,-0.013835967,False
9999,-0.044217333,0.04582897,False
10000,-0.04966949,-0.019258186,False
10001,-0.14659117,-0.05753377,False
10002,-0.01737999,-0.010230992,False
10003,-0.14269853,0.012007475,False
10005,-0.00470827,-0.00470827,False
10019,0.10131723,-0.01770103,False
10018,0.08390755,0.0047087893,False
10017,-0.0027963817,0.02907905,False
10016,-0.13889097,-0.047516912,False
10015,0.0322634,-0.0015830398,False
10014,-0.20719099,-0.09099579,False
9987,-0.033726342,-0.0072460566,False
10013,0.07916647,-0.058209836,False
10011,0.19518766,0.046768308,False
10010,-0.008119851,-0.010002118,False
10009,0.089897394,-0.022532225,False
10008,0.049413968,-0.021340903,False
10007,0.0,0.0,False
10006,0.06632519,-0.020003106,False
10012,0.010292336,0.0044355057,False
9986,-0.004972522,-0.004972522,False
9985,0.1585653,0.041482717,False
9984,0.35784292,-0.019555211,False
9965,0.020722687,0.077384174,False
9964,0.13716394,-0.038832128,False
9963,-0.008363903,-0.006353639,False
9962,0.2702899,-0.07882655,False
9961,-0.0441901,-0.0083156675,False
9960,0.02280116,0.023120701,False
9966,0.003246937,-0.057124443,False
9959,0.017881189,-0.0050920295,False
9957,-0.083026566,0.0030880794,False
9956,0.02948657,-0.006940918,False
9955,0.24536777,0.052690387,False
9954,-0.007676095,-0.025492175,False
9953,-0.23757797,-0.07919389,False
9952,-0.097823575,0.010577038,False
9958,0.03237517,0.060291305,False
10020,0.031191945,-0.11825836,False
9967,0.0,0.0,False
9969,-0.042847518,-0.042847518,False
9983,-0.1640697,0.007252425,False
9982,-0.023105739,-0.010907226,False
9981,-0.28679252,-0.088822484,False
9980,0.05676371,0.0038316846,False
9979,0.024264218,-0.022936905,False
9978,-0.08046532,-0.037031174,False
9968,0.031217387,-0.008832091,False
9977,0.036823597,-0.034253113,False
9975,0.006177091,-0.0150420675,False
9974,-0.02063185,-0.07157561,False
9973,-0.2781419,-0.089298844,False
9972,-0.38000488,-0.0747295,False
9971,0.043148424,-0.048358385,False
9970,-0.009259939,-0.09886861,False
9976,-0.16132605,-0.055742353,False
10092,-0.0045670983,-0.0033237298,False
10021,0.019428693,0.042899363,False
10023,-0.08942944,-0.15128046,False
10060,0.036297217,0.018918201,False
10061,0.07179591,-0.03235033,False
10062,-0.059732378,0.061087728,False
10063,-0.12604842,-0.05748111,False
10064,0.04523714,-0.038746744,False
10065,-0.06378779,-0.07854116,False
10066,0.0034558177,0.019724905,False
10067,0.09668437,0.0040708035,False
10068,-0.2559057,0.038190484,False
10069,-0.076897144,0.13227743,False
10070,0.022586651,0.013700575,False
10071,0.02339825,0.0,False
10072,-0.004680616,-0.0042173536,False
10073,-0.08359677,-0.1013789,False
10074,-0.39329624,-0.31588173,False
10075,0.0,0.00035258333,False
10076,0.07458028,-0.066872686,False
10090,-0.091257066,0.017210633,False
10089,0.12823421,-0.0036422461,False
10088,-0.25820917,-0.15978247,False
10087,-0.0362401,-0.015738785,False
10086,0.15624523,0.025785089,False
10085,-0.0048651174,-0.0048651174,False
10059,0.018398283,-0.0047263224,False
10084,-0.5478282,-0.20685422,False
10082,-0.030635953,-0.0010869503,False
10081,-0.104340136,-0.012998998,False
10080,-0.23798311,-0.0033928156,False
10079,0.18180937,-0.047370374,False
10078,0.0023759604,-0.0041936636,False
10077,0.08337051,-0.06765866,False
10083,-0.6060152,-0.32510006,False
10058,0.08490953,-0.057319492,False
10057,-0.06049894,-0.01743196,False
10056,-0.096873015,-0.0038857907,False
10037,0.030888475,0.0015530139,False
10036,-0.24033186,-0.038065434,False
10035,-0.08491609,0.0019289032,False
10034,0.19645587,0.07454264,False
10033,0.032071922,-0.011226069,False
10032,-0.037658185,-0.031314135,False
10038,-0.20936358,-0.039542317,False
10031,0.20774627,-0.06907269,False
10029,-0.040436458,-0.040436458,False
10028,-0.040310524,-0.018266797,False
10027,0.10722315,0.12931883,False
10026,-0.041744266,-0.041744266,False
10025,0.0021214783,-0.028122157,False
10024,-0.26330626,-0.10473937,False
10030,0.012209684,0.016851306,False
10022,0.059211582,-0.028683245,False
10039,-0.044326067,-0.066120684,False
10041,-0.010089189,0.0015094206,False
10055,-0.032241806,0.047088817,False
10054,-0.16984332,0.0035383701,False
10053,-0.14672777,-0.093527526,False
10052,-0.19869028,0.007972896,False
10051,-0.004784495,-0.004784495,False
10050,0.0105083175,-0.029739887,False
10040,0.18221986,0.033549696,False
10049,0.040181212,-0.111951865,False
10047,0.026335597,-0.028655946,False
10046,-0.21022716,-0.026808977,False
10045,-0.015416175,0.021258593,False
10044,0.004534742,-0.016400293,False
10043,-0.07838279,-0.09263027,False
10042,-0.32389522,-0.07327843,False
10048,0.025628686,-0.1848545,False
9665,-0.028770953,-0.0721158,False
9664,-0.010258351,-0.010258351,False
9663,-0.0147422105,0.0028167665,False
9273,-0.0052190633,-0.0052190633,False
9274,6.92606e-05,-0.024992049,False
9275,-0.0040186113,-0.0020406682,False
9276,0.018460833,-0.004502146,False
9277,0.074599326,-0.042469256,False
9278,0.028463282,-0.012355918,False
9279,-0.004879865,-0.004879865,False
9280,-0.00428287,-0.0041887155,False
9281,0.076210625,0.060144782,False
9282,0.31233287,0.09368563,False
9283,-0.11398667,-0.037328124,False
9284,0.04402533,0.0019379556,False
9285,-0.03759537,-0.011031652,False
9286,-0.3487692,-0.23401713,False
9287,-0.2853347,-0.03835702,False
9288,-0.27508867,-0.015197337,False
9289,0.0025889874,-0.21964622,False
9303,-0.25241137,0.015311718,False
9302,-0.021493003,-0.037696227,False
9301,0.04857987,0.08834183,False
9300,0.051060393,0.018157557,False
9299,0.03573814,-0.28488642,False
9298,0.08878565,-0.20616913,False
9272,-0.29150343,-0.020648956,False
9297,-0.01876067,-0.0035228282,False
9295,-0.47228837,-0.1419518,False
9294,-0.0044916803,-0.0044916803,False
9293,-0.008866053,0.013209369,False
9292,0.0136939585,-0.07198787,False
9291,-0.012608457,0.008249193,False
9290,0.14045858,-0.2202115,False
9296,0.17997372,-0.107491255,False
9271,0.06510399,-0.009040044,False
9270,0.0,0.0,False
9269,-0.037725832,0.008904371,False
9250,0.019486547,0.0043049157,False
9249,0.0055324957,-0.0077000484,False
9248,0.022219043,-0.021247057,False
9247,0.32308042,0.11283803,False
9246,0.01778213,0.0,False
9245,-0.01842895,-0.00934601,False
9251,-0.3376484,-0.054218054,False
9244,0.0,0.0,False
9242,0.023316134,0.0,False
9241,0.0,0.0,False
9240,0.0,0.0,False
9239,-0.004424326,-0.004424326,False
9238,0.0,0.0,False
9237,-0.004832107,-0.004832107,False
9243,-0.014115496,-0.014115496,False
9304,0.031734347,0.08577138,False
9252,-0.004747407,-0.004747407,False
9254,0.008249041,0.04359468,False
9268,0.027087837,0.057951987,False
9267,-0.18187678,-0.17546153,False
9266,-0.052744545,0.019912116,False
9265,0.0,0.0,False
9264,-0.049622655,-0.015647098,False
9263,-0.046792507,0.030260384,False
9253,-0.031888008,0.0012893677,False
9262,-0.24256296,-0.071920484,False
9260,-0.15671179,0.0002875924,False
9259,-0.02353261,-0.01664453,False
9258,-0.0535508,-0.016457908,False
9257,0.020801911,-0.024930881,False
9256,-0.45510107,-0.06976342,False
9255,0.24424109,0.019193828,False
9261,-0.10248792,-0.037304685,False
9236,-0.015299145,-0.015299145,False
9305,-0.0034174668,-0.0034174668,False
9307,-0.25568426,0.09111464,False
9345,-0.06643796,0.046687365,False
9346,0.0,2.4272927e-05,False
9347,-0.076318316,-0.09724523,False
9348,0.0,0.0001797434,False
9349,-0.059792787,0.01376003,False
9350,-0.02009011,0.025745437,False
9351,-0.024193808,-0.01428327,False
9352,0.10021721,0.023852006,False
9353,0.017556243,-0.0074933283,False
9354,0.0,0.0,False
9355,-0.016998556,-0.024947058,False
9356,-0.12345761,-0.027121454,False
9357,0.047257483,0.052833855,False
9358,-0.24864393,-0.012704611,False
9359,0.23279029,0.01597935,False
9360,-0.011064708,0.01081571,False
9361,-0.08091974,-0.055896103,False
9375,-0.16211006,-0.0063818097,False
9374,0.028739989,0.05535084,False
9373,0.08326406,-0.006444834,False
9372,-0.0050669704,-0.0043314924,False
9371,-0.12342274,0.0009883642,False
9370,0.16352785,-0.08686483,False
9344,-0.01948558,-0.01948558,False
9369,0.0,0.0,False
9367,-0.013223279,-0.01700268,False
9366,-0.155075,-0.030420184,False
9365,-0.1593861,-0.04079914,False
9364,0.19169593,0.108094335,False
9363,-0.0008310955,-0.023098325,False
9362,-0.11902514,0.0015337467,False
9368,-0.020074666,-0.107910275,False
9343,-0.018810814,-0.018810814,False
9341,0.0,0.0,False
9340,0.013930649,-0.05253628,False
9321,0.0,0.0,False
9320,0.2061814,0.011252403,False
9319,0.007886887,-0.002516739,False
9318,0.019244432,-0.2486782,False
9317,0.0,0.0,False
9316,-0.045138285,0.048897132,False
9322,-0.009698127,-0.009698127,False
9315,0.024322422,0.0,False
9313,-0.20922387,-0.050874054,False
9312,-1.1250867,-0.28206015,False
9311,0.019867541,-0.015804192,False
9310,-0.04082507,0.045470595,False
9309,-0.20806432,0.054772735,False
9308,0.042899236,0.030177623,False
9314,-0.0073553286,0.013330456,False
9306,-0.22955108,-0.06591034,False
9323,0.031848427,-0.01024112,False
9325,-0.04192455,-0.019292066,False
9339,-0.006814897,-0.0042047203,False
9338,0.007014257,-0.014204902,False
9337,-0.088242866,-0.11085073,False
9336,-1.146991,-0.051096678,False
9335,-0.028620124,0.0039798617,False
9334,-0.025058508,-0.024299324,False
9324,0.013879358,-0.009096938,False
9333,0.0,0.0,False
9331,-0.0482395,-0.06592481,False
9330,-0.005006542,-0.005006542,False
9329,0.030570993,-0.018102119,False
9328,0.016343117,-0.059312373,False
9327,0.029052898,0.02701962,False
9326,0.035874695,0.13542351,False
9332,0.19529264,-0.18781655,False
9376,-0.034086503,-0.034086503,False
9235,-0.013342263,-0.013342263,False
9233,0.0,0.0,False
9131,-0.2714098,0.073682904,False
9132,0.07812606,-0.025845833,False
9133,0.11214703,-0.04435584,False
9134,0.0071561337,-0.09785128,False
9135,-0.013540862,-0.013540862,False
9136,-0.11722168,-0.04341361,False
9137,0.85257506,0.0064644814,False
9138,0.5336862,0.10284001,False
9139,0.12942587,-0.012549441,False
9140,0.009412585,-0.013256364,False
9141,0.032965872,-0.009685753,False
9142,0.019360196,-0.013432496,False
9143,0.08069646,0.13232625,False
9144,-0.04400681,0.008624554,False
9145,-0.02732816,-0.02732816,False
9146,0.1956624,-0.15869735,False
9147,-0.023026377,0.011983424,False
9161,-0.025255706,0.0010334123,False
9160,-0.006492056,0.019024193,False
9159,0.07707271,-0.26445004,False
9158,-0.043775454,0.0035719424,False
9157,0.04486805,0.0012755021,False
9156,-0.01962004,-0.01962004,False
9130,0.0,0.0,False
9155,0.021518718,-0.027153831,False
9153,-0.082307875,0.010852516,False
9152,0.110822886,0.059357285,False
9151,0.07505706,0.020661086,False
9150,0.056476593,-0.033713758,False
9149,0.006487608,0.011698484,False
9148,-0.051757596,-0.034807414,False
9154,-0.014786549,-0.014081671,False
9129,-0.044242874,-0.10591257,False
9128,-0.017211579,0.0074803084,False
9127,0.0669198,-0.0116867125,False
9108,-0.0074562877,0.0018170252,False
9107,0.0119940005,-0.032431573,False
9106,0.12903482,-0.0146807805,False
18209,-0.26281947,-0.12292883,False
9104,0.0,0.0,False
9103,0.031951122,-0.013944654,False
9109,-0.0029582083,0.0082375705,False
9102,-0.03150463,0.0033458173,False
9100,-0.003376223,-0.003376223,False
9099,-0.22496665,-0.02186811,False
9098,0.032983825,-0.0788162,False
9097,-0.0051013622,-0.0051013622,False
9096,-0.0043838597,-0.0043838597,False
9095,0.10806309,-0.005928546,False
9101,0.069915056,0.032381535,False
9162,-0.06894168,-0.010353237,False
9110,0.012620571,-0.008518954,False
9112,-0.0043711695,-0.0017442296,False
9126,-0.0034353007,-0.02506639,False
9125,0.01178625,-0.01057891,False
9124,-0.015331984,0.008056134,False
9123,0.0,0.0,False
9122,0.0,0.0,False
9121,-0.074817754,-0.074817754,False
9111,-0.044408035,0.0020274222,False
9120,-0.00924047,-0.00924047,False
9118,0.0,0.0010878829,False
9117,0.0,0.0019938713,False
9116,-0.004841865,-0.0021115155,False
9115,0.0,0.0010908751,False
9114,0.0,0.0019369888,False
9113,-0.19558251,0.049598873,False
9119,0.0,0.0026588123,False
9234,0.020348152,-0.017421069,False
9163,0.06373002,-0.0073869973,False
9165,0.06777984,0.03118072,False
9202,-0.008795232,0.012808204,False
9203,-0.5098181,-0.11021042,False
9204,0.12530887,-0.018862307,False
9205,-0.115602344,-0.025502175,False
9206,0.09738654,0.021579683,False
9207,0.03669571,-0.011958927,False
9208,0.01715663,-0.011581153,False
9209,-0.10885167,-0.10626638,False
9210,0.12860566,0.018734142,False
9211,0.08281191,-0.021080792,False
9212,0.1225594,0.011472374,False
9213,-0.10636076,-0.005002588,False
9214,-0.20075724,-0.08928883,False
9215,0.22047031,-0.05907166,False
9216,-0.29373407,-0.07803416,False
9217,-0.09242743,0.112308115,False
9218,-0.42450368,-0.07949376,False
9232,-0.07456207,-0.021268062,False
9231,0.027528286,-0.22605824,False
9230,0.0,0.0016139067,False
9229,-0.2398541,-0.09348166,False
9228,-0.21184352,-0.106078744,False
9227,-0.12254816,-0.012438923,False
9201,-0.045395136,0.05105579,False
9226,-0.014617924,0.00130767,False
9224,-0.05368921,-0.01400876,False
9223,-0.018446162,-0.018446162,False
9222,-0.04798843,-0.008130804,False
9221,-0.008592201,0.014481954,False
9220,-0.11588323,-0.032360077,False
9219,0.06502388,0.028926007,False
9225,-0.30868852,-0.15841937,False
9200,-0.2672554,-0.013799846,False
9199,0.12987673,0.11245906,False
9198,-0.51690316,0.04372382,False
9179,0.20002669,0.061386824,False
9178,-0.034182474,0.012497753,False
9177,0.0012143254,-0.057440102,False
9176,0.0,0.006886562,False
9175,0.03292807,-0.034862082,False
9174,0.017044317,-0.004990244,False
9180,-0.122930676,-0.11965275,False
9173,-0.04647267,-0.0027049407,False
9171,-0.08295217,-0.027190477,False
9170,-0.046110816,-0.012801293,False
9169,-0.009325076,-0.009325076,False
9168,0.42573696,0.031104505,False
9167,0.017338907,-0.0013400614,False
9166,0.026112653,0.064864926,False
9172,-0.013357102,-0.013357102,False
9164,0.047243178,0.014863223,False
9181,-0.015784591,0.008553088,False
9183,0.052300125,-0.030307978,False
9197,-0.010297344,-0.0066959597,False
9196,0.029762886,-0.049093723,False
9195,0.009279873,-0.014396429,False
9194,-0.0002634637,0.0020965897,False
9193,0.0,0.0,False
9192,0.013601756,0.0006766487,False
9182,-0.09626666,0.016758204,False
9191,0.0,0.001857113,False
9189,-0.014147087,0.0012893714,False
9188,-0.04278104,-1.7158687e-05,False
9187,0.086465925,-0.0067131217,False
9186,0.047445964,0.0,False
9185,-0.005439315,-0.005439315,False
9184,-0.063414186,0.05616811,False
9190,0.023781288,0.0,False
9377,0.065332115,0.051219523,False
9378,-0.01910148,-0.01910148,False
9379,-0.18659365,-0.15738606,False
9560,0.09426914,0.022965461,False
9561,0.01777884,-0.0048277224,False
9562,-0.009389899,-0.009389899,False
9563,0.0,0.0,False
9564,-0.047033764,-0.03381565,False
9565,-0.009809808,-0.009809808,False
9566,-0.00378165,-0.003193213,False
9567,-0.02300098,-0.02300098,False
9568,0.11920154,-0.014116019,False
9569,-0.14385645,-0.05389984,False
9570,0.013536303,-0.008881397,False
9571,0.0018126015,-0.020793024,False
9572,-0.0077998787,-0.007163085,False
9573,-0.014952344,-0.014952344,False
9574,-0.0049911174,-0.0049911174,False
9575,-0.04575764,-0.04575764,False
9576,0.0,0.0,False
9590,-0.011110632,-0.027050892,False
9589,0.048526146,-0.043383263,False
9588,0.07642871,0.03558678,False
9587,0.0,0.0,False
9586,0.02201136,-0.023703033,False
9585,0.043435097,-0.024016617,False
9559,-0.008125259,-0.008125259,False
9584,0.0,0.0,False
9582,0.0,0.00018607399,False
9581,-0.007613548,-0.022746813,False
9580,0.13176394,-0.06124872,False
9579,-0.2691692,0.015388697,False
9578,-0.00889679,-0.122342974,False
9577,0.01754313,-0.01927222,False
9583,-0.005553037,0.0094451085,False
9558,0.039362684,-0.0057190154,False
9557,-0.005091785,-0.005091785,False
9556,-0.024917379,-0.028484903,False
9537,0.050661925,0.02701671,False
9536,0.022859965,0.00022907024,False
9535,0.046215713,0.047237337,False
9534,-0.019154746,-0.019154746,False
9533,0.059819423,-0.03009572,False
9532,0.04757516,-0.11177623,False
9538,-0.019818569,-0.0049767345,False
9531,0.015312826,-0.026357068,False
9529,0.0,0.0,False
9528,-0.042638518,-0.13210954,False
9527,-0.0151152685,0.021888744,False
9526,0.05669442,0.010848403,False
9525,-0.004599022,-0.004599022,False
9524,-0.015219022,0.008997675,False
9530,0.008102246,0.013955437,False
9591,0.029981997,-0.016954536,False
9539,0.0,0.0,False
9541,-0.0036918141,-0.0036918141,False
9555,0.056251153,-0.029256374,False
9554,0.025588974,-0.00028199703,False
9553,0.02244287,0.0,False
9552,-0.14985555,-0.035850286,False
9551,-0.009102385,-0.009102385,False
9550,-0.26539165,-0.07785049,False
9540,-0.022919714,-0.046241835,False
9549,-0.024623083,0.018567843,False
9547,-0.013161431,-0.013161431,False
9546,-0.0017185137,-0.016729325,False
9545,0.14187646,-0.021783113,False
9544,0.051608793,-0.017462477,False
9543,-0.022977918,-0.022977918,False
9542,0.048596844,-0.014786141,False
9548,-0.018245187,-0.018245187,False
9523,-0.024765758,-0.019610638,False
9592,0.023450568,-0.014698313,False
9594,0.020370238,-0.002235137,False
9631,0.013559073,0.024133801,False
9632,0.0,0.00018553542,False
9633,-0.010138914,-0.010138914,False
9634,0.28160092,-0.08781896,False
9635,0.037029188,0.00047141034,False
9636,-0.011981765,-0.02522771,False
9637,0.017375186,-0.0050676838,False
9638,0.0,0.0,False
9639,-0.015550148,-0.010518188,False
9640,0.0076595703,-0.01422109,False
9641,0.06275469,0.026409924,False
9642,-0.06933596,-0.02647585,False
9643,-0.0133827245,-0.0133827245,False
9644,0.023968946,-0.020551138,False
9645,0.0068770964,-0.015497809,False
9646,0.077786274,0.019691993,False
9647,0.0037597604,-0.013925547,False
9662,0.0,0.0,False
9661,0.0,0.0005775888,False
9660,0.006247729,-0.0064365882,False
9659,0.0,9.616928e-05,False
9658,-0.036897846,-0.036897846,False
9657,0.022358973,0.0,False
9630,0.0,0.0,False
9656,0.0,0.0,False
9653,0.0,0.0,False
9652,0.0059996126,-0.0040735602,False
9651,-0.01948763,-0.01948763,False
9650,0.027027378,-0.018001677,False
9649,-0.042734876,-0.042734876,False
9648,-0.00024965778,-0.01660844,False
9654,-0.0097750155,-0.0097750155,False
9629,-0.004842421,-0.004842421,False
9628,0.04310947,-0.04046243,False
9627,-0.09201588,-0.21789743,False
9608,-0.20433392,-0.01526314,False
9607,-0.04638128,-0.06774223,False
9606,-0.24497175,-0.0353238,False
9605,-0.03130641,-0.03130641,False
9604,0.0,0.0,False
9603,-0.01372153,-0.012836937,False
9609,0.0,0.0,False
9602,0.0,0.0,False
9600,-0.006104002,0.0028125383,False
9599,-0.07281046,-0.014284141,False
9598,-0.05123821,0.018906355,False
9597,-0.1702156,-0.24146128,False
9596,-0.017221475,-0.040579025,False
9595,-0.018175561,-0.011226706,False
9601,-0.014820252,-0.014820252,False
9593,0.04465502,0.0,False
9610,-0.008557297,-0.008557297,False
9612,0.0025643185,-0.019556902,False
9626,-0.43088484,0.06311941,False
9625,0.0,0.0,False
9624,0.0,0.0,False
9623,0.0,0.0,False
9622,0.01588422,-0.03140874,False
9621,-0.028036293,-0.04569572,False
9611,-0.005043514,-0.005043514,False
9620,0.0,0.0,False
9618,0.018297952,-0.0066947564,False
9617,-0.0089694755,-0.0089694755,False
9616,0.0,0.0,False
9615,0.0059295483,-0.053497903,False
9614,0.017659426,0.0,False
9613,0.0,0.0009945388,False
9619,0.29139423,-0.019438267,False
9522,-0.0050964383,-0.0050964383,False
9521,-0.013397284,-0.0070977733,False
9520,0.0997459,0.008186229,False
9416,0.02044585,-0.022579797,False
9417,0.07866427,0.045597926,False
9418,-0.05052837,0.013166472,False
9419,-0.0047401586,-0.0047401586,False
9420,0.024979532,-0.029436298,False
9421,-0.08899623,-0.00709939,False
9422,0.07695584,-0.015761696,False
9423,0.10680221,-0.036570266,False
9424,0.47547317,0.039058447,False
9425,0.0,0.0,False
9426,-0.006759256,-0.028390346,False
9427,-0.040839747,0.04064819,False
9428,-0.03803051,-0.03803051,False
9429,0.025888914,-0.017849842,False
9430,-0.083240926,-0.014863655,False
9431,-0.11346638,-0.068963796,False
9432,-0.004155696,-0.004155696,False
9446,0.0,0.0,False
9445,-0.050652664,-0.019487679,False
9444,-0.058938563,-0.02800265,False
9443,-0.06690052,-0.013953149,False
9442,0.0,0.0,False
9441,0.03266236,-0.016955413,False
9415,-0.04167498,0.02008894,False
9440,-0.05709684,-0.030723102,False
9438,-0.009571566,-0.0041476865,False
9437,0.025493521,-0.005947771,False
9436,-0.009432869,-0.009432869,False
9435,-0.004915913,-0.003851611,False
9434,0.009828656,-0.0096717505,False
9433,-0.08102161,-0.048485644,False
9439,-0.009248793,-0.029905194,False
9414,-0.13023967,-0.034505367,False
9413,-0.026252419,-0.014882259,False
9412,-0.007930458,0.01598522,False
9393,-0.048001856,0.0009126961,False
9392,-0.06339267,-0.036717206,False
9391,0.0,0.0,False
9390,0.005203843,-0.033486426,False
9389,-0.060956664,-0.013448454,False
9388,0.5782761,-0.09858292,False
9394,-0.13783567,-0.037120372,False
9387,-0.012960644,-0.012960644,False
9385,0.05958876,-0.006423354,False
9384,-0.009582129,-0.009582129,False
9383,0.02436382,0.0,False
9382,0.03848265,-0.0063340813,False
9381,0.0,0.0,False
9380,-0.009534279,-0.0074053667,False
9386,0.027955,-0.036879722,False
9447,0.01778213,0.0,False
9395,-0.0034862934,-0.0019108757,False
9397,-0.05615405,-0.099789955,False
9411,0.0,0.0,False
9410,0.06694937,-0.300467,False
9409,-0.054147113,-0.012063026,False
9408,-0.10466218,-0.03760791,False
9407,-0.04424632,-0.068000734,False
9406,-0.0047382866,-0.0032982929,False
9396,-0.0066168867,-0.018312093,False
9405,0.0,0.0,False
9403,0.08041972,0.017525773,False
9402,0.03345555,-0.013896348,False
9401,-0.039015234,-0.06103431,False
9400,-0.07489872,-0.07678658,False
9399,-0.02023089,-0.016849067,False
9398,-0.004683405,-0.0040966826,False
9404,-0.0050021075,-0.0050021075,False
9448,0.0347833,0.0024864743,False
9449,-0.073796704,0.009105027,False
9450,-0.008346711,-0.008346711,False
9500,-0.009338996,0.004779814,False
9499,-0.010194036,-0.00920855,False
9498,0.1664519,0.033385456,False
9497,0.046298392,0.020361273,False
9496,-0.013104605,-0.011380097,False
9495,-0.014426698,-0.014426698,False
9501,-0.023148505,-0.023148505,False
9494,-0.023898762,-0.047341153,False
9492,-0.004557248,-0.02763095,False
9491,-0.14950266,-0.03490007,False
9490,-0.0093312785,-0.07793853,False
9489,0.0,0.0,False
9488,0.0,0.0,False
9487,0.057364583,-0.055853724,False
9493,0.0,0.0,False
9486,0.021266714,-0.21579841,False
9502,0.11939276,-0.035441242,False
9504,0.014857825,-0.005024614,False
9519,-0.036770597,0.002259329,False
9518,-0.028212689,-0.011451483,False
9517,0.0,0.0,False
9516,0.01525975,0.012478726,False
9514,0.014558187,-0.00494222,False
9513,0.060743682,0.065114,False
9503,-0.0036848104,-0.0013839032,False
9512,-0.019243848,-0.014680898,False
9510,0.052184224,0.050685287,False
9509,0.0,0.00019590612,False
9508,-0.060090054,-0.004433561,False
9507,-0.0042979857,-0.0042979857,False
9506,0.025810048,-0.018546656,False
9505,0.061103344,0.036683947,False
9511,0.04863911,0.036637194,False
10234,-0.014870754,-0.014870754,False
9485,0.017928705,0.0061207563,False
9483,-0.041095734,-0.056904554,False
9464,-0.03740359,-0.0047164336,False
9463,-0.0083894,-0.0083894,False
9462,-0.007387873,-0.04957534,False
9461,-0.0066880374,-0.0066880374,False
9460,0.020124815,0.014949523,False
9459,0.013056278,-0.019449592,False
9465,0.0,0.0,False
9458,0.0,0.0,False
9456,-0.0046922965,-0.0046922965,False
9455,0.04324013,0.0025668405,False
9454,0.11449756,0.049036175,False
9453,0.074754,-0.042019516,False
9452,-0.008821207,-0.008821207,False
9451,-0.05741267,-0.03697422,False
9457,0.06524074,0.021542251,False
9484,0.0133396685,-0.044575863,False
9466,0.01932273,-0.004929276,False
9468,0.0,0.0,False
9482,-0.056915045,-0.042452276,False
9481,0.08461887,0.0072699487,False
9480,0.028006494,0.0136292875,False
9479,-0.0078587765,-0.0078587765,False
9478,0.0,0.0,False
9477,0.015491821,0.003330864,False
9467,0.0,0.0,False
9476,0.055706874,-0.09643759,False
9474,0.050531596,-0.009489818,False
9473,0.02647603,0.0138070695,False
9472,-0.0222216,-0.04701271,False
9471,0.05169065,-0.01506304,False
9470,0.02218002,0.0,False
9469,-0.004901953,-0.004901953,False
9475,-0.004704736,-0.028741788,False
13652,-0.03492713,-0.03492713,False
10235,0.0,0.0,False
10237,-0.0048231785,-0.0048231785,False
10986,0.0,0.0012008589,False
10987,-0.06155625,-0.0051515102,False
10988,-0.035046022,0.013165645,False
10989,0.0111871585,0.010171153,False
10990,0.13510352,-0.029530168,False
10991,-0.049176514,-0.020921081,False
10992,0.056830287,-0.005137801,False
10993,-0.0003159009,-0.013661481,False
10994,-0.013062966,-0.011227426,False
10995,0.09020208,-0.007899005,False
10996,-0.06880003,0.019978493,False
10997,-0.00954761,0.0050633512,False
10998,-0.15060788,-0.11475246,False
10999,-0.0106941145,-0.008625474,False
11000,0.010425553,0.031839114,False
11001,-0.16259599,-0.15870142,False
11002,-0.097387314,-0.2020979,False
11016,-0.6722411,-0.05258584,False
11015,-0.023486853,-0.010735631,False
11014,-0.3353951,-0.18925548,False
11013,-0.11066902,-0.06083423,False
11012,-0.0039043594,0.00943299,False
11011,-0.40893567,-0.025614262,False
10985,-0.00449974,-0.00449974,False
11010,-0.49464452,0.018508434,False
11008,-0.45759392,-0.17100239,False
11007,-0.33590174,-0.08607268,False
11006,-0.6211548,-0.054448605,False
11005,-0.48745012,-0.15028358,False
11004,-0.47170043,-0.1377337,False
11003,-0.48587656,-0.027572393,False
11009,-0.033830248,-0.058502212,False
10984,0.065209985,-0.06971562,False
10983,-0.0048075407,0.0013553915,False
10982,0.0679169,0.025724918,False
10963,-0.064783424,0.008927658,False
10962,-0.53027105,-0.13582766,False
10961,-0.19635606,-0.026199698,False
10960,-0.14376307,0.08155465,False
10959,0.037736453,-0.0033123195,False
10958,0.02736158,0.011058427,False
10964,0.058572173,-0.03328955,False
10957,-0.077896,-0.07033312,False
10955,-0.10445893,-0.078766346,False
10954,-0.2270971,-0.020490259,False
10953,-0.058847353,-0.006737232,False
10952,-0.013993029,-0.009856651,False
10951,-0.004941599,-0.004941599,False
10950,0.012653578,0.03039267,False
10956,-0.18456447,-0.15740281,False
11017,0.0259124,-0.018750638,False
10965,0.34179956,0.035270512,False
10967,0.18072844,0.0052495003,False
10981,-0.39936304,-0.014454603,False
10980,-0.07074469,0.029497564,False
10979,-0.11108068,0.031182587,False
10978,0.06908405,-0.031127661,False
10977,-0.06580198,0.03866166,False
10976,0.047971725,-0.19969797,False
10966,0.06843756,0.0049704313,False
10975,0.0579412,-0.047357082,False
10973,-0.009974495,-0.060635865,False
10972,-0.4595592,-0.026715279,False
10971,-0.09787282,-0.017029822,False
10970,-0.03586807,-0.01423239,False
10969,-0.6164972,-0.07668412,False
10968,-0.004901953,-0.004901953,False
10974,0.056246966,0.021873951,False
10949,-0.024490498,-0.021872787,False
11018,-0.03318563,0.035925746,False
11020,-0.6893598,-0.06273627,False
11057,0.0,0.0,False
11058,0.0030206572,-0.020219326,False
11059,0.07999329,0.0015426315,False
11060,-0.048229456,0.06783283,False
11061,-0.33275837,-0.058378696,False
11062,-0.0040386803,0.009746235,False
11063,0.007996584,-0.01023354,False
11064,0.014272695,-0.009567589,False
11065,0.0,0.0,False
11066,-0.104580015,0.042771995,False
11067,0.0067629423,-0.013511231,False
11068,0.008329764,-0.01886125,False
11069,-0.44435668,-0.187747,False
11070,-0.2637766,-0.096036136,False
11071,0.005885549,-0.016623221,False
11072,0.021571536,0.00088530226,False
11073,0.0,0.0,False
11087,-0.06511617,0.019522011,False
11086,-0.078245044,0.03859508,False
11085,0.11238456,0.046202958,False
11084,0.020706996,-0.038870648,False
11083,0.04697638,0.001459159,False
11082,0.0087053925,-0.03657338,False
11056,-0.011135649,-0.057998374,False
11081,-0.0037069917,-0.016787417,False
11079,0.00047952496,-0.019507565,False
11078,-0.040612787,0.019809425,False
11077,-0.0045020194,-0.003029278,False
11076,-0.08196266,-0.0030429661,False
11075,0.056710154,-0.031379282,False
11074,-0.0050488557,-0.0050488557,False
11080,-0.023453455,-0.010151089,False
11055,0.008905411,-0.28888988,False
11054,-0.047760606,-0.020618856,False
11053,0.012183979,0.018103808,False
11034,0.02277995,0.0,False
11033,-0.2693479,-0.10948348,False
11032,-0.31678343,-0.0068540573,False
11031,0.004264578,-0.018043466,False
11030,-0.265826,-0.17508125,False
11029,-0.77864647,-0.031170607,False
11035,-0.3373108,-0.23188305,False
11028,0.2957375,-0.02059722,False
11026,-0.2366556,-0.043640614,False
11025,-0.022756755,0.0020397902,False
11024,0.05478117,-0.02663526,False
11023,0.0861399,-0.0023634434,False
11022,-0.014339176,-0.014339176,False
11021,-0.24087137,-0.07423085,False
11027,-0.2798233,-0.13173938,False
11019,-0.19272897,-0.05029589,False
11036,-0.091520905,-0.049611688,False
11038,-0.48370314,-0.057377815,False
11052,0.071452975,0.002677098,False
11051,0.49651122,-0.124991655,False
11050,-0.23642492,-0.056548893,False
11049,-0.19336534,-0.05598414,False
11048,-0.1916889,-0.10550606,False
11047,-0.032616615,0.10848737,False
11037,-0.2356062,0.040513277,False
11046,-0.24909568,-0.02983594,False
11044,-0.06041336,0.0414474,False
11043,0.032685995,-0.08378613,False
11042,-0.13546562,0.025369644,False
11041,-0.115900755,-0.03666258,False
11040,-0.2551732,-0.111940145,False
11039,-0.18834794,0.0043233633,False
11045,-0.19822228,-0.010895252,False
11088,-0.060118854,0.02491209,False
10948,-0.0145367235,-0.053742677,False
10946,-0.0045096604,9.876257e-05,False
10844,-0.050391912,-0.02073288,False
10845,-0.04791236,-0.033760786,False
10846,0.1764999,0.09751016,False
10847,0.06661382,0.05019355,False
10848,-0.107554615,0.010896802,False
10849,-0.28592873,-0.07937622,False
10850,0.056565866,-0.0038470775,False
10851,0.17976674,-0.050438404,False
10852,0.08861404,0.05076138,False
10853,-0.11518884,-0.0612756,False
10854,-0.13108957,0.0078088045,False
10855,-0.015808076,-0.036740303,False
10856,-0.35544944,-0.19441772,False
10857,-0.045258522,-0.05247146,False
10858,-0.020325512,-0.016333044,False
10859,-0.076487675,0.0018168986,False
10860,-0.40079105,-0.0059257746,False
10874,0.032439828,0.018327564,False
10873,-0.034560375,-0.034560375,False
10872,-0.024723364,-0.024723364,False
10871,0.01482439,-0.05998802,False
10870,0.021065801,0.010845304,False
10869,-0.08014041,0.017880261,False
10843,-0.008261681,-0.06179416,False
10868,0.013428256,0.03678502,False
10866,-0.04852532,-0.017372534,False
10865,0.028384328,-0.008475304,False
10864,0.012291819,-0.017538853,False
10863,0.043168157,-0.011501014,False
10862,0.11716783,-0.16972053,False
10861,0.0022985786,0.035282373,False
10867,0.020518422,0.042708203,False
10842,-0.030283425,-0.07505108,False
10841,-0.17106268,-0.041142404,False
10840,-0.41478884,-0.04235649,False
10821,-0.0628085,-0.0628085,False
10820,-0.025420606,-0.0013892502,False
10819,-0.09219082,-0.13673587,False
10818,-0.0036233715,-0.0036233715,False
10817,-0.049504444,0.012798414,False
10816,-0.016886055,-0.0070869103,False
10822,-0.08705807,-0.06379184,False
10815,0.0,0.0,False
10813,0.012626988,0.012503511,False
10812,0.0070383986,-0.014322548,False
10811,-0.07566047,-0.021668285,False
10810,0.120297186,0.007873716,False
10809,-0.014819274,-0.014819274,False
10808,0.117616475,-0.0075134225,False
10814,-0.09555314,-0.024281248,False
10875,-0.14127843,-0.053423613,False
10823,-0.024159402,-0.037404776,False
10825,0.049460888,0.056221873,False
10839,-0.011598885,-0.035370212,False
10838,-0.009657971,-0.009657971,False
10837,0.087438166,0.03898275,False
10836,-0.04215035,0.0033687726,False
10835,0.0,0.0,False
10834,-0.061743457,-0.025971223,False
10824,-0.4164136,-0.005788386,False
10833,-0.012560606,-0.028500866,False
10831,0.12749875,0.03747344,False
10830,-0.027827412,-0.071771085,False
10829,0.0,2.30368e-05,False
10828,0.0054791467,-0.010827249,False
10827,0.008155592,0.004468579,False
10826,-0.008360411,-0.008360411,False
10832,-0.009935658,-0.04508622,False
10947,0.007002473,-0.012335151,False
10876,-0.031283043,-0.027369857,False
10878,-0.052885346,0.013590805,False
10915,-0.020292848,-0.050287127,False
10916,-0.00038082898,0.0063455626,False
10917,0.0,0.0,False
10918,-0.021107316,-0.0016377866,False
10919,-0.003976669,0.0014175884,False
10920,-0.020204827,-0.012211254,False
10921,0.013722908,-0.026682135,False
10922,-0.1219126,-0.041665465,False
10923,0.06763673,0.034720957,False
10924,-0.08231512,-0.07353926,False
10925,-0.09452617,-0.14499795,False
10926,-0.028851949,-0.14151274,False
10927,-0.052546978,0.0022663474,False
10928,0.002333872,-0.020241953,False
10929,0.0,0.0034726798,False
10930,-0.38200176,-0.045904636,False
10931,-0.019491091,0.006869942,False
10945,0.054940425,-0.021886745,False
10944,0.011661962,-0.03538263,False
10943,0.04357195,0.00547719,False
10942,0.040658787,-0.035313323,False
10941,0.046965353,0.025875451,False
10940,-0.015333066,0.001228705,False
10914,-0.09443044,0.0015764534,False
10939,-0.0014622174,0.00056549907,False
10937,0.0011143684,-0.12626913,False
10936,0.010541581,-0.020946555,False
10935,-0.19571246,-0.06387967,False
10934,0.038184956,-0.008267999,False
10933,0.050678626,0.08925095,False
10932,0.013642557,-0.008666247,False
10938,0.10332555,0.027605217,False
10913,-0.19491148,-0.28465414,False
10912,-0.07077335,-0.043027475,False
10911,0.0013839006,0.019341826,False
10892,0.0075803855,-0.013867476,False
10891,-0.019730546,0.005023131,False
10890,-0.19989929,0.019230068,False
10889,0.01778213,0.0,False
10888,0.008695811,0.0037596524,False
10887,-0.016558409,-0.019155435,False
10893,-0.046321213,-0.01548684,False
10886,-0.057009928,0.0055480525,False
10884,0.07872653,-0.0048241466,False
10883,-0.31066465,-0.1758722,False
10882,0.020318083,-0.0018476471,False
10881,0.051523328,-0.019634724,False
10880,-0.14152122,0.0048341155,False
10879,0.14596218,0.0066314936,False
10885,0.15334308,0.086076915,False
10877,-0.027626842,-0.024031878,False
10894,-0.15801045,-0.084498525,False
10896,0.005188033,-0.01691405,False
10910,-0.38809586,0.01685369,False
10909,-1.086169,-0.17466545,False
10908,-0.028197099,-0.028197099,False
10907,-0.12022175,-0.0009433925,False
10906,-0.0941515,0.01394546,False
10905,-0.121726856,-0.0355891,False
10895,-0.14285946,-0.24053049,False
10904,-0.088349625,-0.069452986,False
10902,-0.054983087,-0.027990118,False
10901,-0.00969156,-0.00969156,False
10900,0.0018306505,0.0055089258,False
10899,-0.03580418,-0.03580418,False
10898,-0.3352679,-0.024396181,False
10897,-0.007637435,-0.007637435,False
10903,-0.0010816231,-0.018932194,False
10807,-0.04591447,-0.0039535537,False
11089,-0.055144727,-0.08559483,False
11091,-0.30332166,-0.10317731,False
11270,0.014018666,-0.034627624,False
11271,0.013197683,-0.004584446,False
11272,0.0,0.0,False
11273,-0.017625093,0.03420192,False
11274,0.0,0.0,False
11275,-0.014666617,3.7893653e-05,False
11276,-0.5657153,-0.11762643,False
11277,-0.026836412,-0.022376712,False
11278,0.05857937,-0.010981016,False
11279,-0.19420624,-0.16684175,False
11280,-0.0034174668,-0.0034174668,False
11281,-0.046592843,-0.004232019,False
11282,-0.103957534,0.024080396,False
11283,0.012392286,0.0076842103,False
11284,0.15160695,0.009322761,False
11285,-0.0069836443,-0.0069836443,False
11286,0.01873582,-0.0048269946,False
11300,-0.035272073,-0.051630855,False
11299,-0.0049393275,-0.0049393275,False
11298,0.07211582,-0.01862314,False
11297,-0.050390273,-0.050390273,False
11296,-0.12766439,-0.14939062,False
11295,0.024659157,-0.07958698,False
11269,-0.011186213,-0.011186213,False
11294,0.041237652,-0.012961745,False
11292,0.025566306,-0.022421226,False
11291,0.0886226,-0.05764067,False
11290,-0.0033392906,0.00077693164,False
11289,0.04055122,-0.026985768,False
11288,0.009371072,-0.0328134,False
11287,-0.0046868264,-0.0046868264,False
11293,0.015344087,-0.009090733,False
11268,-0.03031797,-0.10091654,False
11267,-0.066777214,-0.24797186,False
11266,-0.46554384,-0.09527105,False
11247,-0.1000278,0.020362645,False
11246,0.080717385,-0.023538917,False
11245,-0.056013346,0.015764564,False
11244,-0.13685864,-0.017012417,False
11243,-0.9838302,-0.20130324,False
11242,-0.06582944,-0.015370525,False
11248,-0.011316728,0.0026468374,False
11241,0.03692147,-0.0069361664,False
11239,-0.07156527,0.0027028471,False
11238,-0.22345906,-0.032992244,False
11237,-0.03940913,-0.06590831,False
11236,0.0,0.0001483083,False
11235,0.041054018,-0.03883016,False
11234,-0.0028700083,-0.17583658,False
11240,-0.003592351,-0.002634594,False
11301,0.032500837,-0.009593022,False
11249,0.010374142,-0.012599075,False
11251,0.0764426,0.01520884,False
11265,-0.124695,0.0056797713,False
11264,-0.0012513399,-0.07720375,False
11263,-0.0051456327,-0.0051456327,False
11262,-0.1223554,0.008320451,False
11261,-0.039053254,-0.011099704,False
11260,-0.5412275,-0.05864954,False
11250,-0.021728467,-0.017145507,False
11259,-0.14454663,0.02834928,False
11257,-0.032268647,-0.05675033,False
11256,-0.14763638,-0.030339688,False
11255,-0.006633945,-0.0014800802,False
11254,-0.3615322,-0.06345922,False
11253,-0.72134566,-0.22894669,False
11252,0.025134856,-0.010006623,False
11258,0.35494614,-0.24569798,False
11233,0.02563992,-0.018893475,False
11302,-0.039720222,-0.024640277,False
11304,0.0668751,-0.03478527,False
11341,-0.012916271,-0.033049546,False
11342,-0.310861,-0.11718881,False
11343,-0.01920749,-0.01920749,False
11344,-0.01347505,-0.012408277,False
11345,-0.033514287,-0.033514287,False
11346,-0.03525603,0.018298768,False
11347,-0.15576424,-0.028815031,False
11348,-0.013346731,-0.012261487,False
11349,-0.014992936,-0.01084503,False
11350,-0.09578203,-0.030897178,False
11351,0.010305837,-0.02438283,False
11352,0.020692557,-0.025052857,False
11353,-0.07288616,-0.15870985,False
11354,0.0,0.0,False
11355,-0.225039,-0.19555807,False
11356,-0.06873071,-0.06431341,False
11357,0.08674754,-0.009482145,False
11371,-0.06745152,-0.005269438,False
11370,-0.015849233,0.08277547,False
11369,-0.031954315,-0.009915389,False
11368,-0.09627658,-0.046530664,False
11367,0.28304958,-0.14821696,False
11366,0.006793618,0.031597078,False
11340,0.022903122,-0.0014043413,False
11365,-0.0555681,-0.15015662,False
11363,0.15716851,-0.029512405,False
11362,0.02171988,-0.007986898,False
11361,0.14418757,-0.03198421,False
11360,0.06568912,0.05391866,False
11359,-0.11913382,-0.027901754,False
11358,-0.25610566,-0.17364979,False
11364,0.0770551,0.0132062435,False
11339,-0.03954585,-0.03954585,False
11338,0.0,0.0,False
11337,0.063737646,0.04253377,False
11318,-0.08350837,0.019667447,False
11317,0.01690802,0.026312768,False
11316,-0.09138483,-0.041664153,False
11315,-0.031780474,-0.023808215,False
11314,-0.14071476,-0.13013732,False
11313,0.20755005,-0.024296045,False
11319,-0.02406328,-0.02406328,False
11312,-0.007699387,0.008662857,False
11310,0.015357537,0.00692063,False
11309,0.018337024,-0.024345087,False
11308,-0.0039994186,-0.0029717237,False
11307,0.03148438,0.003137838,False
11306,0.09455648,0.021703154,False
11305,0.123863906,-0.0049189627,False
11311,-0.071763545,-0.055951297,False
11303,-0.01991394,-0.01991394,False
11320,0.06265511,0.021851711,False
11322,0.054446787,-0.0047842115,False
11336,-0.1975968,0.036067724,False
11335,-0.07662034,-0.15224206,False
11334,-0.19945252,0.005909562,False
11333,0.008533561,-0.009248569,False
11332,0.05983934,-0.0059051327,False
11331,-0.15313351,-0.10182643,False
11321,-0.184147,-0.18708968,False
11330,-0.02454412,-0.02454412,False
11328,-0.025787827,-0.025787827,False
11327,-0.1470553,-0.04504925,False
11326,-0.011976076,-0.0030650785,False
11325,-0.017116314,-0.017116314,False
11324,-0.025933346,-0.0076764748,False
11323,-0.003840644,0.00985254,False
11329,-0.36841094,-0.16478771,False
11090,0.15997452,0.009544194,False
11232,-0.116946965,-0.030261323,False
11230,-0.28817856,-0.0836705,False
11128,-0.12898767,0.031959534,False
11129,-0.23911166,-0.048913836,False
11130,-0.100596756,-0.054249316,False
11131,-0.14318573,-0.080176175,False
11132,-0.1605348,0.008807123,False
11133,-0.1597756,-0.087373346,False
11134,-0.20582747,-0.01866299,False
11135,-0.034663796,-0.03809975,False
11136,0.04914227,-0.032267585,False
11137,0.021704316,0.03270173,False
11138,-0.13001478,-0.12640351,False
11139,0.03352526,-0.10952267,False
11140,-0.019496202,-0.033221915,False
11141,-0.16882569,-0.05189973,False
11142,0.030200243,-0.05351281,False
11143,-0.055680573,-0.025753304,False
11144,-0.17378432,0.006960213,False
11158,-0.21480668,0.04666519,False
11157,-0.18288368,-0.10732472,False
11156,0.0,0.0,False
11155,0.015241861,0.009240292,False
11154,-0.0038334213,-0.0038334213,False
11153,0.0,0.0,False
11127,-0.20585549,-0.14860892,False
11152,-0.3244263,-0.06872499,False
11150,0.08583963,-0.023758471,False
11149,-0.04304138,0.016018689,False
11148,-0.019895324,-0.019098723,False
11147,0.017685307,0.0,False
11146,-0.041422777,0.002761647,False
11145,-0.13351107,-0.15949845,False
11151,-0.012817889,-0.05635855,False
11126,-0.15945072,-0.03229949,False
11125,0.024069369,-0.05396851,False
11124,-0.076800406,0.002968669,False
11105,-0.011984217,-0.011984217,False
11104,0.0,0.0,False
11103,-0.07909007,0.0034400597,False
11102,-0.007866651,-0.014283925,False
11101,-0.044074208,-0.016704774,False
11100,0.024411354,-0.03850301,False
11106,0.0,0.0,False
11099,-0.057447486,-0.025586706,False
11097,0.06813204,-0.013709635,False
11096,-0.20561546,-0.078291416,False
11095,0.062035352,-0.021776453,False
11094,-0.039327502,0.015792042,False
11093,-0.3913499,-0.077801704,False
11092,0.03145412,-0.01938992,False
11098,-0.015620947,0.0076240897,False
11159,-0.07306233,0.085075706,False
11107,-0.050955817,-0.09533551,False
11109,0.03764744,-0.0083427485,False
11123,0.02003488,-0.015145028,False
11122,-0.02348356,-0.006033689,False
11121,-0.25076842,-0.0062373877,False
11120,-0.31081513,-0.0415307,False
11119,0.0,0.0013207564,False
11118,-0.20928597,-0.0567621,False
11108,-0.004906715,-0.004906715,False
11117,-0.16529512,-0.08449918,False
11115,-0.10482389,0.018126607,False
11114,-0.09392372,-0.016220659,False
11113,0.018562332,-0.0022021949,False
11112,-0.104172446,0.020280406,False
11111,-0.0729278,0.030014783,False
11110,-0.29432845,0.04070109,False
11116,-0.015318334,-0.009780377,False
11231,-0.5809874,0.03175533,False
11160,-0.28510284,-0.0959816,False
11162,0.012110274,0.0032561794,False
11199,-0.47602797,-0.033210218,False
11200,0.24521533,0.012750834,False
11201,-0.012677023,-0.0116184335,False
11202,-0.025050458,-0.04609834,False
11203,-0.01737577,-0.014969114,False
11204,-0.0052438695,-0.0052438695,False
11205,0.015090926,0.0030371398,False
11206,-0.007286392,-0.041466787,False
11207,0.12286574,-0.019882023,False
11208,-0.27802542,-0.038697362,False
11209,-0.06485982,-0.012619704,False
11210,-0.039774165,-0.018239034,False
11211,0.10685831,-0.016524136,False
11212,0.20498353,-0.03935027,False
11213,-0.065651,0.04889247,False
11214,-0.06600699,-0.044736683,False
11215,-0.00502133,-0.004533505,False
11229,0.036216795,-0.05310923,False
11228,0.12222749,0.020775497,False
11227,0.022111624,0.053815603,False
11226,-0.095683604,0.00045478344,False
11225,0.0,0.001977951,False
11224,0.2030566,-0.023157567,False
11198,0.008786776,0.0046797646,False
11223,-0.53282845,-0.05910015,False
11221,0.0,0.0,False
11220,0.045877278,0.059465766,False
11219,0.07148368,-0.010598555,False
11218,-0.005415246,0.009952337,False
11217,-0.36031604,-0.0050644875,False
11216,-0.010067988,-0.010067988,False
11222,-0.1294863,-0.013718426,False
11197,-0.07236448,-0.047771767,False
11196,-0.0358958,0.006348297,False
11195,-0.020023942,-0.015813038,False
11176,0.0536111,0.007965416,False
11175,0.0059758946,-0.09791472,False
11174,0.083482504,0.05663991,False
11173,-0.13434792,-0.088238955,False
11172,-0.0066250563,0.019130915,False
11171,0.36728483,0.012726381,False
11177,-0.21997032,-0.058209777,False
11170,-0.19558346,-0.09109807,False
11168,-0.04373552,-0.019505218,False
11167,-0.0044809636,-0.0044809636,False
11166,-0.36345398,-0.06347251,False
11165,0.031700313,-0.030719772,False
11164,0.0021546483,-0.02185291,False
11163,0.0,0.0,False
11169,-0.013863623,0.053656697,False
11161,-0.07208487,-0.0131879,False
11178,0.037186444,0.0014923811,False
11180,-0.008581996,-0.12613404,False
11194,-0.0035210575,-0.0035210575,False
11193,0.017186057,-0.004938503,False
11192,0.0,0.0008674236,False
11191,0.14583996,0.019311622,False
11190,-0.029060457,-0.029060457,False
11189,-0.032813072,-0.019835472,False
11179,-0.18266559,-0.078077555,False
11188,-0.045440674,-0.2735116,False
11186,-0.03927394,0.003936976,False
11185,0.021255767,-0.02472823,False
11184,0.12670478,-0.09328921,False
11183,-0.014174059,-0.014174059,False
11182,-0.013686329,0.004573196,False
11181,0.055980597,-0.010719615,False
11187,-0.14928007,-0.056061238,False
10806,-0.2996245,0.01580286,False
10805,0.059261285,-0.026951177,False
10804,0.07656884,0.00097197294,False
10417,0.016428873,-0.0043732533,False
10418,0.11788547,-0.10128987,False
10419,-0.06737524,0.017203331,False
10420,-0.08477223,0.018343717,False
10421,0.010537416,-0.0030400157,False
10422,0.029301792,-0.018789753,False
10423,0.043129623,-0.002468884,False
10424,0.16190922,0.018729806,False
10425,-0.15318727,-0.05615139,False
10426,-0.11699784,0.0010668039,False
10427,-0.0074847937,-0.05274105,False
10428,-0.1110425,-0.075375676,False
10429,0.019782722,-0.033866763,False
10430,0.07124305,-0.09566495,False
10431,-0.055959783,0.025400639,False
10432,-0.25151002,-0.0073976517,False
10433,-0.010617673,-0.01871372,False
10447,0.0,0.0026394979,False
10446,-0.29014558,-0.0425542,False
10445,0.0,0.0,False
10444,0.0,0.0011011373,False
10443,0.0,0.0,False
10442,-0.009539741,0.0038313959,False
10416,-0.33908296,-0.07577002,False
10441,-0.03645265,0.041168116,False
10439,-0.009869471,-0.057210047,False
10438,-0.072043955,-0.061486214,False
10437,-0.004814338,-0.004814338,False
10436,0.18501708,-0.04183809,False
10435,-0.07656926,-0.048697382,False
10434,0.023552895,-0.08124459,False
10440,-0.0013222266,-0.021085467,False
10415,0.0,0.0,False
10414,-0.046214018,0.0009333603,False
10413,0.0,0.0,False
10394,0.024078356,0.0,False
10393,0.0,0.0,False
10392,-0.06572035,-0.06572035,False
10391,0.045489166,-0.04412758,False
10390,0.0,0.00031307357,False
10389,0.016573522,-0.003413568,False
10395,-0.021263935,-0.021263935,False
10388,0.009147719,-0.012578512,False
10386,-0.058630705,-0.013990894,False
10385,-0.010605333,-0.008715296,False
10384,-0.086590834,-0.2021117,False
10383,-0.019544022,-0.019544022,False
10382,-0.0047188643,-0.002723357,False
10381,0.023875155,0.02171605,False
10387,0.0119280815,-0.038201988,False
10448,-0.05351594,0.0028655306,False
10396,-0.03876275,-0.02705735,False
10398,-0.010290243,0.012531355,False
10412,0.11344454,0.0014745593,False
10411,-0.07659769,-0.11506331,False
10410,-0.1503818,-0.26787984,False
10409,0.021202266,-0.08319187,False
10408,-0.013617039,0.01030446,False
10407,-0.09209633,-0.036833227,False
10397,0.0072915656,-0.0076655317,False
10406,0.052695423,0.01818043,False
10404,0.018111674,-0.0023450567,False
10403,-0.4299823,0.04269266,False
10402,-0.0033567138,-0.0022066927,False
10401,0.47601867,-0.03539753,False
10400,0.037773937,-0.023013443,False
10399,0.033974886,-0.07636434,False
10405,-0.010668654,-0.007856267,False
10380,-0.0045664166,0.008934813,False
10449,-0.009692116,-0.009692116,False
10451,0.013212185,-0.009355167,False
10488,-0.029794991,0.016299963,False
10489,0.11552617,-0.09701611,False
10490,-0.12572701,0.0034676492,False
10491,0.0037823468,-0.0188037,False
10492,-0.054658845,0.03340684,False
10493,-0.030889038,-0.07791305,False
10494,0.4647677,0.023743153,False
10495,0.027199268,0.06444299,False
10496,-0.1514355,-0.08956221,False
10497,-0.43739617,-0.21101117,False
10498,-0.009370804,0.0002809763,False
10499,-0.28741193,-0.08196461,False
10500,0.014194667,-0.029014558,False
10501,-0.1352911,-0.1435411,False
10502,0.09141648,-0.008254886,False
10503,-0.08767155,0.0264588,False
10504,-0.1679846,-0.013999939,False
10518,-0.1704714,-0.027718306,False
10517,0.1610519,-0.061906785,False
10516,-0.026492182,-0.04658538,False
10515,-0.11405367,-0.08121121,False
10514,-0.009645272,-0.009645272,False
10513,-0.033095956,-0.0029362738,False
10487,-0.013589634,-0.013589634,False
10512,0.030109316,0.0030579641,False
10510,0.17065023,0.056194797,False
10509,0.0,0.0,False
10508,0.0,0.0,False
10507,-0.013381347,-0.05485201,False
10506,0.0,0.0,False
10505,0.00924857,0.034646675,False
10511,0.0656445,-0.029455721,False
10486,0.048566163,0.022555932,False
10485,-0.025735632,-0.02306448,False
10484,-0.041673433,-0.0030488744,False
10465,-0.046449512,-0.01075317,False
10464,-0.07945143,0.050198868,False
10463,-0.16807157,-0.11830574,False
10462,0.022034824,-0.057889283,False
10461,0.07791564,-0.052880913,False
10460,-0.54910755,-0.25819826,False
10466,0.19853067,0.0055195093,False
10459,0.030503064,0.04142475,False
10457,-0.29785895,-0.07962644,False
10456,-0.018503668,-0.015185407,False
10455,-0.5638708,-0.11797571,False
10454,0.0,0.0,False
10453,0.051549256,-0.08027384,False
10452,0.0037834793,0.026550233,False
10458,0.0036229938,0.0037994236,False
10450,-0.027583532,-0.018927462,False
10467,-0.013888934,-0.013888934,False
10469,0.09962635,0.04247062,False
10483,0.019880809,0.065641455,False
10482,-0.118489265,0.09413844,False
10481,0.05363536,-0.015091785,False
10480,-0.007783547,-0.0065394975,False
10479,-0.55882716,-0.25197268,False
10478,0.045850217,0.012552276,False
10468,-0.10845697,-0.018995464,False
10477,-0.038634777,-0.07243204,False
10475,-0.0017233342,0.020512193,False
10474,-0.112558216,-0.02947855,False
10473,0.07605821,0.05980906,False
10472,-0.0142920315,-0.005813498,False
10471,-0.024417799,-0.024417799,False
10470,-0.058526248,-0.008752108,False
10476,-0.0060500205,0.00096120685,False
10519,-0.058401525,-0.1478284,False
10379,-0.0044046603,-0.0044046603,False
10377,0.0018065944,-0.0016525881,False
10274,0.046893597,0.09391987,False
10275,0.0,0.0,False
10276,0.2592499,-0.092312306,False
10277,-0.025002241,-0.023109922,False
10278,-0.015612662,-0.00979352,False
10279,0.028840683,0.04415513,False
10280,-0.004767463,-0.004767463,False
10281,0.18926632,-0.05357337,False
10282,0.06564668,0.007439466,False
10283,0.06648633,0.019354343,False
10284,-0.14824015,-0.051964164,False
10285,-0.058029637,-0.036917016,False
10286,0.04293841,0.03424722,False
10287,-0.019202769,0.026131481,False
10288,-0.24264193,-0.0044444203,False
10289,-0.008254558,0.015637785,False
10290,-0.13771832,-0.068026036,False
10304,0.07933742,0.04104072,False
10303,0.015099086,0.031431556,False
10302,0.20889103,-0.07155281,False
10301,-0.105259225,-0.058357343,False
10300,0.095898926,0.022119492,False
10299,-0.1339392,-0.012047023,False
10273,-0.12141776,-0.08923221,False
10298,-0.049960293,-0.049960293,False
10296,-0.05610883,-0.016999897,False
10295,-0.0184669,-0.0184669,False
10294,0.14885437,-0.036281586,False
10293,-0.06459838,-0.09959197,False
10292,0.0496726,0.016914506,False
10291,-0.044443637,-0.005715072,False
10297,0.07408104,0.004933171,False
10272,0.0,0.0,False
10271,0.2874139,-0.014897168,False
10270,-0.23569788,-0.036814094,False
10251,-0.049761012,-0.055012032,False
10250,0.4681498,0.03656891,False
10249,-0.21296954,-0.07814717,False
10248,-0.029121064,-0.029799238,False
10247,-0.093790144,-0.031698406,False
10246,0.030423474,-0.0029694233,False
10252,-0.09186561,0.020059474,False
10245,0.016112946,0.008186436,False
10243,0.0,0.0,False
10242,-0.12338954,-0.01991123,False
10241,0.0,0.0006570907,False
10240,-0.11010453,0.011945039,False
10239,-0.06463128,-0.05323124,False
10238,-0.0083749015,-0.0083749015,False
10244,-0.27125192,-0.06061089,False
10305,0.0,0.0,False
10253,0.07715875,0.033371866,False
10255,0.0030979812,-0.04772991,False
10269,-0.15345347,-0.17800081,False
10268,-0.052105844,-0.0010389686,False
10267,-0.0869796,0.017670155,False
10266,-0.17528656,-0.008736312,False
10265,-0.09959561,-0.03850904,False
10264,0.01318047,-0.010271527,False
10254,-0.12162164,0.028515756,False
10263,-0.25872517,-0.18140161,False
10261,-0.33861434,-0.0781703,False
10260,0.0017908663,-0.01250644,False
10259,-0.062387764,-0.007396102,False
10258,-0.090139836,0.020722449,False
10257,0.022710681,-0.028378248,False
10256,-0.08626583,-0.047752917,False
10262,0.06585212,0.024559066,False
10378,0.0,0.0,False
10306,-0.036639214,-0.03011036,False
10308,-0.059821002,-0.07866404,False
10345,-0.06535089,-0.04835689,False
10346,-0.0597546,-0.03205726,False
10347,-0.07326831,0.012546852,False
10348,-1.398054,-0.09422016,False
10349,-0.0809094,-0.026213214,False
10350,-0.16499323,-0.021397889,False
10351,0.100008786,0.086832106,False
10352,-0.011390448,0.021555848,False
10353,-0.091888696,-0.040462554,False
10354,-0.20142378,0.04320994,False
10355,-0.033297464,0.022578225,False
10356,-0.0005755946,0.01023493,False
10357,-0.028784245,-0.0022651255,False
10358,-0.020971507,0.030021414,False
10359,0.06803647,-0.038830787,False
10360,-0.4320855,-0.120001316,False
10361,-0.0023012906,0.038167864,False
10376,0.29719293,-0.066784024,False
10375,-0.047681805,-0.013789628,False
10374,0.031431258,0.01693976,False
10372,-0.0049149087,-0.0049149087,False
10371,-0.032960698,-0.032960698,False
10370,0.01172162,-0.008842087,False
10344,-0.17423296,0.06665957,False
10369,-0.055145316,-0.017262265,False
10367,-0.28790614,-0.08109826,False
10366,-0.004685425,-0.004685425,False
10365,-0.019297017,-0.019297017,False
10364,-0.009336332,-0.009336332,False
10363,-0.010199703,-0.018815361,False
10362,-0.0553329,-0.022481322,False
10368,-0.025572792,-0.0071853176,False
10343,0.017987594,0.023072563,False
10342,-0.0006284714,-0.08401239,False
10341,-0.30660078,-0.004120171,False
10322,0.032045774,-0.0094550345,False
10321,0.38043696,-0.05085677,False
10320,0.05365789,0.013050675,False
10319,0.040066574,0.04690731,False
10318,0.03763235,0.013042577,False
10317,0.031723738,0.0023718774,False
10323,0.063723505,0.045360148,False
10316,0.30865502,0.06484473,False
10314,-0.0365268,-0.028843673,False
10313,0.005789742,-0.019585354,False
10312,-0.00502745,-0.00502745,False
10311,-0.14285553,0.008703589,False
10310,0.25035113,0.032457083,False
10309,0.020449802,0.00923039,False
10315,-0.023539603,0.038869977,False
10307,-0.07736361,0.039882362,False
10324,-0.12323141,-0.09740925,False
10326,-0.029782161,-0.032948658,False
10340,0.0373409,-0.004432738,False
10339,0.56496865,-0.017605722,False
10338,-0.0061407685,-0.0028206408,False
10337,-0.023747325,-0.18463612,False
10336,-0.18593353,-0.04461634,False
10335,0.09134784,0.07801607,False
10325,0.09967657,0.021712936,False
10334,-0.0096121235,-0.008756175,False
10332,-0.17359391,-0.008518815,False
10331,0.0071047945,-0.0025084713,False
10330,-0.0063838214,0.032933325,False
10329,0.059031814,-0.025048107,False
10328,0.012286067,-0.0151593685,False
10327,-0.022259116,-0.006640494,False
10333,-0.024230674,-0.013473354,False
10520,-0.054060534,-0.00890927,False
10521,0.0044687316,0.0022211634,False
10522,0.03519322,0.031154111,False
10702,-0.20991433,-0.035545766,False
10703,-0.019623615,0.007337123,False
10704,-0.07547286,-0.092479944,False
10705,-0.033020277,-0.033020277,False
10706,-0.03141208,0.018928707,False
10707,-0.12281045,-0.04004097,False
10708,-0.20108363,-0.0008675754,False
10709,-0.05445179,0.035411835,False
10710,-0.0044749146,-0.0044749146,False
10711,-0.12257844,-0.028268695,False
10712,-0.07873765,0.0072479546,False
10713,-0.21576098,-0.01788795,False
10714,-0.050976217,0.010465622,False
10715,0.08726117,0.10200153,False
10716,0.051528215,-0.036458522,False
10717,-0.36000907,-0.16614878,False
10718,-0.20073771,-0.011067152,False
10732,-0.008191692,-0.031773467,False
10731,-0.010108804,-0.010108804,False
10730,0.31745753,0.029144704,False
10729,-0.024699496,-0.024699496,False
10728,-0.06482956,-0.009337395,False
10727,-0.047546923,-0.044471085,False
10701,0.018381402,0.036560655,False
10726,-0.050710052,0.0039963424,False
10724,-0.1328857,-0.049527705,False
10723,0.036313355,0.0044036806,False
10722,0.0,0.0013188081,False
10721,-0.10112482,0.028987244,False
10720,-0.12524365,0.037228078,False
10719,0.03856474,-0.053922206,False
10725,0.012885302,0.040494695,False
10700,-0.15382004,-0.03452325,False
10699,-0.020867676,0.054400355,False
10698,-0.0718869,-0.10611081,False
10679,0.11768228,0.006898001,False
10678,-0.02092892,0.032981575,False
10677,-0.1802931,-0.030431122,False
10676,0.0,0.0,False
10675,-0.43553114,-0.09425044,False
10674,-0.014525306,-0.014525306,False
10680,-0.07277042,0.020941079,False
10673,-0.12384619,-0.048866317,False
10671,-0.0033912933,-0.0029784548,False
10670,-0.008078988,0.008551191,False
10669,-0.038210765,-0.010697149,False
10668,-0.08881135,-0.060124815,False
10667,-0.029517656,-0.03889969,False
10666,-0.0070049902,-0.0070049902,False
10672,0.0,0.0,False
10733,-0.1329157,-0.062661365,False
10681,0.14495325,-0.13838553,False
10683,-0.048639536,-0.02053199,False
10697,-0.059565738,-0.017896503,False
10696,-0.013581604,0.01053901,False
10695,-0.04752487,0.005209118,False
10694,-0.0050290436,-0.0050290436,False
10693,-0.009976387,-0.0811398,False
10692,-0.004606257,-0.0040062456,False
10682,-0.009426526,-0.009426526,False
10691,0.0,0.0,False
10689,-0.033239026,-0.033239026,False
10688,-0.019643793,-0.019643793,False
10687,-0.03583469,-0.080575645,False
10686,0.011056852,-0.0023319945,False
10685,-0.24830621,0.016200244,False
10684,-0.064961195,-0.04212618,False
10690,-0.03662032,-0.013344213,False
10665,-0.045156904,-0.02055303,False
10734,0.011415273,-0.03744018,False
10736,-0.008114163,-0.008114163,False
10773,-0.48939848,-0.19347835,False
10774,-0.14096618,-0.071661234,False
10775,-0.078117564,0.027129427,False
10776,0.010392483,0.033920284,False
10777,0.06433147,0.0010839105,False
10778,-0.040641785,0.020718157,False
10779,0.13363323,0.006960869,False
10780,-0.14940062,-0.026978135,False
10781,0.019210687,-0.0021216634,False
10782,-0.043164052,-0.027410999,False
10783,0.07826963,-0.008276336,False
10784,-0.08144681,-0.0030154139,False
10785,-0.0050570443,-0.0046420256,False
10786,-0.13416708,-0.1364727,False
10787,-0.018593252,0.017952025,False
10788,-0.31834698,-0.109582424,False
10789,-0.050285317,-0.07041845,False
10803,0.082965374,0.032640934,False
10802,0.033168346,0.008382529,False
10801,-0.6010394,-0.11670256,False
10800,-0.22052097,-0.10508919,False
10799,-0.35047555,-0.03628826,False
10798,-0.022758054,-0.022758054,False
10772,-0.3966831,-0.19341785,False
10797,-0.0022958415,-0.017429106,False
10795,-0.04795883,-0.025723971,False
10794,0.056717366,0.0079855025,False
10793,-0.37825346,0.037508607,False
10792,-0.21394444,-0.03326994,False
10791,-0.01007629,-0.009107673,False
10790,-0.008550118,-0.008550118,False
10796,-0.050105587,0.017570868,False
10771,-0.08015452,0.024302274,False
10770,-0.08600572,0.011029959,False
10769,-0.0064406022,-0.029761784,False
10750,0.007621441,-0.014104789,False
10749,0.0,0.0,False
10748,-0.040493637,0.059915215,False
10747,0.056322485,0.044756904,False
10746,-0.055841684,0.021618843,False
10745,-0.22955471,-0.020591795,False
10751,-0.005001223,-0.005001223,False
10744,-0.4269104,-0.06686163,False
10742,-0.004380718,-0.040918455,False
10741,-0.07681531,0.050162077,False
10740,-0.021888934,0.0022063963,False
10739,0.0,0.0,False
10738,0.0,0.0,False
10737,-0.004061069,-0.004061069,False
10743,-0.028240293,-0.017584667,False
10735,-0.014725758,-0.014725758,False
10752,-0.019410336,-0.019410336,False
10754,-0.14623356,-0.21799433,False
10768,-0.022909224,0.036592096,False
10767,0.047151074,0.008093208,False
10766,0.095764965,-0.010926157,False
10765,0.109375924,0.043007404,False
10764,0.032649636,0.08523178,False
10763,0.061083376,0.024003401,False
10753,-0.1725888,-0.052591756,False
10762,0.032998145,0.0770911,False
10760,0.020818507,0.0,False
10759,0.01101315,0.086898506,False
10758,-0.17937714,-0.08862573,False
10757,-0.048080355,-0.074938625,False
10756,0.013338377,-0.008889828,False
10755,0.2530325,-0.024427205,False
10761,-0.01946995,-0.01946995,False
10664,0.007450518,-0.014280262,False
10663,-0.004049424,-0.017086195,False
10662,0.0,0.0,False
10559,-0.1930663,-0.0009459257,False
10560,-0.124815285,0.10698569,False
10561,-0.24869013,-0.012741387,False
10562,-0.11287768,-0.029634506,False
10563,-0.12678385,-0.15392804,False
10564,-0.16688228,-0.03559518,False
10565,0.1161623,0.03877616,False
10566,0.009949863,0.039294064,False
10567,-0.011855649,-0.033974368,False
10568,-0.059439898,-0.07637799,False
10569,-0.07635453,-0.057514608,False
10570,0.011112856,-0.008874234,False
10571,0.07608393,0.017171435,False
10572,-0.28263175,-0.14506954,False
10573,-0.292906,-0.12841237,False
10574,-0.2877947,-0.117786765,False
10575,-0.25162983,-0.085948944,False
10589,-0.39717555,-0.10613382,False
10588,0.06940156,0.021230161,False
10587,-0.07000589,-0.21968436,False
10586,-0.553951,-0.18460369,False
10585,-0.21066034,-0.086402774,False
10584,-0.103266984,-0.0041009784,False
10558,-0.19719341,0.0050049424,False
10583,-0.07709509,-0.057548672,False
10581,0.13736027,0.016641423,False
10580,-0.022060081,-0.005569935,False
10579,0.051725566,-0.04032737,False
10578,-0.2995355,-0.10740566,False
10577,-0.1915822,-0.17237341,False
10576,-0.23935556,-0.13075757,False
10582,-0.03558266,-0.06996906,False
10557,-0.4530667,-0.11791873,False
10556,-0.10862124,-0.09607291,False
10555,0.043621182,0.07665789,False
10536,-0.21181774,0.10546905,False
10535,-0.014822528,0.009777002,False
10534,0.0107810795,-0.03558153,False
10533,0.074711084,0.042172164,False
10532,-0.1373052,0.0040043592,False
10531,0.112422705,0.066266775,False
10537,-0.030493349,-0.058933944,False
10530,0.008726373,-0.013133239,False
10528,-0.01914706,-0.01914706,False
10527,0.06243834,0.0019788295,False
10526,-0.010208186,-0.007871158,False
10525,-0.20581216,-0.08350217,False
10524,0.0030889716,-0.015570456,False
10523,-0.009970309,-0.008462824,False
10529,-0.0035777092,-0.12903899,False
10590,-0.14250678,-0.10738337,False
10538,0.18600845,-0.025615871,False
10540,0.015087228,-0.0013796594,False
10554,-0.14789796,-0.20823598,False
10553,-0.31542888,-0.021924496,False
10552,0.050861776,-0.006485164,False
10551,-0.10441089,-0.026092649,False
10550,-0.38448995,-0.08679283,False
10549,0.1760602,0.124994755,False
10539,0.042619213,-0.010528982,False
10548,0.000649631,-0.07633901,False
10546,-0.1462112,-0.111507535,False
10545,-0.04205972,-0.076039135,False
10544,-0.2681619,-0.02386427,False
10543,0.123202145,-0.068517655,False
10542,-0.5004612,-0.07473004,False
10541,-0.0043802336,-0.026756026,False
10547,-0.5579286,-0.06450021,False
10591,-0.26516628,-0.041876554,False
10592,-0.10316318,-0.08282989,False
10593,-0.083443105,-0.13274407,False
10643,-0.07664865,-0.03119284,False
10642,-0.08157735,-0.03706658,False
10641,-0.07536779,-0.03877957,False
10640,-0.0050774873,-0.0050774873,False
10639,-0.09524757,0.0055546165,False
10638,-0.03400112,0.023337726,False
10644,0.0,0.024981081,False
10637,0.0,0.0,False
10635,0.0,0.0,False
10634,-0.8100624,-0.3427167,False
10633,-0.0034737736,-0.06885015,False
10632,-0.30384982,-0.039191425,False
10631,0.10397312,0.015273854,False
10630,-0.0050674463,-0.0050674463,False
10636,0.0,0.000774634,False
10629,-0.12135305,-0.007467985,False
10645,-0.021381417,-0.019416604,False
10647,0.09047142,-0.021640241,False
10661,-0.06386334,-0.012647748,False
10660,-0.07121712,0.021098822,False
10659,-0.00474751,-0.08044788,False
10658,0.04295429,0.00087586546,False
10657,-0.11294699,-0.11035895,False
10656,0.04570038,-0.00331641,False
10646,-0.048780084,0.012194395,False
10655,-0.6105658,-0.017565966,False
10653,-0.13028407,-0.16965342,False
10652,0.107195884,0.00938195,False
10651,-0.1450527,-0.057025373,False
10650,-0.11228472,-0.062183022,False
10649,-0.0705176,-0.010947198,False
10648,0.014665112,0.017698973,False
10654,-0.018764095,-0.018764095,False
10236,-0.0040186113,-0.0040186113,False
10628,-0.006568104,0.023222,False
10626,0.119589865,0.09334719,False
10607,-0.25871956,-0.03653133,False
10606,-0.14225209,-0.10848665,False
10605,-0.10508394,-0.18743753,False
10604,0.046696424,-0.117872715,False
10603,-0.70188534,-0.21794677,False
10602,-0.28709972,-0.13884783,False
10608,0.024208806,0.022745885,False
10601,-0.19381976,-0.0033442974,False
10599,-0.21475446,0.078684926,False
10598,0.022940278,0.060525775,False
10597,-0.16090292,-0.021118283,False
10596,-0.20405412,-0.13724327,False
10595,-0.059180796,-0.0581553,False
10594,-0.20348954,-0.11312294,False
10600,0.003006518,0.01188004,False
10627,-0.1352836,-0.052865863,False
10609,-0.14746922,0.061420977,False
10611,0.040246367,0.05015862,False
10625,-0.21744025,-0.18435979,False
10624,0.21499002,-0.03742671,False
10623,0.08016586,0.07621145,False
10622,0.418355,-0.23763168,False
10621,-0.21435088,-0.12785041,False
10620,-0.0339669,-0.15494001,False
10610,0.01972711,0.07100594,False
10619,-0.007516613,-0.030590488,False
10617,-0.060946815,0.036187075,False
10616,0.016246624,0.01487989,False
10615,-0.15357363,-0.08068526,False
10614,-0.009338653,-0.009338653,False
10613,-0.0087022185,-0.10387075,False
10612,0.098172665,-0.031199992,False
10618,-0.3625912,-0.14549124,False
9094,0.08357539,0.014992528,False
13653,-0.024921322,0.016108878,False
13655,-0.050556477,-0.0012628585,False
16683,-0.0162298,-0.0020437017,False
16684,-0.052246004,-0.010340244,False
16685,-0.025361061,-0.10914999,False
16686,-0.23676288,-0.16540956,False
16687,-0.05382657,-0.015592128,False
16688,-0.07366344,-0.013234004,False
16689,-0.11849621,-0.029737532,False
16690,-0.0051399465,0.018999627,False
16691,0.07753463,0.024552777,False
16692,-0.0136281755,-0.009678334,False
16693,-0.019861337,-0.019861337,False
16694,-0.063911974,-0.047111604,False
16695,-0.028402746,-0.033792257,False
16696,0.0063717924,0.014487993,False
16697,0.097956695,0.04733239,False
16698,0.007753078,-0.014947418,False
16699,0.0061326725,-0.009807588,False
16714,-0.007402424,-0.028850285,False
16713,-0.7743192,-0.1803267,False
16712,-0.11363602,-0.15905571,False
16711,0.042774975,-0.023114527,False
16710,-0.2478809,0.0648849,False
16709,-0.6109178,-0.1429882,False
16682,-0.015095704,-0.015095704,False
16708,-0.22145653,-0.046518326,False
16705,-0.009673957,-0.033616636,False
16704,0.086803734,-0.04508534,False
16703,-0.013978199,-0.012905523,False
16702,-0.051720947,-0.01664728,False
16701,-0.054044962,-0.08606696,False
16700,-0.17028698,-0.019301951,False
16706,-0.0044917855,-0.0037703775,False
16681,0.001837045,-0.069639266,False
16680,-0.044772595,-0.00079903007,False
16679,0.02090202,-0.024217727,False
16660,-0.045413148,-0.006040193,False
16659,-0.009359352,-0.0074710846,False
16658,-0.0050561046,-0.004335463,False
16657,0.027069746,-0.017605307,False
16656,-0.01963775,-0.01963775,False
16655,-0.046221435,-0.06993991,False
16661,0.08549887,0.051061004,False
16654,0.082221314,0.017249197,False
16652,0.08374524,0.0436489,False
16651,-0.007835698,-0.0053013405,False
16650,0.27245188,0.031344414,False
16649,-0.013545692,-0.019892454,False
16648,-0.07620085,-0.011483386,False
16647,-0.3445599,-0.014233828,False
16653,-0.12336558,-0.06037247,False
16715,-0.04966631,0.0013943538,False
16662,0.029161997,-0.08342884,False
16664,0.03244412,-0.048406363,False
16678,0.006574273,0.032669738,False
16677,0.025158953,-0.044093158,False
16676,0.0048411563,-0.01239548,False
16675,-0.09290123,-0.049171627,False
16674,0.043282866,-0.011751428,False
16673,0.0,0.0,False
16663,-0.12388873,-0.07030603,False
16672,0.040905204,-0.014715403,False
16670,0.017639095,-0.02328368,False
16669,-0.06783888,-0.041519552,False
16668,-0.011211157,-0.018147707,False
16667,-0.060684532,-0.10164976,False
16666,-0.032870676,-0.004111495,False
16665,0.023789536,0.002480939,False
16671,-0.23034567,-0.059795618,False
16646,-0.007697761,-0.010125905,False
16716,0.0031578392,0.022500109,False
16718,-0.074591465,0.015907824,False
16755,-0.023512855,-0.03342329,False
16756,-0.17148301,-0.038562655,False
16757,0.061492883,-0.004685171,False
16758,-0.34815788,-0.021799684,False
16759,-0.02102935,-0.030239016,False
16760,-0.26496822,-0.042740107,False
16761,0.38529015,-0.11674309,False
16762,-0.1116178,-0.04945922,False
16763,-0.20936644,-0.12718105,False
16764,-0.099492304,-0.003148675,False
16765,-0.05585754,-0.03515041,False
16766,0.08320087,0.01575081,False
16767,0.0,0.0,False
16768,-0.1266647,-0.12533954,False
16769,-1.43719,-0.24207187,False
16770,-0.022865716,0.0045137852,False
16771,-0.24894655,0.06310552,False
16785,-0.12929845,0.018508285,False
16784,0.01324562,-0.009688823,False
16783,0.0075289197,-0.017129159,False
16782,-0.009185421,-0.009185421,False
16781,-0.2831018,-0.12556958,False
16780,0.221277,-0.05087769,False
16754,-0.10674478,-0.010358363,False
16779,0.07197778,0.031607613,False
16777,-0.047038794,0.0012020543,False
16776,-0.098682836,0.0096769035,False
16775,-0.32899994,-0.09150058,False
16774,-0.0061416104,0.008809581,False
16773,0.11378366,-0.0071656406,False
16772,-0.04982789,0.028001532,False
16778,-0.22277454,-0.085989594,False
16753,-0.26664424,0.017081738,False
16752,-0.35883117,0.15245485,False
16751,-0.01111877,0.013510525,False
16732,0.037059784,-0.016424,False
16731,-0.044769578,-0.0036667734,False
16730,-0.28400463,-0.08501822,False
16729,-0.004478243,-0.004478243,False
16728,0.096553564,-0.0983752,False
16727,0.064758986,0.0102917105,False
16733,-0.006987836,0.017076183,False
16726,0.053013876,0.003276229,False
16724,-0.10952793,-0.027125627,False
16723,0.28119075,-0.02823019,False
16722,-0.0012364797,-0.03910488,False
16721,-0.027335003,-0.03432043,False
16720,-0.04048106,-0.08364949,False
16719,-0.057678625,0.03260663,False
16725,0.045512617,0.0304918,False
16717,-0.32726502,-0.20345569,False
16734,0.025689185,-0.01767081,False
16736,0.23530293,0.041447163,False
16750,-0.24337459,-0.06544268,False
16749,-0.054859865,0.01844287,False
16748,-0.24416092,-0.08822465,False
16747,0.01257137,-0.01527142,False
16746,-0.04352611,0.01279714,False
16745,-0.03641192,0.013139315,False
16735,-0.0014888346,-0.06545727,False
16744,-0.30510843,-0.009915769,False
16742,0.03837192,-0.024142027,False
16741,0.07279974,0.050554782,False
16740,0.070601106,0.013304599,False
16739,-0.0021171272,0.10558377,False
16738,-0.010049651,0.0058393786,False
16737,0.06858915,-0.0011137724,False
16743,0.0,0.0,False
16786,-0.0112889465,-0.029071076,False
16645,0.0813331,-0.002943866,False
16643,-0.3077259,-0.18915677,False
16541,-0.089269996,0.0024216175,False
16542,0.0134763615,-0.009239518,False
16543,0.006899178,-0.09575632,False
16544,-0.11364369,-0.06056428,False
16545,0.11203426,0.057275042,False
16546,0.042994976,-0.26060677,False
16547,0.07562646,0.027414083,False
16548,-0.07987873,-0.046989143,False
16549,-0.35539985,-0.031045496,False
16550,-0.039723963,0.018478632,False
16551,-0.13628045,-0.110679924,False
16552,-0.21860266,-0.07962763,False
16553,-0.0073723197,0.05758661,False
16554,-0.31757808,-0.03616643,False
16555,0.017811224,0.009963423,False
16556,-0.13161016,0.04647416,False
16557,0.024757802,0.022704422,False
16571,0.071695,0.02544552,False
16570,0.0,0.0,False
16569,-0.14561367,-0.16675103,False
16568,0.16372383,-0.08048117,False
16567,0.036652923,0.0075015426,False
16566,-0.04160586,-0.046192706,False
16540,-0.18030715,-0.116135,False
16565,-0.005180793,-0.005180793,False
16563,-0.046861112,-0.043431908,False
16562,-0.29545453,-0.09822011,False
16561,0.16403176,0.032493606,False
16560,0.00043671578,0.030824617,False
16559,0.07901275,0.013634771,False
16558,-0.11350399,0.016643643,False
16564,-0.08467698,-0.05983579,False
16539,0.051660493,0.031276517,False
16538,-0.052318335,-0.05788687,False
16537,0.2227802,0.020825535,False
16518,-0.022393566,-0.020370655,False
16517,0.030888146,-0.014097968,False
16516,-0.21065569,-0.076524734,False
16515,-0.008333325,-0.014891654,False
16514,0.0048236847,0.101389885,False
16513,0.043064736,0.05181987,False
16519,0.009672914,0.020353746,False
16512,-0.37704396,-0.1926589,False
16510,0.0,0.0,False
16509,-0.0077226385,-0.013644669,False
16508,0.017222114,-0.028784923,False
16507,-0.25185275,-0.14818442,False
16506,-0.06987574,-0.0036051273,False
16505,0.0,0.0,False
16511,-0.07585354,0.008656949,False
16572,0.035019875,0.038381994,False
16520,-0.20522183,-0.032090843,False
16522,0.058142513,-0.12670004,False
16536,0.048677146,-0.05263102,False
16535,-0.023780586,-0.023780586,False
16534,0.01713308,-0.024296869,False
16533,0.03472673,0.0010064587,False
16532,-0.55675924,-0.111463666,False
16531,-0.06601775,0.010862403,False
16521,-0.043435812,0.030890226,False
16530,0.034144834,-0.03161332,False
16528,0.04032451,-0.0023394264,False
16527,-0.015274042,-0.036702823,False
16526,0.0,0.00045965324,False
16525,0.0031092018,0.027044982,False
16524,0.10779761,-0.04929678,False
16523,-0.022634268,0.016376734,False
16529,0.18033846,0.024153873,False
16644,-0.15580837,-0.038143113,False
16573,0.01207798,-0.006118793,False
16575,-0.010002763,-0.009469622,False
16612,-0.031624794,-0.049346805,False
16613,0.031380206,-0.0010803938,False
16614,0.0,0.00067764084,False
16615,-0.024728745,-0.013520777,False
16616,-0.0077172955,-0.0053982884,False
16617,0.0072142556,-0.014004903,False
16618,-0.67294586,-0.17186034,False
16619,-0.051561594,-0.15847528,False
16620,-0.0444057,-0.025025465,False
16621,-0.043747902,0.015961885,False
16622,0.008333769,0.0060454793,False
16623,0.14241894,-0.026561052,False
16624,0.0,0.0,False
16625,0.0,0.0,False
16626,0.2940607,-0.071995735,False
16627,-0.014339067,0.0051610284,False
16628,-0.03820908,-0.063307405,False
16642,-0.10470635,-0.05199921,False
16641,0.13459368,-0.00242313,False
16640,-0.018307691,-0.018307691,False
16639,-0.030571317,-0.052906502,False
16638,-0.1279583,-0.09961605,False
16637,0.015334632,-0.0047984985,False
16611,-0.0007850453,-0.045332316,False
16636,0.22773433,-0.029990554,False
16634,-0.12555519,-0.023506343,False
16633,-0.035949342,-0.02276788,False
16632,-0.014110208,-0.030789629,False
16631,0.115154624,0.089713305,False
16630,-0.014524996,0.055490494,False
16629,-0.01421437,-0.01421437,False
16635,-0.23562759,-0.13007033,False
16610,-0.4292606,-0.0665884,False
16609,-0.027372759,-0.027372759,False
16608,0.07025224,0.0025974512,False
16589,0.002048878,-0.019681903,False
16588,0.038672283,0.03259407,False
16587,0.042662114,-0.014046133,False
16586,-0.11614056,-0.0136123,False
16585,-0.023464223,-0.023464223,False
16584,0.013297826,-0.04312414,False
16590,-0.03089863,0.0030580163,False
16583,0.0889675,-0.05152574,False
16581,0.0,0.00015692814,False
16580,-0.031770572,0.03623408,False
16579,0.0037110057,-0.019652173,False
16578,-0.12868565,0.009930134,False
16577,0.033740193,-0.0030364394,False
16576,0.12765938,0.05054611,False
16582,4.017353e-05,-0.07176626,False
16574,-0.004710347,-0.004710347,False
16591,0.7653792,-0.058823705,False
16593,0.041727543,-0.09551114,False
16607,0.0,0.0,False
16606,0.0,0.0,False
16605,-0.099052265,-0.121173486,False
16604,-0.0050063194,-0.0050063194,False
16603,-0.0062675625,-0.052006595,False
16602,-0.013952553,0.04547575,False
16592,0.1330589,-0.04198575,False
16601,0.0076777516,-0.009981674,False
16599,0.07204819,0.0405927,False
16598,-0.060278296,-0.07325077,False
16597,-0.10069972,-0.04086101,False
16596,-0.064295426,-0.0027268827,False
16595,0.039300382,-0.055742025,False
16594,0.011218734,-0.016826674,False
16600,0.0075579174,-0.014560802,False
16504,-0.015259759,-0.015259759,False
16787,-0.02659782,-0.02659782,False
16789,-0.023685582,0.0026015714,False
16968,-0.58863556,-0.05208063,False
16969,-0.0034445673,-0.0032568276,False
16970,-0.0025984347,-0.16340183,False
16971,-0.015207052,-0.0031146407,False
16972,-0.022884406,0.016898572,False
16973,-0.11381447,-0.042654395,False
16974,-0.0953027,0.019154787,False
16975,-0.20375153,-0.08512223,False
16976,-0.19160333,0.0001206398,False
16977,-0.06811714,-0.04774344,False
16978,-0.0116074085,-0.1144737,False
16979,0.049773306,-0.05694163,False
16980,0.1817857,0.06753659,False
16981,0.16389704,-0.14866984,False
16982,-0.19498366,0.061068892,False
16983,-0.20936996,-0.036204696,False
16984,-0.0047471523,-0.00036263466,False
16998,0.019429117,-0.016671479,False
16997,-0.0058600307,0.11095947,False
16996,-0.23329154,-0.10585201,False
16995,-0.24983382,-0.11443359,False
16994,0.012076005,-0.03360828,False
16993,0.005972963,0.031995755,False
16967,-0.02155926,-0.042607144,False
16992,-0.06542146,-0.013474226,False
16990,-0.4736668,-0.14465678,False
16989,-0.5192261,-0.09462762,False
16988,-0.34739113,0.041466475,False
16987,0.06150776,0.010106638,False
16986,0.027921915,0.047600687,False
16985,-0.20365748,-0.14687723,False
16991,-0.005430281,-0.0805282,False
16966,-0.120704174,-0.16506195,False
16965,-0.26468468,-0.030612707,False
16964,-0.34871912,-0.15104032,False
16945,0.0,0.0,False
16944,0.024470836,0.009558976,False
16943,-0.106524676,0.006241888,False
16942,-0.079718255,-0.033802822,False
16941,0.1324408,-0.16782665,False
16940,-0.027251357,-0.027251357,False
16946,-0.02984536,-0.05359932,False
16939,-0.004930297,-0.0048262305,False
16937,-0.06583178,-0.062855124,False
16936,-0.020016745,0.025543824,False
16935,-0.009612577,-0.009612577,False
16934,0.0,0.0,False
16933,-0.008324638,-0.031108968,False
16932,-0.3447221,0.03329128,False
16938,0.3452384,0.09892118,False
16999,-0.005001223,-0.005001223,False
16947,0.062487364,0.04067564,False
16949,0.03267038,0.0042973757,False
16963,-0.23488933,-0.14198643,False
16962,-0.14589787,-0.21893787,False
16961,-0.6941397,-0.09979534,False
16960,-0.7075243,-0.21875906,False
16959,-0.12950206,-0.08640671,False
16958,-0.0503155,0.024387836,False
16948,-0.26336002,-0.042791843,False
16957,0.0063109696,0.0054757297,False
16955,0.054507174,0.012590878,False
16954,0.03639891,0.0,False
16953,-0.003751305,-0.01888457,False
16952,0.094515085,-0.0938949,False
16951,-0.02254624,0.009440713,False
16950,-0.0028260052,-0.025526501,False
16956,-0.07454674,-0.03171976,False
16931,0.03584984,-0.024315357,False
17000,0.5662097,0.037079513,False
17002,0.024101973,-0.04369904,False
17039,0.012533832,-0.009774212,False
17040,-0.1409963,0.04946786,False
17041,-0.14969078,0.019102722,False
17042,-0.033720195,-0.02630084,False
17043,-0.118984655,-0.05227071,False
17044,-0.096179426,-0.006771624,False
17045,-0.13355702,-0.026847273,False
17046,-0.00218606,0.12525356,False
17047,-0.109678924,-0.04174614,False
17048,-0.16723323,-0.008780122,False
17049,-0.08862546,-0.04221703,False
17050,-0.49974632,-0.13885462,False
17051,0.16688716,-0.046756864,False
17052,0.0,0.0008994354,False
17053,0.25116903,-0.016290277,False
17054,-0.21421432,0.07347453,False
17055,-0.030994564,0.043435678,False
17069,-0.16819653,-0.022247449,False
17068,-0.1630438,-0.09618145,False
17067,-0.30468607,-0.13676405,False
17066,-0.010114894,-0.008881934,False
17065,-0.64326715,-0.08855605,False
17064,0.17487842,-0.0015507042,False
17038,-0.034362786,-0.0123029575,False
17063,-0.79423594,-0.19448018,False
17061,0.12889749,0.015146583,False
17060,0.18329072,0.005549431,False
17059,-0.0024901181,-0.043101825,False
17058,0.17058063,0.026437141,False
17057,-0.21769333,-0.26596594,False
17056,0.08213127,0.014417082,False
17062,0.049260408,0.0027827919,False
17037,0.017685473,-0.016330361,False
17036,-0.12722406,0.030498832,False
17035,0.06642443,0.028691828,False
17016,-0.17201176,-0.08777973,False
17015,0.11199066,0.03521365,False
17014,-0.13469371,-0.06352693,False
17013,0.002145037,0.057850555,False
17012,-0.013645148,0.0027339868,False
17011,0.09413016,-0.040225744,False
17017,-0.18383694,0.04527837,False
17010,0.005568087,-0.014076173,False
17008,-0.009428399,-0.009428399,False
17007,0.0,0.0,False
17006,-0.03188984,-0.039797947,False
17005,0.030674553,-0.01229304,False
17004,-0.36612707,-0.1055246,False
17003,-0.036814094,-0.0061428733,False
17009,-0.02337747,-0.02337747,False
17001,-0.27342594,-0.02549541,False
17018,-0.031442285,0.024481505,False
17020,-0.03378254,-0.033223614,False
17034,0.27441955,0.07900441,False
17033,0.07117927,0.032029927,False
17032,0.0023486614,0.013282955,False
17031,-0.02921005,-0.0009436384,False
17030,0.04747564,0.0011479557,False
17029,0.11786851,0.07656273,False
17019,-0.019008309,-0.07412416,False
17028,-0.0955386,-0.042915925,False
17026,-0.0773292,-0.04514211,False
17025,-0.10897887,-0.20124364,False
17024,0.11997157,-0.112620056,False
17023,0.013750184,-0.030287303,False
17022,0.028823882,-0.027546912,False
17021,-0.0485892,-0.068179384,False
17027,-0.04666309,0.030665278,False
16788,-0.016419243,-0.00015066564,False
16930,0.04345721,0.032427758,False
16928,-0.07623248,0.016607173,False
16826,0.17357045,-0.06253803,False
16827,0.056481004,0.006503105,False
16828,-0.026249409,-0.015353084,False
16829,-0.28036964,-0.03206843,False
16830,0.11114144,-0.085190296,False
16831,-0.5619602,-0.281924,False
16832,-0.053021073,0.052212656,False
16833,-0.32419574,-0.038443446,False
16834,-0.39624524,-0.06480956,False
16835,-1.382323,-0.3788588,False
16836,-0.2736603,-0.03174925,False
16837,-0.55410254,-0.076012135,False
16838,-0.11048326,-0.06599471,False
16839,-0.014703155,0.006585717,False
16840,0.21909875,0.114583254,False
16841,0.037159666,-0.012205951,False
16842,-0.046483897,-0.0905091,False
16856,-0.037486836,-0.02612342,False
16855,-0.07577744,-0.0042245686,False
16854,-0.05529295,0.017725676,False
16853,-0.20233816,0.018839478,False
16852,-0.09023136,-0.08787292,False
16851,0.0061200857,0.039447963,False
16825,0.0032328963,-0.003919184,False
16850,0.0,0.0,False
16848,0.0,0.0,False
16847,0.018171178,-0.005102845,False
16846,-0.34367308,0.004970014,False
16845,0.059497923,0.052423537,False
16844,-0.045360506,0.06710714,False
16843,0.12970948,0.060530424,False
16849,-0.2873752,-0.08071637,False
16824,-0.330431,0.013526738,False
16823,-0.30589318,-0.060323954,False
16822,-0.0538456,0.00054863095,False
16803,-0.001398161,0.004808396,False
16802,0.11083692,0.08622295,False
16801,-0.17101735,-0.05995047,False
16800,-0.05966103,-0.114819854,False
16799,0.041322544,0.04613571,False
16798,-0.010373712,0.05265647,False
16804,0.08258413,0.016807616,False
16797,0.041333754,-0.0033567138,False
16795,-0.13892603,-0.115840465,False
16794,-0.14478374,-0.020603776,False
16793,-0.09533334,-0.057875276,False
16792,-0.10570073,-0.0651384,False
16791,0.022976484,0.02348112,False
16790,-0.07946202,-0.0843264,False
16796,0.042168617,-0.03524065,False
16857,-0.15944761,-0.040890962,False
16805,-0.20805931,-0.1210922,False
16807,0.050153844,0.037856743,False
16821,-0.009855973,-0.009855973,False
16820,-0.5755055,-0.24428487,False
16819,0.053626776,-0.11303592,False
16818,-0.37053573,-0.15456015,False
16817,-0.0032947345,-0.0032947345,False
16816,0.15530539,-0.21830845,False
16806,0.0033500344,0.038127616,False
16815,-0.27583253,-0.14265084,False
16813,-0.032967567,-0.05850792,False
16812,-0.20791721,-0.28122234,False
16811,0.040073812,-0.0037164297,False
16810,0.012528678,-0.0033788607,False
16809,-0.16730726,-0.023380518,False
16808,-0.23363131,-0.07233864,False
16814,0.017943649,-0.003411869,False
16929,0.07034574,0.024410151,False
16858,0.14042348,0.004078388,False
16860,-0.15256572,-0.056384802,False
16897,-0.013828456,0.08503872,False
16898,0.04809791,0.02545163,False
16899,-0.001532834,-0.013636153,False
16900,-0.0842109,-0.106928855,False
16901,-0.038209468,-0.022425732,False
16902,-0.005323706,0.00018930621,False
16903,0.6510389,-0.1624775,False
16904,-0.0141282715,-0.0141282715,False
16905,-0.06939118,-0.019303352,False
16906,0.024467945,-0.003171444,False
16907,-0.22249573,0.009579122,False
16908,-0.2578596,-0.16369498,False
16909,-0.34269512,-0.06252539,False
16910,-0.019560805,0.020441594,False
16911,-0.43649584,-0.06541145,False
16912,-0.2563936,-0.08474934,False
16913,-0.011224002,-0.064112216,False
16927,0.0150763905,-0.0056502726,False
16926,0.05477754,0.045309305,False
16925,0.0,0.0,False
16924,0.07060486,0.044073343,False
16923,0.008959591,-0.1581862,False
16922,0.041445017,-0.003692478,False
16896,-0.10821286,0.07194126,False
16921,-0.0468549,-0.00992623,False
16919,-0.015771985,0.00022375584,False
16918,-0.014470696,-0.080648094,False
16917,-0.15850377,0.05928886,False
16916,0.026508635,-0.031044742,False
16915,-0.13526031,-0.07148582,False
16914,-0.028386625,-0.0109236315,False
16920,0.010018312,-0.013865181,False
16895,0.013786924,-0.0031464456,False
16894,-0.0011130869,0.0076106787,False
16893,-0.054310024,0.031235754,False
16874,-0.024393212,-0.024393212,False
16873,-0.027162269,0.035677,False
16872,0.23630759,0.06932399,False
16871,-0.41240025,-0.10685027,False
16870,-0.11320922,-0.03357753,False
16869,-0.019524738,-0.004135072,False
16875,0.060245037,0.013544321,False
16868,-0.051473066,-0.015703559,False
16866,-0.15574825,-0.08708084,False
16865,0.05290869,-0.098100364,False
16864,0.19978613,0.0320279,False
16863,-0.31096363,-0.03447771,False
16862,-0.21122007,-0.032666087,False
16861,0.17310971,0.055812478,False
16867,0.011090219,0.094944954,False
16859,0.01465106,0.037811756,False
16876,-0.29681677,-0.064915836,False
16878,-0.115324765,0.007950664,False
16892,0.13348284,0.024448842,False
16891,-0.33423114,-0.036210537,False
16890,0.013527632,-0.059367865,False
16889,0.27024865,0.013740003,False
16888,0.4345606,0.05337155,False
16887,-0.00470827,-0.00470827,False
16877,-0.03509739,-0.06170377,False
16886,0.02317489,0.0,False
16884,-0.33869445,-0.0035985708,False
16883,0.0036307722,0.000992313,False
16882,0.04025232,-0.0036430107,False
16881,0.048606902,-0.09123692,False
16880,0.18345189,0.05013278,False
16879,0.065603256,0.054106355,False
16885,0.41726828,-0.07550573,False
17070,-0.07688829,-0.02380139,False
16503,0.10531783,0.037790954,False
16501,-0.22616151,-0.011483371,False
16112,0.023200274,-0.009967685,False
16113,-0.119284034,-0.07640961,False
16114,0.0,0.0,False
16115,-0.07955541,-0.06289746,False
16116,0.07312447,0.1548112,False
16117,0.0,0.0,False
16118,0.11538634,-0.032432705,False
16119,0.01994359,-0.0052017923,False
16120,0.0,3.536752e-05,False
16121,0.08625697,-0.038855903,False
16122,0.24809614,-0.035244584,False
16123,-0.017273322,-0.0055116415,False
16124,-0.12080399,-0.008493677,False
16125,-0.057671547,-0.007577494,False
16126,-0.06262493,-0.055576384,False
16127,0.1658859,0.0126541555,False
16128,0.010907173,-0.034839213,False
16142,-0.10799837,-0.06545234,False
16141,-0.005250834,-0.005250834,False
16140,0.05252908,-0.038950004,False
16139,-0.07161644,-0.035293065,False
16138,0.0,0.00015399094,False
16137,0.023562815,0.0,False
16111,0.08377969,0.04462403,False
16136,0.0,5.923412e-05,False
16134,-0.006380379,-0.05029428,False
16133,-0.15703082,0.0832572,False
16132,0.0,0.002482866,False
16131,-0.0048264484,-0.0048264484,False
16130,0.013799809,-0.017895736,False
16129,-0.03679381,-0.03679381,False
16135,0.008070714,-0.011305556,False
16110,-0.02406925,0.006635219,False
16109,-0.08404958,-0.13502347,False
16108,-0.19023061,0.046156883,False
16089,-0.013252161,-0.015893102,False
16088,-0.0045059593,-0.0045059593,False
16087,-0.018545188,-0.0026581269,False
16086,-0.17758512,-0.021814585,False
16085,-0.07487531,-0.033570327,False
16084,-0.005424544,-0.028322587,False
16090,-0.0052528754,-0.004704193,False
16083,-0.25601882,-0.13258159,False
16081,0.074573256,-0.018978333,False
16080,0.18116917,0.06098853,False
16079,0.083001256,0.048970222,False
16078,-0.080198854,-0.053394318,False
16077,0.02258878,0.0,False
16076,-0.0389798,0.019754797,False
16082,-0.15715757,-0.051721334,False
16143,0.0026542544,0.030445874,False
16091,-0.03222676,-0.0044669546,False
16093,0.016875194,-0.005325182,False
16107,-0.38346422,-0.22146475,False
16106,0.0122029,-0.014234744,False
16105,0.0,0.0005358356,False
16104,0.038580596,-0.0051348084,False
16103,-0.09427918,-0.027683884,False
16102,-0.08826688,0.0026883483,False
16092,0.02207598,0.019458711,False
16101,0.017804667,0.044828907,False
16099,0.28200817,0.010841966,False
16098,0.17097604,-0.012802154,False
16097,-0.0033912933,-0.0033912933,False
16096,0.7281716,-0.13346958,False
16095,0.11863619,-0.025091648,False
16094,-0.032947622,0.005845368,False
16100,0.005824968,0.023773521,False
16075,-0.15749551,-0.034618735,False
16144,0.058891684,0.019203097,False
16146,-0.031394374,-0.016057469,False
16183,-0.01950488,-0.01950488,False
16184,-0.0035210575,-0.0035210575,False
16186,-0.056516074,-0.07796393,False
16187,0.004229132,-0.03933995,False
16188,0.0069353934,-0.014112489,False
16190,-0.07973397,-0.039931357,False
16191,-0.037178315,-0.037178315,False
16192,0.0,0.0001430825,False
16193,0.020799624,-0.0028727632,False
16194,-0.026838146,0.004162796,False
16195,-0.016913816,0.029398434,False
16196,0.0319919,-0.1607151,False
16197,-0.0045428276,0.0032075644,False
16198,-0.2874484,-0.13799703,False
16199,0.011696398,0.009285212,False
16200,-0.04586488,-0.0028162599,False
16201,0.44447654,0.012014449,False
16215,-0.009417007,-0.008465137,False
16214,-0.088624164,-0.107467204,False
16213,0.0,0.0,False
16212,-0.07364279,-0.013294831,False
16211,-0.008539319,-0.004022032,False
16210,0.0,0.0,False
16182,-0.022617541,-0.0013962239,False
16209,0.0438447,0.02782476,False
16207,-0.9985461,-0.14027667,False
16206,0.0,0.0,False
16205,-0.09181702,0.02635032,False
16204,-0.021074915,0.016524866,False
16203,-0.023051724,0.02394212,False
16202,-0.18340349,-0.008496612,False
16208,-0.089850456,-0.044569552,False
16181,-0.107397854,-0.048432022,False
16180,0.19365,-0.08239913,False
16179,-0.34453392,-0.06048286,False
16160,-0.04240811,-0.054584503,False
16159,0.061690986,0.06187433,False
16158,0.020254076,-0.039726123,False
16157,-0.0051307185,-0.0043070796,False
16156,0.015429659,-0.008851778,False
16155,-0.033034503,-0.11952761,False
16161,-0.003730193,-0.003730193,False
16154,-0.06268718,0.007190883,False
16152,-0.32038754,-0.07244313,False
16151,-0.022103071,-0.03532225,False
16150,0.13871223,0.05119446,False
16149,-0.040386517,-0.005909346,False
16148,0.071971476,-0.009430617,False
16147,-0.05036491,0.013579547,False
16153,0.1901043,0.025610566,False
16145,0.17880526,-0.0046866536,False
16162,-0.048199087,-0.057248324,False
16164,0.023598462,-0.04805407,False
16178,0.06598702,0.022529513,False
16177,-0.020636376,-0.06338397,False
16176,0.0,0.0,False
16175,-0.07640177,-0.0148204565,False
16174,0.0,0.0,False
16173,0.027424254,-0.0065591736,False
16163,0.015470054,-0.04755007,False
16172,0.0,0.0,False
16170,-0.028139988,-0.028139988,False
16169,-0.012343049,-0.12078154,False
16168,-0.11980689,-0.028085366,False
16167,-0.10614937,0.035355672,False
16166,-0.018330745,-0.0010446981,False
16165,0.03667119,0.035302117,False
16171,-0.21513939,-0.05145669,False
16216,0.014014846,0.00069687515,False
16074,0.108908534,0.03883639,False
16072,-0.10248424,-0.037814572,False
15970,0.023360431,-0.016855836,False
15971,-0.04448483,-0.11259092,False
15972,0.1023134,0.0009306967,False
15973,-0.22247374,0.045190692,False
15974,0.16735148,-0.06296563,False
15975,-0.2524256,-0.03289622,False
15976,-0.320812,-0.1553514,False
15977,-0.15310383,0.112065256,False
15978,-0.0049733785,-0.0049733785,False
15979,-0.2534304,0.006815672,False
15980,-0.0037546754,-0.014443159,False
15981,-0.15512192,-0.034103036,False
15982,-0.07746017,-0.039856493,False
15983,0.012830779,0.038547203,False
15984,0.01837541,0.016553005,False
15985,-0.06804934,-2.7954578e-05,False
15986,0.18971348,-0.0021586418,False
16000,-0.14436954,-0.14062732,False
15999,0.83719945,-0.093396425,False
15998,0.0,0.00012146997,False
15997,-0.04069087,0.0039019212,False
15996,-0.16979751,-0.010834008,False
15995,0.05196318,0.06562066,False
15969,-0.082724065,-0.015315026,False
15994,0.10164025,0.02566751,False
15992,0.14963266,0.07217866,False
15991,0.0,0.0,False
15990,0.068160474,0.086360335,False
15989,-0.30607992,-0.052592218,False
15988,-0.11135578,-0.037527144,False
15987,-0.102902845,-0.025795132,False
15993,0.074408785,0.010909721,False
15968,-0.07681382,-0.11050522,False
15967,-0.08421648,0.02678509,False
15966,0.032051563,-0.017849108,False
15947,-0.0091175325,0.0016818382,False
15946,-0.010005947,-0.010005947,False
15945,-0.0013090298,-0.023255518,False
15944,0.0,0.0,False
15943,-0.04998219,-0.19128919,False
15942,-0.053024918,0.022726,False
15948,-0.046385407,-0.05049756,False
15941,-0.32327884,-0.07936132,False
15939,-0.13896838,0.07086396,False
15938,-0.27906007,0.0058986545,False
15937,0.037311297,-0.0032696417,False
15936,-0.03279722,0.009441674,False
15935,0.013718142,-0.0009974639,False
15934,-0.062370315,-0.056204,False
15940,-0.018873848,0.017998692,False
16001,-0.12332022,-0.08852041,False
15949,-0.10595316,0.027884305,False
15951,-0.17299485,0.07528269,False
15965,-0.028055098,-0.028339509,False
15964,0.062352315,0.01428856,False
15963,-0.20157704,-0.054245353,False
15962,-0.13453507,0.0053274035,False
15961,0.0,0.0,False
15960,0.0,0.00070424227,False
15950,-0.11135123,-0.023751639,False
15959,0.004686173,-0.019009998,False
15957,-0.4049189,-0.15825605,False
15956,0.14159161,0.015096605,False
15955,-0.09955692,-0.13840961,False
15954,-0.2516011,-0.15380871,False
15953,0.02391985,-0.026965559,False
15952,-0.13993418,0.12686288,False
15958,0.07050276,-0.107310295,False
16073,-0.6151464,-0.09979665,False
16002,0.15384102,-0.022193432,False
16004,0.11058554,0.0006376505,False
16041,-0.003642188,-0.0031167585,False
16042,0.010318868,-0.0065560658,False
16043,-0.05726006,-0.022105888,False
16044,-0.040887937,-0.0079429895,False
16045,0.00564602,-0.029658258,False
16046,0.04046966,0.020301692,False
16047,0.040534973,-0.010612249,False
16048,-0.035752535,0.1274795,False
16049,-0.14376926,0.047443077,False
16050,-0.01374241,0.0066050217,False
16051,0.0266186,-0.013988435,False
16052,-0.023757648,-0.023757648,False
16053,0.003873974,0.008170571,False
16054,-0.02688305,0.0112167895,False
16055,0.1131352,0.017347187,False
16056,-0.09491015,-0.011465833,False
16057,0.09613107,0.078013465,False
16071,-0.36126488,-0.06062156,False
16070,0.002952218,-0.021111837,False
16069,0.10505855,-0.086349785,False
16068,-0.024689384,0.0038622431,False
16067,-0.009670802,-0.008419282,False
16066,-0.003413568,-0.003413568,False
16040,-0.036944352,-0.016162645,False
16065,0.043821514,0.005328387,False
16063,-0.14817014,0.042370528,False
16062,-0.0071037225,-0.06914488,False
16061,-0.07941005,-0.035979763,False
16060,-0.070851445,-0.0006322861,False
16059,-0.033745676,-0.011623904,False
16058,0.018920839,-0.02184327,False
16064,-0.045680873,-0.068098575,False
16039,0.042718172,-0.002800107,False
16038,-0.034577236,-0.034577236,False
16037,0.11691925,0.013186216,False
16018,0.004428178,-0.032096058,False
16017,-0.030348878,-0.086637266,False
16016,0.088706374,-0.17705691,False
16015,0.0,0.00026451764,False
16014,-0.038912505,-0.026797913,False
16013,-0.38672096,-0.059663355,False
16019,-0.16980195,-0.0007815361,False
16012,0.07345617,-0.05393839,False
16010,0.008277819,-0.0009328723,False
16009,0.0125386715,-0.070197344,False
16008,0.0,0.0,False
16007,-0.021021167,-0.0023339596,False
16006,-0.31888008,-0.07507914,False
16005,-0.025673628,-0.008772135,False
16011,-0.048719525,0.027794778,False
16003,-0.13371149,-0.08901286,False
16020,0.10563409,0.054588318,False
16022,-0.006560549,-0.004598394,False
16036,-0.22583237,0.042129338,False
16035,-0.04651797,0.061591268,False
16034,-0.26912987,-0.1325295,False
16033,-0.030613836,0.016739719,False
16032,0.012820748,0.014438593,False
16031,-0.019974858,-0.012613356,False
16021,0.005420327,-0.062827066,False
16030,-0.042238772,-0.059491575,False
16028,-0.24259508,-0.14419425,False
16027,0.019104332,0.02098465,False
16026,-0.005547842,-0.005547842,False
16025,0.21915948,-0.0735327,False
16024,-0.12218499,-0.2611283,False
16023,-0.010152049,-0.010070799,False
16029,-0.049147084,0.04726097,False
16502,0.085544944,-0.018456101,False
16217,-0.29582548,0.0707525,False
16219,-0.2986853,-0.2104044,False
16399,-0.085391365,-0.066025026,False
16400,-0.29822028,0.0450083,False
16401,-0.003993511,-0.023127198,False
16402,-0.06846863,-0.026714712,False
16403,-0.0038707405,-0.065145746,False
16404,0.04021827,-0.02834215,False
16405,0.0,0.0,False
16406,0.0,0.0,False
16407,-0.0036848104,-0.0036848104,False
16408,0.0,0.0,False
16409,0.0,0.0,False
16410,0.0,0.0,False
16411,0.0,0.0,False
16412,0.0,0.0009546872,False
16413,-0.0044606337,-0.003773144,False
16414,0.0,0.0,False
16415,0.0,0.001494653,False
16429,0.0,0.0,False
16428,0.0,0.0,False
16427,0.0,0.0,False
16426,0.0,0.0,False
16425,0.0,0.0,False
16424,0.0,0.0,False
16398,-0.3942026,-0.07882333,False
16423,0.0,0.0015778628,False
16421,0.0,0.0,False
16420,0.0,0.0,False
16419,0.0,0.0,False
16418,0.0,0.0,False
16417,0.0,0.0,False
16416,-0.00403199,-0.0029833014,False
16422,0.0,0.0,False
16397,-0.04536581,-0.043468595,False
16396,-0.13899934,-0.16883802,False
16395,-0.14678234,-0.02218467,False
16376,-0.10615504,-0.15954876,False
16375,-0.32756388,0.017543674,False
16374,0.24481821,-0.23755145,False
16373,0.0034065843,0.05020529,False
16372,0.009474218,-0.010424569,False
16371,0.05606346,0.019873723,False
16377,-0.0075745434,0.0033703297,False
16370,-0.29992872,-0.12197226,False
16368,-0.13597482,-0.061711192,False
16367,-0.019606233,-0.042014837,False
16366,-0.35683703,0.07017493,False
16365,-0.06126733,0.0047772825,False
16364,0.28783816,-0.016819954,False
16363,-0.2933693,-0.035727978,False
16369,-0.09689988,0.012218535,False
16430,-0.009131922,-0.0074902927,False
16378,0.0722139,0.019358084,False
16380,-0.03495883,-0.03495883,False
16394,-0.13695687,-0.009643197,False
16393,-0.04255259,0.04388538,False
16392,-0.024959238,-0.024959238,False
16391,0.1589486,0.044935584,False
16390,0.04976034,-0.044780433,False
16389,0.090750575,-0.12138367,False
16379,-0.48133153,-0.050996065,False
16388,-0.3306272,-0.12292194,False
16386,-0.27050555,0.014447689,False
16385,-0.07404703,-0.121586666,False
16384,-0.023334224,-0.0015425533,False
16383,0.0050845146,-0.1141479,False
16382,0.052136123,-0.026244283,False
16381,0.03806168,-0.025633425,False
16387,0.17496893,-0.0141402185,False
16362,0.008453846,-0.12119436,False
16431,0.0,0.0,False
16433,0.0,0.0016496861,False
16470,-0.0050290436,-0.0050290436,False
16471,-0.10429338,-0.22006515,False
16472,-0.022052845,-0.026676644,False
16473,-0.002761662,0.009838209,False
16474,0.013141494,0.0062424485,False
16475,0.024974799,0.003779931,False
16476,0.0,0.0025696412,False
16477,0.0,0.0,False
16478,-0.02422751,-0.020771876,False
16479,0.0,0.0,False
16480,0.013939012,-0.0077922437,False
16481,0.0,0.0,False
16482,0.0,0.0,False
16483,0.0,0.0,False
16484,0.0,0.0,False
16485,0.123009205,-0.03151208,False
16486,0.026945174,-0.0241002,False
16500,-0.05451268,-0.06739187,False
16499,-0.09583469,-0.042882025,False
16498,0.17172122,0.10136327,False
16497,-0.72096634,-0.28440595,False
16496,-0.32683814,-0.078649044,False
16495,0.078412056,-0.012926385,False
16469,-0.0052389684,-0.0040842392,False
16494,-0.003376223,-0.003376223,False
16492,-0.05961638,0.008954883,False
16491,-0.010666609,0.032311946,False
16490,-0.13384068,-0.0838213,False
16489,0.087825,0.029030353,False
16488,0.03053242,-0.0077219456,False
16487,-0.10280615,-0.00084355474,False
16493,0.05537329,0.0095734205,False
16468,-0.013123098,-0.012803059,False
16467,0.0,0.0020924956,False
16466,0.0,0.0,False
16447,0.0,0.0,False
16446,0.018843042,0.0,False
16445,0.0,0.0,False
16444,-0.0039994186,-0.0039994186,False
16443,0.59728265,-0.098284006,False
16442,0.05698988,0.07032195,False
16448,0.0,0.0,False
16441,0.0,0.00042534,False
16439,0.0,0.0,False
16438,-0.004047248,-0.004047248,False
16437,-0.0032744692,-0.0032744692,False
16436,0.0,0.0,False
16435,0.0,0.0010128529,False
16434,0.0,0.0,False
16440,0.0,0.0,False
16432,0.0,0.0007390664,False
16449,0.0,0.0,False
16451,0.0,0.0,False
16465,-0.0031575486,0.06129904,False
16464,0.031072106,0.018283933,False
16463,0.0,0.0,False
16462,-0.00378165,-0.00378165,False
16461,0.017659426,0.0,False
16460,0.0,0.0,False
16450,0.0,0.0,False
16459,0.0128831435,-0.0047762827,False
16457,0.0,0.0,False
16456,0.0,0.0,False
16455,0.014447644,-0.008950606,False
16454,0.0,0.0,False
16453,0.0,0.0,False
16452,0.019635808,-0.011533926,False
16458,0.0,0.0,False
16218,0.26739335,-0.08549428,False
16361,-0.012485934,0.0061549656,False
16359,-0.010828435,-0.100938834,False
16256,-0.0032744692,-0.0032744692,False
16257,-0.03821996,0.0067551434,False
16258,-0.0847429,-0.02420783,False
16259,0.0062353164,-0.021826848,False
16260,0.107061744,-0.14177144,False
16261,-0.14013958,-0.06572294,False
16262,0.007803142,0.047228992,False
16263,-0.048376694,-0.024921104,False
16264,0.014365702,-0.008476364,False
16265,-0.0048796716,-0.0048796716,False
16266,0.052499413,0.004389122,False
16267,-0.004513249,-0.004513249,False
16268,-0.118837684,-0.022750616,False
16269,-0.018540014,-0.00022230297,False
16270,-0.15959379,-0.042840898,False
16271,-0.16336657,-0.035330623,False
16272,0.049043536,0.0022381544,False
16286,-0.09559059,-0.06880474,False
16285,-0.39454582,-0.11453807,False
16284,-0.021101853,-0.010571651,False
16283,-0.15076691,-0.0030285716,False
16282,0.035517544,0.034216404,False
16281,-0.426574,-0.11065364,False
16255,0.055137455,0.021992147,False
16280,0.014158063,0.0013126452,False
16278,0.11508782,0.02823459,False
16277,0.012765623,-0.00971165,False
16276,-0.05241421,0.024446249,False
16275,-0.016654644,-0.0051175803,False
16274,-0.25095576,-0.04498747,False
16273,-0.003642188,-0.0018831254,False
16279,0.3510902,0.05467558,False
16254,-0.0046034134,-0.0046034134,False
16253,0.017123915,-0.0038589654,False
16252,-0.027556159,-0.04694435,False
16233,0.22505099,0.06435758,False
16232,-0.008387524,-0.00836177,False
16231,-0.01887256,-0.057071924,False
16230,-0.6164439,-0.23234963,False
16229,0.00622953,-0.010084826,False
16228,-0.014143677,-0.014143677,False
16234,0.0,0.015021646,False
16227,-0.00035984814,-0.014412429,False
16225,-0.004992648,-0.004992648,False
16224,0.0701552,0.05022925,False
16223,-0.0049029253,-0.003436191,False
16222,-0.009490192,0.014474489,False
16221,-0.1859923,0.095689,False
16220,0.16750583,0.002598226,False
16226,0.016073637,-0.0493917,False
16287,-0.25443074,0.0063681006,False
16235,-0.01435714,-0.01406436,False
16237,-0.028297113,-0.028297113,False
16251,-0.028733144,-0.049389545,False
16250,0.01267158,-0.004987846,False
16249,-0.016255125,-0.15993536,False
16248,-0.06228602,0.11282539,False
16247,-0.027741326,-0.027741326,False
16246,-0.14749078,2.5629997e-06,False
16236,-0.008674357,-0.028767556,False
16245,-0.013117126,-0.013117126,False
16243,-0.0098868515,-0.027572159,False
16242,0.031978257,-0.005583454,False
16241,-0.19146371,-0.0077778697,False
16240,-0.2940814,-0.14867616,False
16239,0.0026947781,-0.008626722,False
16238,-0.017891478,-0.039576236,False
16244,0.0916377,0.021617055,False
16360,-0.15262121,-0.087424695,False
16288,0.07963194,-0.071284905,False
16290,0.2628901,-0.14703746,False
16327,0.028240621,-0.027604342,False
16328,0.08326222,-0.027563462,False
16330,0.012965405,-0.01059741,False
16331,-0.086402655,-0.0002696216,False
16332,0.039293572,-0.008403301,False
16333,0.025252571,-0.019524423,False
16334,-0.67323375,-0.06411171,False
16335,-0.009136111,-0.009136111,False
16336,-0.005090565,-0.005090565,False
16337,-0.009298861,0.014576271,False
16338,-0.34678996,-0.1711508,False
16339,-0.02219233,-0.02979879,False
16340,0.21789455,0.07489431,False
16341,0.07484037,0.03603065,False
16342,0.0,0.0,False
16343,-0.4834776,-0.13780546,False
16344,0.096732005,0.022471711,False
16358,-0.05141402,-0.0061148256,False
16357,0.0026137084,-0.01928193,False
16356,0.060554028,0.04394129,False
16355,0.14690971,-0.008687019,False
16354,0.006036639,0.0068811476,False
16353,-0.032619223,-0.020819,False
16326,0.066727936,0.086215496,False
16352,-0.0049313186,-0.0043472834,False
16350,-0.026091643,0.022250831,False
16349,-0.015238907,-0.0376147,False
16348,-0.044949174,-0.09247172,False
16347,0.16530505,0.016189992,False
16346,0.0,0.0,False
16345,0.006053013,-0.009581171,False
16351,0.0,0.0,False
16325,0.06738031,0.060106933,False
16324,-0.023536915,-0.023536915,False
16323,-0.50874865,-0.27367735,False
16304,-0.015479233,-0.03671047,False
16303,0.03676629,0.01566948,False
16302,-0.003806293,-0.01050204,False
16301,-0.031763524,0.007909179,False
16300,-0.11153577,-0.004566446,False
16299,-0.091064095,-0.075451255,False
16305,-0.012147835,-0.012147835,False
16298,0.03797251,-0.0021381974,False
16296,-0.047214508,0.015924573,False
16295,-0.2865152,-0.094943166,False
16294,0.0072052404,0.017957568,False
16293,-0.0042770654,0.016639516,False
16292,-0.03301537,-0.14251328,False
16291,-0.008918384,0.012492385,False
16297,-0.056856632,0.039625823,False
16289,-0.28135538,-0.20655394,False
16306,-0.14377165,-0.020231605,False
16308,-0.15756845,0.044349372,False
16322,-0.038659424,0.005597681,False
16321,0.037269652,-0.03618297,False
16320,0.0,0.0007347726,False
16319,0.0077153593,-0.014173076,False
16318,-0.0012268629,-0.024203159,False
16317,-0.1942938,0.015456319,False
16307,0.0,0.0,False
16316,-0.12849367,-0.006062269,False
16314,-0.035048187,-0.13571697,False
16313,-0.032450207,-0.013394389,False
16312,0.050382942,0.0831593,False
16311,-0.30147105,-0.022476733,False
16310,-0.09454933,-0.07281399,False
16309,-0.16310374,0.034356177,False
16315,0.011544265,0.009437153,False
17071,-0.011705279,-0.030611396,False
17072,-0.048326526,-0.018274236,False
17073,0.046220798,0.01941495,False
17821,0.031335343,0.023365185,False
17822,-0.101814926,0.036917925,False
17823,0.033966407,0.016561314,False
17824,-0.038185317,-0.060715664,False
17825,-0.10673165,-0.0679591,False
17826,-0.042053625,-0.01959014,False
17827,-0.10026364,-0.07231802,False
17828,-0.014226064,-0.014383994,False
17829,0.096812844,0.019196153,False
17830,-0.10294196,-0.038529024,False
17831,-0.018291144,-0.018291144,False
17832,0.0015424937,-0.022692323,False
17833,-0.038661823,-0.032217897,False
17834,-0.06941651,-0.13983712,False
17835,0.0038838238,0.0277085,False
17836,0.016949505,0.06293139,False
17837,0.008704365,-0.013403532,False
17851,0.01563096,-0.055371404,False
17850,-0.02798934,-0.0029696897,False
17849,0.005692549,-0.025923587,False
17848,-0.007046478,0.006258743,False
17847,-0.10799265,-0.11380023,False
17846,-0.004064597,-0.04797285,False
17820,-0.078142464,0.030369878,False
17845,0.008901238,0.006997034,False
17843,-0.32408154,-0.21042037,False
17842,-0.19204256,-0.10099316,False
17841,-0.059388638,0.06517738,False
17840,-0.33093905,-0.11482924,False
17839,0.0,0.0,False
17838,0.0054321587,0.041200653,False
17844,-0.1903243,-0.009884298,False
17819,0.05806738,-0.016823769,False
17818,0.014562555,-0.029836264,False
17817,-0.004793924,-0.004793924,False
17798,0.01851207,0.043607667,False
17797,0.03772144,0.041051358,False
17796,0.0094120875,-0.10296115,False
17795,0.040929433,-0.048404623,False
17794,-0.051110238,0.0052352846,False
17793,-0.05243194,-0.03420055,False
17799,-0.0036716014,0.018411264,False
17792,-0.18051922,-0.006358385,False
17790,0.0026153773,-0.0142674595,False
17789,-0.011995703,-0.017205104,False
17788,0.008483422,-0.013875551,False
17787,-0.04160446,-0.037090033,False
17786,0.03035152,0.047511518,False
17785,-0.3146868,0.024995327,False
17791,0.041982166,-0.0609174,False
17852,-0.054509073,-0.090304255,False
17800,-0.124980755,-0.012663022,False
17802,-0.0046501895,-0.0046501895,False
17816,-0.056158945,-0.018451162,False
17815,-0.052839115,0.047858894,False
17814,0.15685326,-0.02039212,False
17813,-0.06214179,0.0059664994,False
17812,0.23491395,-0.047785044,False
17811,0.05569893,0.02877754,False
17801,-0.0011070669,-0.0226399,False
17810,-0.039754465,-0.039754465,False
17808,0.0,0.0,False
17807,0.012000468,0.04457362,False
17806,-0.11294064,-0.0545101,False
17805,-0.03352517,-0.10161276,False
17804,0.058005944,0.025740132,False
17803,0.19306366,0.018974304,False
17809,0.0,0.0,False
17784,-0.11326292,-0.053394467,False
17853,-0.008086778,-0.07462232,False
17855,-0.031842988,-0.01179954,False
17893,-0.0896239,-0.041218624,False
17894,-0.21243924,-0.15528798,False
17895,0.018647075,-0.021992028,False
17896,-0.045003906,-0.010053299,False
17897,-0.096868195,-0.038618095,False
17898,0.086917564,-0.020167366,False
17899,-0.12386126,-0.015331328,False
17900,0.07139799,0.015873805,False
17901,0.10026318,-0.060546875,False
17902,-0.00073352456,-0.085359216,False
17903,-0.089699954,-0.06628524,False
17904,-0.050004363,-0.07330114,False
17905,-0.055240452,-0.016394794,False
17906,0.04269561,-0.04366882,False
17907,0.027208589,0.02274596,False
17908,-0.054080427,-0.053580284,False
17909,-0.12231323,-0.041179627,False
17923,-0.0020141304,0.0013600588,False
17922,0.098899156,-0.019965947,False
17921,0.04512936,-0.012783602,False
17920,-0.034065574,0.016178668,False
17919,-0.039441116,-0.061543196,False
17918,-0.030762747,-0.015098587,False
17892,-0.058044374,-0.05729142,False
17917,-0.07917133,0.032249212,False
17915,-0.09549596,0.06407477,False
17914,0.105452955,0.036924794,False
17913,-0.2906651,-0.08087346,False
17912,-0.08708811,-0.0015351325,False
17911,0.11300349,-0.037633196,False
17910,0.07284902,0.035750136,False
17916,0.004954256,-0.11467176,False
17891,0.16304278,-0.042069316,False
17890,0.0,0.0,False
17889,0.0,0.00012225234,False
17869,-0.012014305,-0.03230314,False
17868,0.09082119,-0.004249394,False
17867,-0.033778273,-0.031982213,False
17866,0.0,0.0,False
17865,-0.024836957,0.029628694,False
17864,0.017718479,-0.0003663376,False
17870,-0.05128176,-0.018092692,False
17863,-0.08660072,-0.028248966,False
17861,-0.002284363,-0.071497224,False
17860,0.013026506,-0.02298328,False
17859,-0.062408827,-0.0491589,False
17858,0.024240762,-0.006553352,False
17857,0.11532457,0.052163526,False
17856,0.038363226,0.006313136,False
17862,0.06043023,-0.021083653,False
17854,0.0884631,-0.011208236,False
17871,-0.014096171,-0.038981292,False
17873,-0.0074708164,-0.07506825,False
17888,-0.041815467,-0.13723268,False
17887,0.03064207,-0.10250761,False
17886,-0.04139377,0.0018992275,False
17885,-0.024595728,-0.024595728,False
17884,0.08400207,0.024422385,False
17883,-0.20215267,-0.06319898,False
17872,0.022185266,-0.019361407,False
17882,0.007597115,-0.033548195,False
17880,-0.023953933,0.014218383,False
17879,0.0018120557,0.020779647,False
17878,-0.014926791,0.0069248974,False
17876,-0.098923236,-0.14347932,False
17875,0.03491947,-0.023077855,False
17874,-0.19426733,-0.011519432,False
17881,0.0,0.0,False
17924,0.14839475,-0.004456058,False
17783,-0.09121138,-0.15156108,False
17781,-0.01751031,-0.035012707,False
17679,-0.2192738,-0.05286634,False
17680,-0.028975418,0.012937643,False
17681,0.06640689,0.054872856,False
17682,-0.09755168,-0.025509953,False
17683,0.031104133,0.011289731,False
17684,-0.04494925,-0.048872262,False
17685,0.034113467,-0.006008692,False
17686,0.011292607,0.034058362,False
17687,0.0896852,0.0776048,False
17688,0.023561701,0.0030203909,False
17689,-0.1266006,-0.03738743,False
17690,-0.020149158,-0.019492012,False
17691,-0.07925599,0.0268168,False
17692,0.005974114,0.009718113,False
17693,-0.008105844,-0.008105844,False
17694,0.040153205,-0.013453215,False
17695,-0.124539435,-0.05631177,False
17709,-0.21171033,-0.121605754,False
17708,-0.004155696,-0.004155696,False
17707,0.08874594,-0.18065856,False
17706,0.061508764,0.020314407,False
17705,0.07797517,-0.02128362,False
17704,-0.07278911,-0.15382218,False
17678,-0.10973811,-0.1367803,False
17703,-0.093221724,-0.027806357,False
17701,-0.0049688914,-0.004651298,False
17700,0.0018966533,-0.039328374,False
17699,0.00061351806,-0.06728962,False
17698,-0.07629076,-0.056648925,False
17697,0.019544117,-0.019081894,False
17696,0.011688955,-0.020238925,False
17702,0.08742285,-0.020138025,False
17677,-0.005431177,0.040725656,False
17676,-0.014534965,0.016795784,False
17675,-0.20454323,0.039755106,False
17656,-0.024093706,-0.049120408,False
17655,0.12032771,-0.10088265,False
17654,-0.23303974,-0.07682979,False
17653,-0.0036221,-0.0036221,False
17652,0.075479746,-0.0015615225,False
17651,-0.01660049,-0.031784713,False
17657,0.00093123317,0.02693054,False
17650,0.021287702,-0.006325431,False
17648,0.17019498,0.021682292,False
17647,0.012337683,-0.009014481,False
17646,0.0,0.0,False
17645,0.29258308,0.03904456,False
17644,-0.029737843,-0.029737843,False
17643,-0.050991714,-0.073768586,False
17649,-0.21828586,-0.0804432,False
17710,0.04470455,-0.005140826,False
17658,-0.05731994,-0.060924917,False
17660,0.013253033,0.013234735,False
17674,0.047596455,-0.088852644,False
17673,-0.108542204,0.057902336,False
17672,-0.0068929344,-0.019911714,False
17671,-0.16154033,-0.021171391,False
17670,0.09218648,0.04724005,False
17669,-0.008426651,-0.009473756,False
17659,-0.059255898,-0.010762066,False
17668,-0.0024256706,-0.06958258,False
17666,0.09685254,0.003821671,False
17665,-0.022423431,-0.011237726,False
17664,-0.081314385,-0.053285837,False
17663,-0.05431784,-0.071977265,False
17662,-0.031488825,-0.031488825,False
17661,0.11852884,-0.050671577,False
17667,0.0,0.0,False
17782,0.006949283,-0.07754853,False
17711,-0.083070636,-0.01638472,False
17713,0.016257443,0.038478598,False
17750,0.017410725,0.052164912,False
17751,-0.1276423,0.015079439,False
17752,0.05217737,-0.076268315,False
17753,0.016621724,0.0011418909,False
17754,-0.10233714,-0.016633332,False
17755,-0.019126043,-0.1307597,False
17756,0.08593333,0.025189102,False
17757,0.017047644,-0.03774178,False
17758,0.058602586,0.014687773,False
17759,-0.018127732,0.036054134,False
17760,0.004839178,0.012573514,False
17761,-0.024143983,-0.04789918,False
17762,0.03896353,-0.045923192,False
17763,-0.0149027705,-0.0149027705,False
17764,-0.0819365,-0.021483012,False
17765,-0.7807528,-0.20082808,False
17766,-0.38376242,-0.111557305,False
17780,-0.2785356,-0.056122243,False
17779,0.008573577,-0.060315996,False
17778,0.03571543,-0.009313867,False
17777,0.15019661,0.028488934,False
17776,-0.015381079,-0.010428298,False
17775,-0.17133585,0.026840627,False
17749,0.3606544,0.083898365,False
17774,0.10109298,-0.024362639,False
17772,0.0,0.0,False
17771,-0.05591583,0.016028006,False
17770,-0.15681505,-0.1370889,False
17769,0.022719294,-0.066610254,False
17768,0.061955392,0.011783458,False
17767,-0.017191514,-0.05525379,False
17773,-0.0012205988,-0.013071537,False
17748,-0.07577941,-0.4076479,False
17747,0.14840013,0.10332292,False
17746,0.026406243,-0.003552407,False
17727,-0.035732236,-0.055825435,False
17726,-0.02025491,-0.00263308,False
17725,-0.070372775,-0.009353057,False
17724,0.052651152,0.027164817,False
17723,-0.01391123,-0.01391123,False
17722,-0.044923365,-0.0060367435,False
17728,-0.011013802,-0.03269856,False
17721,-0.010842383,-0.017530963,False
17719,-0.050539345,-0.050539345,False
17718,-0.09602547,-0.037314177,False
17717,-0.14193499,0.0111781955,False
17716,-0.004603058,-0.033584222,False
17715,-0.1531285,-0.064154506,False
17714,-0.10253157,-0.10253157,False
17720,-0.021706948,-0.021706948,False
17712,0.012757506,-0.036640882,False
17729,-0.2221191,-0.1998297,False
17731,-0.036126345,-0.03132081,False
17745,-0.34820735,-0.11844289,False
17744,-0.16561012,-0.10830872,False
17743,0.056598008,0.0668214,False
17742,-0.11681327,-0.035693914,False
17741,-0.08182269,-0.002449572,False
17740,-0.016722381,0.06659922,False
17730,0.11632186,0.037196547,False
17739,0.04235916,-0.057568103,False
17737,0.21316525,-0.007389933,False
17736,0.098724246,0.022640705,False
17735,-0.025567772,-0.025567772,False
17734,0.033478588,-0.048212186,False
17733,-0.038759537,-0.058460526,False
17732,0.05033116,0.02877146,False
17738,-0.0026008487,-0.016769148,False
17642,0.007522166,0.046758473,False
17925,-0.030879777,-0.055010688,False
17927,0.013300921,-0.008966309,False
18107,-0.096395776,-0.00315696,False
18108,-0.050371576,0.0048875585,False
18109,-0.004793778,-0.015601218,False
18110,0.062373333,0.016342245,False
18111,-0.008506137,-0.005356023,False
18112,0.22336197,-0.025009155,False
18113,0.012764506,-0.00078550726,False
18114,-0.0056693554,-0.015950374,False
18115,0.009308398,-0.035069972,False
18116,0.024392124,0.009844691,False
18117,0.011528067,0.025366195,False
18118,0.090776,0.044644058,False
18119,0.08079599,0.028769564,False
18120,-0.0055707246,0.01646939,False
18121,0.15507236,-0.022653759,False
18122,0.020342464,-0.0248313,False
18123,0.030710459,0.0028705746,False
18137,-0.122475475,-0.02023065,False
18136,-0.07446465,-0.060950935,False
18135,-0.004934801,-0.004934801,False
18134,-0.005134411,0.030454196,False
18133,-0.019557774,0.11458421,False
18132,-0.033472374,-0.011914939,False
18106,-0.014237653,-0.01176057,False
18131,-0.020394228,-0.109923474,False
18129,-0.040177,0.0061187595,False
18128,-0.025116645,0.013325855,False
18127,0.24445152,0.023830056,False
18126,-0.11238974,-0.13735443,False
18125,0.00091283023,-0.19863331,False
18124,-0.07028247,-0.005513847,False
18130,-0.034767777,-0.062116012,False
18105,-0.32366014,-0.10110724,False
18104,-0.019833744,-0.05636531,False
18103,-0.05903338,0.0055900216,False
18084,-0.007941,-0.095234044,False
18083,-0.028156407,0.0018643141,False
18082,-0.16722178,0.026265562,False
18081,-0.021462593,0.020975836,False
18080,0.014540479,-0.020954758,False
18079,0.15941778,-0.014356181,False
18085,-0.070128,-0.048520193,False
18078,-0.17857748,0.0877499,False
18076,-0.017843366,-0.02421397,False
18075,0.062040377,-0.02941503,False
18074,-0.009479865,0.034806132,False
18073,-0.010871738,-0.037280634,False
18072,0.06867348,-0.0047518164,False
18071,-0.21827793,-0.17710376,False
18077,0.00062534213,-0.009450346,False
18138,-0.085041195,-0.0095985085,False
18086,0.0,0.0,False
18088,0.01611939,-0.0133892745,False
18102,-0.005263839,0.008527553,False
18101,-0.0064557344,0.0079823285,False
18100,0.0,0.0,False
18099,0.08202964,-0.010996163,False
18098,0.121436596,0.04382752,False
18097,-0.044051632,-0.029362187,False
18087,0.047884256,0.044574127,False
18096,-0.045341793,-0.03285549,False
18094,-0.06899369,-0.003570564,False
18093,0.023388386,-0.0031522736,False
18092,0.07019523,-0.0009457767,False
18091,0.15456392,0.04712619,False
18090,-0.0106751025,-0.095686294,False
18089,-0.072982386,-0.019312494,False
18095,-0.06943847,0.0005828813,False
18070,0.0269612,-0.041847356,False
18139,-0.019970864,-0.05418372,False
18141,0.10773203,-0.052894056,False
18178,0.13265425,0.003081143,False
18179,0.0338791,-0.04937023,False
18180,0.036176547,0.03138934,False
18181,-0.0047287676,0.012581753,False
18182,0.07857226,-0.016218804,False
18183,0.025348712,-0.00037959218,False
18184,0.0,0.0,False
18185,-0.0951409,-0.030155092,False
18186,-0.017522573,0.0004963279,False
18187,-0.064408764,-0.05546847,False
18188,-0.09375355,0.014555842,False
18189,0.0029993225,-0.02011042,False
18190,-0.06012857,0.0118665695,False
18191,-0.01748389,0.028753426,False
18192,0.00034473836,0.005996287,False
18193,0.01741752,-0.008039661,False
18194,-0.01900167,-0.016783074,False
18208,0.035123616,-0.0667181,False
18207,0.011441752,0.043372244,False
18206,0.10489973,0.020771563,False
18205,-0.05757016,-0.031146772,False
18204,-0.022224938,-0.022224938,False
18203,-0.07811638,-0.027355567,False
18177,-0.059086293,-0.101013035,False
18202,-0.13242783,-0.027930692,False
18200,0.05754757,0.0077773035,False
18199,0.028919667,0.024852365,False
18198,0.16282994,0.1523537,False
18197,0.03654556,0.030502155,False
18196,0.0134563735,-0.0099956235,False
18195,0.018341554,-0.009128699,False
18201,-0.16202146,-0.009994566,False
18176,0.036185145,-0.044322737,False
18175,-0.041834176,0.05292636,False
18174,-0.07951855,-0.059351258,False
18155,0.66717136,-0.102822065,False
18154,0.14837563,-0.12272465,False
18153,-0.029953627,-0.029953627,False
18152,-0.008633606,-0.07613646,False
18151,-0.095585704,-0.022299439,False
18150,0.0,0.0,False
18156,0.09576361,-0.052807763,False
18149,0.083364956,-0.0022685826,False
18147,-0.044449065,-0.009520419,False
18146,-0.023783578,-0.023783578,False
18145,0.07284051,0.00027751178,False
18144,-0.020439032,0.0018748231,False
18143,0.1599366,-0.31220654,False
18142,0.07303576,0.022677865,False
18148,0.039730847,-0.016415238,False
18140,-0.018751973,-0.04283033,False
18157,-0.06089759,-0.008256972,False
18159,-0.15282214,-0.031672165,False
18173,-0.028354954,-0.050920445,False
18172,-0.0093034385,-0.0093034385,False
18171,-0.09904218,-0.06916165,False
18170,-0.043239594,-0.020246565,False
18169,-0.10222125,0.059043467,False
18168,0.008910138,-0.003933456,False
18158,-0.13284338,-0.13759542,False
18167,-0.0051550153,-0.0051550153,False
18165,-0.15185475,-0.03698826,False
18164,-0.012091856,-0.02296591,False
18163,-0.07589075,0.024180353,False
18162,-0.3979032,-0.19605517,False
18161,-0.061940193,0.09163338,False
18160,-0.043646216,0.15225899,False
18166,-0.0043765544,-0.0043765544,False
17926,-0.002899021,-0.0033762231,False
18069,-0.021201923,0.0010962933,False
18067,-0.05619484,0.01932621,False
17964,-0.05230005,-0.01303944,False
17965,-0.08921805,-0.03139627,False
17966,-0.2832594,-0.06706101,False
17967,0.110208586,0.026425272,False
17968,-0.1042719,-0.066824466,False
17969,-0.06043034,-0.05013617,False
17970,0.001158759,-0.026178103,False
17971,-0.0046980977,-0.11151591,False
17972,0.06880796,0.011492878,False
17973,0.028918475,-0.0013838112,False
17974,0.07657865,0.0031671822,False
17975,-0.039571524,-0.005989909,False
17976,0.023886912,0.001841072,False
17977,-0.044067033,-0.16875915,False
17978,-0.03830993,-0.008959755,False
17979,0.061865248,0.008049205,False
17980,-0.09415354,0.039873213,False
17995,0.059086736,0.025047231,False
17994,-0.014774058,0.00012809038,False
17993,0.051521502,0.03536365,False
17992,-0.04144889,-0.03934902,False
17991,0.05415316,0.025088012,False
17990,0.0938237,0.010964513,False
17963,-0.018788382,0.045421556,False
17989,-0.08539784,-0.05398667,False
17987,0.13225934,-0.007876568,False
17985,0.0039741956,0.029739475,False
17984,-0.0422317,-0.022217073,False
17983,0.059745006,0.042740546,False
17982,-0.0943589,-0.034250557,False
17981,0.049965195,-0.0034769997,False
17988,-0.053980827,-0.04299669,False
17962,-0.057241887,-0.018550575,False
17961,-0.14590085,0.025582328,False
17960,-0.010216609,0.027729198,False
17941,-0.040325686,-0.010945655,False
17940,-0.04658775,-0.04284914,False
17939,0.1568739,0.059184954,False
17938,0.12989384,0.024424672,False
17937,-0.13528234,-0.0120637715,False
17936,0.04247022,-0.047505695,False
17942,-0.109060414,-0.041507736,False
17935,-0.012407348,0.008415028,False
17933,0.03455484,0.06276286,False
17932,-0.0046352446,-0.07483731,False
17931,0.0723096,0.052108333,False
17930,-0.09465547,0.05577311,False
17929,0.014046773,0.00896661,False
17928,-0.103801414,-0.025987715,False
17934,0.051520035,0.019747198,False
17996,-0.0313306,-0.0313306,False
17943,-0.016576454,-0.024830014,False
17945,0.07358417,-0.033860162,False
17959,0.052398726,0.016567856,False
17958,0.012368128,-0.010748379,False
17957,-0.12619618,-0.022494555,False
17956,-0.01709278,0.034588486,False
17955,-0.03152682,-0.0011104941,False
17954,0.054902792,0.017666101,False
17944,-0.011346027,-0.0344199,False
17953,-0.061796606,-0.071725845,False
17951,0.0339149,-0.07842345,False
17950,-0.06950569,0.006530471,False
17949,-0.11174095,-0.019809932,False
17948,0.015222158,0.006294407,False
17947,0.040922165,0.039898515,False
17946,-0.06810603,-0.019488007,False
17952,-0.03353776,-0.04573901,False
18068,-0.07182538,0.00018537045,False
17997,0.05513811,-0.019541264,False
17999,-0.039484352,0.024560764,False
18036,0.0615655,0.032772366,False
18037,0.0,0.0006193164,False
18038,0.01798664,0.09355849,False
18039,-0.019706786,0.04532543,False
18040,-0.033859607,-0.077101216,False
18041,-0.13362771,-0.052852124,False
18042,-0.09327552,-0.043101907,False
18043,-0.0017476063,-0.02226573,False
18044,0.0,0.0004843881,False
18045,0.10800211,-0.027538404,False
18046,-0.022702694,-0.16224194,False
18047,0.02740483,-0.024227083,False
18048,0.26285797,0.084560156,False
18049,0.0095557375,-0.014575173,False
18050,-0.060317248,-0.06010759,False
18051,-0.026297763,0.0126758665,False
18052,0.038214624,0.007997189,False
18066,-0.036254834,0.005256124,False
18065,-0.11797629,-0.035228223,False
18064,-0.19841331,-0.07035214,False
18063,-0.04989937,-0.027575403,False
18062,0.00742458,-0.014168179,False
18061,-0.020855926,-0.11784141,False
18035,-0.007186033,-0.0020310953,False
18060,-0.05975011,-0.07988324,False
18058,-0.23236105,0.041627705,False
18057,-0.038585633,-0.044687912,False
18056,0.022194922,-0.023239553,False
18055,-0.12392206,-0.0048172176,False
18054,0.03162203,-0.014799611,False
18053,0.0011023208,-0.084661454,False
18059,0.15201211,-0.02513361,False
18034,0.097960085,0.02220714,False
18033,0.05388285,-0.026993856,False
18032,0.011038572,-0.0016986728,False
18013,-0.055078387,-0.16777335,False
18012,0.0072155297,-0.022961706,False
18011,-0.119032644,-0.02572763,False
18010,-0.046864063,-0.068961166,False
18009,-0.08831957,-0.065893084,False
18008,0.043603472,0.010520849,False
18014,-0.20630446,-0.03628701,False
18007,-0.0059785135,-0.027986212,False
18005,-0.25094324,-0.06519514,False
18004,-0.053816695,-0.030456364,False
18003,-0.05801308,-0.016781926,False
18002,0.019266397,0.029249534,False
18001,-0.051443942,-0.020565487,False
18000,-0.04838431,-0.05843389,False
18006,-0.035254,-0.08050978,False
17998,0.086238325,0.030467033,False
18015,-0.031089019,0.0074821264,False
18017,0.0072305948,-0.018276945,False
18031,-0.08588272,-0.05126363,False
18030,-0.1053937,-0.033847496,False
18029,-0.072386995,-0.013687886,False
18028,-0.008000669,-0.003935161,False
18027,0.07447156,-0.009415217,False
18026,0.060345322,0.01389724,False
18016,-0.006439239,-0.0011664927,False
18025,0.044074297,0.028283,False
18023,-0.07794145,0.020672023,False
18022,-0.026350558,-0.15221816,False
18021,0.044664934,-0.04069083,False
18020,-0.009851534,-0.008900937,False
18019,-0.20606971,-0.04052472,False
18018,-0.024852842,-0.0008241981,False
18024,-0.027631596,0.01560691,False
17641,-0.10470712,-0.020218253,False
17640,0.015352026,0.04237829,False
17639,0.1892758,0.099969566,False
17252,-0.032086372,0.087317824,False
17253,0.09872657,-0.060459614,False
17254,-0.0040033977,0.006678553,False
17255,-0.004122912,-0.004122912,False
17256,-4.4317916e-05,-0.023808192,False
17257,0.05397933,-0.10927064,False
17258,0.011259347,-0.03849171,False
17259,-0.149611,-0.04021442,False
17260,-0.24225697,-0.025879502,False
17261,-0.036617756,-0.097331285,False
17262,0.035863847,-0.090097725,False
17263,0.02529405,0.0443639,False
17264,-0.05393648,-0.079462826,False
17265,0.0,0.009595009,False
17266,-0.033805594,0.032638222,False
17267,-0.06627816,0.096735835,False
17268,-0.0538114,-0.05425906,False
17282,0.12873746,0.032822475,False
17281,0.0049383417,-0.016937835,False
17280,0.04390335,-0.011330605,False
17279,-0.10722877,-0.0073530376,False
17278,-0.080855444,0.017303705,False
17277,0.060237825,0.02997455,False
17251,0.009533584,-0.057552367,False
17276,-0.02193626,-0.02193626,False
17274,0.0363224,-0.0059031323,False
17273,0.007855244,-0.038780853,False
17272,-0.17071411,-0.11163151,False
17271,0.0142458575,-0.0010065045,False
17270,-0.009721173,-0.0085908035,False
17269,-0.013640257,-0.013640257,False
17275,-0.039399832,-0.010387227,False
17250,-0.022965983,-0.0027469397,False
17249,0.09942937,0.01214841,False
17248,-0.009794235,0.009563863,False
17229,-0.14312771,0.02419813,False
17228,-0.06767759,-0.010217555,False
17227,0.19291162,0.07572675,False
17226,0.012399644,-0.011427894,False
17225,0.010785587,-0.03412349,False
17224,-0.082318366,-0.02595824,False
17230,-0.0099523505,-0.0099523505,False
17223,0.10270077,-0.010267466,False
17221,0.010817986,-0.027235527,False
17220,0.06643212,-0.0677574,False
17219,-0.093242034,-0.029670417,False
17218,-0.019671129,-0.019671129,False
17217,-0.03361261,-0.011613905,False
17216,-0.20317602,0.058554232,False
17222,-0.14381465,-0.08017987,False
17283,0.005128786,-0.016319076,False
17231,-0.41019148,0.034716487,False
17233,-0.03063862,-0.033818908,False
17247,-0.3113684,-0.055883765,False
17246,0.0013939738,-0.0026494265,False
17245,-0.022312418,-0.052818798,False
17244,0.17707884,0.0202505,False
17243,-0.020261556,-0.003716074,False
17242,-0.11795503,0.01496619,False
17232,0.048404783,-0.03257066,False
17241,-0.06375629,0.0012334585,False
17239,-0.059187308,-0.0070936084,False
17238,-0.29195672,-0.0464707,False
17237,-0.05246386,0.031757176,False
17236,-0.07134196,-0.008756533,False
17235,0.19297978,0.021615207,False
17234,-0.23803627,-0.00410527,False
17240,-0.027457476,-0.07535225,False
17215,-0.093896665,-0.0042598248,False
17284,0.0034186244,-0.021848083,False
17286,0.005644813,0.027402043,False
17323,-0.00026099384,-0.0057131834,False
17324,-0.24049544,0.009310603,False
17325,-0.008457985,-0.028445074,False
17326,-0.10576606,-0.07387912,False
17327,0.011555731,-0.0035220087,False
17328,-0.09374358,-0.015377969,False
17329,-0.004717735,-0.0041447957,False
17330,-0.2712586,-0.117042184,False
17331,0.047380924,-0.028900325,False
17332,-0.11435397,-0.018543184,False
17333,-0.07180196,-0.0013411641,False
17334,-0.32552218,-0.0741725,False
17335,-0.027720928,-0.06861663,False
17336,-0.04317893,-0.01967609,False
17337,-0.03162241,-0.017584443,False
17338,0.020514905,-0.03727834,False
17339,-0.092494756,0.04670176,False
17353,0.14921118,0.035861194,False
17352,0.0,0.0010680058,False
17351,0.06776788,-0.100770496,False
17350,-0.021888329,0.02748692,False
17349,0.13899139,0.050469846,False
17348,0.013032198,-0.017235637,False
17322,0.016822923,-0.014441922,False
17347,-0.4240402,-0.07801247,False
17345,-0.22298765,-0.09499502,False
17344,-0.103150725,-0.08276138,False
17343,-0.019299958,-0.0105265565,False
17342,0.013001934,-0.0094095,False
17341,0.032182902,-0.010666788,False
17340,0.00036862493,0.030075267,False
17346,-0.43513274,-0.19415998,False
17321,-0.45106676,-0.053870797,False
17320,-1.0640969,-0.17011905,False
17319,0.10980743,0.04880759,False
17300,-0.09341667,-0.03722036,False
17299,-0.24836925,-0.33806512,False
17298,0.0,0.0,False
17297,-0.49411955,-0.5838998,False
17296,-0.02327213,-0.02327213,False
17295,0.1571455,0.056771398,False
17301,0.0031429688,-0.011990296,False
17294,0.0,0.00017271527,False
17292,0.38163435,0.11351669,False
17291,-0.005734943,-0.015931338,False
17290,0.0,0.0,False
17289,-0.10180077,-0.05232829,False
17288,-0.028983355,-0.10319638,False
17287,0.054948073,-0.004927963,False
17293,0.06030734,0.0041464865,False
17285,-0.019579526,-0.014757609,False
17302,-0.036011957,-0.059858564,False
17304,-0.066109315,0.0367174,False
17318,0.0044532064,-0.017148364,False
17317,-0.021830007,0.06383598,False
17316,-0.059932813,0.0748823,False
17315,0.17158589,-0.04607673,False
17314,-0.35564587,0.036468804,False
17313,0.0,0.0022590032,False
17303,0.0,0.00088081864,False
17312,-0.008757924,-0.008757924,False
17310,-0.11599164,-0.016441971,False
17309,-0.47955465,-0.13204694,False
17308,-0.024688125,0.024395078,False
17307,-0.0406273,-0.07529718,False
17306,0.026922524,-0.032658592,False
17305,-0.15967706,-0.09879002,False
17311,0.09778702,-0.05736661,False
17354,0.04311446,0.03666687,False
17214,-0.010147225,0.037570525,False
17212,-0.0048942682,-0.0026558784,False
17110,0.0,0.0,False
17111,-0.36723667,-0.07049692,False
17112,0.019092456,-0.018505573,False
17113,-0.012918351,-0.0050619757,False
17114,-0.26097083,-0.023900926,False
17115,0.06476432,-0.01043193,False
17116,0.0014638603,-0.016182978,False
17117,-0.22179997,-0.038835526,False
17118,0.052767087,-0.03809279,False
17119,-0.0033867005,-0.02501705,False
17120,0.0,0.0,False
17121,-0.04353848,-0.005631119,False
17122,-0.0074578524,-0.094214916,False
17123,-0.0035076141,-0.12415981,False
17124,0.05098349,-0.027879268,False
17125,0.10501838,0.071142614,False
17126,-0.13632068,-0.039725125,False
17140,0.0033920594,-0.018707352,False
17139,-0.069265686,0.0052371994,False
17138,-0.11115378,0.0574435,False
17137,-0.040177822,-0.10534358,False
17136,0.09888029,0.042156935,False
17135,-0.2110697,-0.09414977,False
17109,-0.16068405,-0.085074246,False
17134,0.011063686,-0.029286763,False
17132,-0.19607258,0.028560877,False
17131,-0.06831378,-0.08497137,False
17130,0.032513276,-0.019403547,False
17129,-0.06743947,0.00049737096,False
17128,-0.12215227,-0.0053914487,False
17127,-0.22490478,-0.21488667,False
17133,0.08212797,-0.027100876,False
17108,0.0,0.0,False
17107,0.0,0.0,False
17106,0.0057022106,-0.009431054,False
17087,-0.7649118,-0.21460068,False
17086,-0.0341053,0.021473914,False
17085,-0.11887747,0.023747027,False
17084,-0.357576,0.029441595,False
17083,0.044146866,-0.014819264,False
17082,0.017144574,-0.00075349305,False
17088,0.0,0.0,False
17081,0.0,0.0,False
17079,-0.06609156,-0.12849781,False
17078,-0.13616359,-0.04036945,False
17077,0.2091395,-0.004820466,False
17076,-0.15206352,-0.07980162,False
17075,0.29056716,0.051836655,False
17074,-0.65312004,-0.16179395,False
17080,-0.13128412,0.02330637,False
17141,-0.095066905,-0.17110574,False
17089,-0.01568768,-0.037048627,False
17091,0.013226986,-0.053332567,False
17105,-0.13349734,-0.04208435,False
17104,0.00818789,0.014144659,False
17103,-0.96751356,-0.08874941,False
17102,0.014483802,-0.013975568,False
17101,-0.024123348,-0.027557014,False
17100,-0.06259292,-0.12547207,False
17090,-0.012245477,-0.012245477,False
17099,-0.4680594,-0.09001267,False
17097,0.024258196,-0.02522391,False
17096,-0.00483229,-0.00483229,False
17095,-0.010680556,-0.056199074,False
17094,-0.1803738,0.048052683,False
17093,-0.013182274,-0.011112818,False
17092,-0.20642471,-0.018600821,False
17098,0.08128041,-0.0517087,False
17213,-0.3252213,-0.14205027,False
17142,0.13230918,0.013719782,False
17144,0.0041279793,-0.010331392,False
17181,0.040913343,-0.00738585,False
17182,0.010066867,0.03208345,False
17183,-0.26304936,-0.08213866,False
17184,-0.6911435,-0.09777939,False
17185,-0.12711772,-0.025261343,False
17186,-0.4310423,-0.013596177,False
17187,0.070877545,0.0075009167,False
17188,0.10273814,0.11741614,False
17189,-0.009021534,0.016016128,False
17190,-0.026642803,0.010802336,False
17191,-0.038626395,0.06158857,False
17192,0.15981504,0.02165696,False
17193,-0.045863822,-0.0014248118,False
17194,-0.034015846,0.006480191,False
17195,0.11051214,0.039563313,False
17196,-0.013211697,-0.0072762966,False
17197,-0.15563142,-0.09538165,False
17211,0.086241126,0.005263716,False
17210,-0.08831382,0.05616647,False
17209,-0.08013516,-0.008460298,False
17208,0.009628415,-0.0133423805,False
17207,0.029556558,-0.0979532,False
17206,-0.083801925,-0.038387,False
17180,0.0,0.0,False
17205,-0.063685626,-0.021288723,False
17203,0.004837785,-0.038596332,False
17202,0.073262185,0.059162438,False
17201,-0.029520186,-0.051527884,False
17200,0.11479294,-0.06722194,False
17199,0.6734388,-0.13529754,False
17198,-0.33371925,-0.20018649,False
17204,-0.17251277,-0.03770423,False
17179,0.0031722765,-0.01877741,False
17178,0.0,0.0,False
17177,-0.07798597,-0.010726914,False
17158,0.16398585,0.059128672,False
17157,0.065954804,0.028005093,False
17156,-0.0715179,-0.05114071,False
17155,-0.064376,-0.019006133,False
17154,0.036507934,0.021533683,False
17153,0.63578236,-0.051376104,False
17159,-0.0060487892,0.007118469,False
17152,-0.1368706,-0.0059563816,False
17150,-0.14602864,-0.038569093,False
17149,-0.024231046,-0.032842726,False
17148,0.0356974,-0.04626882,False
17147,0.039905578,-0.08756709,False
17146,-0.038086403,0.0013353564,False
17145,-0.10276106,0.026003242,False
17151,-0.24489105,-0.1126039,False
17143,-0.30600917,-0.053988695,False
17160,-0.14139771,-0.17561471,False
17162,0.11304575,0.015120685,False
17176,0.12794153,-0.013403557,False
17175,-0.019882558,-0.0029025376,False
17174,-0.003751658,-0.025133722,False
17173,-0.26626396,0.054644465,False
17172,-0.102066755,-0.090649545,False
17171,-0.13095158,-0.006989658,False
17161,-0.70217425,-0.18649483,False
17170,-0.015392905,-0.032425005,False
17168,0.16371569,0.03722021,False
17167,0.0,0.0,False
17166,-0.009329236,-0.0066483333,False
17165,0.0040679397,0.0006702123,False
17164,0.006115917,0.032643784,False
17163,-0.013882367,-0.027910847,False
17169,0.0,2.449377e-05,False
17355,-0.04238069,0.05245453,False
17356,0.14294237,0.05793029,False
17357,-0.19574068,0.007888764,False
17537,0.0,0.0,False
17538,-0.05812052,-0.00883773,False
17539,-0.14524454,-0.11458433,False
17540,-0.09727231,-0.005065441,False
17541,0.21447897,0.008462429,False
17542,0.0170321,0.0,False
17543,0.021920443,0.028185487,False
17544,-0.042651415,0.006967038,False
17545,-0.019346721,0.021925494,False
17546,0.109470844,-0.12408383,False
17547,0.037289858,0.06477451,False
17548,0.048984706,0.042494893,False
17549,0.0,0.0,False
17550,-0.13674664,-0.060822487,False
17551,0.2434542,0.005440533,False
17552,0.22704393,0.062174022,False
17553,-0.054774374,-0.014512092,False
17567,0.22609639,-0.02546233,False
17566,-0.07252428,-0.003525138,False
17565,-0.05839932,-0.016444564,False
17564,0.12398979,0.00069922954,False
17563,-0.010951832,-0.07462926,False
17562,0.3582512,0.04146576,False
17536,-0.11291224,-0.037759304,False
17561,0.042973682,-0.006496057,False
17559,-0.014145674,0.016029645,False
17558,0.050001495,-0.009819113,False
17557,0.0132442415,0.032638922,False
17556,-0.13962892,-0.00059610605,False
17555,0.13806221,0.07864457,False
17554,-0.10187885,-0.009738624,False
17560,0.14805084,0.0706349,False
17535,-0.17687404,0.008430839,False
17534,-0.02377069,-0.03299755,False
17533,-0.39576226,-0.046149135,False
17514,-0.032914907,0.019628987,False
17513,0.0044028163,0.038696706,False
17512,-0.43554425,-0.012470722,False
17511,0.11489415,0.018845737,False
17510,0.059194922,0.113343716,False
17509,0.011122227,-0.04263681,False
17515,0.017390817,0.03547263,False
17508,0.02258878,0.0023971621,False
17506,0.06965679,-0.034951374,False
17505,0.0044998974,0.048153505,False
17504,0.027001545,0.019266888,False
17503,-0.042182624,-0.06477141,False
17502,0.13221893,0.028500408,False
17501,-0.039714694,0.17206347,False
17507,-0.013123602,0.000664182,False
17568,-0.18991819,-0.114103615,False
17516,-0.11687678,-0.13669246,False
17518,0.055395365,0.015898436,False
17532,-0.54474115,-0.3158667,False
17531,0.047660626,-0.0030776411,False
17530,0.3393522,0.030743659,False
17529,0.012636528,0.020719837,False
17528,0.056092083,-0.07247627,False
17527,0.11139405,-0.13790974,False
17517,-0.31804544,-0.17121542,False
17526,-0.29962116,-0.15162003,False
17524,0.1391083,-0.0048794746,False
17523,0.021481976,0.0020424873,False
17522,0.061954275,-0.029110208,False
17521,-0.0131532755,-0.0131532755,False
17520,0.048994184,-0.0046224594,False
17519,-0.35138124,-0.18247795,False
17525,-0.033359267,-0.029525362,False
17500,0.020280272,-0.0037567792,False
17569,-0.11203535,-0.024395198,False
17571,0.37452793,-0.057514906,False
17608,0.039975315,0.008558556,False
17609,-0.0019623935,-0.026708573,False
17610,0.00028442964,-0.024861366,False
17611,0.011207632,-0.009869278,False
17612,0.0049629426,-0.012819187,False
17613,0.018949484,-0.0040927557,False
17614,-0.010598052,-0.033487044,False
17615,0.039950937,-0.033151574,False
17616,0.11908072,0.034393817,False
17617,-0.008592274,0.011874214,False
17618,0.1298731,-0.008110583,False
17619,-0.0635153,0.02340696,False
17620,-0.010848284,-0.018781468,False
17621,0.0,0.0,False
17622,-0.15507352,-0.08587557,False
17623,-0.02951451,-0.0062837526,False
17624,-0.07649374,-0.04164937,False
17638,0.0015308857,0.004706502,False
17637,-0.049640328,-0.015532374,False
17636,-0.034383208,0.041423082,False
17635,0.0,0.0,False
17634,-0.028380156,-0.016440064,False
17633,0.085291445,-0.0363079,False
17607,0.05476767,-0.046207458,False
17632,-0.08087158,-0.016626447,False
17630,0.039581597,-0.05301577,False
17629,-0.048106387,0.010161877,False
17628,0.0035518669,-0.019764267,False
17627,-0.011910506,-0.012939692,False
17626,-0.11565524,-0.017406031,False
17625,-0.059258737,-0.015664525,False
17631,-0.2764392,-0.17844832,False
17606,0.0056104213,-0.018411309,False
17605,0.07938072,0.014082164,False
17604,0.073062584,-0.04175573,False
17585,1.2738621,0.08381605,False
17584,-0.23300648,-0.11149907,False
17583,-0.26500404,-0.21250296,False
17582,-0.046276554,0.017562985,False
17581,-0.093022585,-0.012017444,False
17580,0.009893175,-0.034336787,False
17586,-0.025795344,-0.039263126,False
17579,0.12626678,0.08050662,False
17577,-0.041319944,0.033867627,False
17576,-0.1351749,-0.06488359,False
17575,-0.010047767,-0.010047767,False
17574,-0.21689564,-0.1913802,False
17573,0.004283607,-0.03654266,False
17572,0.582551,-0.22339153,False
17578,-0.060663283,-0.018589012,False
17570,0.12530822,0.04957819,False
17587,-0.030404892,0.0064167567,False
17589,-0.0013720691,0.025227398,False
17603,0.02244287,0.0,False
17602,-0.105413795,-0.058860093,False
17601,0.130036,0.045240164,False
17600,0.0,0.0,False
17599,0.03038752,0.03373742,False
17598,0.022646606,0.0931457,False
17588,-0.009521563,0.0053106444,False
17597,0.050435096,-0.07436904,False
17595,-0.052004814,0.051861286,False
17594,0.058055937,0.02052167,False
17593,-0.10114032,0.011877477,False
17592,0.016717076,0.0048275664,False
17591,-0.019712174,-0.010383345,False
17590,-0.026665814,0.006646633,False
17596,-0.0046175816,-0.0046175816,False
17499,-0.035475157,-0.027344763,False
17498,-0.12870947,0.04011467,False
17497,0.043473363,0.0751816,False
17394,-0.092215896,0.109496,False
17395,0.12657294,0.052421898,False
17396,-0.013349835,0.011504997,False
17397,-0.31183243,-0.1387186,False
17398,-0.18244636,-0.11387217,False
17399,-0.38000968,0.04071057,False
17400,-0.26306665,-0.038750052,False
17401,-0.27147448,0.015539169,False
17402,0.0,0.0008012511,False
17403,-0.44222164,-0.08412981,False
17404,-0.0043655983,-0.0043655983,False
17405,-0.044536114,-0.055343628,False
17406,-0.052701384,0.028355211,False
17407,0.009663828,0.004147969,False
17408,0.0,0.0,False
17409,-0.010079092,-0.010079092,False
17410,0.02394268,0.0,False
17424,-0.019035578,-0.019035578,False
17423,-0.00938338,-0.00938338,False
17422,0.022682458,-0.033171713,False
17421,-0.036072034,0.019717291,False
17420,0.0,0.0,False
17419,0.042402245,0.019767731,False
17393,0.062407076,0.01831761,False
17418,-0.0050101043,-0.0050101043,False
17416,0.005796656,-3.9309263e-05,False
17415,-0.03630772,-0.03630772,False
17414,0.0,0.0,False
17413,-0.021712115,-0.0060022846,False
17412,0.10030707,0.023525327,False
17411,0.005232972,-0.014550279,False
17417,0.0077179223,-0.014012858,False
17392,-0.13690674,0.027955174,False
17391,0.11206448,-0.06961799,False
17390,-0.112314135,0.016156584,False
17371,-0.04988128,-0.023852348,False
17370,0.022286586,-0.0050766096,False
17369,-0.014568665,0.012151008,False
17368,-0.07105309,0.012117386,False
17367,-0.0035024756,-0.0035024756,False
17366,-0.14778587,-0.060447067,False
17372,-0.042724922,0.0025077611,False
17365,-0.28353804,-0.025398314,False
17363,0.01203493,-0.025150787,False
17362,0.0052170185,-0.014916112,False
17361,-0.011449367,0.021288078,False
17360,0.020934582,-0.13368082,False
17359,0.07044327,-0.044335425,False
17358,-0.012005478,0.022211522,False
17364,1.3401096,-0.07388449,False
17425,0.020290812,-0.025712648,False
17373,-0.006070748,-0.035181835,False
17375,-0.0696426,-0.0012629032,False
17389,0.44795895,-0.004735112,False
17388,-0.008733795,-0.008733795,False
17387,1.2871456,-0.10482955,False
17386,0.11450428,-0.06654775,False
17385,0.11960457,0.04281141,False
17384,-0.036875583,0.015460104,False
17374,-0.04469596,-0.044214755,False
17383,-0.17416716,0.084744334,False
17381,-0.048012882,-0.019513413,False
17380,0.0076730847,0.039878815,False
17379,-0.03579113,0.008268204,False
17378,0.18661544,0.03383711,False
17377,-0.27440408,0.060454845,False
17376,-0.08269453,-0.035090804,False
17382,-0.041758716,0.057765603,False
17426,-0.04578177,-0.007809017,False
17427,-0.015004881,-0.015004881,False
17428,-0.03163681,-0.03163681,False
17478,-0.019094765,-0.15106289,False
17477,0.09914708,-0.03246921,False
17476,0.034487143,0.027225263,False
17475,-0.04493016,0.018973053,False
17474,-0.080675185,0.061723113,False
17473,0.08820388,-0.04359016,False
17479,0.03909841,0.025031656,False
17472,0.06357947,-0.020825475,False
17470,-0.033182368,0.037555955,False
17469,-0.008445253,-0.008445253,False
17468,-0.069287896,-0.04008794,False
17467,0.007908225,-0.018341258,False
17466,0.0023013353,-0.017753482,False
17465,0.07193148,0.010521919,False
17471,-0.013787296,-0.013787296,False
17464,0.00839962,0.016484302,False
17480,0.024511732,-0.013232257,False
17482,0.22037762,-0.05656475,False
17496,-0.1855007,0.0051042438,False
17495,-0.06842474,-0.032509215,False
17494,-0.014840446,0.0013880879,False
17493,0.056603014,-0.01520969,False
17492,0.0,0.0,False
17491,-0.0050458326,-0.0050458326,False
17481,0.04151857,0.04715997,False
17490,-0.08694167,-0.03524342,False
17488,0.15481544,0.05365914,False
17487,-0.026329156,-0.026329156,False
17486,0.028771222,-0.03848645,False
17485,-0.14854772,-0.080290854,False
17484,0.2653535,0.07631272,False
17483,-0.047109075,-0.0020822585,False
17489,0.0041324496,0.07451218,False
15933,-1.2543638,-0.21066618,False
17463,-0.00407438,0.0732384,False
17461,-0.08715749,-0.05334127,False
17442,0.007207526,-0.029191384,False
17441,-0.057147674,-0.022075571,False
17440,-0.017908838,-0.017908838,False
17439,-0.01435579,-0.01435579,False
17438,0.024057236,-0.018673033,False
17437,0.009516495,-0.014437865,False
17443,-0.03215351,-0.00803189,False
17436,-0.017846124,-0.017846124,False
17434,0.0,0.0,False
17433,0.02658451,0.038015354,False
17432,0.0,0.0,False
17431,0.08315961,0.014496431,False
17430,0.027085535,0.012444101,False
17429,0.033773612,-0.033358354,False
17435,0.09062514,0.033563003,False
17462,-0.06920614,-0.03519419,False
17444,-0.014928771,-0.014928771,False
17446,-0.18281429,0.0077789426,False
17460,-0.10372737,-0.057219535,False
17459,-0.05809772,-0.054503083,False
17458,-0.300699,-0.112784505,False
17457,-0.018675186,-0.008435538,False
17456,-0.029166467,-0.029166467,False
17455,0.016344983,-0.05041581,False
17445,-0.008061159,-0.008061159,False
17454,-0.10849145,0.030098766,False
17452,-0.06870442,0.026137039,False
17451,-0.01772329,0.0010858458,False
17450,0.01392279,0.003180826,False
17449,0.018669218,-0.04112748,False
17448,0.12922212,0.09410426,False
17447,0.023902277,-0.015665105,False
17453,-0.2284767,-0.06535423,False
15932,-0.27634057,-0.03808558,False
15931,-0.17016885,-0.034030914,False
15930,0.017195754,-0.0051122904,False
14404,0.1091772,-0.042312175,False
14405,0.0,0.0,False
14406,-0.13622034,-0.15497184,False
14407,-0.40058982,-0.23298705,False
14408,-0.083997846,-0.027169585,False
14409,0.043515503,-0.035513043,False
14410,-0.23013633,-0.103275776,False
14411,0.05683542,-0.007193491,False
14412,0.02602537,-0.025065936,False
14413,-0.1283938,-0.09772298,False
14414,0.010440238,-0.028431103,False
14415,-0.04653626,-0.014919475,False
14416,0.0,0.0,False
14417,-0.036079973,-0.28907993,False
14418,-0.026475847,0.005883038,False
14419,0.020442784,-0.0047242194,False
14420,-0.16553648,-0.06022933,False
14434,0.10964495,0.0035591424,False
14433,0.044687174,-0.013989091,False
14432,0.032937374,-0.009126039,False
14431,0.076119184,0.00901635,False
14430,-0.015202431,-0.034045473,False
14429,-0.10705003,-0.061724603,False
14403,-0.2553935,-0.14013314,False
14428,-0.005710304,-0.046226665,False
14426,-0.020610344,-0.020610344,False
14425,-0.084962755,0.004926622,False
14424,0.0,0.0,False
14423,0.0058301166,-0.076558396,False
14422,0.1155881,0.0013847947,False
14421,-0.001374878,0.00038868934,False
14427,-0.15625837,0.011276931,False
14402,-0.099193595,-0.021219894,False
14401,0.0070110857,0.02397278,False
14400,0.0014889836,0.030339032,False
14381,-0.042644963,-0.0011837631,False
14380,-0.12807214,-0.081585646,False
14379,0.019851685,-0.006810844,False
14378,-0.048274845,0.04322183,False
14377,-0.04400429,-0.0026477575,False
14376,-0.13088322,-0.10993028,False
14382,-0.00082006305,0.016907863,False
14375,0.04198976,-0.00084374845,False
14373,-0.45993602,-0.020875335,False
14372,-0.78690434,-0.28973913,False
14371,0.016871452,-0.1058805,False
14370,0.19717479,-0.16010737,False
14369,-0.035870403,-0.01791396,False
14368,0.1388918,-0.027549237,False
14374,0.044318184,0.011029899,False
14435,-0.07607727,-0.0635604,False
14383,-0.0185498,0.05252132,False
14385,-0.04005066,-0.0064693317,False
14399,-0.46207857,-0.26432896,False
14398,-0.028801203,0.07426143,False
14397,-0.05330193,0.028175116,False
14396,-0.012052298,0.032123983,False
14395,-0.39834988,-0.17293954,False
14394,0.109497786,-0.09245396,False
14384,0.05600792,-0.0026887655,False
14393,-0.11801463,-0.039625704,False
14391,0.004568994,-0.04161054,False
14390,0.055503607,-0.20127869,False
14389,-0.009072706,-0.054709427,False
14388,-0.3814006,-0.20204139,False
14387,-0.009759872,-0.009759872,False
14386,0.008788149,-0.014188147,False
14392,0.15218353,-0.021745503,False
14367,-0.1519081,-0.109151185,False
14436,0.11350243,0.023909181,False
14438,0.016176522,-0.0006824732,False
14475,0.15693232,-0.0013860315,False
14476,-0.16573954,-0.11819309,False
14477,-0.05898547,-0.018059969,False
14478,-0.03271374,0.032965362,False
14479,-0.042453885,-0.061484784,False
14480,-0.030691775,-0.02968238,False
14481,-0.0059570298,-0.009985067,False
14482,0.027138233,0.027142785,False
14483,0.036226153,-0.06513792,False
14484,-0.07865834,-0.07362759,False
14485,-0.011166818,-0.033428866,False
14486,0.06451464,0.12204993,False
14487,-0.020791203,-0.018330693,False
14488,-0.0011218078,0.004748836,False
14489,-0.02984348,-0.024436798,False
14490,-0.033903204,0.0018623285,False
14491,0.35803747,0.011384606,False
14505,-0.004874474,-0.0025842036,False
14504,0.0,0.0,False
14503,-0.009904065,-0.009904065,False
14502,-0.102475986,-0.0705051,False
14501,-0.004707792,-0.004707792,False
14500,-0.0043144925,-0.0043144925,False
14474,-0.12512028,-0.088264704,False
14499,-0.04204765,0.02003397,False
14497,-0.1049903,0.08055401,False
14496,-0.084436595,-0.15082455,False
14495,0.062141508,-0.011444747,False
14494,0.06170222,-0.017051905,False
14493,0.0,0.0,False
14492,-0.019444704,-0.06445086,False
14498,0.007080633,-0.036178403,False
14473,0.0,0.0,False
14472,-0.021116823,-0.059510164,False
14471,0.01778213,0.0032367003,False
14452,-0.68677896,-0.12464428,False
14451,-0.019192338,-0.019192338,False
14450,-0.094491765,0.03556043,False
14449,-0.16014321,-0.041305125,False
14448,-0.10227156,-0.050979614,False
14447,0.0,0.0,False
14453,0.061251365,0.029913813,False
14446,-0.115245104,-0.19183564,False
14444,-0.09130296,-0.012813032,False
14443,-0.14372912,0.0040472,False
14442,-0.021388749,-0.017207704,False
14441,-0.009574836,-0.004233004,False
14440,0.034160107,-0.011287764,False
14439,-0.083563745,-0.00731723,False
14445,0.0,0.0,False
14437,0.133487,-0.0022078156,False
14454,0.04061959,0.005854696,False
14456,0.01805833,-0.009333711,False
14470,-0.08895764,-0.036487117,False
14469,0.016828906,-0.004861557,False
14468,-0.009635627,-0.0054424405,False
14467,-0.05287558,0.006612271,False
14466,0.24654135,-0.021982342,False
14465,0.0,0.0,False
14455,0.0,0.0,False
14464,-0.033152528,-0.033152528,False
14462,0.08651441,0.05025719,False
14461,0.02348733,0.07942653,False
14460,0.004734695,-0.030926287,False
14459,-0.17785704,0.021159649,False
14458,-0.014507148,0.0007055178,False
14457,-0.26274884,-0.0433262,False
14463,0.0,2.9370087e-05,False
14506,0.003811743,-0.0010877512,False
14366,-0.3881109,-0.018640935,False
14364,-0.022232324,-0.06295249,False
14262,0.19447657,0.060045213,False
14263,-0.016801152,-0.037878063,False
14264,-0.030778974,-0.044282585,False
14265,-0.05727604,-0.014044777,False
14266,-0.18537688,-0.10270417,False
14267,0.0034800395,-0.07976234,False
14268,0.074104905,0.032942504,False
14269,0.025758922,-0.009389214,False
14270,-0.518486,-0.15562224,False
14271,-0.97796774,0.006059408,False
14272,-0.30498743,-0.31317663,False
14273,-0.16057318,-0.030726314,False
14274,0.011185069,-0.010175878,False
14275,-0.010907888,-0.031028748,False
14276,0.32809365,-0.03353703,False
14277,0.002449464,-0.014586188,False
14278,-0.26169068,-0.0912981,False
14292,0.74556756,-0.14463496,False
14291,-0.059204936,-0.050814748,False
14290,-0.35354924,-0.17862964,False
14289,-0.13764107,0.040531337,False
14288,-0.013600258,-0.012783334,False
14287,0.022123545,-0.003614068,False
14261,-0.011962354,0.02877511,False
14286,-0.036822826,-0.099712566,False
14284,-0.48997593,-0.051903248,False
14283,-0.1931348,-0.04722026,False
14282,-0.3795178,-0.22880697,False
14281,0.42838955,-0.10912204,False
14280,-0.48326284,0.014844537,False
14279,-0.096340954,0.0010189414,False
14285,0.29679048,0.083260715,False
14260,-0.18050793,-0.03349179,False
14259,-0.12535673,-0.04143265,False
14258,0.11110288,0.057119727,False
14239,-0.005776167,-0.025790691,False
14238,0.0832845,-0.11910796,False
14237,-0.16249192,0.11557865,False
14236,0.02226305,-0.019359943,False
14235,0.06836888,-0.002751723,False
14234,-0.0193571,-0.011989877,False
14240,-0.012998089,-0.21214044,False
14233,-0.2849737,-0.036565542,False
14231,-0.0011688471,-0.04751116,False
14230,-0.2293905,-0.20703769,False
14229,0.015261412,0.014573216,False
14228,-0.34184933,-0.08641446,False
14227,-0.14712572,0.028960407,False
14226,0.17993489,0.003537327,False
14232,-0.02894932,-0.023878396,False
14293,0.029586527,-0.005140204,False
14241,-0.1119023,-0.042296648,False
14243,-0.068762496,-0.004910037,False
14257,0.15596622,0.004009187,False
14256,-0.0032198727,-0.020780291,False
14255,-0.32914132,0.0072513223,False
14254,-0.09809083,-0.0012465566,False
14253,-0.0049009644,-0.0049009644,False
14252,-0.16028932,-0.027213037,False
14242,-0.0052920245,-0.02367327,False
14251,0.036843013,-0.008503843,False
14249,-0.11005825,0.007000923,False
14248,-0.17973447,0.02064693,False
14247,-0.33368707,-0.107491255,False
14246,-0.18008208,-0.07720375,False
14245,-0.005076046,-0.0018388378,False
14244,0.022358973,0.0011127357,False
14250,0.09698623,-0.0044401633,False
14365,-0.35795358,-0.0634042,False
14294,-0.031016216,-0.07066879,False
14296,-0.0045379857,-0.0045379857,False
14333,-0.15257023,0.0020252466,False
14334,-0.027391683,-0.002006067,False
14335,-0.016264915,-0.09220469,False
14336,-0.033398986,-0.0067282617,False
14337,-0.15102577,-0.20062542,False
14338,-0.0050472263,-0.0050472263,False
14339,-0.009566368,-0.009566368,False
14340,0.009178412,-0.0144800795,False
14341,-0.009372501,-0.009372501,False
14342,-0.06521368,-0.057020187,False
14343,-0.03213066,-0.034424722,False
14344,-0.034579437,-0.080153756,False
14345,-0.003227234,0.1384657,False
14346,-0.019411253,0.0077167265,False
14347,-0.033939123,0.017132223,False
14348,-0.0063896924,-0.0019944906,False
14349,-0.08376455,-0.1362834,False
14363,-0.035473727,-0.021153428,False
14362,0.018350054,-0.02106195,False
14361,-0.014642985,-0.013547743,False
14360,-0.0019064359,-0.009156335,False
14359,0.019858167,-0.06684345,False
14358,0.022374906,0.0007558356,False
14332,-0.005111042,-0.005111042,False
14357,-0.08275518,-0.3633548,False
14355,-0.036362633,0.022921532,False
14354,-0.036769807,0.07640576,False
14353,0.01820056,-0.00501578,False
14352,-0.5388385,-0.05768609,False
14351,0.005839646,-0.0019675419,False
14350,0.02256305,-0.0043983124,False
14356,0.030509055,-0.0988099,False
14331,0.033985246,-0.031713333,False
14330,-0.14531946,-0.08850336,False
14329,-0.5066974,-0.1372559,False
14310,-0.0804836,0.011763908,False
14309,0.0,0.0,False
14308,-0.044572208,0.0024018213,False
14307,-0.0058932565,-0.028609136,False
14306,0.003890762,-0.018774379,False
14305,0.0,0.0,False
14311,0.06390034,0.027499627,False
14304,-0.019714542,-0.06490333,False
14302,0.009812094,-0.006261877,False
14301,0.06259617,-0.011434436,False
14300,-0.034316257,-0.025676213,False
14299,0.03726134,-0.008921531,False
14298,-0.06705993,-0.06705993,False
14297,-0.0052249893,-0.0041225925,False
14303,0.0576725,-0.040198505,False
14295,-0.4168651,-0.027231693,False
14312,-0.17023543,-0.023198396,False
14314,0.0037450418,0.009198196,False
14328,-0.018897219,-0.018897219,False
14327,-0.22147083,-0.21305752,False
14326,0.0,0.0,False
14325,-0.13491087,-0.011540711,False
14324,-0.008601159,-0.0070859184,False
14323,-0.358572,-0.09086037,False
14313,-0.14486453,-0.07037598,False
14322,0.077122524,0.0073661804,False
14320,0.029429674,0.026145816,False
14319,-0.07620545,-0.02461344,False
14318,-0.027113693,-0.00226067,False
14317,0.1267826,0.020653188,False
14316,-0.14977884,0.01999271,False
14315,0.032282293,0.026947886,False
14321,-0.030996867,-0.013575532,False
14225,0.07486051,0.008649349,False
14507,-0.004784495,0.000568192,False
14509,-0.0807546,-0.0048446804,False
14689,0.07969695,0.022637784,False
14690,-0.052904062,-0.021194026,False
14691,-0.05294974,-0.029232584,False
14692,0.192545,0.052098095,False
14693,-0.06152059,-0.068555534,False
14694,0.010179885,0.022437029,False
14695,0.029100835,-0.011713684,False
14696,0.028069824,-0.026123315,False
14697,0.0035702288,-0.03818372,False
14698,-0.10163319,-0.040327996,False
14699,-0.07187171,-0.007595718,False
14700,-0.043507352,-0.015103251,False
14701,0.025393516,-0.055264004,False
14702,-0.044673577,-0.0095927715,False
14703,0.11572558,-0.0393548,False
14704,-0.09405805,0.008659586,False
14705,0.21913089,0.024675176,False
14719,-0.10067794,-0.06428382,False
14718,0.010377452,0.0045517385,False
14717,0.01715958,-0.0049591395,False
14716,0.012937758,-0.056257877,False
14715,0.0069385003,0.020279482,False
14714,-0.09883892,-0.0037357807,False
14688,-0.19687782,-0.0020857155,False
14713,0.046638668,-0.005251169,False
14711,-0.030761637,-0.016995013,False
14710,0.008806227,0.0025752746,False
14709,0.2768631,-0.041667342,False
14708,-0.0046670437,-0.033638358,False
14707,0.07403788,-0.021516338,False
14706,-0.0076054037,-0.04248023,False
14712,0.0,0.0,False
14687,-0.040029153,0.013623193,False
14686,0.055637896,-0.029363602,False
14685,0.048668385,-0.018338948,False
14666,0.026487067,0.008536845,False
14665,0.045341626,-0.0045695193,False
14664,-0.06371474,-0.017889403,False
14663,0.020114643,-0.0036866323,False
14662,0.018366607,0.009545879,False
14661,0.026844986,0.014841203,False
14667,0.011162728,-0.018616118,False
14660,-0.008179514,-0.008179514,False
14658,-0.027591646,0.03269045,False
14657,0.044381574,0.011471501,False
14656,0.034909334,-0.004864738,False
14655,0.31683397,-0.22246075,False
14654,0.0039545894,0.025126234,False
14653,0.049512744,0.005612552,False
14659,0.0409124,-0.0049313186,False
14720,-0.18536733,-0.010010928,False
14668,0.0,0.0,False
14670,9.408593e-05,-0.04219209,False
14684,-0.037209503,0.042546023,False
14683,0.008919692,-0.011854102,False
14682,0.03138735,0.0066464655,False
14681,0.019474328,0.0058407784,False
14680,0.2589186,-0.20205331,False
14679,-0.09935458,0.03436348,False
14669,0.0022734124,0.0015204083,False
14678,-0.59728575,0.004310012,False
14676,-0.018647112,-0.018295474,False
14675,0.060682356,0.03988698,False
14674,0.048456788,-0.0012736022,False
14673,0.079685986,-0.025512159,False
14672,0.0,0.0,False
14671,0.06602299,-0.00354518,False
14677,-0.005005653,-0.005005653,False
14652,0.022519935,-0.04773477,False
14721,-0.011296634,-0.015319712,False
14723,0.035371028,0.030978896,False
14760,-0.28387302,-0.11875412,False
14761,-0.007964083,-0.007723568,False
14762,0.17316426,-0.013272151,False
14763,0.029453881,-0.007880493,False
14764,0.0,0.0017668512,False
14765,-0.058372676,0.081146866,False
14766,0.07663992,0.059625402,False
14767,0.0,0.0014757538,False
14768,0.023048557,-0.023826052,False
14769,0.017558873,-0.048271775,False
14770,-0.0040531196,-0.0510848,False
14771,-0.44069988,-0.22110641,False
14772,-0.03324605,0.0069719814,False
14773,-0.004879865,-0.004879865,False
14774,0.025486052,-0.035325915,False
14775,0.03258055,-0.009278811,False
14776,0.084386915,0.07647419,False
14790,-0.042609453,-0.0018439293,False
14789,-0.22608471,-0.028940111,False
14788,0.0,0.0,False
14787,-0.020918192,0.02581585,False
14786,0.0,0.0,False
14785,-0.021799205,-0.019039204,False
14759,0.0,0.0,False
14784,-0.10587591,-0.026328854,False
14782,-0.051780924,-0.0540078,False
14781,-0.019976482,-0.019976482,False
14780,0.18260235,0.019054323,False
14779,0.0,0.0004930712,False
14778,0.008553959,-0.015656613,False
14777,-0.0048698788,-0.0048698788,False
14783,0.0,0.0010822343,False
14758,-0.027598724,-0.026519695,False
14757,-0.03598049,-0.0012713075,False
14756,-0.038601026,-0.0065661706,False
14737,0.062027812,-0.019151688,False
14736,0.04895482,-0.012007884,False
14735,0.03151788,-0.020560175,False
14734,-0.0148169175,-0.010957457,False
14733,0.20297259,0.07161534,False
14732,-0.10787275,-0.01392249,False
14738,0.008019,0.05062306,False
14731,0.0014812499,0.011254743,False
14729,-0.107319824,-0.004785627,False
14728,0.01805991,0.027644143,False
14727,0.10486388,-0.089431405,False
14726,-0.22378673,-0.13237399,False
14725,0.031048566,0.0045412183,False
14724,-0.4671564,-0.13258481,False
14730,0.06379831,0.020610068,False
14722,0.055223294,-0.011585474,False
14739,0.020566434,-0.052893102,False
14741,-0.09429671,0.031142294,False
14755,0.0,0.0,False
14754,0.020328358,-0.022648666,False
14753,0.24850255,0.066322505,False
14752,-0.08658442,-0.03906226,False
14751,-0.058564853,0.017578237,False
14750,0.2441454,-0.07375157,False
14740,-0.08809015,0.013639957,False
14749,0.01998709,0.002406442,False
14747,0.042733356,0.01887797,False
14746,-0.09255339,-0.06648207,False
14745,-0.004905125,-0.0017795216,False
14744,-0.29166675,-0.08116722,False
14743,0.014493619,-0.009848737,False
14742,-0.024541989,-0.00011022389,False
14748,0.16041212,-0.024913788,False
14508,-0.01433608,-0.012202782,False
14651,0.34552765,-0.11894345,False
14649,-0.07919857,-0.04459089,False
14546,-0.21854198,-0.016047835,False
14547,-0.04852192,0.0069637895,False
14548,-0.18008375,0.014241695,False
14549,-0.050148338,-0.029249832,False
14550,0.22579932,-0.03631568,False
14551,-0.017024627,-0.009028637,False
14552,0.020550966,-0.022588283,False
14553,-0.054671824,-0.1155743,False
14554,-0.7118978,-0.09237337,False
14555,-0.25191903,-0.04703355,False
14556,-0.07384589,-0.06491928,False
14557,-0.005822858,-0.018183343,False
14558,0.0,0.0,False
14559,-0.306037,-0.17824441,False
14560,0.06567613,0.00898663,False
14561,0.049801424,0.01140213,False
14562,0.015245274,-0.010491606,False
14576,-0.24462052,-0.0087336,False
14575,0.006609857,-0.01290779,False
14574,-0.011749513,-0.07469222,False
14573,0.0020937398,-0.018724767,False
14572,-0.037689127,-0.037689127,False
14571,0.029457897,0.04099214,False
14545,-0.121870056,-0.054083943,False
14570,0.0035540964,-0.019056221,False
14568,0.1883871,-0.07501906,False
14567,-0.0049826372,-0.0049826372,False
14566,0.012725085,0.013570795,False
14565,-0.013984114,-0.05124695,False
14564,-0.057279736,0.029499143,False
14563,-0.021055773,-0.04270138,False
14569,0.038491823,-0.007432513,False
14544,-0.71312785,-0.17699671,False
14543,0.02353175,-0.007688334,False
14542,-0.06149882,0.07958865,False
14523,0.011366481,-0.018578172,False
14522,0.102933824,0.021671772,False
14521,0.0,0.0020832154,False
14520,0.5004356,0.0028637648,False
14519,-0.1806624,0.12734878,False
14518,0.14093828,-0.16003525,False
14524,0.0,0.0,False
14517,0.025501788,0.038855374,False
14515,0.112728044,0.046260297,False
14514,-0.11915289,0.052957475,False
14513,-0.14488131,0.0019801855,False
14512,0.10601604,-0.10515553,False
14511,0.008840501,-0.0058241487,False
14510,0.02369368,0.019813001,False
14516,-0.033307374,-0.06938124,False
14577,-0.01780063,-0.00905776,False
14525,0.0055187885,0.01633798,False
14527,0.0,5.1237672e-05,False
14541,-0.013910236,-0.013910236,False
14540,-0.12518486,-0.016075402,False
14539,-0.031038485,-0.031038485,False
14538,-0.014222879,-0.014222879,False
14537,-0.064804316,-0.1455841,False
14536,-0.46880758,0.08327389,False
14526,0.0,0.00015120454,False
14535,-0.35386217,-0.046524882,False
14533,-0.060475275,0.012910098,False
14532,0.022269111,0.005431559,False
14531,0.05960325,-0.07454192,False
14530,0.11231241,-0.06063494,False
14529,0.050353676,0.05658847,False
14528,0.014595726,-0.0050043026,False
14534,-0.20494673,-0.069790035,False
14650,0.112584054,-0.030245125,False
14578,-0.07190785,0.028314292,False
14580,-0.108210504,0.06668714,False
14618,-0.023287028,-0.006177902,False
14619,-0.047680147,-0.05673764,False
14620,0.027714256,-0.010231326,False
14621,0.07996772,0.048799276,False
14622,-0.01342082,0.037319288,False
14623,-0.25040492,0.042141616,False
14624,0.09753374,0.018938811,False
14625,-0.0053213313,0.039455347,False
14626,-0.060642444,-0.026457734,False
14627,-0.08221984,-0.09889352,False
14628,-0.04241194,-0.0071503967,False
14629,-0.06737186,-0.008453444,False
14630,0.15200266,0.043463975,False
14631,-0.00505376,-0.00505376,False
14632,0.121542215,0.0044846535,False
14633,-0.10178902,-0.033619598,False
14634,0.0036787987,-0.15058565,False
14648,0.03067562,-0.013437495,False
14647,-0.10869381,-0.020759836,False
14646,0.32122073,0.11888409,False
14645,0.0033933222,-0.008514956,False
14644,-0.080462694,-0.016082674,False
14643,-0.052013308,0.00033390522,False
14617,0.002550289,-0.072135,False
14642,-0.19367224,0.009668291,False
14640,0.007309556,-0.061941683,False
14639,0.10392961,0.0070372336,False
14638,-0.008310386,-0.008310386,False
14637,-0.06850441,-0.04858005,False
14636,0.006063424,0.028131098,False
14635,0.023869641,0.007155493,False
14641,-0.35993034,-0.087659836,False
14616,-0.050188422,-0.039733887,False
14615,0.0035302714,-0.014675228,False
14614,-0.14974993,-0.010874689,False
14595,-0.0033912933,-0.0033912933,False
14594,-0.0022801086,-0.02420825,False
14593,-0.03784447,-0.02467573,False
14592,0.14145866,0.005335331,False
14591,0.0,0.00013839254,False
14589,0.015421309,0.027264819,False
14596,0.03479503,-0.0063387603,False
14588,-0.027396679,-0.027455091,False
14586,0.0022599772,-0.019784397,False
14585,0.08824617,0.051270425,False
14584,-0.29628992,-0.0016486943,False
14583,0.075819254,0.0078182295,False
14582,0.20090352,0.026333354,False
14581,-0.0049804756,-0.0049804756,False
14587,-0.016074944,-0.027751569,False
14579,-0.031219836,-0.0042571425,False
14597,-0.027981468,-0.002451457,False
14599,0.0,0.0010959114,False
14613,-0.008531013,-0.007834202,False
14612,0.014194496,0.0010287836,False
14611,0.029961996,-0.03835579,False
14610,0.0633304,0.058463633,False
14609,-0.011050273,-0.055822723,False
14608,0.0,0.0,False
14598,-0.11076516,-0.024601892,False
14607,-0.014934723,-0.013827697,False
14605,0.00215403,-0.02793362,False
14604,-0.0051597436,-0.0051597436,False
14603,0.0,0.0,False
14602,0.022024032,-0.008823518,False
14601,-0.08856782,0.021679029,False
14600,-0.019594103,-0.040941864,False
14606,-0.004425956,-0.004425956,False
14224,0.0027173907,0.0039642453,False
14223,0.054960873,-0.013772744,False
14222,-0.22421384,0.066548824,False
13834,0.009186829,-0.014191019,False
13835,0.010382108,-0.0074761137,False
13836,0.048427347,-0.012016464,False
13837,-0.014950953,-0.030891214,False
13838,-0.1994251,-0.050581098,False
13839,0.0,0.0,False
13840,0.077557944,-0.07534804,False
13841,-0.024857396,-0.024857396,False
13842,0.029798746,-0.005180478,False
13843,0.008989537,-0.014084337,False
13844,-0.020043422,-0.020043422,False
13845,0.012340545,-0.009703829,False
13846,0.04899597,-0.060664177,False
13847,0.04668808,-0.05127287,False
13848,0.0,0.0,False
13849,-0.017930076,0.0030338764,False
13850,-0.076253295,-0.23069644,False
13864,0.09658879,0.057905853,False
13863,-0.17067206,-0.08563489,False
13862,0.049815416,-0.08033937,False
13861,-0.0716993,0.012451202,False
13860,-0.059242934,0.0015061647,False
13859,-0.15690958,-0.05046624,False
13833,0.061146736,-0.030252457,False
13858,-0.21698141,-0.010997653,False
13856,0.025361061,-0.041165352,False
13855,0.03827434,-0.010925794,False
13854,0.04994297,-0.024269104,False
13853,-0.027343517,-0.027343517,False
13852,-0.030587137,-0.025927976,False
13851,0.08839178,-0.07519531,False
13857,0.03743136,0.114929974,False
13832,0.020576954,-0.108730316,False
13831,0.012860725,-0.010059524,False
13830,0.007763114,-0.03148466,False
13811,-0.11445454,-0.010091782,False
13810,0.02823025,-0.077101424,False
13809,-0.0141530745,-0.0141530745,False
13808,-0.17965822,0.008293092,False
13807,0.06166649,-0.025485039,False
13806,0.017949643,-0.02186546,False
13812,0.099292755,-0.24185562,False
13805,0.06862116,-0.02554655,False
13803,-0.0016215388,-0.023517177,False
13802,-0.0048134406,-0.0048134406,False
13801,0.049417973,-0.018300056,False
13800,0.0918169,-0.0069818497,False
13799,0.020637415,-0.023650408,False
13798,-0.023237228,-0.03139162,False
13804,-0.010133814,-0.010133814,False
13865,-0.012109071,-0.05640696,False
13813,0.061585426,-0.006799698,False
13815,0.0,0.0,False
13829,0.0061040707,-0.0150131695,False
13828,0.09546709,0.008025646,False
13827,-0.015261369,-0.015261369,False
13826,-0.005205941,-0.005205941,False
13825,0.04078634,0.014960654,False
13824,-0.022252476,-0.030622147,False
13814,0.015853167,0.024887443,False
13823,-0.004894072,-0.004894072,False
13821,0.010484625,-0.0066891983,False
13820,0.0,0.0,False
13819,-0.010159713,-0.010159713,False
13818,0.120913506,-0.0734787,False
13817,-0.020153673,-0.03722098,False
13816,0.008078823,-0.013586475,False
13822,0.0,0.0,False
13797,-0.06667042,-0.19956493,False
13866,-0.0280298,-0.016585767,False
13868,-0.17935693,-0.11203599,False
13905,0.11368322,-0.019917011,False
13906,0.07873045,-0.013365507,False
13907,0.073225975,-0.019957542,False
13908,0.09393206,-0.014112643,False
13909,-0.02758047,0.023236066,False
13910,-0.15497541,-0.01503849,False
13911,0.13437843,-0.039277077,False
13912,-0.031733036,-0.14569998,False
13913,-0.009325913,0.0037760483,False
13914,0.014030374,-0.009043501,False
13915,0.015564854,-0.0044222353,False
13916,-0.008977089,0.00070425496,False
13917,0.113633156,-0.009319305,False
13918,0.069898605,-0.0114860535,False
13919,-0.01770463,-0.036321413,False
13920,-0.04397501,-0.025283769,False
13921,0.102915585,-0.067492425,False
13935,0.041295584,0.0,False
13934,-0.024074698,-0.024074698,False
13933,-0.027583487,-0.0062961,False
13932,-0.013546148,-0.0030116485,False
13931,0.003608346,0.03517087,False
13930,-0.009411054,-0.009411054,False
13904,0.0,0.0,False
13929,-0.008433023,-0.008433023,False
13927,0.02535815,-0.019318761,False
13926,-0.06282018,-0.08531659,False
13925,0.006447792,-0.027018547,False
13924,0.0355926,-0.023394626,False
13923,0.07553768,-0.013948441,False
13922,-0.05235195,-0.09236479,False
13928,0.0,0.0,False
13903,-0.020500012,-0.018899422,False
13902,0.0073889773,-0.013750548,False
13901,-0.10315609,-0.06291485,False
13882,0.08312225,-0.004421234,False
13881,0.064204216,-0.006840706,False
13880,-0.004155696,-0.004155696,False
13879,0.060214996,-0.0076055527,False
13878,-0.01195273,-0.01195273,False
13877,0.10743332,-0.0084524155,False
13883,0.032423776,-0.056480866,False
13876,0.1478644,-0.0970568,False
13874,0.02379758,-0.083983526,False
13873,0.00067186356,-0.03246689,False
13872,0.0030613132,-0.009965606,False
13871,-0.00077409856,-0.022871202,False
13870,0.041615486,-0.05409193,False
13869,0.0,0.0,False
13875,-0.0318985,-0.03757,False
13867,0.04280567,-0.04662256,False
13884,0.07759792,0.0155748725,False
13886,-0.014502232,-0.014502232,False
13900,0.016347885,-0.05641365,False
13899,0.025218904,0.02945437,False
13898,0.018758727,-0.028104844,False
13897,0.0024476051,-0.028836727,False
13896,0.064676285,-0.021068573,False
13895,0.030948684,0.018314622,False
13885,-0.039046064,-0.039046064,False
13894,0.0759325,-0.03869152,False
13892,0.094037056,-0.022533417,False
13891,0.009089853,-0.009753189,False
13890,-0.0103662545,-0.0103662545,False
13889,0.0,0.0005079433,False
13888,-0.009015027,-0.009015027,False
13887,0.02188066,0.0,False
13893,-0.040118217,-0.21459198,False
13936,0.01154561,-0.032838132,False
13796,0.04015112,-0.03727579,False
13794,7.742643e-05,0.0064853393,False
13692,0.008126259,-0.038010597,False
13693,-0.06318903,-0.054679394,False
13694,0.0027170219,-0.019412547,False
13695,0.02525708,-0.014373228,False
13696,-0.00828215,-0.007031884,False
13697,0.02743582,-0.013783012,False
13698,-0.03768943,-0.083461136,False
13699,0.0,0.0,False
13700,0.029857872,-0.015126681,False
13701,0.035362802,-0.009480835,False
13702,-0.10712141,-0.021383882,False
13703,0.113375664,-0.017587662,False
13704,-0.071116775,0.009233326,False
13705,-0.042942047,-0.0510664,False
13706,-0.004277427,-0.004277427,False
13707,-0.027367193,0.034424745,False
13708,0.022192508,-0.040337533,False
13722,-0.04634792,-0.04634792,False
13721,0.0215247,-0.014198812,False
13720,0.28341794,-0.21558523,False
13719,-0.0049209516,-0.0049209516,False
13718,0.0576272,-0.030938625,False
13717,0.07790148,-0.0013458952,False
13691,-0.1163477,0.06698108,False
13716,0.13328648,-0.020169258,False
13714,0.013271809,-0.03392467,False
13713,-0.094220966,-0.028443247,False
13712,-0.002864441,0.0031997338,False
13711,0.06604796,0.0,False
13710,0.10710716,-0.024668694,False
13709,0.12202835,-0.01629734,False
13715,0.033967577,0.029923946,False
13690,-0.043508466,0.0006497428,False
13689,0.04667042,0.018041845,False
13688,0.1559221,0.02087675,False
13669,0.045111597,-0.045281783,False
13668,-0.03970237,-0.019367453,False
13667,0.0,0.0,False
13666,-0.5191946,-0.04645419,False
13665,-0.011620438,-0.0066453572,False
13664,0.0175094,-0.02443149,False
13670,0.11856507,0.010337949,False
13663,0.16784433,0.06087932,False
13661,0.008902994,-0.013199088,False
13660,0.017407332,0.010538127,False
13659,0.007913036,-0.014194861,False
13658,-0.0030352362,-0.06369897,False
13657,0.019677453,-0.022847317,False
13656,-0.005174614,-0.005174614,False
13662,-0.10478628,-0.10107708,False
13723,0.0025582016,-0.0027163625,False
13671,-0.023311583,-0.023311583,False
13673,0.056793183,-0.02096054,False
13687,-0.44460136,-0.06528044,False
13686,-0.24478096,0.05729866,False
13685,-0.17302728,-0.022428602,False
13684,-0.04366213,-0.054116666,False
13683,-0.10980642,-0.0929265,False
13682,-0.07765204,0.026597917,False
13672,0.0,0.0,False
13681,-0.011435732,-0.025263518,False
13679,0.009920646,-0.010066443,False
13678,-0.29226494,-0.13561153,False
13677,-0.16866314,-0.101937175,False
13676,0.0035300255,0.055211425,False
13675,-0.020810805,-0.016587675,False
13674,0.09633362,-0.11553085,False
13680,-0.112210155,-0.16271043,False
13795,-0.058019795,-0.058019795,False
13724,-0.023482453,-0.023482453,False
13726,0.10710335,-0.014513016,False
13763,0.093577385,-0.03525734,False
13764,-0.18858999,-0.057624757,False
13765,0.053102225,-0.0010338798,False
13766,-0.0050743674,-0.0050743674,False
13767,-0.0014559943,-0.02405787,False
13768,-0.035599418,-0.05722977,False
13769,0.13997364,-0.038604736,False
13770,0.024541378,-0.04321766,False
13771,0.011964654,-0.0050674463,False
13772,-0.07583809,-0.02884388,False
13773,0.056399345,-0.021718979,False
13774,-0.006515015,-0.011801945,False
13775,0.11584759,-0.05110264,False
13776,0.12344265,-0.008625984,False
13777,-0.0050979126,-0.0050979126,False
13778,0.0072180703,-0.038468905,False
13779,-0.031095505,-0.08499575,False
13793,0.032691542,-0.014545812,False
13792,0.08947563,-0.022171974,False
13791,0.008956432,-0.011592865,False
13790,-0.009870396,-0.009870396,False
13789,-0.047828585,-0.018444786,False
13788,-0.04389099,-0.06711025,False
13762,-0.005139895,-0.010645144,False
13787,0.019780952,-0.0036918141,False
13785,0.03297943,0.09122133,False
13784,-0.036643315,-0.01090233,False
13783,0.056599617,-0.0069351196,False
13782,0.004457444,-0.018837579,False
13781,0.018047083,-0.0049169185,False
13780,0.034774706,-0.009709755,False
13786,0.120121956,-9.536743e-07,False
13761,-0.013769541,-0.03755083,False
13760,0.030103177,-0.027044624,False
13759,-0.03603077,-0.025817394,False
13740,0.013273358,-0.083457194,False
13739,-0.041457597,-0.041457597,False
13738,0.067526154,0.019983437,False
13737,0.0034304112,-0.042661134,False
13736,0.0,0.0,False
13735,-0.040600058,-0.040600058,False
13741,-0.01706269,-0.04113035,False
13734,-0.021053089,-0.03808519,False
13732,0.10385513,-0.034291267,False
13731,0.06224823,-0.0189085,False
13730,-0.0113701485,-0.056280635,False
13729,-0.079244666,0.031554632,False
13728,-0.0020593405,-0.025081277,False
13727,0.11181831,-0.0136089325,False
13733,-0.002339255,-0.02467444,False
13725,-0.00703647,-0.000773564,False
13742,-0.031788725,-0.0942602,False
13744,0.0037059896,-0.019153975,False
13758,0.01789924,-0.004047248,False
13757,-0.018922761,-0.04105233,False
13756,0.16442414,-0.012118638,False
13755,-0.009877906,-0.009877906,False
13754,0.057023514,-0.024491053,False
13753,0.009438623,-0.005833879,False
13743,-0.014585278,-0.014585278,False
13752,-0.022162132,-0.022162132,False
13750,-0.30887794,-0.09372568,False
13749,-0.007205965,-0.02976496,False
13748,0.07857436,-0.007382393,False
13747,-0.12748098,-0.1599338,False
13746,0.13416624,-0.08689785,False
13745,0.0,0.0,False
13751,0.06512642,-0.012319565,False
13937,0.116189,-0.004709244,False
13938,0.15362549,-0.026795387,False
13939,0.0043287203,-0.019328563,False
14119,-0.008230984,0.10211992,False
14120,-0.08005601,-0.065215886,False
14121,0.0,0.0,False
14122,0.064462185,0.057294786,False
14123,-0.099602595,-0.044110328,False
14124,-0.45906782,-0.20894527,False
14125,-0.009546576,-0.009546576,False
14126,-0.09162414,-0.033131033,False
14127,-0.19285637,-0.020114958,False
14128,0.056115836,0.016370535,False
14129,0.0097288275,-0.015156382,False
14130,0.0,0.0,False
14131,-0.23413876,0.026342511,False
14132,-0.02252841,-0.095783114,False
14133,0.3576231,-0.01761961,False
14134,-0.007517357,-0.007517357,False
14135,0.11272532,0.017269917,False
14149,-0.07567483,-0.050848722,False
14148,-0.0045670983,-0.0045670983,False
14147,0.07976884,0.019338578,False
14146,0.066655815,-0.029089808,False
14145,0.120495796,-0.15030289,False
14144,0.1953702,0.0003862381,False
14118,-0.6736922,-0.23923516,False
14143,-0.029887766,0.00165084,False
14141,0.04017374,-0.0030243406,False
14140,-0.00040495396,-0.14002067,False
14139,-0.15011859,0.028140247,False
14138,-0.056152232,-0.11897794,False
14137,-0.07985115,-0.0053465366,False
14136,0.12718269,0.075095505,False
14142,-0.10956538,-0.033150673,False
14117,-0.06994939,0.006750107,False
14116,-0.08030227,0.022237867,False
14115,-0.047133744,0.024886906,False
14096,0.7721575,0.05670309,False
14095,0.05932302,-0.026103973,False
14094,-0.17642555,-0.06494582,False
14093,-0.0051180557,-0.0051180557,False
14092,-0.0047635515,-0.0041172397,False
14091,-0.0653266,0.028995425,False
14097,-0.0016115941,-0.014931619,False
14090,-0.101522766,0.0035924315,False
14088,-0.009710074,-0.009710074,False
14087,-0.16891241,0.032087803,False
14086,0.0030234419,-0.018337505,False
14085,0.046762712,-0.093299426,False
14084,0.0,0.0,False
14083,-0.5865524,0.053375483,False
14089,-0.26397347,-0.153481,False
14150,-0.005193006,-0.005193006,False
14098,-0.0047667813,-0.0047667813,False
14100,0.012474341,0.004684379,False
14114,0.014071077,0.09181738,False
14113,-0.008403191,0.013922613,False
14112,-0.0047970884,-0.0047970884,False
14111,0.06851575,-0.02328235,False
14110,-0.05253522,-0.0035551004,False
14109,-0.05239196,-0.01369302,False
14099,1.0542324,-0.18567038,False
14108,-0.0051597436,-0.0051597436,False
14106,0.18392861,0.13666403,False
14105,-0.2741995,-0.11366281,False
14104,-0.02840902,0.09145017,False
14103,0.048419505,0.05502674,False
14102,0.052641124,-0.046669394,False
14101,0.08050458,0.007555291,False
14107,0.039309144,-0.005062163,False
14082,0.009455204,0.036316633,False
14151,0.018140461,-0.028294928,False
14153,-0.15264684,0.07419062,False
14190,0.003754396,0.00224993,False
14191,0.017778993,0.016205072,False
14192,0.052678313,0.041504156,False
14193,-0.022871256,-0.025290713,False
14194,-0.28496212,-0.11647059,False
14195,0.014021913,0.008825991,False
14196,0.11496474,0.022056118,False
14197,0.0046033673,0.019405449,False
14198,-0.02620244,-0.039732546,False
14199,0.0,0.0,False
14200,-0.24487662,-0.17753464,False
14201,-0.0047635515,-0.0047635515,False
14202,-0.023808217,-0.023808217,False
14203,-0.20245177,-0.0053619146,False
14204,-0.35948902,-0.09331548,False
14206,-0.5540962,-0.12243605,False
14207,0.15270609,-0.099452496,False
14221,-0.0013884511,-0.019506829,False
14220,-0.023464644,-0.02292625,False
14219,0.0,0.00085522997,False
14218,-0.093030535,0.01578787,False
14217,-0.44017845,-0.02409935,False
14216,-0.020868987,-0.07767582,False
14189,-0.18180126,-0.052805305,False
14215,-0.10336125,-0.044419378,False
14213,-0.0070513114,-0.07123411,False
14212,-0.0065544844,0.034796953,False
14211,0.09103003,0.013928562,False
14210,0.070115745,0.018863201,False
14209,0.019259907,0.00699427,False
14208,-0.038750783,-0.038750783,False
14214,0.17421317,-0.0029371083,False
14188,0.0,0.0,False
14187,-0.010344349,-0.03331908,False
14186,-0.3581679,-0.047894716,False
14167,-0.11128542,-0.0725916,False
14166,0.03477478,0.08665636,False
14165,-0.45094132,-0.12881303,False
14164,0.030306786,0.02240467,False
14163,-0.0045988807,-0.0045988807,False
14162,-0.28404048,-0.076823056,False
14168,0.05004093,-0.01755771,False
14161,-0.0006747097,-0.023609152,False
14159,0.06302333,-0.020042837,False
14158,0.0154646225,-0.018271383,False
14157,0.08514157,-0.0075134933,False
14156,0.024855524,-0.055807143,False
14155,0.13949233,0.011684656,False
14154,-0.05652772,-0.02531372,False
14160,-0.20644514,-0.019381315,False
14152,0.003317058,-0.03486857,False
14169,-0.056975543,0.014560103,False
14171,-0.04204023,-0.07789707,False
14185,0.0,0.0022282398,False
14184,-0.1552799,0.0014671236,False
14183,0.011086807,-0.018911302,False
14182,-0.0099077,-0.0099077,False
14181,-0.012745358,-0.07905645,False
14180,-0.010079496,0.009301683,False
14170,0.06781906,0.010762572,False
14179,0.105436414,-0.0016176105,False
14177,-0.08386421,-0.08780855,False
14176,0.060903654,0.0073759407,False
14175,0.15552327,0.030023932,False
14174,-0.14633417,-0.08239341,False
14173,-0.053788394,-0.0038785338,False
14172,0.06502712,0.10647032,False
14178,0.021298429,0.03204131,False
14081,-0.019313196,-0.019313196,False
14080,-0.0064204,-0.009736035,False
14079,0.023476005,-0.011618257,False
13976,0.023658492,0.0,False
13977,0.0,0.0,False
13978,0.0070093675,-0.014209791,False
13979,0.096031144,0.012793642,False
13980,0.0001988858,-0.018644156,False
13981,-0.056657217,-0.01724286,False
13982,0.016949847,0.00601805,False
13983,0.119459674,0.039861128,False
13984,-0.0047416985,-0.021294504,False
13985,0.10552472,-0.027911901,False
13986,0.10564172,-0.02321899,False
13987,0.055351973,-0.11665416,False
13988,0.11677936,0.031620234,False
13989,0.082207024,-0.001496613,False
13990,-0.04491336,-0.007977061,False
13991,-0.19247271,-0.041787565,False
13992,-0.093485,-0.10685247,False
14006,-0.34338498,-0.10809249,False
14005,-0.36088455,0.0024570227,False
14004,0.023195133,-0.0042751133,False
14003,-0.21048817,-0.09117794,False
14002,-0.103486896,-0.019584954,False
14001,0.027998008,0.00044840574,False
13975,-0.0110144615,-0.049914837,False
14000,-0.024046287,0.0027464572,False
13998,-0.17635338,-0.052514642,False
13997,0.11089486,0.04066366,False
13996,-0.008175604,-0.008175604,False
13995,-0.041607916,-0.0699749,False
13994,-0.19600451,-0.0011446476,False
13993,0.52537155,-0.10757804,False
13999,-0.051485598,-0.050846815,False
13974,0.03967476,-0.06151676,False
13973,-0.011234283,-0.040267944,False
13972,-0.015082529,-0.038846403,False
13953,0.03129959,-0.060447216,False
13952,-0.08910537,-0.032177925,False
13951,0.02458322,-0.018843055,False
13950,-0.0067023,-0.049090408,False
13949,-0.0050575146,-0.0050575146,False
13948,0.0,0.0,False
13954,0.016519904,0.010941945,False
13947,0.014202118,-0.05752659,False
13945,0.003752552,-0.013581045,False
13944,0.0,0.0,False
13943,-0.009127181,-0.009127181,False
13942,0.0,0.0015142729,False
13941,0.04355849,0.0,False
13940,-0.018696781,-0.018696781,False
13946,0.058753524,-0.001887422,False
14007,-0.24055094,-0.07567841,False
13955,0.04870224,-0.037582397,False
13957,-0.015395492,0.022484746,False
13971,0.017685307,0.0,False
13970,0.056593448,-0.10341771,False
13969,0.0041692844,-0.0128628155,False
13968,-0.04278051,-0.0268711,False
13967,0.10076332,-0.02842331,False
13966,0.03688428,-0.054560903,False
13956,-0.022236556,0.0599702,False
13965,0.013167245,-0.008942315,False
13963,0.0023563914,-0.021464972,False
13962,0.050545275,0.082761526,False
13961,-0.0051694512,-0.02973631,False
13960,0.21612287,-0.015076995,False
13959,-0.005476661,0.06914452,False
13958,-0.37960976,-0.1442483,False
13964,0.022806808,-0.044349834,False
14008,-0.35884202,-0.072494626,False
14009,-0.035936683,-0.05660218,False
14010,-0.04415986,0.05983472,False
14060,0.0015296936,-0.029945314,False
14059,0.024349518,0.005744463,False
14058,-0.14105353,-0.05763063,False
14057,-0.028414719,-0.007876052,False
14056,0.0542444,0.026476264,False
14055,-0.10488549,-0.0031337738,False
14061,0.013944873,-0.0026898873,False
14054,0.043961525,-0.0067314506,False
14052,0.17791629,0.026160598,False
14051,-0.053165875,-0.035053328,False
14050,-0.1646266,-0.08982444,False
14049,-0.11743927,-0.15103668,False
14048,0.0,0.0,False
14047,0.013798125,-0.004818657,False
14053,0.46988857,-0.1511823,False
14046,-0.054218262,0.04087305,False
14062,-0.019943675,-0.019943675,False
14064,0.019661918,0.0054355487,False
14078,-0.11539674,-0.14009327,False
14077,-0.22841772,-0.012079805,False
14076,0.07234977,-0.012261212,False
14075,0.0304766,0.008165836,False
14074,0.004334418,-0.018554574,False
14073,0.06784731,-0.0033658147,False
14063,-0.22411186,0.055407643,False
14072,0.036821082,0.013256505,False
14070,-0.026556015,-0.06500985,False
14069,-0.25414646,-0.042263985,False
14068,-0.10439962,-0.008681983,False
14067,-0.23528558,-0.1367631,False
14066,-0.0051786387,-0.0049467343,False
14065,-0.037428185,-0.037428185,False
14071,-0.14895833,-0.11451383,False
14791,-0.050090164,-0.0023973584,False
14045,-0.13978767,0.049904466,False
14043,-0.01804701,-0.010362154,False
14024,-0.033549935,0.024667352,False
14023,-0.036518425,0.052560546,False
14022,-0.09837818,0.02798152,False
14021,-0.36645532,-0.16396475,False
14020,-0.010314648,-0.010314648,False
14019,-0.01949146,-0.01949146,False
14025,-0.48181736,-0.13087225,False
14018,-0.121141195,-0.1678195,False
14016,-0.15590298,-0.07991886,False
14015,-0.17561644,-0.034647286,False
14014,0.002238363,-0.049990296,False
14013,-0.0020995885,-0.023825819,False
14012,-0.082939476,-0.01960826,False
14011,-0.12951677,-0.011074543,False
14017,-0.25997233,-0.13035583,False
14044,0.16826802,0.0053544044,False
14026,-0.027872562,-0.14053345,False
14028,0.09476662,0.04112643,False
14042,0.036946915,-0.007682478,False
14041,-0.02291976,0.06876679,False
14040,0.0,7.2721894e-05,False
14039,-0.08746135,-0.036382854,False
14038,-0.0047039725,-0.051985852,False
14037,0.04146723,-0.006227743,False
14027,0.10883403,-0.036784172,False
14036,0.016569093,-0.0036689118,False
14034,0.016098142,-0.047487468,False
14033,-0.30071545,0.0051954985,False
14032,0.21671247,-0.16789675,False
14031,0.012895107,0.014544964,False
14030,-0.009644231,-0.006882718,False
14029,-0.02140379,-0.06059009,False
14035,-0.0141111715,-0.0073934263,False
13654,-0.010848865,-0.07677636,False
14792,-0.0094902795,-0.008943375,False
14794,0.0,7.1411065e-05,False
15544,0.031279206,-0.009549111,False
15545,-0.009453844,-0.032064162,False
15546,-0.073620126,-0.039924487,False
15547,-0.35611826,-0.21223271,False
15548,0.019443667,-0.0054213833,False
15549,0.020674132,-0.04516902,False
15550,-0.0049564024,-0.0049564024,False
15551,-0.20745918,0.0076702833,False
15552,-0.39186025,-0.092764854,False
15553,-0.009495199,-0.039396882,False
15554,-0.12021021,-0.044570565,False
15555,0.11017901,0.03284359,False
15556,0.019301862,-0.031267628,False
15557,-0.06086424,0.050378263,False
15558,-0.028243706,0.028412253,False
15559,-0.11862156,-0.05943957,False
15560,0.0,0.0,False
15574,0.07220616,0.016762547,False
15573,-0.11768481,-0.002145797,False
15572,-0.047849663,0.016108647,False
15571,-0.041871876,0.049055725,False
15570,-0.11169517,-0.070800066,False
15569,0.012464121,-0.026827902,False
15543,-0.057027984,-0.09887145,False
15568,-0.010890245,-0.027328908,False
15566,-0.07563275,-0.0555892,False
15565,-0.08708069,-0.017923713,False
15564,-0.33972788,-0.04158616,False
15563,-0.04002124,0.0022351742,False
15562,0.022348583,-0.012379587,False
15561,-0.054425456,-0.0484374,False
15567,-0.107949734,-0.063179374,False
15542,-0.24460423,-0.15319806,False
15541,-0.30905032,-0.0725224,False
15540,0.016279642,0.010767955,False
15521,0.005561292,-0.061397254,False
15520,-0.067991555,0.040832102,False
15519,0.5800384,-0.06845379,False
15518,0.0,0.0,False
15517,0.20255041,-0.17439437,False
15516,-0.013547471,-0.013547471,False
15522,-0.27486837,-0.09414971,False
15515,0.109649934,-0.004972458,False
15513,-0.005160007,-0.005160007,False
15512,0.061368644,0.016164608,False
15511,-0.009420435,-0.009420435,False
15510,0.036224592,-0.029431503,False
15509,-0.13207251,-0.064996004,False
15508,0.06812417,0.015990548,False
15514,-0.016382616,-0.021845428,False
15575,0.11836028,-0.17782998,False
15523,-0.044083238,0.02783817,False
15525,0.13099265,0.019336939,False
15539,-0.41465616,-0.13409925,False
15538,-0.008656209,-0.008656209,False
15537,0.0056409817,-0.01871424,False
15536,-0.059215777,-0.09776853,False
15535,-0.009429066,-0.0072314884,False
15534,-0.0036233715,-0.0036233715,False
15524,0.35463333,0.17159283,False
15533,-0.008285642,0.08415753,False
15531,-0.0263794,0.0034000203,False
15530,0.07475031,-0.012814072,False
15529,-0.79367125,-0.33203077,False
15528,-0.045342535,0.014484704,False
15527,-0.0036036894,-0.020167757,False
15526,0.09445874,0.019697092,False
15532,-0.11411386,-0.0013487935,False
15507,-0.11936031,-0.025007516,False
15576,0.07168424,-0.03328067,False
15578,-0.026499838,0.0033914372,False
15615,-0.029607382,0.008886613,False
15616,-0.027401337,-0.0018774066,False
15617,-0.038446352,-0.014058106,False
15618,-0.0016066656,-0.007518161,False
15619,-0.020919248,0.036338806,False
15620,-0.020934463,-0.18827397,False
15621,0.11937458,0.06154587,False
15622,0.08332068,-0.038901776,False
15623,-0.09500241,0.03514862,False
15624,0.11282183,0.011135876,False
15625,0.13084045,-0.3996068,False
15626,-0.10107398,-0.12643278,False
15627,0.13677055,-0.006855473,False
15628,-0.11667241,-0.045164168,False
15629,0.21121764,0.07207906,False
15630,-0.023965735,0.011565477,False
15631,0.14358145,0.04991512,False
15645,-0.011724114,0.0026459247,False
15644,-0.05557772,-0.076999456,False
15643,0.02091001,-0.036202863,False
15642,0.024177156,-0.030660927,False
15641,-0.085350215,0.015140533,False
15640,0.034123175,0.012025595,False
15614,0.0,0.0,False
15639,-0.34799618,-0.09722507,False
15637,-0.026110122,-0.009936348,False
15636,0.053984113,0.029155217,False
15635,-0.18827264,-0.06956473,False
15634,0.015874457,-0.004211957,False
15633,0.30963695,0.059001565,False
15632,0.09701425,-0.044775277,False
15638,0.09270388,0.013202727,False
15613,0.08611803,0.021515153,False
15612,-0.05894932,0.009039313,False
15611,-0.03392744,0.024466127,False
15592,0.06152475,0.0052642524,False
15591,0.34488916,0.033854008,False
15590,0.72542024,-0.2842791,False
15589,-0.04070051,-0.007658832,False
15588,0.29108083,0.06992674,False
15587,0.11036977,-0.015432246,False
15593,0.0,0.0,False
15586,-0.22740114,-0.062362194,False
15584,-0.102704525,-0.13415456,False
15583,-0.028699875,-0.034782186,False
15582,-0.052853346,-0.01417923,False
15581,0.036119938,0.029657245,False
15580,-0.0135409385,0.005237758,False
15579,-0.2391395,-0.036687553,False
15585,0.1420635,-0.05194509,False
15577,-0.18979162,-0.12250966,False
15594,-0.09503059,0.0009959042,False
15596,-0.0021737888,0.006916173,False
15610,-0.41400474,0.0097965,False
15609,-0.06878281,0.02662319,False
15608,-0.014043555,-0.059584476,False
15607,0.076232076,-0.032560676,False
15606,0.069748014,0.014674096,False
15605,0.43525934,-0.03719926,False
15595,-0.04117392,-0.06034723,False
15604,-0.2791886,-0.087201715,False
15602,-0.21791518,0.0065276623,False
15601,-1.0679696,-0.19220209,False
15600,-0.69700766,0.008083701,False
15599,-0.08513772,-0.027946621,False
15598,-0.017237663,-0.005386412,False
15597,0.32211733,-0.0109164715,False
15603,-0.9091079,-0.2053926,False
15646,0.011203827,-0.012300603,False
15506,0.03700179,-0.00971055,False
15504,-0.06910312,0.067934275,False
15401,-0.0020482354,-0.017988496,False
15402,0.013842195,0.016659424,False
15403,-0.15131505,-0.04007256,False
15404,0.07213682,-0.024672166,False
15405,0.23002541,0.036392093,False
15406,-0.28978205,-0.16444159,False
15407,-0.00976859,0.004121855,False
15408,-0.004219979,-0.006601572,False
15409,0.22276166,0.032574773,False
15410,0.027625099,0.0019006133,False
15411,-0.055917256,-0.010941908,False
15412,-0.08303061,0.02315393,False
15413,-0.052191377,-0.014487743,False
15414,0.27739275,-0.017641187,False
15415,0.090214014,-0.016016603,False
15416,0.015658438,-0.005974829,False
15417,-0.09235495,-0.055828035,False
15431,-0.085255384,0.049491614,False
15430,0.011716008,-0.117749214,False
15429,-0.16004556,-0.028227866,False
15428,0.061545536,0.0407449,False
15427,0.040973112,-0.03657484,False
15426,0.012801989,-0.008645873,False
15400,0.0,0.00012488528,False
15425,-0.004696539,-0.0034937724,False
15423,-0.0036876537,-0.012262508,False
15422,-0.10101923,0.015051991,False
15421,0.011838964,-0.009589816,False
15420,-0.22386849,0.013688564,False
15419,0.023171661,0.0,False
15418,-0.12002915,0.0047037005,False
15424,-0.0097020995,-0.0097020995,False
15399,-0.008821855,0.013747851,False
15398,-0.3989396,-0.08422518,False
15397,-0.033115856,0.021342494,False
15378,-0.08853257,-0.06305462,False
15377,0.0681451,0.034249604,False
15376,0.0072267074,-0.014870396,False
15375,0.2966205,-0.084688544,False
15374,0.15952209,-0.03739631,False
15373,-0.728184,-0.28780055,False
15379,0.0074511766,-0.015177205,False
15372,0.08705783,-0.0581069,False
15370,-0.04043545,-0.029181413,False
15369,-0.16356632,-0.046758026,False
15368,-0.2951932,-0.13501889,False
15367,-0.47970116,-0.11000991,False
15366,-0.03032334,-0.019494135,False
15365,0.021309733,-0.09513116,False
15371,0.15190917,-0.08015773,False
15432,-0.37215567,-0.25024152,False
15380,-0.014987688,-0.014892895,False
15382,-0.012206882,-0.06920959,False
15396,-0.06701136,0.029590964,False
15395,-0.045864522,-0.04563561,False
15394,0.12395644,-0.010960579,False
15393,0.2971494,0.014468491,False
15392,0.0047150776,-0.018459812,False
15391,0.6721654,0.011092663,False
15381,0.010169357,0.046631813,False
15390,-0.0049173213,-0.0049173213,False
15388,-0.107815504,-0.13884234,False
15387,-0.117476724,-0.0417289,False
15386,-0.11349419,-0.0452033,False
15385,0.20883143,0.14496052,False
15384,-0.014573812,-0.014573812,False
15383,0.031690225,0.0030298233,False
15389,-0.08063364,0.014421761,False
15505,-0.3405335,-0.24393177,False
15433,-0.16422391,-0.10380232,False
15435,-0.0013763905,0.006453991,False
15472,-0.0123306615,-0.0123306615,False
15473,-0.22550106,0.010844111,False
15474,0.057837084,0.014796481,False
15475,-0.05847597,-0.034938335,False
15476,0.16081357,0.047948122,False
15477,0.018574376,-0.004741758,False
15478,-0.01856439,-0.005319083,False
15479,-0.1167649,0.01924777,False
15480,-0.04087788,-0.100363195,False
15481,-0.012941211,0.07652736,False
15482,-0.02847886,-0.024232194,False
15483,-0.11205411,-0.058776975,False
15484,0.006662965,0.00084489584,False
15485,-0.11282256,-0.06518836,False
15486,0.0037133694,0.013974428,False
15487,-0.0362072,-0.07774472,False
15488,-0.27933463,-0.111658394,False
15503,-0.021456255,0.005965121,False
15502,-0.019192629,-0.012394432,False
15501,0.19655478,-0.082672775,False
15500,-0.0121096885,-0.01073584,False
15499,-0.060691,-0.06574342,False
15498,-0.035761,-0.097442746,False
15471,-0.12183237,-0.16863441,False
15497,-0.043432027,-0.06530326,False
15495,-0.10658839,-0.023374379,False
15494,-0.019282661,-0.019282661,False
15493,0.0,0.0,False
15492,0.011912048,-0.10341412,False
15490,-0.22268265,-0.021188796,False
15489,-0.1278697,-0.002126664,False
15496,0.017534848,0.01789207,False
15470,-0.004584724,-0.004584724,False
15469,-0.30818486,0.029620886,False
15468,-0.09755951,-0.04257804,False
15449,-0.25353274,-0.006588757,False
15448,-0.0047551068,-0.0029447537,False
15447,0.030986927,-0.013592426,False
15446,-0.30058235,-0.10718477,False
15445,0.015286446,-0.06435001,False
15444,-0.00977546,-0.05159104,False
15450,0.01832807,-0.03267598,False
15443,-0.6377778,0.036780357,False
15441,-0.044908643,0.034833908,False
15440,0.0,0.0,False
15439,0.023252066,-0.019736405,False
15438,0.050525405,-0.00234887,False
15437,0.035483755,0.023032472,False
15436,0.03279996,-0.0124258995,False
15442,-0.19912872,0.009504706,False
15434,-0.003967165,-0.0019571963,False
15451,-0.013839691,-0.013839691,False
15453,-0.00462337,-0.00462337,False
15467,-0.07238905,-0.027692616,False
15466,0.0,0.0,False
15465,0.0,0.0,False
15464,0.0,0.0,False
15463,0.03873071,0.0048789605,False
15462,-0.005046529,-0.005046529,False
15452,0.003170222,0.010483004,False
15461,-0.03232242,-0.02153765,False
15459,-0.008272005,-0.030689705,False
15458,0.00646127,-0.056910336,False
15457,-0.018972786,-0.018972786,False
15456,-0.21455443,-0.05759573,False
15455,0.10267979,0.02241528,False
15454,-0.10992509,-0.045788288,False
15460,0.066319555,0.11341989,False
15364,0.08757037,-0.033551693,False
15647,-0.03993914,-0.014456481,False
15649,0.093792096,-0.021090785,False
15828,0.01763463,-0.046473697,False
15829,-0.12101078,0.014983058,False
15830,-0.077415705,-0.013704777,False
15831,-0.22532415,-0.036088407,False
15832,0.0101468265,0.017051518,False
15833,-0.07472702,-0.0591342,False
15834,0.06714702,0.01682591,False
15835,0.0763354,-0.03178087,False
15836,-0.008302845,-0.008049802,False
15837,-0.009375281,-0.0071559884,False
15838,-0.0024944209,-0.02408718,False
15839,-0.067006245,-0.00799197,False
15840,-0.006392516,-0.022067845,False
15841,0.024973791,-0.0019316087,False
15842,-0.08279163,-0.05048254,False
15843,-0.031989157,0.013979495,False
15844,0.10574592,0.01436352,False
15858,0.012014853,-0.009752506,False
15857,-0.028405862,-0.028405862,False
15856,0.21255803,-0.2298317,False
15855,-0.009722302,-0.009722302,False
15854,0.120677575,0.030895784,False
15853,0.0,0.0,False
15827,0.014148861,-0.07428935,False
15852,-0.097733565,-0.03189306,False
15850,-0.18400791,-0.0032236576,False
15849,-0.04634428,0.029034406,False
15848,-0.05205357,-0.04273972,False
15847,-0.08552408,-0.07832992,False
15846,-0.23303398,0.03699076,False
15845,0.039445646,-0.028426098,False
15851,-0.27030838,0.07184124,False
15826,-0.16778663,-0.11141828,False
15825,-0.020337489,-0.002527006,False
15824,0.08565539,-0.010872245,False
15805,-0.017860668,-0.017860668,False
15804,0.0,0.0,False
15803,-0.18410194,-0.014095783,False
15802,0.0,0.0008894145,False
15801,-0.11432804,0.004532516,False
15800,-0.1667017,-0.013847142,False
15806,-0.00453614,-0.00453614,False
15799,-0.018314855,-0.018314855,False
15797,-0.004716768,-0.004716768,False
15796,-0.18175785,-0.016866863,False
15795,-0.086731255,-0.04942453,False
15794,0.017135918,0.0760819,False
15793,-0.27476114,-0.04297459,False
15792,0.011096507,0.059817992,False
15798,-0.032898113,-0.004836425,False
15859,-0.024381429,-0.024381429,False
15807,-0.056599904,0.007419307,False
15809,0.00217247,-0.10503292,False
15823,-0.13242376,-0.03638941,False
15822,0.0,0.010470514,False
15821,-0.12268448,0.01480782,False
15820,-0.13071072,-0.09199795,False
15819,-0.30099452,0.057241082,False
15818,-0.34763038,0.057798147,False
15808,-0.08736749,-0.022713989,False
15817,-0.004436502,-0.004436502,False
15815,0.0036515929,-0.018878754,False
15814,-0.081047505,0.023967266,False
15813,0.24615842,-0.059970617,False
15812,0.03466314,-0.020981982,False
15811,-0.0036918141,-0.0036918141,False
15810,-0.009341277,0.005134766,False
15816,0.04347214,-0.0026921555,False
15791,-0.15789029,-0.037380457,False
15860,-0.3014692,-0.10181522,False
15862,-0.23494688,0.029219747,False
15899,-0.01589179,0.13968694,False
15900,0.103978515,0.03485328,False
15901,0.029447824,0.049969837,False
15902,0.022443946,-0.023089662,False
15903,-0.108523846,-0.11181593,False
15904,-0.07085726,-0.096322805,False
15905,0.03624662,-0.0150951,False
15906,0.012500495,0.037782982,False
15907,-0.3982284,-0.03004694,False
15908,-0.04462809,-0.00072687864,False
15909,0.009806931,-0.013591871,False
15910,0.0,0.0012258118,False
15911,0.0012854468,-0.020649258,False
15912,-0.038438946,0.016011607,False
15913,-0.019611754,-0.023957927,False
15914,-0.04831034,-0.014362514,False
15915,-0.20130968,-0.061692595,False
15929,-0.3653227,-0.0035338402,False
15928,-0.014163312,-0.036810413,False
15927,0.0,0.0,False
15926,0.25947404,-0.003269732,False
15925,0.075980425,-0.1744188,False
15924,-0.0027860403,0.11948395,False
15898,-0.17410702,-0.05588925,False
15923,-0.09865409,-0.045078576,False
15921,0.15790196,0.03556697,False
15920,-0.008295882,-0.008295882,False
15919,-0.032197073,-0.029036,False
15918,-0.036106985,-0.019021865,False
15917,-0.026050944,-0.026050944,False
15916,0.0,0.0,False
15922,0.04314932,-0.025089893,False
15897,-0.5993204,-0.11386585,False
15896,-0.08540526,-0.015978128,False
15895,-0.082837105,-0.020296425,False
15876,-0.024018876,-0.019525453,False
15875,0.028722718,-0.032410353,False
15874,0.017730568,0.019037914,False
15873,-0.023762293,-0.019535085,False
15872,-0.31006497,0.002619505,False
15871,-0.018763643,0.014761135,False
15877,0.033318117,-0.028720187,False
15870,0.02161263,0.015670806,False
15868,-0.011155085,-0.0050772675,False
15867,0.27667964,-0.15671718,False
15866,-0.017266873,-0.017266873,False
15865,-0.07707834,0.014706016,False
15864,0.20261258,0.1465109,False
15863,-0.12670279,-0.20310926,False
15869,-0.023453832,-0.027128264,False
15861,-0.12440053,0.016380906,False
15878,-0.04865411,-0.10109472,False
15880,0.05759208,-0.016108058,False
15894,-0.01324898,-0.058981836,False
15893,0.18000379,0.10685423,False
15892,0.111373216,0.055582926,False
15891,-0.045139223,0.030103445,False
15890,-0.041267723,-0.09866291,False
15889,-0.05193767,-0.05247405,False
15879,-0.032877963,-0.0013697445,False
15888,-0.19447917,-0.07638943,False
15886,-0.26287913,-0.1794424,False
15885,-0.37602955,-0.061521888,False
15884,-0.19815409,-0.09673333,False
15883,0.111782596,0.06506786,False
15882,0.005567861,-0.009565404,False
15881,0.051900163,-0.037459172,False
15887,-0.26932794,-0.03849995,False
15648,-0.14983548,-0.03339334,False
15790,-0.031979322,0.019737989,False
15788,-0.062093377,0.05140552,False
15686,0.022075884,-0.017356586,False
15687,-0.13601851,-0.082249165,False
15688,0.04536499,0.025228105,False
15689,-0.024054198,-0.004314158,False
15690,0.1662054,0.08425361,False
15691,0.017725958,-0.0012716467,False
15692,0.04287082,0.03273326,False
15693,-0.0039994186,-0.0039994186,False
15694,0.028007746,0.036776125,False
15695,0.06502682,-0.046747148,False
15696,-0.034803987,0.07150477,False
15697,-0.002176484,0.007549349,False
15698,-0.016222388,-0.010940343,False
15699,0.14604357,-0.027573407,False
15700,0.028317511,-0.02865225,False
15701,-0.11558506,-0.053723335,False
15702,-0.061645113,-0.08258015,False
15716,0.026856847,-0.011629405,False
15715,0.08396152,-0.028306335,False
15714,-0.36618185,-4.6711497,False
15713,-0.18311054,-0.00469172,False
15712,-0.18744168,-0.015567273,False
15711,0.0,0.0,False
15685,-0.16732971,-0.032595813,False
15710,-0.07364903,-0.011260197,False
15708,-0.0043214094,-0.0043214094,False
15707,-0.077068835,0.044587165,False
15706,0.28614855,-0.031187057,False
15705,0.2927413,-0.12982774,False
15704,-0.23546696,-0.20175457,False
15703,-0.03440714,-0.01097852,False
15709,-0.012721422,-0.008531002,False
15684,-0.009428883,-0.009428883,False
15683,-0.20776638,-0.031492606,False
15682,0.05905482,0.013710856,False
15663,0.06656429,0.0022885427,False
15662,-0.01714024,-0.35047576,False
15661,-0.030350447,-0.022743002,False
15660,-0.08289033,-0.0023877844,False
15659,-0.40544593,-0.104632735,False
15658,0.06617236,0.15865088,False
15664,0.03553643,-0.015350528,False
15657,-0.42816734,-0.19112802,False
15655,0.5916335,0.08503884,False
15654,0.040172294,-0.00039440393,False
15653,0.013077604,-0.008922799,False
15652,-0.0045285313,0.014967065,False
15651,-0.036995977,-0.056951463,False
15650,-0.34673363,-0.050036073,False
15656,-0.03610632,0.0096975565,False
15717,0.113523304,-0.08255327,False
15665,-0.0840354,-0.018725425,False
15667,-0.021489585,-0.007137675,False
15681,0.14182393,0.06100583,False
15680,0.008982535,0.009978872,False
15679,0.035371598,-0.027388982,False
15678,0.0035255589,-0.01810479,False
15677,0.0017001033,-0.0033341944,False
15676,0.019612819,0.014836259,False
15666,-0.2577932,0.04994923,False
15675,-0.08485487,-0.036940485,False
15673,-0.024890125,-0.033606052,False
15672,0.15766841,-0.017578632,False
15671,-0.037865177,0.037975818,False
15670,-0.13347913,-0.08470304,False
15669,0.076002955,0.010391355,False
15668,0.008616149,-0.06034863,False
15674,0.11628866,0.03690952,False
15789,0.0,0.0,False
15718,-0.16421187,-0.023555875,False
15720,0.5282943,0.11076182,False
15757,-0.03364159,-0.0323996,False
15758,0.061739028,0.007594526,False
15759,-0.004049537,-0.004049537,False
15760,-0.03362131,-0.16209316,False
15761,-0.27819505,0.0071979165,False
15762,0.13811934,0.13771427,False
15763,-0.3082558,0.034864664,False
15764,0.06519144,-0.11019159,False
15765,0.04309611,0.05602479,False
15766,-0.10090655,-0.033806026,False
15767,0.0028308183,-0.0431152,False
15768,0.0108311325,0.049300134,False
15769,-0.0063587055,-0.0082129445,False
15770,0.008651376,-0.013877988,False
15771,-0.062311165,0.014185101,False
15772,-0.096006855,-0.09569748,False
15773,-0.0045857676,-0.0045857676,False
15787,0.16554111,0.033360094,False
15786,-0.13181674,0.008515507,False
15785,0.06729546,-0.016983032,False
15784,-0.018118223,-0.018118223,False
15783,-0.4609635,-0.0017236471,False
15782,0.011190915,-0.009885996,False
15756,-0.03480643,-0.017112285,False
15781,-0.07214469,-0.0071140826,False
15779,-0.12885678,-0.15821517,False
15778,0.00061938167,-0.030216858,False
15777,-0.001929786,-0.046472043,False
15776,-0.022596987,0.0070255958,False
15775,-0.04711525,-0.030739248,False
15774,0.017065553,-0.005291652,False
15780,0.0052660555,-0.01616408,False
15755,0.21777171,-0.080491364,False
15754,-0.029431283,-0.026261628,False
15753,-0.0050436854,0.022340238,False
15734,0.08991647,-0.00010681152,False
15733,0.0,0.0,False
15732,-0.09654772,-0.037049115,False
15731,-0.009193589,-0.009193589,False
15730,0.011308312,-0.02254808,False
15729,-0.09586692,-0.026739031,False
15735,0.0,0.0,False
15728,-0.018349417,-0.018349417,False
15726,0.026428431,0.046207875,False
15725,0.0051830187,-0.037091184,False
15724,0.059011936,0.012739539,False
15723,-0.08638176,-0.03841339,False
15722,0.014955252,-0.02921775,False
15721,-0.11011438,-0.030148238,False
15727,-0.19337851,0.036445737,False
15719,0.0619241,-0.040462993,False
15736,-0.05652674,-0.010937143,False
15738,0.034005,-0.077659294,False
15752,0.098427385,-0.051997215,False
15751,-0.18312526,0.013559461,False
15750,-0.0035024756,-0.0016162512,False
15749,0.030942753,0.030027002,False
15748,0.076982245,0.00096575916,False
15747,-0.13147259,0.03195727,False
15737,-0.018395701,-0.0102355,False
15746,0.0007598046,0.0035537407,False
15744,-0.053916134,-0.024976082,False
15743,0.02299434,-0.06491047,False
15742,-0.0019010678,-0.011517763,False
15741,-0.050750986,-0.039926752,False
15740,-0.017023355,-0.0025639832,False
15739,-0.0033912933,-0.0033912933,False
15745,-0.00052164495,-0.022556206,False
15363,0.0022522826,-0.017530968,False
15362,-0.058692046,-0.01506903,False
15361,-0.0046749087,-0.0046749087,False
14973,-0.0048735146,-0.0048735146,False
14974,0.011232133,-0.010189601,False
14975,-0.031644225,-0.031644225,False
14976,0.0,0.0,False
14977,0.0,0.0,False
14978,-0.0049688914,-0.0049688914,False
14979,-0.014785072,-0.014785072,False
14980,-0.014519291,-0.014519291,False
14981,0.009680419,-0.013771578,False
14982,0.022395339,-0.021849018,False
14983,-0.36801732,0.064141214,False
14984,-0.027674241,-0.0034327004,False
14985,-0.015851676,-0.012690902,False
14986,-0.004547674,-0.004547674,False
14987,-0.009202419,-0.009202419,False
14988,-0.004470864,-0.004470864,False
14989,-0.008880455,-0.008880455,False
15003,-0.3478135,-0.15126634,False
15002,-0.53187394,-0.10303426,False
15001,-0.45229292,-0.07895517,False
15000,-0.06542182,0.020978808,False
14999,-0.13476479,0.0137755275,False
14998,-0.014240861,-0.09262538,False
14972,-0.024288064,-0.024288064,False
14997,0.006172657,-0.043520153,False
14995,-0.06713128,-0.014483094,False
14994,-0.17050576,-0.12800026,False
14993,-0.23654729,-0.04868883,False
14992,-0.12234241,0.12049699,False
14991,0.008703984,-0.03524176,False
14990,0.11032456,0.009411395,False
14996,0.022467852,0.036615252,False
14971,0.062562004,-0.0084777,False
14970,-0.003628571,-0.003628571,False
14969,-0.009915533,-0.009915533,False
14950,-0.2142604,-0.03763306,False
14949,-0.29956102,-0.05736345,False
14948,0.07996392,-0.0019008815,False
14947,0.05929452,0.027673185,False
14946,0.1193698,0.0232277,False
14945,-0.020898283,-0.02289696,False
14951,-0.022994667,-0.03710881,False
14944,-0.16130072,-0.10055435,False
14942,0.027801573,-0.03334869,False
14941,-0.017951652,0.00078450143,False
14940,-0.019572854,-0.0943135,False
14939,0.009351402,-0.010389506,False
14938,-0.3385889,-0.07894188,False
14937,-0.10382801,-0.054468274,False
14943,-0.5892416,-0.16388738,False
15004,-0.531613,0.022559881,False
14952,0.0,0.0,False
14954,-0.06356931,0.0078079402,False
14968,-0.0033746362,0.022382379,False
14967,-0.061949313,0.034383446,False
14966,0.022823215,-0.02141726,False
14965,-0.117609024,-0.10965371,False
14964,1.0058813,-0.31632638,False
14963,0.39246225,-0.21412563,False
14953,-0.05902672,-0.048129708,False
14962,-0.16262722,-0.18812895,False
14960,-0.07688302,-0.16790771,False
14959,0.0,0.0,False
14958,-0.024660975,0.03331262,False
14957,0.023417234,-0.05762726,False
14956,-0.024057655,-0.022510668,False
14955,0.004960723,0.028782792,False
14961,-0.0379415,-0.004552506,False
14936,-0.010076635,0.02247861,False
15005,-0.28208542,-0.20728493,False
15007,-0.59930277,-0.1527834,False
15044,-0.2427665,0.03310752,False
15045,-0.0014751256,-0.32378757,False
15046,-0.50643134,-0.3879137,False
15047,0.02908267,0.044025518,False
15048,0.0,0.0006467148,False
15049,-0.14449695,-0.029714197,False
15050,0.041057706,-0.10369909,False
15051,-0.14990759,-0.09099579,False
15052,-0.004640963,-0.004640963,False
15053,-0.17227808,-0.0035017729,False
15054,0.12039298,-0.02063334,False
15055,-0.12309176,-0.014869928,False
15056,0.072350964,-0.1405537,False
15057,-1.1836331,-0.14081907,False
15058,0.017659426,0.0043545226,False
15059,0.0,0.0,False
15060,-0.3215623,-0.06186399,False
15074,0.0,0.003188279,False
15073,0.6394352,-0.11194551,False
15072,0.012916587,-0.023010671,False
15071,0.07428552,0.059493944,False
15070,0.02111724,0.0,False
15069,-0.28666115,-0.05909729,False
15043,-0.15147957,-0.06599045,False
15068,0.028232887,0.022790372,False
15066,-0.20964861,0.023441792,False
15065,0.14298087,0.008285962,False
15064,-0.024724837,-0.022255253,False
15063,0.0036628265,-0.014119303,False
15062,-0.034259707,-0.008335471,False
15061,0.17484689,0.039000273,False
15067,0.07333422,-0.047873974,False
15042,-0.2220003,-0.004248798,False
15041,0.07960719,-8.627772e-05,False
15040,0.0,0.0,False
15021,-0.0057992414,-0.06410271,False
15020,-0.13363028,0.020221531,False
15019,-0.37463522,-0.08736825,False
15018,0.05152008,-0.031968698,False
15017,0.0028285831,-0.009467334,False
15016,0.24980257,0.03639224,False
15022,-0.49422657,-0.11274469,False
15015,-0.16612935,-0.21956873,False
15013,0.004085554,-0.018290238,False
15012,-0.016937457,-0.016937457,False
15011,-0.039170265,-0.008863743,False
15010,-0.6624005,-0.075969934,False
15009,-0.23483872,-0.08956003,False
15008,-0.0279761,-0.0279761,False
15014,-0.0100163,-0.0100163,False
15006,-0.19432855,-0.13910031,False
15023,-0.10714626,-0.1049608,False
15025,-0.15979663,-0.03210053,False
15039,0.077292085,0.04450214,False
15038,-0.045347065,-0.038763408,False
15037,-0.24868244,-0.017625272,False
15036,-0.01859986,-0.01859986,False
15035,0.031612992,0.057658255,False
15034,0.29400873,-0.2493453,False
15024,-0.1813097,0.044053555,False
15033,0.09531602,0.031010062,False
15031,0.032194257,-0.014520764,False
15030,-0.10342823,-0.045798242,False
15029,0.03506863,-0.008339326,False
15028,-0.0462206,-0.032143533,False
15027,-0.0044784844,0.050397128,False
15026,0.013987273,-0.04453142,False
15032,-0.099347115,-0.08561057,False
15075,-0.16048765,0.04471743,False
14935,-0.082280606,-0.061756015,False
14933,-0.15943995,0.05140534,False
14831,-0.11208567,-0.056350157,False
14832,-0.0052511254,-0.0045143655,False
14833,0.31777155,0.101784945,False
14834,-0.17873943,-0.0998528,False
14835,0.2785797,-0.015645325,False
14836,0.09133351,0.00826782,False
14837,-0.0130427815,-0.0130427815,False
14838,0.0,0.00019872336,False
14839,0.13454182,0.06811194,False
14840,-0.14970832,-0.018729478,False
14841,-0.17276716,-0.033533692,False
14842,0.13880014,-0.19208312,False
14843,0.0,0.0,False
14844,-0.0887562,-0.04340446,False
14845,-0.1093671,-0.016500145,False
14846,-0.39793396,-0.010715127,False
14847,-0.09802714,-0.06647971,False
14861,-0.17684752,-0.026368678,False
14860,0.09339583,-0.03229344,False
14859,-0.008045554,0.03918761,False
14858,-0.4754243,-0.09143591,False
14857,0.0,0.0,False
14856,0.013322432,-0.031445697,False
14830,0.04731205,0.002842918,False
14855,-0.30277908,-0.18799067,False
14853,-0.098165065,-0.10179907,False
14852,0.3034212,0.031261146,False
14851,0.2599637,0.013799429,False
14850,-0.11401451,-0.07730496,False
14849,-0.25381613,-0.049043417,False
14848,-0.092980444,-0.01631035,False
14854,-0.023950577,-0.036852576,False
14829,0.039352905,-0.010872398,False
14828,-0.15319133,0.0055828094,False
14827,-0.42941976,-0.31498933,False
14808,-0.005111791,-0.0032614341,False
14807,0.013817519,-0.025286645,False
14806,-0.041821066,-0.041821066,False
14805,-0.033343554,-0.08209135,False
14804,-0.061332673,-0.0052130967,False
14803,0.022647101,0.0,False
14809,-0.010763809,-0.016700909,False
14802,0.09159142,0.072968364,False
14800,0.020802421,-0.0041103587,False
14799,0.075746655,0.031124681,False
14798,-0.0099186655,0.0073142406,False
14797,-0.004937267,-0.004937267,False
14796,0.08210038,0.013523933,False
14795,0.015628055,-0.049690083,False
14801,0.103637055,-0.0034412146,False
14862,0.09580886,0.045122087,False
14810,0.04995855,0.01303514,False
14812,-0.0010787956,-0.03883142,False
14826,-0.015690863,0.045709074,False
14825,-0.17159805,0.014929265,False
14824,0.0,0.0,False
14823,0.0,0.0,False
14822,0.0,0.0,False
14821,-0.27416468,-0.060816646,False
14811,0.011113976,-0.008235809,False
14820,-0.0097201625,-0.0097201625,False
14818,-0.019993767,-0.019998416,False
14817,0.07382752,0.0134611875,False
14816,-0.059002966,-0.0110954195,False
14815,-0.007628724,0.010473698,False
14814,-0.05345601,-0.13231766,False
14813,0.11645892,0.021175176,False
14819,-0.35120934,0.21015489,False
14934,0.0101753175,0.012366295,False
14863,-0.0058115516,0.0008557346,False
14865,0.012488604,-0.20519066,False
14902,0.0,0.0,False
14903,-0.02750358,0.027414978,False
14904,-0.22112119,-0.12385297,False
14905,-0.1541323,-0.08320564,False
14906,0.040588513,-0.00042053498,False
14907,-0.08191456,-0.025428087,False
14908,-0.0021885484,-0.066627,False
14909,-0.25419676,-0.081333995,False
14910,0.0,0.00049952354,False
14911,-0.0015013367,-0.020890981,False
14912,-0.10093551,0.0018204153,False
14913,-0.004061069,-0.004061069,False
14914,-0.015861943,0.013378821,False
14915,0.0,0.0,False
14916,-0.014101176,-0.014101176,False
14917,-0.24967849,-0.1354301,False
14918,-0.0050395867,-0.0050395867,False
14932,0.022017956,-0.041802883,False
14931,0.093752414,0.06107506,False
14930,-0.21405649,-0.16401994,False
14929,-0.009109408,-0.0074728616,False
14928,-0.036174007,-0.005453095,False
14927,-0.09448325,0.0035408437,False
14901,-0.11143702,0.032135844,False
14926,0.07575348,-0.007944822,False
14924,0.001229465,-0.06569125,False
14923,-0.025151648,-0.025151648,False
14922,-0.11736125,-0.07013303,False
14921,-0.05234979,0.013285264,False
14920,-0.048350424,-0.061040312,False
14919,-0.14628685,-0.16298676,False
14925,-0.16666362,0.0035813153,False
14900,0.012191105,-0.0009371196,False
14899,-0.1385814,-0.056367517,False
14898,0.08778548,-0.0021155477,False
14879,-0.14466551,-0.026016623,False
14878,-0.05849784,0.013584748,False
14877,0.063472524,-0.023009831,False
14876,-0.019002587,0.01216514,False
14875,-0.0147707425,-0.037417844,False
14874,0.05462694,0.037676692,False
14880,0.02053392,0.10069007,False
14873,0.04245427,-0.04361296,False
14871,-0.009727716,0.06753981,False
14870,-0.116809845,-0.23714256,False
14869,0.027209342,0.030865937,False
14868,-0.05984059,0.030207679,False
14867,-0.030596405,-0.036309317,False
14866,0.0,0.0,False
14872,0.10600931,0.0052716136,False
14864,-0.6890414,-0.15821314,False
14881,0.010704029,-0.012747968,False
14883,-0.0029958934,-0.008715674,False
14897,-0.17139435,-0.28890896,False
14896,-0.00742165,-0.045029953,False
14895,-0.029401183,-0.012096822,False
14894,-0.1485014,-0.09100771,False
14893,-0.28271765,0.059999704,False
14892,-0.839978,-0.33186793,False
14882,-0.05837924,-0.026564118,False
14891,0.0622767,0.028287001,False
14889,0.01709738,-0.004350482,False
14888,0.01812213,-0.004638302,False
14887,-0.0051165484,-0.0051165484,False
14886,0.04936695,0.01906836,False
14885,0.0,0.0,False
14884,0.08450496,0.018944621,False
14890,-0.261971,-0.13028914,False
15076,0.042615574,-0.012364909,False
15077,0.099547476,0.023713887,False
15078,-0.004061069,-0.0021630402,False
15258,-0.09156537,0.04673004,False
15259,-0.06620085,0.022116065,False
15260,0.16653204,-0.14010143,False
15261,-0.051702023,-0.006222844,False
15262,-0.26591468,-0.22198486,False
15263,0.12275028,-0.07509953,False
15264,-0.593137,-0.19345164,False
15265,0.0,0.0,False
15266,-0.2777871,-0.074145615,False
15267,0.13949312,-0.005772099,False
15268,-0.60668564,-0.13783157,False
15269,-0.47883773,-0.12211871,False
15270,-0.5003073,-0.0085680485,False
15271,-0.20116502,-0.06580144,False
15272,0.12641874,0.018293738,False
15273,-0.5802077,-0.086680055,False
15274,0.0,0.0,False
15288,-0.0056118667,-0.007343419,False
15287,-0.44210172,-0.122174144,False
15286,-0.06025648,0.04936546,False
15285,-0.017226376,-0.017226376,False
15284,-0.54729915,-0.14123297,False
15283,-0.016937375,-0.055211186,False
15257,-0.40937567,-0.22202969,False
15282,-0.22807693,0.11038804,False
15280,0.015018925,-0.24398427,False
15279,-0.115960956,0.045327783,False
15278,-0.0050029927,-0.0050029927,False
15277,0.10391128,-0.039334178,False
15276,-0.0078318715,0.022483781,False
15275,0.0,0.0,False
15281,0.08935487,-0.011537671,False
15256,0.0010115951,-0.0153471865,False
15255,-0.037690878,0.024157047,False
15254,0.101658106,0.03661132,False
15235,-0.019483449,-0.019483449,False
15234,-0.035054013,0.04981184,False
15233,-0.0906229,-0.12656069,False
15232,-0.2759846,-0.11632192,False
15231,-0.7180176,-0.17900229,False
15230,-0.10476279,0.10545349,False
15236,-0.25149965,0.06820929,False
15229,-0.022873098,-0.007589815,False
15227,-0.024571463,0.015707582,False
15226,0.10268119,-0.046384305,False
15225,-0.021677349,-0.014108926,False
15224,-0.19509256,-0.072695315,False
15223,-0.010718271,-0.039049312,False
15222,0.021112442,0.07180536,False
15228,0.062004656,-0.034961715,False
15289,-0.007138122,-0.0060613807,False
15237,-0.5881361,-0.23970509,False
15239,-0.3322413,-0.029543102,False
15253,0.13596654,-0.01615423,False
15252,-0.035213828,0.007447362,False
15251,-0.012852185,-0.012852185,False
15250,-0.05603957,-0.07804108,False
15249,-0.08189607,-0.033593416,False
15248,-0.08186138,-0.0074022114,False
15238,0.035334438,-0.009976536,False
15247,-0.007889971,-0.006398998,False
15245,-0.032211006,0.022048473,False
15244,-0.13516068,0.044312358,False
15243,0.26576447,-0.07358384,False
15242,-0.21397817,-0.06745309,False
15241,0.12804508,0.08520627,False
15240,-0.02161634,-0.082877636,False
15246,0.0,0.0,False
15221,-0.10242987,-0.05386138,False
15290,0.004052235,-0.018390635,False
15292,0.091236696,-0.015929177,False
15329,0.047774434,-0.013216823,False
15330,0.084690765,0.02783133,False
15331,0.019146528,0.0019482262,False
15332,0.08752015,-0.0035265535,False
15333,-0.020738252,-0.024789255,False
15334,-0.014972657,-0.010938525,False
15335,-0.13752884,0.0003004074,False
15336,-0.3316486,-0.06448269,False
15337,-0.0894537,-0.12923408,False
15338,-0.0040890537,-0.0040890537,False
15339,-0.098740086,-0.028853565,False
15340,-0.009632016,-0.00961554,False
15341,0.025610536,0.008727938,False
15342,-0.0930382,-0.040989816,False
15343,-0.13077348,-0.10108292,False
15344,-0.06543825,-0.1342905,False
15345,-0.041701548,-0.011173293,False
15360,-0.13088495,-0.15385611,False
15359,-0.009568887,-0.009568887,False
15358,-0.010150611,0.0060068667,False
15357,-0.09839189,0.09061766,False
15356,-0.4075004,-0.09320474,False
15355,0.13737369,0.0274778,False
15328,-0.021475017,-0.012047768,False
15354,-0.16976434,-0.019872308,False
15352,-0.6673801,-0.23421168,False
15351,-0.24166667,-0.28700268,False
15349,0.10411444,-0.007885434,False
15348,-0.00796053,-0.00796053,False
15347,-0.029714061,-0.029714061,False
15346,0.042586923,0.019590735,False
15353,0.025386661,0.044313803,False
15327,0.07615942,-0.013095796,False
15326,0.020656401,0.0,False
15325,-0.22743198,-0.054238856,False
15306,0.0,0.0,False
15305,-0.002539007,-0.022097444,False
15304,-0.0051480606,-0.02719817,False
15303,-0.12825805,-0.06651139,False
15302,-0.005136603,-0.0013496575,False
15301,-0.061533444,0.020954356,False
15307,0.0,0.0,False
15300,-0.08352126,0.020931602,False
15298,0.020162914,-0.043382507,False
15297,0.009910792,-0.07274051,False
15296,0.0,0.0,False
15295,0.10580151,0.009472191,False
15294,-0.0061671697,-0.029098567,False
15293,-0.056485176,-0.3236308,False
15299,-0.3348066,-0.04779327,False
15291,0.100418806,-0.1456089,False
15308,0.09843218,0.069518805,False
15310,0.015613422,-0.07421218,False
15324,0.29707956,-0.033652782,False
15323,-0.20704293,-0.12444192,False
15322,-0.04632682,-0.010905512,False
15321,0.022357205,0.0010817823,False
15320,-0.0014667511,-0.04040187,False
15319,0.0,0.0012210433,False
15309,0.0,0.0004885882,False
15318,-0.25886488,-0.030976117,False
15316,0.055455923,0.0196881,False
15315,-0.0083000865,-0.0083000865,False
15314,-0.0032373075,-0.0032373075,False
15313,-0.030888308,-0.010127883,False
15312,0.013895489,0.009260997,False
15311,0.1204347,-0.040860415,False
15317,0.013887525,-0.0012906392,False
15220,-0.11528667,0.0064736754,False
15219,-0.07582167,-0.017031789,False
15218,-0.040930867,-0.019658327,False
15115,0.053213418,0.00080141425,False
15116,-0.018792843,-0.018792843,False
15117,-0.001453042,-0.09055107,False
15118,-0.045748927,-0.021893792,False
15119,0.033247545,-0.044971697,False
15120,0.0,0.0,False
15121,-0.1238242,-0.030997023,False
15122,0.009328738,-0.0154824555,False
15123,0.021154385,0.05133788,False
15124,0.023363179,0.0,False
15125,0.058072235,0.0015308969,False
15126,0.022050109,0.0,False
15127,-0.009988924,-0.009988924,False
15128,-0.048601463,-0.025868997,False
15129,-0.17683312,-0.026361793,False
15130,-0.11209752,0.019446716,False
15131,-0.29226208,-0.19972587,False
15145,0.0,0.0,False
15144,0.04008492,0.0020455876,False
15143,-0.08137015,-0.01293458,False
15142,-0.020255953,-0.008437492,False
15141,0.025942842,0.008031385,False
15140,-0.009978792,-0.034426667,False
15114,0.008800447,-0.023235478,False
15139,-2.4400651e-05,-0.0074113384,False
15137,0.008004952,-0.037966326,False
15136,-0.0142310215,-0.0142310215,False
15135,-0.021196783,-0.0043410063,False
15134,-0.5244558,-0.15217245,False
15133,-0.0049875677,-0.027740216,False
15132,-0.6141021,-0.2815132,False
15138,-0.009765218,-0.009765218,False
15113,0.0,0.0,False
15112,-0.049691767,-0.021009862,False
15111,0.0,0.0,False
15092,-0.08291887,-0.043940812,False
15091,-0.23596668,-0.11825478,False
15090,-0.33483624,-0.13871193,False
15089,-0.7044914,-0.4099779,False
15088,-0.122923374,-0.15376687,False
15087,-0.20886093,-0.07620257,False
15093,-0.01838263,-0.01838263,False
15086,0.0,0.0,False
15084,0.040292315,-0.082619965,False
15083,-0.040898144,-0.08179206,False
15082,-0.020939298,-0.020939298,False
15081,0.016757533,-0.0031498643,False
15080,0.0874311,0.007474974,False
15079,-0.083001465,0.03223604,False
15085,0.022647688,-0.01827714,False
15146,-0.39821196,0.018529654,False
15094,0.02574277,-0.12020081,False
15096,0.03817211,0.0047071464,False
15110,-0.004351817,0.024838805,False
15109,0.037311673,0.044159383,False
15108,-0.3125369,0.086844504,False
15107,0.0,0.0,False
15106,-0.14665401,-0.060827076,False
15105,0.008319955,-0.014565021,False
15095,0.099197686,-0.04080516,False
15104,-0.18271911,0.014671087,False
15102,-0.026090141,-0.026090141,False
15101,0.01378236,-0.0077891764,False
15100,0.07686138,0.021169662,False
15099,-0.0025595129,-0.009446204,False
15098,0.05644332,0.003207326,False
15097,0.0053861886,-0.024994537,False
15103,-0.02246427,-0.02246427,False
15147,-0.024720492,-0.024720492,False
15148,0.06859928,0.073869705,False
15149,-0.235771,-0.06295794,False
15199,0.26321614,-0.015983045,False
15198,0.0,0.0,False
15197,0.007674217,-0.028101504,False
15196,0.2642048,-0.06857562,False
15195,0.038679942,0.006464556,False
15194,-0.0139276385,-0.041254517,False
15200,0.0,0.0,False
15193,-0.22193089,-0.056042254,False
15191,-0.0117409825,0.027280658,False
15190,0.016358782,0.0,False
15189,-0.013102861,-0.010620462,False
15188,-0.056711018,0.036821425,False
15187,0.09477255,0.011749089,False
15186,-0.013217386,-0.013217386,False
15192,-0.03155662,0.022750303,False
15185,-0.004804872,-0.004804872,False
15201,0.11955929,0.0895316,False
15203,-0.004938297,-0.004938297,False
15217,0.011934287,-0.013387145,False
15216,-0.016862862,0.012324564,False
15215,-0.012900621,-0.0099476725,False
15214,-0.010474667,-0.013775833,False
15213,0.018954514,0.055840023,False
15212,-0.17482617,-0.077736855,False
15202,-0.03752488,0.009104073,False
15211,-0.42566472,-0.056150377,False
15209,-0.2724165,0.020309865,False
15208,-0.6803091,-0.098682046,False
15207,-0.02865559,-0.00013880618,False
15206,-0.052392364,-0.042441487,False
15205,0.0,0.0,False
15204,-0.1715743,-0.06462264,False
15210,0.30752635,0.03254628,False
14793,0.0028192084,-0.012571733,False
15184,-0.032946564,0.026173186,False
15182,0.2190952,-0.018495798,False
15163,-0.03252907,0.024002776,False
15162,-0.09178592,-0.008803591,False
15161,-0.030250538,-0.017806262,False
15160,0.039827593,0.0009659752,False
15159,0.11022636,-0.0037520826,False
15158,-0.04932966,-0.017192371,False
15164,0.08320292,-0.09489023,False
15157,0.0146686435,-0.022335649,False
15155,-0.010139987,-0.02671893,False
15154,-1.0698619,0.016257524,False
15153,0.36259913,-0.027050018,False
15152,-0.021930307,-0.028822005,False
15151,0.02160157,0.0014935032,False
15150,-0.11493957,0.02381754,False
15156,-0.10193747,-0.054874033,False
15183,-0.008765784,-0.008028895,False
15165,0.082887426,0.0244743,False
15167,0.0,0.0021862052,False
15181,0.016527057,-0.11679104,False
15180,-0.36735773,-0.09081817,False
15179,-0.012664333,-0.039027266,False
15178,-0.08635774,-0.040611953,False
15177,0.02706024,0.061423182,False
15176,0.05380273,0.0030953884,False
15166,-0.05294895,-0.06848264,False
15175,-0.072258905,-0.02215498,False
15173,0.6631447,0.10708845,False
15172,0.0,0.0,False
15171,-0.0074190125,0.0061258376,False
15170,-0.0017621219,-0.009013139,False
15169,0.046397485,-0.06362483,False
15168,0.022606563,0.0,False
15174,-0.019658148,0.001878947,False
9093,-0.025109058,-0.020529078,False
9105,-0.45533538,-0.094150186,False
9091,0.08156927,-0.020090066,False
3030,0.04839558,0.027684808,False
3031,-0.002505809,-0.019515166,False
3032,0.10486199,-0.0063252524,False
3033,-0.02426927,-0.02426927,False
3034,0.0,0.0,False
3035,-0.02037505,-0.02037505,False
3036,-0.052757308,0.0015265048,False
3037,0.005849909,0.008698314,False
3038,0.05479482,-0.05585,False
3039,0.0158999,-0.033052668,False
3040,-0.032000087,-0.055228062,False
3041,-0.012847014,0.024194904,False
3042,-0.042499293,-0.021790203,False
3043,0.02358534,0.0,False
3044,0.0,0.0,False
3045,-0.004983937,-0.004983937,False
3046,-0.019420458,-0.019420458,False
3060,-0.004025647,-0.004025647,False
3059,0.02218002,0.0,False
3058,-0.022798555,-0.045385465,False
3057,-0.023608983,-0.04843685,False
3056,-0.02833739,-0.09281232,False
3055,-0.038963187,-0.038963187,False
3029,-0.013930895,-0.013930895,False
3054,0.00692128,-0.015258741,False
3052,-0.00834893,-0.00834893,False
3051,-0.0045746295,-0.0045746295,False
3050,-0.00958499,-0.00958499,False
3049,-0.013609807,-0.013609807,False
3048,0.004013288,-0.014829754,False
3047,0.008848716,0.029278621,False
3053,-0.010271175,-0.010271175,False
3028,-0.035319872,-0.05736998,False
3027,0.008394845,-0.036683217,False
3026,0.0,0.0,False
3007,0.04004526,-0.043851458,False
3006,0.023587715,2.4413519e-05,False
3005,-0.018465491,-0.018465491,False
3004,0.0,0.0,False
3003,0.020556595,-0.041328285,False
3002,0.017222567,-0.029797891,False
3008,0.0,0.0,False
3001,0.031006835,-0.014932327,False
2999,-0.0048698788,-0.0048698788,False
2998,-0.10688171,-0.034265883,False
2997,0.022939526,0.0,False
2996,-0.009527923,-0.009527923,False
2995,0.04065969,-0.0042532887,False
2994,0.17933655,-0.20792246,False
3000,-0.02573797,-0.04814761,False
3061,-0.0052289614,-0.0050105676,False
3009,0.026093269,-0.010179518,False
3011,-0.009877757,-0.009877757,False
3025,0.019266037,-0.0045919847,False
3024,-0.062922806,0.003369391,False
3023,0.021615192,-0.0150150405,False
3022,0.0043779854,0.0033062529,False
3021,0.020881161,0.038229838,False
3020,0.018643122,-0.0040039783,False
3010,0.0,0.0,False
3019,-0.005995158,-0.023777287,False
3017,-0.012399416,-0.017522957,False
3016,0.037468627,-0.032478727,False
3015,-0.011698997,-0.035755984,False
3014,-0.005097175,-0.005097175,False
3013,-0.023029359,-0.023029359,False
3012,0.094441384,-0.0044636726,False
3018,0.017009357,0.0,False
2993,0.008660657,-0.0138030015,False
3062,0.013666291,-0.049544837,False
3064,0.021385727,0.00019775704,False
3101,-0.046377175,-0.046377175,False
3102,-0.004784322,-0.004784322,False
3103,-0.058050618,-0.029859602,False
3104,-0.013938732,-0.013938732,False
3105,0.026090536,-0.03346456,False
3106,-0.03174523,-0.03174523,False
3107,-0.008114368,-0.031284954,False
3108,-0.04165909,-0.06179222,False
3109,-0.0048027425,-0.0048027425,False
3110,-0.009135598,-0.009135598,False
3111,5.170703e-05,0.03114736,False
3112,-0.0698387,-0.06502807,False
3113,0.04377365,-0.026695818,False
3114,0.116675556,-0.014795363,False
3115,-0.025908232,-0.0220377,False
3116,-0.023959335,-0.020137228,False
3117,0.0,0.0,False
3132,0.11957891,-0.016241372,False
3130,0.02013313,0.0,False
3129,-0.479979,-0.12174308,False
3128,0.040887475,0.051905572,False
3127,0.0,0.0,False
3126,0.116629325,-0.017240152,False
3100,0.009860913,-0.013434109,False
3125,0.08423169,-0.008957222,False
3123,-0.0039407616,-0.0039407616,False
3122,-0.010838108,-0.006174365,False
3121,-0.060329616,-0.009263635,False
3120,0.22116739,-0.013230205,False
3119,0.0,0.0,False
3118,-0.0066698045,-0.050170925,False
3124,-0.07112083,-0.065494776,False
3099,-0.010149146,-0.010149146,False
3098,-0.011285478,-0.0344636,False
3097,0.0,0.0,False
3078,-0.0049436693,-0.0049436693,False
3077,-0.0048137996,-0.0048137996,False
3076,0.036142714,0.00079692435,False
3075,0.18904835,-0.0071409345,False
3074,-0.019603873,0.007808069,False
3073,-0.025669008,-0.009898484,False
3079,-0.009401978,-0.009401978,False
3072,-0.00996813,-0.00996813,False
3070,-0.0011645593,0.0057068914,False
3069,0.021409815,-0.022686126,False
3068,-0.04356514,0.012968391,False
3067,-0.08676818,-0.0062525272,False
3066,0.0,0.0,False
3065,0.0033481792,-0.004521519,False
3071,-0.014192224,-0.014192224,False
3063,-0.033044573,-0.014392607,False
3080,0.043264866,0.029120822,False
3082,-0.038163777,-0.038163777,False
3096,0.015817977,-0.028508294,False
3095,0.018726572,-0.0038057566,False
3094,0.013399139,-0.029504776,False
3093,-0.014923796,-0.014923796,False
3092,0.018130735,-0.0005539339,False
3091,0.04529775,0.014235288,False
3081,0.020183712,-0.062490344,False
3090,0.065825246,-0.046447948,False
3088,-0.014583966,-0.031651273,False
3087,-0.013949996,-0.013949996,False
3086,-0.012380946,-0.056094795,False
3085,0.016081713,0.016022798,False
3084,0.0077517293,-0.009581868,False
3083,0.048871957,-0.026886795,False
3089,0.01860886,-0.013820685,False
3133,0.06322908,-0.0067714974,False
2992,0.00297199,-0.014810139,False
2990,0.0033290908,-0.03597698,False
2888,-0.0070264973,-0.029693542,False
2889,-0.004491555,-0.004491555,False
2890,-0.0304677,-0.053352676,False
2891,0.06085427,-0.026250029,False
2892,-0.007739881,-0.024098663,False
2893,0.0,0.0,False
2894,0.0,0.0,False
2895,-0.00088783354,0.04129289,False
2896,-0.008874428,-0.008874428,False
2897,-0.01878542,-0.01878542,False
2898,0.057781696,0.009661689,False
2899,0.0,0.0,False
2900,0.0,0.0,False
2901,0.0,0.0,False
2902,-0.016102834,-0.0077500157,False
2903,-0.03513844,-0.03513844,False
2904,-0.0055099055,-0.047603764,False
2918,-0.017547648,-0.017547648,False
2917,0.0,0.0,False
2916,-0.009701528,-0.009701528,False
2915,-0.0047549387,0.0017573028,False
2914,-0.014488288,-0.014488288,False
2913,-0.008392123,-0.008392123,False
2887,-0.040071703,-0.0635237,False
2912,0.46895674,-0.037819237,False
2910,-0.015032748,-0.015032748,False
2909,-0.0034862934,-0.0034862934,False
2908,0.06431683,-0.10683248,False
2907,0.042743936,0.012421602,False
2906,0.001046747,-0.019046452,False
2905,-0.03249083,-0.03249083,False
2911,-0.004554102,-0.004554102,False
2886,0.0,0.0,False
2885,-0.011102395,-0.033163175,False
2884,-0.013795398,-0.013795398,False
2865,0.0,0.0,False
2864,-0.0046622367,-0.0046622367,False
2863,-0.0043857507,-0.0043857507,False
2862,-0.010613237,-0.010613237,False
2861,-0.04651536,-0.023113698,False
2860,-9.8884106e-05,-0.007907167,False
2866,0.025348438,0.025519388,False
2859,0.080787875,-0.109444715,False
2857,0.15665174,-0.08825035,False
2856,-0.018353928,-0.018353928,False
2855,-0.014481565,-0.014481565,False
2854,0.016947187,-0.00494845,False
2853,-0.024971664,0.037371308,False
2852,0.024991263,-0.033749107,False
2858,0.0064721107,-0.015099425,False
2919,-0.009192793,-0.028489428,False
2867,0.08015411,-0.009795414,False
2869,0.03609437,-0.03653572,False
2883,0.0,0.0,False
2882,-7.072091e-05,0.014067829,False
2881,0.17032453,0.030313283,False
2880,-0.0015847329,-0.024504982,False
2879,0.013194075,-0.008699365,False
2878,-0.0016821641,-0.013747396,False
2868,-0.0038334213,-0.0038334213,False
2877,-0.015074933,-0.015074933,False
2875,0.036611766,-0.008942361,False
2874,0.0,0.0,False
2873,-0.01030859,-0.01030859,False
2872,-0.010250846,-0.010250846,False
2871,0.01236196,-0.009523426,False
2870,0.04438017,-0.024143081,False
2876,-0.0049591395,-0.0044862633,False
2991,-0.004746907,-0.004746907,False
2920,0.0151332645,0.0,False
2922,-0.018428292,0.0006386936,False
2959,0.031146444,-0.02466032,False
2960,-0.026360154,0.003943056,False
2961,0.056312628,-0.03365615,False
2962,0.0,0.0,False
2963,-0.060889833,0.016196847,False
2964,0.022019075,0.0,False
2965,-0.0039407616,-0.0039407616,False
2966,0.005946368,-0.04231412,False
2967,-0.0011432245,0.0029729046,False
2968,0.010547876,-0.011561684,False
2969,-0.0037769224,-0.0037769224,False
2970,-0.009804783,-0.009804783,False
2971,0.035159007,-0.009966585,False
2972,0.010189595,-0.0049436693,False
2973,0.031996332,-0.009267552,False
2974,-0.04313649,-0.04313649,False
2975,0.07665287,-0.13556926,False
2989,-0.013663654,-0.013663654,False
2988,-0.013798391,-0.03717624,False
2987,-0.014368318,-0.05356139,False
2986,-0.010577634,0.03524226,False
2985,0.0,0.0,False
2984,0.052338183,-0.018557437,False
2958,-0.06236562,0.0361782,False
2983,-0.034489185,-0.012743235,False
2981,0.042588044,-0.0048964294,False
2980,0.0,0.0,False
2979,-0.09820626,-0.14406164,False
2978,-0.026123308,-0.041256573,False
2977,-0.026132718,-0.002040878,False
2976,-0.0011780597,-0.0007788297,False
2982,-0.009833231,-0.009833231,False
2957,-0.012963901,-0.012963901,False
2956,-0.02442911,0.018330159,False
2955,0.0,0.00061506394,False
2936,-0.012734877,-0.012734877,False
2935,-0.04800323,-0.034635946,False
2934,-0.09099907,-0.042734474,False
2933,-0.047822244,-0.023725845,False
2932,-0.0033912933,-0.0033912933,False
2931,0.0,0.0,False
2937,0.021871231,0.000108295135,False
2930,-0.094975434,0.03446658,False
2928,-0.0049740216,-0.0049740216,False
2927,-0.004425956,-0.004425956,False
2926,0.033270977,-0.013502051,False
2925,0.03670129,0.0034900606,False
2924,0.031428758,-0.014090373,False
2923,-0.0040659606,-0.014045566,False
2929,-0.05017815,-0.0034370683,False
2921,0.018960046,-0.0050770068,False
2938,-0.0027034134,-0.024616461,False
2940,0.019262666,-0.004076405,False
2954,-0.009885786,-0.009885786,False
2953,-0.014364844,-0.014364844,False
2952,0.018827531,-0.004841865,False
2951,0.0124349,-0.014483754,False
2950,-0.017036479,-0.00076473877,False
2949,-0.00070600584,-0.023590982,False
2939,0.020454574,0.0,False
2948,0.0007763058,0.014930218,False
2946,0.013217769,-0.0093533,False
2945,0.09186679,-0.023311198,False
2944,-0.004230254,-0.004230254,False
2943,0.023628354,0.0,False
2942,0.0,0.0,False
2941,0.0,0.00017291257,False
2947,-0.0012016296,-0.040792353,False
2851,-0.003208775,0.023995642,False
3134,-0.026080951,-0.010583594,False
3136,-0.018372864,0.017781302,False
3315,0.013025542,-0.005525205,False
3316,0.019944794,0.02909543,False
3317,-0.004987846,-0.004987846,False
3318,0.0,0.0,False
3319,-0.02346996,-0.023169486,False
3320,-0.008760308,-0.023893572,False
3321,0.05569612,-0.034954507,False
3322,0.0,0.0,False
3323,0.0,0.0,False
3324,-0.024812547,-0.024812547,False
3325,0.034816023,-0.009897298,False
3326,0.010397337,0.0052929185,False
3327,0.031441234,-0.011476502,False
3328,-0.008460385,-0.008460385,False
3329,-0.013921596,-0.036810588,False
3330,0.0,0.0,False
3331,0.01219099,-0.10006159,False
3345,-0.0124918865,-0.0124918865,False
3344,0.0028119162,-0.038520746,False
3343,0.014763005,-0.010625329,False
3342,0.039043855,-0.004979828,False
3341,0.11933469,-0.023423195,False
3340,-0.4247749,0.03338647,False
3314,0.0,0.0,False
3339,0.01158113,0.019116186,False
3337,0.018676568,0.057923373,False
3336,-0.0147006335,-0.0147006335,False
3335,0.0,0.0,False
3334,0.006840246,-0.009100014,False
3333,0.029537907,-0.015545728,False
3332,0.0061579496,-0.058810174,False
3338,-0.0055447873,-0.02815135,False
3313,-0.017476592,-0.017476592,False
3312,0.036833763,0.035294473,False
3311,-0.005950464,-0.027379245,False
3292,-0.34989,-0.16318059,False
3291,-0.4966557,-0.18425179,False
3290,0.0,8.7030094e-05,False
3289,0.017087907,-0.017684594,False
3288,-0.004681545,-0.0034863255,False
3287,0.0,0.0,False
3293,-0.84496737,-0.059408545,False
3286,0.02212122,0.0,False
3284,0.0,0.00010545812,False
3283,0.0047758594,-0.002422817,False
3282,-0.38038632,-0.033024132,False
3281,0.0061160885,-0.060188156,False
3280,-0.067410395,-0.07487407,False
3279,-0.004681545,-0.0038515264,False
3285,0.14881112,0.06460455,False
3346,0.016152764,-0.028511861,False
3294,-0.009733317,-0.005558491,False
3296,0.0,0.0,False
3310,0.0,0.0,False
3309,-0.07187638,-0.0004413277,False
3308,0.0,0.0,False
3307,0.0,0.0,False
3306,0.035219267,-0.018095836,False
3305,-0.3585713,-0.27906215,False
3295,0.26800895,-0.052865505,False
3304,-0.48482573,0.05700898,False
3302,-0.26389813,0.016256154,False
3301,-0.46728647,-0.10782385,False
3300,0.0,0.0,False
3299,-0.14780986,0.13804007,False
3298,-0.03356743,-0.041886806,False
3297,0.016255975,-0.038696438,False
3303,-0.21609378,0.0070898533,False
3278,-0.0156717,0.03224972,False
3347,0.00954923,0.030690357,False
3349,0.013338016,-0.0043214094,False
3386,-0.0044185743,-0.010511804,False
3387,0.0,0.0,False
3388,0.052069858,-0.0146564245,False
3389,0.00092221145,-0.015018049,False
3390,0.0,0.0,False
3391,-0.019811595,-0.019811595,False
3392,-0.0051040817,-0.0051040817,False
3393,-0.014056595,-0.014056595,False
3394,0.0,0.0,False
3395,-0.0039443076,-0.030338295,False
3396,-0.014566648,0.011934152,False
3397,-0.04211427,-0.0847681,False
3398,-0.009510892,-0.009510892,False
3399,0.013294965,-0.008621255,False
3400,0.015004631,-0.047860827,False
3401,-0.010250542,-0.010250542,False
3402,0.23636404,-0.12324464,False
3416,-0.0072317496,-0.036655374,False
3415,-0.0336679,-0.0336679,False
3414,0.0,0.0,False
3413,0.0,0.0,False
3412,0.031035222,-0.013954827,False
3411,-0.06006234,-0.03340529,False
3385,0.004030168,-0.0049847215,False
3410,0.012894953,-0.009847019,False
3408,0.013262488,-0.03136015,False
3407,0.0,0.0026693507,False
3406,0.08586214,-0.028813966,False
3405,0.0036328696,-0.019839898,False
3404,0.024883606,-0.06469631,False
3403,0.025612941,-0.019560037,False
3409,-0.033783536,-0.033783536,False
3384,0.0,0.0,False
3383,-0.010032423,-0.010032423,False
3382,-0.0041037896,-0.0041037896,False
3363,-0.115597434,-0.18594915,False
3362,-0.030699138,-0.053972058,False
3361,-0.008247878,0.04267281,False
3360,0.01797317,-0.0049898075,False
3359,0.0,0.0,False
3358,0.0,0.0,False
3364,0.053934768,-0.23660381,False
3357,0.046054475,-0.014789483,False
3355,-0.004887038,-0.004887038,False
3354,0.12829645,0.011019245,False
3353,-0.0033912933,-0.0033912933,False
3352,-0.008287234,-0.014331201,False
3351,0.0,0.0,False
3350,0.017849617,0.01454127,False
3356,-0.014406247,-0.014406247,False
3348,0.015452385,0.07802376,False
3365,0.09187645,-0.029265314,False
3367,-0.010004349,-0.010004349,False
3381,-0.06755963,-0.015867978,False
3380,0.0024451986,-0.020494327,False
3379,0.058713198,-0.052364275,False
3378,-0.0021205805,-0.024382629,False
3377,-0.009943292,0.019182302,False
3376,0.01807857,-0.004631537,False
3366,-0.0055212546,-0.027897047,False
3375,-0.0018140115,-0.024081241,False
3373,0.0,0.0,False
3372,-0.029636722,-0.004380729,False
3371,0.012804929,-0.004227171,False
3370,0.03801994,-0.0011145175,False
3369,0.0023803487,-0.037818715,False
3368,-0.008910869,-0.008910869,False
3374,-0.0035814513,-0.019521711,False
3135,-0.040496603,0.013250798,False
3277,0.016184617,-0.005110465,False
3275,0.0,0.0,False
3173,-0.018609595,-0.018609595,False
3174,-0.17458045,0.089215934,False
3175,-0.020039884,-0.020039884,False
3176,-0.0030344948,0.016119506,False
3177,-0.044938087,-0.017998457,False
3178,-0.0047487416,-0.0047487416,False
3179,0.060842842,0.018943489,False
3180,-0.02306272,-0.009021178,False
3181,0.41744757,0.08091587,False
3182,-0.005027678,-0.005027678,False
3183,-0.14704767,-0.08745816,False
3184,-0.01646024,0.014635801,False
3185,-0.029757492,-0.04787898,False
3186,0.112479776,-0.0014804453,False
3187,-0.10515323,0.018430173,False
3188,-0.027555764,-0.06680354,False
3189,0.0,0.0,False
3203,0.06374687,-0.111358166,False
3202,0.3656453,-0.060709596,False
3201,-0.03336203,0.078929424,False
3200,0.0055751204,-0.042393833,False
3199,-0.036932856,0.073951855,False
3198,-0.0045059593,-0.0045059593,False
3172,0.0,0.0,False
3197,0.021590836,0.008974519,False
3195,-0.05739732,-0.0807605,False
3194,-0.013365962,-0.058581647,False
3193,-0.01737837,0.024063282,False
3192,0.012994502,-0.004787627,False
3191,-0.02413699,-0.019844025,False
3190,0.044091955,-0.010929555,False
3196,0.009395391,0.013595521,False
3171,-0.022870004,0.008845761,False
3170,-0.2950161,-0.065941036,False
3169,-0.65327966,-0.018550873,False
3150,0.0,0.0,False
3149,-0.019336132,-0.019336132,False
3148,-0.00146427,-0.022316493,False
3147,-0.10808751,-0.046174765,False
3146,0.0008249581,-0.013366103,False
3145,-0.11534542,-0.16259712,False
3151,-3.0174851e-06,-0.025630046,False
3144,-0.085862294,-0.007561326,False
3142,-0.008769425,-0.008769425,False
3141,0.019247733,-0.06692135,False
3140,-0.014451296,-0.014451296,False
3139,-0.059162915,-0.050516054,False
3138,-0.015256576,-0.015256576,False
3137,-0.59731317,-0.1971668,False
3143,0.022806317,0.043278873,False
3204,-0.6884637,-0.25594473,False
3152,0.026154175,-0.010220885,False
3154,-0.12554522,-0.028055787,False
3168,-0.020431042,-0.02132845,False
3167,0.020533785,-0.17328186,False
3166,0.0,0.0,False
3165,-0.014766208,0.01841887,False
3164,-0.010949969,-0.042237192,False
3163,0.012745859,-0.009923089,False
3153,-0.116515055,0.010895401,False
3162,0.021312376,-0.02408935,False
3160,0.017357513,0.013336599,False
3159,0.13375187,-0.104349494,False
3158,-0.04429838,-0.010080531,False
3157,-0.073785186,0.07343888,False
3156,0.03859952,0.073679954,False
3155,-0.032578908,-0.015138531,False
3161,-0.058371156,-0.018757537,False
3276,-0.032877125,-0.056723733,False
3205,-0.05981305,-0.02553849,False
3207,-0.20929384,-0.074804425,False
3244,-0.009717714,-0.009717714,False
3245,-0.009745602,-0.009745602,False
3246,0.039030984,-0.004681545,False
3247,0.0,0.0,False
3248,-0.04525411,-0.04376142,False
3249,-0.00010986626,-0.037674546,False
3250,-0.005037054,-0.005037054,False
3251,0.12298581,-0.059520125,False
3252,-0.096480906,-0.013401806,False
3253,-0.049004078,0.004923269,False
3254,-0.017619455,-0.017548434,False
3255,0.020093199,0.0,False
3256,-0.074779525,-0.037690833,False
3257,-0.019531902,-0.003281569,False
3258,-0.003967165,-0.003967165,False
3259,0.08817431,0.037175775,False
3260,0.030253738,0.008104712,False
3274,0.06127049,0.06245728,False
3273,-0.022438757,-0.005278282,False
3272,0.014362145,-0.007581555,False
3271,-0.28027833,-0.14218342,False
3270,-0.078498796,-0.00022158027,False
3269,0.11359447,-0.024913281,False
3243,-0.009247998,-0.009247998,False
3268,-0.01926148,0.018700242,False
3266,0.13904822,0.034185678,False
3265,-0.13346772,-0.015412509,False
3264,-0.38209015,-0.085606515,False
3263,-0.07670218,-0.056218326,False
3262,-0.114987135,-1.0229166,False
3261,-0.01890397,-0.043894887,False
3267,-0.027580842,0.010628238,False
3242,0.0,0.0,False
3241,0.0,0.0,False
3240,-0.3324079,-0.13217235,False
3221,-0.056826413,0.0053448677,False
3220,-0.03327106,-0.009210281,False
3219,-0.007544346,-0.011937402,False
3218,-0.019101918,-0.02807492,False
3217,0.13650444,-0.0029742718,False
3216,-0.2578395,-0.37059712,False
3222,0.11339429,-0.038772702,False
3215,-0.084785715,-0.016222298,False
3213,-0.13268748,-0.17793371,False
3212,0.11062819,0.0754855,False
3211,-0.09878498,-0.009730041,False
3210,0.024284976,0.04015377,False
3209,-0.002100898,-0.009644337,False
3208,-0.14688697,-0.013903916,False
3214,-0.004478243,-0.004478243,False
3206,-0.10614991,-0.048683017,False
3223,-0.06898634,0.0014927685,False
3225,-0.14925998,-0.0011934042,False
3239,-0.033205286,-0.020345584,False
3238,0.07277024,-0.051853597,False
3237,0.0718644,-0.0040453076,False
3236,0.02191622,0.0,False
3235,-0.58248496,-0.21352541,False
3234,-0.28410053,-0.13216639,False
3224,-0.03215421,-0.03215421,False
3233,0.08880615,-0.12004256,False
3231,0.19390386,-0.01643157,False
3230,0.07357758,-0.08525911,False
3229,0.026505902,0.039200187,False
3228,-0.07455939,-0.0045952797,False
3227,-0.14698863,-0.0045540333,False
3226,0.016208438,-0.023166621,False
3232,-0.02297023,0.016355857,False
2850,-0.004631537,-0.004631537,False
2849,0.011316158,-0.036141995,False
2848,0.0,0.001427505,False
2461,0.018139575,-0.0018884208,False
2462,0.13470006,0.054078132,False
2463,0.043780603,-0.024242846,False
2464,0.039188117,0.011263713,False
2465,0.0165551,-0.004664058,False
2466,-0.012720231,-0.012077974,False
2467,0.03358823,-0.010161277,False
2468,0.0023944583,-0.013545802,False
2469,-0.009801882,-0.009801882,False
2470,-0.021398967,-0.039084274,False
2471,0.0,0.0,False
2472,0.13887715,-0.061749756,False
2473,0.0021093525,-0.019771308,False
2474,0.035041492,-0.013383982,False
2475,-0.0063009337,-0.051536202,False
2476,0.0,0.0,False
2477,0.004313644,-0.051759765,False
2491,-0.009884536,-0.009884536,False
2490,0.023945829,-0.016756551,False
2489,0.02751489,-0.009329736,False
2488,0.011490256,-0.0002923049,False
2487,-0.016425848,0.040518127,False
2486,0.046489615,-0.018653069,False
2460,0.02860418,-0.049405634,False
2485,0.007949802,-0.009832327,False
2483,-0.00453614,-0.00453614,False
2482,-0.004578764,-0.004479669,False
2481,0.006064143,-0.041159183,False
2480,-0.018514723,-0.018514723,False
2479,-0.009134174,-0.009134174,False
2478,0.03523876,-0.009860441,False
2484,-0.033353437,-0.055234097,False
2459,-0.03608162,-0.03608162,False
2458,-0.0039614746,-0.0039614746,False
2457,-0.016923778,-0.10760417,False
2438,0.0,0.0,False
2437,0.0,0.0006272197,False
2436,0.01703136,0.036784466,False
2435,0.18205588,0.03740339,False
2434,0.025066582,-0.017157277,False
2433,-0.050901547,-0.0188642,False
2439,-0.003592351,-0.003592351,False
2432,0.04305964,-0.015045126,False
2430,0.0,6.071901e-05,False
2429,0.0,9.525264e-05,False
2428,0.0127871595,-0.009877982,False
2427,-0.0035954954,-0.0035954954,False
2426,-0.030715246,0.004365362,False
2425,0.0,0.0,False
2431,-0.019963117,-0.019963117,False
2492,0.0034832042,-0.022062903,False
2440,-0.018555399,-0.018555399,False
2442,0.0027217455,-0.020581042,False
2456,0.02653366,-0.014406484,False
2455,0.0,0.0,False
2454,-0.047568075,-0.002732262,False
2453,0.08803021,-0.038516782,False
2452,0.029557195,0.036028195,False
2451,-0.027862772,-0.050469335,False
2441,0.0062371045,-0.02577506,False
2450,-0.004858116,-0.004858116,False
2448,-0.004931114,-0.004931114,False
2447,-0.0028028265,-0.0062729493,False
2446,0.05978541,0.0031942874,False
2445,0.05208155,0.0030533373,False
2444,0.0,0.0,False
2443,-0.009151107,-0.009151107,False
2449,-0.038020924,-0.105520226,False
2424,0.003167037,-0.018463312,False
2493,-0.014007763,-0.014007763,False
2495,-0.0095830085,-0.0095830085,False
2532,-0.015904486,0.06755331,False
2533,-0.0043214094,-0.0043214094,False
2534,-0.016851665,-0.016374236,False
2535,-0.057347897,-0.015537664,False
2536,-0.000839293,-0.027595699,False
2537,-0.068251416,-0.014297798,False
2538,-0.01525384,-0.01525384,False
2539,-0.014681973,-0.014681973,False
2540,-0.023419043,-0.023419043,False
2541,0.005547351,-0.015271156,False
2542,-0.004683405,-0.004683405,False
2543,-0.0035954954,0.006364774,False
2544,0.018429754,-0.0045929668,False
2545,0.06973314,0.018068008,False
2546,0.0,0.0,False
2547,-0.004356498,-0.004356498,False
2548,-0.040687986,-0.025374547,False
2562,0.012241825,-0.033636566,False
2561,-0.008021451,-0.008021451,False
2560,-0.094534874,-0.06326422,False
2559,0.018705778,-0.0047623646,False
2558,-0.028214,-0.05267067,False
2557,-0.019601338,0.052195795,False
2531,-0.0072789835,-0.00549375,False
2556,0.019869983,-0.016454332,False
2554,0.02251701,-0.010810386,False
2553,-0.004356498,-0.004356498,False
2552,-0.019301064,-0.019301064,False
2551,-0.13232285,-0.04895526,False
2550,0.031242479,0.03576031,False
2549,0.0,0.00050982647,False
2555,-0.030583534,-0.051631417,False
2530,0.009628743,-0.0561452,False
2529,-0.03316174,-0.006707879,False
2528,-0.004629196,-0.004629196,False
2509,0.067696504,-0.00024738908,False
2508,-0.009659838,-0.009659838,False
2507,0.04901684,-0.019212438,False
2506,-0.009602325,-0.009602325,False
2505,-0.009703177,-0.009703177,False
2504,0.014406668,-0.009433616,False
2510,-0.019232227,-0.019232227,False
2503,-0.052282512,-0.013153218,False
2501,0.01339699,-0.027960423,False
2500,-0.03801143,-0.025704265,False
2499,0.012326808,-0.010032165,False
2498,-0.0022042505,-0.024579156,False
2497,0.0,0.0,False
2496,-0.018701348,-0.018701348,False
2502,0.037861682,0.029322773,False
2494,0.016742844,-0.042854268,False
2511,0.0,0.0,False
2513,0.030964443,0.010001186,False
2527,0.0,0.0,False
2526,-0.015001394,-0.015001394,False
2525,-0.018845558,-0.0038722977,False
2524,-0.009311311,-0.009311311,False
2523,-0.012440864,-0.0012563616,False
2522,0.03918042,-0.06678034,False
2512,-0.036245596,-0.036245596,False
2521,0.003515631,0.020914,False
2519,-0.0050774873,-0.0050774873,False
2518,0.01169819,-0.031916086,False
2517,0.021285335,-0.01932689,False
2516,0.016863808,-0.04890454,False
2515,-0.018847538,-0.018847538,False
2514,0.017949436,-0.0036221,False
2520,0.054264657,-0.032644063,False
2563,0.08976658,-0.032959566,False
2423,-0.0046792245,-0.0046792245,False
2421,0.03638636,0.0016147755,False
2318,0.23051131,0.0017653704,False
2319,-0.024705607,0.010394439,False
2320,-0.012894005,0.014835902,False
2321,-0.03971833,-0.098201185,False
2322,0.21250558,0.06044662,False
2323,-0.05207821,-0.0010930151,False
2324,-0.01844111,-0.015163307,False
2325,-0.2546494,0.010713935,False
2326,0.0769248,-0.11412585,False
2327,0.41766822,-0.039752245,False
2328,-0.12011492,0.054877758,False
2329,0.034204066,-0.0008920133,False
2330,0.0038866028,0.00014575571,False
2331,-0.009101483,-0.009101483,False
2332,-0.044823915,-0.026825368,False
2333,0.023547292,0.007522583,False
2334,-0.6145761,-0.12900019,False
2348,-0.04533074,-0.021288266,False
2347,-0.20737249,-0.027875543,False
2346,-0.0051378873,-0.0051378873,False
2345,-0.09011561,-0.01794611,False
2344,0.049356222,-0.06868327,False
2343,-0.49123323,-0.08559227,False
2317,-0.003466159,-0.044278115,False
2342,0.0100116,-0.009488806,False
2340,-0.013921311,-0.013538595,False
2339,0.03238663,-0.032371923,False
2338,-0.0049358276,-0.0049358276,False
2337,-0.009205138,-0.009205138,False
2336,-0.07612467,-0.0672369,False
2335,-0.2242453,-0.12800103,False
2341,-0.0049597723,-0.0049597723,False
2316,0.011427196,-0.009712329,False
2315,0.12501174,0.004088998,False
2314,-0.08574779,0.06491816,False
2295,-0.022680193,0.034346774,False
2294,0.029511124,0.008627895,False
2293,0.29673404,0.11066073,False
2292,-0.055226494,-0.0006807223,False
2291,0.0090487525,-0.04742625,False
2290,-0.05133351,-0.025347628,False
2296,-0.014870553,-0.014870553,False
2289,-0.0013550147,-0.024755538,False
2287,-0.014442138,-0.023486283,False
2286,0.032042187,-0.017291594,False
2285,-0.032686286,0.008877523,False
2284,0.0,0.0,False
2283,-0.039211087,0.008722588,False
2282,-0.0044944426,-0.0044944426,False
2288,0.00028968044,-0.023474194,False
2349,0.14558542,-0.05301428,False
2297,0.06032388,-0.031249722,False
2299,-0.07439622,0.050086856,False
2313,0.02272962,-0.005994424,False
2312,-0.057295974,-0.022157937,False
2311,-0.115201876,-0.02526927,False
2310,-0.07015014,-0.09113133,False
2309,0.011814743,0.0018381029,False
2308,-0.01372008,-0.019289851,False
2298,-0.004285723,0.0655946,False
2307,-0.2295733,-0.060217947,False
2305,-0.053594023,-0.031190187,False
2304,-0.053631395,0.04783073,False
2303,-0.10188854,-0.050153553,False
2302,0.04210782,0.008672059,False
2301,-0.01578328,-0.08698064,False
2300,-0.028170899,-0.06001833,False
2306,-0.0440948,-0.058750868,False
2422,0.0074479356,-0.019359356,False
2350,-0.008906469,0.0060859174,False
2352,0.11543119,-0.04379648,False
2389,-0.00453614,-0.00453614,False
2390,-0.04441897,-0.020831997,False
2391,-0.0413304,-0.0413304,False
2392,0.0,0.0,False
2393,-0.01251955,-0.017163746,False
2394,-0.014111321,-0.014111321,False
2395,-0.031496897,-0.0032776743,False
2396,-0.0462764,-0.0462764,False
2397,-0.0046660346,-0.0046660346,False
2398,-0.0048913304,-0.0048913304,False
2399,0.014426537,-0.064718805,False
2400,-0.039031316,-0.039031316,False
2401,0.033968173,-0.008194903,False
2402,0.0060283616,-0.01462804,False
2403,0.0,0.0,False
2404,0.007937957,-0.05867221,False
2405,-0.0024202056,-0.023594048,False
2420,0.0025727618,-0.01928671,False
2419,0.009837529,-0.014227457,False
2418,0.060332388,-0.02831926,False
2417,-0.0052176584,-0.0052176584,False
2416,0.090684965,-0.04236932,False
2415,0.01410299,-0.009606633,False
2388,0.05883873,-0.038313378,False
2414,-0.015533564,-0.015533564,False
2412,-0.004801857,-0.00428418,False
2411,0.019598091,-0.01845173,False
2410,0.0,0.0,False
2409,0.05914387,-0.009885533,False
2408,0.123625495,-0.012409806,False
2407,-0.07596935,-0.037029296,False
2413,-0.0052432916,-0.0052432916,False
2387,-0.009313649,-0.009313649,False
2386,-0.006143555,-0.022502337,False
2385,-0.0017316397,-0.024666082,False
2366,0.16983402,-0.048921943,False
2365,-0.014767885,-0.08748543,False
2364,0.15703635,-0.06616056,False
2363,-0.007060051,-0.0055668354,False
2362,0.32818937,-0.028464556,False
2361,0.0034626722,-0.045991063,False
2367,0.00028455257,0.028174162,False
2360,0.13106883,-0.015633434,False
2358,0.01252196,0.03515193,False
2357,0.00040338933,-0.04291172,False
2356,-0.1161321,-0.22026078,False
2355,0.025129735,-0.06691277,False
2354,-0.28780317,0.012485027,False
2353,-0.010358337,-0.010358337,False
2359,-0.05946986,-0.07956306,False
2351,-0.041549295,0.108721465,False
2368,-0.13493216,-0.11732197,False
2370,0.0,0.0,False
2384,0.04925092,-0.014435326,False
2383,-0.022705643,-0.022705643,False
2382,0.0,0.0,False
2381,0.011892324,-0.008909803,False
2380,-0.1662002,-0.05898103,False
2379,-0.0055344235,-0.028294854,False
2369,0.080946505,-0.04535556,False
2378,0.10653931,-0.04517904,False
2376,-0.06881839,-0.020509973,False
2375,-0.008962691,0.045623392,False
2374,-0.033495545,0.03371322,False
2373,0.0,0.0,False
2372,0.0,0.0,False
2371,0.015598822,0.0025425376,False
2377,-0.011884809,0.032983005,False
2564,-0.0017147269,-0.024089633,False
2565,-0.049072787,-0.0010741353,False
2566,-0.00812537,-0.00812537,False
2746,-0.06879506,-0.011538073,False
2747,-0.008152405,-0.008152405,False
2748,-0.03685808,-0.020393394,False
2749,-0.050434582,-0.09557795,False
2750,-0.02365235,-0.02365235,False
2751,0.0072723813,-0.029255968,False
2752,0.0,0.0,False
2753,0.066206545,-0.0143143535,False
2754,0.0,0.0,False
2755,-0.096663326,0.02201438,False
2756,-0.0067413338,-0.029184204,False
2757,-0.0128293885,-0.0128293885,False
2758,0.0,1.29906075e-05,False
2759,-0.033360317,-0.033360317,False
2760,-0.008557327,-0.008557327,False
2761,0.0,0.0,False
2762,0.0032079555,0.019884815,False
2776,-0.014808271,-0.034104906,False
2775,0.021707203,-0.0030237082,False
2774,0.0028045774,-0.03413266,False
2773,0.053785734,0.016601853,False
2772,0.0,0.002043954,False
2771,0.015363941,-0.0047292574,False
2745,-0.0050043217,-0.0050043217,False
2770,-0.008671634,-0.008671634,False
2768,0.0,0.00011828754,False
2767,-0.010109045,-0.07461094,False
2766,0.07002097,-0.043253068,False
2765,0.04889378,-0.0108573325,False
2764,-0.028604724,0.0031281337,False
2763,-0.014290623,-0.014290623,False
2769,-0.009393626,-0.009393626,False
2744,0.0,0.0,False
2743,0.0,0.0,False
2742,0.020454574,0.0,False
2723,0.0,0.0,False
2722,-0.0032947345,-0.0032947345,False
2721,-0.0019595176,-0.010977268,False
2720,-0.030057138,-0.030057138,False
2719,-0.0053600036,-0.0053600036,False
2718,0.021421734,0.0,False
2724,0.0,0.0,False
2717,-0.02670496,-0.02054277,False
2715,-0.014217464,-0.014217464,False
2714,0.007871711,-0.015059686,False
2713,-0.036992855,0.029635236,False
2712,0.013295591,-0.009680705,False
2711,-0.0020444337,-0.01905379,False
2710,0.049585443,-0.061338466,False
2716,-0.017652158,-0.038729068,False
2777,-0.02965595,-0.05261893,False
2725,0.0,0.0,False
2727,0.014000118,0.004900299,False
2741,-0.0045162076,-0.0045162076,False
2740,0.010502167,0.00857904,False
2739,-0.0017649736,-0.024182674,False
2738,-0.008811414,0.015212186,False
2737,0.017354196,-0.0042173397,False
2736,-0.009931057,-0.009931057,False
2726,-0.011278987,-0.093931645,False
2735,-0.009560819,-0.009560819,False
2733,0.019031731,0.00830307,False
2732,0.0,0.0,False
2731,0.022180453,-0.019811083,False
2730,0.010995449,-0.008107095,False
2729,-0.028895412,-0.05048817,False
2728,0.027681174,-0.023857156,False
2734,-0.005046529,-0.005046529,False
2709,-0.014868487,-0.014868487,False
2778,-0.01903563,-0.01903563,False
2780,-0.0044247913,-0.0044247913,False
2817,0.018680058,-0.0036166578,False
2818,0.010256998,-0.009876132,False
2819,0.050340164,-0.039311487,False
2820,0.037713856,0.018283788,False
2821,0.063825816,-0.018372342,False
2822,0.017400123,-0.028994132,False
2823,0.022001227,0.0067654382,False
2824,0.018564358,-0.0046096556,False
2825,0.009791176,-0.013566374,False
2826,0.0,0.0,False
2827,-0.033290897,0.030242521,False
2828,-0.06770313,0.008730605,False
2829,0.031144366,0.038303293,False
2830,0.017659426,0.0015862726,False
2831,-0.024415273,-0.024415273,False
2832,0.00761847,-0.014506089,False
2833,-0.050849468,-0.005466789,False
2847,0.027233263,-0.017995553,False
2846,0.0,0.00060612604,False
2845,-0.019128505,-0.019128505,False
2844,-0.01199165,0.04794258,False
2843,-0.019409886,-0.019409886,False
2842,0.0,0.0,False
2816,0.08082853,-0.15231678,False
2841,-0.0064164083,-0.0019567795,False
2839,0.066812,0.0,False
2838,0.0,0.0,False
2837,0.020175114,-0.0035210575,False
2836,0.031033106,-0.014905875,False
2835,-0.034648173,-0.056828193,False
2834,-0.028370276,-0.0194657,False
2840,0.0022629015,-0.001854036,False
2815,-0.010071155,-0.010071155,False
2814,0.0,0.0,False
2813,0.0013246983,-0.020603443,False
2794,0.0121832285,-0.009729819,False
2793,0.0,0.0,False
2792,0.031160515,-0.0100346245,False
2791,0.019307008,-0.004274767,False
2790,-0.010042809,-0.0045827553,False
2789,-0.015087787,-0.015087787,False
2795,-0.027102744,-0.027102744,False
2788,-0.0048921127,-0.0048921127,False
2786,0.030101433,-0.010193411,False
2785,-0.0059381276,-0.120420896,False
2784,0.0,0.0,False
2783,-0.0010717213,-0.024706086,False
2782,0.019783251,0.0,False
2781,-0.12435941,-0.036520556,False
2787,0.0,0.0,False
2779,-0.004703655,-0.004703655,False
2796,-0.032154333,-0.077479206,False
2798,-0.020539708,-0.042467054,False
2812,-0.023650311,-0.023650311,False
2811,-0.009397727,-0.009397727,False
2810,-0.017695785,0.0035149157,False
2809,-0.18553093,-0.0037896931,False
2808,-0.02519195,-0.02519195,False
2807,-0.028047243,-0.028047243,False
2797,0.09345636,-0.055823833,False
2806,-0.15126511,-0.27102333,False
2804,0.0,0.0,False
2803,-0.014638422,-0.014638422,False
2802,-0.023665171,-0.023665171,False
2801,-0.001319211,-0.024490872,False
2800,0.013512544,-0.033371586,False
2799,0.035319015,-0.010182121,False
2805,0.016528303,-0.02812845,False
2708,-0.103497975,-0.03705342,False
2707,-0.0101193115,-0.0101193115,False
2706,0.004077712,-0.01939043,False
2603,-0.00839122,-0.02433148,False
2604,-0.027612776,-0.027612776,False
2605,0.0,0.0,False
2606,-0.01971761,-0.043185752,False
2607,0.0281916,0.0046111234,False
2608,0.0,0.0,False
2609,0.00929903,0.0058844285,False
2610,-0.30297992,-0.044513047,False
2611,0.05019875,-0.11501898,False
2612,0.020185262,-0.02458458,False
2613,-0.00469351,-0.009219106,False
2614,0.048987832,-0.012450466,False
2615,0.031931505,-0.12851344,False
2616,-0.02175655,-0.015092051,False
2617,-0.0046837158,-0.004209486,False
2618,-0.0077267047,-0.0077267047,False
2619,0.021885386,0.016256595,False
2633,-0.013557134,-0.013557134,False
2632,0.019172886,-0.0051085497,False
2631,0.044365566,0.03005189,False
2630,-0.11273339,0.0074638426,False
2629,-0.1224068,-0.064142644,False
2628,0.034160875,-0.009302159,False
2602,0.08159302,-0.04228498,False
2627,-0.023500603,-0.044577513,False
2625,0.023038309,-0.022973262,False
2624,0.012311626,-0.033256423,False
2623,-0.013597758,-0.013597758,False
2622,0.008734154,-0.013836915,False
2621,-0.044960693,-0.020174954,False
2620,0.10969283,0.0049019903,False
2626,-0.008521769,-0.008521769,False
2601,0.04342603,-0.013143707,False
2600,-0.09229376,-0.019721076,False
2599,0.0132503435,-0.077389024,False
2580,-0.06042037,-0.12789463,False
2579,-0.004335512,0.010337388,False
2578,0.0097669065,0.009221993,False
2577,-0.11346473,-0.0071232617,False
2576,-0.004365054,-0.004365054,False
2575,-0.02001798,-0.02001798,False
2581,0.016078707,-0.0070779254,False
2574,0.0,0.0,False
2572,0.049401812,0.017389007,False
2571,0.0,0.0,False
2570,0.062442213,0.018543595,False
2569,-0.003175309,-0.024597043,False
2568,0.0,0.0,False
2567,-0.009630399,-0.009630399,False
2573,0.0,0.0,False
2634,-0.009663554,-0.009663554,False
2582,-0.011998933,-0.0044991467,False
2584,-0.032659538,-0.05697345,False
2598,-0.0087446235,-0.031391725,False
2597,4.440546e-05,-0.0030200258,False
2596,-0.113040455,0.028692797,False
2595,-0.01362326,-0.03645415,False
2594,0.022888992,0.0,False
2593,-0.0013508089,0.0032153279,False
2583,-0.028618762,0.007703228,False
2592,-0.0018334389,-0.00286166,False
2590,-0.004955982,-0.004955982,False
2589,-0.00949287,-0.00949287,False
2588,-0.014126242,-0.014126242,False
2587,0.039969936,-0.005245026,False
2586,-0.00943495,-0.00943495,False
2585,0.0033413619,0.016025081,False
2591,-0.022786288,-0.0022746958,False
2635,0.016506616,-0.027483448,False
2636,0.0,0.0,False
2637,0.033826057,-0.010097519,False
2687,-0.004778782,-0.004778782,False
2686,-0.018923597,-0.018923597,False
2685,-0.02360414,0.0010353625,False
2684,0.028042953,-0.042823773,False
2683,0.076150686,-0.061987832,False
2682,0.02218002,0.0,False
2688,-0.013194227,-0.013194227,False
2681,-0.019041076,-0.019041076,False
2679,-0.035402298,-1.2655833,False
2678,0.018258117,-0.0050148023,False
2677,-0.008717086,0.010253431,False
2676,0.017727675,-0.029352674,False
2675,0.041932143,-0.028248893,False
2674,-0.008326601,-0.04755756,False
2680,-0.009675654,-0.009675654,False
2673,-0.0047542667,-0.0047542667,False
2689,-0.005014578,-0.005014578,False
2691,0.00060480833,-0.02542451,False
2705,-0.0046302197,-0.0046302197,False
2704,0.012849992,-0.0049321367,False
2703,0.0,0.0,False
2702,-0.013427133,0.001702033,False
2701,0.06932401,-0.0228016,False
2700,0.012917265,0.014485313,False
2690,0.005983215,-0.0117989145,False
2699,-0.020580545,0.030019727,False
2697,-0.03773676,-0.03773676,False
2696,0.025631154,-0.022267388,False
2695,0.020335125,-0.0049817767,False
2694,-0.04512419,-0.04512419,False
2693,-0.04688874,-0.014614377,False
2692,-0.120149896,-0.01243937,False
2698,0.02402658,0.0154383145,False
3417,-0.13435793,-0.010168314,False
2672,0.019468788,-0.0030008515,False
2670,0.036926806,-0.056721255,False
2651,-0.005343944,-0.05019156,False
2650,-0.019135911,-0.019135911,False
2649,0.03296692,-0.00985672,False
2648,0.034507137,-0.010573611,False
2647,-0.009314057,-0.009314057,False
2646,0.043092534,-0.024074035,False
2652,-0.0064502545,-0.028217614,False
2645,-0.0068625165,-0.0068625165,False
2643,0.017802875,-0.027225599,False
2642,-0.0047710487,-0.0047710487,False
2641,0.020253474,0.005204009,False
2640,0.0,0.0,False
2639,0.0,0.0,False
2638,0.059911452,-0.008711746,False
2644,0.016358782,0.0,False
2671,-0.024696691,-0.024696691,False
2653,-0.070093565,-0.070093565,False
2655,0.018218046,-0.004679997,False
2669,0.007853768,0.02550847,False
2668,-0.0033893995,-0.049692474,False
2667,0.0,0.0,False
2666,0.052557636,-0.031018322,False
2665,-0.023371618,-0.008446981,False
2664,0.02013313,0.0,False
2654,-0.03170331,-0.03170331,False
2663,-0.0053511714,-0.0053511714,False
2661,-0.03769959,-0.03769959,False
2660,-0.019853411,-0.019853411,False
2659,-0.024001643,-0.041783772,False
2658,0.0,0.0,False
2657,0.0,0.0,False
2656,-0.035685517,-0.051625777,False
2662,-0.083230175,-0.0037135184,False
2281,0.0,0.0013139843,False
3418,0.0110067725,-0.014023796,False
3420,-0.02410736,-0.08981172,False
4169,-0.034113914,0.011281759,False
4170,0.080269516,-0.022296786,False
4171,-0.1250912,0.043856263,False
4172,0.0840396,0.08576077,False
4173,0.072495595,0.03218311,False
4174,0.12613547,-0.029649973,False
4175,-0.24298084,-0.1363275,False
4176,-0.027509049,-0.027509049,False
4177,-0.0928767,-0.04437715,False
4178,-0.025891304,0.05202806,False
4179,-0.00028209016,-0.0127281025,False
4180,0.020606667,0.012940839,False
4181,-0.04096569,-0.07217641,False
4182,0.3399713,0.023277044,False
4183,-0.16067812,0.039494216,False
4184,0.00042549893,-0.016269427,False
4185,0.0031894296,0.013647124,False
4199,-0.05986166,-0.036216676,False
4198,-0.009409389,-0.009409389,False
4197,-0.043826252,-0.08872956,False
4196,0.0135238785,-0.010134613,False
4195,-0.014320351,-0.014320351,False
4194,-0.09223771,-0.010752022,False
4168,0.18638912,0.037001967,False
4193,-0.009121357,-0.00843131,False
4191,0.0001963675,0.0010063797,False
4190,0.11679596,-0.062755466,False
4189,-0.047517046,-0.019164458,False
4188,0.058950067,0.005066991,False
4187,-0.30839992,-0.27573633,False
4186,-0.15365267,-0.17138946,False
4192,0.06549189,0.026739188,False
4167,0.12636799,0.013707519,False
4166,-0.03695871,0.020050675,False
4165,-0.15384091,-0.0060596764,False
4146,0.0,0.0,False
4145,-0.15305853,-0.032852888,False
4144,-0.07970935,-0.009624422,False
4143,-0.018319942,-0.018319942,False
4142,0.011973143,-0.12875988,False
4141,0.006049961,-0.014752166,False
4147,0.039388567,0.021157682,False
4140,-0.010779999,-0.033480495,False
4137,-0.18046415,-0.07959664,False
4136,-0.11992436,-0.0004621446,False
4135,0.0,0.00060934504,False
4134,-0.015231043,-0.015520275,False
4133,0.018576408,-0.028103186,False
4132,-0.023034738,-0.023034738,False
4139,-1.2330219,-0.054216623,False
4200,0.14270735,-0.124459505,False
4148,0.013607128,-0.009139694,False
4150,-0.0042025894,-0.029233754,False
4164,-0.21561015,-0.027719438,False
4163,0.6262932,-0.10652876,False
4162,-0.20806718,-0.07935989,False
4161,0.0,0.0,False
4160,-0.09423848,-0.04887311,False
4159,0.08567855,0.11095652,False
4149,-0.039678477,-0.026646309,False
4158,-0.1684556,-0.1155929,False
4156,0.3085603,0.0501706,False
4155,0.053676188,-0.011909932,False
4154,-0.03030222,-0.13995045,False
4153,0.006665081,0.01554504,False
4152,-0.008584529,-0.028057493,False
4151,0.075372964,0.033766657,False
4157,0.022408009,-0.018651724,False
4131,-0.020079102,-0.05702303,False
4201,-0.0052366713,-0.0052366713,False
4203,-0.7889669,-0.1974101,False
4240,-0.004857551,-0.004857551,False
4241,0.009094834,-0.0045322366,False
4242,-0.22495623,-0.0014757514,False
4243,-0.020906001,-0.0037880614,False
4244,-0.009610141,-0.009610141,False
4245,-0.01784895,-0.01784895,False
4246,-0.18125695,-0.33632764,False
4247,0.0,0.0,False
4248,0.008559948,-0.013500832,False
4249,0.0,0.0,False
4250,-0.04299184,-0.04299184,False
4251,-0.010010652,0.012871921,False
4252,-0.06809145,-0.0033631325,False
4253,-0.56290805,-0.24376702,False
4254,-0.0022501014,0.007853361,False
4255,-0.17775348,-0.10260236,False
4256,-0.054391548,-0.018863961,False
4270,-0.028370738,-0.010047674,False
4269,-0.019590206,-0.025821641,False
4268,-0.73140407,-0.24306417,False
4267,-0.17727906,-0.09673661,False
4266,0.043404445,0.010462895,False
4265,-0.008400315,-0.008400315,False
4239,-0.45480788,-0.20587444,False
4264,-0.10794139,-0.0026003718,False
4262,-0.051953107,-0.07783124,False
4261,-0.0018419176,-0.018603608,False
4260,0.02317489,0.0,False
4259,0.0050311685,-0.025739968,False
4258,0.0,0.0,False
4257,0.027158497,0.025443068,False
4263,0.091919765,0.011566758,False
4238,-0.2881838,-0.029508233,False
4237,-0.017987669,-0.011485547,False
4236,-0.2611941,-0.17910373,False
4217,-0.067007065,-0.21352768,False
4216,0.17546673,0.028503105,False
4215,0.04941164,0.037338853,False
4214,0.06458643,0.010366859,False
4213,-0.016566064,-0.03389966,False
4212,-0.16676727,-0.06859946,False
4218,-0.06615949,0.050725818,False
4211,0.17022215,0.02676566,False
4209,0.24498063,0.04433447,False
4208,-0.013043633,-0.0027247155,False
4207,0.0,0.0,False
4206,-0.04432243,0.054090694,False
4205,0.04129225,-0.013992995,False
4204,0.05629623,0.056672513,False
4210,0.01336369,0.0125367725,False
4202,0.040753394,-0.001827701,False
4219,0.0,0.0,False
4221,-0.014926434,-0.28031516,False
4235,0.022693306,-0.018328357,False
4234,-0.028851056,0.021008974,False
4233,-0.06623981,0.010357156,False
4232,-0.01624471,-0.057275396,False
4231,-0.113765955,0.03537649,False
4230,-0.016816616,0.11636865,False
4220,0.15115118,-0.07951927,False
4229,0.08165485,-0.03840977,False
4227,-0.44073254,-0.077064514,False
4226,-0.006966114,-0.058157325,False
4225,-0.17930806,-0.12279379,False
4224,0.080450535,0.09571934,False
4223,0.014403323,-0.004699221,False
4222,-0.09110576,0.022091657,False
4228,-0.056639913,-3.058836e-05,False
4271,-0.006692514,0.01657474,False
4130,0.013180397,0.02382911,False
4128,0.16755348,-0.0027419329,False
4026,-0.3450632,-0.17374367,False
4027,0.03428334,-0.029909134,False
4028,-0.032781735,-0.032781735,False
4029,-0.015048735,-0.024835344,False
4030,-0.024959475,-0.028448552,False
4031,-0.1298153,-0.043620497,False
4032,-0.17058146,-0.06956291,False
4033,0.01094532,-0.31436563,False
4034,0.015814144,-0.0052524395,False
4035,-0.2600118,-0.237113,False
4036,-0.30513376,-0.11895108,False
4037,-0.037482098,0.03227946,False
4038,-0.02659148,-0.11373678,False
4039,-0.050370306,0.009344161,False
4040,-0.06203115,0.012354642,False
4041,0.02392184,-0.009058699,False
4042,-0.021997517,-0.039029617,False
4056,-0.02343228,0.0295883,False
4055,-0.07449648,-0.08056915,False
4054,0.008366126,-0.014805536,False
4053,-0.07216801,0.00688082,False
4052,-0.029269215,-0.029269215,False
4051,-0.13036656,-0.20021033,False
4025,-0.06898102,-0.034652084,False
4050,-0.018764049,-0.0064480305,False
4048,-0.1575104,-0.13926649,False
4047,-0.088682115,-0.025674403,False
4046,0.35552728,0.04165864,False
4045,-0.011574149,-0.010071099,False
4044,-0.17337716,-0.029755354,False
4043,-0.05842869,-0.015807241,False
4049,-0.012696419,-0.006824553,False
4024,-0.06696974,0.020262204,False
4023,0.22316754,-0.0056488514,False
4022,0.077156216,0.0234406,False
4003,0.022071302,0.0655815,False
4002,0.28394485,-0.18158615,False
4001,-0.2186423,-0.015928268,False
4000,-0.31862426,-0.12751043,False
3999,-0.283764,-0.057479143,False
3998,-0.04220745,-0.026766509,False
4004,0.04912274,-0.00973035,False
3997,-0.033053413,0.019998401,False
3995,-1.3322726,-0.22177601,False
3994,0.14005452,0.029002607,False
3993,0.010408759,-0.09351815,False
3992,-0.18222293,-0.08455753,False
3991,-0.18817997,-0.30972338,False
3990,-0.37537146,-0.12903738,False
3996,-0.16869214,0.019098908,False
4057,-0.0034862934,-0.0024656244,False
4005,-0.1736275,-0.01373142,False
4007,-0.02110671,-0.01762014,False
4021,0.0,0.0,False
4020,-0.59345883,-0.16656649,False
4019,-0.016913073,-0.016913073,False
4018,-0.18010111,-0.052844718,False
4017,0.11582899,0.10784519,False
4016,-0.13228291,-0.045410633,False
4006,-0.028207945,-0.012293864,False
4015,-0.0928216,-0.1854837,False
4013,0.015050277,-0.05324331,False
4012,0.004951667,-0.016966017,False
4011,-0.119265005,-0.02911447,False
4010,0.00065775216,-0.013462529,False
4009,-0.024587743,-0.006051816,False
4008,-0.008606188,0.022475854,False
4014,0.045307554,0.009113796,False
4129,0.2103079,0.14745778,False
4058,0.21427733,-0.02787815,False
4060,-0.047262967,0.00033003092,False
4097,-0.3398651,-0.09497738,False
4098,-0.27433962,0.06086284,False
4099,-0.05884871,0.05815041,False
4100,0.10037106,-0.12089223,False
4101,0.2492261,-0.16941667,False
4102,-0.009945299,-0.009945299,False
4103,-0.30906236,-0.07146728,False
4104,-0.04151398,0.016337633,False
4105,-0.02688453,-0.0037645902,False
4106,0.5957491,-0.01577425,False
4107,-0.017238617,-0.0972563,False
4108,-0.082303345,0.071897805,False
4109,-0.043076158,-0.035492614,False
4110,-0.24983943,-0.09278059,False
4111,-0.5041311,-0.33254552,False
4112,-0.013303978,-0.013303978,False
4113,0.10025716,-0.12992716,False
4127,0.061845977,0.029022474,False
4126,-0.022220157,-0.022220157,False
4125,0.049109578,0.011068344,False
4124,0.031511255,-0.011771325,False
4123,0.17555079,-0.015795052,False
4122,0.18154594,0.020631492,False
4096,0.012116443,-0.033753764,False
4121,0.0,0.0,False
4119,-0.14572787,-0.09642172,False
4118,-0.070907354,-0.041774318,False
4117,-0.015280008,-0.02021873,False
4116,-0.08712286,0.03089422,False
4115,0.06868994,0.03343618,False
4114,0.04420224,-0.025234811,False
4120,0.014283508,0.03815368,False
4095,-0.37567997,-0.027585447,False
4094,0.038809925,-0.038299143,False
4093,0.016596988,0.011798762,False
4074,-0.0069732666,-0.0018831491,False
4073,0.012522793,-0.0034174668,False
4072,0.047869228,0.0007635318,False
4071,-0.01248695,0.020302586,False
4070,-0.2798295,-0.82540095,False
4069,-0.042547286,-0.19469078,False
4075,-0.0051856935,-0.01349932,False
4068,0.012665828,-0.010094603,False
4066,-0.06392634,-0.07014203,False
4065,-0.38767052,-0.16349125,False
4064,-0.02841146,-0.07486345,False
4063,0.0061568916,-0.026605278,False
4062,-0.004466921,0.00061068684,False
4061,0.025717549,-0.018329315,False
4067,0.012032856,-0.010011517,False
4059,0.019296635,0.0,False
4076,0.019102544,0.0,False
4078,0.019707004,-0.0188059,False
4092,0.0,0.0,False
4091,-0.010795662,6.117299e-05,False
4090,0.100427,-0.011598289,False
4089,0.02392745,-0.007590264,False
4088,-0.16491114,0.021940142,False
4087,-0.0012736842,-0.005790122,False
4077,-0.034878075,0.0035181642,False
4086,-0.23082508,0.037094593,False
4084,0.02277995,0.0,False
4083,-0.05767405,0.019796431,False
4082,0.0,0.0,False
4081,-0.18204111,-0.008716762,False
4080,0.013570506,-0.009774517,False
4079,0.041203022,-0.020844162,False
4085,0.0,0.0,False
3989,-0.1970967,-0.14607152,False
4272,0.057846982,0.010401729,False
4274,-0.028155817,0.009508172,False
4453,0.0,0.0,False
4454,0.10557857,0.04564613,False
4455,-0.1154567,0.01835081,False
4456,0.37688765,0.14209548,False
4457,-0.0036848104,-0.0036848104,False
4458,-0.30863237,-0.08221102,False
4459,-0.037494063,-0.04238534,False
4460,-0.0046762936,-0.0046762936,False
4461,-0.17555445,-0.039429337,False
4462,0.0038541108,-0.013083324,False
4463,-0.070759244,-0.03321019,False
4464,-0.28494596,-0.12643147,False
4465,-0.009401139,-0.009401139,False
4466,-0.009386047,-0.009386047,False
4467,0.029060185,0.08797854,False
4468,0.043283846,-0.0462392,False
4469,-0.012817809,-0.012817809,False
4483,0.0,0.0,False
4482,0.04144387,-0.009048631,False
4481,0.16905975,0.008090019,False
4480,0.017171599,-0.0048891813,False
4479,-0.010454049,-0.032473125,False
4478,0.024067838,0.008651227,False
4452,-0.066734195,-0.08641359,False
4477,0.0,0.0,False
4475,-0.019954752,-0.04312534,False
4474,-0.15124732,-0.08891255,False
4473,0.20974302,-0.055069745,False
4472,-0.55058074,-0.09344578,False
4471,0.0071620643,-0.0255,False
4470,-0.06268044,-0.014628798,False
4476,0.0,0.0,False
4451,0.0038598822,-0.013922247,False
4450,-0.040973894,0.019051567,False
4449,-0.014827857,-0.032513164,False
4430,0.13893148,0.073355794,False
4429,-1.3053675,-0.30583096,False
4428,-0.019586697,-0.019586697,False
4427,-0.035349496,0.0124411285,False
4426,-0.044862688,-0.15506971,False
4425,0.00908973,-0.01486463,False
4431,-0.09420706,-0.057745397,False
4424,-0.01328202,-0.01328202,False
4422,0.028416391,-0.0148142455,False
4421,0.020211477,-0.008454155,False
4420,0.047893427,0.012956299,False
4419,-0.029295899,-0.006366931,False
4418,0.013606504,-0.021567471,False
4417,-0.004584724,-0.004584724,False
4423,0.2066356,-0.11355567,False
4484,0.014034808,-0.03309136,False
4432,-0.019925527,-0.019925527,False
4434,0.049012117,-0.036597796,False
4448,0.12682545,0.045348883,False
4447,-0.1022352,-0.121337175,False
4446,-0.014123104,-0.013197199,False
4445,-0.03398028,-0.07474136,False
4444,-0.31812584,-0.017154932,False
4443,0.18140185,-0.0121539235,False
4433,0.13392413,0.07783806,False
4442,-0.0368543,0.022287969,False
4440,0.07211465,0.001421988,False
4439,-0.00018197298,-0.052905366,False
4438,-0.004968465,-0.004968465,False
4437,-0.34718743,-0.0052720904,False
4436,0.018482225,0.008003976,False
4435,0.03250403,-0.024964333,False
4441,-0.006213829,-0.004760161,False
4416,0.0022118837,0.011924159,False
4485,-0.07599449,-0.012968749,False
4487,-0.028871395,-0.028871395,False
4524,-0.13085294,0.06390768,False
4525,-0.21894932,-0.06863654,False
4526,0.013707109,-0.011621289,False
4527,0.00655389,-0.011212891,False
4528,0.0,0.0,False
4529,-0.01868832,-0.01868832,False
4530,-0.044900738,-0.13330661,False
4531,-0.033458114,-0.16541314,False
4532,-0.55042505,-0.16590726,False
4533,-0.0048921127,-0.0048921127,False
4534,0.030965842,0.018567175,False
4535,0.068492725,0.024243549,False
4536,0.3059535,0.010690808,False
4537,-0.124601364,-0.052635193,False
4538,-0.3312235,-0.02286911,False
4539,-0.30888093,-0.051258802,False
4540,0.011400597,-0.009676313,False
4554,-0.014285624,-0.008380294,False
4553,-0.06567749,0.028000526,False
4552,-0.027541265,-0.048618175,False
4551,0.033557422,-0.038353954,False
4550,0.0,0.0,False
4549,0.14691812,-0.0064979084,False
4523,-0.028179683,0.010905907,False
4548,0.037336558,0.029831707,False
4546,-0.004508894,-0.004508894,False
4545,-0.11963999,-0.09572744,False
4544,-0.003144756,-0.013501801,False
4543,0.0,0.0,False
4542,-0.033949167,0.05140695,False
4541,-1.2050515,-0.04768634,False
9092,-0.4146647,-0.06351268,False
4522,0.055655673,-0.008020044,False
4521,0.01811619,-0.002895767,False
4520,-0.00021506846,-0.023389958,False
4501,-0.12974486,-0.02698642,False
4500,0.0,0.0001464665,False
4499,0.021726668,-0.034443527,False
4498,0.02544707,0.03158851,False
4497,-0.0023142155,-0.019168556,False
4496,0.02111724,0.0,False
4502,-0.113300264,0.019651413,False
4495,-0.039056532,0.010806546,False
4493,0.18014154,0.059145883,False
4492,0.2178815,0.031080395,False
4491,0.00010597706,-0.056492567,False
4490,0.10468903,0.036703736,False
4489,-0.080315486,-0.10288098,False
4488,-0.06587443,-0.036300607,False
4494,0.016025595,-0.090265945,False
4486,0.022463659,0.0,False
4503,0.06755385,0.07197663,False
4505,0.057223637,0.013198372,False
4519,-0.0123691885,-0.010665561,False
4518,0.035004325,-0.010186398,False
4517,-0.0048429766,-0.0048429766,False
4516,0.017015966,-0.003949578,False
4515,-0.0045291847,-0.0045291847,False
4514,0.021380182,-0.023247175,False
4504,0.020817935,-0.051239252,False
4513,0.0,0.0,False
4511,-0.3872199,-0.10670817,False
4510,0.0,0.0,False
4509,-0.016047124,0.031459317,False
4508,0.042118087,-0.0051218364,False
4507,-0.028095882,-0.028095882,False
4506,-0.039034963,-0.019907672,False
4512,0.0,0.0,False
4273,-0.1105342,-0.18713592,False
4415,-0.03636838,-0.08068036,False
4413,0.021496713,-0.034389704,False
4311,0.0061160233,-0.0051460154,False
4312,0.025273457,-0.006181672,False
4313,-0.0046636024,-0.004073688,False
4314,-0.0342659,-0.0342659,False
4315,-0.14964825,-0.08719216,False
4316,0.00045045838,-0.0011207722,False
4317,-0.018566415,-0.0061507225,False
4318,0.18826175,-0.059477895,False
4319,-0.114010096,-0.00906828,False
4320,-0.016143724,0.026996776,False
4321,-0.050806053,-0.09833704,False
4322,0.009791484,-0.0117800515,False
4323,0.08399117,0.03013593,False
4324,-0.09232882,0.027008593,False
4325,0.012641907,0.04358989,False
4326,-0.0060790814,-0.0036462732,False
4327,0.0,0.0,False
4341,-0.22726643,-0.10859239,False
4340,0.0005785227,0.0366385,False
4339,-0.0150772305,-0.0150772305,False
4338,-0.05380138,0.0024469644,False
4337,-0.49209046,-0.19296885,False
4336,-0.1118533,-0.058419228,False
4310,-0.00591287,0.01717177,False
4335,-0.049480498,-0.07168087,False
4333,-0.22089121,-0.046281517,False
4332,0.010000415,-0.012529932,False
4331,-0.27275276,-0.105926275,False
4330,-0.12174761,-0.023312092,False
4329,-0.004803026,-0.024665203,False
4328,-0.04862228,-0.021004498,False
4334,0.009897929,-0.036339886,False
4309,-0.28086862,-0.08864957,False
4308,0.06022246,0.00046776235,False
4307,1.3731135,0.0022627115,False
4288,-0.29016745,-0.056252122,False
4287,-0.073978454,-0.0914782,False
4286,0.015592679,-0.04942193,False
4285,-0.071088195,-0.028429508,False
4284,0.007407628,-0.021073394,False
4283,-0.5156195,-0.0034930706,False
4289,-0.16660362,-0.11430961,False
4282,0.0879451,-0.02167052,False
4280,-0.061757594,0.019316733,False
4279,0.53757423,-0.09171873,False
4278,0.047512114,-0.005990058,False
4277,0.14374474,0.013138443,False
4276,0.15407115,0.08223057,False
4275,0.011869781,0.0054718703,False
4281,-0.0061867833,-0.051825523,False
4342,-0.019174173,-0.026380096,False
4290,0.16959238,0.056115985,False
4292,0.009060487,-0.052475184,False
4306,-0.113002956,-0.094225585,False
4305,-0.032265894,0.0042424873,False
4304,-0.023462921,-0.059273005,False
4303,-0.08387327,-0.050756514,False
4302,0.018048894,-0.0047310563,False
4301,-0.03278558,-0.07636069,False
4291,0.004462935,-0.01820411,False
4300,0.0005411599,-0.02187654,False
4298,-0.009071163,-0.0071396697,False
4297,-0.098662615,-0.009582192,False
4296,0.023289584,-0.08312509,False
4295,-0.074515104,-0.08777022,False
4294,-0.14079037,-0.01532045,False
4293,0.022767447,0.010792732,False
4299,0.17858624,0.06307793,False
4414,-0.025888763,-0.04815081,False
4343,-0.009635334,-0.009635334,False
4345,-0.0046121166,-0.0046121166,False
4382,-0.08064117,-0.0058331043,False
4383,-0.09260466,-0.05717279,False
4384,-0.009415482,-0.009415482,False
4385,0.0010878127,-0.02136021,False
4386,-0.0048046946,-0.0048046946,False
4387,-0.029061101,0.0023125,False
4388,-0.0052087167,-0.0052087167,False
4389,0.0,0.001343201,False
4390,-0.051528126,0.07708153,False
4391,-0.02637054,-0.031785958,False
4392,-0.095142424,-0.026738688,False
4393,0.02373666,0.0,False
4394,-0.017927665,0.008151397,False
4395,-0.23362356,-0.013182461,False
4396,-0.014784071,-0.014784071,False
4397,-0.011244383,-0.0024802126,False
4398,-0.16042554,-0.083067656,False
4412,0.091969796,-0.08226872,False
4411,-0.21934997,-0.050627857,False
4410,-0.0002246499,-0.0768486,False
4409,0.11619669,0.034391046,False
4408,0.05124657,-0.0052343756,False
4407,0.0,0.0009416331,False
4381,-0.010317912,-0.010317912,False
4406,0.010081716,0.0067989193,False
4404,-0.060912922,-0.017862111,False
4403,0.013105324,-0.004554102,False
4402,-0.0014891326,-0.012548417,False
4401,0.0002031587,-0.0034636185,False
4400,0.04353845,0.0010537207,False
4399,-0.069553,-0.080636755,False
4405,0.009123895,-0.0052166115,False
4380,-0.004562474,-0.004562474,False
4379,0.028046355,0.028222911,False
4378,-0.002636999,-0.02475822,False
4359,0.052004874,-0.019805789,False
4358,-0.7240857,-0.12784815,False
4357,0.013146516,-0.05027118,False
4356,0.005265115,-0.018618379,False
4355,-0.11766732,-0.05682957,False
4354,0.03222412,0.026857078,False
4360,0.03110687,-0.0017970484,False
4353,0.15521187,0.093468964,False
4351,-0.011049315,-0.055442847,False
4350,-0.07556337,-0.026754946,False
4349,0.011078935,-0.010038305,False
4348,0.14608234,0.032245487,False
4347,-0.41042483,-0.09869087,False
4346,0.0034142025,-0.019548776,False
4352,-0.0122718215,-0.24922308,False
4344,0.03612387,-0.03326869,False
4361,-0.0088082,0.007365112,False
4363,0.005779743,-0.41534203,False
4377,-0.004897807,-0.004897807,False
4376,0.005409483,-0.017403493,False
4375,-0.8326119,-0.21658587,False
4374,6.99237e-05,-0.010026585,False
4373,0.0040786117,0.019152068,False
4372,0.025525354,-0.0048562437,False
4362,-0.018639263,0.005604308,False
4371,-0.0069166576,-0.0069166576,False
4369,-0.037018687,-0.012631718,False
4368,0.01047307,-0.010319403,False
4367,-0.033762336,0.029283166,False
4366,-0.019014888,0.019371472,False
4365,-0.27854848,-0.029639363,False
4364,0.053368807,-0.013167858,False
4370,0.17486882,0.08463037,False
3988,0.003759035,-0.014023094,False
3987,0.04264138,-0.0045291847,False
3986,0.033890434,-0.012699483,False
3599,-0.3604077,-0.12670219,False
3600,-0.0525295,0.02579169,False
3601,0.19590965,-0.026693583,False
3602,-0.01379583,-0.01379583,False
3603,-0.29106987,-0.1483345,False
3604,0.0005657375,-0.014128193,False
3605,0.067839436,-0.021075286,False
3606,0.024671964,0.015537999,False
3607,0.005022362,-0.034005374,False
3608,-0.11513448,0.0028259754,False
3609,-0.011610508,-0.08132023,False
3610,-0.018231023,-0.018231023,False
3611,0.052567244,-0.094828844,False
3612,-0.0019515753,0.008927166,False
3613,0.0793896,-0.009803223,False
3614,0.038732555,-0.045450274,False
3615,0.06480634,-0.07757515,False
3629,-0.009646453,-0.07802696,False
3628,0.0043728948,-0.035892308,False
3627,0.007185269,0.02691048,False
3626,0.12251681,0.0056306124,False
3625,-0.0018673651,0.010963313,False
3624,0.0076123234,-0.016742898,False
3598,0.1571579,-0.11795688,False
3623,0.0,0.0,False
3621,0.022833211,-0.016820194,False
3620,-0.001063969,-0.020382013,False
3619,0.05047456,-0.0013981145,False
3618,-0.03926921,0.15938282,False
3617,0.24790907,-0.11011028,False
3616,-0.64223933,-0.094222665,False
3622,0.017182544,-0.024881154,False
3597,-0.004968465,-0.004968465,False
3596,-0.03339596,-0.057709873,False
3595,-0.013790466,-0.030301593,False
3576,-0.022421718,-0.02562344,False
3575,0.11194882,-0.036704436,False
3574,-0.9195876,-0.21851182,False
3573,-0.08985162,-0.0528816,False
3572,-0.016199317,0.004951466,False
3571,-0.3295735,-0.10368502,False
3577,-0.19089425,-0.03276676,False
3570,-0.22270855,-0.012491286,False
3568,0.055041224,-0.037432104,False
3567,-0.060896304,-0.024226803,False
3566,-0.4255582,-0.13776803,False
3565,-0.008825574,-0.008825574,False
3564,0.010382533,0.09259921,False
3563,0.013817485,-0.008775966,False
3569,-0.1883049,-0.028555632,False
3630,-0.01911941,-0.042229153,False
3578,0.009730399,0.026735604,False
3580,0.026156187,-0.045574248,False
3594,0.063377626,-0.051203556,False
3593,0.081761405,0.024605848,False
3592,-0.22798532,0.050341368,False
3591,-0.5089386,-0.13128531,False
3590,-0.1615156,0.007655859,False
3589,0.29165456,-0.019760817,False
3579,-0.20232338,0.036334813,False
3588,0.009419924,0.011531781,False
3586,-0.009812125,0.00091527775,False
3585,0.098140836,-0.06843355,False
3584,0.23856902,-0.20145583,False
3583,0.0040716957,-0.019396447,False
3582,0.03084737,0.09155208,False
3581,-0.04932043,-0.00023555756,False
3587,0.07968674,0.051938046,False
3562,-0.053671777,-0.110791236,False
3631,0.01191507,-0.00971602,False
3633,-0.004865498,-0.0033226071,False
3670,-0.13328719,0.00011229515,False
3671,0.030732512,-0.10596889,False
3672,-0.0074772835,0.036346078,False
3673,0.02783531,0.01506567,False
3674,0.11042625,-0.12267208,False
3675,-0.20024961,-0.04471314,False
3676,-0.022471359,-0.0013289694,False
3677,0.027919784,0.010203406,False
3678,-0.05986844,-0.01935251,False
3679,0.0037963688,0.022859588,False
3680,0.11456478,-0.10971445,False
3681,0.015158849,-0.023234198,False
3682,0.007855792,-0.008561252,False
3683,-0.035480402,0.014797151,False
3684,-0.15829617,0.10944146,False
3685,-0.0419191,-0.024251424,False
3686,-0.04530652,0.009017609,False
3700,-0.53764486,-0.1700859,False
3699,-0.71469927,-0.059500217,False
3698,-0.20196146,-0.002551198,False
3697,-0.03827821,-0.03465694,False
3696,0.10066183,0.07902533,False
3695,-0.012880293,-0.012880293,False
3669,-0.24548888,-0.18909204,False
3694,-0.04558353,0.0010335743,False
3692,-0.014691086,-0.014691086,False
3691,-0.06665385,-0.03722784,False
3690,0.101525635,-0.024668753,False
3689,-0.25780773,-0.021080494,False
3688,-0.018483892,-0.012347482,False
3687,0.017082497,0.012050852,False
3693,-0.2117953,-0.0990172,False
3668,-0.26307464,-0.17877054,False
3667,-0.025226006,-0.047967978,False
3666,0.033023372,0.05321397,False
3647,0.07860607,-0.019334733,False
3646,0.6701746,-0.28489053,False
3645,-0.03363526,-0.11720255,False
3644,-0.6359763,-0.042369127,False
3643,0.050296307,0.030343771,False
3642,-0.052197546,-0.064309955,False
3648,0.20916677,0.06288761,False
3641,-0.09696059,-0.0502097,False
3639,-0.097353935,-0.07021427,False
3638,-0.23707122,-0.031525612,False
3637,0.078728944,0.024784416,False
3636,0.026530981,0.02016443,False
3635,0.013547063,-0.045854747,False
3634,-0.05036456,-0.015652694,False
3640,-0.19631574,-0.0033480227,False
3632,0.0,0.0,False
3649,-0.1048557,-0.06245847,False
3651,0.009854794,-0.008813933,False
3665,-0.03952366,0.0026673675,False
3664,0.080172986,0.021796912,False
3663,-0.50255394,0.14037168,False
3662,-0.18239176,-0.08832759,False
3661,0.14076453,0.06977263,False
3660,0.07180166,0.044106245,False
3650,-0.40758207,0.06060356,False
3659,-0.25749725,-0.11156201,False
3657,-0.028566867,-0.011269599,False
3656,0.06217748,-0.06185466,False
3655,-0.015074097,0.029510006,False
3654,-0.04256642,-0.12086511,False
3653,-0.08353503,-0.005076736,False
3652,-0.029429495,0.043604612,False
3658,0.06497602,-0.19382383,False
3701,-0.13825417,-0.15583229,False
3561,0.051627994,-0.015726537,False
3559,-0.004678143,-0.004678143,False
3457,0.0941064,0.03846123,False
3458,-0.013631855,0.012674266,False
3459,0.04134483,-0.046632186,False
3460,-0.014954872,-0.014954872,False
3461,0.0030002836,0.02427247,False
3462,-0.024105083,-0.024105083,False
3463,-0.0038334213,-0.0038334213,False
3464,-0.004716768,-0.004716768,False
3465,0.042133033,-0.0036984924,False
3466,0.010315329,-0.046648026,False
3467,-0.008719188,-0.008719188,False
3468,0.0,0.0014944354,False
3469,0.012090371,-0.009026869,False
3470,0.0,0.0,False
3471,-0.010180383,-0.010180383,False
3472,0.07439999,-0.016113127,False
3473,0.07955086,-0.009934085,False
3487,-0.23386484,0.112475514,False
3486,0.06373197,-0.014549375,False
3485,-0.015547633,-0.025809497,False
3484,0.05494149,0.007911727,False
3483,-0.21714568,0.0483464,False
3482,-0.21492341,-0.03714782,False
3456,-0.013548533,-0.013548533,False
3481,0.120945394,-0.051420033,False
3479,-0.06885171,-0.02760011,False
3478,-0.009423494,0.030709803,False
3477,-0.058018148,-0.007912636,False
3476,-0.009895721,-0.008380492,False
3475,-0.04596339,0.00696975,False
3474,-0.014421633,0.0077773677,False
3480,0.23767602,0.03825432,False
3455,-0.014553636,0.0013139397,False
3454,0.0,0.0,False
3453,-0.0048509818,-0.0048509818,False
3434,-0.019880977,-0.019880977,False
3433,0.0,0.0,False
3432,-0.002142815,-0.023773164,False
3431,0.0184398,-0.00492338,False
3430,0.012364522,-0.034658283,False
3429,-0.024092799,-0.024092799,False
3435,0.020635352,-0.053478315,False
3428,-0.016368572,-0.05964574,False
3426,-0.051559325,-0.051559325,False
3425,0.023838937,-0.02304278,False
3424,0.0,0.0,False
3423,0.09249349,0.014472082,False
3422,0.023055658,-0.028347597,False
3421,-0.022955077,-0.022955077,False
3427,-0.033683978,-0.033683978,False
3488,0.07319629,-0.19718087,False
3436,-0.018370561,-0.018370561,False
3438,-0.04847236,0.0075380057,False
3452,0.06636955,-0.013987221,False
3451,0.018843042,0.0012928109,False
3450,-0.009160463,-0.009160463,False
3449,-0.059233986,-0.009407289,False
3448,-0.03839175,-0.01834628,False
3447,-0.008611485,-0.017557174,False
3437,-0.014945213,-0.014945213,False
3446,0.012657918,0.0029128976,False
3444,0.011674441,-0.00052425265,False
3443,-0.026550312,-0.045846947,False
3442,-0.009650093,-0.042442784,False
3441,-0.003413568,-0.003413568,False
3440,0.033015534,-0.033558175,False
3439,-0.017149856,0.01517589,False
3445,0.0,0.0,False
3560,-0.19728467,-0.024383545,False
3489,-0.42700565,-0.13339734,False
3491,0.06927073,-0.007912338,False
3528,0.0,0.0,False
3529,-0.45370483,-0.1829108,False
3530,-0.15925738,-0.047111288,False
3531,-0.08661386,-0.006999463,False
3532,-1.0704243,-0.3494165,False
3533,-0.011059646,-0.002743829,False
3534,-0.009523353,0.013318125,False
3535,-0.024445407,-0.0374702,False
3536,0.0,0.0,False
3537,0.0,0.0,False
3538,0.050443754,-0.016721629,False
3539,-0.11354479,-0.076327026,False
3540,0.04072815,-0.042306006,False
3541,0.06531072,0.002931118,False
3542,-0.006297916,0.033391625,False
3543,-0.9291836,-0.06823683,False
3544,0.22768906,0.0061994493,False
3558,-0.00800965,-0.102648914,False
3557,-0.005207883,-0.005207883,False
3556,0.0,0.0,False
3555,-0.08752757,0.027062207,False
3554,0.041506797,-0.025189884,False
3553,-0.47390485,-0.14239931,False
3527,-0.004857174,-0.004857174,False
3552,0.0946455,0.021522135,False
3550,0.040360242,-0.0130198,False
3549,0.12816015,0.050144047,False
3548,-0.06117773,0.028323233,False
3547,-0.15329568,-0.11661965,False
3546,-0.06374747,0.0007890165,False
3545,0.020762779,-0.101814605,False
3551,-0.47775364,-0.17480922,False
3526,0.014214382,0.018883329,False
3525,-0.00932878,-0.00932878,False
3524,0.035575956,-0.020495832,False
3505,-0.041939586,0.019538522,False
3504,-0.07590641,0.045413285,False
3503,0.133627,-0.009937905,False
3502,0.024726868,0.016960561,False
3501,-0.008892007,-0.00212387,False
3500,-0.0069313943,-0.044834107,False
3506,0.0,0.0,False
3499,0.00075342506,0.086068004,False
3497,0.0066235997,-0.007522911,False
3496,-0.027355604,0.03058745,False
3495,0.014234304,-0.040219918,False
3494,-0.2739187,-0.014719963,False
3493,-0.14235687,-0.01879917,False
3492,-0.14677367,-0.013537765,False
3498,-0.07985581,0.006563768,False
3490,-0.052315474,-0.18728364,False
3507,0.007913081,-0.010323845,False
3509,-0.053394996,0.003363043,False
3523,0.2617588,-0.09310484,False
3522,0.0,0.0,False
3521,0.03137116,-0.07683916,False
3520,0.15324199,0.0059877634,False
3519,-0.1616534,0.04156983,False
3518,0.08095774,-0.038997173,False
3508,-0.043321088,-0.028044939,False
3517,-0.13829482,0.022706151,False
3515,-0.011441469,-0.103778124,False
3514,0.07305835,0.058313802,False
3513,-0.07406744,0.038274705,False
3512,0.034541465,-0.057665676,False
3511,0.07188467,-0.11946081,False
3510,-0.05736184,0.024842978,False
3516,0.01197803,0.025939673,False
3702,-0.69219744,-0.101938486,False
3703,-0.3974383,-0.10489178,False
3704,-0.8730756,-0.08629751,False
3884,0.036881447,0.00092348456,False
3885,-0.33144003,-0.07704455,False
3886,0.0,0.0,False
3887,-0.112667054,-0.01932633,False
3888,-0.062892966,-0.03416936,False
3889,-0.0044247913,-0.0044247913,False
3890,-0.009535255,-0.0045986935,False
3891,0.018355189,-0.0048315576,False
3892,-0.004882378,-0.004882378,False
3893,-0.09741065,0.043893874,False
3894,-0.16283913,0.03335643,False
3895,-0.1881547,0.02819696,False
3896,-0.23305404,-0.01859504,False
3897,-0.38750482,-0.07183528,False
3898,-0.1074962,-0.025971271,False
3899,-0.029405618,0.063150056,False
3900,-0.2258923,-0.01244545,False
3914,0.07772541,0.09736192,False
3913,0.17030568,0.020109475,False
3912,-0.07059586,-0.042670608,False
3911,-0.0066952407,0.021032065,False
3910,0.06543174,-0.018644042,False
3909,-0.0642541,-0.013284594,False
3883,0.030704916,-0.014625311,False
3908,0.02360557,0.0061828606,False
3906,-0.28933883,-0.23857522,False
3905,-0.2854838,-0.04522288,False
3904,-0.007460594,-0.019631267,False
3903,-0.16468091,-0.047532305,False
3902,-0.23792088,-0.022972941,False
3901,0.00836733,-0.057143256,False
3907,-0.024627544,-0.009077087,False
3882,-0.019554004,-0.019554004,False
3881,-0.6125984,-0.10865688,False
3880,0.08251619,0.019471407,False
3861,0.115505666,0.076666564,False
3860,0.03624606,-0.109455705,False
3859,-0.3539245,-0.19893599,False
3858,-0.6416936,-0.1039207,False
3857,-0.19538832,-0.06635594,False
3856,-0.026794558,-0.026794558,False
3862,-0.0067666173,-0.010628641,False
3855,-0.57952654,-0.18216991,False
3853,-0.04245906,-0.04245906,False
3852,-0.16313553,-0.19282913,False
3851,-0.017543998,-0.009608276,False
3850,-0.034712028,-0.016040783,False
3849,-0.56683874,-0.098391294,False
3848,0.041080713,0.11483836,False
3854,-0.49500895,-0.020751715,False
3915,-0.009367473,-0.029500604,False
3863,0.010488391,-0.017884016,False
3865,0.1601834,0.07280347,False
3879,-0.006534785,0.022778079,False
3878,-0.080429435,0.06907356,False
3877,0.058279455,0.082334936,False
3876,0.0073945206,-0.008964261,False
3875,-0.011750162,-0.020302176,False
3874,0.0061686337,-0.013626337,False
3864,-0.040578276,0.05551228,False
3873,0.17428309,-0.0012767911,False
3871,0.09117201,-0.004424602,False
3870,-0.78708196,-0.17454576,False
3869,0.0,0.0,False
3868,-0.24105251,-0.04018247,False
3867,-0.038044725,-0.011142772,False
3866,-0.09985089,-0.0070283413,False
3872,0.0,0.0,False
3847,-0.29386902,0.021534681,False
3916,-0.12653017,0.031029463,False
3918,-0.0081200795,-0.0081200795,False
3955,0.02244895,-0.021977779,False
3956,0.0025427788,-0.014790818,False
3957,0.0839327,0.009294212,False
3958,0.04452747,-0.030801356,False
3959,-0.03711295,0.0016373992,False
3960,-0.0051132906,-0.0051132906,False
3961,-0.23310225,-0.061017096,False
3962,-0.023545159,0.009257872,False
3963,-0.01690779,-0.01690779,False
3964,0.062860996,0.01150699,False
3965,-0.004335512,-0.004335512,False
3966,-0.077317595,-0.010859251,False
3967,-0.14489233,-0.05446419,False
3968,0.009317126,-0.013429696,False
3969,-0.032883402,-0.02634713,False
3970,-0.008157849,-0.2206416,False
3971,0.14640641,-0.084970474,False
3985,-0.013374851,-0.011582754,False
3984,-0.035033766,0.011842638,False
3983,0.02258878,0.0,False
3982,-0.09224969,-0.11881554,False
3981,0.14821762,0.03688407,False
3980,-0.07594071,0.042973608,False
3954,0.44495356,-0.03794831,False
3979,0.06736327,0.0078557,False
3977,0.04417932,-0.21585536,False
3976,-0.15727031,-0.14334416,False
3975,0.09320283,-0.20868123,False
3974,0.030990757,-0.014092878,False
3973,0.027594568,0.024542028,False
3972,-0.01612624,-0.038461424,False
3978,-0.07659808,-0.04463038,False
3953,0.014396634,-0.009511204,False
3952,-0.043242723,-0.008957945,False
3951,-0.004907511,-0.004907511,False
3932,0.0,0.0011903122,False
3931,0.044111595,0.021355413,False
3930,-0.03466347,0.03831321,False
3929,-0.0740934,-0.103666306,False
3928,-0.004854167,-0.004854167,False
3927,-0.010400042,-0.008919703,False
3933,0.0,0.00010088838,False
3926,0.15418734,0.035028964,False
3924,-0.024630103,-0.024630103,False
3923,-0.11018571,-0.02365926,False
3922,-0.06014679,0.0007960014,False
3921,-0.033868894,0.0067718923,False
3920,-0.21910325,0.07654238,False
3919,-0.0047422554,-0.0047422554,False
3925,0.009429853,0.00091927405,False
3917,-0.048074152,-0.048074152,False
3934,-0.1321764,0.0014047623,False
3936,-0.0047054025,-0.0047054025,False
3950,-0.004470864,-0.0033415998,False
3949,0.004221255,-0.017546104,False
3948,-0.0052438695,-0.0023921672,False
3947,-0.009568435,-0.009568435,False
3946,-0.17532197,-0.051688313,False
3945,0.07106976,0.015557874,False
3935,-0.05411674,-0.010047734,False
3944,-0.024536032,-0.0052369647,False
3942,-0.03973753,-0.0063272417,False
3941,0.0,0.0006278958,False
3940,-0.11368248,-0.08247775,False
3939,0.06735945,0.055763245,False
3938,0.009426901,-0.022289997,False
3937,-0.018078193,-0.066819176,False
3943,0.030910254,-0.054532826,False
3846,-0.59975624,-0.23828483,False
3845,-0.03755814,-0.015514633,False
3844,-0.41821957,-0.26728344,False
3741,-0.12795472,0.018312275,False
3742,0.017442908,0.01112302,False
3743,-0.014227654,-0.010680206,False
3744,0.0,0.0014618115,False
3745,-0.19115233,-0.07106781,False
3746,0.04717254,-0.012397945,False
3747,-0.11760941,0.052454054,False
3748,0.10662511,-0.0138016045,False
3749,-0.011181619,-0.011181619,False
3750,-0.073797226,0.03263691,False
3751,0.00851205,-0.014376942,False
3752,-0.036906958,-0.0013543963,False
3753,-0.024830487,0.006125003,False
3754,-0.011994898,-0.052701056,False
3755,0.082072765,0.017150924,False
3756,-0.005129954,-0.005129954,False
3757,-0.05739081,-0.007898986,False
3771,-0.027724225,-0.027724225,False
3770,0.015008889,0.025978945,False
3769,-0.016706496,0.00023449957,False
3768,-0.113331884,-0.0047204494,False
3767,0.06449151,0.0010331571,False
3766,-0.050468206,-0.0013097525,False
3740,-0.040432744,-0.007958569,False
3765,0.0066507757,0.16178527,False
3763,0.050907746,-0.008768981,False
3762,-0.022023559,0.026672661,False
3761,-0.008217281,-0.008217281,False
3760,0.0041488223,0.024942096,False
3759,0.04818937,-0.069200635,False
3758,-0.0047958563,-0.0047958563,False
3764,0.08628684,0.024759471,False
3739,-0.510651,-0.15706474,False
3738,-0.19461769,0.02391851,False
3737,-0.006521791,-0.028374463,False
3718,-0.055548795,-0.022775143,False
3717,-0.08603099,-0.026021712,False
3716,-0.047076195,-0.034773484,False
3715,-0.052150663,-0.009502418,False
3714,0.016570786,0.03095076,False
3713,0.0148305595,-0.09840392,False
3719,0.08799648,0.019428946,False
3712,-0.19311786,-0.021263242,False
3710,-0.034578487,-0.023508206,False
3709,-0.09343988,-0.006177634,False
3708,0.28178513,0.063521504,False
3707,-0.009341803,-0.0036598686,False
3706,-0.18944395,-0.042943954,False
3705,0.0,0.0025065911,False
3711,0.49691772,0.041636884,False
3772,-0.05339381,-0.03463167,False
3720,0.099318534,0.0025390908,False
3722,0.0,0.0,False
3736,-0.08022326,-0.045535445,False
3735,0.023925573,0.056619495,False
3734,-0.009502888,-0.018440515,False
3733,0.109175354,-0.037418634,False
3732,-0.016511781,0.004271386,False
3731,0.0027670413,0.03368832,False
3721,-0.051894605,-0.02392599,False
3730,0.019118665,-0.004636532,False
3728,-0.15390761,-0.028055266,False
3727,0.0,0.0008316485,False
3726,-0.009905668,0.045941338,False
3725,-0.080590785,-0.04199958,False
3724,-0.025523948,-0.023799859,False
3723,0.44815826,0.022109628,False
3729,0.016992029,0.0054108314,False
3773,0.037175,-0.016425095,False
3774,0.0,0.0,False
3775,-0.008271217,-0.10392803,False
3825,-0.009237085,-0.008184061,False
3824,0.004783012,-0.023163266,False
3823,-0.1552304,0.024199367,False
3822,0.031824883,-0.014137982,False
3821,-0.06840274,0.010564089,False
3820,-0.02854897,0.027937524,False
3826,0.03500291,-0.025275754,False
3819,-0.018727109,-0.02391626,False
3817,0.02891481,0.046729445,False
3816,-0.009702889,-0.009702889,False
3815,0.019472003,0.020511925,False
3814,-0.32701302,-0.16350949,False
3813,-0.013361683,-0.0068442007,False
3812,-0.576548,-0.17629886,False
3818,-0.038666815,-0.0057463646,False
3811,-0.08380432,0.0076293647,False
3827,-0.004428873,-0.004428873,False
3829,-0.083755285,-0.034821376,False
3843,-0.645113,0.023466825,False
3842,-0.6724849,-0.11958003,False
3841,0.00096321106,-0.013086796,False
3840,0.07924342,-0.053075314,False
3839,-0.5192133,-0.037189007,False
3838,0.12502265,0.07414365,False
3828,0.022124171,0.080032825,False
3837,-0.047941923,-0.11007476,False
3835,0.014346212,0.012407109,False
3834,0.30602396,-0.060659587,False
3833,-0.022957325,-0.22275496,False
3832,-0.11987293,0.032027364,False
3831,-0.039971918,0.07783502,False
3830,-0.004654955,-0.0015103035,False
3836,-0.091286525,0.06575495,False
3419,0.0,0.0,False
3810,0.18463206,0.022391558,False
3808,0.05205071,-0.060174763,False
3789,-0.1531465,0.07581496,False
3788,-0.118481755,0.01621294,False
3787,-0.029172152,-0.053235248,False
3786,0.093075395,0.01222688,False
3785,-0.021680593,0.044722438,False
3784,0.18742484,-0.021524101,False
3790,-0.10447456,0.012594163,False
3783,-0.0727849,-0.11198419,False
3781,-0.17796047,-0.0555273,False
3780,0.13068235,-0.00095415115,False
3779,0.045706477,0.048325602,False
3778,-0.16472411,-0.15327919,False
3777,0.06900704,0.016443312,False
3776,0.0040201116,-0.017875526,False
3782,0.19848287,-0.009021878,False
3809,0.11396742,-0.1494155,False
3791,-0.041597456,-0.032261908,False
3793,0.08248776,0.039754987,False
3807,0.16307148,0.058948845,False
3806,-0.03474951,-0.057114672,False
3805,-0.3495105,-0.10205728,False
3804,-0.022933766,-0.008716868,False
3803,0.0090687005,-0.013490294,False
3802,-0.03394693,0.0059768856,False
3792,-0.052635416,-0.03512457,False
3801,0.008120596,-0.045119524,False
3799,-0.06803942,-0.07761109,False
3798,-0.045969814,0.08273569,False
3797,0.039989606,-0.00201495,False
3796,-0.002317071,0.1310035,False
3795,-0.072988115,-0.03246133,False
3794,0.05753745,-0.003571257,False
3800,0.06883705,-0.014547959,False
2280,0.013834834,-0.10917875,False
2279,-0.51535034,0.058445215,False
2278,-0.05266922,-0.03080228,False
749,-0.012180422,-0.012180422,False
750,-0.038767867,-0.008046806,False
751,0.0179402,-0.0073967315,False
752,-0.03753918,-0.03753918,False
753,-0.004603271,0.004860518,False
754,0.0,0.0,False
755,0.018616783,0.0,False
756,-0.010102485,-0.010102485,False
757,0.017333884,0.013117064,False
758,0.019592367,-0.0754776,False
759,-0.01357825,-0.01357825,False
760,0.02172046,-0.023846889,False
761,-0.019292682,-0.019292682,False
762,-0.018426858,-0.033560123,False
763,0.014407733,0.00548104,False
764,0.0,0.0,False
765,0.019770283,0.0051144473,False
779,0.010587493,-0.029002441,False
778,0.023249907,-0.013387686,False
777,-0.014933031,-0.014933031,False
776,0.033735424,-0.09538446,False
775,-0.0068194903,-0.055005252,False
774,0.013813455,0.026357036,False
748,-0.08487828,0.024446487,False
773,0.058930352,0.008944854,False
771,0.03683769,0.021974899,False
770,-0.004763212,-0.004763212,False
769,0.032479648,0.021098778,False
768,-0.008716821,-0.008716821,False
767,0.0020178482,-0.018436726,False
766,0.005601054,0.0019145682,False
772,0.037747547,-0.009186417,False
747,0.02141251,0.012383714,False
746,0.042879067,0.0004472807,False
745,0.008955045,-0.014800152,False
726,0.022262048,0.0,False
725,-0.03217691,-0.03217691,False
724,-0.022382421,-0.026248254,False
723,0.0013112128,-0.04612175,False
722,-0.018961545,-0.018961545,False
721,-0.019306866,-0.019306866,False
727,-0.013784111,-0.0012499392,False
720,0.08345606,-0.10048587,False
718,0.01378184,-0.009138409,False
717,-0.032529406,-0.032529406,False
716,0.0,0.0,False
715,-0.004825721,-0.004825721,False
714,0.017979119,-0.028968304,False
713,0.00477897,-0.018392691,False
719,0.0,0.0,False
780,0.0,0.0,False
728,-0.0045059593,-0.0045059593,False
730,-0.0037567792,-0.0037567792,False
744,-0.010035761,-0.010035761,False
743,-0.02201702,-0.02201702,False
742,-0.004547674,-0.004547674,False
741,-0.00929494,-0.00929494,False
740,-0.004817795,-0.027385147,False
739,-0.029040845,-0.029040845,False
729,0.02493146,-0.019176692,False
738,0.014797901,-0.0051891888,False
736,0.07803422,-0.039346635,False
735,0.0,0.0,False
734,-0.007042613,-0.056097973,False
733,-0.052250013,-0.07086679,False
732,0.017030105,-0.005088615,False
731,-0.009353461,-0.009353461,False
737,-0.018767297,-0.018767297,False
712,-0.04413443,-0.04413443,False
781,0.064361155,-0.041141544,False
783,0.012124313,-0.009822175,False
820,0.06755485,-0.017029516,False
821,-0.007987033,-0.007987033,False
822,-0.02679374,-0.02679374,False
823,-0.017857485,-0.037640736,False
824,-0.019559205,0.002998054,False
825,0.0,0.0,False
826,0.0,0.0,False
827,0.054199923,-0.0025340766,False
828,-0.019753495,0.0033495165,False
829,-0.027187906,-0.010227747,False
830,-0.02683541,-0.02683541,False
831,-0.024396557,-0.024396557,False
832,0.09379307,-0.055402584,False
833,0.00799285,-0.014927399,False
834,0.06310381,0.015916571,False
835,0.043879315,0.061374344,False
836,0.019202925,-0.021762783,False
850,0.026836492,-0.065197945,False
849,0.022980914,-0.08800851,False
848,-0.0047798185,-0.0047798185,False
847,-0.008198114,-0.032255102,False
846,-0.008441571,-0.008441571,False
845,0.0,0.0,False
819,0.06433065,0.017397616,False
844,0.027036168,-0.013318088,False
842,-0.053594247,-0.0066476315,False
841,0.06887937,0.0,False
840,-0.014494649,-0.014494649,False
839,0.0,0.018402288,False
838,-0.005101609,0.014944837,False
837,-0.00857576,0.0056250803,False
843,0.042548355,-0.024605121,False
818,0.030113887,-0.039000418,False
817,-0.23364726,-0.022402525,False
816,0.0,0.0,False
797,0.12892675,-0.031372696,False
796,0.08928844,-0.027599514,False
795,-0.013193255,-0.013193255,False
794,-0.13286918,-0.09733239,False
793,0.07452648,-0.09961573,False
792,-0.09618583,-0.02068755,False
798,0.037972555,-0.011838518,False
791,-0.008613516,-0.008613516,False
789,0.018694825,-0.015995532,False
788,-0.040469293,-0.040469293,False
787,0.034639504,-0.00982653,False
786,0.007618144,-0.009391213,False
785,0.018548422,-0.0050859423,False
784,0.013412547,-0.0091940155,False
790,-0.024044685,-0.024044685,False
782,0.0,0.0,False
799,0.004169509,0.02376163,False
801,-0.01958919,0.01015522,False
815,0.020864867,-0.06781915,False
814,-0.0048942682,-0.0048942682,False
813,-0.0048277224,-0.0048277224,False
812,0.005562842,-0.010736555,False
811,-0.015032083,0.021890521,False
810,-0.10039769,0.006081134,False
800,-0.10520582,-0.04759285,False
809,0.042235315,0.008628748,False
807,0.026383739,-0.0037391186,False
806,-0.04301487,-0.04301487,False
805,0.017272092,-0.07269972,False
804,0.0,0.0008468531,False
803,0.0021830052,-0.014000468,False
802,0.043462433,-0.014883228,False
808,-0.023868928,-0.023868928,False
851,-0.008499406,0.01208847,False
711,0.0,0.0,False
709,0.05509922,0.042262375,False
607,0.00019773096,0.009155406,False
608,-0.00061760284,-0.024199378,False
609,-0.004127486,-0.004127486,False
610,0.0051158816,0.018703833,False
611,0.0,0.0,False
612,-0.09864882,-0.13790981,False
613,0.20964202,0.012813687,False
614,0.033942733,0.0050921626,False
615,-0.009629368,-0.009629368,False
616,-0.022706889,-0.022706889,False
617,0.028199485,-0.013312576,False
618,-0.03403455,-0.03403455,False
619,-0.011315143,-0.03398409,False
620,-0.03441206,-0.03441206,False
621,0.004996393,-0.01865002,False
622,0.07673208,-0.0055433773,False
623,0.0044224225,-0.018330226,False
637,-0.004915913,-0.004915913,False
636,0.023274023,0.0,False
635,-0.022723202,-0.022723202,False
634,0.0,0.0,False
633,0.03188761,-0.014737274,False
632,0.011959331,0.007946592,False
606,0.0020507332,-0.013889527,False
631,0.0,0.00023002816,False
629,-0.0047287676,-0.0047287676,False
628,0.05425645,-0.0037132166,False
627,0.018404666,-0.04720896,False
626,0.020818507,0.0,False
625,-0.02439333,-0.020900732,False
624,-0.017720073,-0.017720073,False
630,0.0,0.0,False
605,-0.008749577,-0.008749577,False
604,0.04399396,-0.026608761,False
603,-0.008690345,-0.008690345,False
584,-0.022111725,-0.038470507,False
583,-0.019329472,-0.019329472,False
582,0.034802713,-0.11913716,False
581,-0.11146565,-0.032307267,False
580,-0.018900143,-0.018900143,False
579,-0.009681442,-0.009681442,False
585,0.039461803,-0.022437405,False
578,-0.14707819,-0.05453469,False
576,0.014288306,-0.009492982,False
575,-0.0077162273,-0.06829356,False
574,0.120460585,0.02499862,False
573,0.017685307,0.0026265678,False
572,0.0,0.00018090427,False
571,-0.059804782,0.02283451,False
577,-0.0048315576,-0.0044302377,False
638,-0.005553283,-0.029631639,False
586,0.0039272886,-0.01853637,False
588,-0.004478243,-0.004478243,False
602,-0.0065057054,-0.029112268,False
601,-0.004715158,-0.004715158,False
600,-0.013326423,-0.034755204,False
599,0.060827404,-0.04805004,False
598,-0.004552625,-0.004552625,False
597,0.0,0.0,False
587,-0.003871277,0.019690648,False
596,0.086672485,-0.009965062,False
594,-0.008243296,-0.05286355,False
593,0.017393038,-0.005200414,False
592,-0.008134969,-0.008134969,False
591,0.009340333,-0.012761749,False
590,0.049502544,-0.0025886744,False
589,-0.0045929668,-0.0045929668,False
595,0.0043055993,-0.014311183,False
710,0.022159563,-0.024333721,False
639,-0.026515912,-0.026515912,False
641,-0.0060567334,-0.028236754,False
678,-0.043293387,-0.043293387,False
679,0.013930467,-0.008671409,False
680,0.01341794,-0.008956966,False
681,0.025306355,-0.045711976,False
682,0.0,0.0,False
683,0.033073157,-0.010131316,False
684,-0.013203628,-0.013203628,False
685,0.06066751,0.0154761225,False
686,-0.038976558,-0.021356605,False
687,-0.05444616,0.008109465,False
688,0.035988495,-0.028947735,False
689,-0.04963637,-0.04963637,False
690,0.0,0.0,False
691,-0.02374186,-0.02374186,False
692,-0.09275445,0.06973754,False
693,0.0,0.014716972,False
694,0.01041553,-0.004717735,False
708,0.11100878,0.06748353,False
707,-0.0045843073,-0.0045843073,False
706,0.044433698,-0.008006778,False
705,-0.022329552,-0.022329552,False
704,-0.009765357,-0.009765357,False
703,-0.0020643715,-0.02418893,False
677,0.0641147,-0.09431674,False
702,0.03898558,-0.0121803805,False
700,0.03886687,-0.100794934,False
699,-0.0023351684,-0.038970567,False
698,-0.004034847,-0.03684529,False
697,-0.04321882,0.013290614,False
696,0.0404033,-0.06164872,False
695,-0.008713505,-0.008713505,False
701,-0.02591711,0.01969812,False
676,-0.056764796,-0.056764796,False
675,-0.01911245,-0.04147761,False
674,-0.013995604,-0.013995604,False
655,-0.0037512553,-0.003497446,False
654,0.0,0.0,False
653,0.06701471,-0.0202407,False
652,-0.0015473384,-0.02448178,False
651,-0.030092524,-0.054000363,False
650,0.005958409,0.017943818,False
656,-0.05242541,-0.012089256,False
649,0.0,0.0,False
647,0.089782536,-0.022960553,False
646,-0.03348761,-0.0065393,False
645,-0.018375035,-0.017565422,False
644,0.0,0.0,False
643,0.042830557,0.004665287,False
642,0.008713856,-0.037189636,False
648,-0.009869091,-0.009869091,False
640,-0.049274493,-0.0078081787,False
657,-0.06363523,0.0050979704,False
659,-0.010427449,-0.010427449,False
673,-0.0051165484,-0.0051165484,False
672,-0.0048277224,-0.0048277224,False
671,0.03405477,-0.008055352,False
670,-0.008630766,0.0070699155,False
669,-0.03725551,-0.021098964,False
668,-0.0034862934,-0.0034862934,False
658,0.034324225,-0.049019504,False
667,-0.055758342,-0.055758342,False
665,-0.005174614,-0.005174614,False
664,0.06615776,-0.024593763,False
663,0.00401007,-0.013772059,False
662,0.022593452,0.0,False
661,0.0,0.0,False
660,0.015052203,-0.033754695,False
666,-0.035626553,-0.0015792176,False
570,-0.011593809,-0.029279117,False
852,-0.013753679,-0.013753679,False
854,-0.00234228,-0.02460951,False
1033,0.05102276,0.016043201,False
1034,0.039113894,-0.018648893,False
1035,0.067413986,0.026481211,False
1036,-0.017905027,-0.02705437,False
1037,0.028310753,-0.038873464,False
1038,0.0,0.0,False
1039,0.02512974,0.012098797,False
1040,-0.019532973,-0.019532973,False
1041,0.017591631,-0.0047050845,False
1042,0.0,0.0,False
1043,0.0037875809,-0.019569969,False
1044,0.018063594,-0.0047420296,False
1045,-0.01211003,0.01122652,False
1046,0.009563938,0.027570024,False
1047,-0.0047054025,-0.0047054025,False
1048,0.08588202,0.037918434,False
1049,0.008799352,-0.0024600327,False
1063,-0.028114043,-0.016383,False
1062,-0.023107596,-0.023107596,False
1061,0.0,0.0014517754,False
1060,-0.05607971,-0.024119776,False
1059,0.015527118,-0.021217475,False
1058,-0.012540888,0.00014951453,False
1032,0.007753134,-0.013973096,False
1057,0.06979638,0.029990196,False
1055,-0.0057289246,-0.028733527,False
1054,-0.008720472,-0.020685047,False
1053,0.0,0.0,False
1052,-0.17145105,-0.31164852,False
1051,-0.2661935,0.024414957,False
1050,-0.0017985906,-0.02367925,False
1056,0.005370671,-0.017848589,False
1031,0.004233578,-0.0191296,False
1030,-0.021891285,-0.021164915,False
1029,0.022019075,0.0,False
1010,-0.029486202,-0.108930476,False
1009,-0.04697194,-0.04697194,False
1008,-0.005208995,-0.005208995,False
1007,-0.023545671,-0.007257089,False
1006,0.03639268,-0.00995736,False
1005,-0.009468,-0.009468,False
1011,-0.0050479244,-0.0043479702,False
1004,0.010217488,0.010760609,False
1002,-0.021962352,0.0023587458,False
1001,-0.047432594,-0.047432594,False
1000,0.049638715,-0.028933633,False
999,0.08782482,-0.119895905,False
998,0.01071538,-0.027903043,False
997,0.014207929,-0.059948444,False
1003,0.018814843,-0.009990467,False
1064,0.05776392,-0.009580629,False
1012,0.03485585,-0.075304456,False
1014,0.025655992,-0.009580904,False
1028,0.050896425,-0.019026715,False
1027,-0.07060329,-0.022311047,False
1026,-0.0010780841,-0.023202643,False
1025,0.03268611,0.027229626,False
1024,-0.013566838,-0.013566838,False
1023,0.011834141,0.0022065975,False
1013,-0.16180755,0.0052002817,False
1022,0.03566604,-0.04578358,False
1020,-0.05208166,-0.05208166,False
1019,-0.009914068,-0.009914068,False
1018,-0.06207685,-0.025350936,False
1017,-0.01929168,-0.062913544,False
1016,0.0,0.0005552019,False
1015,0.0,0.0,False
1021,0.017728982,-0.0048579276,False
996,0.0,0.0,False
1065,0.018904958,-0.0049785348,False
1067,0.06279468,-0.025246965,False
1104,0.021313809,0.028237447,False
1105,-0.019041147,0.004478153,False
1106,6.403774e-06,-0.023118202,False
1107,-0.0045988807,-0.0045988807,False
1108,0.0,0.0,False
1109,-0.00932058,-0.00932058,False
1110,0.0,0.0,False
1111,-0.009568617,-0.009568617,False
1112,-0.0026304834,-0.024315242,False
1113,0.032769628,-0.009473933,False
1114,0.01939659,-0.023894327,False
1115,0.0,0.0,False
1116,-0.0050840024,-0.0050840024,False
1117,0.015919482,-0.005007431,False
1118,-0.009430963,0.019459799,False
1119,0.02037073,0.012401685,False
1120,0.067383096,0.032984003,False
1134,0.009631594,-0.014322766,False
1133,0.0049318913,-0.019431928,False
1132,0.094206005,0.016821638,False
1131,-0.038220778,-0.015292123,False
1130,-0.0045257807,0.0361211,False
1129,-0.005019524,-0.005019524,False
1103,0.27777112,-0.0550794,False
1128,0.006232463,-0.008900802,False
1126,0.14945509,0.009771846,False
1125,0.3979721,0.026984751,False
1124,0.017191052,-0.0054023997,False
1123,0.052773755,0.008583374,False
1122,-0.0165188,-0.03796666,False
1121,-0.0048385393,-0.0048385393,False
1127,0.01406268,-0.004554102,False
1102,0.0,0.0,False
1101,0.025786884,-0.0192824,False
1100,0.0048740655,-0.019439844,False
1081,-0.022723828,-0.0032920688,False
1080,-0.23863944,-0.116945446,False
1079,-0.009915402,-0.009915402,False
1078,0.0,0.0,False
1077,0.0085011665,-0.029552346,False
1076,-0.0047591506,-0.0047591506,False
1082,0.0,0.0,False
1075,0.02327292,0.0,False
1073,-0.014549112,-0.014549112,False
1072,0.016971592,-0.0036848104,False
1071,0.020256938,-0.025170011,False
1070,0.015052892,-0.05490014,False
1069,0.04137826,0.004798129,False
1068,0.037917733,-0.023697576,False
1074,0.0,0.0,False
1066,-0.011871725,0.026324213,False
1083,0.07577784,-0.03442335,False
1085,-0.037342835,-0.037342835,False
1099,0.15418077,-0.008692041,False
1098,0.0,0.0,False
1097,-0.012989793,-0.014015697,False
1096,0.062427092,-0.0047487416,False
1095,-0.035753634,-0.019553646,False
1094,0.024037052,0.0,False
1084,0.017406477,-0.01977924,False
1093,0.006796941,-0.0007676631,False
1091,0.02065056,-0.024620263,False
1090,-0.0036848104,-0.0036848104,False
1089,-0.043049976,-0.043049976,False
1088,-0.024193615,-0.04533314,False
1087,-0.03758222,-0.030080415,False
1086,0.0,0.0,False
1092,-0.10375818,0.053841397,False
853,0.0074132206,-0.013634662,False
995,0.076023936,-0.12279928,False
993,0.03634163,-0.005588338,False
891,0.008908685,-0.00394129,False
892,0.018323775,-0.004428873,False
893,-0.013631696,-0.013631696,False
894,0.065452896,0.03931374,False
895,-0.07927969,-0.026763529,False
896,-0.023462243,-0.023462243,False
897,-0.0118259005,0.00828132,False
898,-0.015658174,-0.03878278,False
899,0.009714518,-0.018487584,False
900,0.020685699,-0.0070766937,False
901,-0.009857117,-0.009857117,False
902,-0.013781964,-0.013781964,False
903,-0.014075478,-0.014075478,False
904,0.06207964,-0.024989156,False
905,-0.0045455415,-0.0045455415,False
906,-0.013645406,-0.013645406,False
907,-0.007910938,-0.007910938,False
921,-0.0092242295,-0.0092242295,False
920,0.0,0.0,False
919,-0.019204479,-0.019204479,False
918,0.024846412,-0.008096956,False
917,0.0,0.0,False
916,0.07589808,0.008801319,False
890,-0.027081141,0.007965606,False
915,0.08783037,-0.001959294,False
913,0.0,0.0,False
912,0.018616783,0.0,False
911,0.042853154,-0.004901953,False
910,0.03716048,-0.023632934,False
909,-0.017709037,-0.044498272,False
908,0.028920561,-0.026826728,False
914,-0.014907143,-0.012837695,False
889,0.007557828,-0.014327558,False
888,0.027870677,-0.015050713,False
887,-0.01420284,0.008900401,False
868,0.0076082433,-0.013248394,False
867,0.024276037,-0.023644056,False
866,0.017725984,-0.02199422,False
865,0.0133026885,-0.010406935,False
864,0.03910152,0.023420053,False
863,-0.022235516,-0.022235516,False
869,-0.04105247,-0.06288386,False
862,0.039210252,-0.0219498,False
860,0.0,0.0,False
859,0.007175655,-0.012142441,False
858,0.0,0.0,False
857,0.0044253077,-0.018168144,False
856,0.0,0.0,False
855,0.039718885,-0.004876203,False
861,-0.10552983,-0.0036717355,False
922,0.017820045,-0.04539732,False
870,0.0,0.00025577107,False
872,0.030690089,-0.025217831,False
886,-0.022605393,0.015077617,False
885,0.00776273,-0.060935058,False
884,-0.01313944,-0.01313944,False
883,-0.042534128,-0.042534128,False
882,0.0,0.0,False
881,-0.01673314,-0.042212423,False
871,-0.007760264,-0.028416665,False
880,-0.000754945,-0.024573794,False
878,0.0147945285,-0.05204442,False
877,-0.02829475,-0.02829475,False
876,-0.012595633,-0.012595633,False
875,-0.055104278,-0.055104278,False
874,-0.0099381795,-0.0099381795,False
873,-0.0062826555,-0.012623064,False
879,0.008653946,0.018046133,False
994,0.0,0.0005639477,False
923,0.0,0.0,False
925,-0.004223634,-0.004223634,False
962,0.005747877,-0.007448273,False
963,-0.008966396,-0.008966396,False
964,0.0017710626,-0.008997984,False
965,-0.015382189,-0.015382189,False
966,0.04354539,0.0,False
967,0.00947389,0.013746589,False
968,-0.020528127,-0.044197522,False
969,0.07102884,-0.009566239,False
970,-0.0044606337,-0.0044606337,False
971,-0.009495785,-0.009495785,False
972,-0.0077417195,-0.07473831,False
973,0.015587017,-0.024465412,False
974,-0.004277982,-0.016246263,False
975,0.09311964,-0.041977204,False
976,0.019468274,-0.040738672,False
977,-0.00971966,-0.00971966,False
978,0.03045138,-0.009586195,False
992,0.0,0.0,False
991,0.0069106035,-0.038920242,False
990,0.055417504,-0.035723384,False
989,0.0044837557,-0.032754913,False
988,0.011020195,-0.03279412,False
987,-0.013804856,-0.013804856,False
961,-0.034453686,-0.034453686,False
986,0.008920156,-0.014478094,False
984,-0.012787939,-0.012787939,False
983,0.010251068,-0.009249339,False
982,0.16760841,0.031460077,False
981,0.0023221113,-0.019727997,False
980,-0.018635536,-0.018635536,False
979,0.18091321,-0.21510506,False
985,0.023295023,0.0,False
960,-0.0048932876,-0.0048932876,False
959,-0.014978378,-0.014978378,False
958,0.009499097,-0.012918603,False
939,-0.013223279,-0.013223279,False
938,-0.035272747,-0.05803318,False
937,-0.0336605,-0.073424645,False
936,-0.1386636,-0.059446752,False
935,0.0054514464,-0.018616213,False
934,-0.0045462074,-0.0045462074,False
940,-0.009374202,-0.009374202,False
933,0.011683402,-0.008449729,False
931,0.01456647,-0.01251301,False
930,-0.016967757,-0.016967757,False
929,-0.024016635,-0.024016635,False
928,-0.17336544,-0.0069322586,False
927,0.060782216,-0.033504367,False
926,0.03591985,-0.008564569,False
932,0.025296204,0.0,False
924,-0.00528772,-0.009818168,False
941,0.024793494,0.0,False
943,0.050946783,-0.052422103,False
957,-0.018379642,-0.018379642,False
956,0.13742727,0.030675314,False
955,0.04785941,-0.019125085,False
954,-0.005091785,-0.005091785,False
953,-0.004955982,-0.004955982,False
952,-0.009242909,-0.009242909,False
942,0.016425904,-0.0051456327,False
951,0.01594026,0.0,False
949,-0.025065798,-0.040199064,False
948,0.015228005,-0.0042255456,False
947,0.0,0.0006939061,False
946,0.009772084,-0.014182276,False
945,0.0048041567,-0.018854335,False
944,-0.036324445,0.022599991,False
950,-0.034124263,-0.0018098168,False
569,0.011682138,-0.06460618,False
568,-0.0047674626,-0.0047674626,False
567,-0.004936444,-0.004936444,False
179,-0.0151418,0.0057908,False
180,0.04728911,-0.1117714,False
181,0.0,0.0,False
182,-0.023311317,0.0060501844,False
183,-0.034898482,-0.023169257,False
184,0.0,0.0,False
185,0.010126489,-0.013436326,False
186,-0.0029042903,-0.0024410486,False
187,0.0,0.0,False
188,-0.006795123,-0.028479882,False
189,-0.022605056,-0.022605056,False
190,-0.041830726,0.0086185485,False
191,-0.0069451723,-0.0011071246,False
192,-0.018403916,-0.012430137,False
193,0.01372032,-0.008576396,False
194,-0.032207124,-0.032207124,False
195,0.0,0.0012384662,False
209,0.046270475,-0.012351841,False
208,-0.004932341,-0.004932341,False
207,0.0,0.0,False
206,0.0,0.0,False
205,-0.11455001,-0.0017355382,False
204,0.102990985,0.029595513,False
178,-0.017222505,-0.034556102,False
203,0.047269404,-0.0871017,False
201,-0.0063995942,-0.010181226,False
200,-0.0050123385,-0.0050123385,False
199,0.07791004,0.004007723,False
198,-0.03430537,-0.0141386725,False
197,0.0,0.0,False
196,0.03113146,-0.014497684,False
202,0.10851398,-0.015149161,False
177,-0.016816534,-0.016816534,False
176,-0.030093148,-0.008906454,False
175,-0.011272458,-0.033939503,False
156,0.018648434,-0.0040186113,False
155,0.022668948,0.0,False
154,-0.020060495,-0.036419276,False
153,0.105639204,-0.09398982,False
152,-0.03445845,-0.03445845,False
151,-0.0049393275,-0.0049393275,False
157,0.010458772,-0.010126374,False
150,0.0008888431,-0.039415237,False
148,0.014524396,-0.008876127,False
147,-0.8461795,-0.3375101,False
146,0.08067368,-0.0046705157,False
145,-0.08494945,-0.041537866,False
144,-0.014735035,-0.014735035,False
143,-0.008724627,0.0030003171,False
149,-0.023288142,-0.023288142,False
210,0.050373614,-0.07321821,False
158,-0.023670226,-0.0011147074,False
160,-0.038184382,-5.3592026e-05,False
174,0.0,0.0,False
173,0.017853534,-0.004188897,False
172,0.029135088,-0.019200789,False
171,-0.03288667,0.027360074,False
170,-0.015338707,-0.015338707,False
169,0.063378684,0.04278446,False
159,-0.0036166578,-0.0036166578,False
168,0.0131442845,-0.03379466,False
166,0.021613017,0.027213886,False
165,0.015890324,-0.028724896,False
164,0.018245077,-0.0047312197,False
163,-0.06780362,-0.09872979,False
162,-0.024342055,-0.024342055,False
161,0.007519017,-0.013654825,False
167,0.02210956,0.0,False
142,-0.010212668,-0.010212668,False
211,0.00072468445,0.011214241,False
213,0.024930116,0.0064058937,False
250,0.008047469,-0.06250552,False
251,0.024653528,-0.014283971,False
252,0.0,0.003165169,False
253,0.0011157766,-0.0072320327,False
254,-0.051767558,-0.051767558,False
255,-0.005588932,-0.0021022186,False
256,-0.0049009644,-0.0049009644,False
257,0.15106279,0.014514685,False
258,0.0,0.0,False
259,-0.050994083,0.017346054,False
260,0.07794911,0.025961995,False
261,0.04238941,-0.019387215,False
262,0.0,0.0,False
263,-0.12644932,-0.09790391,False
264,0.020944603,-0.0046034134,False
265,-0.009667704,-0.009667704,False
266,-0.019100469,-0.006583426,False
280,0.004697215,-0.018660335,False
279,-0.010975901,-0.028309498,False
278,0.023010164,-0.0378867,False
277,-0.122410476,0.019050807,False
276,-0.009719062,-0.009719062,False
275,0.05586808,0.033944555,False
249,-0.027263075,-0.009086128,False
274,0.022281624,0.02560081,False
272,-0.004814158,-0.004814158,False
271,0.0,0.0,False
270,-0.044588555,-0.044588555,False
269,0.008946516,-0.019274622,False
268,0.0,0.0027457254,False
267,-0.0050306404,-0.0050306404,False
273,0.017097427,-0.02957041,False
248,-0.04661593,-0.04661593,False
247,-0.03649389,-0.03649389,False
246,0.0,0.0,False
227,0.006656021,0.027611136,False
226,-0.0146518955,-0.0146518955,False
225,0.0057550743,-0.018063774,False
224,-0.0063214917,0.0074408296,False
223,0.042853422,-0.024702888,False
222,-0.020009222,-0.020009222,False
228,-0.003112602,-0.018245867,False
221,0.03075353,-0.036375277,False
219,-0.033793475,-0.033793475,False
218,-0.0044247913,-0.0044247913,False
217,0.0073876977,-0.032972634,False
216,0.14128914,-0.006957203,False
215,0.0044518746,-0.014391167,False
214,0.054946244,0.014043093,False
220,0.014616478,-0.0048839287,False
212,0.07074848,0.0135858655,False
229,0.027593387,-0.019188685,False
231,-0.009947132,-0.009947132,False
245,0.0,0.0,False
244,0.0019222572,-0.011625886,False
243,-0.004356498,-0.004356498,False
242,0.0,0.0,False
241,0.03161059,0.046903994,False
240,0.022601876,0.030205345,False
230,0.023468142,0.0,False
239,-0.030203171,-0.031747796,False
237,-0.014426589,-0.014426589,False
236,-0.0050598695,-0.0050598695,False
235,0.016515218,-0.004906516,False
234,-0.010939255,0.03340243,False
233,-0.06487078,-0.017132312,False
232,0.012381502,-0.009953682,False
238,-0.00948537,-0.0110000465,False
281,0.03631396,-0.07279004,False
141,0.01293532,-0.026610209,False
139,0.018686961,-0.004028356,False
37,0.09301704,0.008180916,False
38,0.10137342,0.026382104,False
39,-0.045681473,-0.045681473,False
40,0.081180036,0.012009919,False
41,0.011298545,-0.00079568475,False
42,0.021774244,-0.014360402,False
43,0.008969653,-0.012719269,False
44,0.030201014,0.014632825,False
45,-0.039636947,-0.0443372,False
46,-0.050376948,-0.033054538,False
47,-0.031357594,-0.0484249,False
48,-0.20368192,-0.07528074,False
49,0.2296134,-0.013052344,False
50,-0.50016856,-0.13070524,False
51,-0.379426,5.531311e-05,False
52,0.16578811,-0.052381977,False
53,-0.064762294,-0.053367287,False
67,0.03882296,-0.0027069412,False
66,-0.00508667,-0.00508667,False
65,0.30682614,0.03704907,False
64,-0.14133233,-0.110978484,False
63,-0.014862501,0.004058241,False
62,0.16970903,0.01566866,False
36,0.14161533,-0.0044184327,False
61,-0.17719957,0.018229485,False
59,-0.07141069,-0.0147815645,False
58,-0.13065186,0.006600797,False
57,0.0018081572,-0.01985714,False
56,-0.042430837,-0.042430837,False
55,0.0,0.0,False
54,0.24463288,0.02902405,False
60,0.015605062,-0.023933694,False
35,0.041021965,-0.0043241084,False
34,0.0013978593,0.035593145,False
33,-0.058098912,-0.083236665,False
14,0.028645433,0.015408412,False
13,-0.20212968,0.026833326,False
12,0.076619565,0.046935856,False
11,0.020741105,-0.05431831,False
10,-0.07883714,-0.0049675107,False
9,-0.0494847,-0.09663725,False
15,-0.07257098,-0.021958679,False
8,-0.1365436,-0.007791102,False
6,-0.027047977,0.0022922456,False
5,0.011578248,-0.01241397,False
4,0.0,0.0008011443,False
3,0.01731655,-0.0073012738,False
2,0.015046278,-0.01776183,False
1,-0.029521108,-0.01256977,False
7,0.04729969,-0.0050978363,False
68,0.19849157,0.016914248,False
16,-0.08291301,-0.051110327,False
18,0.025735639,-0.04298141,False
32,0.0,0.0,False
31,-0.006131269,0.015062615,False
30,0.0052118935,-0.028972069,False
29,0.02433844,-0.03442581,False
28,-0.0041037896,-0.0031607032,False
27,-0.024333242,-0.015516931,False
17,-0.13072956,-0.19475591,False
26,-0.029263683,-0.0065488666,False
24,0.17265569,-0.00711295,False
23,-0.007014133,-0.006420031,False
22,0.01387805,-0.008769051,False
21,0.0,0.0,False
20,0.1241349,-0.09100568,False
19,-0.0044401633,-0.0040123435,False
25,0.02192814,0.0,False
140,-0.0048105754,-0.0048105754,False
69,0.12564802,-0.010313898,False
71,-0.022962347,0.0010973513,False
108,0.007152956,-0.009975791,False
109,0.0,0.0,False
110,-0.03772475,-0.025585819,False
111,-0.01811561,-0.041410632,False
112,-0.004631537,-0.004631537,False
113,-0.01937278,-0.01937278,False
114,0.04734946,-0.042395443,False
115,-0.023143383,-0.023143383,False
116,0.008267574,-0.005552426,False
117,0.017265588,0.013788134,False
118,0.0125132585,-0.009821926,False
119,0.008236259,-0.00160864,False
120,-0.111791536,-0.029004052,False
121,-0.10908816,0.031569466,False
122,-0.0048964294,-0.0044915974,False
123,-0.0053045438,-0.0053045438,False
124,-0.009865335,-0.009865335,False
138,-0.02906494,-0.02906494,False
137,-0.005069112,-0.005069112,False
136,-0.14170936,-0.043382972,False
135,0.060134135,-0.02967306,False
134,-0.0045988807,-0.0045988807,False
133,-0.038195346,-0.033209357,False
107,-0.014947988,-0.014947988,False
132,0.033328116,0.023995697,False
130,-0.002380833,0.029993221,False
129,0.035815697,-0.008638323,False
128,0.047791135,-0.019143421,False
127,-0.020681856,-0.020681856,False
126,0.013506195,-0.00885101,False
125,0.0,0.0,False
131,-0.004676602,-0.004676602,False
106,-0.011951655,0.00036403537,False
105,-0.009157651,-0.009157651,False
104,0.0,0.0,False
85,0.024671964,0.0,False
84,0.03309816,-0.03828209,False
83,-0.24808502,-0.11223763,False
82,-0.111953095,-0.042643428,False
81,-0.12360213,-0.02294293,False
80,-0.10999662,0.044022232,False
86,0.08844103,0.06523575,False
79,0.25524986,0.0036595464,False
77,0.18595366,-0.019863054,False
76,-0.09324857,-0.06937218,False
75,-0.004859641,-0.02481798,False
74,0.023900844,0.023704685,False
73,0.022220254,-0.022194326,False
72,-0.1581161,-0.016702682,False
78,-0.33607554,-0.084622145,False
70,-0.0051135407,-0.0038820123,False
87,-0.65061855,-0.023429036,False
89,-0.05206439,0.005868137,False
103,0.010063468,-0.028404875,False
102,0.02788002,0.036624648,False
101,0.056025896,-0.035943728,False
100,0.040881194,-0.0048224535,False
99,-0.0044749146,-0.0044749146,False
98,0.0,0.0,False
88,0.1168682,-0.008747876,False
97,0.010792533,-0.028619004,False
95,0.03988415,-0.015315905,False
94,0.023381999,-0.021994097,False
93,-0.004631537,-0.004631537,False
92,-0.0048446464,-0.0048446464,False
91,0.40313476,-0.011845231,False
90,-0.08044493,-0.02321601,False
96,0.0,0.0,False
282,-0.004358008,-0.004358008,False
283,0.035452798,-0.009741105,False
284,-0.0048993845,-0.0043093995,False
464,-0.048471168,-0.019846234,False
465,-0.042537827,-0.08955264,False
466,-0.106795736,-0.025179476,False
467,0.015358655,-0.008567212,False
468,-0.01864255,-0.01864255,False
469,-0.005218501,-0.005218501,False
470,0.014464892,-0.0069949627,False
471,-0.005915478,-0.0027272124,False
472,-0.024794545,-0.024794545,False
473,-0.019094959,-0.019094959,False
474,0.0,0.0,False
475,0.021139525,0.0,False
476,-0.02264673,-0.02264673,False
477,0.026159987,0.022397358,False
478,-0.05233693,-0.011124015,False
479,0.023237798,0.0,False
480,-0.005026541,-0.005026541,False
494,0.012419202,-0.0027306909,False
493,0.008116386,-0.015155432,False
492,0.012166578,-0.004687762,False
491,-0.029725112,0.007030569,False
490,0.033444747,-0.009474364,False
489,-9.753555e-05,0.0012117699,False
463,-0.005461106,-0.005461106,False
488,0.10368782,-0.02317506,False
486,0.017160673,-0.008123841,False
485,0.033160288,-0.027530927,False
484,0.0,0.0,False
483,0.000711713,-0.009849469,False
482,-0.019514138,-0.019514138,False
481,-0.00056451187,0.0058734454,False
487,-0.0034136288,0.011017155,False
462,-0.05576247,-0.078070514,False
461,0.0,0.0,False
460,0.005394833,-0.019491188,False
441,-0.010043401,-0.016058542,False
440,0.08013177,-0.0022852346,False
439,0.0,0.0,False
438,-0.008035048,-0.008035048,False
437,-0.0048509818,-0.001676193,False
436,-0.023938434,-0.042555217,False
442,0.03497737,0.0014646202,False
435,-0.008949109,-0.008949109,False
433,-0.0031722859,-0.045055017,False
432,-0.01896298,-0.01896298,False
431,0.019187987,-0.0048796716,False
430,-0.010394556,-0.0075117517,False
429,0.045121625,-0.02017922,False
428,-0.02097666,0.005251821,False
434,0.0,0.0,False
495,0.04358833,0.012901243,False
443,-0.008896087,-0.008896087,False
445,-0.03589764,-0.03589764,False
459,0.008069241,-0.013991538,False
458,0.0,0.0,False
457,-0.019791692,-0.019791692,False
456,0.0,0.0,False
455,0.021501921,0.013470187,False
454,0.014009677,-0.004974868,False
444,-0.030123502,0.013759844,False
453,0.038412496,-0.030491285,False
451,-0.01308886,-0.01308886,False
450,0.011669836,-0.009257077,False
449,-0.04591,-0.022603557,False
448,0.04888097,-0.062314864,False
447,0.013357464,-0.009540578,False
446,-0.0049199415,-0.0049199415,False
452,-0.027681287,-0.011280175,False
427,-0.004912503,-0.004912503,False
496,-0.10234028,-0.040861614,False
498,-0.029905094,-0.029905094,False
536,-0.009438607,-0.009438607,False
537,-0.004650339,-0.004650339,False
538,-0.058294997,-0.022988006,False
539,0.0,0.0,False
540,0.021696359,-0.015139937,False
541,-0.007774988,-0.029670626,False
542,0.023781288,0.0006090758,False
543,-0.0074005257,0.015233807,False
544,-0.009482071,-0.008655679,False
545,0.0,0.0,False
546,0.0091520045,-0.014544167,False
547,-0.009344051,-0.0331629,False
548,-0.041990597,-0.041990597,False
549,0.011854241,-0.0056522302,False
550,-0.009793426,-0.009793426,False
551,0.0024539884,-0.019272242,False
552,0.040101923,0.0044852644,False
566,0.009563895,-0.011553345,False
565,-0.025707006,-0.043489136,False
564,0.048169337,0.018196188,False
563,-0.014548399,-0.105688795,False
562,0.022588365,0.027174924,False
561,0.023123542,0.0,False
535,-0.00469579,-0.027933588,False
560,0.007476365,-0.017550336,False
558,-0.009557308,-0.009557308,False
557,0.008267208,-0.013829895,False
556,-0.009649474,-0.009649474,False
555,0.018537968,-0.0051193144,False
554,0.0021432843,-0.019803204,False
553,0.06638331,-0.04196205,False
559,0.11121149,-0.042036034,False
534,-0.009889547,-0.009095494,False
533,-0.004513249,-0.004513249,False
532,0.018113185,-0.050370153,False
513,-0.023510557,-0.023510557,False
512,0.058900863,0.008994415,False
511,-0.010847059,-0.009341423,False
510,-0.0042015244,-0.0028617484,False
509,0.0,0.0,False
508,-0.018607302,-0.018607302,False
514,0.07238913,0.015307378,False
507,0.05449591,-0.01862618,False
504,-0.0036115283,-0.0036115283,False
503,-0.01467136,-0.01467136,False
502,-0.01916347,-0.01916347,False
501,0.0032682456,-0.01967128,False
500,0.033321,0.0124311,False
499,-0.1923568,0.0765121,False
505,0.0,0.0,False
497,0.011720918,-0.010002283,False
515,0.0062067164,-0.013926414,False
517,-0.045654,-0.031369857,False
531,0.022000402,0.0,False
530,0.0,0.0,False
529,0.005140664,-0.01844705,False
528,0.014440715,0.00394182,False
527,0.0,0.0,False
526,-0.023277583,-0.023277583,False
516,0.020348534,-0.005467303,False
525,-0.0040275306,-0.02416066,False
523,0.004563978,-0.019319516,False
522,-0.10264696,-0.065260634,False
521,0.016531229,0.0036276355,False
520,-0.0090956045,-0.0090956045,False
519,-0.013489593,-0.013489593,False
518,0.027884234,-0.010259982,False
524,0.018243263,-0.0053911023,False
426,-0.037250623,-0.060907904,False
425,-0.06525833,-0.06525833,False
424,-0.009678927,-0.009678927,False
321,-0.00502133,-0.00502133,False
322,-0.004478243,-0.004478243,False
323,-0.019799173,-0.024671149,False
324,-0.01876256,-0.01876256,False
325,-0.0039587812,-0.0039587812,False
326,-0.009033311,-0.009033311,False
327,-0.020229746,-0.020229746,False
328,-0.017081646,-0.017081646,False
329,0.007658287,-0.013276747,False
330,0.020656401,0.0,False
331,0.025174936,0.002263809,False
332,0.0,0.0021017217,False
333,0.015765658,-0.0048907436,False
334,-0.015082983,-0.015082983,False
335,-0.0050698267,-0.0050698267,False
336,-0.033184107,-0.014329886,False
337,-0.019533511,-0.019533511,False
351,-0.083078444,-0.010671914,False
350,0.015088516,-0.00048781652,False
349,0.002553448,-0.019394781,False
348,-0.014602505,0.00577569,False
347,-0.033758182,-0.033758182,False
346,0.0,0.0,False
320,0.009436902,0.011622306,False
345,-0.022818761,-0.022818761,False
343,0.0,0.00042066368,False
342,0.0,0.0,False
341,0.0,0.0,False
340,-0.010093772,-0.010093772,False
339,0.0,0.0,False
338,0.0,0.0,False
344,-0.014813205,-0.014813205,False
319,0.0,0.0,False
318,0.0085149035,-0.017678235,False
317,0.059201784,0.027648136,False
298,-0.019215228,-0.019215228,False
297,0.009759702,-0.013174741,False
296,-0.020851199,-0.020851199,False
295,0.0173302,-0.03131327,False
294,0.02722679,-0.0141897015,False
293,-0.009339797,-0.009339797,False
299,-0.17365804,-0.03450185,False
292,-0.044785153,-0.06635669,False
290,0.013185184,0.0010167379,False
289,-0.0034174668,-0.0034174668,False
288,0.040247966,-0.00474491,False
287,0.0192356,-0.010925031,False
286,0.023415476,-0.070075475,False
285,0.0011982955,-0.00029806234,False
291,0.055040002,-0.026090913,False
352,0.0029338077,-0.019087708,False
300,0.032392014,0.0006811721,False
302,-0.021331204,-0.021331204,False
316,-0.007953128,-0.029374862,False
315,-0.05757151,-0.026782531,False
314,0.019947745,0.024781257,False
313,-0.00038068742,-0.022820793,False
312,-0.027165603,-0.013912582,False
311,0.0,0.0,False
301,-0.041146025,-0.041146025,False
310,0.01128754,0.024597585,False
308,0.040625643,-0.0053586895,False
307,-0.020822331,-0.0208814,False
306,0.015742667,-0.008028659,False
305,0.034238067,-0.031705316,False
304,0.028102092,-0.03325966,False
303,-0.027337085,-0.027337085,False
309,-0.008390801,-0.008390801,False
353,0.10241309,0.046962053,False
354,-0.0021235049,-0.009867996,False
355,0.026390895,-0.04074931,False
405,0.4503516,-0.1921382,False
404,0.03337038,0.003025189,False
403,0.0,0.0,False
402,-0.013291222,-0.013291222,False
401,-0.031319227,-0.031319227,False
400,-0.0011201724,-0.00250113,False
406,-0.040087834,-0.02607847,False
399,-0.05962309,0.0011637248,False
397,-0.004047248,-0.004047248,False
396,-0.008564574,-0.008564574,False
395,-0.013821214,0.061721563,False
394,0.013858356,-0.052691936,False
393,0.031841494,-0.009719694,False
392,-0.012611318,-0.0019600969,False
398,-0.009633751,-0.009633751,False
391,-0.008746304,-0.053049352,False
407,0.0,0.0,False
409,0.0016342625,0.019983318,False
423,-0.03389133,-0.03389133,False
422,0.07134641,-0.054417886,False
421,0.0032591652,-0.018555295,False
420,0.024731582,-0.022588095,False
419,-0.019201858,-0.019201858,False
418,-0.0013486762,-0.02045122,False
408,-0.115196854,-0.031553507,False
417,-0.0049974755,-0.0049974755,False
415,-0.010203273,-0.010203273,False
414,-0.03367868,-0.028665826,False
413,0.20056266,-0.023225904,False
412,-0.007378135,-0.012606431,False
411,0.031256497,-0.009327609,False
410,0.0008736402,-0.025377914,False
416,0.07727459,-0.0012015402,False
1135,0.08829014,-0.04052423,False
390,0.017961452,-0.029364714,False
388,0.007774056,-0.014756291,False
369,0.0,0.0,False
368,-0.0050840024,-0.0050840024,False
367,0.015215792,-0.0068937694,False
366,-0.0241407,-0.0241407,False
365,-0.057739735,-0.017885774,False
364,0.018747928,-0.004967826,False
370,0.020968264,-0.0021049362,False
363,-0.00032414496,-0.023070967,False
361,-0.0050758063,-0.0050758063,False
360,0.0,0.0,False
359,-0.0040650247,-0.0040650247,False
358,-0.0053355284,-0.04889295,False
357,-0.0017559249,-0.018765282,False
356,0.0,0.001314229,False
362,0.009224664,-0.0131325405,False
389,-0.013570032,-0.013570032,False
371,-0.0054335915,-0.005022204,False
373,0.022598498,-0.021247454,False
387,0.023237798,0.0,False
386,0.0,0.0,False
385,-0.03877832,-0.010877177,False
384,-0.00924245,-0.00924245,False
383,0.00870862,-0.029690558,False
382,-0.014861127,-0.014861127,False
372,9.666756e-05,-0.025423458,False
381,0.0,0.0,False
379,-0.107655354,0.03556648,False
378,-0.009554996,-0.009554996,False
377,-0.030682404,-0.008334268,False
376,-0.028702402,-0.028702402,False
375,-0.004818657,-0.004818657,False
374,0.0069373455,-0.015012341,False
380,0.0,0.0,False
1136,0.017135542,-0.0054318104,False
1137,0.002633188,-0.0386937,False
1138,0.02067542,0.048368156,False
1888,-0.04746767,-0.04746767,False
1889,0.0072715096,-0.009737847,False
1890,-0.019627094,-0.019384138,False
1891,0.011791232,-0.0120326495,False
1892,-0.047219433,-0.02409868,False
1893,-0.0032181684,-0.022320712,False
1894,0.06968493,0.00581076,False
1895,-0.004652436,-0.004652436,False
1896,0.013386719,-0.009280326,False
1897,0.016925994,-0.055271704,False
1898,-0.019058976,0.024066564,False
1899,-0.023113271,-0.01070417,False
1900,-0.07428466,-0.008694276,False
1901,0.100985005,0.009559564,False
1902,0.043992806,0.0,False
1903,-0.004934801,-0.004934801,False
1904,0.035770863,-0.020257596,False
1918,-0.07215154,-0.14073159,False
1917,0.037732035,-0.010520924,False
1916,0.023138933,-0.10395134,False
1915,-0.1388287,-0.022533208,False
1914,0.0,0.0,False
1913,0.018886521,-0.003901962,False
1887,0.031210706,-0.014025531,False
1912,-0.024835631,-0.024835631,False
1910,-0.004994401,-0.004994401,False
1909,-0.009775016,-0.009775016,False
1908,-0.013021003,0.037488155,False
1907,0.015957318,-0.005090565,False
1906,0.033478305,-0.009432394,False
1905,-0.013893783,-0.013893783,False
1911,0.011109684,-0.031815305,False
1886,0.10677205,0.009567622,False
1885,-0.022498474,-0.022498474,False
1884,0.029595878,0.030099686,False
1865,0.011077171,-0.01064603,False
1864,-0.023459533,-0.046239484,False
1863,-0.007751435,0.031074196,False
1862,-0.004905125,-0.004905125,False
1861,-0.008407025,-0.008407025,False
1860,-0.042320333,-0.02222021,False
1866,-0.009123782,-0.009123782,False
1859,0.035673253,-0.009781774,False
1857,0.058611482,-0.05547937,False
1856,-0.013794017,-0.013794017,False
1855,-0.024697268,-0.024697268,False
1854,-0.01866028,-0.01866028,False
1853,-0.0023662038,-0.047328133,False
1852,0.08930474,-0.0016981959,False
1858,0.17722009,0.024865761,False
1919,0.0744389,-0.0098238345,False
1867,0.05739165,-0.124020554,False
1869,0.05488773,-0.03260951,False
1883,-0.004562474,-0.004562474,False
1882,0.027659543,-0.042728007,False
1881,0.061275877,-0.03663508,False
1880,-0.025805619,-0.04828289,False
1879,0.09379032,0.0037006736,False
1878,0.029181395,-0.008808476,False
1868,0.050720654,-0.06454319,False
1877,-0.0098760575,-0.0098760575,False
1875,0.008756862,-0.01413213,False
1874,0.025888167,0.00029167533,False
1873,-0.004935622,-0.004935622,False
1872,-0.026688816,0.0016435347,False
1871,-0.04342349,-0.04342349,False
1870,-0.046457887,-0.013861783,False
1876,0.022409642,0.0,False
1851,0.018027972,-0.00487007,False
1920,-0.014793316,-0.014793316,False
1922,0.013615703,0.016407298,False
1959,0.06126506,0.01898461,False
1960,-0.013921633,-0.08055994,False
1961,-0.0014620591,-0.023758775,False
1962,0.019647872,-0.01994702,False
1963,-0.022448659,-0.015955895,False
1964,-0.032141272,-0.032141272,False
1965,-0.0049199415,-0.0049199415,False
1966,0.0,0.0,False
1967,-0.0049009644,-0.0049009644,False
1968,-0.13118583,-0.07771942,False
1969,-0.004993962,-0.004993962,False
1970,0.050724275,0.004759241,False
1971,-0.014827004,-0.014827004,False
1972,0.07490936,-0.14857249,False
1973,0.0030783713,-0.0010305196,False
1974,0.0550055,0.011761852,False
1975,0.00588914,0.030088205,False
1989,0.011224151,-0.054318592,False
1988,0.0,6.468766e-05,False
1987,-0.022461563,-0.004048437,False
1986,-0.015045073,-0.015045073,False
1985,-0.004814158,-0.004814158,False
1984,-0.021869052,0.017358467,False
1958,-0.034865107,-0.01475022,False
1983,0.019425724,-0.004425956,False
1981,-0.037221868,0.004068479,False
1980,-0.00902488,-0.00902488,False
1979,0.0,0.0,False
1978,-0.0016252659,0.0042934082,False
1977,-0.017479075,-0.017479075,False
1976,-0.0046977997,-0.0046977997,False
1982,-0.0057592737,-0.020892538,False
1957,0.02163109,0.0,False
1956,-0.014497727,0.03180341,False
1955,-0.00458389,-0.00458389,False
1936,0.0025705937,-0.0046377936,False
1935,0.017927827,-0.0049321367,False
1934,0.103669256,0.055807054,False
1933,-0.0044809636,-0.0044809636,False
1932,0.018431092,-0.004428873,False
1931,-0.008844078,-0.03083454,False
1937,0.017347144,-0.0047549387,False
1930,0.076052815,0.015209809,False
1928,-0.009744842,-0.009744842,False
1927,0.057557482,-0.012801077,False
1926,0.022358973,0.0,False
1925,0.017848624,-0.0047382866,False
1924,-0.009696566,-0.009696566,False
1923,-0.0005881414,-0.023828125,False
1929,-0.0097881695,-0.0097881695,False
1921,0.0,0.0,False
1938,0.01920449,-0.0044916803,False
1940,-0.0047720764,-0.0047720764,False
1954,-0.06960267,-0.03426978,False
1953,-0.0047529237,-0.0042938027,False
1952,-0.0043765544,-0.0043765544,False
1951,0.0,0.0,False
1950,-0.15836753,-0.02011776,False
1949,0.065103985,-0.022351934,False
1939,-0.04175371,-0.01781322,False
1948,-0.004547674,-0.004547674,False
1946,0.03111013,-0.014156402,False
1945,0.00796053,-0.014239846,False
1944,0.047740266,-0.013416812,False
1943,0.11436421,-0.04889539,False
1942,-0.012239404,-0.0049376115,False
1941,-0.004716768,-0.004716768,False
1947,-0.029465402,-0.029465402,False
1990,0.016682193,-0.021705717,False
1850,0.049775302,0.0062277075,False
1848,0.029604275,0.022659827,False
1745,0.20181543,-0.07138013,False
1746,0.0,0.0009928572,False
1747,0.0077528497,-0.008605932,False
1748,0.02548967,-0.04235017,False
1749,-0.023067994,-0.047859102,False
1750,0.010666801,-0.00946633,False
1751,0.0029000603,-0.019819675,False
1752,0.013772774,-0.008427602,False
1753,-0.08830015,-0.08830015,False
1754,-0.019357871,-0.019357871,False
1755,0.013775885,-0.033375,False
1756,-0.00968038,-0.00968038,False
1757,-0.003657328,-0.024592362,False
1758,-0.027610814,-0.027610814,False
1759,-0.009614454,-0.009614454,False
1760,-0.0131981075,-0.0131981075,False
1761,-0.14945298,-0.11355716,False
1775,-0.0046792245,-0.0046792245,False
1774,-0.007857047,-0.007857047,False
1773,-0.0047551068,-0.0047551068,False
1772,0.0,0.0,False
1771,0.0,0.0,False
1770,-0.0025802776,-0.009210948,False
1744,-0.009422368,0.0015395023,False
1769,-0.01643302,-0.01643302,False
1767,-0.023202907,-0.023202907,False
1766,-0.010015182,-0.032621745,False
1765,-0.005692287,-0.005692287,False
1764,-0.009818063,-0.009818063,False
1763,0.05707398,-0.009928794,False
1762,0.0,0.0,False
1768,0.0058995187,-0.06963497,False
1743,0.008829008,-0.008830418,False
1742,0.003807594,-0.015035448,False
1741,-0.0051789074,-0.0051789074,False
1722,-0.005037054,-0.005037054,False
1721,0.0,0.0,False
1720,-0.017630871,0.019111566,False
1719,0.0052148327,0.026349075,False
1718,-0.0054473244,-0.026621167,False
1717,0.006521466,-0.014697692,False
1723,0.018184103,-0.0034174668,False
1716,-0.12014209,-0.043892488,False
1714,0.21399614,-0.064612746,False
1713,-0.0060553066,-0.028660933,False
1712,-0.3242538,0.0024145842,False
1711,-0.0124956,-0.08126242,False
1710,-0.015432943,0.041767176,False
1709,-0.028545868,-0.0037251674,False
1715,0.0048611425,-0.017088544,False
1776,0.026102815,0.0009772889,False
1724,0.018728219,0.00031616725,False
1726,-0.009922288,-0.009922288,False
1740,0.011203796,-0.0025404338,False
1739,0.033449244,-0.013854514,False
1738,-0.015342244,-0.015342244,False
1737,0.0,0.0,False
1736,0.001454684,-0.014485576,False
1735,-0.0051013622,-0.0051013622,False
1725,0.016493846,-0.004679997,False
1734,0.047409423,0.0,False
1732,-0.099731624,-0.06868851,False
1731,0.01783511,-0.0042944592,False
1730,0.017573053,-0.0048446464,False
1729,0.037694447,-0.00866395,False
1728,0.0,0.0,False
1727,-0.028671337,-0.028671337,False
1733,0.0059331898,0.00022082031,False
1849,-0.016756147,-0.026984334,False
1777,0.0,0.0003157309,False
1779,0.02387137,-0.035683267,False
1817,-0.036709316,0.03588123,False
1818,-0.019644395,-0.04271827,False
1819,0.008302261,-0.008729839,False
1820,-0.010009173,-0.033184063,False
1821,-0.009435535,-0.009435535,False
1822,0.020926913,0.0,False
1823,0.003840506,-0.03305929,False
1824,0.10209166,0.030548193,False
1825,0.0,0.0,False
1826,0.017734919,0.0024710186,False
1827,0.13484973,0.0880847,False
1828,0.092182,-0.0046897754,False
1829,-0.0048343074,-0.0048343074,False
1830,0.050215095,0.024384633,False
1831,0.054512285,0.004545374,False
1832,0.0041803643,0.020005353,False
1833,0.0,0.0,False
1847,-0.02996423,-0.02996423,False
1846,-0.0029337853,0.0052915253,False
1845,-0.0012574401,-0.023850892,False
1844,0.0,0.0,False
1843,-0.02431179,-0.02431179,False
1842,0.09107846,-0.019273587,False
1816,-0.0012317896,-0.023878891,False
1841,-0.021389484,-0.041998565,False
1839,0.004712457,-0.017203763,False
1838,-0.009673781,-0.009673781,False
1837,0.00737716,-0.013557875,False
1836,0.031002777,0.012804979,False
1835,-0.009493137,-0.009493137,False
1834,-0.041558784,-0.041558784,False
1840,-0.029163517,-0.029163517,False
1815,-0.020145815,-0.008806314,False
1814,-0.009487979,-0.013071384,False
1813,0.0,0.0,False
1793,0.038757037,-0.0050572795,False
1792,-0.054042667,0.06995109,False
1791,-0.013943698,-0.036474045,False
1790,-0.038817532,-0.011521768,False
1789,0.02626659,-0.014245831,False
1788,0.0,0.0,False
1794,-0.0470454,-0.01091538,False
1787,-0.05593855,0.030310735,False
1785,-0.005037054,-0.004967276,False
1784,0.018257387,-0.00462759,False
1783,-0.09074396,-0.05060178,False
1782,0.0,0.0,False
1781,0.005379468,-0.017986655,False
1780,0.0,0.0,False
1786,-0.02278556,0.009961799,False
1778,-0.0046749087,-0.0037065363,False
1795,0.0,0.0,False
1797,-0.0766436,-0.023879066,False
1812,0.0,0.0,False
1811,-0.009968796,-0.009968796,False
1810,0.0073795393,0.014426328,False
1809,-0.022346633,-0.0054999944,False
1808,0.03509214,-0.0043615783,False
1807,-0.010217989,-0.010217989,False
1796,-0.017492557,-0.0063007735,False
1806,-0.003665166,-0.003665166,False
1804,-0.008357838,0.029242933,False
1803,-0.0034136027,-0.06006874,False
1802,-0.00505376,-0.00505376,False
1801,-0.008739102,-0.008739102,False
1800,0.023988813,-0.041038856,False
1799,0.0,0.0,False
1805,-0.009709152,-0.009709152,False
1991,-0.015683021,-0.013866369,False
1992,0.06671022,-0.034426242,False
1993,0.01594026,0.0,False
2174,0.14679392,-0.02823326,False
2175,0.007609536,0.026216816,False
2176,-0.04333444,-0.01479429,False
2177,0.0,0.0,False
2178,-0.0080222115,-0.018168636,False
2179,-0.115543075,0.003986478,False
2180,-0.33780646,-0.17886567,False
2181,-0.104992166,-0.033204526,False
2182,0.0,0.0,False
2183,0.106223255,0.0014434904,False
2184,0.04109464,-0.0018220544,False
2185,0.030499015,-0.008898246,False
2186,-0.026167521,-0.050904118,False
2187,0.01657042,0.03132555,False
2188,-0.032674827,-0.00791204,False
2189,0.0418407,-0.0045978925,False
2190,-0.0148666855,-0.032551993,False
2204,-0.014539874,-0.014539874,False
2203,-0.043792248,-0.04092294,False
2202,-0.004984804,-0.003874381,False
2201,0.0,0.0,False
2200,0.0,0.0,False
2199,0.0,0.0,False
2173,0.15357569,0.049202025,False
2198,-0.037154436,0.049779415,False
2196,0.23851645,0.06909418,False
2195,0.038832307,-0.0019534354,False
2194,-0.07301673,0.007510245,False
2193,-0.0053511714,-0.0053511714,False
2192,0.0048449934,0.0133228,False
2191,-0.004597068,-0.029053736,False
2197,-0.072158664,-0.22214618,False
2172,0.011844867,-0.009388353,False
2171,0.0,0.0,False
2170,0.0,0.00036272625,False
2151,0.19175354,-0.05825153,False
2150,0.0,0.0,False
2149,-0.014652073,-0.025527775,False
2148,0.12760442,-0.087616056,False
2147,-0.009529544,-0.009529544,False
2146,0.0,0.0010988711,False
2152,0.23866382,0.024754733,False
2145,-0.02539716,-0.011834003,False
2143,-0.008684753,-0.008684753,False
2142,-0.050627943,-0.02411434,False
2141,-0.012230776,0.003836576,False
2140,-0.08782944,-0.0018043816,False
2139,0.12829149,0.003116846,False
2138,0.021410182,0.0072479397,False
2144,0.028390571,-0.021364082,False
2205,-0.004814338,-0.004814338,False
2153,-0.050315544,0.0027845204,False
2155,-0.0091611445,-0.0091611445,False
2169,-0.0048066503,-0.0048066503,False
2168,0.0,0.0,False
2167,-0.018201172,-0.018103443,False
2166,-0.018822638,-0.015238229,False
2165,-0.15640052,-0.010192186,False
2164,0.20723653,-0.029548645,False
2154,0.063400865,0.018919587,False
2163,-0.0050043217,0.013255538,False
2161,0.02055056,-0.023885123,False
2160,-0.015063099,-0.015063099,False
2159,0.012217154,-0.00959175,False
2158,-0.22314835,-0.017908454,False
2157,0.022787094,0.029384255,False
2156,-0.009826386,0.004286751,False
2162,-0.013829726,-0.011454965,False
2137,0.1139196,0.004834622,False
2206,-0.15865237,0.011934459,False
2208,-0.0036918141,0.0036464694,False
2247,-0.0072825253,-0.024941951,False
2248,0.0,0.0,False
2249,0.04416144,0.0,False
2250,-0.06272018,0.043521196,False
2251,-0.009949968,-0.009949968,False
2252,-0.010041502,-0.010041502,False
2253,-0.009132348,-0.009132348,False
2254,-0.023789575,-0.023789575,False
2255,-0.025790878,-0.0479709,False
2256,-0.01694607,-0.0831511,False
2257,0.086184114,-0.11258149,False
2258,-0.053203214,-0.053203214,False
2259,-0.10237281,-0.051042125,False
2260,-0.014862409,-0.014862409,False
2261,-0.008096559,-0.004809168,False
2262,0.025683735,-0.02006476,False
2263,0.036272623,-0.004580839,False
2277,-0.08023256,-0.041531086,False
2276,-0.05047293,0.042012423,False
2275,-0.01358901,-0.084124535,False
2274,-0.1170553,-0.041045308,False
2273,0.6561053,-0.17068553,False
2272,0.06356108,-0.00853057,False
2246,1.3444965,-0.107896805,False
2271,0.22268492,0.04207003,False
2269,-0.02250284,-0.043538135,False
2268,0.033819977,-0.0017414587,False
2267,0.01205796,0.039123576,False
2266,0.0,0.0,False
2265,-0.0050998824,-0.0050998824,False
2264,0.0029900298,-0.04411073,False
2270,0.16070345,0.012752891,False
2245,0.063002676,-0.0005001575,False
2244,0.09965366,-0.032465518,False
2243,0.10712579,-0.091134086,False
2224,-0.12382967,0.0021988899,False
2223,-0.022613065,0.0092084855,False
2222,0.028795421,-0.03527862,False
2221,-0.00937782,-0.00937782,False
2220,0.011617705,-0.03286943,False
2218,-0.3516519,-0.09641838,False
2225,-0.11647391,-0.037530437,False
2217,-0.0069733714,-0.0069733714,False
2215,0.014287978,0.05119303,False
2214,0.14400584,-0.009749055,False
2213,0.037736185,-0.003962978,False
2212,-0.3133695,-0.09032321,False
2211,0.004532298,-0.010440091,False
2209,0.0,0.0,False
2216,-0.17895597,0.014383763,False
2207,0.00396527,-0.017665079,False
2226,-0.03321144,0.017482843,False
2228,0.0,3.1512373e-05,False
2242,0.14087856,0.012040492,False
2241,0.0,0.0,False
2240,-0.36881924,-0.19086444,False
2239,0.05985385,0.019184351,False
2238,-0.13550842,-0.16533267,False
2237,0.0,0.0,False
2227,0.020656401,0.00060004747,False
2236,0.056194097,-0.03324516,False
2234,0.23178875,-0.058867216,False
2233,-0.28078997,-0.07550168,False
2232,0.0,0.0,False
2231,-0.061414488,-0.022082917,False
2230,0.05743141,-0.012911891,False
2229,-0.05941254,-0.02868998,False
2235,-0.019541332,0.0049147196,False
2136,-0.053499114,-0.009198509,False
2135,-0.72952914,-0.2567463,False
2134,-0.071195126,-0.049069405,False
2030,0.0,0.0,False
2031,-0.004877109,-0.024377516,False
2032,0.0,0.0,False
2033,-0.032933235,-0.032933235,False
2034,0.009413513,-0.012179245,False
2035,0.009327,-0.013425648,False
2036,0.017659426,0.0006026309,False
2037,-0.013470233,-0.010265755,False
2038,0.03389895,-0.02880016,False
2039,0.020802127,0.0,False
2040,-0.04923834,-0.0058386475,False
2041,-0.009807378,-0.07299936,False
2042,0.29977036,-0.058303714,False
2043,0.043462455,-0.028738052,False
2044,-0.027876945,0.01723467,False
2045,-0.014147418,0.009223767,False
2046,0.05920124,-0.029449344,False
2060,-0.13562489,-0.09636754,False
2059,-0.024920067,-0.024920067,False
2058,8.2215294e-05,-0.018760826,False
2057,-0.014764665,-0.014764665,False
2056,-0.013887126,-0.013887126,False
2055,0.0068143457,0.048579045,False
2029,0.027401272,0.011620153,False
2054,0.012951284,-0.009579063,False
2052,-0.037587434,-0.025188312,False
2051,-0.1002357,0.03686613,False
2050,-0.057844624,0.0024738759,False
2049,0.0,0.0,False
2048,-0.090204015,-0.0033896342,False
2047,-0.0040033977,-0.0028126384,False
2053,0.008046886,-0.029215949,False
2028,-0.004972522,-0.004972522,False
2027,0.0,0.0,False
2026,-0.005066258,-0.005066258,False
2007,-0.058403343,-0.13782929,False
2006,0.0,0.0,False
2005,0.0,0.0,False
2004,0.0,0.0,False
2003,-0.0050551663,-0.0050551663,False
2002,0.017198727,-0.0227729,False
2008,-0.018307975,-0.018307975,False
2001,0.009012455,-0.014703298,False
1999,0.011605129,-0.027902856,False
1998,0.0,0.0,False
1997,0.0119958995,-0.0050134575,False
1996,-0.0052193445,-0.0052193445,False
1995,-0.009441325,-0.009441325,False
1994,-0.002225764,-0.02492626,False
2000,-0.018437983,-0.018437983,False
2061,0.02836892,-0.075086266,False
2009,-0.025052289,-0.025052289,False
2011,0.02000576,-0.0047253463,False
2025,-0.004638302,-0.004638302,False
2024,-0.1210922,-0.018529892,False
2023,0.05164244,-0.009474351,False
2022,0.04402098,0.04760924,False
2021,0.01785805,-0.0047307294,False
2020,0.0,0.0,False
2010,0.0802083,-0.031641457,False
2019,-0.009749171,-0.008712333,False
2017,-0.010175806,-0.0055164825,False
2016,-0.050957683,-0.09015456,False
2015,0.010627075,-0.013947147,False
2014,0.04132505,-0.00462337,False
2013,-0.012476328,-0.012476328,False
2012,0.035653953,-0.009288769,False
2018,0.01437928,-0.028575635,False
2062,-0.04124654,-0.01525037,False
2063,0.018746793,0.013915643,False
2064,-0.025510482,-0.0017862171,False
2114,-0.15762323,-0.08191776,False
2113,0.0011983812,-0.0024186224,False
2112,-0.040092945,0.01853022,False
2111,0.065014645,0.026623726,False
2110,0.0094997585,-0.0136869885,False
2109,0.047315612,0.016276501,False
2115,0.013346672,-0.014246762,False
2108,-0.0049436693,-0.0040092673,False
2106,-0.17268771,-0.1320718,False
2105,-0.02662887,0.023032434,False
2104,-0.071466565,-0.11736107,False
2103,-0.046695568,-0.03052865,False
2102,0.0,8.252528e-05,False
2101,-0.08414875,0.00746572,False
2107,-0.0029066913,-0.0004415512,False
2100,-0.028779328,-0.036299735,False
2116,-0.21962036,-0.034036428,False
2118,0.11398059,-0.04885797,False
2133,0.0854297,-0.07217288,False
2132,0.03227681,0.0010834634,False
2131,-0.18528914,-0.03960234,False
2130,-0.18413872,0.09343946,False
2129,-0.023937065,-0.014496728,False
2128,-0.07105601,-0.028084219,False
2117,0.033894658,-0.018910758,False
2127,-0.019968115,-0.014332913,False
2125,-1.6307936,-0.10572386,False
2123,-0.004746075,-0.004746075,False
2122,-0.055271745,-0.053717628,False
2121,0.02716291,0.030175686,False
2120,-0.07789886,-0.05566007,False
2119,0.6150011,-0.029668868,False
2126,0.021851964,-0.018830184,False
1708,-0.009485124,-0.009485124,False
2099,-0.03791842,-0.045755595,False
2097,-0.022393016,-0.019639138,False
2078,-0.22809255,-0.1328175,False
2077,-0.37628114,-0.07856494,False
2076,-0.029759586,-0.090797186,False
2075,-0.019620232,0.07413056,False
2074,-0.019282091,-0.010140849,False
2073,0.25901842,0.009982109,False
2079,-0.165266,-0.25313076,False
2072,-0.2062167,0.025803328,False
2070,-0.1413787,-0.07277575,False
2069,-0.00899408,0.034547895,False
2068,-0.15962565,-0.053210378,False
2067,-0.10216831,-0.026957944,False
2066,0.1366614,0.041790023,False
2065,0.0018207803,-0.0075204857,False
2071,0.12731808,0.014968216,False
2098,0.01003588,0.005021885,False
2080,-0.13490611,-0.016470224,False
2082,-0.05360297,-0.004264705,False
2096,0.031172808,0.016751245,False
2095,-0.22989646,0.065740705,False
2094,-0.028384764,-0.026979769,False
2093,0.0,0.0,False
2092,-0.24469978,-0.09851587,False
2091,0.070969135,-0.02791877,False
2081,-0.14356154,-0.010042846,False
2090,-0.022624433,0.0595285,False
2088,0.006564226,-0.012732409,False
2087,-0.07592559,-0.0045124292,False
2086,0.0,0.0,False
2085,-0.03460343,-0.101797715,False
2084,-0.011008111,-0.0080091115,False
2083,0.039159685,0.053990543,False
2089,-0.008845395,-0.008845395,False
4555,0.14955854,-0.087028265,False
1707,0.09321736,0.011991043,False
1705,-0.025127353,-0.047714263,False
1317,0.018367305,-0.004990244,False
1319,0.045083635,0.0,False
1320,0.0,0.0,False
1321,0.0063138865,-0.062410634,False
1322,-0.0049021514,0.016096156,False
1323,-0.0127769,-0.0127769,False
1324,0.0018727146,-0.020127688,False
1325,0.074821286,-0.015055887,False
1326,-0.004707792,-0.004707792,False
1327,0.017169857,-0.004880251,False
1328,-0.0018867701,0.010381699,False
1329,0.026861656,-0.041764025,False
1330,0.23566103,0.024821274,False
1331,-0.014789879,-0.07479694,False
1332,-0.019234825,-0.029708073,False
1333,-0.09792765,-0.027725264,False
1334,0.023840284,0.0,False
1348,-0.0047382866,-0.0047382866,False
1347,-0.0042310026,-0.0042310026,False
1346,-0.020003935,-0.020003935,False
1345,-0.010148835,-0.010148835,False
1344,0.021253366,0.0062010475,False
1343,-0.04421656,-0.023031317,False
1316,-0.0007093083,-0.018368734,False
1342,0.004549265,-0.018688533,False
1340,-0.00506068,-0.022070037,False
1339,0.041157454,-0.004614845,False
1338,0.0,0.0,False
1337,0.032600284,-0.011287846,False
1336,-0.0036255736,-0.022242356,False
1335,0.0,0.0,False
1341,0.0037626922,-0.01900456,False
1315,0.006477285,-0.009881496,False
1314,-0.014042983,-0.014042983,False
1313,-0.004865498,-0.004865498,False
1294,0.0047614574,-0.025568157,False
1293,0.013945408,-0.01311031,False
1292,-0.044393554,-0.032374993,False
1291,-0.0140507445,-0.014025018,False
1290,0.0074108094,-0.014608266,False
1289,-0.018546598,-0.018546598,False
1295,-0.023567373,-0.023567373,False
1288,-0.05236415,-0.07559212,False
1286,-0.0044530034,-0.02525513,False
1285,0.028440624,0.00020216033,False
1284,-0.06670779,-0.13021232,False
1283,0.008923579,-0.052581303,False
1282,0.01701979,-0.0048964294,False
1281,0.004889533,-0.03784641,False
1287,0.0,0.0010864931,False
1349,0.13042313,-0.003801681,False
1296,0.054152023,-0.014356416,False
1298,-0.009528982,-0.009528982,False
1312,-0.009081672,-0.009081672,False
1311,-0.012557782,-0.012557782,False
1310,0.0,0.0,False
1309,-0.004047248,-0.004047248,False
1308,-0.002109455,0.011853687,False
1307,0.0,0.0,False
1297,0.023440588,-0.00033999234,False
1306,-0.028412364,-0.028412364,False
1304,0.017623296,-0.0043771057,False
1303,0.10316315,0.04655105,False
1302,0.0066009266,-0.015399476,False
1301,0.020157583,-0.048926987,False
1300,0.043446574,-0.04887568,False
1299,-0.00983137,-0.00983137,False
1305,0.021116398,0.009736396,False
1280,0.081141636,0.035610452,False
1350,-0.014798324,-0.014798324,False
1352,-0.018305702,-0.018305702,False
1389,-0.023748035,0.010282597,False
1390,0.019296635,0.0,False
1391,0.005723918,-0.028833123,False
1392,-0.008907519,-0.008907519,False
1393,0.03158719,-0.014540606,False
1394,-0.0048551057,-0.0048551057,False
1395,0.0022078697,-0.020167036,False
1396,-0.03931381,-0.03931381,False
1397,0.0,0.0,False
1398,0.10558219,0.030396774,False
1399,0.040769234,-0.09451611,False
1400,-0.058918796,-0.09661941,False
1401,-0.03194061,-0.044109657,False
1402,0.050162673,-0.01449438,False
1403,-0.041860767,0.0059626773,False
1404,-0.025370503,-0.047898088,False
1405,0.004138848,-0.018278852,False
1419,-0.030533243,-0.030533243,False
1418,0.0,0.0,False
1417,0.10753095,0.015162401,False
1416,0.019300371,-0.026538238,False
1415,0.0,0.0,False
1414,0.0,0.0,False
1388,-0.014704545,-0.014704545,False
1413,0.018784199,-0.0047292574,False
1411,0.017996114,-0.004562881,False
1410,0.20400907,-0.19183473,False
1409,0.027686,0.013343379,False
1408,0.03543469,-0.00987466,False
1407,0.010810154,-0.010008354,False
1406,-0.007341721,-0.007341721,False
1412,-0.0048313746,-0.0048313746,False
1387,-0.0029132236,-0.015266113,False
1386,-0.04492874,-0.017257405,False
1385,0.0071692728,-0.052028272,False
1366,0.1490469,-0.13182381,False
1365,-0.002524564,-0.02447425,False
1364,-0.019083163,-0.019083163,False
1363,0.0,0.0,False
1362,0.0,0.0,False
1361,0.0,0.0,False
1367,-0.010493349,-0.010493349,False
1360,-0.0051378873,-0.0051378873,False
1358,-0.00733947,-0.09264557,False
1357,-0.013818627,-0.013818627,False
1356,0.0,0.0,False
1355,0.0,0.0,False
1354,-0.009753348,-0.009753348,False
1353,0.0,0.0,False
1359,0.0,2.5029896e-05,False
1351,-0.048456933,-0.048456933,False
1368,-0.01897856,-0.01897856,False
1370,-0.010448631,-0.010448631,False
1384,0.015283181,-0.005005653,False
1383,-0.08318399,-0.029998332,False
1382,-0.015159804,-0.015238933,False
1381,0.04621973,0.0799972,False
1380,0.032786567,-0.05506901,False
1379,-0.018412786,-0.018412786,False
1369,0.018023115,-0.008439506,False
1378,0.005791311,-0.015135602,False
1376,-0.0047510816,-0.0047510816,False
1375,-0.011547323,-0.036015205,False
1374,0.009837143,-0.018520933,False
1373,0.025065286,-0.019623173,False
1372,0.039095186,-0.02939186,False
1371,-0.034086637,-0.034086637,False
1377,0.04062509,-0.0051786387,False
1420,0.024036743,0.00078400597,False
1279,0.007063227,-0.014076298,False
1277,-0.008978989,-0.008978989,False
1175,-0.026084531,-0.026084531,False
1176,0.022973217,0.0,False
1177,0.014709449,-0.008564574,False
1178,0.00962673,-0.008990052,False
1179,-0.028599603,-0.047442645,False
1180,-0.00517837,-0.00517837,False
1181,0.05176816,-0.061851487,False
1182,-0.004814158,-0.004814158,False
1183,0.022005111,-0.019390807,False
1184,-0.038863957,-0.038863957,False
1185,-0.009432081,-0.009432081,False
1186,-0.009628147,-0.009628147,False
1187,0.008700171,-0.014009935,False
1188,-0.018899335,-0.018899335,False
1189,-0.009169506,0.006036859,False
1190,-0.004911302,-0.004911302,False
1191,0.058175255,-0.048752572,False
1205,-0.011522224,-0.011522224,False
1204,0.06608476,-0.021942947,False
1203,0.19301057,0.0275096,False
1202,0.0,0.0,False
1201,-0.0058511626,-0.023633292,False
1200,-0.0049033393,-0.0049033393,False
1174,-0.014730008,-0.014730008,False
1199,0.009052665,-0.013323127,False
1197,-0.029659038,-0.029659038,False
1196,0.096604526,0.03208377,False
1195,0.016705029,-0.005018173,False
1194,-0.055912554,-0.019709997,False
1193,-0.01510806,-0.01510806,False
1192,-0.056537617,0.0012740716,False
1198,0.013633233,-0.047769073,False
1173,-0.009911849,-0.009911849,False
1172,0.0,0.0,False
1171,-0.047566466,-0.011565156,False
1152,0.0,0.0,False
1151,-0.059615865,0.019318096,False
1150,-0.013429659,-0.013429659,False
1149,0.001114253,0.0023524147,False
1148,-0.009590716,-0.009590716,False
1147,0.033889957,-0.013282669,False
1153,-0.01985497,-0.01985497,False
1146,0.012963084,-0.009752796,False
1144,0.0,0.0,False
1143,-0.0041037896,-0.0041037896,False
1142,0.028385099,-0.01457316,False
1141,-0.030710783,-0.030710783,False
1140,-0.014788903,0.002626408,False
1139,-0.015395086,-0.015395086,False
1145,-0.09573526,0.029499874,False
1206,-0.005381398,-0.045565646,False
1154,0.07626076,-0.05233781,False
1156,0.0,0.0,False
1170,-0.040860247,-0.040860247,False
1169,0.020832624,-0.045864236,False
1168,0.030133186,-0.015399756,False
1167,-0.036610156,0.0037805364,False
1166,0.0,0.0,False
1165,-0.024036271,-0.024036271,False
1155,0.1286937,-0.011886854,False
1164,0.0,0.0,False
1162,-0.04514786,-0.015321456,False
1161,-0.009123751,-0.009123751,False
1160,0.016992077,-0.0052699703,False
1159,0.09527839,-0.017272452,False
1158,-0.019621447,-0.019621447,False
1157,-0.026877243,0.0028002486,False
1163,-0.008283382,-0.008283382,False
1278,-0.004350482,-0.004350482,False
1207,0.012975801,-0.009188598,False
1209,-0.003500903,0.0031345729,False
1246,-0.2900867,-0.01929447,False
1247,-0.0053577055,-0.0053577055,False
1248,-0.009303022,-0.009303022,False
1249,0.014495586,-0.008393406,False
1250,-0.004983937,-0.004983937,False
1251,0.012970719,-0.008909942,False
1252,-0.029632527,0.0022211038,False
1253,-0.009110782,-0.009110782,False
1254,0.0,0.0,False
1255,-0.038997654,-0.038997654,False
1256,-0.027441,-0.006236408,False
1257,0.013460764,0.0111113945,False
1258,0.0038535073,-0.0005998723,False
1259,-0.009884583,-0.009884583,False
1260,0.013245962,-0.008438797,False
1261,0.007082537,-0.007393846,False
1262,-0.0029361825,-0.024013093,False
1276,-0.009255909,-0.009255909,False
1275,0.03011807,-0.032342646,False
1274,-0.018763037,-0.036728915,False
1273,-0.0048154155,-0.0048154155,False
1272,0.02556761,-0.025411978,False
1271,-0.021719813,-0.009341307,False
1245,0.01633678,-0.004882378,False
1270,0.0,0.0,False
1268,0.11216761,-0.005026541,False
1267,-0.005006986,-0.005006986,False
1266,0.02172623,0.0,False
1265,0.001870336,-0.019246904,False
1264,-0.03380837,-0.03380837,False
1263,0.025037313,-0.023669114,False
1269,0.00050893426,-0.0019121468,False
1244,0.026863024,0.017086089,False
1243,-0.0049313186,-0.0049313186,False
1242,-0.011134598,-0.03499262,False
1223,-0.03692913,-0.056890547,False
1222,-0.0051631737,-0.0051631737,False
1221,-0.018006139,0.00038990192,False
1220,-0.008659581,-0.008659581,False
1219,-0.0047312197,-0.0047312197,False
1218,0.0026214924,-0.020351725,False
1224,-0.03724258,-0.025762618,False
1217,0.019102544,0.0,False
1215,-0.004541917,-0.028238088,False
1214,0.019820645,-0.0040007187,False
1213,-0.058096968,-0.018322848,False
1212,-0.004651537,-0.004651537,False
1211,0.0053605046,-0.00977276,False
1210,0.08321307,0.022691958,False
1216,-0.05179457,-0.07188777,False
1208,-0.007089395,-0.029585807,False
1225,0.006937936,-0.13663563,False
1227,0.19293498,0.010987237,False
1241,-0.014309945,-0.014309945,False
1240,0.012481593,-0.0051778327,False
1239,0.011660294,-0.009041917,False
1238,-0.0054405276,-0.02832952,False
1237,0.018443596,-0.0037567792,False
1236,0.0,0.0,False
1226,0.0075438097,0.028755732,False
1235,-0.0037512553,-0.0037512553,False
1233,0.029295068,-0.021491285,False
1232,0.058612082,0.014627371,False
1231,0.0054436065,-0.01800839,False
1230,0.012193695,-0.0006888211,False
1229,0.012370665,-0.009524973,False
1228,0.0064782426,0.00864511,False
1234,0.04406564,-0.006340578,False
1421,-0.0048921127,-0.0048921127,False
1422,0.0,0.0,False
1423,0.017986052,-0.004990244,False
1603,0.028487597,0.0076699555,False
1604,-0.004196182,-0.045537192,False
1605,-0.0063563585,-0.096282855,False
1606,-0.014831843,-0.014831843,False
1607,-0.0048264484,-0.0048264484,False
1608,-0.004346803,-0.025173213,False
1609,0.0,0.0,False
1610,-0.0044883415,-0.048576087,False
1611,-0.00975324,-0.00975324,False
1612,0.084209174,0.034861654,False
1613,0.007973462,-0.014966063,False
1614,0.020920523,-0.0049037356,False
1615,0.10083227,-0.009744715,False
1616,-0.014318474,-0.054892294,False
1617,-0.014320628,-0.014320628,False
1618,-0.0038334213,-0.0038334213,False
1619,-0.009922863,-0.009922863,False
1633,-0.013931115,-0.013931115,False
1632,-0.01401252,-0.01401252,False
1631,0.03713303,-0.00593907,False
1630,-0.05464632,-0.016581222,False
1629,0.0,0.0007089305,False
1628,0.028510556,-0.036935575,False
1602,0.06588755,-0.018799668,False
1627,0.0,0.0,False
1625,-0.07276591,-0.030203618,False
1624,-0.019449629,-0.0574395,False
1623,-0.007948475,-0.029088,False
1622,-0.0002832897,-0.004979942,False
1621,-0.005140462,-0.005140462,False
1620,0.128899,0.012562081,False
1626,0.017317323,-0.0043983124,False
1601,0.018616783,0.0,False
1600,-0.014021049,-0.014021049,False
1599,-0.01921045,-0.01921045,False
1580,0.023356343,-0.019710613,False
1579,0.0318932,-0.004206352,False
1578,0.2075594,-0.0068250895,False
1577,-0.02937282,-0.049661655,False
1576,-0.009899686,-0.009899686,False
1575,-0.009155951,-0.009155951,False
1581,0.026533123,-0.018700093,False
1574,-0.00024807453,-0.023418661,False
1572,-0.0073670316,-0.028506557,False
1571,-0.021614704,-0.044221267,False
1570,-0.018841198,0.0054443274,False
1569,0.014398109,-0.030644782,False
1568,-0.0442682,-0.032902144,False
1567,-0.036774717,0.0051998347,False
1573,0.009184968,0.017505921,False
1634,-0.049725663,-0.049725663,False
1582,-0.004436502,-0.004436502,False
1584,-0.014784875,-0.014784875,False
1598,0.037423737,0.015915781,False
1597,0.0,0.0,False
1596,0.002795686,-0.014271622,False
1595,0.007515814,-0.038038846,False
1594,0.013532273,-0.0100960815,False
1593,0.038846217,-0.016168185,False
1583,-0.009548646,-0.009548646,False
1592,0.07073776,0.043714546,False
1590,-0.016329348,0.03649281,False
1589,-0.120030835,0.038692594,False
1588,0.0,0.0,False
1587,0.0,0.0,False
1586,0.019380793,-0.024523664,False
1585,0.08480579,0.021423846,False
1591,-0.005019524,-0.0029419567,False
1566,0.026664466,-0.13107635,False
1635,-0.018894209,-0.018894209,False
1637,-0.04241893,-0.04241893,False
1674,-0.009655443,-0.009655443,False
1675,0.0,0.0,False
1676,0.0,0.0006597469,False
1677,-0.009776081,-0.009776081,False
1678,0.04225101,-0.014361615,False
1679,-0.014697717,-0.014697717,False
1680,-0.0026467443,-0.026160201,False
1681,-0.0050979126,-0.0050979126,False
1682,-0.02957643,0.006740881,False
1683,0.021970272,-0.0030277446,False
1684,-0.023029095,-0.023029095,False
1685,-0.0019613747,-0.023646133,False
1686,0.0068504587,-0.06026411,False
1687,-0.043792993,-0.09042614,False
1688,-0.015298881,-0.01446934,False
1689,0.0025623962,-0.029203814,False
1690,-0.04452084,-0.11051261,False
1704,-0.00994396,-0.00994396,False
1703,0.0,0.0009565892,False
1702,-0.019102506,-0.019102506,False
1701,0.03162788,-0.013900017,False
1700,0.0,0.0,False
1699,0.018631049,-0.0019483925,False
1673,-0.01319549,-0.01319549,False
1698,0.01727685,0.005314976,False
1696,-0.009950364,0.012294855,False
1695,0.007219659,-0.017312516,False
1694,0.01605737,-0.0050598695,False
1693,0.0035072193,-0.041711587,False
1692,-0.02397208,-0.02397208,False
1691,0.022606563,0.0,False
1697,-0.0024257544,-0.027311776,False
1672,0.12770945,0.054690152,False
1671,-0.1393275,-0.026188046,False
1670,-0.0049478244,-0.0049478244,False
1651,-0.005374208,-0.095972426,False
1650,-0.0134163145,-0.0134163145,False
1649,-0.009850631,-0.009850631,False
1648,-0.018844591,0.011259127,False
1647,0.009919924,-0.014966098,False
1646,0.0055025443,-0.06457151,False
1652,-0.00915035,-0.00915035,False
1645,-0.009987907,-0.009987907,False
1643,0.07882413,0.025978982,False
1642,-0.000586167,-0.046859693,False
1641,-0.02032102,-0.02032102,False
1640,-0.009970707,-0.009970707,False
1639,-0.005070065,-0.005070065,False
1638,0.0,0.0,False
1644,-0.004621815,-0.028094582,False
1636,-0.027259937,-0.04978752,False
1653,-0.023525475,-0.023525475,False
1655,-0.003413568,-0.003413568,False
1669,0.027258009,-0.042032935,False
1668,0.014727123,-0.0120343175,False
1667,0.09647894,0.0317422,False
1666,0.0,0.0,False
1665,-0.004508894,-0.004508894,False
1664,-0.024567377,-0.024567377,False
1654,0.053947397,-0.013021314,False
1663,-0.01901625,-0.01901625,False
1661,-0.0073256884,-0.005683299,False
1660,-0.004350482,-0.004350482,False
1659,0.0727417,0.0040389244,False
1658,-0.017052863,-0.039360907,False
1657,0.17681202,0.016385674,False
1656,0.0,0.0,False
1662,-0.08302945,-0.04253465,False
1565,0.0,0.0,False
1564,-0.013111834,-0.013111834,False
1563,-0.04709939,0.055705793,False
1460,-0.0044749146,-0.002754818,False
1461,0.032561585,-0.07445489,False
1462,-0.009842807,-0.009842807,False
1463,0.0,0.0,False
1464,0.0660519,0.01269722,False
1465,-0.009671537,-0.009671537,False
1466,0.0,0.0,False
1467,0.012970448,-0.009776374,False
1468,0.05263421,0.011378348,False
1469,0.018303974,-0.002753831,False
1470,-0.023936316,-0.0939155,False
1471,0.044676468,-0.062848866,False
1472,-0.00993498,-0.00993498,False
1473,0.08997905,0.037724826,False
1474,-0.004880251,-0.004880251,False
1475,0.06506504,0.006478265,False
1476,0.036249973,-0.003513686,False
1490,-0.019429443,0.0013089441,False
1489,0.0026491284,0.0055617634,False
1488,0.051988427,0.02071878,False
1487,-0.033682648,-0.033682648,False
1486,0.0,0.0,False
1485,-0.00281539,-0.023104224,False
1459,0.0010374859,-0.03754677,False
1484,0.03604538,-0.075424604,False
1482,0.0034227725,-0.019277724,False
1481,-0.0049317274,-0.0049317274,False
1480,-0.0037029088,-0.07266273,False
1479,-0.009425465,-0.009425465,False
1478,-0.0052940934,-0.0052940934,False
1477,0.015855605,-0.0042775255,False
1483,0.022530347,0.0,False
1458,-0.020559119,-0.020559119,False
1457,0.0,0.0,False
1456,0.02865126,0.009146033,False
1437,0.06772083,-0.033792973,False
1436,-0.003967165,-0.003967165,False
1435,0.026839234,-0.040407293,False
1434,-0.00991396,-0.00991396,False
1433,0.0,0.0,False
1432,0.0,0.0,False
1438,-0.0032744692,-0.0032744692,False
1431,-0.01497873,-0.01497873,False
1429,9.32347e-05,-0.01504003,False
1428,-0.028866047,-0.028866047,False
1427,0.031742986,-0.03420722,False
1426,0.0,0.0,False
1425,-0.0145629505,-0.0145629505,False
1424,-0.004061069,-0.004061069,False
1430,-0.0024636537,0.046628676,False
1491,0.010904141,-0.012547802,False
1439,0.0016500335,-0.01880454,False
1441,0.10028756,0.021945834,False
1455,-0.0144365085,-0.0144365085,False
1454,-0.0014261492,-0.023626525,False
1453,0.0,0.0,False
1452,0.018870763,-0.019536521,False
1451,0.0,0.0,False
1450,0.04556125,0.0019136705,False
1440,-0.014225794,-0.014225794,False
1449,0.013916663,-0.009854664,False
1447,-0.01232465,-0.008360874,False
1446,-0.016170733,-0.08255352,False
1445,0.037789382,-0.028488228,False
1444,0.0,0.0,False
1443,0.020369967,0.012739269,False
1442,-0.008971749,-0.024912009,False
1448,-0.005140462,-0.005140462,False
1492,0.0,0.0,False
1493,-0.012711828,-0.012711828,False
1494,-0.0144690685,-0.0144690685,False
1544,-0.007986579,-0.007986579,False
1543,0.0,0.00048540137,False
1542,0.03985851,-0.04138961,False
1541,0.0,0.0,False
1540,0.018856175,-0.04822074,False
1539,-0.0046152766,-0.0046152766,False
1545,-0.0036918141,-0.0036918141,False
1538,-0.005547842,-0.005547842,False
1536,0.0113962665,-0.008696932,False
1535,0.055775777,-0.14749469,False
1534,-0.20567766,-0.01139541,False
1533,0.0,0.0,False
1532,0.01353737,0.018112542,False
1531,-0.013627653,-0.013627653,False
1537,0.051009763,-0.039719198,False
1530,-0.01020962,-0.08710146,False
1546,-0.039556827,-0.026094109,False
1548,-0.021507503,-0.010498521,False
1562,-0.13614705,-0.22457223,False
1561,0.016299458,-0.0066619217,False
1560,-0.0039614746,-0.0027550864,False
1559,0.0,0.0,False
1558,0.013395466,-0.009493526,False
1557,-0.02197275,-0.044583067,False
1547,-0.004938503,-0.004938503,False
1556,-0.009094968,-0.009094968,False
1554,-0.31650296,-0.024007201,False
1553,-0.014292475,-0.059728414,False
1552,-0.0012127757,-0.018898083,False
1551,0.0,0.0,False
1550,-0.033821836,0.016855806,False
1549,-0.0047158017,-0.0047158017,False
1555,-0.0048942682,-0.0048942682,False
1706,-0.017884355,-0.017884355,False
1529,-0.03818834,-0.04724388,False
1527,-0.06931506,-0.06931506,False
1508,0.009516765,-0.014254562,False
1507,0.02431391,0.0,False
1506,-0.003665166,-0.003665166,False
1505,-0.019926324,-0.013700448,False
1504,0.045179795,0.0,False
1503,-0.077443406,-0.077443406,False
1509,0.015587813,-0.009070265,False
1502,-0.005007431,-0.005007431,False
1500,0.018166315,-0.045792606,False
1499,0.070911884,0.003539607,False
1498,0.044256166,-0.014656043,False
1497,-0.019051798,-0.019051798,False
1496,-0.015786007,0.0068337694,False
1495,0.031872198,-0.012479167,False
1501,-0.07201605,-0.015345246,False
1528,-0.019610817,-0.019610817,False
1510,0.027387789,0.017673338,False
1512,-0.029939193,-0.029939193,False
1526,0.0072726645,5.395338e-05,False
1525,0.010465432,-0.016769323,False
1524,-0.018915791,-0.018915791,False
1523,0.0073352586,-0.014112603,False
1522,-0.037394203,-0.0598119,False
1521,0.12734133,-0.04023716,False
1511,-0.020108484,-0.020108484,False
1520,-0.01258833,-0.08241109,False
1518,0.020926913,0.0,False
1517,0.009382792,-0.0133776385,False
1516,-0.0040650247,-0.0022783768,False
1515,0.016360901,-0.05129563,False
1514,-0.01913838,-0.01913838,False
1513,-0.048867997,-0.048867997,False
1519,0.003213752,-0.018713593,False
4556,-0.0139027005,-0.0139027005,False
4547,-0.2414937,-0.17179918,False
4558,0.034557752,0.02719156,False
7565,-0.06999302,-0.049301207,False
7566,-0.08040237,0.04915005,False
7567,-0.089236766,-0.060474426,False
7568,-0.018740654,-0.018740654,False
7569,0.013744533,0.036578238,False
7570,0.012933685,-0.0038268366,False
7571,-0.2733708,-0.027208984,False
7572,0.12481171,0.032429904,False
7573,0.24517655,0.0474509,False
7574,-0.067293376,-0.0012101084,False
7575,-0.06990725,-0.035377532,False
7576,-0.00916167,-0.00916167,False
7577,0.15078825,0.08901435,False
7578,0.55988705,-0.09364414,False
7579,0.00025945902,0.039370775,False
7580,-0.044434063,-0.016595345,False
7581,-0.1404674,-0.06820482,False
7595,-0.0062775463,0.055302426,False
7594,-0.007847784,-0.027144419,False
7593,-0.014048755,0.014618643,False
7592,-0.31214213,-0.096610785,False
7591,-0.004155696,-0.004155696,False
7590,-0.051527172,-0.058726758,False
7564,0.09356034,-0.050293744,False
7589,-0.01447147,-0.0108355805,False
7587,0.023973724,0.01810818,False
7586,-0.013392594,-0.0036984747,False
7585,-0.31548738,-0.24375194,False
7584,-0.17324555,-0.091041565,False
7583,-0.028195806,0.018053174,False
7582,-0.008761048,0.019294888,False
7588,-0.030901384,-0.08947115,False
7596,-0.3834948,0.0013859272,False
7563,-0.032059833,-0.009588212,False
7561,0.050066754,0.028251931,False
7530,-0.0070341243,-0.0056130323,False
7531,-0.11746012,-0.03839065,False
7532,-0.089861155,-0.26644588,False
7533,-0.06877154,0.05614254,False
7534,0.030302629,0.02030231,False
7535,0.16994554,0.0022319555,False
7536,0.06542283,0.09222907,False
7537,-0.0692067,0.05199857,False
7538,-0.015661448,-0.07362178,False
7539,-0.056659907,-0.033695474,False
7540,0.011542259,-0.028805977,False
7541,-0.21640784,0.05360371,False
7542,-0.31262487,-0.029006481,False
7543,-0.0033567138,-0.0016041844,False
7544,-0.06534386,-0.08214539,False
7545,0.014829248,-0.024564058,False
7546,-0.0046281735,-0.0046281735,False
7560,-0.0049826372,-0.0049826372,False
7559,0.06397156,-0.017511178,False
7558,0.0034013968,0.0069557168,False
7557,-0.012645294,-0.012645294,False
7556,-0.014619159,0.0034749806,False
7555,-0.7920351,-0.19227314,False
7562,-0.092405096,-0.029124215,False
7554,0.08660138,-0.0068207383,False
7552,-0.0051479694,-0.0051479694,False
7551,0.11257872,0.077170104,False
7550,0.0,0.0,False
7549,-0.1561963,-0.031373948,False
7548,0.20591824,0.13490368,False
7547,-0.06310662,-0.016819015,False
7553,-0.0356683,-0.058198646,False
7597,0.10970557,0.0026456118,False
7598,0.07756412,0.009072423,False
7599,0.08305974,-0.06435131,False
7636,-0.032720298,0.014509976,False
7637,-0.027086008,-0.027086008,False
7638,0.34818745,-0.046333313,False
7639,-0.014051824,-0.014051824,False
7640,-0.1171931,-0.016431332,False
7641,0.0,0.0,False
7642,0.06947783,0.041774333,False
7643,-0.01393288,0.0013314337,False
7644,-0.25308394,-0.0349164,False
7645,0.066215515,0.019042015,False
7646,-0.39360988,-0.10842991,False
7647,0.015049607,0.02023226,False
7648,0.09825051,0.2573154,False
7649,-0.19435275,-0.18804908,False
7650,-0.31998158,-0.20164657,False
7651,-0.018276934,-0.018276934,False
7652,-0.0050127856,-0.004239449,False
7666,0.051642075,-0.010065936,False
7665,-0.13181964,-0.03438419,False
7664,0.105362415,0.024760544,False
7663,-0.09060079,-0.019705445,False
7662,-0.039561093,0.0030440092,False
7661,-0.11192688,-0.025600672,False
7635,-0.005333662,0.07056022,False
7660,0.03750664,0.043459833,False
7658,-0.06662089,-0.22394949,False
7657,-0.0077621937,-0.015972115,False
7656,-0.05927843,-0.13593292,False
7655,-0.082794905,-0.058457375,False
7654,-0.0047529237,-0.0047529237,False
7653,-0.17181912,0.07531449,False
7659,-0.019151554,-0.10307259,False
7634,-0.067696944,-0.02177751,False
7633,0.008304983,0.011403523,False
7632,0.0155341625,-0.10397878,False
7613,-0.09731931,-0.03761728,False
7612,-3.6664307e-05,-0.010399982,False
7611,0.03443174,-0.032945476,False
7610,0.0028905347,0.007943638,False
7609,-0.0040623397,-0.023267945,False
7608,0.30035633,-0.07729268,False
7614,-0.0050395867,-0.0050395867,False
7607,-0.15932488,0.0066212416,False
7605,-0.048818797,-0.12464614,False
7604,0.009984141,-0.003877243,False
7603,0.057025157,-0.010011458,False
7602,-0.003737688,-0.09985362,False
7601,0.0,0.0,False
7600,0.079199135,0.10969627,False
7606,0.029250085,-0.015388541,False
7529,-0.32209933,-0.13086736,False
7615,-0.004638302,-0.004638302,False
7617,-0.10782641,-0.032118082,False
7631,-0.0045929668,-0.0045929668,False
7630,0.0,0.0,False
7629,0.0107973665,-0.010510586,False
7628,0.0377436,0.0700227,False
7627,-0.060566902,-0.009727016,False
7626,0.40633523,-0.0016764402,False
7616,-0.0026365966,-0.058468744,False
7625,-0.040670585,0.03296917,False
7623,0.0,0.0,False
7622,-0.018386923,0.049817234,False
7621,-0.028499959,-0.028499959,False
7620,0.021511681,-0.02344226,False
7619,0.0,0.0,False
7618,0.0,0.0,False
7624,0.0,0.0,False
7528,-0.29655617,0.033972204,False
7527,-0.8265811,-0.1700213,False
7526,-1.3565583,-0.27576113,False
7422,-0.3422463,-0.11870432,False
7423,-0.051951982,0.052890614,False
7424,0.03878978,-0.064322814,False
7425,0.016753271,-0.018900566,False
7426,0.579082,-0.07964873,False
7427,-0.0048235413,-0.0046219006,False
7428,0.05274102,0.043809295,False
7429,-0.004010558,-0.093658864,False
7430,0.003725037,0.008057542,False
7431,0.03180051,0.097540736,False
7432,0.13134515,0.052793384,False
7433,0.040050466,0.0013086596,False
7434,-0.0042354157,-0.0030191485,False
7435,0.035708074,-0.00038719922,False
7436,-0.009734121,-0.008590117,False
7437,0.005994726,-0.055187467,False
7438,0.0,0.0024517372,False
7452,-0.23784995,-0.07910013,False
7451,0.11703559,-0.022956915,False
7450,0.23411119,-0.0500592,False
7449,-0.11656408,0.005079776,False
7448,0.083632566,-0.01608631,False
7447,-0.16287473,-0.06681435,False
7421,-0.055687875,0.0008956194,False
7446,0.03614743,0.014557712,False
7444,-0.022167027,0.00025470555,False
7443,-0.19252455,-0.0355345,False
7442,-0.27907097,-0.109754205,False
7441,0.05356133,-0.072699666,False
7440,-0.021360556,-0.012150183,False
7439,-0.0996734,-0.017252043,False
7445,-0.06974821,0.052585483,False
7420,0.073567584,-0.031421646,False
7419,-0.0269827,-0.047271535,False
7418,-0.12757593,0.01065886,False
7398,-0.00956467,-0.008410261,False
7397,-0.022220135,-0.04763651,False
7396,0.0,0.0,False
7395,0.0,0.0,False
7394,0.023587715,0.0,False
7393,0.0,0.0,False
7399,0.02313307,-0.049428433,False
7392,-0.004879865,-0.004879865,False
7390,0.0,0.0,False
7389,-0.011741638,-0.04779768,False
7388,0.023350311,-0.02170094,False
7387,0.00032487325,-0.023237942,False
7386,-0.0050035464,-0.0050035464,False
7385,0.038754307,-0.051541075,False
7391,0.1436376,0.05089189,False
7453,0.021307528,-0.036611527,False
7400,-0.103309974,-0.076524615,False
7402,0.37494588,0.030750155,False
7417,-0.07051985,0.020853072,False
7416,0.027945105,0.004604824,False
7415,0.042848792,-0.004818657,False
7413,0.014983404,0.014942717,False
7412,-0.48086524,0.029653072,False
7411,0.037254207,0.046530686,False
7401,-0.24097534,0.018216312,False
7410,-0.3739931,-0.08627623,False
7408,0.10861936,0.035102427,False
7407,0.027446788,-0.042141896,False
7406,-0.13724476,-0.060193703,False
7405,-0.064166784,-0.08808613,False
7404,-0.012716532,0.071564585,False
7403,-0.4957118,-0.033008575,False
7409,-0.3409189,0.0023001432,False
7667,-0.02100861,-0.03840357,False
7454,-0.15223119,-0.048128366,False
7456,0.33323348,-0.23034465,False
7494,-0.0149335265,-0.081441514,False
7495,-0.0050979126,-0.004778174,False
7496,-0.009533556,-0.007880797,False
7497,0.10201168,-0.24037695,False
7498,0.0,0.0,False
7499,0.0027656956,0.020478662,False
7500,-0.005398825,0.007905021,False
7501,-0.062089033,-0.011592142,False
7502,0.00079622865,-0.011606149,False
7503,0.0059313066,-0.017536836,False
7504,0.019611537,-0.018421989,False
7505,-0.0040650247,-0.003771219,False
7506,0.0,0.0,False
7507,0.11699188,-0.069399655,False
7508,-0.034231484,0.060779333,False
7509,0.09067565,0.03761041,False
7510,0.053578004,-0.0003976524,False
7525,-0.3620294,-0.060936272,False
7524,-1.2052879,-0.2661338,False
7523,0.01152727,-0.029752418,False
7521,-0.08028704,-0.008470163,False
7520,0.029098004,0.025536448,False
7519,-0.39492193,-0.1492624,False
7493,0.0,0.00039697296,False
7518,-0.0050830343,-0.0050830343,False
7516,-0.038668755,-0.0116334185,False
7515,-0.17587438,-0.004578382,False
7514,0.04364558,-0.028986212,False
7513,0.016099654,-0.029291168,False
7512,0.004401505,0.0059283674,False
7511,-0.19852576,-0.12054971,False
7517,-0.051369146,0.013961449,False
7492,-0.055766076,0.031065583,False
7491,-0.009459645,0.034029722,False
7490,-0.19325912,0.07983887,False
7470,-0.06212902,-0.023640662,False
7469,-0.045238286,-0.0004709065,False
7468,-0.17368957,-0.01415357,False
7467,-0.0536851,-0.012482427,False
7466,0.010215163,-0.012225568,False
7465,0.0,0.0,False
7471,0.06752756,0.006610334,False
7464,-0.055039734,-0.032519907,False
7462,0.03466841,0.0088500455,False
7461,-0.7266712,-0.15106905,False
7460,0.041586205,-0.0015147477,False
7459,0.011289602,-0.008843528,False
7458,0.011011839,-0.0020475686,False
7457,0.1904583,-0.03584081,False
7463,-0.11644173,0.013896465,False
7455,-0.13396046,-0.049147844,False
7472,-0.31030828,-0.10186434,False
7474,-0.047629476,-0.05610314,False
7489,0.009900885,-0.00523238,False
7488,-0.1551224,0.11768502,False
7487,-0.19604832,-0.008529186,False
7486,-0.88730633,-0.1470735,False
7484,-0.06471896,-0.035141528,False
7483,-0.111174226,-0.079951495,False
7473,-0.2006908,0.0057554543,False
7482,0.13736312,-0.007506788,False
7480,0.037360847,-0.035716146,False
7479,0.0057124496,0.054059416,False
7478,-0.054408766,0.047839053,False
7477,-0.12558566,-0.04773864,False
7476,0.10815233,-0.010907531,False
7475,-0.02012964,0.00056857057,False
7481,-0.074793085,0.008238852,False
7668,0.3795805,0.016022205,False
7669,-0.10344955,-0.013845444,False
7670,-0.035403013,0.04751326,False
7850,0.010781862,-0.025748914,False
7851,-0.02238492,-0.00031393766,False
7852,0.0693042,-0.04356298,False
7853,0.08718088,0.026785642,False
7854,-0.041219644,-0.059836425,False
7855,0.13889074,0.0001463741,False
7856,0.0,0.0,False
7857,-1.0826895,-0.25536823,False
7858,-0.005376925,-0.005376925,False
7859,0.025165575,-0.019075224,False
7860,0.0,0.0,False
7861,0.0,0.0,False
7862,0.30613923,-0.1114068,False
7863,0.0151332645,0.0,False
7864,-0.013098787,-0.013098787,False
7865,0.0,0.0,False
7866,-0.0032373075,-0.0028077937,False
7880,0.06111133,-0.026534475,False
7879,-0.23245686,-0.042918503,False
7878,-0.13798141,0.018789649,False
7877,-0.0044222353,-0.0044222353,False
7876,-0.2133888,-0.03623438,False
7875,-0.03782984,-0.03782984,False
7849,0.3268826,-0.24823964,False
7874,-0.13387564,-0.050458252,False
7872,-0.27058607,-0.16312635,False
7871,0.10364187,0.019702315,False
7870,0.0073210597,0.07444972,False
7869,0.02375396,0.0,False
7868,0.0037151836,0.009055123,False
7867,0.058596075,-0.015452564,False
7873,-0.000684144,-0.0048249494,False
7848,-0.008835634,-0.0059347777,False
7847,0.025708586,-0.018645704,False
7846,0.022363454,0.03495583,False
7827,0.0192337,-0.0026228894,False
7826,0.114684165,-0.05566621,False
7825,-0.0036866323,-0.0036866323,False
7824,0.009114563,-0.006334379,False
7823,-0.18705499,0.04697454,False
7822,-0.0047905953,-0.0047905953,False
7828,-0.0046937084,-0.0046937084,False
7821,0.021448525,-0.022120373,False
7819,-0.007595736,-0.007595736,False
7818,0.0,0.00060188316,False
7817,-0.010164342,-0.010164342,False
7816,0.007304443,-0.008635817,False
7815,0.40358794,-0.13135672,False
7814,-0.038664117,-0.017223418,False
7820,0.01888505,0.021500451,False
7881,-0.33172506,-0.13060558,False
7829,0.04870318,-0.02341199,False
7831,-0.015947305,-0.0010290444,False
7845,-0.04232025,-0.010626316,False
7844,-0.009462459,-0.009462459,False
7843,-0.31987214,-0.033256292,False
7842,-0.018208016,0.015410721,False
7841,-0.004854167,-0.004854167,False
7840,0.08102465,-0.12461734,False
7830,-0.06838953,-0.05917546,False
7839,0.031281322,0.036996037,False
7837,0.043920994,-0.06401044,False
7836,0.04610443,-0.019308597,False
7835,0.043390036,-0.0021472666,False
7834,-0.007081868,-0.026582275,False
7833,-0.005143561,-0.005143561,False
7832,-0.005080136,-0.005080136,False
7838,-0.013723997,-0.013723997,False
7813,-0.3265559,-0.031638265,False
7882,0.0569206,-0.009919565,False
7884,0.086636476,-0.07719091,False
7921,-0.16544652,-0.1773777,False
7922,-0.1283502,-0.10685122,False
7923,0.05474764,-0.024159372,False
7924,0.014814657,-0.009250329,False
7925,0.04249035,0.011196658,False
7926,0.025805056,-0.039155126,False
7927,0.009805512,-0.009694895,False
7928,-0.5600159,-0.19633329,False
7929,-0.39257842,-0.026833177,False
7930,0.022567352,0.0,False
7931,-0.036284003,-0.08206469,False
7932,-0.03923565,-0.015704472,False
7933,-0.02968179,0.004033398,False
7934,0.01275673,-0.009619062,False
7935,-0.0042188857,-0.020159146,False
7936,0.0,0.0,False
7937,-0.18735534,-0.09588444,False
7951,0.01729317,0.022288918,False
7950,-0.032362357,-0.051684856,False
7949,0.117396,0.05288714,False
7948,-0.14225632,-0.0641889,False
7947,-0.27917564,-0.12880552,False
7946,-0.05336228,0.021543816,False
7920,0.03574443,-0.09167504,False
7945,-0.08588389,0.0053221434,False
7943,-0.0036221,-0.0036221,False
7942,-0.11705634,0.00873065,False
7941,-0.010820091,-0.0037742257,False
7940,-0.08000803,-0.35840034,False
7939,-0.005525138,-0.027833182,False
7938,-0.0771376,-0.1834696,False
7944,-0.12782142,-0.08133733,False
7919,-0.32069826,-0.09828693,False
7918,-0.055340633,0.05235207,False
7917,-0.098465085,-0.056982994,False
7898,0.023213014,0.0019207634,False
7897,-0.0897378,-0.03644383,False
7896,-0.0041405857,-0.07141632,False
7895,-0.0395422,0.05950749,False
7894,-0.30679473,-0.119766,False
7893,-0.013525162,-0.013525162,False
7899,0.120046854,0.08756137,False
7892,-0.018408913,-0.016071206,False
7890,0.06102328,-0.011729032,False
7889,-0.30450904,-0.07890892,False
7888,-0.083128445,-0.12681203,False
7887,0.0,0.0,False
7886,0.0,0.0,False
7885,0.19059622,-0.098774314,False
7891,0.11915389,0.0006150007,False
7883,0.023270011,0.020159602,False
7900,-0.025804162,0.012981415,False
7902,0.0018844008,-0.07066715,False
7916,-0.042482138,-0.15878248,False
7915,0.10781509,-0.016719043,False
7914,-0.061801806,-0.034171313,False
7913,0.041294277,-0.10039312,False
7912,0.34582233,-0.20621037,False
7911,0.021986246,-0.02362061,False
7901,-0.066842705,0.009084165,False
7910,-0.47837543,-0.08117914,False
7908,-0.028666396,-0.02425409,False
7907,-0.00084803253,-0.01665999,False
7906,0.0,0.0,False
7905,-0.6462443,-0.118991375,False
7904,0.04974266,0.014011376,False
7903,-0.063867494,-0.063867494,False
7909,0.13037881,-0.009719528,False
7384,0.0,0.0,False
7812,-0.13448864,-0.06579971,False
7810,0.0,0.00025835502,False
7707,0.0094345175,-0.007597582,False
7708,-0.05975929,-0.028143764,False
7709,-0.05505529,-0.024215907,False
7710,-0.12751389,-0.006711364,False
7711,-0.014745712,-0.052721232,False
7712,0.19552726,0.058463156,False
7713,0.1639795,0.02277428,False
7714,-0.01926258,-0.01926258,False
7715,0.024782643,0.06404661,False
7716,-0.029506892,-0.003274247,False
7717,-0.042495936,0.012899756,False
7718,-0.17031449,0.056217134,False
7719,0.042333446,-0.004706676,False
7720,0.016071953,-0.0023830384,False
7721,-0.006816253,0.023586964,False
7722,0.12232536,-0.06011212,False
7723,0.008881927,-0.03432274,False
7737,0.03305898,-0.009723699,False
7736,0.06490711,0.019930845,False
7735,-0.0047984985,-0.0047984985,False
7734,0.0,0.000781637,False
7733,-0.009784816,-0.009784816,False
7732,-0.06829068,0.040284663,False
7706,-0.04033634,0.08633056,False
7731,-0.36426118,-0.10031229,False
7729,0.23179972,-0.006555915,False
7728,-0.004876203,-0.004876203,False
7727,0.0,0.0,False
7726,0.018749729,-0.004478243,False
7725,0.0,0.0006215605,False
7724,0.07395649,0.031749368,False
7730,-0.0033912933,-0.0033912933,False
7705,-0.060704708,0.04061067,False
7704,-0.05701703,-0.011341691,False
7703,-0.12943906,-0.031611085,False
7684,-0.004335512,-0.0027627265,False
7683,0.014613301,-0.008689487,False
7682,-0.47516018,-0.06376052,False
7681,0.0026972294,-0.031919718,False
7680,0.0,0.0,False
7679,-0.014740231,-0.011354144,False
7685,-0.044389807,-0.052986912,False
7678,-0.025940001,0.06764895,False
7676,0.007963531,0.019702371,False
7675,0.11999142,0.03193617,False
7674,-0.07979554,-0.04273534,False
7673,0.025409475,-0.057221174,False
7672,-0.07270079,0.032949507,False
7671,-0.009199724,-0.051801533,False
7677,-0.023904145,0.054500252,False
7738,-0.0022965036,-0.024192141,False
7686,-0.45967102,-0.2665429,False
7688,-0.09883251,-0.12093791,False
7702,-0.011539936,0.031409025,False
7701,-0.10339674,-0.032301925,False
7700,-0.07367381,-0.05929736,False
7699,0.45291615,-0.013598204,False
7698,0.27256918,0.015550494,False
7697,-0.02373454,0.071029186,False
7687,-0.014572866,-0.014572866,False
7696,0.012780994,-0.27084997,False
7694,-0.08217366,-0.24492867,False
7693,0.1636908,-0.09719205,False
7692,-0.41651654,-0.0833652,False
7691,0.07994664,-0.071755886,False
7690,0.079327695,0.0067379624,False
7689,-0.10612297,0.04283476,False
7695,-0.013850786,-0.020816613,False
7811,0.0055820234,-0.008455601,False
7739,-0.31522083,-0.43250704,False
7741,-0.009014737,-0.0057115844,False
7778,-0.004866068,-0.004866068,False
7779,-0.19071978,-0.019273639,False
7780,0.013605783,-0.03017524,False
7781,-0.048060935,0.009141423,False
7783,0.025634922,0.013032235,False
7784,-0.5620787,0.026734948,False
7785,0.05780369,-0.02742657,False
7786,-0.03382287,-0.058074877,False
7787,0.08105725,0.021769226,False
7788,0.24593395,0.046225667,False
7789,-0.046744615,-0.061285406,False
7790,0.14200455,-0.0464516,False
7791,-0.29579198,-0.073370636,False
7792,0.047268897,0.03495194,False
7793,0.010583676,0.053635754,False
7794,-0.14825505,-0.037326336,False
7795,-0.020768553,-0.039308757,False
7809,-0.031666823,-0.031666823,False
7808,-0.0037445426,0.09716675,False
7807,0.047108352,-0.036124915,False
7806,0.38203526,-0.034547746,False
7805,0.01778213,0.000605336,False
7804,0.014173132,-0.0034862934,False
7777,0.0124291545,0.028820679,False
7803,-0.0013790615,-0.014950027,False
7801,0.0,0.0,False
7800,-0.0041918815,-0.0041918815,False
7799,-0.004872557,-0.004872557,False
7798,0.08199015,-0.015636683,False
7797,0.101956666,-0.0028081536,False
7796,0.033665154,-0.032420103,False
7802,-0.15779988,-0.018132687,False
7776,0.016727358,-0.004389881,False
7775,0.07743245,0.045680046,False
7774,-0.13378334,-0.20873165,False
7755,0.008580181,0.007916589,False
7754,0.07384266,0.019006744,False
7753,-0.011858031,0.04136601,False
7752,-0.26181358,-0.092246234,False
7751,-0.18443596,-0.042393446,False
7750,-0.06567022,-0.041749805,False
7756,0.0,0.0,False
7749,0.051377773,-0.0074617267,False
7747,0.14501595,-0.07597506,False
7746,-0.17704752,-0.09047204,False
7745,-0.07295388,-0.03861904,False
7744,-0.10094166,0.04618752,False
7743,0.061291784,-0.07399887,False
7742,-0.1500169,-0.09257579,False
7748,-0.15136582,-0.077303514,False
7740,0.057355657,0.010307744,False
7757,-0.0053846617,-0.0053846617,False
7759,-0.099989206,0.0035003424,False
7773,-0.014161596,-0.013534173,False
7772,-0.029061794,0.02154851,False
7771,-0.19115126,-0.010401905,False
7770,0.03706239,0.020850763,False
7769,0.14280808,0.15617508,False
7768,-0.16228437,-0.043010473,False
7758,0.045577414,0.0,False
7767,-0.52767926,-0.11046052,False
7765,0.030051827,-0.0048636794,False
7764,-0.008048832,-0.0063820886,False
7763,-0.009955885,-0.026987985,False
7762,-0.2497232,-0.122213304,False
7761,-0.05467742,-0.05414843,False
7760,0.082374156,-0.000392735,False
7766,-0.117407456,-0.051458046,False
7383,0.07544012,0.019820396,False
7382,-0.012273252,-0.017185524,False
7381,-0.009269987,-0.0070526777,False
6994,-0.032478154,-0.032478154,False
6995,0.049438268,0.019098759,False
6996,-0.01868503,-0.01868503,False
6997,-0.06314826,-0.029887497,False
6998,0.011208985,-0.010772265,False
6999,0.0,0.0,False
7000,-0.25480378,0.15487838,False
7001,-0.070060134,-0.08246136,False
7002,0.036279593,-0.004936444,False
7003,-0.017109722,-0.041210085,False
7004,0.0,0.0,False
7005,-0.069224715,-0.039734602,False
7006,-0.08191236,-0.08191236,False
7007,0.012887079,-0.009222481,False
7008,0.16507763,-0.043279946,False
7009,0.26232985,0.025931388,False
7010,-0.037902802,-0.065318465,False
7024,0.0,0.0,False
7023,0.016622724,0.004618708,False
7022,0.013109923,-0.008785714,False
7021,-0.0037524558,-0.0037524558,False
7020,0.19171196,-0.03377275,False
7019,-0.052387893,-0.08499098,False
6993,-0.038914785,-0.06257207,False
7018,-0.025519298,0.00087324344,False
7016,-0.04551354,-0.09090373,False
7015,0.15319741,0.044914484,False
7014,0.022496412,0.0,False
7013,0.04042694,-0.01365146,False
7012,-0.08613646,0.011587024,False
7011,-0.48319793,-0.037487745,False
7017,-0.019071195,-0.019071195,False
6992,-0.04069528,0.022520944,False
6991,-0.03472598,-0.031865105,False
6990,0.002501376,0.006805593,False
6971,0.14793873,0.038486063,False
6970,0.02327323,0.030635998,False
6969,-0.12713286,0.02797383,False
6968,0.0117332265,-0.007305835,False
6967,0.06504086,-0.014246434,False
6966,0.018607702,0.0043682586,False
6972,-0.051059704,-0.01826081,False
6965,0.02327292,0.0,False
6963,-0.07226354,-0.030762851,False
6962,0.27148938,-0.07993829,False
6961,-0.21034837,-0.05660218,False
6960,-0.05620226,-0.02611798,False
6959,0.029907541,-0.008569958,False
6958,-0.16191518,0.022686362,False
6964,-0.008826304,-0.008826304,False
7025,0.0,0.0,False
6973,-0.09707925,-0.114776075,False
6975,-0.031748533,-0.007621169,False
6989,-0.14086927,-0.029485002,False
6988,0.013655335,-0.009931445,False
6987,0.0,0.0,False
6986,-0.010845542,-0.16292459,False
6985,0.0,0.00011101367,False
6984,0.02437532,-0.04867299,False
6974,-0.17518166,-0.05603358,False
6983,0.014583123,-0.009848678,False
6981,0.097313866,0.029830724,False
6980,-0.00072958507,-0.0022741351,False
6979,0.008783275,0.0012577735,False
6978,0.17565545,-0.007568598,False
6977,0.078477055,0.009265415,False
6976,0.0039710104,-0.038542278,False
6982,0.09827032,0.011297546,False
6957,0.0,0.0003207026,False
7026,0.09896347,0.047515124,False
7028,-0.024270952,-0.061554313,False
7065,0.0,0.0,False
7066,-0.04521118,-0.040097937,False
7067,-0.046875536,-0.018278927,False
7068,0.013652623,-0.05825582,False
7069,-0.090299904,-0.02730316,False
7070,-0.19658996,-0.046309292,False
7071,-0.116797864,0.00022649765,False
7072,-0.009133307,0.0012133978,False
7073,-0.06780761,0.00032003224,False
7074,0.22930557,-0.08629784,False
7075,-0.00471358,0.005053535,False
7076,-0.074232996,-0.06985307,False
7077,-0.10450148,-0.024442613,False
7078,0.07165532,-0.02670607,False
7079,0.07065487,0.0005130768,False
7080,-0.066685505,-0.025989734,False
7081,0.07442267,-0.01387044,False
7095,0.032258622,0.025532935,False
7094,0.0043687,-0.04030773,False
7093,-0.003948927,0.01282084,False
7092,0.07940242,-0.0014152825,False
7091,-0.092392206,-0.107920945,False
7090,-0.025431141,0.05165811,False
7064,-0.0085083125,-0.0059856195,False
7089,-0.0046131206,-0.0046131206,False
7087,-0.010581326,-0.012434334,False
7086,-0.012617871,-0.019400083,False
7085,-0.12912929,-0.25600612,False
7084,0.126356,-0.044653118,False
7083,0.020680279,0.022758007,False
7082,-0.016001943,-0.016001943,False
7088,-0.004991336,-0.0028944777,False
7063,-0.018384421,-0.018384421,False
7062,-0.25069278,-0.061378717,False
7061,-0.0073983073,-0.0064891297,False
7042,0.080396175,-0.12051433,False
7041,-0.096691236,0.001732409,False
7040,0.0,0.0,False
7039,-0.004033407,-0.02860763,False
7038,0.025739815,0.06868243,False
7037,-0.02619313,-0.02619313,False
7043,0.051416732,0.0020244867,False
7036,-0.03137261,0.0036374815,False
7034,0.017062962,-0.0042979857,False
7033,0.03140436,0.004901342,False
7032,-0.0092988135,-0.0092988135,False
7031,0.001635626,0.013781073,False
7030,0.0,0.0,False
7029,-0.009446295,-0.009446295,False
7035,-0.013789994,-0.013789994,False
7027,0.0097026825,-0.12771565,False
7044,0.051030815,-0.12338841,False
7046,-0.004652436,-0.004652436,False
7060,-0.02274336,-0.029542968,False
7059,-0.06504774,-0.046876967,False
7058,-0.021091864,-0.007815912,False
7057,-0.06558429,-0.021432616,False
7056,-0.1878568,-0.12216812,False
7055,-0.043277882,-0.03654465,False
7045,0.0070661847,0.006365642,False
7054,0.09204258,0.04893942,False
7052,-0.027168892,-0.008408971,False
7051,0.01563786,-0.016669452,False
7050,-0.13023663,-0.04284866,False
7049,0.08137715,0.022669911,False
7048,0.016196162,0.0040068626,False
7047,-0.021799684,-0.030513346,False
7053,0.035782646,-0.03372247,False
7096,-0.22193629,-0.07822186,False
6956,0.21854421,0.110345334,False
6954,0.020502292,-0.009382434,False
6852,0.022644132,0.024402723,False
6853,-0.018493768,-0.018493768,False
6854,-0.12636209,-0.0642091,False
6855,-0.020295769,-0.032118764,False
6856,-0.00974498,-0.00974498,False
6857,-0.10443163,-0.041366518,False
6858,-0.053122852,0.007719137,False
6859,-0.015016552,-0.054937057,False
6860,0.10812682,-0.5452644,False
6861,0.055731148,0.0033403933,False
6862,-0.06877285,-0.027280271,False
6863,0.0045449473,0.013489783,False
6864,-0.11694819,-0.05524686,False
6865,-0.009982102,0.0018962845,False
6866,0.008486614,0.026585728,False
6867,0.015124276,0.009822784,False
6868,0.28509158,0.005509615,False
6882,1.1242423,0.009637415,False
6881,0.09298284,0.02053082,False
6880,0.117183805,0.011181474,False
6879,0.0,0.0,False
6878,-0.0048273588,-0.0048273588,False
6877,-0.02192606,-0.00815399,False
6851,-0.10852945,-0.15730381,False
6876,0.14510632,-0.11504555,False
6874,-0.040546387,0.013697565,False
6873,-0.13024887,-0.08146483,False
6872,-0.041058406,-0.03205183,False
6871,0.08725983,-0.010181874,False
6870,0.014506787,-0.02669926,False
6869,0.0,0.0,False
6875,0.016559083,-0.004862651,False
6850,-0.048659183,-0.0457474,False
6849,0.0,0.0,False
6848,0.0429553,-0.00384067,False
6829,-0.09119309,-0.026838385,False
6828,0.021416195,0.0039255843,False
4557,-0.040052496,-0.00962916,False
6826,0.025657784,-0.041511197,False
6825,0.059296787,0.040175438,False
6824,-0.29385567,-0.065513015,False
6830,0.04367728,0.0064665526,False
6823,-0.2812375,-0.08693284,False
6821,-0.22441165,-0.022061229,False
6820,-0.02480048,0.0029828846,False
6819,-0.21479797,-0.04134822,False
6818,0.08732575,-0.032478213,False
6817,-0.31771493,-0.2058937,False
6816,-0.04121226,-0.060121477,False
6822,0.009059668,-0.032381892,False
6883,-0.019692488,-0.0074604806,False
6831,0.04440711,0.0,False
6833,-0.028352259,0.004731113,False
6847,-0.00015651621,-0.00583509,False
6846,0.007155191,-0.039672293,False
6845,0.1762271,0.0881266,False
6844,-0.032169137,-0.0073029585,False
6843,0.00665914,-0.00928112,False
6842,0.02852635,-0.008670933,False
6832,0.041567087,-0.02126494,False
6841,0.0,0.0,False
6839,-0.0145312315,-0.0145312315,False
6838,-0.00484168,-0.00484168,False
6837,-0.04976955,-0.02192159,False
6836,0.41859293,-0.25092602,False
6835,0.014141761,0.028720416,False
6834,0.06221813,-0.088059485,False
6840,0.035545204,-0.01122747,False
6955,0.00833109,0.03495106,False
6884,-0.095464736,-0.006035,False
6886,-0.10374352,-0.06738174,False
6923,0.020316135,0.012085762,False
6924,-1.0937996,-0.061843395,False
6925,0.020657025,-0.06353129,False
6926,0.0072950544,-0.014632291,False
6927,-0.08136413,-0.019443452,False
6928,-0.20475975,-0.091849744,False
6929,-0.030545607,0.024391145,False
6930,0.0,0.0007133846,False
6931,-0.023362475,-0.00038867816,False
6932,0.0,0.0,False
6933,0.07557315,0.10011405,False
6934,0.0,0.0,False
6935,0.07188642,0.013160467,False
6936,0.09557354,0.064827316,False
6937,-0.0577816,0.007370606,False
6938,-0.014328591,0.0040970435,False
6939,-0.39920232,-0.059087634,False
6953,-0.0035024756,-0.0035024756,False
6952,-0.2542925,-0.06957778,False
6951,0.0,0.0,False
6950,-0.009567494,-0.007829919,False
6949,0.04502105,0.051033385,False
6948,-0.06124392,-0.014383316,False
6922,-0.053607948,0.025869466,False
6947,-0.060791433,0.06340933,False
6945,-0.020029046,-0.020029046,False
6944,-0.03444454,-0.01015906,False
6943,0.10842666,-0.014103293,False
6942,0.0,0.0017780443,False
6941,0.0,0.0,False
6940,0.09290549,0.0331738,False
6946,0.16140465,-0.062899694,False
6921,0.032786623,0.041622177,False
6920,0.028194487,0.053641915,False
6919,0.06775139,0.054790787,False
6900,0.0,0.0020981394,False
6899,-0.037876677,-0.043664534,False
6898,-0.023258567,0.027995527,False
6897,-0.028253615,-0.06306273,False
6896,-0.004650339,-0.004650339,False
6895,0.17382273,-0.009435058,False
6901,0.011377096,-0.1318649,False
6894,-0.029914886,-0.008985758,False
6892,0.0043727905,-0.008889988,False
6891,-0.11916557,-0.004979074,False
6890,0.23995447,-0.014958382,False
6889,-0.05055183,0.018922567,False
6888,-0.04854504,-0.04903718,False
6887,-0.025115222,-0.027357355,False
6893,0.15748608,0.069279194,False
6885,0.28096265,0.006947696,False
6902,-0.07140683,-0.014775187,False
6904,-0.16487241,-0.055460572,False
6918,0.018996252,-0.0044765156,False
6917,-0.009234965,-0.009234965,False
6916,0.0,0.0,False
6915,-0.0053437157,-0.0053437157,False
6914,-0.013915395,-0.013915395,False
6913,-0.0042173397,-0.0036472925,False
6903,0.0,0.0,False
6912,0.025026701,0.0,False
6910,-0.00020229816,-0.03910321,False
6909,0.023416419,0.043034863,False
6908,-0.028850678,0.012180053,False
6907,0.09040868,0.0073081255,False
6906,-0.020316511,-0.012291849,False
6905,-0.06358887,0.0047781393,False
6911,-0.038409278,-0.03985448,False
7952,-0.35598046,0.002074957,False
7097,-0.0010660626,-0.012239624,False
7099,-0.051317412,-0.009646978,False
7278,0.17419824,0.010181785,False
7279,0.017651232,-0.0015950929,False
7280,0.043549553,-0.04295755,False
7281,-0.022209942,-0.019058168,False
7282,-0.10425156,-0.00070136786,False
7283,-0.0009453632,-0.017053807,False
7284,0.11035228,-0.16361666,False
7285,0.05935172,-0.0060322825,False
7286,0.010063142,0.0115938485,False
7287,-0.041141126,-0.062972516,False
7288,-0.06925218,-0.09130228,False
7289,-0.102223516,-0.02500993,False
7290,-0.009628316,-0.009628316,False
7291,0.062325314,-0.014857292,False
7292,-0.010311605,-0.0023295935,False
7293,-0.008376463,-0.008376463,False
7294,-0.23441751,-0.050576776,False
7308,-0.017351067,-0.017351067,False
7307,0.0647088,-0.023973554,False
7306,-0.062753335,-0.018473212,False
7305,0.24994159,-0.05665636,False
7304,-0.01303467,-0.0049983812,False
7303,0.18475282,0.08995652,False
7277,-0.08367351,0.012392014,False
7302,-0.009343208,-0.009343208,False
7300,-0.012538493,-0.0109145045,False
7299,0.033781625,0.007801218,False
7298,-0.16154468,-0.09659374,False
7297,-0.1038333,-0.038604826,False
7296,-0.01488068,-0.12044625,False
7295,-0.53431904,-0.33356023,False
7301,-0.01109083,0.002977673,False
7276,0.0,0.0,False
7275,0.049071625,0.0387993,False
7274,-0.008815836,-0.008815836,False
7255,-0.08794196,-0.06313932,False
7254,0.033029355,-0.004804872,False
7253,0.010052055,0.0012972653,False
7252,-0.066135585,-0.12113875,False
7251,0.031204686,0.007604152,False
7250,0.028753221,-0.017249316,False
7256,-0.009410182,-0.014609953,False
7249,-0.0011120662,-0.0070591867,False
7247,0.034021586,-0.0044645667,False
7246,0.0034877602,-0.018609343,False
7245,0.105710626,-0.10703218,False
7244,-0.03417731,-0.03417731,False
7243,-0.08154753,-0.009587288,False
7242,-0.15313745,-0.039351463,False
7248,-0.029878698,0.009097576,False
7309,0.0032012295,-0.019095486,False
7257,0.0,0.0,False
7259,0.03657964,0.025474096,False
7273,-0.076556794,0.002691865,False
7272,0.0,0.0,False
7271,-0.12613434,0.09750193,False
7270,0.13318354,-0.09216732,False
7269,-0.059927627,-0.034511626,False
7268,-0.31129342,-0.063744605,False
7258,0.023611574,0.012722562,False
7267,-0.0039587812,-0.003661263,False
7265,0.024281437,0.0,False
7264,0.014099945,-0.009558546,False
7263,0.021207003,-0.022437945,False
7262,-0.008750873,-0.008750873,False
7261,0.0049030613,-0.019460758,False
7260,-0.106749,0.023506492,False
7266,-0.012465408,-0.012465408,False
7241,-0.3481102,-0.28125107,False
7310,-0.034925185,-0.023243722,False
7312,0.0,0.0,False
7350,-0.010090812,-0.008550682,False
7351,-0.02277777,-0.002546303,False
7352,-0.06447065,0.04604447,False
7353,0.18847008,0.01964651,False
7354,0.18335682,0.0061214864,False
7355,0.0,0.0,False
7356,-0.265239,-0.020235062,False
7357,0.016782004,-0.004810754,False
7358,-0.10659975,0.02126199,False
7359,-0.011436909,-0.11153072,False
7360,0.03408286,-0.013807496,False
7361,0.02167496,-0.10605818,False
7362,0.023810053,0.0,False
7363,0.26563287,0.075873256,False
7364,0.0011230707,-0.022458704,False
7365,-0.022056915,0.065635346,False
7366,-0.03133146,-0.03133146,False
7380,0.016353002,-0.0040117744,False
7379,0.0,0.0,False
7378,-0.07099533,-0.11232746,False
7377,-0.024167044,-0.0017684102,False
7376,-0.016169,0.012311444,False
7375,0.039618313,-0.027822942,False
7349,-0.029895259,-0.026286745,False
7374,-0.105055034,-0.077870846,False
7372,-0.005279843,-0.0045389724,False
7371,0.02013313,0.0,False
7370,-0.099932775,-0.032089353,False
7369,-0.004652841,-0.013856183,False
7368,0.02244287,0.0,False
7367,-0.003967165,0.0017566793,False
7373,-0.01285317,-0.03457637,False
7348,0.010053472,-0.013419296,False
7347,0.034788266,0.017794922,False
7346,0.2127805,0.027781934,False
7326,-0.004761348,-0.004761348,False
7325,0.013546586,-0.013963848,False
7324,-0.031301945,0.010876149,False
7323,0.15436244,-0.011983573,False
7322,0.06042981,0.041113302,False
7321,0.0,0.0,False
7327,-0.19737023,-0.00661999,False
7320,0.0126074515,-0.009654596,False
7318,-0.0032947345,-0.0032947345,False
7317,0.057002194,-0.0037550498,False
7316,0.0,0.00023891243,False
7315,0.00729254,0.0148010785,False
7314,-0.047826976,-0.01221326,False
7313,0.25097984,0.07287145,False
7319,0.011971868,-0.00883026,False
7311,-0.01315463,-0.035418298,False
7328,-0.23197126,0.0009790659,False
7330,-0.004896036,-0.004896036,False
7345,0.06037477,0.024301406,False
7344,0.024843173,-0.023516288,False
7343,0.02953235,-0.061268635,False
7342,-0.005169541,-0.005169541,False
7341,0.0025064535,-0.019421687,False
7340,0.018441066,-0.004682475,False
7329,-0.059845686,0.0066723973,False
7339,0.013030813,0.0062017674,False
7336,0.0,0.0022128953,False
7335,0.09904882,0.0019307286,False
7334,0.37351322,-0.26566076,False
7333,-0.033893913,-0.056480825,False
7332,-0.02297756,-0.0094744265,False
7331,-0.1287294,-0.061274707,False
7338,-0.061721444,-0.037455887,False
7098,-0.02410096,0.034769952,False
7240,-0.07570636,0.104084015,False
7238,-0.12821913,-0.016855717,False
7136,-0.44746518,-0.16312218,False
7137,-0.35945725,-0.10270655,False
7138,-0.1356905,-0.02220139,False
7139,0.25341833,0.080805,False
7140,-0.25630963,-0.01932466,False
7141,-0.050814986,-0.02694869,False
7142,-0.07245678,0.016906142,False
7143,0.002696028,-0.018875508,False
7144,-0.17050916,-0.0029408932,False
7145,-0.047109306,-0.04239297,False
7146,-0.13894719,-0.20924631,False
7147,0.0043503977,-0.010086719,False
7148,-0.0049898075,-0.0049898075,False
7149,-0.004912303,-0.004912303,False
7150,-0.011394829,-0.031464934,False
7151,-0.7412963,-0.060777307,False
7152,-0.19477665,-0.032275915,False
7166,1.0705154,-0.23025036,False
7165,-0.490893,-0.16711748,False
7164,0.04939376,0.019617498,False
7163,0.057587996,0.021515012,False
7162,0.114988476,0.088559866,False
7161,0.7043071,0.07924271,False
7135,0.2357024,0.013157904,False
7160,-0.009688273,-0.07005662,False
7158,-0.19948995,-0.17445397,False
7157,0.017157704,-0.036940947,False
7156,0.0,0.0,False
7155,-0.00877778,-0.007385273,False
7154,-0.018263374,-0.015007281,False
7153,0.0,0.0,False
7159,-0.060265645,-0.021718696,False
7134,0.05107826,0.045352414,False
7133,-0.104430825,0.0007561594,False
7132,-0.018099621,0.009945482,False
7113,-0.034237772,-0.004806906,False
7112,0.04945305,-0.020016866,False
7111,0.050916612,0.08279866,False
7110,0.08492158,-0.05218633,False
7109,-0.015582141,0.004315853,False
7108,-0.07515228,-0.041324735,False
7114,-0.11646551,-0.025698781,False
7107,-0.16822597,-0.049811304,False
7105,0.16068226,0.0023306608,False
7104,0.0129151605,0.026777517,False
7103,0.11389616,0.006873101,False
7102,0.032894604,-0.028666327,False
7101,0.04644554,-0.018817814,False
7100,-0.0002722852,0.018028885,False
7106,0.08201274,-0.040200472,False
7167,-0.079944834,0.076265395,False
7115,-0.0727157,-0.0832451,False
7117,-0.009907679,-0.009907679,False
7131,0.024882972,-0.017625272,False
7130,-0.10100025,-0.041873753,False
7129,-0.061881304,-0.061881304,False
7128,-0.01221573,-0.034574702,False
7127,-0.07402958,-0.008937061,False
7126,0.13602266,0.06645578,False
7116,0.061181277,0.01799813,False
7125,0.06509345,0.0103158895,False
7123,-0.042063475,-0.0039017797,False
7122,0.1348801,0.0057473853,False
7121,0.030051269,-0.0024672225,False
7120,0.06689203,-0.066870205,False
7119,0.10813978,0.035748452,False
7118,-0.16751069,-0.024136364,False
7124,0.042669892,0.012615919,False
7239,0.035251934,-0.04207729,False
7168,-0.005181551,-0.08544552,False
7170,-0.07388085,-0.028026342,False
7207,-0.0090902215,-0.004368726,False
7208,0.07531783,0.016014814,False
7209,-0.17938352,0.021401763,False
7210,-0.01690945,-0.034568876,False
7211,0.014966413,0.008815661,False
7212,-0.23131049,-0.030156732,False
7213,-0.116352096,-0.018076718,False
7214,-0.15259394,0.048801005,False
7215,-0.0051902775,-0.0036943443,False
7216,0.03588599,-0.019901946,False
7217,-0.03370551,-0.027541138,False
7218,0.0,0.0,False
7219,0.06704122,-0.035366364,False
7220,0.03075365,0.013039589,False
7221,-0.20210683,-0.07076919,False
7222,-0.040646784,0.008216932,False
7223,0.021705776,0.027165443,False
7237,-0.26153776,-0.044769168,False
7236,-0.07034336,-0.057848558,False
7235,-0.025481462,0.068050325,False
7234,-0.0097487485,-0.0097487485,False
7233,-0.0056506023,0.0010970086,False
7232,-0.007579034,-0.023519294,False
7206,0.0036642402,-0.0110696405,False
7231,-0.014704638,-0.014704638,False
7229,-0.038394835,0.052095678,False
7228,-0.18280554,-0.09630549,False
7227,0.0,0.0,False
7226,-0.024733357,0.00041925907,False
7225,-0.01610606,-0.005148992,False
7224,-0.04657951,-0.0018923581,False
7230,0.2193985,-0.027418137,False
7205,0.0017435215,-0.011481473,False
7204,0.015862683,-0.029161582,False
7203,0.01222761,-0.033392783,False
7184,-0.068191096,-0.060490593,False
7183,-0.032919645,-0.019650072,False
7182,-0.04490052,0.012226507,False
7181,0.0007509291,-0.012287065,False
7180,-0.008012414,-0.0013492182,False
7179,-0.041800436,-0.018816076,False
7185,0.13056487,0.012665033,False
7178,-0.05017771,-0.028782621,False
7176,-0.87949455,-0.25397015,False
7175,-0.6533284,-0.27518594,False
7174,-0.028796148,-0.011703804,False
7173,-0.6032852,-0.09663224,False
7172,-0.0035024756,0.0005477723,False
7171,-0.38981944,0.035210073,False
7177,0.17317832,0.004565716,False
7169,-0.31184912,-0.047581196,False
7186,-0.022066668,-0.062228575,False
7188,-0.37500346,-0.041511655,False
7202,0.022920249,0.0,False
7201,0.040038787,-0.024338586,False
7200,0.04521922,0.0,False
7199,-0.010129242,-0.010129242,False
7198,-0.049029067,-0.01132568,False
7197,-0.16539246,-0.15462267,False
7187,-0.012997462,-0.012997462,False
7196,-0.015745789,0.010967493,False
7194,-0.3881442,-0.034006834,False
7193,0.0,0.0,False
7192,0.0,0.0012204937,False
7191,0.23539114,0.01441884,False
7190,0.0,0.005825942,False
7189,0.019420482,0.029778898,False
7195,-0.06413695,0.024668932,False
6815,0.027145505,-0.00041782856,False
7953,-0.14452338,-0.081055105,False
7955,0.0,0.0,False
8703,0.1718514,0.031701982,False
8704,-0.0631721,0.012310922,False
8705,-0.06539103,-0.06539103,False
8706,0.008318609,-0.012296899,False
8707,-0.13158491,-0.03273344,False
8708,-0.08501342,-0.03321135,False
8709,0.20168799,-0.06808466,False
8710,0.11437042,-0.01136829,False
8711,-0.1685951,-0.062930405,False
8712,0.2680608,0.017850757,False
8713,-0.2121729,-0.048870087,False
8714,-0.58854914,-0.071530044,False
8715,-0.05086095,0.01702004,False
8716,-0.019340076,-0.007439522,False
8717,0.016619638,-0.020208925,False
8718,-0.0659776,-0.049229562,False
8719,-0.03591621,-0.053158164,False
8733,-0.08826175,0.013357848,False
8732,-0.08135991,0.034365535,False
8731,-0.08572018,-0.05367297,False
8730,0.058571756,-0.11024326,False
8729,-0.085454375,-0.05696723,False
8728,0.07378498,-0.007378429,False
8702,-0.12765688,-0.017701626,False
8727,-0.08862388,-0.0077839345,False
8725,-0.0145248175,-0.060878754,False
8724,-0.2754672,-0.05021876,False
8723,-0.014466003,-0.03663142,False
8722,-0.088985905,0.019715741,False
8721,0.0101620555,0.03364089,False
8720,-0.014527917,-0.0096720755,False
8726,-0.022055872,-0.022055872,False
8734,-0.05292736,0.021183997,False
8701,-0.23368284,0.010898888,False
8699,-0.06002161,-0.008922845,False
8668,-0.0042532887,-0.0042532887,False
8669,-0.24156454,-0.054506093,False
8670,-0.17475481,-0.029473782,False
8671,0.18431997,-0.0006839335,False
8672,0.009078393,-0.013674255,False
8673,-0.15742171,-0.092290044,False
8674,0.25955236,-0.123381376,False
8675,-0.096416235,-0.013192236,False
8676,-0.31174707,-0.090328336,False
8677,0.29322177,0.020052373,False
8678,-0.101544335,-0.0662633,False
8679,-0.2651903,0.010060012,False
8680,0.0061487826,-0.009791478,False
8681,-0.05959651,0.0019778311,False
8682,-0.09699267,0.06658441,False
8683,-0.40560722,-0.033001423,False
8684,-0.1583255,-0.113791764,False
8698,0.008626911,-0.013974966,False
8697,0.08521904,-0.03200204,False
8696,-0.007274788,-0.006951995,False
8695,0.0,0.0,False
8694,-0.0048235413,-0.0048235413,False
8693,0.07605975,0.0037896335,False
8700,-0.008297265,-0.08617836,False
8692,-0.070646316,-0.012710184,False
8690,0.05415809,-0.09611571,False
8689,-0.05380258,0.03901927,False
8688,-0.033358485,-0.03447473,False
8687,-0.019994423,0.0032587498,False
8686,0.017881736,0.01667595,False
8685,-0.30293038,0.043870747,False
8691,-0.009294542,-0.009294542,False
8735,-0.022644758,-0.08501108,False
8736,-0.028494298,-0.023543745,False
8737,-0.009837985,-0.08194631,False
8774,-0.06147027,-0.07445669,False
8775,0.2179887,0.010566354,False
8776,-0.12496501,0.018520951,False
8777,0.01537752,-0.0034018983,False
8778,-0.12398049,-0.049637973,False
8779,-0.031259462,-0.030090839,False
8780,0.021331325,-0.017144524,False
8781,-0.02546531,-0.007502854,False
8782,-0.16826814,-0.061922193,False
8783,-0.1455788,-0.1414702,False
8784,-1.2247419,-0.33489752,False
8785,-0.25600386,-0.22179317,False
8786,0.13462938,0.0016304553,False
8787,0.0144636035,0.053200126,False
8788,0.1417278,-0.028149426,False
8789,0.21795559,-0.17763162,False
8790,-0.13180673,-0.036935985,False
8804,-0.51417065,-0.21699572,False
8803,0.5162575,-0.2829876,False
8802,-0.11687362,0.00808382,False
8801,0.026188731,-0.014743149,False
8800,-0.02613901,-0.048401058,False
8799,0.067139275,0.04872828,False
8773,0.008380298,-0.055205915,False
8798,0.020822242,-0.049005628,False
8796,0.019590575,-0.004941599,False
8795,-0.42839253,0.06092465,False
8794,0.34056067,-0.10844588,False
8793,-0.683957,-0.2940483,False
8792,0.017013375,-0.0050920295,False
8791,-0.027379647,-0.014257401,False
8797,0.07240602,0.050251566,False
8772,-0.03199914,-0.026869204,False
8771,0.038198933,-0.0072256923,False
8770,-0.004885482,-0.004885482,False
8751,-0.104735434,-0.057203174,False
8750,0.031223336,-0.006024055,False
8749,0.15529138,0.04596466,False
8748,0.2749024,0.024919689,False
8747,0.0027282387,0.0044353306,False
8746,0.0075339163,-0.015212906,False
8752,-0.045817617,0.0003188774,False
8745,0.013873583,-0.0052289614,False
8743,-0.065633446,0.036901027,False
8742,0.06514306,-0.004727185,False
8741,0.059104025,0.030058056,False
8740,0.04524508,-0.03797315,False
8739,-0.12453973,-0.032760322,False
8738,0.037163645,0.02722992,False
8744,-0.043774113,0.024944872,False
8667,-0.00014331937,0.0021547116,False
8753,-0.05678779,-0.022340085,False
8755,-0.0030058324,0.02919072,False
8769,-0.05227986,-0.014628306,False
8768,-0.030853538,-0.012004551,False
8767,0.016663602,-0.0052637435,False
8766,-0.00034279376,-0.022377355,False
8765,-0.2094878,-0.121079326,False
8764,0.00073949434,-0.01439377,False
8754,-0.03350006,-0.07211099,False
8763,-0.01316826,-0.016361155,False
8761,-0.013802093,-0.013802093,False
8760,0.10723773,-0.035033077,False
8759,-0.09635487,-0.03742531,False
8758,-0.08640599,-0.06259644,False
8757,0.019778416,0.041212335,False
8756,-0.0062885955,0.018222064,False
8762,-0.088043384,0.025786832,False
8666,-0.019175969,0.038212575,False
8665,0.360677,-0.012257755,False
8664,-0.07886381,-0.032587707,False
8562,0.14785576,-0.05432248,False
8563,0.12789059,0.050610542,False
8564,0.07320595,-0.2813797,False
8565,-0.024087988,-0.10692442,False
8566,-0.0021977182,-0.024303121,False
8567,0.08595097,-0.019530088,False
8568,0.11283401,-0.05715823,False
8569,0.05189389,-0.06685847,False
8570,-0.056041524,-0.004419178,False
8571,0.013300468,-0.0037316314,False
8572,0.030062199,-0.44247293,False
8573,-0.043028153,-0.010646425,False
8574,-0.044988662,-0.11689241,False
8575,0.07903576,-0.013772581,False
8576,-0.03062049,-0.03062049,False
8577,-0.04419909,-0.06747091,False
8578,-0.03462187,-0.084513895,False
8592,-0.051176883,-0.1139146,False
8591,-0.063081264,-0.794405,False
8590,-0.000934273,-0.027649142,False
8589,-0.012252316,-0.060171455,False
8588,-0.041655358,-0.08759499,False
8587,0.047394305,-0.002729319,False
8561,-0.21658835,-0.020706743,False
8586,-0.002355665,-0.071163945,False
8584,-0.018546123,-0.06651852,False
8583,-0.028492,-0.05037266,False
8582,-0.0039343983,-0.1625826,False
8581,-0.094842285,-0.31659964,False
8580,-0.0017264187,-0.07043344,False
8579,-0.0035298541,-0.106360056,False
8585,0.005265329,-0.016605902,False
8560,0.03421113,-0.001425432,False
8559,-0.0036866323,-0.0029745854,False
8558,0.30081445,0.028140873,False
8539,0.036452293,0.08008218,False
8538,-0.03578967,-0.010003548,False
8537,0.0071703866,-0.021895617,False
8536,0.11013906,0.020691026,False
8535,-0.15853438,-0.10074782,False
8534,0.026691645,-0.05549276,False
8540,0.10254815,-0.03798504,False
8533,-0.013166577,0.030229881,False
8531,-0.025237799,-0.062253,False
8530,-0.28288376,-0.12108958,False
8529,0.04695858,-0.0036641061,False
8528,-0.032959655,-0.0032672659,False
8527,0.06803268,0.01231724,False
8526,-0.24919045,-0.08098829,False
8532,0.0,0.0013841024,False
8593,0.038440965,-0.09806604,False
8541,0.10536009,0.039257348,False
8543,0.07992529,0.018801369,False
8557,-0.007105382,-0.0042642546,False
8556,0.020288834,0.002051666,False
8555,0.1603747,9.012222e-05,False
8554,0.025667317,-0.009929506,False
8553,-0.009857164,-0.0067824777,False
8552,0.081278875,0.037303537,False
8542,0.114967465,-0.030570298,False
8551,-0.013093111,-0.013093111,False
8549,0.032363206,0.006778389,False
8548,0.017693646,0.015493058,False
8547,0.062637866,-0.015726238,False
8546,0.11198512,0.08489594,False
8545,0.72367954,-0.1947186,False
8544,-0.07896545,0.0076247156,False
8550,0.14331985,0.014531374,False
8805,-0.13507318,-0.35876274,False
8594,-0.085138276,-0.085138276,False
8596,-0.0068634003,-0.010280073,False
8633,0.058386028,0.010648832,False
8634,0.08499193,-0.013362169,False
8635,-0.013932367,-0.013932367,False
8636,-0.13611352,-0.038375244,False
8637,-0.01782411,-0.016815286,False
8638,0.0,0.0,False
8639,0.018208407,0.04686299,False
8640,-0.038823813,0.0019243509,False
8641,-0.05778236,0.0052069947,False
8642,-0.0046762936,0.005330423,False
8643,0.0,0.00043489924,False
8644,0.03715177,0.02339346,False
8645,0.0,0.0022081186,False
8646,-0.004876203,-0.0037321246,False
8647,-0.010894664,-0.022952616,False
8648,0.007183455,-0.024550142,False
8649,-0.005081584,-0.005081584,False
8663,0.13855721,-0.036772445,False
8662,-0.17355523,-0.038439184,False
8661,0.017168015,-0.004893197,False
8660,-0.6058059,-0.06304574,False
8659,0.03618502,-0.004064407,False
8658,0.062892765,-0.007821016,False
8632,0.10185075,0.009942889,False
8657,-0.3501075,-0.0311023,False
8655,0.116616026,-0.13188946,False
8654,0.01998709,0.0,False
8653,0.22600779,0.003741622,False
8652,-0.01878394,-0.01878394,False
8651,-0.22039567,-0.101881474,False
8650,-0.004753763,-0.004753763,False
8656,0.05031787,-0.008033664,False
8631,0.09693538,-0.0037338734,False
8630,-0.00990985,-0.005685074,False
8629,-0.1224491,-0.039657235,False
8610,-0.073923476,-0.008436322,False
8609,0.02810812,-0.0361249,False
8608,-0.0048779356,-0.0048779356,False
8607,-0.0034862934,-0.0034862934,False
8606,-0.028783064,-0.052055985,False
8605,-0.082037166,0.0018130466,False
8611,-0.17737164,-0.030961752,False
8604,-0.040596675,-0.040596675,False
8602,-0.18832032,-0.03054604,False
8601,0.09923926,-0.03311473,False
8600,0.0891381,-0.101768054,False
8599,0.00017193705,-0.022792576,False
8598,0.007311821,-0.13233995,False
8597,-0.3366983,-0.28740525,False
8603,-0.050391983,-0.050391983,False
8595,-0.03500744,-0.08136782,False
8612,0.0,0.0,False
8614,-0.42499307,-0.10315907,False
8628,0.024556763,-0.0817921,False
8627,-0.002795525,0.013347264,False
8626,-0.016276352,0.0018998459,False
8625,-0.0029523075,-0.018706828,False
8624,0.269444,-0.07612151,False
8623,0.0,2.118353e-05,False
8613,-0.24966764,-0.077353716,False
8622,-0.084252,-0.012171537,False
8620,-1.0999626,-0.2188499,False
8619,0.030966535,-0.015678242,False
8618,-0.350919,-0.22248101,False
8617,0.01975283,0.052907795,False
8616,-0.08729124,0.031568065,False
8615,0.13319576,0.02951479,False
8621,4.1887164e-05,-0.002397295,False
8806,-0.11104128,0.026652515,False
8807,0.0,0.0,False
8808,0.0,0.0,False
8988,0.021139525,0.0,False
8989,0.03615775,-0.02910184,False
8990,-0.01593549,0.01039885,False
8991,-0.0046622367,-0.0046622367,False
8992,0.020853132,-0.027873263,False
8993,0.086074024,0.03676017,False
8994,-0.009055242,0.040040188,False
8995,-0.024485737,-0.048550546,False
8996,0.0,0.0006424044,False
8997,-0.022566319,-0.015304461,False
8998,-0.21504132,-0.09024358,False
8999,-0.045418292,-0.06331139,False
9000,0.11485705,0.065118045,False
9001,-0.03185487,0.002256006,False
9002,0.0063436553,-0.035084907,False
9003,-0.0015675183,-0.024742408,False
9004,-0.11618188,0.008582771,False
9018,-0.13149014,-0.03925854,False
9017,0.090099454,-0.06472123,False
9016,-0.130375,0.0028377026,False
9015,-0.014853716,0.09749699,False
9014,0.013121094,-0.009658857,False
9013,-0.008747366,-0.008747366,False
8987,-0.025279365,-0.06398841,False
9012,-0.33730924,-0.02048254,False
9010,-0.06802445,-0.030257449,False
9009,0.03472673,0.0009756517,False
9008,0.0,0.0,False
9007,-0.041398868,-0.0016979575,False
9006,-0.05974838,0.033789873,False
9005,0.22987664,-0.05111015,False
9011,0.16309941,-0.11997223,False
8986,0.0,0.0,False
8985,0.04768032,-0.08458626,False
8984,0.13096932,0.07191818,False
8965,-0.017521491,-0.017521491,False
8964,0.013830507,-0.030094529,False
8963,0.0,0.0,False
8962,0.019102544,0.0,False
8961,0.22374219,-0.034541786,False
8960,0.0,0.0026022245,False
8966,-0.019212844,-0.019212844,False
8959,0.0,0.0,False
8957,0.014015319,-0.0048277224,False
8956,0.03681469,-0.013552304,False
8955,-0.023650073,-0.1320517,False
8954,0.035056956,-0.023089208,False
8953,-0.008461173,-0.008461173,False
8952,0.014113847,-0.033737175,False
8958,-0.020395605,-0.020395605,False
9019,-0.34777498,-0.017166555,False
8967,0.011376485,-0.0037567792,False
8969,0.0,0.00010489421,False
8983,-0.12215187,-0.028965771,False
8982,-0.030929271,-0.030929271,False
8981,-0.0023279823,-0.024054212,False
8980,0.080218315,0.0069697564,False
8979,0.04301284,0.016872328,False
8978,-0.033573873,-0.03227698,False
8968,0.010441758,-0.013872152,False
8977,-0.009183068,-0.02350314,False
8975,0.0,0.00077920384,False
8974,-0.012680465,-0.0041014925,False
8973,-0.013819137,-0.012905771,False
8972,-0.004841125,-0.004841125,False
8971,0.023451997,0.00012773187,False
8970,0.024456669,0.00067088724,False
8976,-0.07894404,-0.024221018,False
8951,-0.08719498,0.030157566,False
9020,-0.067984164,-0.02139178,False
9022,-0.042997118,-0.042997118,False
9059,-0.009076987,0.0030155042,False
9060,-0.17036343,-0.017738342,False
9061,-0.30368608,-0.06610775,False
9062,0.09396511,0.06407434,False
9063,0.10612571,-0.013885081,False
9064,-0.08692706,-0.10869989,False
9065,-0.00914301,-0.008723445,False
9066,0.017147997,0.0011162916,False
9067,0.11084039,-0.06858551,False
9068,0.0107072,0.0022606552,False
9069,0.0,0.001219749,False
9070,0.4618361,0.05816865,False
9071,0.03988242,-0.030878812,False
9072,0.017823983,-0.004047248,False
9073,-0.003730193,-0.003730193,False
9074,-0.0035024756,-0.0016271513,False
9075,-0.0144231375,0.035135694,False
9090,-0.08485308,-0.07652643,False
9089,0.098004505,-0.015231743,False
9088,-0.0039994186,-0.0026339805,False
9086,-0.04421538,0.03154239,False
9085,0.04051527,-0.0040330016,False
9084,-0.0047686566,-0.0047686566,False
9058,0.0,0.0,False
9083,-0.0811954,0.015793264,False
9081,0.13459072,0.00062075816,False
9080,-0.17202514,-0.08829981,False
9079,-0.08850521,-0.07197291,False
9078,-0.18501645,-0.08934635,False
9077,0.039052673,-0.004796208,False
9076,0.0024355873,-0.06435106,False
9082,-0.016643241,0.008814447,False
9057,-0.00087320246,0.024961334,False
9056,-0.008626848,-0.008463889,False
9055,0.04724765,-0.03522265,False
9036,0.013407171,0.05217558,False
9035,0.044966813,-0.020885814,False
9034,-0.065743074,-0.0015691072,False
9033,-0.059845984,0.03651786,False
9032,-0.009122878,-0.0063848197,False
9031,-0.21131131,-0.10158482,False
9037,-0.030895159,1.104176e-05,False
9030,-0.02821754,-0.0279347,False
9028,0.06472328,0.023762643,False
9027,-0.29020202,-0.040934622,False
9026,-0.14978683,-0.1320175,False
9025,-0.018746762,-0.018746762,False
9024,-0.40381372,-0.004757881,False
9023,-0.3799671,-0.1329484,False
9029,-0.00470827,-0.00470827,False
9021,-0.08438247,-0.005338505,False
9038,0.0,0.0,False
9040,-0.20257223,-0.068101525,False
9054,0.016821705,-0.08568276,False
9053,0.04569793,-0.01643853,False
9052,-0.04473775,-0.009296082,False
9051,-0.34200794,-0.08119786,False
9050,0.14997754,0.09455019,False
9049,-0.056471825,-0.012846321,False
9039,-0.048831854,-0.010604795,False
9048,0.2266663,0.046805024,False
9046,0.056869984,-0.03191632,False
9045,0.05158201,0.06178063,False
9044,0.002595842,-0.031893477,False
9043,-0.014337425,-0.014337425,False
9042,-0.051353097,-0.03319645,False
9041,-0.3378594,-0.10490227,False
9047,0.16015196,-0.1830647,False
8525,-0.009193854,-0.009193854,False
8950,0.042615708,0.0076333266,False
8948,-0.024656065,-0.050595902,False
8846,0.0,0.0,False
8847,-0.001995258,-0.004765896,False
8848,0.0,0.0,False
8849,-0.007395655,-0.009878725,False
8850,0.42482185,-0.044439793,False
8851,-0.42951226,-0.041741192,False
8852,-0.2718482,-0.09048456,False
8853,0.1427632,0.0347635,False
8854,0.08661713,-0.004437563,False
8855,0.0,0.0,False
8856,0.052757442,0.05046609,False
8857,0.09006129,-0.074973136,False
8858,0.019861683,0.0016904846,False
8859,-0.020053945,0.008669682,False
8860,0.045232892,-0.18244231,False
8861,-0.009870685,-0.009870685,False
8862,-0.0016261935,-0.0059795976,False
8876,-0.016162276,-0.085077226,False
8875,-0.057859093,0.034828305,False
8874,-0.13424733,-0.032280535,False
8873,0.0,0.0,False
8872,-0.12132084,0.017192543,False
8871,-0.14556086,0.037309587,False
8845,-0.0047713914,-0.0047713914,False
8870,-0.018845707,0.018152058,False
8868,-0.015221563,-0.014237135,False
8867,0.06578627,0.010667749,False
8866,0.029382037,-0.004709704,False
8865,0.0072797537,0.040091455,False
8864,0.053471684,-0.0006496161,False
8863,-0.007813692,0.0006840229,False
8869,-0.2369281,0.034919977,False
8844,0.0,0.0,False
8843,-0.27904323,-0.031933904,False
8842,0.0,0.0,False
8822,-0.0015610289,-0.0009875372,False
8821,-0.0054878797,-0.00072002783,False
8820,-0.01631969,-0.012901081,False
8819,0.17722926,0.037278876,False
8818,-0.0006682277,-0.011289477,False
8817,0.17953831,0.031862617,False
8823,-0.019632524,-0.019632524,False
8816,-0.001038488,-0.018820617,False
8814,0.025608152,0.017283574,False
8813,-0.10446918,0.0048910975,False
8812,-0.0039764643,-0.033067822,False
8811,0.0,0.0,False
8810,-0.08955988,-0.00068566203,False
8809,-0.05008754,-0.001678288,False
8815,-0.041551948,0.037858665,False
8877,0.047338653,-0.060032625,False
8824,-0.015855903,-0.02396724,False
8826,0.13221626,-0.0109508,False
8841,-0.1319111,-0.058747888,False
8840,-0.13019234,-0.022598565,False
8838,-0.005001223,-0.005001223,False
8837,-0.19178033,-0.054914355,False
8836,0.18625629,0.017426968,False
8835,0.09158918,-0.04009758,False
8825,-0.67256844,-0.099024534,False
8834,-0.033832874,-0.018850911,False
8832,-0.1523408,0.07706773,False
8831,0.007146597,-0.09062481,False
8830,0.01688923,-0.0054759304,False
8829,0.0,0.0005250309,False
8828,-0.18000066,-0.10715985,False
8827,-0.011178169,0.03697851,False
8833,0.084959425,0.04173983,False
8949,0.0,0.0,False
8878,-0.009572965,-0.008125205,False
8880,0.6875942,-0.049480915,False
8917,0.09247934,0.026736628,False
8918,-0.009219203,-0.0076399148,False
8919,0.04417038,-0.047951818,False
8920,-0.13858557,-0.013805091,False
8921,-0.046253905,0.036485404,False
8922,0.14381936,-0.04656267,False
8923,0.063956365,-0.02972114,False
8924,-0.09179677,-0.00864017,False
8925,-0.08811575,0.064462304,False
8926,-0.055898637,-0.005162783,False
8927,0.07293202,-0.02355437,False
8928,-0.09174192,0.026111424,False
8929,-0.04574901,-0.033160508,False
8930,0.22707522,0.086565256,False
8931,0.14565265,-0.027879715,False
8932,-0.011998475,-0.068056226,False
8933,-0.027744561,0.10279274,False
8947,-0.22855145,0.000854969,False
8946,-0.22436054,-0.031777084,False
8945,-0.07449973,0.033203974,False
8944,0.039487373,0.009721104,False
8943,-0.025448501,0.017910063,False
8942,0.13564351,0.08770034,False
8916,0.014701849,0.031817194,False
8941,-0.06514287,-0.018321097,False
8939,0.0,0.0,False
8938,-0.18082893,-0.07583648,False
8937,0.04498055,0.017927885,False
8936,-0.027869817,-0.027869817,False
8935,-0.0016903952,0.023352131,False
8934,-0.05129975,-0.04475844,False
8940,-0.023725417,-0.023725417,False
8915,-0.0052479254,-0.0052479254,False
8914,0.0031800866,0.0061204135,False
8913,0.09722328,-0.10538435,False
8894,-0.148606,-0.084668696,False
8893,0.0045033544,0.019761547,False
8892,-0.07649644,0.026474386,False
8891,-0.017605066,-0.12416077,False
8890,-0.12696731,-0.029506803,False
8889,0.02402646,0.0,False
8895,0.3185053,-0.21280909,False
8888,0.23806149,0.009402573,False
8886,-0.011949673,0.027742654,False
8885,-0.010615414,-0.00311983,False
8884,0.017323492,-0.014662173,False
8883,-0.0049393275,-0.001209962,False
8882,-0.19442916,-0.12064791,False
8881,-0.5205059,-0.111322165,False
8887,0.0016496442,-0.031244881,False
8879,-0.41129196,-0.10488951,False
8896,-0.03554403,-0.03554403,False
8898,0.0066056848,-0.052795917,False
8912,-0.45000374,-0.20485497,False
8911,0.63496494,0.0027850866,False
8910,-0.10753274,-0.11093974,False
8909,0.044079408,-0.031247713,False
8908,-0.11332567,0.012398571,False
8907,-0.06405496,-0.024010055,False
8897,0.04374799,0.053504616,False
8906,0.016734362,0.036632895,False
8904,-0.4965499,0.016236901,False
8903,0.0,0.0,False
8902,-0.19290799,-0.079970986,False
8901,-0.027698725,0.076087475,False
8900,0.08808295,0.036923833,False
8899,-0.08602753,-0.07271373,False
8905,-0.08447787,-0.04334472,False
8524,-0.76273715,-0.12593341,False
8523,-1.2456906,-0.30263853,False
8522,0.0,0.0,False
8134,0.0358971,-0.008793164,False
8135,0.01378418,-0.008968468,False
8136,-0.050862223,-0.008095272,False
8137,0.008174598,0.017883152,False
8138,0.18981987,0.013877392,False
8139,0.039285377,-0.10434803,False
8140,-0.0906837,-0.32431126,False
8141,-0.025238574,0.0019830167,False
8142,0.16583225,0.003401652,False
8143,-0.07409811,-0.019293666,False
8144,0.0068598567,-0.0087391725,False
8145,-0.05909635,-0.021977458,False
8146,-0.004918933,-0.004918933,False
8147,0.24270558,-0.062717915,False
8149,-0.06820655,-0.010409772,False
8150,-0.06022656,-0.094611526,False
8151,0.0,0.0,False
8166,-0.025535285,-0.07145068,False
8165,0.15587443,0.0059359074,False
8164,-0.008428931,0.012424588,False
8163,-0.014639514,-0.037406765,False
8162,-0.019020885,-0.06930566,False
8161,0.18885458,-0.060442716,False
8133,0.0,0.0,False
8160,0.018690176,0.02010832,False
8158,-0.07854165,0.005973652,False
8157,-0.03755665,-0.2316885,False
8156,-0.15168034,-0.037743866,False
8154,-0.28486973,-0.015593171,False
8153,-0.3133738,0.029234886,False
8152,0.007284716,-0.01560026,False
8159,-0.011607498,0.016856134,False
8132,0.074020624,-0.03372594,False
8131,0.06410727,-0.06988838,False
8130,-0.005510643,-0.00013167411,False
8111,0.10660525,0.039400533,False
8110,0.02589266,0.008482872,False
8109,0.0099944025,0.092003986,False
8108,0.13926435,0.022265017,False
8107,0.089869946,0.038685784,False
8106,0.014525354,-0.033319086,False
8112,-0.00074803457,-0.021388715,False
8105,0.0,0.0015835668,False
8103,-0.09295976,0.03367448,False
8102,-0.28934923,-0.028512537,False
8101,0.023890138,-0.0015495718,False
8100,-0.011252824,0.00412222,False
8099,-0.16326189,-0.008131862,False
8098,0.17927337,-0.03161609,False
8104,0.074546576,-0.02375102,False
8167,0.059495673,0.007740006,False
8113,0.17926764,0.03113304,False
8115,-0.097165346,-0.08180666,False
8129,-0.29793316,-0.11993426,False
8128,0.064864725,-0.012076855,False
8127,0.0068260524,-0.01422183,False
8126,0.040092707,-0.016299844,False
8125,0.061619263,0.00724994,False
8124,0.0,0.0,False
8114,-0.2302666,-0.11826551,False
8123,-0.030902151,0.004115302,False
8121,-0.014629722,-0.014629722,False
8120,-0.0025805458,-0.05136387,False
8119,0.22711635,0.08235896,False
8118,-0.008511305,-0.18801928,False
8117,0.007745683,0.04061982,False
8116,0.021323562,-0.06718433,False
8122,-0.008942467,-0.008942467,False
8097,-0.0039475113,0.02969525,False
8168,-0.005111791,-0.005111791,False
8170,-0.3176396,-0.078288555,False
8207,0.03671118,-0.009671489,False
8208,-0.0016179979,0.020346686,False
8209,0.012508281,-0.02768528,False
8210,-0.027764458,-0.015934426,False
8211,-0.024691857,-0.01277975,False
8212,0.023267,0.01840479,False
8213,-0.31973284,-0.13554358,False
8214,-0.0428591,-0.0025347918,False
8215,0.21362951,0.06431687,False
8216,-0.002447009,0.012099817,False
8217,0.047992855,-0.12967443,False
8218,-0.005642526,-0.029720882,False
8219,0.007597089,-0.014777817,False
8220,0.024322422,0.0,False
8221,0.13611656,-0.036577187,False
8222,0.02070238,-0.0036115283,False
8223,-0.063222304,-0.056024715,False
8237,0.1178714,-0.031211138,False
8236,-0.10039234,-0.39853287,False
8235,-0.36995268,-0.43974924,False
8234,-0.13028002,-0.040238857,False
8233,-0.023281574,-0.019999027,False
8232,-0.098380566,-0.0524292,False
8206,-0.15127815,-0.005860418,False
8231,-0.11813359,-0.044144735,False
8229,-0.015111199,-0.014569325,False
8228,-0.23787257,-0.004507154,False
8227,-0.058602214,-0.008261263,False
8226,-0.0855425,-0.027421497,False
8225,0.06461951,0.08285445,False
8224,0.024046183,0.035254985,False
8230,-0.004948866,-0.004948866,False
8205,0.014641795,-0.02675946,False
8204,-0.28187847,-0.22546744,False
8203,-0.01344483,-0.01344483,False
8184,0.0044009425,-0.0126084145,False
8183,0.012273865,-0.009828217,False
8182,-0.01457952,-0.01457952,False
8181,0.0012883171,0.031555243,False
8180,-0.0035887659,-0.00054226816,False
8179,-0.01887361,-0.01887361,False
8185,0.08098388,-0.24830794,False
8178,-0.0055518,-0.023211226,False
8176,0.13539651,-0.018319815,False
8175,-0.029082058,0.02049267,False
8174,0.43024552,-0.06729066,False
8173,-0.014176685,-0.014176685,False
8172,-0.3485688,-0.1652025,False
8171,-0.52826774,-0.037867308,False
8177,-0.117231265,-0.03717576,False
8169,-0.0054884553,-0.006767124,False
8186,-0.059856772,-0.025714874,False
8188,0.10578513,-0.0011923909,False
8202,-0.018684516,-0.018684516,False
8201,0.017067308,0.0,False
8200,0.004057059,-0.018473288,False
8199,-0.027710373,-0.0028378814,False
8198,-0.008350083,-0.008350083,False
8197,0.010637518,-0.03391553,False
8187,0.12443735,0.041456863,False
8196,0.08721441,0.019542579,False
8194,-0.008956298,-0.008956298,False
8193,0.040298987,0.022928085,False
8192,0.12369065,0.016519014,False
8191,-0.02419475,-0.02419475,False
8190,-0.06757148,-0.06757148,False
8189,-0.012849733,-0.028147921,False
8195,0.027498513,0.023103267,False
8238,-0.15267622,-0.07267439,False
8096,-0.033249773,-0.033249773,False
8094,-0.017645001,-0.041663736,False
7992,-0.0102767525,-0.0102767525,False
7993,0.1872201,-0.1574502,False
7994,-0.047860205,-0.047860205,False
7995,0.19842213,0.035164744,False
7996,-0.3199997,-0.14840889,False
7997,0.0075646844,-0.014559874,False
7998,0.04561296,0.033234328,False
7999,0.008144515,0.015496552,False
8000,0.100951865,-0.04882802,False
8001,0.011914613,-0.004025647,False
8002,0.053886592,0.0031452477,False
8003,0.068205595,-0.024639428,False
8004,-0.1900729,-0.03886524,False
8005,0.003448069,0.0056726485,False
8006,0.08062562,0.023105592,False
8007,0.039106995,-0.023560673,False
8008,-0.33935046,-0.21977544,False
8022,-0.16982257,0.048874855,False
8021,-0.014727449,-0.014727449,False
8020,-0.0372905,-0.052691773,False
8019,-0.054213405,-0.040866315,False
8018,-0.0056224912,-0.020787638,False
8017,-0.009772157,-0.009772157,False
7991,-0.215235,-0.19385004,False
8016,-0.022771148,0.00037977844,False
8014,0.018150764,-0.0048224535,False
8013,-0.025335614,-0.0104494095,False
8012,0.008935874,-0.014532268,False
8011,0.47745922,0.025122106,False
8010,0.31752765,-0.0009659529,False
8009,-0.009865522,0.028381467,False
8015,-0.3926867,0.002671361,False
7990,0.02271588,0.0,False
7989,0.011330247,0.078590274,False
7988,0.05165419,-0.005346209,False
7969,-0.024721233,-0.024721233,False
7968,0.06598991,-0.04314068,False
7967,0.078973755,0.015715078,False
7966,-0.046896055,-0.008611456,False
7965,0.1751169,0.0510453,False
7964,-0.42664456,0.064186335,False
7970,-0.22971529,0.032111526,False
7963,-0.007475674,0.020313144,False
7961,-0.014298749,-0.012859613,False
7960,-0.030358441,-0.05413973,False
7959,0.390742,0.011478841,False
7958,-0.024322063,0.00953424,False
7957,0.017453201,-0.0051122904,False
7956,-0.0051789074,-0.0051789074,False
7962,0.07645699,-0.07777364,False
8023,-0.22527617,-0.077409744,False
7971,-0.029865287,-0.025571488,False
7973,0.13923919,0.036384225,False
7987,-0.22255337,-0.035188198,False
7986,-0.1926859,0.020917952,False
7985,0.017349722,0.003387455,False
7984,0.07022905,0.079996824,False
7983,-0.0046894792,-0.0014249841,False
7982,0.06384323,-0.023431271,False
7972,-0.10530901,-0.033877492,False
7981,0.12065161,-0.026600983,False
7979,-0.03266242,-0.03350631,False
7978,0.03294026,-0.03792213,False
7977,-0.04732333,0.004988447,False
7976,-0.06192138,0.0091314465,False
7975,-0.037794806,-0.037794806,False
7974,-0.40571427,-0.023857355,False
7980,-0.033528607,-0.0497935,False
8095,-0.17342,-0.038923115,False
8024,0.0032982528,-0.02050513,False
8026,0.036126524,-0.007181287,False
8063,-0.007423471,-0.007423471,False
8064,-0.07731813,-0.013962507,False
8065,-0.10669365,0.01767049,False
8066,0.21065399,0.008368164,False
8067,-0.033329234,-0.026708633,False
8068,-0.10935494,-0.057868004,False
8069,-0.0744282,0.01323846,False
8070,-0.53318787,-0.12701231,False
8071,-0.34926498,-0.18135655,False
8072,-0.23823476,0.02048695,False
8073,-0.039300263,-0.13612938,False
8074,-0.013179183,0.028147638,False
8075,0.01224703,-0.021592606,False
8076,-0.1768201,-0.04310912,False
8077,-0.06582074,-0.027057141,False
8078,-0.15337133,-0.021894753,False
8079,0.0020846175,-0.0149247395,False
8093,0.039865736,-0.008826423,False
8092,-0.045700908,-0.12993157,False
8091,-0.04874319,0.09654406,False
8090,0.28306675,0.040037036,False
8089,-0.0018268526,-0.07320243,False
8088,0.0,0.0,False
8062,0.09779441,0.058184266,False
8087,-0.09598604,-0.08836335,False
8085,-0.010062613,-0.0013788193,False
8084,-0.01468638,-0.01468638,False
8083,-0.047232576,0.0152868405,False
8082,-0.13252062,-0.16538307,False
8081,0.005156502,-0.036421597,False
8080,-0.33196747,-0.042587638,False
8086,-0.15950078,-0.080495596,False
8061,-0.03228968,-0.03228968,False
8060,0.07180828,0.002041787,False
8059,-0.2562487,0.07436836,False
8040,0.018590307,-0.0026074797,False
8039,0.017428888,-0.0033677411,False
8038,0.13866597,-0.01214546,False
8037,0.15198016,0.042452455,False
8036,0.006581003,-0.012461765,False
8035,0.0,0.0,False
8041,-0.08623016,-0.05527374,False
8034,0.01709626,-0.0050837602,False
8032,-0.015477117,-0.021672372,False
8031,0.0,0.0,False
8030,-0.01802677,-0.13275623,False
8029,0.015022248,-0.027726859,False
8028,-0.06438199,-0.041071236,False
8027,0.010919876,-0.0056520626,False
8033,-0.40557456,-0.086957455,False
8025,0.038845778,0.022407562,False
8042,0.015000343,0.053930968,False
8044,-0.27653998,-0.095320106,False
8058,-0.26276657,0.057625175,False
8057,-0.0187497,-0.0187497,False
8056,-0.18431944,-0.0020514727,False
8055,-0.007296985,-0.02901262,False
8054,0.00805447,-0.0032285769,False
8053,-0.5862186,-0.3364749,False
8043,0.0,0.0,False
8052,0.20773885,-0.06392628,False
8050,0.0731208,0.026317269,False
8049,-0.0012249053,0.0076472834,False
8048,-0.11713137,-0.32388905,False
8047,0.08361006,0.0482049,False
8046,-0.0215998,0.006316453,False
8045,-0.073945366,0.06833929,False
8051,-0.017357249,-0.017357249,False
7954,0.19884956,-0.06437355,False
8239,-0.35312796,-0.20159435,False
8241,-0.016922504,-0.005014308,False
8420,-0.10228683,0.04504943,False
8421,0.10036662,0.046338886,False
8422,-0.036385268,0.00072785467,False
8423,0.011339162,0.004311681,False
8424,-0.009997718,-0.009997718,False
8425,-0.32834673,-0.1643207,False
8426,0.002288077,-0.01504552,False
8427,-0.5637752,0.061743617,False
8428,0.00854576,-0.016851114,False
8429,0.016248666,-0.0044077365,False
8430,-0.7876897,-0.02542305,False
8431,-0.37369978,-0.006508827,False
8432,-0.13205934,-0.10438031,False
8433,-0.19283366,0.0028311014,False
8434,0.05948408,0.001100421,False
8435,0.016767055,-0.036966473,False
8436,-0.73773885,-0.19020796,False
8450,-0.063601345,-0.13015169,False
8449,0.0,0.0,False
8448,0.011069811,-0.009384763,False
8447,0.0,0.0,False
8446,-0.015141591,-0.059916396,False
8445,0.0,0.0,False
8419,-0.06533939,0.022366405,False
8444,-0.004471599,-0.0038548592,False
8442,-0.22639596,-0.025984406,False
8441,-0.18077183,-0.05000949,False
8440,0.036515623,-0.004595356,False
8439,0.0,0.0,False
8438,0.0,0.0,False
8437,-0.7373214,-0.24509048,False
8443,-0.10296804,-0.0103420615,False
8418,0.28030357,0.030817777,False
8417,0.018486556,-0.046370815,False
8416,-0.03289943,-0.03289943,False
8397,-0.02328417,-0.02328417,False
8396,0.0038772821,-0.005586803,False
8395,0.0,0.0,False
8394,-0.06610045,-0.035532672,False
8393,0.01594026,0.0,False
8392,-0.12506613,0.0045225024,False
8398,-0.22783127,-0.032629788,False
8391,0.55907404,-0.002708435,False
8389,-0.05173751,0.0009231642,False
8388,-0.04093098,-0.06319821,False
8387,0.003804054,-0.03500687,False
8386,0.021420717,-0.097260535,False
8385,-0.022577688,-0.005374819,False
8384,-0.51767707,0.13675094,False
8390,-0.055738807,-0.11252701,False
8451,-0.02948788,-0.02948788,False
8399,-0.100081906,-0.013671324,False
8401,-0.033215575,-0.031848863,False
8415,-0.6746409,-0.19524479,False
8414,-0.01012684,-0.033400863,False
8413,-0.004025647,-0.004025647,False
8412,-0.88394403,-0.26399374,False
8411,-0.004910103,-0.004910103,False
8410,-0.114694595,-0.16337967,False
8400,-0.14896277,-0.02769193,False
8409,0.1216135,-0.15523672,False
8407,-0.004718219,-0.004718219,False
8406,0.0,0.0,False
8405,0.05635953,-0.016558826,False
8404,0.09766358,-0.010153264,False
8403,0.14672202,-0.006850779,False
8402,0.07245861,0.0057685226,False
8408,-0.042863816,-0.062364224,False
8383,0.0075362325,0.0009702444,False
8452,-0.3519945,0.048155665,False
8454,-0.009120032,-0.009120032,False
8491,-0.23120081,-0.09059101,False
8492,-0.1366539,-0.00023388863,False
8493,-1.1921766,-0.15081692,False
8494,-0.10209739,0.024618953,False
8495,-0.027530879,-0.058061033,False
8496,-0.0047233966,-0.0035896413,False
8497,-0.15969801,-0.09795058,False
8498,0.034262627,-0.052824326,False
8499,-0.9156277,-0.14621282,False
8500,-0.021745868,0.0024425164,False
8501,0.051345248,-0.009797864,False
8502,-0.1339947,0.00012850761,False
8503,-0.19846559,0.067557216,False
8504,-0.036561694,0.013597753,False
8505,0.050255284,-0.028873384,False
8506,-0.029351685,0.011535123,False
8507,-0.33091164,-0.11316824,False
8521,-0.52826667,-0.051660776,False
8520,-0.15743399,0.014892936,False
8519,-0.47539783,-0.2588761,False
8518,-0.07299209,-0.28344452,False
8517,-0.1377877,-0.0420388,False
8516,-0.23051429,-0.12704217,False
8490,-0.21775723,-0.08009535,False
8515,-0.9006921,-0.05287218,False
8513,-0.29371488,-0.04599881,False
8512,-0.92110837,-0.27471018,False
8511,-0.37945923,-0.026485682,False
8510,-0.1141212,-0.05932522,False
8509,-0.010931402,-0.011466801,False
8508,-0.102796316,0.001237601,False
8514,-1.1578777,-0.2750988,False
8489,-0.42363226,-0.12951458,False
8488,0.018880023,0.009687236,False
8487,-0.27878094,0.0661034,False
8468,-0.06944151,-0.021827132,False
8467,0.15522832,0.08630389,False
8466,-0.175856,-0.06396806,False
8465,0.0010083914,-0.18182611,False
8464,-0.060887463,-0.005326122,False
8463,-0.09406762,-0.023473144,False
8469,-0.20602381,-0.071379304,False
8462,0.0034364872,0.004875349,False
8460,-0.008403413,-0.008403413,False
8459,0.048789605,-0.006288588,False
8458,-0.008950547,-0.001383889,False
8457,-0.029205173,0.028702728,False
8456,-0.41268802,-0.12451863,False
8455,0.076634526,-0.00998193,False
8461,-0.038146377,0.02243656,False
8453,0.12764218,-0.003178507,False
8470,-0.02027155,-0.018431263,False
8472,-0.03823951,0.019701824,False
8486,-0.04920631,0.026361302,False
8485,0.75718737,-0.2163887,False
8484,-0.06008196,-0.075763255,False
8483,-0.0048385393,-0.0048385393,False
8482,-0.00734964,-0.008155793,False
8481,-0.014349149,-0.00872985,False
8471,0.09026265,-0.09732345,False
8480,-0.0043089986,0.010354757,False
8478,-0.04288119,-0.01411593,False
8477,0.04028827,-0.06302881,False
8476,0.0,0.0,False
8475,-0.009432451,-0.008455091,False
8474,-0.1936208,0.0329262,False
8473,0.087203264,0.027336717,False
8479,-0.056248933,0.005443305,False
8240,-0.20306778,-0.2101574,False
8382,-0.022050995,-0.016845688,False
8380,-0.13625309,-0.05176118,False
8278,0.020096272,0.03473071,False
8279,-0.019485723,-0.019485723,False
8280,0.004916262,-0.032810453,False
8281,-0.02456966,-0.09196222,False
8282,-0.0047720764,-0.0047720764,False
8283,-0.0014261845,-0.02335353,False
8284,0.33854127,0.136855,False
8285,0.0,0.0,False
8286,-0.0043655983,0.0017061783,False
8287,0.028463304,-0.002711283,False
8288,0.025473084,-0.014212628,False
8289,-0.035574317,-0.05786711,False
8290,-0.10711874,0.033928663,False
8291,-0.49851573,-0.0695861,False
8292,-0.7181449,-0.3008132,False
8293,0.0072352896,-0.0145961,False
8294,-0.011561368,-0.034799166,False
8308,-0.0050458326,-0.0050458326,False
8307,-0.0035024756,-0.0035024756,False
8306,-0.07020354,-0.013228357,False
8305,0.043934643,0.014879137,False
8304,-0.054054126,-0.07202,False
8303,-0.1026507,-0.02677077,False
8277,0.06451705,-0.051856756,False
8302,-0.21450281,-0.121230185,False
8300,-0.037577525,0.029691607,False
8299,-0.018953525,-0.010665018,False
8298,-0.19668388,-0.26164246,False
8297,-0.033185016,-0.033185016,False
8296,-0.018344864,-0.018344864,False
8295,-0.6932602,-0.2150979,False
8301,0.0040460527,0.045993358,False
8276,0.013787568,-0.009452416,False
8275,0.021212138,-0.0045988807,False
8274,0.0124204885,-0.008235913,False
8255,-0.030755594,0.0030351654,False
8254,-0.08896756,-0.020662487,False
8253,-0.02670651,-0.0067539103,False
8252,-0.08092268,-0.07827093,False
8251,-0.5439737,-0.12404132,False
8250,-0.28182888,-0.056471825,False
8256,-0.004872557,-0.004872557,False
8249,-0.9844067,-0.37206125,False
8247,-0.30511093,-0.24036312,False
8246,-0.19670963,-0.24429607,False
8245,-0.09034819,-0.0070766658,False
8244,-0.46638155,-0.22144127,False
8243,-0.5992632,-0.32531667,False
8242,-0.6053028,-0.37974834,False
8248,-0.5802994,-0.2640574,False
8309,0.0062748753,-0.034740105,False
8257,-0.060513593,-0.030891046,False
8259,0.0,0.0,False
8273,0.03308456,-0.0144239105,False
8272,-0.0051155444,-0.0051155444,False
8271,0.17053556,-0.13874531,False
8270,0.0063266456,0.015501559,False
8269,-0.18355161,-0.04106164,False
8268,-0.11512482,-0.0033114552,False
8258,0.085560486,0.038721528,False
8267,-0.122380614,0.045673937,False
8265,-0.06908033,-0.01961951,False
8264,0.03534597,0.018844426,False
8263,0.0,0.0,False
8262,-0.0044010878,-0.027648509,False
8261,-0.08620375,-0.013691664,False
8260,0.13634732,0.07692167,False
8266,-0.048986435,0.0060810447,False
8381,0.0,0.0,False
8310,0.20544505,-0.10925269,False
8312,0.040972512,0.011437297,False
8349,-0.0054696,0.003989979,False
8350,-0.013939723,-0.032420024,False
8351,0.0,0.0,False
8352,-0.013434297,-0.0121699935,False
8353,-0.023921326,-0.020895295,False
8354,0.014160909,0.061384298,False
8355,-0.013938616,-0.01280879,False
8356,-0.041584622,-0.06346528,False
8357,0.018438522,-0.0049393275,False
8358,-0.022701208,-0.041997842,False
8359,0.05603218,-0.022840738,False
8360,0.27516007,-0.03211844,False
8361,0.008536299,-0.0074039614,False
8362,0.013470113,-0.054068148,False
8363,0.027765924,-0.0034016916,False
8364,-0.25459594,0.018966913,False
8365,-0.021398187,-0.04327476,False
8379,-0.03400597,-0.021318644,False
8378,0.044116266,0.028956823,False
8377,0.2875673,-0.094429225,False
8376,-0.0051122904,-0.0051122904,False
8375,-0.0049595614,-0.0026997072,False
8374,-0.005004987,-0.0042104637,False
8348,-0.092803806,-0.015451729,False
8373,0.01963767,-0.018912908,False
8371,0.0,0.0,False
8370,0.033585202,0.0008947328,False
8369,-0.089865714,-0.0052099526,False
8368,-0.20887136,0.0023050308,False
8367,0.102068186,-0.07439381,False
8366,-0.21560735,-0.15030193,False
8372,-0.168971,-0.042818308,False
8347,-0.14588428,-0.053354144,False
8346,0.16086748,-0.06945637,False
8345,0.03765142,-0.021117821,False
8326,-0.093797445,-0.13090706,False
8325,-0.14783263,-0.11676335,False
8324,-0.023341687,-0.023341687,False
8323,-0.33181357,-0.11623716,False
8322,-0.3486386,0.01852262,False
8321,-0.0010830387,-0.07006626,False
8327,-0.5124383,-0.009157658,False
8320,0.0,0.0,False
8318,-0.36632347,-0.22305131,False
8317,-0.12351084,-0.1838131,False
8316,0.011964462,-0.009761768,False
8315,-0.1991269,-0.09077805,False
8314,0.010723369,-0.008095283,False
8313,0.02111724,0.0012700488,False
8319,0.07343507,-0.018246902,False
8311,-0.00017213821,-0.09504175,False
8328,0.0230093,-0.04498148,False
8330,0.12559605,-0.05358243,False
8344,0.042530313,0.01694633,False
8343,-0.034673534,-0.011594221,False
8342,0.22145393,0.0054953694,False
8341,-0.030988775,-0.019006819,False
8340,0.04513353,0.03912407,False
8339,-0.14720345,-0.017564178,False
8329,-0.18142796,-0.028339148,False
8338,-0.5179002,-0.3080051,False
8336,-0.60872364,-0.23151207,False
8335,-0.0045929668,-0.0045929668,False
8334,-0.21161866,0.13783407,False
8333,-0.09941535,-0.005488381,False
8332,-0.3431977,-0.028283238,False
8331,-0.36473942,-0.11549425,False
8337,0.0,0.0,False
6814,0.046920583,-0.0002516508,False
6827,0.12145426,0.029923232,False
6812,0.08117397,-0.0136669725,False
5309,-0.13358453,-0.015664876,False
5310,-0.018461406,-0.32470205,False
5311,0.008734931,-0.014287789,False
5312,0.0,0.0,False
5313,0.0,5.5841425e-05,False
5314,0.050693035,-0.10249494,False
5315,-0.36868167,0.054726124,False
5316,0.33614564,-0.18336153,False
5317,-0.056396317,0.008147653,False
5318,0.0,0.0012456486,False
5319,-0.027912717,-0.022320123,False
5320,-0.019815901,0.012799861,False
5321,-0.013271904,-0.03261753,False
5322,-0.0047386168,-0.004249802,False
5323,0.06386676,-0.010696843,False
5324,-0.20439667,-0.06568855,False
5325,0.05553014,-0.02542533,False
5339,0.087986946,-0.023702621,False
5338,0.016616464,-0.027009904,False
5337,-0.10937008,-0.02862586,False
5336,0.76285017,-0.003202796,False
5335,0.023988549,0.017245147,False
5334,-0.0043838597,-0.0043838597,False
5308,0.0,0.0,False
5333,-0.012180582,-0.002739381,False
5331,-0.30146134,-0.14432716,False
5330,-0.04220825,-0.04220825,False
5329,0.06916767,0.057437897,False
5328,0.035562262,0.051172495,False
5327,0.009565682,-0.011465756,False
5326,-0.7667284,-0.065339565,False
5332,-0.16794515,0.034504175,False
5307,0.0,0.007559608,False
5306,-0.012258412,-0.010953328,False
5305,0.07611549,0.008483179,False
5286,-0.22499269,-0.03261739,False
5285,-0.3774647,-0.100857615,False
5284,-0.00021643937,0.0224979,False
5283,0.0,0.0,False
5282,0.021686256,0.22003764,False
5281,-0.039641555,-0.003971506,False
5287,0.09867132,-0.04978645,False
5280,0.08545339,0.0035889149,False
5278,-0.0048641684,-0.0048641684,False
5277,-0.052675962,0.03602165,False
5276,0.14165497,0.045315742,False
5275,0.016273122,0.013665486,False
5274,-0.07021847,-0.004658103,False
5273,-0.014082943,-0.014082943,False
5279,0.055461712,0.013715111,False
5340,-0.11840429,-0.14311273,False
5288,-0.054480374,0.025436401,False
5290,-0.0051708734,-0.0051708734,False
5304,0.042499688,-0.0019276142,False
5303,0.02673006,-0.06575173,False
5302,-0.00048685446,0.014199913,False
5301,0.042148307,0.012419576,False
5300,-0.013540685,-0.029545873,False
5299,0.035627738,0.009739571,False
5289,0.06797847,0.033144265,False
5298,0.11723009,-0.003336668,False
5296,0.019808814,0.01476093,False
5295,-0.029138051,0.003681779,False
5294,-0.1394751,0.030386448,False
5293,0.0065035764,-0.017810334,False
5292,0.12439239,-0.19483232,False
5291,-0.16266868,-0.07716039,False
5297,-0.1554682,-0.016527086,False
5272,-0.02600573,-0.014621943,False
5341,0.049033344,0.021492451,False
5343,0.039158545,0.007067926,False
5381,-0.0032373075,-0.0025915669,False
5382,0.13940573,0.083871126,False
5383,0.31877136,-0.014547467,False
5384,-0.025578102,-0.04148206,False
5385,-0.06581524,-0.027196735,False
5386,-0.02205503,-0.0074949265,False
5387,-0.014006908,-0.014006908,False
5388,0.0353717,0.0610267,False
5389,-0.09813285,-0.07669926,False
5390,-0.23904836,-0.06752753,False
5391,-0.014166176,-0.01982595,False
5392,0.16973534,-0.42829445,False
5393,-0.009519579,-0.009519579,False
5394,-0.01813376,-0.0026129484,False
5395,0.021373965,-0.018390179,False
5396,0.048215568,0.0553059,False
5397,0.018115278,-0.0034862934,False
5411,-0.06289163,-0.032677144,False
5410,-0.18863666,-0.062198877,False
5409,0.06940463,0.010839343,False
5408,-0.16535866,0.029433489,False
5407,-0.09839022,-0.03254059,False
5406,-0.13193169,-0.062463135,False
5380,0.044249184,-0.019192107,False
5405,-0.11352825,-0.10471594,False
5403,0.045744516,-0.0032500327,False
5402,-0.04770245,-0.027704425,False
5401,0.35086095,-0.52652985,False
5400,-0.34051037,-0.0900445,False
5399,0.033950444,-0.009461517,False
5398,-0.16808426,-0.03538187,False
5404,-0.025298268,-0.039462358,False
5379,-0.044119954,-0.0066241026,False
5378,0.07527304,0.018389165,False
5377,0.17660904,-0.1545074,False
5358,0.022099495,-0.011043549,False
5357,0.011692405,0.03730446,False
5356,-0.0019172654,0.017024439,False
5355,0.06373137,0.02356404,False
5354,-0.059272587,-0.03760916,False
5353,0.03181812,0.020660043,False
5359,-0.58988285,-0.16162133,False
5352,-0.3234082,-0.03099835,False
5350,-0.046688825,0.020889223,False
5349,-0.042773843,0.038704842,False
5348,-0.013985395,-0.12344408,False
5346,0.022593975,-0.057514817,False
5345,-0.07104732,0.004040405,False
5344,-0.09896636,0.070274174,False
5351,-0.025154173,0.032233596,False
5342,-0.009372595,-0.009372595,False
5360,-0.16266829,0.13382393,False
5362,0.0,0.0,False
5376,-0.0033709407,-0.019897096,False
5375,-0.03483224,0.014098883,False
5374,0.00087124854,0.021356773,False
5373,-0.32113838,-0.0504573,False
5372,-0.24895209,0.06515896,False
5371,-0.00378165,-0.00378165,False
5361,-0.63018423,-0.2584554,False
5370,-0.019199729,-0.09623152,False
5368,-0.17727575,0.013145059,False
5367,-0.10953674,-0.026820451,False
5366,-0.044384338,-0.008536011,False
5365,-0.079367444,0.02641666,False
5364,-0.016730594,-0.011535478,False
5363,0.0,0.0,False
5369,-0.044819593,0.030176148,False
5412,0.10603452,0.022669673,False
5271,-0.20717596,0.025800705,False
5269,-0.25326014,-0.007966876,False
5167,0.0039578862,0.0068700463,False
5168,-0.020680228,-0.037570335,False
5169,-0.21516728,-0.07207328,False
5170,0.14371538,-0.12509549,False
5171,0.20479426,-0.094447434,False
5172,0.034130365,-0.053248458,False
5173,0.0,0.0,False
5174,-0.020385219,0.003515426,False
5175,-0.043112934,-0.06128475,False
5176,-0.016561992,-0.022164762,False
5177,0.024781149,-0.0016348697,False
5178,0.040816933,-0.0016219616,False
5179,-0.3216635,-0.13917518,False
5180,-0.73611236,-0.3649025,False
5181,-0.3642521,-0.1283555,False
5182,-0.21870846,-0.06472635,False
5183,-0.010634199,-0.018906131,False
5197,0.0023924354,0.008473316,False
5196,0.022601876,0.0,False
5195,-0.23301339,-0.16602564,False
5194,0.015039265,0.027367413,False
5193,0.19367635,-0.05149901,False
5192,0.19144076,0.1242578,False
5166,-0.13496935,-0.014747381,False
5191,-0.20062834,-0.07601684,False
5189,0.0060794353,-0.039384604,False
5188,-0.0031601787,-0.033531517,False
5187,-0.24646735,0.075877786,False
5186,-0.051828027,-0.014476895,False
5185,0.06252823,0.04198686,False
5184,-0.03803307,-0.08291972,False
5190,-0.14277473,-0.0057660937,False
5165,-0.0020379424,0.00776726,False
5164,0.007690355,-0.01652193,False
5163,-0.39951658,-0.005115509,False
5144,-0.09626642,-0.0002053976,False
5143,0.08816525,0.02278471,False
5142,0.026812606,-0.008252232,False
5141,-0.0038799345,0.08404566,False
5140,-0.017993994,-0.006913238,False
5139,-0.009315696,-0.009315696,False
5145,-0.015740898,-0.015740898,False
5138,-0.09367891,0.00961794,False
5136,0.024353772,-0.054637343,False
5135,-0.15817642,-0.13965678,False
5134,-0.053963713,-0.07606082,False
5133,-0.032105558,-0.054072883,False
5132,0.12103085,-0.014729157,False
5131,-0.01433858,-0.01433858,False
5137,-0.1522671,-0.054496914,False
5198,-0.10417876,-0.03974525,False
5146,0.01915956,-0.05523326,False
5148,-0.35559687,-0.04019183,False
5162,-0.00814111,-0.0044661025,False
5161,-0.1390711,0.09835029,False
5160,-0.10080012,-0.04080896,False
5159,-0.009434645,-0.009434645,False
5158,0.0,0.0,False
5157,-0.31390178,0.10240674,False
5147,-0.14411682,-0.061471403,False
5156,0.02809216,-0.013510328,False
5154,-0.039772846,-0.039772846,False
5153,-0.0032947345,-0.0032947345,False
5152,0.047840104,-0.005286187,False
5151,-0.057044327,-0.078338504,False
5150,-0.025835395,0.045817256,False
5149,-0.018674405,-0.018674405,False
5155,0.0,0.0,False
5270,-0.32303846,0.008464932,False
5199,0.033398807,-0.047765225,False
5201,-0.034129374,0.0046142004,False
5238,0.030139022,-0.023558434,False
5239,-0.0036089122,0.013467342,False
5240,-0.06350583,-0.06531018,False
5241,-0.0047054025,-0.004460221,False
5242,0.034138985,-0.023840204,False
5243,0.18931983,0.00023391843,False
5244,0.108751595,0.09566848,False
5245,-0.026938692,0.0004337933,False
5246,-0.103034556,0.0075535476,False
5247,0.008111604,-0.024132354,False
5248,-0.19489163,-0.054938912,False
5249,-0.13073206,0.050910473,False
5250,0.034991518,0.054069877,False
5251,-0.07701731,-0.13067937,False
5252,0.12589246,-0.12052411,False
5253,0.2364459,-0.15897548,False
5254,-0.4468031,-0.103443384,False
5268,0.043601036,-0.08265829,False
5267,-0.17120028,-0.1353004,False
5266,0.10238795,-0.0094516575,False
5265,-0.055197995,0.0051757023,False
5264,0.002059698,-0.026065767,False
5263,-0.33543277,-0.013916731,False
5237,0.011821105,-0.009439582,False
5262,0.051493555,-0.0010815263,False
5260,-0.11220707,0.008540362,False
5259,0.050613753,-0.10503601,False
5258,-0.08064437,-0.16523194,False
5257,-0.019664977,-0.019664977,False
5256,-0.21456528,-0.10994288,False
5255,0.22756489,0.039368287,False
5261,-0.0002794154,0.008872617,False
5236,-0.054751635,-0.054804564,False
5235,-0.009418638,-0.009418638,False
5234,0.013680888,-0.029093226,False
5215,-0.85220003,-0.18707883,False
5214,0.2871002,-0.009196222,False
5213,0.064362705,0.0126437545,False
5212,-0.08377081,-0.053412616,False
5211,-0.016309679,-0.031330347,False
5210,0.037108496,-0.08038715,False
5216,-0.1879679,-0.055893898,False
5209,-0.01821075,-0.0043195076,False
5207,-0.069835365,-0.0025789812,False
5206,-0.026180374,-0.026180374,False
5205,-0.079925835,-0.06305376,False
5204,0.020215392,-0.006500542,False
5203,0.025475591,0.0220806,False
5202,-0.31730327,-0.045211673,False
5208,-0.054368988,0.005336866,False
5200,-0.11376342,-0.029696882,False
5217,-0.28746134,-0.108440876,False
5219,-0.0134830475,-0.028762817,False
5233,-0.01484314,-0.01484314,False
5232,0.0,0.0,False
5231,-0.23103929,-0.07625663,False
5230,1.0107752,-0.12441313,False
5229,0.020399645,0.018545508,False
5228,-0.0178323,-0.014475835,False
5218,0.02548045,-0.019889325,False
5227,-0.011146516,0.025722325,False
5225,0.016576203,-0.0016501953,False
5224,0.0,0.0,False
5223,-0.126724,-0.11692566,False
5222,0.031523973,-0.07169595,False
5221,-0.38088846,0.043105364,False
5220,0.012133389,-0.009227558,False
5226,-0.5157478,-0.23333693,False
5413,0.08688426,-0.041582346,False
5414,-0.17153618,-0.050124764,False
5415,0.063758194,-0.012458235,False
5595,-0.0048289993,-0.0048289993,False
5596,0.0,0.0,False
5597,-0.0030790456,-0.065564685,False
5598,0.0,0.0,False
5599,0.029375516,-0.004886143,False
5600,-0.01461532,-0.05437185,False
5601,-0.03352847,-0.02719605,False
5602,-0.120853364,-0.066122815,False
5603,-0.04768725,-0.023904696,False
5604,0.0013147779,-0.021433013,False
5605,-0.11339903,0.023749828,False
5606,-0.17525,-0.039235055,False
5607,0.21908832,0.22413611,False
5608,-0.00963372,0.05310306,False
5609,0.123665735,0.08732061,False
5610,-0.01029487,0.0011460036,False
5611,0.05837087,0.0019832647,False
5625,-0.06369877,-0.026511908,False
5624,-0.02365455,-0.114572085,False
5623,-0.011345683,-0.031986628,False
5622,-0.08884227,0.04673195,False
5621,-0.06410161,0.019128561,False
5620,-0.013842754,-0.013842754,False
5594,0.04864722,-0.03733621,False
5619,-0.26828352,-0.10113543,False
5617,-0.03987047,-0.051570684,False
5616,-0.028972179,-0.002558589,False
5615,0.36696935,-0.031066537,False
5614,0.13497484,-0.11857951,False
5613,0.068792164,0.00013279915,False
5612,-0.07101858,-0.018281639,False
5618,-0.27476233,-0.10777658,False
5593,0.0167365,-0.005191641,False
5592,0.012586943,-0.009943404,False
5591,-0.007902236,-0.007902236,False
5572,0.09680201,0.04539147,False
5571,0.056144282,0.030217856,False
5570,-0.013079211,0.0084505975,False
5569,0.0,0.0,False
5568,0.030262582,0.023153841,False
5567,-0.008722652,-0.0048188837,False
5573,-0.0049171196,-0.0049171196,False
5566,-0.36049148,-0.030372977,False
5564,-0.0013319589,-0.02095887,False
5563,0.2575649,0.011185169,False
5562,-0.05030197,-0.015731,False
5561,0.0,0.0,False
5560,0.0009441264,-0.046021577,False
5559,0.1509379,-0.03411299,False
5565,-0.37041128,-0.12257922,False
5626,-0.0051033394,-0.004339963,False
5574,-0.03164673,-0.05994329,False
5576,-0.28774428,-0.06937438,False
5590,-0.06123984,0.012791507,False
5589,-0.021171823,-0.037145212,False
5588,-0.06577206,-0.31370667,False
5587,0.04426253,0.0,False
5586,0.12710562,0.013782635,False
5585,-0.013808643,-0.01876776,False
5575,-0.2413578,-0.033982158,False
5584,0.073773876,0.06521335,False
5582,-0.004547674,-0.004547674,False
5581,-0.004789372,-0.004789372,False
5580,0.10298186,0.010889508,False
5579,0.0019475818,0.021723807,False
5578,-0.25442916,-0.06348342,False
5577,-0.0868257,-0.020169735,False
5583,-0.14144823,-0.040210634,False
5558,0.015157931,0.026202273,False
5627,-0.043684185,0.013412237,False
5629,0.16915476,-0.017016709,False
5666,0.3948033,0.057555407,False
5667,0.1352199,-0.007898718,False
5668,-0.60972095,-0.15771794,False
5669,-0.09904456,-0.074035406,False
5670,0.0,0.0,False
5671,0.036140323,0.013800383,False
5672,-0.06473863,-0.015658021,False
5673,0.0085579455,-0.03691399,False
5674,-0.07386902,0.022411913,False
5675,0.19639343,-0.01846379,False
5676,0.34065747,-0.030731082,False
5677,-0.33285725,-0.109623075,False
5678,-0.0052456856,-0.057050943,False
5679,-0.006029859,-0.02899386,False
5680,-0.29479337,-0.07857609,False
5681,-0.01597106,-0.036425635,False
5682,0.09869829,0.07605314,False
5696,-0.019590568,-0.019590568,False
5695,-0.106625825,0.0007119477,False
5694,-0.044329166,-0.10402417,False
5693,-0.0056291223,0.050081983,False
5692,0.077355534,0.0833936,False
5691,0.023096085,-0.025858402,False
5665,0.008278731,-0.010751486,False
5690,0.06562002,-0.008805976,False
6813,-0.3948377,-0.15491462,False
5687,-0.09450123,0.06829399,False
5686,-0.005172182,-0.009233685,False
5685,-0.102505624,0.0038186908,False
5684,-0.018165585,-0.0010529533,False
5683,0.24009225,0.0040879697,False
5689,0.010770239,-0.019888714,False
5664,0.08549183,-0.032309197,False
5663,0.033783805,-0.02530507,False
5662,-0.019259844,-0.019259844,False
5643,0.07778794,-9.840354e-05,False
5642,-0.0045168516,-0.0045168516,False
5641,-0.028046966,-0.099050105,False
5640,-0.104159474,-0.12424624,False
5639,0.06337467,0.009443581,False
5638,0.16381216,0.012316287,False
5644,-0.02920007,-0.014708012,False
5637,0.022614772,-0.009611895,False
5635,-0.032269597,-0.022429835,False
5634,0.0580886,-0.02515614,False
5633,-0.027551886,0.016311366,False
5632,-0.016094506,0.050854087,False
5631,-0.025399024,-0.025399024,False
5630,-0.05241126,-0.018174231,False
5636,-0.012975991,-0.041920096,False
5628,-0.020659983,0.007974684,False
5645,0.0,0.0,False
5647,0.028958201,-0.074554026,False
5661,-0.04694261,-0.03919501,False
5660,-0.036604982,-0.0006692,False
5659,0.13122377,0.027086169,False
5658,0.03323841,-0.052429914,False
5657,0.09545916,-0.020209908,False
5656,0.009805858,0.004584372,False
5646,0.06460127,0.025537103,False
5655,-0.0049748793,-0.0047343886,False
5653,-0.02071622,-0.017462686,False
5652,-0.010171648,-0.05610012,False
5651,0.01816082,0.008486047,False
5650,0.0005662758,-0.023091007,False
5649,-0.057962656,-0.005195424,False
5648,-0.0026355013,-0.042203855,False
5654,0.14588103,0.038654655,False
5557,-0.13991252,0.02793035,False
5556,-0.010170817,0.019070797,False
5555,-0.027549855,-0.00068181753,False
5452,0.060228836,-0.04033846,False
5453,-0.09302616,0.012303203,False
5454,0.0,0.00082028843,False
5455,-0.004815955,-0.004815955,False
5456,0.0,0.0,False
5457,0.025518999,-0.08079454,False
5458,-0.111540616,-0.009321332,False
5459,0.034304604,-0.16740672,False
5460,0.0,0.0,False
5461,0.0,0.0,False
5462,0.02142878,0.0014677041,False
5463,-0.009316157,-0.009316157,False
5464,0.0072358707,-0.009831437,False
5465,0.008417726,-0.008585824,False
5466,-0.006785333,-0.018369155,False
5467,0.08326602,-0.4918012,False
5468,0.010863848,-0.034964655,False
5482,-0.2412954,-0.051144958,False
5481,-0.30561012,-0.1685766,False
5480,-0.12430072,-0.014352322,False
5479,-0.33353615,-0.15101194,False
5478,-0.101151586,-0.06752902,False
5477,-0.1543448,-0.1511603,False
5451,-0.009789182,-0.009789182,False
5476,-0.22624552,-0.04825294,False
5474,-0.11829215,0.025409758,False
5473,-0.19502264,-0.104054034,False
5472,-0.013134631,-0.013134631,False
5471,0.0,0.0016726987,False
5470,0.0861979,0.030871436,False
5469,-0.01731313,-0.039209995,False
5475,-0.12010825,-0.023119807,False
5450,0.016348645,-0.005080136,False
5449,-0.25158888,-0.14228809,False
5448,-0.10724129,-0.0019512475,False
5429,0.3284513,-0.3278117,False
5428,-0.01305067,-0.01305067,False
5427,-0.037102066,-0.025875317,False
5426,-0.024823833,0.0046149455,False
5425,0.007192388,-0.037910264,False
5424,-0.008850157,0.017511964,False
5430,-0.5019648,-0.20204508,False
5423,-0.004967613,-0.004967613,False
5421,-0.023616787,-0.023616787,False
5420,0.04259391,-0.0005098507,False
5419,-0.08070731,-0.105277896,False
5418,0.2867658,0.109891415,False
5417,-0.21481627,-0.009313405,False
5416,0.08374885,0.037400693,False
5422,-0.30736163,-0.07149798,False
5483,0.06047225,-0.012713194,False
5431,-0.04070274,-0.06358772,False
5433,-0.16601604,0.08936739,False
5447,0.037960842,0.021318547,False
5446,0.05880353,0.009000331,False
5445,0.0779258,-0.07074362,False
5444,-0.025532186,0.015118271,False
5443,0.003175646,0.00936389,False
5442,-0.10762,-0.08415258,False
5432,0.41895354,-0.052504063,False
5441,0.005493656,-0.03682892,False
5439,0.816996,-0.072416544,False
5438,-0.04998532,-0.04719028,False
5437,0.07308293,0.039912097,False
5436,-0.34710288,0.00968194,False
5435,0.12448043,-0.008164287,False
5434,-0.34253561,-0.05269158,False
5440,0.048236445,-0.18220855,False
5484,-0.092537805,-0.053773805,False
5485,-0.09131557,0.0149737,False
5486,-0.39578217,-0.17379832,False
5536,-0.847172,-0.16043282,False
5535,-0.44893277,0.0956409,False
5534,0.28295946,-0.08777332,False
5533,-0.004277131,-0.004277131,False
5532,-0.57401097,-0.0386796,False
5531,-0.04865229,0.01652205,False
5537,-0.3755417,-0.02387476,False
5530,0.022313029,-0.011542171,False
5528,-0.025458008,0.06126532,False
5527,-0.08863601,-0.016226858,False
5526,-0.16426778,-0.13865638,False
5525,0.2042703,-0.070766926,False
5524,-0.028371006,0.016833812,False
5523,-0.078778505,-0.007908747,False
5529,-0.75792766,-0.26405096,False
5522,-0.7191503,-0.1484096,False
5538,0.0,0.0,False
5540,0.0,0.0,False
5554,-0.10963179,-0.030489542,False
5553,-0.022868376,-0.022868376,False
5552,-0.013483043,-0.013483043,False
5551,0.0,0.0,False
5550,-0.038514495,-0.10058404,False
5549,-0.28327322,-0.033797264,False
5539,-0.13538218,-0.0841136,False
5548,0.037794434,-0.018236563,False
5546,-0.008788906,-0.032603983,False
5545,-0.5444226,-0.2549126,False
5544,-0.35221362,-0.13425899,False
5543,-0.46102166,-0.016994953,False
5542,-0.0045843073,-0.0045843073,False
5541,-1.0711913,-0.17972422,False
5547,0.024121284,-0.022779942,False
5130,-0.23750734,-0.18041515,False
5521,-0.009872481,0.052499726,False
5519,0.022670276,-0.020069465,False
5500,-0.14499,-0.08843452,False
5499,-0.2335378,-0.05743268,False
5498,-0.12943435,-0.051414013,False
5497,-0.055274487,-0.18164098,False
5496,-0.12109029,-0.020804167,False
5495,-0.14149737,0.07029307,False
5501,0.42976832,0.18443036,False
5494,-0.009250879,0.045027494,False
5492,-0.0024476647,0.008470178,False
5491,-0.058760554,0.00029095262,False
5490,-0.11125438,0.0011169612,False
5489,-0.24342299,-0.09607792,False
5488,-0.047875524,-0.013283253,False
5487,-0.14549375,-0.042916536,False
5493,-0.08625901,0.0025897622,False
5520,0.0,0.0,False
5502,-0.58542,-0.080103755,False
5504,0.19567484,-0.02644977,False
5518,0.006429281,0.011037841,False
5517,0.27528548,0.014493525,False
5516,-0.03142619,-0.051430583,False
5515,-0.6175008,-0.021869183,False
5514,-0.022336572,-0.038734823,False
5513,0.060854897,-0.003963962,False
5503,-0.03482172,-0.017012674,False
5512,0.10719007,-0.06926265,False
5510,-0.008829728,0.02106528,False
5509,-0.19427344,-0.014694065,False
5508,-0.08542943,-0.02420342,False
5507,-0.03431362,0.00630828,False
5506,-0.100721985,0.0032007694,False
5505,-0.1320051,0.055675566,False
5511,-0.016094923,-0.019436091,False
5697,0.00518361,-0.014599641,False
5129,0.09798671,-0.03698677,False
5127,0.11729972,0.045886025,False
4737,-0.1258067,-0.08050938,False
4738,-0.043566607,-0.026945077,False
4739,0.30493474,-0.080075145,False
4740,0.11913702,0.028160527,False
4741,-0.13904354,-0.019261718,False
4742,-0.07667744,0.026458144,False
4743,-0.29156876,-0.13147855,False
4744,-0.11750583,-0.06714003,False
4745,0.06228459,0.03141278,False
4746,-0.15255716,-0.040754706,False
4747,-0.048106074,-0.072613835,False
4748,-0.15761995,-0.027243018,False
4749,-0.072215736,-0.07736087,False
4750,-0.008827321,-0.03200221,False
4751,-0.0133469915,-0.008054083,False
4752,0.043527722,0.048089862,False
4753,0.0,0.0,False
4767,-0.14744017,-0.09059885,False
4766,-0.0041237175,-0.0047126636,False
4765,-0.04163252,-0.08725774,False
4764,-0.5594361,-0.031723022,False
4763,0.05530536,0.007918477,False
4762,0.11716223,-0.015282512,False
4736,0.064103365,0.008042753,False
4761,0.022605626,0.0,False
4759,0.007646844,0.030282363,False
4758,0.0,0.0,False
4757,-0.39248037,-0.19241858,False
4756,-0.07497625,-0.042300887,False
4755,-0.030966662,-0.015581094,False
4754,-0.119849205,0.024690151,False
4760,0.013804942,-0.00805453,False
4735,-0.004814517,-0.004814517,False
4734,-0.07715219,0.0012722015,False
4733,0.0498699,0.0011934228,False
4714,-0.11189407,-0.084201306,False
4713,0.022840902,-0.00064930134,False
4712,0.021969337,0.0,False
4711,-0.004245021,-0.004245021,False
4710,-0.07613298,0.083569884,False
4709,0.04006221,-0.029171808,False
4715,0.083006784,-0.022772519,False
4708,0.011677164,0.0033839447,False
4706,0.0,0.0002062232,False
4705,0.002765637,0.019153718,False
4704,-0.0086560715,-0.0086560715,False
4703,0.020946678,-0.006236259,False
4702,0.0029828455,0.008033402,False
4701,-0.034510143,-0.014911279,False
4707,0.00045742653,-0.001413187,False
4768,-0.08356801,-0.052787125,False
4716,-0.08653432,0.0027935803,False
4718,0.010630993,-0.007985789,False
4732,-0.14655009,-0.027902097,False
4731,-0.028015783,-0.028015783,False
4730,0.032848448,-0.009581906,False
4729,0.25859115,-0.014182001,False
4728,0.01863353,0.023647768,False
4727,0.025835276,0.0007119775,False
4717,-0.02338258,-0.02338258,False
4726,0.0,0.0,False
4724,-0.022889921,-0.022889921,False
4723,-0.48779058,-0.21587157,False
4722,-0.10539675,0.011103123,False
4721,-0.23064506,-0.023263693,False
4720,0.016608374,0.03247632,False
4719,0.0,0.00040227204,False
4725,-0.024042796,-0.024042796,False
4700,-0.11070502,0.01486662,False
4769,-0.22696894,-0.0487051,False
4771,-0.026646852,-0.019521713,False
4808,0.3196342,-0.14828801,False
4809,-0.017423892,-0.017423892,False
4810,-0.029801847,-0.009196147,False
4811,-0.04230993,-0.04230993,False
4812,0.14992607,0.029950976,False
4813,-0.36297667,-0.1603362,False
4814,0.050812423,0.012184501,False
4815,0.21751833,-0.061876297,False
4816,0.0,0.00077598187,False
4817,-0.03246289,-0.012692802,False
4818,0.0,0.0015997059,False
4819,0.048389733,-0.033382833,False
4820,0.056228876,0.10956621,False
4821,0.24907523,0.0074262023,False
4822,0.05209749,-0.03418817,False
4823,0.09395665,0.005126655,False
4824,-0.19938123,-0.0049526095,False
4838,-0.038457435,-0.038457435,False
4837,-0.014813085,0.02925964,False
4836,-0.01014783,-0.006976732,False
4835,0.0,0.0,False
4834,0.022120234,-0.01759807,False
4833,0.0,0.0,False
4807,0.32841676,0.026396453,False
4832,-0.020623347,-0.020623347,False
4830,0.03653416,0.0061167777,False
4829,0.14664105,0.044395387,False
4828,-0.05407528,0.012523994,False
4827,-0.17723387,0.06979072,False
4826,0.00782923,0.03947101,False
4825,-0.2223475,-0.019477546,False
4831,-0.04097622,-0.05110175,False
4806,0.014097797,-0.0075675,False
4805,-0.26678464,0.0418005,False
4804,-0.103736,-0.0141422,False
4785,0.0153649,0.028772458,False
4784,-0.00403199,-0.0017454133,False
4783,0.1221326,-0.04035081,False
4782,-0.019840766,-0.019840766,False
4781,0.023771327,0.0005183803,False
4780,0.022115795,0.027556268,False
4786,0.0,0.0005252613,False
4779,-0.008030146,-0.024312474,False
4777,-0.0037316314,-0.0037316314,False
4776,-0.05509919,-0.07291871,False
4775,0.06530604,-0.022375716,False
4774,0.19417408,-0.0019993484,False
4773,0.056371957,0.056218028,False
4772,0.082440734,0.08643961,False
4778,-0.10908922,-0.002265215,False
4770,0.15350488,0.050558567,False
4787,0.0,0.00024901904,False
4789,-0.06682842,0.026863173,False
4803,0.14004493,0.03996837,False
4802,0.0,0.0,False
4801,0.008968541,0.004271055,False
4800,-0.07200676,-0.08224386,False
4799,-0.027653929,0.01726114,False
4798,-0.024255082,-0.0709878,False
4788,-0.22303766,0.013110995,False
4797,-0.0048927,-0.0048927,False
4795,0.020639487,-0.036258366,False
4794,-0.0045843073,-0.0045843073,False
4793,0.025331616,0.094272405,False
4792,-0.061270326,-0.00010642409,False
4791,-0.00018827617,0.036234498,False
4790,-0.03592895,-0.0071843006,False
4796,-0.051819444,-0.18455172,False
4839,1.1506023,-0.51420164,False
4699,-0.0021759272,-0.03446099,False
4697,-0.0073878765,-0.17799151,False
4595,0.027086377,-0.050611615,False
4596,-0.06580448,-0.06016338,False
4597,-0.066301286,-0.04025404,False
4598,-0.063014045,-0.017391637,False
4599,0.042749822,0.05795701,False
4600,-0.004687762,-0.004687762,False
4601,-0.09278354,-0.015374303,False
4602,0.01936362,-0.07078927,False
4603,-0.12934434,-0.0032083392,False
4604,-0.07895112,-0.14066452,False
4605,-0.010514788,-0.03347879,False
4606,-0.2018409,-0.030358493,False
4607,-0.24718052,-0.063824356,False
4608,0.090165555,-0.081534296,False
4609,-0.039066374,-0.038175076,False
4610,-0.28283632,0.06802189,False
4611,-0.056955785,-0.088463455,False
4625,-0.65090823,-0.14907551,False
4624,0.012920437,-0.005567194,False
4623,-0.057183422,0.0020820647,False
4622,-0.05555266,-0.03570378,False
4621,-0.23274922,-0.18059099,False
4620,0.033123612,0.02389884,False
4594,0.012169754,0.011681017,False
4619,-0.010554686,0.010819048,False
4617,-0.96939087,-0.16895938,False
4616,-0.23161861,-0.037572324,False
4615,-0.055172116,0.039369613,False
4614,0.0,0.0,False
4613,-0.3658991,-0.0019985437,False
4612,0.017381933,-0.0032744692,False
4618,0.0,0.0,False
4593,-0.19489712,-0.19086808,False
4592,0.15943217,0.008043766,False
4591,-0.08281152,-0.0017221719,False
4572,-0.08489972,0.017999507,False
4571,-0.045543432,0.014201403,False
4570,0.12540363,0.025220439,False
4569,-0.025218278,-0.058896273,False
4568,0.07000357,0.0866341,False
4567,-0.36768854,-0.013020873,False
4573,-0.116363496,-0.036823124,False
4566,-0.009641356,-0.009641356,False
4564,-0.20261717,-0.047168374,False
4563,0.15317543,0.0069634467,False
4562,-0.008249221,-0.008249221,False
4561,-0.040189266,-0.13518459,False
4560,-0.04082594,-0.019123428,False
4559,-0.26069593,-0.048755527,False
4565,-0.55314505,0.01342988,False
4626,-0.029062789,0.0043751337,False
4574,0.037614956,-0.02922037,False
4576,0.002439499,0.007961929,False
4590,0.010928333,-0.008263588,False
4589,0.0,0.0,False
4588,-0.52263105,-0.08154106,False
4587,0.028262662,-0.00985253,False
4586,-0.059333324,-0.0043602884,False
4585,-0.31458402,-0.028998375,False
4575,0.0,0.0,False
4584,-0.16567707,-0.08852446,False
4582,0.005148232,-0.035887588,False
4581,0.034610145,0.0027658045,False
4580,0.1555505,0.015011087,False
4579,-0.28237963,-0.054102898,False
4578,0.022308044,0.0,False
4577,0.16885328,0.01909244,False
4583,-0.39699078,-0.019111633,False
4698,0.006974995,-0.10427963,False
4627,-0.000988163,0.006020993,False
4629,-0.073482394,-0.016057312,False
4666,-0.03721422,0.03905499,False
4667,0.19483298,0.04872769,False
4668,-0.06172344,-0.030982481,False
4669,0.0047884583,-0.012882441,False
4670,0.02646707,-0.025823891,False
4671,0.08995347,0.038272485,False
4672,0.0,0.0,False
4673,0.037382256,-0.00832717,False
4674,-0.07279998,-0.036257744,False
4675,-0.019875184,0.008735001,False
4676,0.012843457,-0.009513748,False
4677,0.034847707,-0.06265429,False
4678,-0.052361522,-0.01760707,False
4679,0.013837367,0.06688103,False
4680,-0.28330445,-0.08464074,False
4681,-0.009438052,-0.009438052,False
4682,-0.051733673,-0.021282077,False
4696,-0.030104753,-0.030104753,False
4695,-0.025760384,-0.014814872,False
4694,0.0013360977,-0.08197367,False
4693,-0.004961039,-0.004961039,False
4692,0.07116988,-0.023838729,False
4691,-0.02169305,-0.0736168,False
4665,-0.023705184,-0.019005485,False
4690,-0.08012104,-0.018400282,False
4688,-0.08200458,-0.06792101,False
4687,-0.020102335,-0.010090446,False
4686,-0.010257557,-0.022941992,False
4685,-0.6882862,-0.20842814,False
4684,-0.059297442,-0.10618994,False
4683,0.009562612,-0.072178364,False
4689,-0.20798993,-0.12316483,False
4664,-0.20019841,-0.118456125,False
4663,0.039753616,0.012528241,False
4662,-0.0046968544,-0.0046968544,False
4643,0.093367636,0.046369106,False
4642,-0.16858777,-0.020826757,False
4641,-0.027452499,-0.027065456,False
4640,0.012643561,-0.003422618,False
4639,0.019952342,-0.0039994186,False
4638,0.021084175,-0.021306746,False
4644,-0.09514946,-0.069576085,False
4637,0.0287733,-0.013877794,False
4635,0.0,0.0,False
4634,-0.07830772,-0.025406368,False
4633,-0.020721205,0.028505303,False
4632,-0.010088396,-0.006525445,False
4631,0.007837023,-0.014090323,False
4630,-0.0048343074,-0.0048343074,False
4636,-0.023084356,-0.023084356,False
4628,-0.07317248,0.0065297633,False
4645,-0.11875796,-0.018422425,False
4647,-0.09001766,-0.055049054,False
4661,-0.0141168125,-0.05799536,False
4660,-0.5888784,-0.41004586,False
4659,0.0,0.0,False
4658,-0.41743672,0.037097752,False
4657,-0.028049512,-0.05080216,False
4656,0.14348263,0.10758209,False
4646,-0.05400151,0.025919437,False
4655,-0.018293591,-0.0045815753,False
4653,0.08060771,0.051290274,False
4652,0.1882478,-0.07980275,False
4651,-0.066194594,-0.028523088,False
4650,-0.025700703,-0.021167904,False
4649,0.0191423,-0.0043227673,False
4648,-0.4194728,-0.15562344,False
4654,0.05731699,0.0064313114,False
4840,-0.004741758,-0.004741758,False
4841,-0.053363528,-0.01346717,False
4842,-0.2346673,-0.059203148,False
5025,-0.09136063,-0.0035754442,False
5026,0.0898965,-0.04293558,False
5027,0.02695297,-0.018174138,False
5028,-0.00480292,-0.00480292,False
5029,-0.022559445,-0.015964912,False
5030,0.115983486,-0.3024149,False
5031,0.0074993633,0.012057209,False
5032,-0.019840727,-0.019840727,False
5033,0.0,0.0,False
5034,0.021180317,0.045505993,False
5035,0.016096734,-0.0034437105,False
5036,-0.0047307294,-0.003921099,False
5037,0.119534135,0.02087617,False
5038,-0.012202253,-0.012202253,False
5039,-1.1215756,-0.32807922,False
5040,-0.10228884,-0.05911547,False
5041,-0.013742836,-0.026247416,False
5055,-0.015571713,0.09683657,False
5054,0.13631392,-0.005107045,False
5053,-0.01429122,-0.01429122,False
5052,0.049560487,-0.00977212,False
5051,0.01688563,-0.005175149,False
5050,-0.11394656,0.10098827,False
5024,-0.028212368,-0.029278055,False
5049,-0.004784322,-0.004784322,False
5047,0.017753154,-0.004508894,False
5046,-0.0047958563,-0.0040728315,False
5045,0.0,0.0,False
5044,-0.018716423,-0.018716423,False
5043,-0.063188404,-0.021790966,False
5042,0.04773462,-0.1483754,False
5048,-0.019648995,-0.02866086,False
5023,0.009871719,-0.010629914,False
5022,-0.1762904,-0.2537315,False
5021,-0.22117269,-0.047798812,False
5002,-0.008494787,0.00025957823,False
5001,-0.23348555,-0.050590605,False
5000,-0.014727319,-0.014727319,False
4999,0.10931978,0.044534475,False
4998,0.010299489,-0.03419037,False
4997,-0.17675209,0.1457429,False
5003,0.0,0.0,False
4996,0.2346878,-0.07537198,False
4994,0.024200737,-0.039102793,False
4993,-0.004128486,0.032749027,False
4992,0.09326397,-0.0052345693,False
4991,0.012645194,0.0043398794,False
4990,0.044841766,0.056970835,False
4989,0.13094062,0.013978884,False
4995,0.21819484,0.019753456,False
5056,-0.29217005,-0.10857189,False
5004,0.014069614,-0.009100973,False
5006,-0.2213695,-0.121635616,False
5020,0.13381894,0.008519687,False
5019,-0.032149576,-0.032149576,False
5018,0.0,0.0,False
5017,-0.046726666,0.016632393,False
5016,0.06654313,-0.020780355,False
5015,0.042553127,-0.08459884,False
5005,-0.3775103,-0.031342864,False
5014,0.025843993,-0.02597136,False
5012,-0.06572592,-0.06199321,False
5011,0.030814886,0.025471374,False
5010,0.05583328,-0.057736486,False
5009,-0.0618155,0.022392005,False
5008,-0.034943923,0.004813269,False
5007,0.026160449,-0.029971063,False
5013,0.0016290247,0.009298414,False
4988,0.015485104,-0.0497359,False
5057,0.0010749213,-0.04343988,False
5059,0.0,0.00064039836,False
5096,-0.050097797,-0.036994785,False
5097,0.032405503,-0.014442675,False
5098,-0.01383698,-0.06890988,False
5099,0.030720502,-0.072981894,False
5100,0.05348602,0.0029813945,False
5101,-0.038254768,0.026951969,False
5102,-0.049286246,0.0017515421,False
5103,0.0,0.0,False
5104,-0.004782067,-0.004782067,False
5105,-0.06827365,-0.006248094,False
5106,-0.018157095,0.017061234,False
5107,0.020458788,-0.011537686,False
5108,0.058349192,0.03507191,False
5109,0.01470536,0.04746765,False
5110,0.0,0.00032619215,False
5111,-0.091198206,-0.082650065,False
5112,-0.042687953,-0.05034688,False
5126,-0.16171843,-0.08161339,False
5125,0.019030076,-0.010556325,False
5124,-0.0042310026,-0.0042310026,False
5123,-0.08125892,-0.00030317903,False
5122,0.13106734,0.07555762,False
5121,0.0058383495,0.032124653,False
5095,0.32020295,0.023430958,False
5120,-0.013323676,0.0064556636,False
5118,0.024159282,-0.10536644,False
5117,-0.047174335,-0.01673901,False
5116,0.04819779,-0.028434336,False
5115,-0.15060842,0.013738275,False
5114,0.0,0.0024553563,False
5113,-0.20281714,-0.06443679,False
5119,-0.011480011,0.004372932,False
5094,0.030337095,0.034688443,False
5093,0.0011939369,-0.061485846,False
5092,-1.3619661e-05,-0.0040438175,False
5073,0.0017842054,-0.07557392,False
5072,-0.043663576,-0.060566545,False
5071,-0.0061026365,-0.008607462,False
5070,-0.018364072,0.031214029,False
5069,0.0,0.0,False
5068,0.18432221,0.059621334,False
5074,-0.0011462811,-0.010965479,False
5067,-0.019374643,-0.019374643,False
5065,-0.005438239,-0.005438239,False
5064,-0.020314507,-0.1137287,False
5063,0.035192642,-0.010014094,False
5062,0.022105403,0.0,False
5061,-0.28481936,-0.12361288,False
5060,0.05740273,0.05920005,False
5066,-0.0012188181,-0.02381227,False
5058,0.027308688,-0.004207384,False
5075,-0.04497929,-0.018019468,False
5077,-0.0048224535,-0.0048224535,False
5091,-0.25368148,-0.11877489,False
5090,-0.07953097,-0.010916531,False
5089,-0.09004686,-0.031668738,False
5088,0.025775712,0.005097728,False
5087,0.111028284,0.0057153255,False
5086,0.022116952,0.0130787045,False
5076,-0.008187175,0.018731266,False
5085,-0.044404596,0.034488052,False
5083,-0.036621254,-0.036621254,False
5082,0.022974271,0.01026275,False
5081,-0.13960338,-0.031802565,False
5080,-0.019474193,-0.044241756,False
5079,0.14065857,0.024376795,False
5078,0.047676504,0.007996291,False
5084,0.011596877,-0.04343101,False
4987,-0.0036848104,-0.0036848104,False
4986,0.0,0.0008390132,False
4985,0.018616783,0.0,False
4880,-0.026357297,-0.0026647598,False
4881,0.35354733,-0.077429295,False
4882,0.0066805445,-0.011494233,False
4883,0.04749511,-0.07678821,False
4884,-0.0036918141,-0.0036918141,False
4885,0.19106519,-0.017225206,False
4886,0.12769005,-0.01915598,False
4887,-0.071202695,-0.057305,False
4888,0.02732794,-0.018168185,False
4889,-0.029583879,-0.015492279,False
4890,-0.11260873,0.08150053,False
4891,-0.4355983,-0.1120888,False
4893,-0.0046280283,-0.00422607,False
4894,0.0,0.0014896302,False
4895,0.0,0.00031530348,False
4896,0.029468095,-0.013743447,False
4897,-0.06201086,0.013483267,False
4911,0.0,0.0,False
4910,0.56631804,0.058525085,False
4909,-0.010606181,-0.017524216,False
4908,-0.39357018,-0.2466402,False
4907,0.036497176,-0.0029707216,False
4906,0.031524867,-0.08253865,False
4879,-0.5992292,-0.021934628,False
4905,0.12260786,0.050298676,False
4903,0.15017888,-0.022205815,False
4902,-0.21289337,-0.021782875,False
4901,0.2744131,-0.18228817,False
4900,0.009253573,-0.022248644,False
4899,0.05117057,-0.004985016,False
4898,0.16069603,0.020003766,False
4904,-0.03191358,-0.08511075,False
4878,-0.004707792,-0.0035091788,False
4877,-0.03214714,-0.023316331,False
4876,-0.15171242,0.035958707,False
4856,-0.62722254,-0.1585691,False
4855,-0.08961058,-0.19049478,False
4854,0.08644665,0.06717614,False
4853,-0.029334668,-0.0128091425,False
4852,0.016858354,-0.008127305,False
4851,-0.020168543,-0.19344807,False
4857,0.05097006,-0.039946068,False
4850,-0.5183675,0.026331902,False
4848,-0.59148526,-0.2711799,False
4847,-0.3076129,-0.17773199,False
4846,-0.3914318,-0.18960881,False
4845,-0.06121975,-0.00961107,False
4844,-0.32903937,-0.016506791,False
4843,-0.0437876,-0.018191367,False
4849,-0.00466254,-0.00466254,False
4912,0.24669826,-0.08877373,False
4858,-0.011610329,-0.072387695,False
4860,0.0,0.002396976,False
4875,-0.015153244,-0.12131782,False
4874,-0.004584724,-0.0033126455,False
4873,-0.16088754,0.06901097,False
4872,-0.17529947,0.03108424,False
4871,-0.0047310563,-0.004355573,False
4870,-0.03799183,-0.03799183,False
4859,-0.0053661764,-0.079224825,False
4869,-0.5492507,-0.27275026,False
4866,0.0,0.0,False
4865,-0.02302139,0.0025174674,False
4864,-0.01837806,-0.009244455,False
4863,-0.06268166,0.0037625432,False
4862,-0.012939207,0.0076890998,False
4861,-0.0049472,-0.003045695,False
4867,-0.28272462,-0.06896138,False
4913,-0.004654169,-0.15291643,False
4914,-0.40389395,-0.10202408,False
4915,0.0008264668,0.0005863793,False
4966,-0.009288502,-0.008501692,False
4965,0.017765969,0.0015545487,False
4964,0.04369392,-0.0052919565,False
4963,0.0045496896,0.023580242,False
4962,0.038719952,-0.016999215,False
4961,-0.14157343,-0.045171738,False
4967,0.036815107,0.036404848,False
4960,-0.019775182,-0.035715442,False
4958,-0.15125453,-0.015922666,False
4957,-0.033246934,0.05126065,False
4956,-0.060591638,-0.1092993,False
4955,-0.5145308,-0.11791456,False
4954,0.105629474,0.029915959,False
4953,-0.06885727,-0.022198558,False
4959,-0.07450712,-0.012845188,False
4952,-0.1892651,-0.040662766,False
4968,0.0,0.00048480445,False
4970,-0.04514087,-0.012917802,False
4984,0.0,0.0010807572,False
4983,-0.024181273,0.00066126697,False
4982,-0.27048695,-0.050137997,False
4981,0.021432161,-0.021627434,False
4980,-0.012839067,-0.010050926,False
4979,0.057351798,-0.01700519,False
4969,-0.004753763,-0.0047406345,False
4978,0.019217927,-0.004478243,False
4976,-0.0706898,-0.050337315,False
4975,-0.024433274,0.012866668,False
4974,-0.007257517,-0.0046641696,False
4973,-0.25916493,-0.0071924925,False
4972,-0.105795145,0.024545431,False
4971,-0.03280258,-0.06966257,False
4977,0.0,0.0,False
5128,0.092335105,-0.099071115,False
4951,-0.022089489,-0.045361307,False
4949,0.00043153763,0.02692771,False
4930,0.24502563,-0.3111143,False
4929,0.16271687,-0.2638688,False
4928,-0.21797466,-0.22367477,False
4926,-0.13385656,-0.02586314,False
4925,-0.0077611804,0.012656381,False
4924,-0.606396,0.014720559,False
4931,-0.074093536,-0.059104417,False
4923,-0.008767936,-0.0055954456,False
4921,0.044840008,-0.006799385,False
4920,0.1449858,-0.03590882,False
4919,-0.09094021,-0.029653937,False
4918,1.1264255,-0.15959466,False
4917,-0.38860083,-0.09575701,False
4916,0.13234615,-0.17358303,False
4922,0.26598978,0.08119273,False
4950,-0.017321572,0.019292518,False
4932,0.51795936,-0.17344236,False
4934,-0.23418319,-0.01192987,False
4948,0.025429867,0.015629895,False
4947,-0.010004982,0.0059967935,False
4946,-0.009430839,-0.005903608,False
4945,0.11418254,0.03252498,False
4944,-0.0203496,-0.08912905,False
4943,-0.07478464,-0.004746437,False
4933,-0.32182664,-0.08626711,False
4942,0.18162787,0.029233783,False
4940,0.95608413,0.018071562,False
4939,-0.00466254,-0.00466254,False
4938,0.02960907,-0.040129773,False
4937,-0.043021116,-0.06090144,False
4936,-0.06269592,-0.055722177,False
4935,-0.34816206,-0.06774747,False
4941,0.0,0.0006826251,False
5698,-0.00978405,-0.00978405,False
5688,-0.00517837,-0.00437003,False
5700,0.0030535534,-0.001487609,False
6425,0.0,0.0,False
6426,-0.009678155,-0.009678155,False
6427,0.0,0.0,False
6428,0.0,0.0,False
6429,0.052193925,0.05166571,False
6430,0.002602268,-0.037346616,False
6431,0.03751474,-0.008088218,False
6432,0.36492532,-0.042179883,False
6433,-0.09664515,-0.02252376,False
6434,0.013167858,0.0068100393,False
6435,-0.35930824,-0.20983791,False
6436,0.0034479387,-0.013561418,False
6437,0.0,0.0,False
6438,0.049886227,0.040801823,False
6439,-0.16220766,0.059167027,False
6440,-0.30706614,-0.16917408,False
6441,0.062291145,-0.023676872,False
6455,-0.06412262,0.031965256,False
6454,-0.026936337,-0.007080866,False
6453,0.017017193,-0.0050043217,False
6452,0.037709795,0.00068075024,False
6451,0.10700798,-0.059859753,False
6450,-0.15676051,-0.07936692,False
6424,-0.032963343,-0.052950434,False
6449,-0.006359348,-0.028085578,False
6447,-0.016516114,-0.00023187697,False
6446,0.01472662,-0.0072407057,False
6445,-0.1395655,-0.029859543,False
6444,-0.0038370788,0.09685288,False
6443,0.0026832856,-0.042446177,False
6442,0.022794861,-0.021671593,False
6448,-0.08587456,-0.12783957,False
6456,0.021870323,0.011773579,False
6423,0.00038356334,-0.018783811,False
6421,-0.13058037,-0.0065066516,False
6390,-0.013683277,0.013504663,False
6391,-0.0044386256,-0.0044386256,False
6392,0.095553875,-0.04355198,False
6393,-0.07450384,-1.04486,False
6394,0.016820297,0.008226305,False
6395,-0.08303768,0.042525277,False
6396,-0.18965892,-0.13005313,False
6397,0.023588283,0.0034964234,False
6398,-1.1581435,-0.25906873,False
6399,0.23934126,0.08142567,False
6400,-0.039098557,-0.030753817,False
6401,-0.015780449,-0.07692671,False
6402,-0.008570966,-0.008570966,False
6403,0.07240677,-0.92169863,False
6404,0.01857257,-0.004990244,False
6405,-0.055795223,-0.015237793,False
6406,0.0032953918,0.017875269,False
6420,-0.0046977997,0.009230545,False
6419,-0.15139288,-0.06588352,False
6418,0.07383382,-0.010428846,False
6417,-0.34154904,-0.09121394,False
6416,0.0270212,0.004783079,False
6415,-0.04925871,0.012678131,False
6422,-0.06739262,-0.028407156,False
6414,-0.2552091,-0.047771215,False
6412,-0.2189943,-0.034712344,False
6411,-0.02597639,0.003700167,False
6410,-0.085721016,-0.058997363,False
6409,-0.20756853,-0.03414762,False
6408,-0.14052242,-0.07031596,False
6407,0.015829563,-0.04279256,False
6413,-0.2265712,-0.19498134,False
6457,-0.008541172,-0.008541172,False
6458,0.4574747,-0.34589434,False
6459,0.018618867,-0.027234077,False
6496,0.08402552,-0.026763901,False
6497,-0.06725526,-0.10373518,False
6498,-0.0051150434,-0.0050258483,False
6499,-0.016995968,-0.015915776,False
6500,0.4052174,-0.040710926,False
6501,-0.05347833,-0.0851748,False
6502,-0.011945069,-0.038213164,False
6503,-0.27778697,-0.09106612,False
6504,-0.012102425,-0.08386865,False
6505,-0.12359226,-0.0762236,False
6506,0.08173345,0.08419441,False
6507,-0.0370059,-0.020918846,False
6508,-0.068839416,0.0025978386,False
6509,-0.47916245,-0.14748168,False
6510,0.009966644,-0.008650138,False
6511,-0.022569418,-0.053688765,False
6512,-0.5218077,-0.15978694,False
6526,-0.79623604,0.021910667,False
6525,-0.29934388,-0.037504315,False
6524,-0.13269544,-0.009758472,False
6523,0.024401546,-0.016977668,False
6522,0.21339414,0.052384406,False
6521,-0.0748907,-0.010697693,False
6495,0.10139418,0.052417636,False
6520,-0.10252601,-0.07033363,False
6518,0.15823275,0.014395148,False
6517,0.09560451,0.0076419413,False
6516,-0.20659852,-0.16506243,False
6515,0.29036355,0.01069808,False
6514,-0.24324691,0.04598868,False
6513,-0.01250745,0.03552393,False
6519,0.090813756,0.0006287694,False
6494,-0.114462435,-0.030287325,False
6493,-0.07302813,-0.020036086,False
6492,-0.058690455,-0.10091408,False
6473,0.0,0.0,False
6472,-0.073540345,-0.3131186,False
6471,-0.013732113,-0.013732113,False
6470,0.02226723,0.0,False
6469,0.015810847,-0.014415652,False
6468,-0.0057462174,-0.028984016,False
6474,0.0,0.0,False
6467,0.14516659,0.009169042,False
6465,-0.10319865,0.005717337,False
6464,0.024410143,0.0068639666,False
6463,0.0,0.0,False
6462,0.013063832,-0.0065670474,False
6461,-0.093042865,-0.0014049411,False
6460,-0.12751462,-0.024406374,False
6466,0.12090373,0.0060795546,False
6389,0.10054329,-0.04318887,False
6475,-0.3264979,0.020441055,False
6477,0.0,0.0,False
6491,0.004424203,0.02243596,False
6490,-0.06573497,0.0015413687,False
6489,-0.042600065,-0.042600065,False
6488,-0.0396537,-0.033397563,False
6487,0.017386,0.046287026,False
6486,-0.26737022,-0.028092086,False
6476,-0.013047457,-0.03959766,False
6485,-0.009205225,-0.009205225,False
6483,-0.12664774,0.0012179911,False
6482,-0.09188312,-0.028570712,False
6481,-0.01878824,-0.01878824,False
6480,0.0,0.0,False
6479,-0.012735903,-0.029620096,False
6478,-0.03409149,-0.05784545,False
6484,0.0,0.0,False
6388,-0.0149968285,-0.0149968285,False
6387,-0.022115909,-0.00938502,False
6386,-0.12520021,-0.018311977,False
6284,-0.020277519,-0.020277519,False
6285,0.030761339,0.008467473,False
6286,0.01739692,0.036559872,False
6287,-0.15489185,-0.024711728,False
6288,0.028234124,0.11916751,False
6289,0.0,0.0,False
6290,-0.16931155,-0.05939561,False
6291,0.0,0.0,False
6292,0.11141944,-0.027710915,False
6293,0.0,0.0,False
6294,-0.042924494,0.004952967,False
6295,0.12742615,-0.055188417,False
6296,-0.3639891,-0.09823704,False
6297,-0.01390636,-0.01390636,False
6298,-0.055609025,-0.03240237,False
6299,-0.026688099,-0.05740851,False
6300,-0.017579496,-0.041897416,False
6314,-0.024361612,-0.042978395,False
6313,-0.06411594,0.07303476,False
6312,-0.023605559,-0.021772375,False
6311,-0.016737908,-0.093801305,False
6310,-0.04900524,-0.024379805,False
6309,-0.010070634,-0.010070634,False
6283,-0.009503207,-0.009503207,False
6308,0.0009694174,-0.02278578,False
6306,-0.005037535,-0.028550992,False
6305,-0.019187814,-0.019187814,False
6304,-0.0149849355,-0.03408748,False
6303,0.01601785,-0.0036250507,False
6302,0.0,0.0,False
6301,0.04631436,-0.114709884,False
6307,0.09140265,0.017861724,False
6282,0.043703206,-0.02608943,False
6281,-0.030001324,-0.05226337,False
6280,-0.004047248,-0.004047248,False
6261,0.23218796,-0.034357518,False
6260,-0.042534437,0.03501599,False
6259,0.024683923,-0.034744292,False
6258,-0.09026726,0.021818206,False
5699,0.11060208,0.058905065,False
6256,-0.091828346,-0.041242152,False
6262,0.1938219,0.050039053,False
6255,0.03271901,0.001521904,False
6253,0.052952223,0.016466908,False
6252,0.05407422,-0.08070541,False
6251,0.0,0.0018218331,False
6250,-0.0050395867,-0.0050395867,False
6249,-0.080043554,-0.033439368,False
6248,0.0064393133,-0.036385573,False
6254,-0.02935435,-0.006216582,False
6315,-0.07484262,-0.091524005,False
6263,-0.0068835635,-0.027539965,False
6265,-8.223951e-05,-0.023387909,False
6279,0.0,0.0,False
6278,-0.038116198,-0.038116198,False
6277,-0.01590532,0.005683124,False
6276,-0.06500077,0.013812482,False
6275,-0.0587734,0.0126725435,False
6274,-0.018772649,-0.008985044,False
6264,0.02136012,-0.02252697,False
6273,-0.18042715,-0.029491946,False
6271,-0.0290671,-0.019919634,False
6270,-0.2604996,0.010421574,False
6269,-0.057254583,-0.03998342,False
6268,-0.0024657696,0.0028136373,False
6267,-0.14659178,0.002808392,False
6266,-0.08427006,-0.058178484,False
6272,-0.053105235,-0.06095183,False
6527,-0.068924904,-0.09104946,False
6316,-0.16039792,-0.029744416,False
6318,0.0,0.0040955744,False
6355,0.037409265,-0.0048053227,False
6356,0.02274779,0.0,False
6357,-0.11841893,-0.05525875,False
6358,-0.024296712,-0.023776153,False
6359,-0.01887801,-0.01887801,False
6360,0.076976195,-0.007873427,False
6361,0.0003016889,0.0036275983,False
6362,0.1183444,-0.05845426,False
6363,-0.028709501,0.0010494441,False
6364,0.032507837,0.004630685,False
6365,-0.07701731,-0.048336267,False
6366,-0.22695136,0.025168657,False
6367,-0.0053577055,-0.0053577055,False
6368,0.07083678,0.041561842,False
6369,0.021456957,0.013577938,False
6370,0.03435447,0.03187751,False
6371,0.013009712,0.00448443,False
6385,0.0,0.0,False
6384,0.01247178,0.01860514,False
6383,0.0,0.0009645989,False
6382,-0.056577682,-0.047076732,False
6381,0.012395299,-0.00972342,False
6380,0.42465448,0.0182935,False
6354,-0.042098653,0.03074836,False
6379,-0.03761392,-0.014132008,False
6377,0.0015978813,-0.095971644,False
6376,-0.7013552,-0.17189336,False
6375,0.017685307,0.0,False
6374,-0.43851995,-0.13461447,False
6373,-0.30804214,-0.0546152,False
6372,-0.7668686,-0.033785343,False
6378,-0.11356801,-0.028236806,False
6353,-0.13171548,-0.09182133,False
6352,-0.0041429363,-0.03547989,False
6351,-0.07844405,0.017554909,False
6332,-0.014100215,-0.014100215,False
6331,0.04502374,-0.07774472,False
6330,0.028710932,-0.1536176,False
6329,-0.6341231,-0.09072065,False
6328,-0.012822163,-0.010254388,False
6327,-0.075326815,-0.15146093,False
6333,0.030809328,0.023066238,False
6326,-0.013848156,0.02456054,False
6324,0.058458135,0.0061401576,False
6323,-0.17408031,-0.06656909,False
6322,0.015007973,-0.17117572,False
6321,0.0766336,0.00525292,False
6320,-0.004584724,-0.004584724,False
6319,0.0,0.0,False
6325,0.08694276,-0.14591694,False
6317,-0.022843152,-0.001097545,False
6334,0.13387471,-0.009177089,False
6336,-0.03107503,-0.014552683,False
6350,0.056926966,0.010753453,False
6349,0.09861258,0.026342541,False
6348,-0.02208519,-0.033571124,False
6347,-0.15467946,-0.02087298,False
6346,0.005477868,-0.033427123,False
6345,-0.055565417,0.02306018,False
6335,-0.08937183,-0.0559341,False
6344,0.06795876,-0.03114105,False
6342,-0.085646816,-0.020651594,False
6341,0.1690886,-0.0079167485,False
6340,-0.15574521,0.015434027,False
6339,0.005128816,-0.02501963,False
6338,0.30915618,0.009900987,False
6337,-0.008592203,0.045076862,False
6343,0.01191644,-0.033390753,False
6528,-0.020409297,-0.044190586,False
6529,0.037199497,-0.25618243,False
6530,0.049743254,-0.013820174,False
6710,-1.3312137,-0.1922648,False
6711,-0.045411244,0.0059714317,False
6712,-0.2052947,-0.09937754,False
6713,0.118122935,-0.072369695,False
6714,-0.07496234,-0.07496234,False
6715,0.040914956,-0.023491036,False
6716,-0.061975777,0.046358824,False
6717,-0.08767791,-0.019201308,False
6718,-0.44854462,-0.074983,False
6719,-0.05324983,-0.0038116276,False
6720,-0.0029256642,0.0098460615,False
6721,-0.03333372,-0.0004118979,False
6722,0.02124603,0.00942789,False
6723,-0.030431002,-0.07261869,False
6724,0.01786516,-0.028653296,False
6725,0.032157212,-0.014877617,False
6726,0.03412822,0.06426472,False
6740,-0.089431524,0.07207066,False
6739,0.002658926,-0.014446475,False
6738,-0.008589572,-0.008589572,False
6737,-0.3809228,-0.08960545,False
6736,-0.041813314,-0.09929797,False
6735,0.030384853,-8.962676e-05,False
6709,-0.046900317,0.024664074,False
6734,0.05475539,-0.029877573,False
6732,0.25066584,0.03592354,False
6731,-0.15434861,-0.035556436,False
6730,0.1660412,0.013420939,False
6729,-0.40049636,-0.037186503,False
6728,-0.05006531,0.0050427318,False
6727,-0.014986167,-0.013634527,False
6733,-0.49092317,-0.1216774,False
6708,0.0,0.0008375777,False
6707,0.0070184246,0.021792457,False
6706,0.18541324,-0.01181522,False
6687,0.036328405,0.018768996,False
6686,-0.014182265,-0.014182265,False
6685,0.24584287,-0.044372022,False
6684,-0.26971126,-0.17538548,False
6683,0.10684244,0.030352727,False
6682,0.5722581,-0.10305834,False
6688,-0.014039676,-0.014039676,False
6681,0.07093792,0.018590547,False
6679,0.03866917,0.05501324,False
6678,0.744874,0.07076728,False
6677,-0.010616908,-0.010616908,False
6676,0.02181536,0.015386328,False
6675,-0.042898357,0.06709966,False
6674,-0.09251976,-0.10944086,False
6680,-0.02316719,-0.0140344165,False
6741,0.0668073,-0.033880025,False
6689,-0.09616217,-0.00022101402,False
6691,0.0,0.0005698177,False
6705,-0.30020416,-0.14824307,False
6704,-0.36441517,-0.14967346,False
6703,-0.003413568,-0.003413568,False
6702,-0.029280543,-0.0009323731,False
6701,-0.004874369,-0.028628329,False
6700,0.0054221153,-0.2101223,False
6690,0.15468287,-0.015548825,False
6699,-0.08220577,-0.023012817,False
6697,-0.046409465,-0.003302902,False
6696,-0.0046749087,-0.0035894974,False
6695,-0.03634017,-0.01459166,False
6694,0.052536197,-0.009213712,False
6693,-0.04118699,0.047203124,False
6692,0.0,0.0,False
6698,0.06757629,0.023655593,False
6673,0.04556541,-0.006924155,False
6742,-0.08917039,0.017997459,False
6744,-0.018706404,0.0015159696,False
6781,-0.03171158,0.044508815,False
6782,0.018616783,0.0,False
6783,-0.21098733,0.0061457157,False
6784,-0.077476494,-0.0038983226,False
6785,-0.032188777,-0.031517282,False
6786,0.06844245,-0.030017167,False
6787,-0.004892896,-0.0041931616,False
6788,-0.102555215,-0.024153829,False
6789,-0.31670582,0.105287254,False
6790,0.101069205,0.006606467,False
6791,-0.007664584,-0.005376066,False
6792,0.0,0.0,False
6793,-0.017262056,-0.017262056,False
6794,-0.37068677,-0.1528039,False
6795,-0.15506697,-0.22575116,False
6796,0.0727739,0.030868411,False
6797,-0.07161946,-0.041652918,False
6811,-0.043499827,-0.09070885,False
6810,-0.22401851,-0.007463336,False
6809,-0.2001274,-0.10930079,False
6808,0.0,0.0,False
6807,0.0,0.0002570334,False
6806,-0.027008384,-0.110483475,False
6780,0.17964604,0.07446608,False
6805,-0.16642776,-0.07664639,False
6803,-0.08330917,-0.039239228,False
6802,-0.010981508,-0.026751481,False
6801,-0.03389322,0.011037454,False
6800,-0.009549551,0.006578978,False
6799,-0.14272845,-0.0963999,False
6798,-0.034509182,-0.20787,False
6804,0.07082647,0.03216338,False
6779,-0.0351609,-0.012190402,False
6778,-0.021354914,-0.025782332,False
6777,0.033624336,0.017494023,False
6758,0.004381817,-0.01937338,False
6757,-0.008780166,-0.008780166,False
6756,0.0024306178,0.05217901,False
6755,0.06596337,0.08973475,False
6754,-0.19365859,-0.16621739,False
6753,-0.004049537,-0.004049537,False
6759,0.04212165,0.07728255,False
6752,0.003131628,-0.10965443,False
6750,-0.014836812,0.012132172,False
6749,-0.09289622,-0.17429882,False
6748,-0.2986021,-0.10218215,False
6747,-0.02693493,-0.0037881956,False
6746,-0.06497841,-0.022814423,False
6745,-0.028645983,-0.028645983,False
6751,-0.06483793,-0.13005209,False
6743,-0.035496242,-0.020828344,False
6760,-0.014468566,-0.014468566,False
6762,-0.14110732,0.11282265,False
6776,-0.08176756,0.13639545,False
6775,0.029216528,-0.10198772,False
6774,-0.04071855,-0.038727242,False
6773,-0.07475507,-0.08029413,False
6772,0.09902239,0.0033494234,False
6771,-0.025170475,0.009288043,False
6761,0.055164933,-0.09439564,False
6770,-0.15323412,-0.0428046,False
6768,-0.14932668,-0.11485046,False
6767,0.12401502,0.04967448,False
6766,-0.0003198143,0.0014179284,False
6765,-0.0052858796,-0.0052858796,False
6764,-0.004841125,-0.004841125,False
6763,0.0,0.0,False
6769,-0.0016691536,0.0027969927,False
6247,-0.1325961,-0.007575631,False
6672,0.0011487119,0.0077142306,False
6670,-0.04758221,0.008654863,False
6567,-0.14746308,-0.06278467,False
6568,-0.92607045,-0.1549232,False
6569,-0.0637667,0.017624304,False
6570,0.043958545,-0.031127447,False
6571,-0.3907621,-0.29409766,False
6572,-0.47475255,-0.17989671,False
6573,0.07981786,0.035865813,False
6574,-0.12115945,-0.09432036,False
6575,0.063474745,-0.030587614,False
6576,-0.02076745,-0.029976249,False
6577,0.0,0.0,False
6578,0.21064305,-0.15799165,False
6579,0.4691713,0.07256055,False
6580,-0.0024659354,-0.024394076,False
6581,-0.047439206,-0.04393528,False
6582,-0.08711869,-0.0021981746,False
6583,-0.0031099021,0.0030932724,False
6597,-0.091759026,-0.022322789,False
6596,-0.2525749,-0.064147115,False
6595,0.030067325,0.019937873,False
6594,-0.063530564,0.003159821,False
6593,0.12574738,0.06580892,False
6592,0.01806758,-0.028511208,False
6566,-0.1290394,-0.04359889,False
6591,-0.011668742,0.011202306,False
6589,0.07916129,-0.0028492212,False
6588,-0.014823919,-0.034324326,False
6587,0.030963138,-0.030400574,False
6586,-0.11611632,-0.012937322,False
6585,-0.1035285,-0.11554229,False
6584,-0.12322295,-0.20106363,False
6590,0.0,0.0,False
6565,-0.07462734,0.044669032,False
6564,-0.6684692,-0.16707587,False
6563,-0.2584329,-0.09484321,False
6544,-0.3072343,-0.052556276,False
6543,0.40398717,-0.056165934,False
6542,-0.0038657188,-0.18444872,False
6541,-0.062921464,-0.026224256,False
6540,-0.28171635,0.07694042,False
6539,-0.33867478,0.005666971,False
6545,-0.12085071,-0.08373308,False
6538,-0.44153833,-0.34461403,False
6536,0.17725182,-0.16780043,False
6535,0.0105109215,-0.30508184,False
6534,-0.25048375,-0.33809972,False
6533,0.007062733,0.016529366,False
6532,-0.09842712,0.034959316,False
6531,-0.010966182,-0.00078737736,False
6537,0.18888545,0.03125477,False
6598,-0.3545661,-0.00037193298,False
6546,-0.0038599067,-0.003186029,False
6548,0.009518021,-0.01326193,False
6562,-0.038092803,-0.038092803,False
6561,-0.043353915,0.035265625,False
6560,0.014964977,-0.027707094,False
6559,-0.354845,-0.02846247,False
6558,0.06131655,-0.016135454,False
6557,-0.06510943,0.0066105872,False
6547,0.023186747,0.0,False
6556,-0.25257933,-0.08613551,False
6554,-0.002946362,-0.022048905,False
6553,-0.018705437,-0.018705437,False
6552,0.4746375,-0.1235888,False
6551,0.28942084,0.081287146,False
6550,-0.11965561,-0.15317726,False
6549,-0.003573846,-0.027310506,False
6555,0.028681993,0.041507363,False
6671,-0.18651962,-0.051944017,False
6599,-0.36508596,-0.10080302,False
6601,0.01702103,-0.0099292025,False
6638,-0.029727204,-0.053436827,False
6639,-0.009931173,-0.009931173,False
6640,-0.0099627515,-0.0099627515,False
6641,-0.22520018,-0.14481544,False
6642,-0.03256017,0.013320982,False
6643,-0.039559297,-0.030970853,False
6644,-0.007408198,0.012547161,False
6645,-0.28137103,0.05983132,False
6646,-0.017326415,0.009107351,False
6647,0.13493112,0.030430377,False
6648,-0.09698385,-0.01939769,False
6649,-0.042434156,-0.00698933,False
6650,0.0,0.0,False
6651,-0.023583256,-0.015900865,False
6653,-0.04315668,-0.015241783,False
6654,-0.23673007,-0.02058804,False
6655,0.014389027,-0.030860309,False
6669,-0.007576702,-0.0099227205,False
6668,0.022689633,-0.006875016,False
6667,-0.076980494,0.007906005,False
6666,0.18979257,0.019516408,False
6665,0.028042316,0.023689821,False
6664,0.12198596,0.050505266,False
6637,0.014638964,-0.028643146,False
6663,-0.28276485,0.03664595,False
6661,-0.013213617,-0.010627996,False
6660,0.0010750294,-0.020137519,False
6659,-0.0003501214,-0.018466543,False
6658,0.03762096,0.02707842,False
6657,0.0013025962,-0.0021483041,False
6656,-0.10638669,-0.0334177,False
6662,-0.7273314,-0.15749955,False
6636,-0.5519997,-0.0051726103,False
6635,-0.063607216,-0.0032664686,False
6634,-0.026605548,-0.026605548,False
6615,0.069888115,-0.021591902,False
6614,-0.18619278,-0.02559501,False
6613,-0.0029230714,0.057703614,False
6612,-0.017996192,-0.064344466,False
6611,-0.12172645,-0.05004871,False
6610,0.15109491,0.114999354,False
6616,-0.043100715,-0.06496019,False
6609,0.16075104,0.0052077845,False
6607,-0.003922105,0.08132172,False
6606,0.0,0.002540621,False
6605,0.0,0.0,False
6604,-0.26064077,-0.08128482,False
6603,-0.28679663,0.01592648,False
6602,-0.005006542,-0.005006542,False
6608,0.038275443,0.0018448526,False
6600,0.025722036,-0.019830743,False
6617,0.008530736,0.0062467605,False
6619,-0.10376096,0.0063010454,False
6633,0.0057126433,0.041441917,False
6632,0.026561335,0.012741417,False
6631,0.022593452,0.0,False
6630,-0.3013333,-0.10952091,False
6629,0.041908707,0.041376088,False
6628,0.016216325,-0.0048315576,False
6618,-0.09080255,0.054947615,False
6627,-0.2082361,-0.08552128,False
6625,-0.09988177,-0.0019073486,False
6624,-0.42667246,-0.1712414,False
6623,-0.4608059,-0.0818212,False
6622,-0.26075226,0.029691935,False
6621,-0.21740052,-0.0893811,False
6620,0.01163578,-0.008028865,False
6626,-0.110691965,0.024310619,False
6246,-0.123761326,-0.0711911,False
6257,0.091183245,-0.030723691,False
6244,-0.09839737,-0.13638736,False
5882,0.018317979,-0.0050598695,False
5883,-0.004896036,-0.0019888917,False
5884,-0.08275007,-0.006344646,False
5885,-0.14286876,-0.098320484,False
5886,0.13498455,0.009307444,False
5887,-0.1303851,0.0016902983,False
5888,0.10958564,-0.012972385,False
5889,-0.08453748,-0.02670139,False
5890,0.108155996,0.08255932,False
5891,-0.15844434,-0.10527128,False
5892,-0.0022117347,-0.01477333,False
5893,-0.33573818,-0.02553296,False
5894,-0.008153948,0.0011848677,False
5895,-0.057029456,0.00062406063,False
5896,-3.516674e-05,0.04440865,False
5897,0.04261014,-0.055290297,False
5898,-0.070420556,-0.025404334,False
5912,-0.030874262,-0.022277102,False
5911,0.030565307,0.04235889,False
5910,-0.009103834,-0.009103834,False
5909,-0.2776425,-0.1280272,False
5908,-0.004497087,-0.004497087,False
5907,0.0,0.0,False
5881,-0.9664216,-0.17126346,False
5906,0.05263462,-0.0019547995,False
5904,0.013479978,-0.00824216,False
5903,0.13585308,-0.061609477,False
5902,-0.19956684,0.072104216,False
5901,-0.18235289,0.07750401,False
5900,-0.011554867,0.018316329,False
5899,0.014069375,-0.0045474074,False
5905,0.010870405,0.011207599,False
5880,0.0,0.0,False
5879,0.024031885,0.014382251,False
5878,-0.028885424,0.0071206093,False
5859,0.03139454,0.024322085,False
5858,-0.3619449,-0.09806776,False
5857,-0.020307645,-0.020307645,False
5856,-0.024068011,-0.04579424,False
5855,-0.009551139,-0.0013261093,False
5854,0.0,0.0,False
5860,-0.009050236,-0.008611022,False
5853,0.017364748,-0.005222162,False
5851,0.09054722,-0.008616596,False
5850,-0.08193463,-0.07669476,False
5849,-0.004898398,-0.0040233876,False
5848,0.39122367,-0.081692934,False
5847,-0.1967682,0.0728485,False
5846,0.004866747,0.011295307,False
5852,0.021530181,0.060346723,False
5913,-0.34304076,-0.19719362,False
5861,0.019500993,-0.01667352,False
5863,0.44959593,-0.0343045,False
5877,-0.5598421,-0.27294993,False
5876,-0.26743317,-0.09628582,False
5875,-0.48669058,-0.024435282,False
5874,-0.027992874,0.0014223456,False
5873,-0.2599607,-0.08595224,False
5872,-1.213785,-0.16729641,False
5862,0.07997051,-0.06309253,False
5871,0.079726696,-0.2775333,False
5869,0.09007783,-0.02016836,False
5868,-0.004661479,-0.004225936,False
5867,-0.0006625913,-0.018983006,False
5866,-0.25091696,0.036449134,False
5865,-0.19466722,-0.113346905,False
5864,-0.004127486,-0.004127486,False
5870,-0.073213786,-0.05819358,False
5845,-0.19584548,-0.1703966,False
5914,-0.095600486,0.007521212,False
5916,-0.17654753,0.05438006,False
5954,-0.1987189,-0.016748369,False
5955,0.00094414875,-0.008714409,False
5956,0.104929075,-0.03526631,False
5957,-0.009878572,-0.009878572,False
5958,0.45646048,-0.045967817,False
5959,-0.7357726,-0.18193603,False
5960,0.0,0.0,False
5961,-0.11670092,-0.011428416,False
5962,-0.20603652,-0.04757586,False
5963,-0.06915502,-0.001947999,False
5964,-0.6427045,-0.034864187,False
5965,-0.08877376,0.041852236,False
5966,-0.8432722,-0.14075708,False
5967,-0.1562289,0.077070594,False
5968,0.16248035,-0.271562,False
5969,-0.01016809,0.019008629,False
5970,-0.30593026,-0.14665133,False
5984,-0.14366698,-0.0148102045,False
5983,0.020533532,-0.009085804,False
5982,0.019706272,0.0077621266,False
5981,-0.09797406,0.0118198395,False
5980,-0.09849453,-0.1314907,False
5979,0.025194317,0.035556138,False
5953,-0.23033309,-0.027139246,False
5978,0.019584756,0.03300652,False
5976,0.0016255546,-0.020097647,False
6245,-0.03291019,-0.03291019,False
5974,-0.095258,-0.079304874,False
5973,-0.14512146,0.0099592805,False
5972,0.027884483,-0.0070114136,False
5971,0.28928238,0.00792104,False
5977,-0.1008234,-0.14958549,False
5952,-0.06744316,-0.06744316,False
5951,-0.25130495,-0.006320715,False
5950,0.11701733,0.007310033,False
5930,0.052533016,0.017500378,False
5929,0.016692534,0.00075894594,False
5928,0.0056271553,-0.068558246,False
5927,-0.36930645,-0.12815845,False
5926,-0.10962656,-0.022231102,False
5925,-0.07303473,0.02305448,False
5931,-0.06085494,0.008466408,False
5924,-0.070200875,-0.0036131442,False
5922,0.26866263,0.083456576,False
5921,0.06550664,-0.008884907,False
5920,-0.1018745,0.06593764,False
5919,-0.005140462,-0.005140462,False
5918,0.015702378,-0.009088731,False
5917,-0.23029387,-0.06631249,False
5923,-0.20695376,0.058818102,False
5915,-0.03930422,0.037646994,False
5932,-0.18011147,-0.044923842,False
5934,-0.10967052,-0.025640309,False
5949,-0.0046281735,-0.0046281735,False
5948,0.025994655,-0.02495747,False
5947,-0.05207753,-0.065392256,False
5946,0.0,0.00012479692,False
5945,0.022151433,-0.06293335,False
5944,-0.0011438169,-0.017502598,False
5933,0.16096675,0.1259135,False
5942,-0.3098356,-0.120423436,False
5940,-0.066927016,-0.08767629,False
5939,-0.016749144,0.031336963,False
5938,-0.4407587,-0.13518465,False
5937,-0.16436258,-0.053795516,False
5936,-0.21014142,-0.08584267,False
5935,-0.30290127,-0.011327863,False
5941,0.0014335513,-0.06783172,False
5844,0.23080063,-0.0009268522,False
5843,0.040704966,0.006772846,False
5842,-0.009687987,-0.00835025,False
5737,0.044344574,-0.024285045,False
5738,-0.116423756,-0.03541726,False
5739,-0.33167982,-0.18492699,False
5740,-0.06685156,-0.048553288,False
5741,-0.42216015,-0.13544178,False
5742,-0.003592351,-0.003592351,False
5743,-0.004415072,-0.004415072,False
5744,0.061895832,0.009705808,False
5745,-0.17444512,-0.040060997,False
5747,0.013057405,-0.008028624,False
5748,-0.004825721,-0.0043321163,False
5749,-0.024555495,-0.024555495,False
5750,-0.0049733785,-0.0049733785,False
5751,-0.2070998,-0.15793025,False
5752,0.018016994,0.051602364,False
5753,-0.09376657,0.0057316422,False
5754,0.09397757,-0.14830852,False
5768,-0.027787149,0.024921894,False
5767,0.14238375,-0.029737055,False
5766,-0.16067505,0.045770288,False
5765,-0.31925905,-0.007345438,False
5764,-0.024502305,-0.024502305,False
5763,0.08041933,0.041576892,False
5736,-0.015065656,-0.014096075,False
5762,-0.08969355,-0.042648375,False
5760,0.4400277,-0.018393278,False
5759,-0.12463951,-0.055820167,False
5758,0.056640107,-0.05360372,False
5757,-0.1259327,-0.09596354,False
5756,0.03320065,0.009682804,False
5755,0.002346307,0.014919937,False
5761,-0.19380984,-0.02592218,False
5735,0.3565979,-0.15077865,False
5734,0.16080733,-0.0082699135,False
5733,0.07640576,0.025662363,False
5714,-0.008461641,-0.030187871,False
5713,-0.14371061,0.032613933,False
5712,0.0,0.0,False
5711,0.25742662,0.089127064,False
5710,0.1878249,-0.041197777,False
5709,0.0027125478,-0.06929627,False
5715,-0.0063127354,-0.12777203,False
5708,0.15973139,0.0073617697,False
5706,-0.1026057,-0.07193756,False
5705,0.014609218,-0.035525173,False
5704,0.018340707,0.018446952,False
5703,0.1541987,-0.03832254,False
5702,-0.04361849,0.012618855,False
5701,0.019439504,0.07534082,False
5707,0.0,0.0,False
5769,-0.0044382513,0.030554593,False
5716,0.039159924,-0.02859305,False
5718,-0.0036115283,-0.0019021635,False
5732,-0.28362,0.009922564,False
5731,0.07081765,0.038911283,False
5730,-0.16384268,0.021349609,False
5729,-0.013852173,-0.013852173,False
5728,-0.4159947,-0.15624249,False
5727,0.012245696,-0.051431637,False
5717,0.010050971,-0.0050611794,False
5726,-0.07725817,-0.0075162053,False
5724,-0.120327055,0.017520964,False
5723,0.04433155,-0.087073565,False
5722,-0.09213123,-0.08878642,False
5721,0.20878667,0.015953183,False
5720,0.041161254,-0.011222333,False
5719,-0.12614703,-0.020207167,False
5725,0.1278475,0.011175729,False
5770,-0.20317197,-0.0010050535,False
5771,-0.0049358276,0.008013293,False
5772,0.0,0.0,False
5823,0.41707957,0.045046866,False
5822,-0.010149767,-0.010149767,False
5821,0.016498618,0.022499062,False
5820,-0.10468137,-0.0817883,False
5819,0.023255885,-0.00985986,False
5818,-0.09793544,-0.034469843,False
5824,-0.0043838597,-0.0043838597,False
5817,-0.107385784,-0.0004836768,False
5815,0.100235105,-0.03647721,False
5814,0.045838315,0.001797836,False
5813,-0.19441342,-0.17375791,False
5812,-0.4269309,-0.09221935,False
5811,0.07821655,-0.15410948,False
5810,-0.026499461,-0.017177634,False
5816,-0.32198262,-0.04015255,False
5809,-0.20459414,-0.091100216,False
5825,0.019302012,0.020321527,False
5827,-0.0048273588,-0.0048273588,False
5841,-0.019887686,-0.1235795,False
5840,0.040347725,0.033040345,False
5839,0.0,0.0,False
5838,-0.15099308,-0.052228644,False
5837,-0.012076214,-0.03822905,False
5836,0.0,0.0,False
5826,0.017270653,-0.005193006,False
5835,0.0,0.00059063773,False
5833,0.076139465,0.037488937,False
5832,-0.107372746,0.025589556,False
5831,-0.0048066503,-0.0048066503,False
5830,-0.008794199,-0.006626839,False
5829,0.15156572,0.05031222,False
5828,0.008886192,-0.014512058,False
5834,0.010241575,-0.009541676,False
5985,0.09040779,0.032155693,False
5808,-0.0046699643,-0.01737529,False
5806,-0.08250865,0.05864072,False
5787,0.13049728,0.114415586,False
5785,-0.08219226,-0.0038018674,False
5784,0.0024979133,-0.019397724,False
5783,-0.004880251,-0.0039815363,False
5782,0.0,0.00058827427,False
5781,-0.13013265,0.06594744,False
5788,-0.00508363,-0.01802369,False
5780,0.14130911,-0.04098939,False
5778,-0.015023402,-0.014418579,False
5777,-0.004025647,-0.0026731852,False
5776,0.0073462576,0.031737044,False
5775,0.033546124,0.0175885,False
5774,0.13131839,0.067596376,False
5773,0.0,0.0,False
5779,0.01778213,0.0,False
5807,-0.00852368,-0.047219757,False
5789,0.028584242,-0.0046344995,False
5791,0.08043824,0.0070597157,False
5805,0.11457953,0.0031695962,False
5804,-0.34302998,-0.13959897,False
5803,0.18827128,0.022446036,False
5802,-0.050323516,-0.00031615794,False
5801,-0.12799132,-0.019768953,False
5800,-0.11679978,-0.03904344,False
5790,-0.25840223,-0.046551466,False
5799,-0.80382276,-0.07764077,False
5797,-0.018221855,0.013746262,False
5796,0.0,0.0,False
5795,-0.24365276,-0.15647727,False
5794,-0.023813378,0.014756665,False
5793,-0.018134356,-0.022274002,False
5792,-0.011579022,-0.013250187,False
5798,0.032645963,0.011003993,False
5986,-0.15074871,-0.0049730837,False
5975,0.011054754,-0.06798202,False
5988,0.09057522,-0.10660052,False
6153,0.040701706,-0.038240563,False
6152,-0.041517958,-0.0018809736,False
6151,-0.18775487,-0.07848382,False
6150,-0.06484334,-0.021678865,False
6149,0.0,0.0,False
6148,-0.11916697,-0.012666583,False
6154,-0.0042631375,-0.0031842291,False
6147,-0.0014052205,-0.041893926,False
6145,-0.02122188,-0.02122188,False
6144,0.07044107,-0.30038187,False
6143,-0.0084046265,-0.0084046265,False
6142,-0.14428347,-0.11803067,False
6141,0.17760271,0.0030389428,False
6140,-0.27652943,-0.07556045,False
6146,0.040162228,0.038493365,False
6139,-0.05292934,-0.021669507,False
6155,0.043137103,-0.010477036,False
6157,-0.036701508,-0.017045848,False
6171,-0.062472552,-0.07377964,False
6170,0.10458124,-0.06444013,False
6169,0.06490213,-0.1380511,False
6168,-0.069192916,-0.03516367,False
6167,-0.059394747,0.052606106,False
6166,-0.035755042,-0.00021826476,False
6156,-0.00799015,-0.00799015,False
6165,0.19346067,-0.006055504,False
6163,-0.1259141,-0.15921688,False
6162,0.0,0.0,False
6161,0.0,0.0,False
6160,0.010532234,-0.007406477,False
6159,-0.019316193,-0.039449323,False
6158,-0.023568418,-0.024046656,False
6164,-0.16019535,-0.06510222,False
6172,0.016642809,-0.057874605,False
6138,-0.033444416,0.0048126765,False
6136,-0.00914659,-0.00914659,False
6117,-0.026472628,-0.004898697,False
6116,-0.0048224535,-0.0038952972,False
6115,0.0,0.0,False
6114,0.02394268,0.0,False
6113,-0.21008599,0.054341674,False
6112,-0.0035210575,0.018338704,False
6118,0.0,0.0,False
5987,-0.025710702,-0.021309614,False
6109,0.014196377,-0.007699261,False
6108,0.010552272,-0.0031681731,False
6107,-0.102038115,-0.061784178,False
6106,-0.13730851,-0.011972174,False
6105,-0.16180968,-0.023124456,False
6104,0.006002741,-0.017951619,False
6110,-0.0023246557,0.010476999,False
6137,0.030806234,0.006998524,False
6119,-0.205921,-0.13311148,False
6121,0.011331648,0.07834309,False
6135,0.041470192,-0.046346083,False
6134,0.09163618,-0.044775277,False
6133,0.0011436101,-0.020486739,False
6132,0.07143634,0.0036108047,False
6131,0.11753857,-0.03525144,False
6130,0.0,0.0,False
6120,0.018714577,-0.003780875,False
6129,-0.0056376513,-0.027497124,False
6127,0.034071844,-0.03783418,False
6126,0.0004107952,-0.0011510849,False
6125,0.013833045,-0.009353702,False
6124,0.009117945,-0.01000489,False
6123,-0.019118136,-0.0033869147,False
6122,-0.28515506,-0.036676347,False
6128,0.016212419,0.026565384,False
6103,-0.0012546144,0.0040682815,False
6173,-0.023079962,-0.0125641925,False
6175,0.0038343463,-0.018830795,False
6225,-0.035683807,0.02728799,False
6224,-0.0035317764,-0.019472037,False
6223,-0.1268301,-0.014336109,False
6222,-0.012915406,0.0064880215,False
6221,-0.01000915,-0.01000915,False
6220,-0.19338256,-0.081894934,False
6226,-0.1081838,0.005448878,False
6219,-0.015261399,-0.015261399,False
6217,0.059107453,0.05993347,False
6216,-0.009926856,-0.0093537085,False
6215,0.019103765,-0.01962787,False
6214,-0.068965286,-0.068965286,False
6213,0.0,0.0,False
6212,0.115445025,0.027115904,False
6218,-0.0024972036,0.023639083,False
6211,-0.22625138,-0.087311506,False
6227,-0.09148069,0.002511412,False
6229,-0.13396752,-0.05351615,False
6243,-0.0609653,-0.05249834,False
6242,-0.014972769,0.008846521,False
6241,0.005566259,-0.014420831,False
6240,0.0009257868,-0.014428553,False
6239,0.02430933,-0.010462815,False
6238,0.01808643,-0.0051853876,False
6228,-0.26135564,-0.027452528,False
6237,-0.3001871,-0.020357609,False
6235,-0.27565688,-0.038821995,False
6234,0.0,0.00066651765,False
6233,-0.029794637,0.0138011165,False
6232,0.0,0.0,False
6231,-0.28720164,0.046465874,False
6230,0.045011073,0.062327802,False
6236,-0.0051690936,-0.045140862,False
6174,-0.08497763,-0.13264203,False
6210,-0.025652483,0.043565303,False
6208,0.019196913,-0.07212001,False
6189,-0.24328583,-0.030995607,False
6188,-0.009328847,-0.009328847,False
6187,-0.16869485,-0.046859264,False
6186,0.08126784,-0.018349469,False
6185,-0.048521012,0.03145671,False
6184,-0.095974,-0.03575176,False
6190,-0.2698108,-0.17276704,False
6183,-0.47394204,-0.08866525,False
6181,-0.13413727,-0.00275141,False
6180,0.0,0.0,False
6179,0.0010045469,-0.018030554,False
6178,-0.27372926,-0.030180812,False
6177,-0.22075105,-0.07753539,False
6176,0.17965695,0.0050342083,False
6182,-0.023926392,-0.019115388,False
6209,0.010032266,-0.007898763,False
6191,-0.034652233,0.017725259,False
6193,-0.02465018,-0.007895354,False
6207,0.0359857,-0.004428873,False
6206,0.067359895,0.16079631,False
6205,-0.21250796,-0.14613724,False
6204,-0.15357745,-0.10038781,False
6203,0.0,0.0,False
6202,0.15548718,0.020664267,False
6192,-0.033888057,0.016851842,False
6201,0.07067944,-0.0018780231,False
6199,-0.011464417,-0.065104514,False
6198,0.016628578,0.01385697,False
6197,-0.023902595,-0.017319143,False
6196,0.026646443,-0.05999668,False
6195,-0.019300347,0.027934447,False
6194,-0.02641341,-0.0037397891,False
6200,0.07426804,0.0765627,False
6102,-0.005931448,-0.04885787,False
6111,-0.034291662,-0.034291662,False
18210,-0.033218205,-0.020307183,False
6037,0.041038074,0.017350845,False
6003,0.13318157,0.009004116,False
6038,0.058657408,-0.007125184,False
6039,0.013776073,-0.010166606,False
6040,0.1946086,0.12806532,False
6041,0.035052493,-0.041470744,False
6042,0.09321612,-0.0203408,False
6043,-0.20690894,-0.21381915,False
6002,-0.06520585,-0.0017695501,False
6044,0.047043383,-0.0022818148,False
6045,-0.014223028,-0.0043109097,False
6001,-0.08887327,0.11217368,False
6004,-0.12956494,-0.061714888,False
6000,0.0,7.663336e-05,False
5999,0.045982063,-0.07040945,False
6047,-0.028789371,-0.00406646,False
5998,-0.27973223,-0.040847123,False
6048,-0.0057128966,0.121011704,False
5997,-0.017001927,-0.0064609647,False
5996,-0.09194559,-0.033417463,False
6049,-0.005799055,-0.006291032,False
6050,-0.27438712,-0.124129415,False
6051,-0.0033912933,-0.0033912933,False
6052,-0.03285583,-0.11715937,False
6053,-0.078387216,0.030984215,False
6012,-0.12522769,-0.031467974,False
6046,-0.04314875,-0.03343776,False
6036,-0.013964744,-0.03568038,False
6035,-0.002718091,0.017121568,False
6034,0.066244826,0.03463459,False
6010,0.11224574,0.08215183,False
6013,0.056052834,-0.04330924,False
6014,0.105176106,0.019875392,False
6015,-0.06632805,0.033593744,False
6016,-0.13872659,0.07141167,False
6017,-0.009527504,0.04538685,False
6009,-0.004990244,-0.004990244,False
6018,-0.038031787,0.08870444,False
6019,-0.25260484,-0.12711084,False
6020,-0.004701514,-0.004701514,False
6021,0.013647886,-0.023582483,False
6008,-0.019860886,-0.019860886,False
6022,-0.046842694,-0.011032522,False
6023,0.0,0.0,False
6024,-0.004886454,-0.004886454,False
6007,-0.016462773,0.02858448,False
6025,-0.101358235,-0.0477798,False
6026,0.17282057,-0.008849144,False
6027,0.037435293,-0.018385053,False
6028,0.049361914,0.032311708,False
6029,-0.12673938,-0.0624817,False
6006,-0.009280086,0.0051318705,False
6030,-0.21306393,-0.07940471,False
6031,-0.013802659,0.008600898,False
6032,-0.0016077757,0.042621613,False
6005,-0.06727485,-0.09035064,False
6033,-0.20713842,-0.12364113,False
6054,-0.11829364,0.009736776,False
6055,0.0,0.0,False
5995,0.0017613508,0.00944102,False
6056,0.10116309,-0.055259764,False
6080,-0.0065044537,-0.006957747,False
6081,0.09758775,0.024257928,False
6083,-0.015702456,-0.010513023,False
6084,-0.09010267,-0.060611844,False
6085,0.014823198,-0.02628401,False
6086,0.0712069,0.0601871,False
6087,0.014006883,-0.085112065,False
6088,0.121068686,0.042843133,False
6089,0.13512635,-0.052740216,False
6090,0.1395897,-0.0043075606,False
6091,-0.28130704,0.030226827,False
5992,0.15958834,-0.009420335,False
6092,-0.16984755,0.04390654,False
6093,-0.0093902415,-0.0093902415,False
6094,-0.068056226,-0.018360019,False
6095,0.06652503,-0.1280631,False
6096,-0.303689,-0.14194983,False
6097,-0.34833544,0.0012562871,False
6098,-0.07949275,-0.01927486,False
6099,0.0,0.0,False
6100,-0.092558265,0.09681806,False
6101,-0.022891432,-0.08654551,False
5991,-0.21472484,-0.08165133,False
5990,-0.13961768,-0.0998888,False
5989,0.0032767355,0.02590847,False
6079,-0.0084029585,0.014312699,False
6078,0.05631438,0.00914754,False
6082,-0.35180104,0.017910242,False
6076,-0.11384857,0.08661765,False
6057,-0.117023125,-0.015795588,False
6058,-0.15558231,-0.06898001,False
6059,-0.13591409,-0.10308057,False
6060,0.074744195,0.028797656,False
6061,0.043401595,0.0005655512,False
5994,-0.5212482,-0.25484967,False
5993,-0.0569665,0.021473438,False
6062,0.004835576,-0.014194787,False
6063,-0.023140177,-0.004462108,False
6064,-0.018703036,-0.0056879353,False
6065,-0.06568527,-0.05883947,False
6066,0.035610408,-0.059491098,False
6077,-0.1868091,0.013327122,False
6067,-0.10380155,-0.059177756,False
6011,-0.08028597,0.011125535,False
6070,-0.01626048,-0.014910622,False
6068,0.05900252,0.10066295,False
6075,-0.06378114,-0.021240503,False
6069,0.10780759,0.0342869,False
6074,0.0547536,0.065715075,False
6073,-0.26875752,-0.094323754,False
6072,0.023164943,-0.004118299,False
6071,-0.0076428354,0.00986135,False
3131,-0.6591513,-0.10924864,True
11961,-1.4452122,-0.12892771,True
16189,-0.43289757,-0.034931183,True
12796,-0.11052079,0.032957785,True
17877,-0.13684931,-0.038646817,True
14205,-0.073929965,-0.073929965,True
9655,-0.10824401,-0.10824401,True
7414,-0.5169675,-0.0025328994,True
15350,-1.9520562,-0.23763514,True
9087,-0.10763914,-0.10763914,True
11956,-0.70663404,-0.036370575,True
4868,-0.85945535,0.011067867,True
11953,-0.19809134,-0.054740936,True
6652,-2.3376718,-0.12516117,True
4892,-0.08207814,-0.0016423017,True
8155,-0.48261616,-0.009128511,True
8148,-0.13954675,0.027313009,True
7485,-1.6335559,-0.18903399,True
2406,-0.32975534,-0.014119834,True
14590,-0.09819695,0.0075466707,True
10373,-1.1452893,-0.07421565,True
17986,-0.12960918,-0.12960918,True
9843,-0.12577443,-0.030816711,True
4138,-1.2025124,-0.13744259,True
16329,-2.6005037,-0.24794674,True
7522,-1.8311027,-0.25648642,True
2124,-0.90319777,-0.10268879,True
1318,-0.05603293,0.041923102,True
7782,-0.15085912,-0.15085912,True
9515,1.6569917,-0.17853308,True
12148,-1.6019691,-0.12885332,True
1798,-0.15327738,-0.15327738,True
5786,2.1139674,-0.12714672,True
11641,-1.1229957,-0.17404878,True
5746,-0.15633084,-0.02689135,True
12826,-1.3546071,-0.104172945,True
7337,-0.15803245,0.003134638,True
5943,-1.3616316,-0.08065438,True
8839,-0.8878968,0.045287132,True
10004,-0.082689695,-0.082689695,True
9342,-2.4725885,-0.22797394,True
2219,-0.22296175,-0.22296175,True
16707,-0.112840936,-0.020463213,True
15491,-0.088453986,-0.0037706941,True
10169,-0.11608666,-0.013950758,True
5347,-0.0690077,0.05330932,True
4927,-1.6436988,-0.12647986,True
506,-0.080527894,0.012464106,True
16185,-0.36582184,-0.06539631,True
2210,-0.1225561,-0.027631938,True
