,gt,pred,de
0,-0.050676584,-0.0061996058,False
1,-0.062063977,-0.013053194,False
2,0.010073999,-0.0174748,False
3,0.015115038,-0.006881078,False
4,0.0,0.00079183886,False
5,0.04252036,-0.01241397,False
6,-0.019726932,0.0022292733,False
7,-0.007551864,-0.005487025,False
8,-0.04381132,-0.007739544,False
9,-0.076425746,-0.092526175,False
10,-0.024591327,-0.004868269,False
11,0.17690396,-0.053080857,False
12,-0.06824957,0.046903208,False
13,-0.1773663,0.026580155,False
14,-0.004951723,0.015215546,False
15,-0.038236827,-0.021712884,False
16,-0.111183345,-0.050856143,False
17,-0.14290524,-0.19368899,False
18,0.06580295,-0.04298141,False
19,-0.0044401633,-0.0040112487,False
20,0.013741374,-0.089398384,False
21,0.0,0.0,False
22,0.013954555,-0.008769051,False
23,0.0012081414,-0.0067647025,False
24,0.15805785,-0.007613912,False
25,0.0,0.0,False
26,-0.029428277,-0.006843142,False
27,0.038219776,-0.016002432,False
28,-0.0041037896,-0.0031559342,False
29,-0.11578608,-0.034456685,False
30,0.033421855,-0.029071085,False
31,0.0076004565,0.014689937,False
32,0.0,0.0,False
33,0.04291153,-0.08366647,False
34,0.0055730604,0.035188697,False
35,-0.0043241084,-0.0043241084,False
36,0.18252361,-0.005231738,False
37,0.0038577914,0.008231342,False
38,0.123514146,0.026405081,False
39,-0.045681473,-0.045681473,False
40,-0.06344418,0.012210786,False
41,-0.01940807,-0.0011076778,False
42,-0.014360402,-0.014360402,False
43,0.008532543,-0.012613917,False
44,0.02531065,0.014237542,False
45,-0.047957636,-0.04451917,False
46,-0.007845789,-0.033494256,False
47,-0.015923385,-0.0484249,False
48,-0.05943255,-0.07558115,False
49,0.0067521036,-0.013012826,False
50,-0.12379253,-0.1286943,False
51,-0.39823425,0.0032154322,False
52,0.043483853,-0.052538753,False
53,-0.06258336,-0.05318278,False
54,-0.078000166,0.02853778,False
55,0.0,0.0,False
56,-0.042430837,-0.042430837,False
57,0.0029889736,-0.01985714,False
58,-0.04433927,0.006936252,False
59,0.0483142,-0.0149033815,False
60,-0.053189434,-0.023931995,False
61,-0.053399146,0.018903553,False
62,0.1950925,0.016126096,False
63,0.0065736985,0.0038112486,False
64,0.19340146,-0.11093217,False
65,0.032899335,0.03642513,False
66,-0.00508667,-0.00508667,False
67,-0.0069379173,-0.0030033588,False
68,-0.16049254,0.02022934,False
69,0.035001576,-0.010609835,False
70,0.011710109,-0.0038629863,False
71,-0.045863807,0.000987798,False
72,0.019179314,-0.016722739,False
73,0.22370043,-0.021009058,False
74,0.0016780049,0.023571238,False
75,0.024686664,-0.024895422,False
76,-0.054280728,-0.070011035,False
77,0.1142524,-0.020045742,False
78,-0.13786173,-0.082793236,False
79,0.13282785,0.0038527846,False
80,-0.22792786,0.043875426,False
81,-0.05981633,-0.023371726,False
82,-0.111452594,-0.04288672,False
83,-0.15918201,-0.11092132,False
84,0.0098027885,-0.03828209,False
85,0.0,0.0,False
86,-0.010297999,0.0648032,False
87,0.07023108,-0.018675804,False
88,0.07447648,-0.008024454,False
89,-0.044376582,0.005891323,False
90,-0.31643844,-0.022005439,False
91,0.1490674,-0.011082947,False
92,-0.0048446464,-0.0048446464,False
93,0.014900061,-0.004631537,False
94,0.00031918474,-0.021994097,False
95,-0.06955217,-0.01583254,False
96,0.0,0.0,False
97,-0.005408602,-0.028619004,False
98,0.0,0.0,False
99,-0.0044749146,-0.0044749146,False
100,0.011510294,-0.0048224535,False
101,0.028273951,-0.035943728,False
102,0.028210457,0.036344156,False
103,-0.0064702537,-0.028404875,False
104,0.022913137,0.0,False
105,-0.009157651,-0.009157651,False
106,-0.01890108,0.00025744736,False
107,-0.014947988,-0.014947988,False
108,0.010008816,-0.010094514,False
109,0.0,0.0,False
110,-0.0012509488,-0.025677595,False
111,0.0026971698,-0.041410632,False
112,-0.004631537,-0.004631537,False
113,0.0038481895,-0.01937278,False
114,0.013706967,-0.042395443,False
115,-0.0067657884,-0.023143383,False
116,0.009753574,-0.005948255,False
117,0.106882125,0.013473272,False
118,-0.009821926,-0.009821926,False
119,-0.023293309,-0.0020115972,False
120,-0.033082515,-0.02867207,False
121,0.115208894,0.031189144,False
122,-0.0048964294,-0.0044728112,False
123,0.017194426,-0.0053045438,False
124,-0.009865335,-0.009865335,False
125,0.016800161,0.0,False
126,0.013710456,-0.00885101,False
127,-0.020681856,-0.020681856,False
128,0.035221644,-0.019143421,False
129,0.05048957,-0.008638323,False
130,0.013920285,0.029792883,False
131,-0.004676602,-0.004676602,False
132,0.018857643,0.02401971,False
133,-0.035611574,-0.033395324,False
134,-0.0045988807,-0.0045988807,False
135,-0.02967306,-0.02967306,False
136,-0.09040658,-0.043345004,False
137,0.017063899,-0.005069112,False
138,0.015072526,-0.02906494,False
139,-0.004690887,-0.00402599,False
140,-0.0048105754,-0.0048105754,False
141,0.010672675,-0.026610209,False
142,-0.010212668,-0.010212668,False
143,-0.008724627,0.0031236596,False
144,-0.014735035,-0.014735035,False
145,-0.04415833,-0.04207126,False
146,-0.07980604,-0.0052732825,False
147,-0.4723823,-0.33529234,False
148,-0.008876127,-0.008876127,False
149,-0.023288142,-0.023288142,False
150,0.0012364164,-0.039415237,False
151,-0.0049393275,-0.0049393275,False
152,-0.011557285,-0.03445845,False
153,0.056151137,-0.09398982,False
154,-0.036419276,-0.036419276,False
155,0.0,0.0,False
156,-0.0040186113,-0.0040186113,False
157,-0.010126374,-0.010126374,False
158,-0.023624588,-0.0014814883,False
159,-0.0036166578,-0.0036166578,False
160,-0.02333849,-0.00052951276,False
161,0.007996083,-0.013654825,False
162,-0.008047558,-0.024342055,False
163,-0.05124986,-0.0990777,False
164,-0.0047312197,-0.0047312197,False
165,-0.0063671693,-0.028724896,False
166,0.22303882,0.026962087,False
167,0.0,0.0,False
168,-0.016312845,-0.03379466,False
169,0.017632129,0.042736366,False
170,0.0049871197,-0.015338707,False
171,-0.0041851327,0.027235039,False
172,-0.019200789,-0.019200789,False
173,-0.0048932876,-0.004156576,False
174,0.046233412,0.0,False
175,0.0027228259,-0.033939503,False
176,-0.048466906,-0.009107113,False
177,-0.016816534,-0.016816534,False
178,0.010491651,-0.034556102,False
179,0.0066695064,0.005821958,False
180,0.019587658,-0.1117714,False
181,0.0,0.0,False
182,-0.0133455545,0.005792871,False
183,-0.021425724,-0.023497887,False
184,0.0,0.0,False
185,-0.013436326,-0.013436326,False
186,0.04288418,-0.0027657282,False
187,0.015674628,0.0,False
188,-0.0072547924,-0.028479882,False
189,-0.0023511536,-0.022605056,False
190,0.0012664646,0.008281991,False
191,-0.029050576,-0.0015009884,False
192,-0.041069057,-0.012619533,False
193,-0.008576396,-0.008576396,False
194,-0.009039877,-0.032207124,False
195,0.0,0.0012463152,False
196,-0.014497684,-0.014497684,False
197,0.0,0.0,False
198,-0.03430537,-0.014336819,False
199,0.010766663,0.004152842,False
200,-0.0050123385,-0.0050123385,False
201,-0.0452379,-0.010516014,False
202,-0.076473504,-0.015367247,False
203,-0.11938131,-0.08719647,False
204,0.07007781,0.029419754,False
205,0.021436304,-0.0017575473,False
206,0.0,0.0,False
207,0.0,0.0,False
208,-0.004932341,-0.004932341,False
209,-0.025542602,-0.012525782,False
210,-0.0046665743,-0.07339295,False
211,0.025910333,0.011206575,False
212,0.0060260072,0.013057314,False
213,-0.036884483,0.0061361417,False
214,-0.111409724,0.014178932,False
215,0.031270787,-0.014391167,False
216,-0.08862523,-0.007267475,False
217,-0.08341731,-0.03355881,False
218,0.01799328,-0.0044247913,False
219,-0.033793475,-0.033793475,False
220,0.04051268,-0.0048839287,False
221,0.0071781687,-0.036375277,False
222,0.02186873,-0.020009222,False
223,-0.038622063,-0.025076535,False
224,0.08104487,0.007179845,False
225,0.027444283,-0.018063774,False
226,-0.0146518955,-0.0146518955,False
227,-0.046492845,0.027562574,False
228,-0.018245867,-0.018245867,False
229,-0.019188685,-0.019188685,False
230,0.0,0.0,False
231,0.013020873,-0.009947132,False
232,-0.009953682,-0.009953682,False
233,-0.07140468,-0.016776182,False
234,-0.03323597,0.03305718,False
235,0.063740306,-0.004906516,False
236,-0.0050598695,-0.0050598695,False
237,0.02116045,-0.014426589,False
238,-0.009131119,-0.011341156,False
239,-0.08702528,-0.03174533,False
240,0.0,0.029877957,False
241,0.0011996329,0.046584394,False
242,0.0,0.0,False
243,-0.004356498,-0.004356498,False
244,0.026488349,-0.0119837,False
245,0.0,0.0,False
246,0.0,0.0,False
247,0.009793248,-0.03649389,False
248,-0.04661593,-0.04661593,False
249,0.04290799,-0.009455282,False
250,-0.06250552,-0.045274675,True
251,-0.014283971,-0.014283971,False
252,0.022443242,0.0031952793,False
253,-0.041364618,-0.007557031,False
254,-0.028780727,-0.051767558,False
255,0.014539763,-0.0022927783,False
256,-0.0049009644,-0.0049009644,False
257,0.17231685,0.014472425,False
258,0.0,0.0,False
259,-0.09639758,0.017190814,False
260,0.024137802,0.025799394,False
261,-0.019387215,-0.019387215,False
262,0.0,0.0,False
263,-0.2014176,-0.09728551,False
264,-0.0046034134,-0.0046034134,False
265,-0.009667704,-0.009667704,False
266,-0.019100469,-0.0069780797,False
267,-0.0050306404,-0.0050306404,False
268,0.016377594,0.00286119,False
269,-0.0052210838,-0.019690692,False
270,0.0029676817,-0.044588555,False
271,0.0,0.0,False
272,-0.004814158,-0.004814158,False
273,0.035833023,-0.02957041,False
274,-0.005571613,0.025208596,False
275,-0.08269204,0.034071945,False
276,0.012739745,-0.009719062,False
277,-0.032669336,0.018836439,False
278,-0.00074772537,-0.0378867,False
279,-0.0053503197,-0.028309498,False
280,-0.018660335,-0.018660335,False
281,0.033047996,-0.07279004,False
282,0.016264081,-0.004358008,False
283,-0.009741105,-0.009741105,False
284,-0.0048993845,-0.004311051,False
285,0.015726488,-0.00055733323,False
286,-0.0003150478,-0.070075475,False
287,-0.0016483702,-0.010760631,False
288,0.035582498,-0.00474491,False
289,-0.0034174668,-0.0034174668,False
290,-0.009421378,0.0008478472,False
291,-0.06277975,-0.026120178,False
292,-0.023317706,-0.06635669,False
293,0.0089683,-0.009339797,False
294,-0.0141897015,-0.0141897015,False
295,-0.031573594,-0.03140481,False
296,0.0021334123,-0.020851199,False
297,0.002503125,-0.013174741,False
298,0.023083901,-0.019215228,False
299,-0.017047986,-0.034726515,False
300,0.0074994946,0.00038556568,False
301,0.026888058,-0.041146025,False
302,-4.8162416e-05,-0.021331204,False
303,-0.027337085,-0.027337085,False
304,-0.011414014,-0.03325966,False
305,-0.011970472,-0.031705316,False
306,-0.008028659,-0.008028659,False
307,-0.011688143,-0.021321908,False
308,0.017025746,-0.0053586895,False
309,-0.008390801,-0.008390801,False
310,-0.062700845,0.024574637,False
311,0.020429078,0.0,False
312,0.034411248,-0.01408805,False
313,-0.020357393,-0.023334704,False
314,-0.014274158,0.024255916,False
315,-0.036703505,-0.026978167,False
316,-0.013286054,-0.029374862,False
317,0.05835522,0.02750682,False
318,0.011721864,-0.01776784,False
319,0.0,0.0,False
320,0.026732665,0.011459295,False
321,0.018293591,-0.00502133,False
322,-0.004478243,-0.004478243,False
323,0.019425176,-0.024910446,False
324,0.0036855396,-0.01876256,False
325,0.012864868,-0.0039587812,False
326,-0.009033311,-0.009033311,False
327,0.001053296,-0.020229746,False
328,-0.017081646,-0.017081646,False
329,-0.013276747,-0.013276747,False
330,0.0,0.0,False
331,0.016377594,0.0023183397,False
332,0.0,0.0021619846,False
333,-0.0048907436,-0.0048907436,False
334,0.00850497,-0.015082983,False
335,-0.0050698267,-0.0050698267,False
336,-0.016806513,-0.014568245,False
337,-0.019533511,-0.019533511,False
338,0.0,0.0,False
339,0.0,0.0,False
340,-0.010093772,-0.010093772,False
341,0.0,0.0,False
342,0.0,0.0,False
343,0.0,0.00041005225,False
344,0.007289335,-0.014813205,False
345,0.02117704,-0.022818761,False
346,0.0,0.0,False
347,-0.011878027,-0.033758182,False
348,0.017240837,0.0054608732,False
349,0.03398303,-0.019628607,False
350,-0.009275303,-0.0006219726,False
351,0.0102262795,-0.011327893,False
352,0.022308407,-0.019087708,False
353,0.029223949,0.046517596,False
354,-0.024665594,-0.010159612,False
355,0.06697595,-0.040991068,False
356,0.022569472,0.0013266249,False
357,0.004616352,-0.018765282,False
358,-0.0039466545,-0.04889295,False
359,0.012267723,-0.0040650247,False
360,0.0,0.0,False
361,-0.0050758063,-0.0050758063,False
362,-0.0131325405,-0.0131325405,False
363,-0.0036115665,-0.023070967,False
364,-0.004967826,-0.004967826,False
365,0.077523455,-0.018228844,False
366,0.03726667,-0.0241407,False
367,0.051342957,-0.0068937694,False
368,-0.0050840024,-0.0050840024,False
369,0.0,0.0,False
370,-0.024320489,-0.002318468,False
371,-0.0054335915,-0.005023596,False
372,-0.043089747,-0.025262699,False
373,-0.051754095,-0.021621242,False
374,-0.015012341,-0.015012341,False
375,0.0154109895,-0.004818657,False
376,0.010270184,-0.028702402,False
377,-0.03726881,-0.008466106,False
378,-0.009554996,-0.009554996,False
379,-0.08379239,0.035171002,False
380,0.0,0.0,False
381,0.0,0.0,False
382,0.00040055998,-0.014861127,False
383,-0.006254755,-0.029690558,False
384,-0.00924245,-0.00924245,False
385,0.022742923,-0.011195794,False
386,0.0,0.0,False
387,0.0,0.0,False
388,-0.014756291,-0.014756291,False
389,-0.013570032,-0.013570032,False
390,-0.007583102,-0.029364714,False
391,-0.011607271,-0.053049352,False
392,-0.012611318,-0.0022095377,False
393,0.079880826,-0.009719694,False
394,0.076324254,-0.052691936,False
395,0.042164415,0.06201613,False
396,0.011294552,-0.008564574,False
397,0.018395022,-0.004047248,False
398,0.005212143,-0.009633751,False
399,0.046441372,0.001255352,False
400,0.01375635,-0.0027593225,False
401,-0.008905012,-0.031319227,False
402,-0.013291222,-0.013291222,False
403,0.032672092,0.0,False
404,0.05108605,0.0026697665,False
405,0.031962514,-0.19110751,False
406,-0.088761285,-0.026290126,False
407,0.015261687,0.0,False
408,0.007906511,-0.03201644,False
409,-0.0030926578,0.019868169,False
410,-0.026606597,-0.025576498,False
411,-0.009327609,-0.009327609,False
412,0.05644081,-0.01272497,False
413,0.023997128,-0.021806061,False
414,0.051528484,-0.02883999,False
415,-0.010203273,-0.010203273,False
416,-0.11297715,-0.0007660091,False
417,-0.0049974755,-0.0049974755,False
418,-0.02045122,-0.02045122,False
419,-0.019201858,-0.019201858,False
420,-0.022588095,-0.022588095,False
421,-0.018741237,-0.018553622,False
422,-0.033678852,-0.054417886,False
423,-0.010680929,-0.03389133,False
424,0.013399948,-0.009678927,False
425,-0.026520591,-0.06525833,False
426,-0.038276866,-0.060907904,False
427,-0.004912503,-0.004912503,False
428,0.047342356,0.0050610527,False
429,-0.06382652,-0.020506531,False
430,-0.009621818,-0.0075934418,False
431,-0.0048796716,-0.0048796716,False
432,-0.01896298,-0.01896298,False
433,-0.045055017,-0.045055017,False
434,0.0,0.0,False
435,-0.008949109,-0.008949109,False
436,-0.042555217,-0.042555217,False
437,-0.0048509818,-0.0016017752,False
438,-0.008035048,-0.008035048,False
439,0.0,0.0,False
440,0.136398,-0.0018082336,False
441,-0.027020752,-0.016431432,False
442,0.048464634,0.0013112687,False
443,-0.008896087,-0.008896087,False
444,-0.03174365,0.013390601,False
445,-0.03589764,-0.03589764,False
446,-0.0049199415,-0.0049199415,False
447,-0.009540578,-0.009540578,False
448,0.0046484433,-0.062314864,False
449,0.018753394,-0.022867598,False
450,-0.009257077,-0.009257077,False
451,0.0098979715,-0.01308886,False
452,-0.049609184,-0.011394519,False
453,-0.030491285,-0.030491285,False
454,-0.035938747,-0.0051968135,False
455,0.023691058,0.013180357,False
456,0.0,0.0,False
457,-0.019791692,-0.019791692,False
458,0.016377594,0.0,False
459,-0.013991538,-0.013991538,False
460,-0.019491188,-0.019491188,False
461,0.0,0.0,False
462,-0.078070514,-0.078070514,False
463,-0.005461106,-0.005461106,False
464,0.060575254,-0.02007477,False
465,-0.06703986,-0.08955264,False
466,-0.043887243,-0.025067821,False
467,-0.008567212,-0.008567212,False
468,-0.01864255,-0.01864255,False
469,-0.005218501,-0.005218501,False
470,-0.041403092,-0.0071915537,False
471,-0.028290384,-0.0029345527,False
472,-0.024794545,-0.024794545,False
473,0.023094993,-0.019094959,False
474,0.0,0.0,False
475,0.04374858,0.0,False
476,-0.00018792413,-0.02264673,False
477,-0.03873211,0.02178571,False
478,-0.07396802,-0.017423842,True
479,0.0,0.0,False
480,0.015432781,-0.005026541,False
481,0.060082786,0.0056677163,False
482,-0.019514138,-0.019514138,False
483,0.062109325,-0.010021287,False
484,0.0,0.0,False
485,0.040335264,-0.027530927,False
486,-0.0086635845,-0.008098033,False
487,-0.00206149,0.010758717,False
488,0.05446917,-0.023447275,False
489,-0.0060132258,0.0009313673,False
490,-0.009474364,-0.009474364,False
491,-0.044858377,0.006760698,False
492,0.019841837,-0.004687762,False
493,0.0072926683,-0.015155432,False
494,-0.0035210575,-0.0027573053,False
495,0.018831056,0.012666421,False
496,-0.10798029,-0.041130476,False
497,0.052196413,-0.010002283,False
498,0.02667999,-0.029905094,False
499,0.20063266,0.07621983,False
500,-0.002847053,0.012014721,False
501,-0.01967128,-0.01967128,False
502,0.0010864735,-0.01916347,False
503,-0.01467136,-0.01467136,False
504,-0.0036115283,-0.0036115283,False
505,0.0,0.0,False
506,0.004766926,0.012157448,False
507,-0.0390601,-0.019103069,False
508,-0.018607302,-0.018607302,False
509,0.0,0.0,False
510,-0.0042015244,-0.0028461432,False
511,-0.010847059,-0.009301834,False
512,0.052319527,0.0090845,False
513,-0.023510557,-0.023510557,False
514,0.032445982,0.015107427,False
515,-0.013926414,-0.013926414,False
516,0.013219625,-0.0057033934,False
517,-0.06966841,-0.031762242,False
518,-0.010259982,-0.010259982,False
519,0.035117354,-0.013489593,False
520,-0.0090956045,-0.0090956045,False
521,-0.021380782,0.0036202222,False
522,-0.13786681,-0.06543636,False
523,0.0017669965,-0.019319516,False
524,0.038682148,-0.0053911023,False
525,0.0385364,-0.02416066,False
526,-0.023277583,-0.023277583,False
527,0.0,0.0,False
528,-0.009032052,0.0037511084,False
529,0.03528031,-0.01844705,False
530,0.0,0.0,False
531,0.0,0.0,False
532,0.019698497,-0.050370153,False
533,-0.004513249,-0.004513249,False
534,0.0064432006,-0.009101101,False
535,-0.0027257167,-0.027933588,False
536,-0.009438607,-0.009438607,False
537,0.017688416,-0.004650339,False
538,0.049070396,-0.023375709,False
539,0.0,0.0,False
540,0.109506845,-0.01527831,False
541,0.008479375,-0.029670626,False
542,0.019859126,0.0006201404,False
543,-0.0067170747,0.0151652545,False
544,-0.009482071,-0.008607264,False
545,0.0,0.0,False
546,-0.014544167,-0.014544167,False
547,-0.0331629,-0.0331629,False
548,0.0026983991,-0.041990597,False
549,-0.022779433,-0.006031079,False
550,-0.009793426,-0.009793426,False
551,-0.019272242,-0.019272242,False
552,-0.018291146,0.0040631294,False
553,-0.024480235,-0.04196205,False
554,0.002744291,-0.019803204,False
555,-0.0051193144,-0.0051193144,False
556,0.013380874,-0.009649474,False
557,-0.013829895,-0.013829895,False
558,-0.009557308,-0.009557308,False
559,0.034829706,-0.042269707,False
560,0.005527403,-0.017550336,False
561,0.0,0.0,False
562,0.05599995,0.026930846,False
563,-0.02152121,-0.105688795,False
564,-0.013655618,0.017647699,False
565,-0.043489136,-0.043489136,False
566,-0.011553345,-0.011553345,False
567,-0.004936444,-0.004936444,False
568,0.01444198,-0.0047674626,False
569,0.0039517134,-0.06460618,False
570,-0.029279117,-0.029279117,False
571,-0.11219671,0.022641718,False
572,0.0,0.00017384993,False
573,0.0,0.0026793033,False
574,0.014995024,0.025412872,False
575,-0.009296771,-0.06829356,False
576,-0.009492982,-0.009492982,False
577,-0.0048315576,-0.0044201743,False
578,-0.06400631,-0.05531095,False
579,0.0061652446,-0.009681442,False
580,0.048693806,-0.018900143,False
581,0.01906243,-0.03259188,False
582,0.05127815,-0.11913716,False
583,0.0206561,-0.019329472,False
584,0.07417527,-0.038470507,False
585,0.0006131865,-0.022437405,False
586,-0.01853637,-0.01853637,False
587,-0.045734208,0.01941093,False
588,-0.004478243,-0.004478243,False
589,-0.0045929668,-0.0045929668,False
590,0.0028254762,-0.0027614534,False
591,0.0061324406,-0.012761749,False
592,-0.008134969,-0.008134969,False
593,-0.005200414,-0.005200414,False
594,0.005675178,-0.05286355,False
595,-0.014311183,-0.014311183,False
596,0.048352063,-0.009931684,False
597,0.0,0.0,False
598,-0.004552625,-0.004552625,False
599,-0.006988246,-0.04805004,False
600,-0.0108412765,-0.034755204,False
601,-0.004715158,-0.004715158,False
602,0.013799183,-0.029112268,False
603,-0.008690345,-0.008690345,False
604,0.018658694,-0.026608761,False
605,-0.008749577,-0.008749577,False
606,0.018149873,-0.013889527,False
607,-0.0044935048,0.008815525,False
608,-0.00081774406,-0.024199378,False
609,-0.004127486,-0.004127486,False
610,0.024220422,0.018534258,False
611,0.0,0.0,False
612,-0.07022031,-0.13790981,False
613,0.1975629,0.013130367,False
614,-0.02618961,0.004852565,False
615,-0.009629368,-0.009629368,False
616,0.027034279,-0.022706889,False
617,0.028767372,-0.013312576,False
618,-0.011754982,-0.03403455,False
619,-0.017160442,-0.03398409,False
620,-0.03441206,-0.03441206,False
621,0.0037344173,-0.01865002,False
622,-0.036764227,-0.005744789,False
623,-0.018330226,-0.018330226,False
624,0.0053102747,-0.017720073,False
625,-0.020618329,-0.021117542,False
626,0.0,0.0,False
627,-0.025079546,-0.04720896,False
628,0.033391487,-0.0038930215,False
629,-0.0047287676,-0.0047287676,False
630,0.0,0.0,False
631,0.0,0.0002748892,False
632,-0.009462403,0.0077767465,False
633,-0.014737274,-0.014737274,False
634,0.019734845,0.0,False
635,0.043556865,-0.022723202,False
636,0.0,0.0,False
637,0.040657964,-0.004915913,False
638,0.008461064,-0.029631639,False
639,-0.026515912,-0.026515912,False
640,-0.026691977,-0.008113496,False
641,-0.028236754,-0.028236754,False
642,0.03236782,-0.037189636,False
643,0.010804942,0.0045719314,False
644,0.0,0.0,False
645,0.020173531,-0.017578818,False
646,-0.12076824,-0.007162586,False
647,0.02377739,-0.022960553,False
648,-0.009869091,-0.009869091,False
649,0.0,0.0,False
650,-0.012884633,0.017707981,False
651,-0.009459119,-0.054000363,False
652,-0.0033903997,-0.02448178,False
653,0.0021170266,-0.0202407,False
654,0.0,0.0,False
655,-0.0037512553,-0.0035141883,False
656,-0.029524244,-0.012369778,False
657,0.006671861,0.0048794597,False
658,-0.009740744,-0.049019504,False
659,-0.010427449,-0.010427449,False
660,0.07869622,-0.033754695,False
661,0.0,0.0,False
662,0.021652507,0.0,False
663,-0.013772059,-0.013772059,False
664,-0.024593763,-0.024593763,False
665,-0.005174614,-0.005174614,False
666,0.1289789,-0.0016750246,False
667,-0.009411357,-0.055758342,False
668,-0.0034862934,-0.0034862934,False
669,0.026927948,-0.021825835,False
670,-0.032687753,0.0066764206,False
671,0.036295734,-0.008055352,False
672,-0.0048277224,-0.0048277224,False
673,-0.0051165484,-0.0051165484,False
674,0.00085029006,-0.013995604,False
675,-0.04147761,-0.04147761,False
676,-0.034631785,-0.056764796,False
677,0.090430535,-0.09431674,False
678,-0.02089745,-0.043293387,False
679,-0.008671409,-0.008671409,False
680,0.013522363,-0.008956966,False
681,-0.0028005242,-0.045711976,False
682,0.0,0.0,False
683,-0.010131316,-0.010131316,False
684,0.003129119,-0.013203628,False
685,0.042146254,0.014886275,False
686,-0.026233584,-0.021726042,False
687,0.032177895,0.007659197,False
688,0.005099613,-0.028964214,False
689,-0.04963637,-0.04963637,False
690,0.0,0.0,False
691,-0.008895966,-0.02374186,False
692,0.04168731,0.069323614,False
693,0.042265676,0.014353954,False
694,0.029863002,-0.004717735,False
695,-0.008713505,-0.008713505,False
696,-0.0032180287,-0.06164872,False
697,-0.038181037,0.013200909,False
698,-0.08791961,-0.037314758,False
699,-0.025522005,-0.039270088,False
700,0.037146427,-0.100794934,False
701,0.04805989,0.019522317,False
702,0.14643574,-0.011992894,False
703,-0.02418893,-0.02418893,False
704,0.012745444,-0.009765357,False
705,-0.022329552,-0.022329552,False
706,0.012803279,-0.008339215,False
707,-0.0045843073,-0.0045843073,False
708,-0.008134648,0.06731394,False
709,0.008352399,0.042298764,False
710,-0.024333721,-0.024333721,False
711,0.0,0.0,False
712,0.015586562,-0.04413443,False
713,-0.018392691,-0.018392691,False
714,-0.028968304,-0.028968304,False
715,-0.004825721,-0.004825721,False
716,0.0,0.0,False
717,-0.032529406,-0.032529406,False
718,0.007156087,-0.009138409,False
719,0.0,0.0,False
720,0.0959566,-0.10048587,False
721,-0.019306866,-0.019306866,False
722,0.025557224,-0.018961545,False
723,0.0003569685,-0.04612175,False
724,0.040217366,-0.026429003,False
725,0.04459537,-0.03217691,False
726,0.021989824,0.0,False
727,0.1954533,-0.0015840977,False
728,-0.0045059593,-0.0045059593,False
729,0.0005581528,-0.019176692,False
730,-0.0037567792,-0.0037567792,False
731,0.012072144,-0.009353461,False
732,-0.005088615,-0.005088615,False
733,0.017501019,-0.07086679,False
734,-0.066471405,-0.056035478,False
735,0.0,0.0,False
736,-0.12246059,-0.03943333,False
737,-0.0015737917,-0.018767297,False
738,-0.0051891888,-0.0051891888,False
739,-0.029040845,-0.029040845,False
740,0.03412547,-0.027385147,False
741,0.007082654,-0.00929494,False
742,0.019258969,-0.004547674,False
743,0.00055245124,-0.02201702,False
744,0.005642105,-0.010035761,False
745,-0.014800152,-0.014800152,False
746,-0.0014494602,0.00019151904,False
747,-0.0012238063,0.012016356,False
748,0.07170522,0.024520218,False
749,-0.012180422,-0.012180422,False
750,-0.04163807,-0.00839214,False
751,-0.0056153685,-0.0077171996,False
752,-0.03753918,-0.03753918,False
753,0.017357996,0.0045743682,False
754,0.0,0.0,False
755,0.0,0.0,False
756,-0.010102485,-0.010102485,False
757,-0.006600691,0.012918577,False
758,0.006091237,-0.0754776,False
759,0.007847355,-0.01357825,False
760,-0.0007680133,-0.023846889,False
761,0.0032898337,-0.019292682,False
762,-0.017182529,-0.033560123,False
763,-0.021868473,0.0049566794,False
764,0.0,0.0,False
765,-0.007210059,0.0046328604,False
766,-0.018712856,0.0017148107,False
767,0.024243943,-0.018436726,False
768,-0.008716821,-0.008716821,False
769,-0.033336986,0.020819567,False
770,-0.004763212,-0.004763212,False
771,0.052097388,0.021790646,False
772,0.035707094,-0.009186417,False
773,-0.009674551,0.00863537,False
774,0.079070464,0.026140805,False
775,-0.010954693,-0.055005252,False
776,0.06329282,-0.09538446,False
777,-0.014933031,-0.014933031,False
778,-0.013387686,-0.013387686,False
779,0.027894115,-0.029002441,False
780,0.0,0.0,False
781,-0.01809771,-0.041141544,False
782,0.0,0.0,False
783,0.030069936,-0.009822175,False
784,-0.0091940155,-0.0091940155,False
785,-0.0050859423,-0.0050859423,False
786,-0.009391213,-0.009391213,False
787,0.012085877,-0.00982653,False
788,0.0050457492,-0.040469293,False
789,-0.003108479,-0.016094469,False
790,-0.0021645296,-0.024044685,False
791,-0.008613516,-0.008613516,False
792,-0.06709069,-0.021070704,False
793,-0.02798155,-0.09961573,False
794,0.087510586,-0.097827464,False
795,0.00906028,-0.013193255,False
796,-0.1080036,-0.027647808,False
797,-0.08512449,-0.031092703,False
798,0.02715534,-0.012091011,False
799,0.0044057667,0.023508295,False
800,-0.007978201,-0.04783891,False
801,-0.020317651,0.009869017,False
802,0.040408634,-0.015129045,False
803,-0.011000499,-0.0144279525,False
804,0.0,0.0008312251,False
805,0.03253325,-0.07269972,False
806,-0.04301487,-0.04301487,False
807,0.021336254,-0.0038449168,False
808,-0.023868928,-0.023868928,False
809,-0.036166057,0.00847102,False
810,0.038124204,0.0056234896,False
811,-0.050677985,0.021729559,False
812,-0.043718122,-0.01111576,False
813,0.018339524,-0.0048277224,False
814,0.018593926,-0.0048942682,False
815,0.060189784,-0.06781915,False
816,0.0,0.0,False
817,-0.014893383,-0.021982878,False
818,-0.015949827,-0.039000418,False
819,-0.005072931,0.017161364,False
820,0.0062399413,-0.017029516,False
821,-0.007987033,-0.007987033,False
822,-0.004289845,-0.02679374,False
823,-0.020410115,-0.037640736,False
824,0.0792312,0.0029848367,False
825,0.0,0.0,False
826,0.0,0.0,False
827,-0.032292973,-0.0027800892,False
828,0.021072732,0.0029384661,False
829,0.05396208,-0.010709047,False
830,0.015361974,-0.02683541,False
831,-0.024396557,-0.024396557,False
832,-0.010000221,-0.055402584,False
833,-0.014927399,-0.014927399,False
834,-0.0340178,0.01548937,False
835,0.018275052,0.061145402,False
836,-0.03694406,-0.02197446,False
837,0.018234938,0.0053450875,False
838,0.034850176,0.01464918,False
839,0.036408562,0.018282576,False
840,-0.014494649,-0.014494649,False
841,0.0,0.0,False
842,-0.029916454,-0.0069782957,False
843,-0.024605121,-0.024605121,False
844,-0.013318088,-0.013318088,False
845,0.0,0.0,False
846,-0.008441571,-0.008441571,False
847,-0.012025455,-0.032255102,False
848,-0.0047798185,-0.0047798185,False
849,-0.0028449073,-0.08800851,False
850,0.013944007,-0.065197945,False
851,-0.050761264,0.011659615,False
852,0.008759098,-0.013753679,False
853,-0.013634662,-0.013634662,False
854,-0.02460951,-0.02460951,False
855,-0.004876203,-0.004876203,False
856,0.0,0.0,False
857,-0.018168144,-0.018168144,False
858,0.0,0.0,False
859,-0.0151833175,-0.0120477015,False
860,0.0,0.0,False
861,-0.02965419,-0.0031193495,False
862,-0.0016623829,-0.021942275,False
863,-0.0011441354,-0.022235516,False
864,-0.009993106,0.022995668,False
865,0.012200781,-0.010406935,False
866,-0.02199422,-0.02199422,False
867,-0.023644056,-0.023644056,False
868,-0.014341443,-0.013226811,False
869,0.0013170764,-0.06288386,False
870,0.0,0.00026475868,False
871,-0.007191576,-0.028416665,False
872,0.0529038,-0.025420971,False
873,0.0118442625,-0.012729464,False
874,0.011907467,-0.0099381795,False
875,0.012225613,-0.055104278,False
876,-0.012595633,-0.012595633,False
877,-0.02829475,-0.02829475,False
878,-0.08134283,-0.051937625,False
879,-0.0047257394,0.017562717,False
880,0.019943347,-0.024573794,False
881,-0.020327702,-0.042344958,False
882,0.0,0.0,False
883,-0.018727485,-0.042534128,False
884,-0.01313944,-0.01313944,False
885,0.0066047683,-0.060935058,False
886,-0.017440021,0.014770575,False
887,0.005006603,0.008567945,False
888,0.051813025,-0.015050713,False
889,0.030474724,-0.014327558,False
890,0.015457496,0.007534746,False
891,-0.005812019,-0.004162628,False
892,-0.004428873,-0.004428873,False
893,0.033215478,-0.013631696,False
894,-0.004236065,0.038847543,False
895,-0.09554985,-0.026664019,False
896,-0.00499182,-0.023462243,False
897,0.03138034,0.008061051,False
898,-0.015894635,-0.03878278,False
899,-0.0349268,-0.018770184,False
900,0.0022178944,-0.00727587,False
901,-0.009857117,-0.009857117,False
902,-0.013781964,-0.013781964,False
903,-0.014075478,-0.014075478,False
904,-0.00869466,-0.024989156,False
905,0.015780285,-0.0045455415,False
906,0.00823475,-0.013645406,False
907,0.03564634,-0.007910938,False
908,-0.04205399,-0.027071416,False
909,0.04837183,-0.044498272,False
910,0.020313801,-0.023632934,False
911,0.0122915525,-0.004901953,False
912,0.0,0.0,False
913,0.0,0.0,False
914,0.001387353,-0.012779715,False
915,0.016453905,-0.0021339338,False
916,0.015876412,0.008281436,False
917,0.0,0.0,False
918,-0.037797034,-0.008253813,False
919,-0.019204479,-0.019204479,False
920,0.0,0.0,False
921,-0.0092242295,-0.0092242295,False
922,-0.02972269,-0.04539732,False
923,0.0,0.0,False
924,-0.027818067,-0.010155221,False
925,-0.004223634,-0.004223634,False
926,-0.008564569,-0.008564569,False
927,0.0008925386,-0.033504367,False
928,0.022384852,-0.00750798,False
929,0.044772826,-0.024016635,False
930,-0.016967757,-0.016967757,False
931,-0.0011882521,-0.012672781,False
932,0.0,0.0,False
933,0.014568298,-0.008449729,False
934,-0.0045462074,-0.0045462074,False
935,-0.0013124812,-0.018616213,False
936,-0.050068557,-0.058788955,False
937,-0.00724487,-0.073424645,False
938,-0.05803318,-0.05803318,False
939,0.009596119,-0.013223279,False
940,-0.009374202,-0.009374202,False
941,0.0,0.0,False
942,-0.0051456327,-0.0051456327,False
943,-0.052422103,-0.052422103,False
944,-0.019249989,0.022353873,False
945,0.0036564656,-0.018854335,False
946,0.008895463,-0.014182276,False
947,0.0,0.0006865137,False
948,-0.004905125,-0.0042354446,False
949,-0.040199064,-0.040199064,False
950,-0.0103621725,-0.0019044988,False
951,0.0,0.0,False
952,-0.009242909,-0.009242909,False
953,0.011867668,-0.004955982,False
954,-0.005091785,-0.005091785,False
955,-0.019125085,-0.019125085,False
956,0.08472707,0.030611493,False
957,0.15836345,-0.018379642,False
958,-0.012918603,-0.012918603,False
959,0.017513927,-0.014978378,False
960,-0.0048932876,-0.0048932876,False
961,-0.034453686,-0.034453686,False
962,0.008932218,-0.0075035617,False
963,-0.008966396,-0.008966396,False
964,0.021324746,-0.009464767,False
965,0.006268719,-0.015382189,False
966,0.0,0.0,False
967,-0.03379926,0.013328925,False
968,-0.044197522,-0.044197522,False
969,-0.009566239,-0.009566239,False
970,-0.0044606337,-0.0044606337,False
971,-0.009495785,-0.009495785,False
972,-0.035973325,-0.07473831,False
973,-0.06418652,-0.024616472,False
974,0.03800244,-0.016599692,False
975,0.040333696,-0.041977204,False
976,0.0048877,-0.040738672,False
977,-0.00971966,-0.00971966,False
978,0.033624027,-0.009586195,False
979,0.0131042,-0.21157551,False
980,-0.0022579413,-0.018635536,False
981,-0.019727997,-0.019727997,False
982,-0.038570613,0.030523568,False
983,-0.009249339,-0.009249339,False
984,0.0042865174,-0.012787939,False
985,0.0,0.0,False
986,0.0075343745,-0.014478094,False
987,-0.013804856,-0.013804856,False
988,0.009399932,-0.03279412,False
989,0.013839394,-0.032754913,False
990,-0.019876698,-0.035723384,False
991,-0.038920242,-0.038920242,False
992,0.0,0.0,False
993,-0.030678816,-0.0056715533,False
994,0.0,0.0005818203,False
995,-0.20462167,-0.12240493,False
996,0.015846686,0.0,False
997,0.073226064,-0.06019157,False
998,-0.013919294,-0.02793412,False
999,-0.0553801,-0.119895905,False
1000,0.018188912,-0.028933633,False
1001,-0.007865623,-0.047432594,False
1002,0.053327654,0.0020745099,False
1003,0.035041682,-0.01009075,False
1004,0.029528372,0.010588158,False
1005,-0.009468,-0.009468,False
1006,0.013263609,-0.00995736,False
1007,-0.0063521657,-0.0075645894,False
1008,-0.005208995,-0.005208995,False
1009,-0.022897398,-0.04697194,False
1010,-0.037068993,-0.108930476,False
1011,-0.0050479244,-0.004313482,False
1012,-0.037978917,-0.075304456,False
1013,0.008317366,0.005316332,False
1014,0.027979396,-0.009580904,False
1015,0.0,0.0,False
1016,0.0,0.00053612085,False
1017,0.029773355,-0.062913544,False
1018,-0.045983866,-0.025465168,False
1019,-0.009914068,-0.009914068,False
1020,-0.0059858933,-0.05208166,False
1021,-0.0048579276,-0.0048579276,False
1022,-0.04578358,-0.04578358,False
1023,-0.03306268,0.0019883849,False
1024,-0.013566838,-0.013566838,False
1025,0.07406284,0.026992146,False
1026,0.019764155,-0.023202643,False
1027,-0.04911938,-0.022720791,False
1028,0.046994988,-0.019026715,False
1029,0.023789033,0.0,False
1030,-0.021891285,-0.021133991,False
1031,-0.0191296,-0.0191296,False
1032,0.024922298,-0.013973096,False
1033,0.0014956221,0.015851289,False
1034,0.0008827057,-0.018648893,False
1035,0.13746816,0.02625683,False
1036,-0.079207145,-0.027409747,False
1037,0.004261475,-0.038873464,False
1038,0.0,0.0,False
1039,-0.038268615,0.011763308,False
1040,-0.019532973,-0.019532973,False
1041,-0.0047050845,-0.0047050845,False
1042,0.0,0.0,False
1043,-0.019569969,-0.019569969,False
1044,-0.0048993845,-0.00474999,False
1045,0.010709368,0.010971732,False
1046,-0.052529395,0.027909607,False
1047,0.011974251,-0.0047054025,False
1048,-0.0007767584,0.037654825,False
1049,-0.013800953,-0.0027070753,False
1050,-0.02367925,-0.02367925,False
1051,0.07701576,0.023099542,False
1052,-0.17859848,-0.31164852,False
1053,0.0,0.0,False
1054,-0.0007842034,-0.021438822,False
1055,-0.005765522,-0.028733527,False
1056,-0.017848589,-0.017848589,False
1057,-0.11412394,0.030115724,False
1058,-0.013273165,3.52785e-06,False
1059,0.017034072,-0.021425404,False
1060,-0.033355065,-0.024324693,False
1061,0.0,0.0014604835,False
1062,0.038767263,-0.023107596,False
1063,0.004121326,-0.016629726,False
1064,-0.009580629,-0.009580629,False
1065,-0.0049785348,-0.0049785348,False
1066,0.17654818,0.026366144,False
1067,0.04342024,-0.025246965,False
1068,0.043543294,-0.023697576,False
1069,0.11957714,0.0044483244,False
1070,-0.032485925,-0.05490014,False
1071,0.064093046,-0.025170011,False
1072,0.018733263,-0.0036848104,False
1073,-0.014549112,-0.014549112,False
1074,0.0,0.0,False
1075,0.0,0.0,False
1076,0.035562605,-0.0047591506,False
1077,-0.00922652,-0.029552346,False
1078,0.0,0.0,False
1079,0.012045864,-0.009915402,False
1080,-0.18786913,-0.116488636,False
1081,0.059009716,-0.0035864823,False
1082,0.0,0.0,False
1083,-0.09355855,-0.034952864,False
1084,0.0032984987,-0.01977924,False
1085,0.0061238743,-0.037342835,False
1086,0.0,0.0,False
1087,-0.039476063,-0.030322883,False
1088,0.02184818,-0.04533314,False
1089,0.002598226,-0.043049976,False
1090,-0.0036848104,-0.0036848104,False
1091,-0.007138448,-0.024620263,False
1092,-0.071413174,0.05389124,False
1093,0.036415666,-0.00096487626,False
1094,0.0,0.0,False
1095,-0.012840496,-0.019886268,False
1096,0.01887345,-0.0047487416,False
1097,0.047982268,-0.0142699815,False
1098,0.0,0.0,False
1099,0.002028495,-0.008569889,False
1100,-0.019439844,-0.019439844,False
1101,0.0037953388,-0.0192824,False
1102,0.0,0.0,False
1103,0.055625796,-0.054275215,False
1104,0.028493762,0.02767042,False
1105,-0.014628597,0.004258968,False
1106,0.015254587,-0.023118202,False
1107,0.018879281,-0.0045988807,False
1108,0.0,0.0,False
1109,0.014084359,-0.00932058,False
1110,0.0,0.0,False
1111,-0.009568617,-0.009568617,False
1112,-0.024315242,-0.024315242,False
1113,-0.009473933,-0.009473933,False
1114,-0.023894327,-0.023894327,False
1115,0.0,0.0,False
1116,-0.0050840024,-0.0050840024,False
1117,-0.005007431,-0.005007431,False
1118,-0.009430963,0.019225527,False
1119,-0.06213808,0.012108594,False
1120,0.02073444,0.03260027,False
1121,-0.0048385393,-0.0048385393,False
1122,0.0065424293,-0.03796666,False
1123,0.010957297,0.008285508,False
1124,0.03344064,-0.0054023997,False
1125,-0.0623551,0.028747678,False
1126,-0.01691782,0.009362869,False
1127,-0.004554102,-0.004554102,False
1128,-0.008900802,-0.008900802,False
1129,0.017319232,-0.005019524,False
1130,0.11649272,0.035754234,False
1131,-0.00066395104,-0.014993265,False
1132,0.053051636,0.016524255,False
1133,-0.019431928,-0.019431928,False
1134,-0.014322766,-0.014322766,False
1135,0.023583122,-0.04052423,False
1136,-0.0054318104,-0.0054318104,False
1137,-0.02187005,-0.0386937,False
1138,0.10944408,0.048340917,False
1139,-0.015395086,-0.015395086,False
1140,0.0319835,0.0024721157,False
1141,0.03424422,-0.030710783,False
1142,-0.01457316,-0.01457316,False
1143,-0.0041037896,-0.0041037896,False
1144,0.0,0.0,False
1145,-0.028555162,0.02919501,False
1146,0.03472017,-0.009752796,False
1147,-0.013282669,-0.013282669,False
1148,0.0120450435,-0.009590716,False
1149,-0.0048828404,0.002381226,False
1150,0.0075947763,-0.013429659,False
1151,-0.019536406,0.01888536,False
1152,0.0,0.0,False
1153,-0.01985497,-0.01985497,False
1154,-0.0052876174,-0.052586317,False
1155,-0.029485404,-0.012302216,False
1156,0.0,0.0,False
1157,0.0051877573,0.0024791434,False
1158,-0.019621447,-0.019621447,False
1159,0.05155018,-0.017272452,False
1160,0.039647505,-0.0052699703,False
1161,0.0076998984,-0.009123751,False
1162,-0.024462607,-0.015621349,False
1163,-0.008283382,-0.008283382,False
1164,0.0,0.0,False
1165,-0.024036271,-0.024036271,False
1166,0.017481815,0.0,False
1167,-0.009874105,0.0032442808,False
1168,0.050864115,-0.015399756,False
1169,-0.045864236,-0.045864236,False
1170,-0.040860247,-0.040860247,False
1171,-0.047566466,-0.011492565,False
1172,0.021652507,0.0,False
1173,-0.009911849,-0.009911849,False
1174,-0.014730008,-0.014730008,False
1175,-0.0036577638,-0.026084531,False
1176,0.0,0.0,False
1177,-0.008564574,-0.008564574,False
1178,0.05359452,-0.008990052,False
1179,-0.010234427,-0.047442645,False
1180,-0.00517837,-0.00517837,False
1181,0.021513753,-0.061851487,False
1182,-0.004814158,-0.004814158,False
1183,0.0034264605,-0.019390807,False
1184,0.029918432,-0.038863957,False
1185,-0.009432081,-0.009432081,False
1186,-0.009628147,-0.009628147,False
1187,0.019613877,-0.014009935,False
1188,0.004013803,-0.018899335,False
1189,0.010577297,0.0058210446,False
1190,0.018268729,-0.004911302,False
1191,-0.048752572,-0.048752572,False
1192,0.022682156,0.0011365749,False
1193,0.0068557933,-0.01510806,False
1194,0.023785539,-0.019882467,False
1195,-0.005018173,-0.005018173,False
1196,0.039580632,0.032045376,False
1197,-0.029659038,-0.029659038,False
1198,0.037725467,-0.047769073,False
1199,-0.013323127,-0.013323127,False
1200,-0.0049033393,-0.0049033393,False
1201,-0.00055555254,-0.023633292,False
1202,0.0,0.0,False
1203,-0.12166253,0.027584225,False
1204,-0.021942947,-0.021942947,False
1205,0.049917445,-0.011522224,False
1206,-0.02451029,-0.045565646,False
1207,0.015294259,-0.009188598,False
1208,-0.029585807,-0.029585807,False
1209,0.021427087,0.0030243527,False
1210,0.016990546,0.02293009,False
1211,0.012540522,-0.00977276,False
1212,-0.004651537,-0.004651537,False
1213,-0.0635978,-0.018402189,False
1214,-0.0040007187,-0.0040007187,False
1215,0.0121634975,-0.028238088,False
1216,-0.055208117,-0.07188777,False
1217,0.0,0.0,False
1218,0.0021927822,-0.020351725,False
1219,0.039387368,-0.0047312197,False
1220,-0.008659581,-0.008659581,False
1221,0.0036463682,8.766726e-05,False
1222,-0.0051631737,-0.0051631737,False
1223,0.12086868,-0.05636981,False
1224,0.018699095,-0.025784526,False
1225,0.009935945,-0.13663563,False
1226,0.0052035153,0.028506473,False
1227,-0.026897952,0.010579571,False
1228,0.007005371,0.008271929,False
1229,-0.009524973,-0.009524973,False
1230,0.0338192,-0.0007043034,False
1231,0.026832791,-0.01800839,False
1232,-0.00068164244,0.014364336,False
1233,-0.014325663,-0.021736793,False
1234,0.02741947,-0.006701432,False
1235,-0.0037512553,-0.0037512553,False
1236,0.0,0.0,False
1237,-0.0037567792,-0.0037567792,False
1238,0.061888598,-0.02832952,False
1239,0.0067607416,-0.009048782,False
1240,0.016371306,-0.0051778327,False
1241,-0.014309945,-0.014309945,False
1242,-0.012533814,-0.03499262,False
1243,-0.0049313186,-0.0049313186,False
1244,-0.018130705,0.016834632,False
1245,-0.004882378,-0.004882378,False
1246,-0.0755738,-0.019292086,False
1247,-0.0053577055,-0.0053577055,False
1248,0.03061147,-0.009303022,False
1249,-0.008393406,-0.008393406,False
1250,0.013910253,-0.004983937,False
1251,-0.008909942,-0.008909942,False
1252,-0.029632527,0.0019671544,False
1253,-0.009110782,-0.009110782,False
1254,0.0,0.0,False
1255,0.021091513,-0.038997654,False
1256,-0.011352193,-0.0066687837,False
1257,0.008836354,0.010588818,False
1258,0.001968868,-0.0010847282,False
1259,0.029426107,-0.009884583,False
1260,0.02784425,-0.008438797,False
1261,-0.011760505,-0.0073152687,False
1262,0.021661358,-0.024013093,False
1263,-0.023669114,-0.023669114,False
1264,0.028415471,-0.03380837,False
1265,0.046288237,-0.019246904,False
1266,0.022895735,0.0,False
1267,0.01128751,-0.005006986,False
1268,-0.005026541,-0.005026541,False
1269,0.057955623,-0.0017940253,False
1270,0.0,0.0,False
1271,-0.0113814995,-0.009731658,False
1272,-0.0029100552,-0.025411978,False
1273,0.016935784,-0.0048154155,False
1274,-0.014848759,-0.036728915,False
1275,-0.032342646,-0.032342646,False
1276,-0.009255909,-0.009255909,False
1277,-0.008978989,-0.008978989,False
1278,-0.004350482,-0.004350482,False
1279,0.007887555,-0.014076298,False
1280,0.15123317,0.03559786,False
1281,-0.08054749,-0.038060345,False
1282,-0.0048964294,-0.0048964294,False
1283,0.03512866,-0.052581303,False
1284,-0.07392691,-0.13021232,False
1285,0.0055326074,-0.00021388009,False
1286,0.038137242,-0.02525513,False
1287,0.0,0.0011410958,False
1288,-0.013675686,-0.07559212,False
1289,0.0021873359,-0.018546598,False
1290,0.023864975,-0.014608266,False
1291,-0.03683576,-0.013963055,False
1292,0.0018193573,-0.03246353,False
1293,-0.030546542,-0.013373056,False
1294,-0.037768662,-0.02517116,False
1295,-0.0010059066,-0.023567373,False
1296,0.008061657,-0.014356416,False
1297,0.022878934,-0.00061965734,False
1298,-0.009528982,-0.009528982,False
1299,-0.00983137,-0.00983137,False
1300,-0.0259165,-0.04887568,False
1301,-0.0032603145,-0.048926987,False
1302,-0.015399476,-0.015399476,False
1303,-0.0695197,0.047178775,False
1304,-0.0043771057,-0.0043771057,False
1305,0.0541675,0.009471498,False
1306,-0.0060164277,-0.028412364,False
1307,0.0,0.0,False
1308,0.019994274,0.011331506,False
1309,-0.004047248,-0.004047248,False
1310,0.0,0.0,False
1311,0.041928556,-0.012557782,False
1312,0.014680418,-0.009081672,False
1313,-0.004865498,-0.004865498,False
1314,-0.014042983,-0.014042983,False
1315,0.032366,-0.009881496,False
1316,0.0013661105,-0.018368734,False
1317,0.014134938,-0.004990244,False
1318,0.042640764,0.04157759,False
1319,0.0,0.0,False
1320,0.0,0.0,False
1321,0.024278533,-0.062410634,False
1322,-0.0049021514,0.015764523,False
1323,0.00446599,-0.0127769,False
1324,0.020748612,-0.020127688,False
1325,0.074113585,-0.015293561,False
1326,-0.004707792,-0.004707792,False
1327,-0.004880251,-0.004880251,False
1328,-0.04347689,0.01004523,False
1329,0.0017325282,-0.041764025,False
1330,0.14086607,0.02420894,False
1331,-0.013502736,-0.07479694,False
1332,-0.019744772,-0.029527646,False
1333,0.029010385,-0.028137796,False
1334,0.0,0.0,False
1335,0.0,0.0,False
1336,-1.744926e-05,-0.022242356,False
1337,0.036432803,-0.011772998,False
1338,0.0,0.0,False
1339,-0.004614845,-0.004614845,False
1340,-0.022070037,-0.022070037,False
1341,0.0012250878,-0.01900456,False
1342,-0.018688533,-0.018688533,False
1343,0.0007112995,-0.023222461,False
1344,0.014907461,0.005938437,False
1345,-0.010148835,-0.010148835,False
1346,0.003046656,-0.020003935,False
1347,-0.0042310026,-0.0042310026,False
1348,-0.0047382866,-0.0047382866,False
1349,-0.062363748,-0.004246272,False
1350,0.02128946,-0.014798324,False
1351,0.03397159,-0.048456933,False
1352,0.003684122,-0.018305702,False
1353,0.0,0.0,False
1354,-0.009753348,-0.009753348,False
1355,0.0,0.0,False
1356,0.0,0.0,False
1357,0.008789089,-0.013818627,False
1358,0.0478867,-0.09264557,False
1359,0.0,3.4294317e-05,False
1360,-0.0051378873,-0.0051378873,False
1361,0.0,0.0,False
1362,0.0,0.0,False
1363,0.0,0.0,False
1364,-0.019083163,-0.019083163,False
1365,-0.02447425,-0.02447425,False
1366,0.09965442,-0.13182381,False
1367,0.0112578515,-0.010493349,False
1368,-0.002154911,-0.01897856,False
1369,-0.008439506,-0.008439506,False
1370,-0.010448631,-0.010448631,False
1371,-0.034086637,-0.034086637,False
1372,-0.0064524785,-0.02939186,False
1373,0.02499952,-0.019623173,False
1374,-0.009034686,-0.018875547,False
1375,-0.01109669,-0.03600683,False
1376,-0.0047510816,-0.0047510816,False
1377,-0.0051786387,-0.0051786387,False
1378,-0.015135602,-0.015135602,False
1379,0.0050131157,-0.018412786,False
1380,0.046464626,-0.05506901,False
1381,0.0438732,0.080132976,False
1382,-0.018793222,-0.015539441,False
1383,-0.05353581,-0.030318096,False
1384,-0.005005653,-0.005005653,False
1385,-0.052028272,-0.052028272,False
1386,-0.004189588,-0.017486641,False
1387,-0.004324965,-0.0151622975,False
1388,0.007575023,-0.014704545,False
1389,-0.023748035,0.010246268,False
1390,0.022724647,0.0,False
1391,-0.028833123,-0.028833123,False
1392,-0.008907519,-0.008907519,False
1393,0.008728852,-0.014540606,False
1394,-0.0048551057,-0.0048551057,False
1395,-0.020167036,-0.020167036,False
1396,0.005551629,-0.03931381,False
1397,0.0,0.0,False
1398,-0.092401996,0.030013248,False
1399,0.087571114,-0.09451611,False
1400,-0.053197924,-0.09661941,False
1401,-0.009201512,-0.044436246,False
1402,0.009419547,-0.01449438,False
1403,-0.041515153,0.0056029856,False
1404,0.037908245,-0.047898088,False
1405,0.050062142,-0.018278852,False
1406,0.081002645,-0.007341721,False
1407,-0.010008354,-0.010008354,False
1408,-0.00987466,-0.00987466,False
1409,0.0455245,0.012656905,False
1410,0.037771255,-0.19183473,False
1411,-0.004562881,-0.004562881,False
1412,0.016604826,-0.0048313746,False
1413,0.014395924,-0.0047292574,False
1414,0.016294496,0.0,False
1415,0.0,0.0,False
1416,0.05754283,-0.026952118,False
1417,-0.044908945,0.014732957,False
1418,0.022638163,0.0,False
1419,-0.008074436,-0.030533243,False
1420,-0.020774025,0.00041149557,False
1421,-0.0048921127,-0.0048921127,False
1422,0.023635184,0.0,False
1423,-0.004990244,-0.004990244,False
1424,-0.004061069,-0.004061069,False
1425,-0.0145629505,-0.0145629505,False
1426,0.0,0.0,False
1427,0.03192268,-0.03420722,False
1428,-0.028866047,-0.028866047,False
1429,0.009527021,-0.01504003,False
1430,-0.045022022,0.04630845,False
1431,0.0079518845,-0.01497873,False
1432,0.0,0.0,False
1433,0.0,0.0,False
1434,-0.00991396,-0.00991396,False
1435,-0.018543165,-0.040407293,False
1436,0.012410429,-0.003967165,False
1437,-0.0025676787,-0.034159467,False
1438,-0.0032744692,-0.0032744692,False
1439,0.050403975,-0.01880454,False
1440,0.006865587,-0.014225794,False
1441,-0.0034930557,0.021919757,False
1442,-0.024912009,-0.024912009,False
1443,0.02070661,0.012415381,False
1444,0.045415588,0.0,False
1445,0.015640715,-0.028488228,False
1446,-0.02306031,-0.08255352,False
1447,-0.006719999,-0.008607689,False
1448,-0.005140462,-0.005140462,False
1449,-0.009854664,-0.009854664,False
1450,0.08529261,0.0018955655,False
1451,0.0,0.0,False
1452,0.055674378,-0.019536521,False
1453,0.0,0.0,False
1454,-0.00036419742,-0.023626525,False
1455,-0.0144365085,-0.0144365085,False
1456,-0.016685829,0.008823512,False
1457,0.016088808,0.0,False
1458,-0.0019147806,-0.020559119,False
1459,-0.03754677,-0.03754677,False
1460,-0.0044749146,-0.0027564995,False
1461,-0.02950979,-0.07445489,False
1462,0.012546416,-0.009842807,False
1463,0.0,0.0,False
1464,0.03257209,0.012426496,False
1465,-0.009671537,-0.009671537,False
1466,0.0,0.0,False
1467,-0.009776374,-0.009776374,False
1468,0.15736118,0.010969162,False
1469,-0.0036233715,-0.0027515595,False
1470,0.05538725,-0.0939155,False
1471,-0.017927371,-0.062848866,False
1472,-0.00993498,-0.00993498,False
1473,0.066945165,0.037334092,False
1474,-0.004880251,-0.004880251,False
1475,-0.035184354,0.0068597645,False
1476,0.01606101,-0.0035106349,False
1477,0.01862364,-0.0042775255,False
1478,-0.0052940934,-0.0052940934,False
1479,-0.009425465,-0.009425465,False
1480,-0.07266273,-0.07266273,False
1481,-0.0049317274,-0.0049317274,False
1482,-0.0031889156,-0.019277724,False
1483,0.0,0.0,False
1484,0.034574553,-0.075424604,False
1485,-0.023104224,-0.023104224,False
1486,0.0,0.0,False
1487,-0.033682648,-0.033682648,False
1488,0.05331944,0.020312559,False
1489,0.04319542,0.0051378775,False
1490,-0.019429443,0.0010022353,False
1491,0.027902577,-0.012859207,False
1492,0.0,0.0,False
1493,-0.012711828,-0.012711828,False
1494,-0.0144690685,-0.0144690685,False
1495,0.009333318,-0.012461358,False
1496,-0.0116829015,0.0067008585,False
1497,0.04433153,-0.019051798,False
1498,-0.014656043,-0.014656043,False
1499,0.0050151125,0.003843911,False
1500,0.031836417,-0.045792606,False
1501,0.02825977,-0.015479252,False
1502,0.014284957,-0.005007431,False
1503,-0.055130124,-0.077443406,False
1504,0.0,0.0,False
1505,-0.04061887,-0.013786562,False
1506,-0.003665166,-0.003665166,False
1507,0.0,0.0,False
1508,0.009078446,-0.014254562,False
1509,0.04737,-0.009070265,False
1510,0.023541754,0.017394615,False
1511,-0.0037308894,-0.020108484,False
1512,-0.029939193,-0.029939193,False
1513,-0.048867997,-0.048867997,False
1514,-0.01913838,-0.01913838,False
1515,-0.03183623,-0.05129563,False
1516,-0.0040650247,-0.0021865824,False
1517,0.022833614,-0.0133776385,False
1518,0.02386406,0.0,False
1519,-0.018713593,-0.018713593,False
1520,-0.038914684,-0.08241109,False
1521,0.02990675,-0.040359437,False
1522,0.013165358,-0.0598119,False
1523,-0.014112603,-0.014112603,False
1524,-0.018915791,-0.018915791,False
1525,0.014907982,-0.017047055,False
1526,0.004327152,-0.00031368434,False
1527,-0.0040102974,-0.06931506,False
1528,-0.019610817,-0.019610817,False
1529,-0.04501164,-0.047447875,False
1530,-0.17674714,-0.08696777,False
1531,-0.013627653,-0.013627653,False
1532,-0.005079413,0.017713407,False
1533,0.0,0.0,False
1534,-0.04046507,-0.011622518,False
1535,0.009444386,-0.14749469,False
1536,-0.008696932,-0.008696932,False
1537,0.06790021,-0.039719198,False
1538,-0.005547842,-0.005547842,False
1539,-0.0046152766,-0.0046152766,False
1540,-0.0040939525,-0.04822074,False
1541,0.0,0.0,False
1542,-0.0019249097,-0.04138961,False
1543,0.0,0.00049826136,False
1544,-0.007986579,-0.007986579,False
1545,-0.0036918141,-0.0036918141,False
1546,-0.020042557,-0.026250232,False
1547,-0.004938503,-0.004938503,False
1548,-0.00088541396,-0.01022706,False
1549,0.01574352,-0.0047158017,False
1550,-0.001881823,0.016324818,False
1551,0.0,0.0,False
1552,-0.004052189,-0.018898083,False
1553,0.020695418,-0.059728414,False
1554,-0.10311064,-0.0239712,False
1555,-0.0048942682,-0.0048942682,False
1556,-0.009094968,-0.009094968,False
1557,0.011833202,-0.044583067,False
1558,0.012418881,-0.009493526,False
1559,0.0,0.0,False
1560,-0.0039614746,-0.0027032024,False
1561,-0.00848853,-0.006945895,False
1562,-0.11411748,-0.22457223,False
1563,0.035507366,0.05578921,False
1564,-0.013111834,-0.013111834,False
1565,0.0,0.0,False
1566,-0.014917478,-0.13107635,False
1567,-0.0047224946,0.0047958344,False
1568,-0.06423926,-0.032913208,False
1569,0.053477123,-0.030644782,False
1570,-0.018841198,0.005305022,False
1571,-0.021035414,-0.044221267,False
1572,-0.028506557,-0.028506557,False
1573,0.0019166488,0.017371584,False
1574,-0.0015062541,-0.023418661,False
1575,0.036346395,-0.009155951,False
1576,-0.009899686,-0.009899686,False
1577,0.026741598,-0.049661655,False
1578,0.15226048,-0.0065922737,False
1579,0.004892979,-0.0045188433,False
1580,-0.019710613,-0.019710613,False
1581,-0.018700093,-0.018700093,False
1582,-0.004436502,-0.004436502,False
1583,-0.009548646,-0.009548646,False
1584,-0.014784875,-0.014784875,False
1585,0.08506471,0.020905465,False
1586,-0.024523664,-0.024523664,False
1587,0.0,0.0,False
1588,0.0,0.0,False
1589,0.04545176,0.0386917,False
1590,-0.06318851,0.035779685,False
1591,-0.005019524,-0.0029259115,False
1592,0.06005075,0.043286838,False
1593,-0.0012828559,-0.016403053,False
1594,0.012281661,-0.0100960815,False
1595,-0.038038846,-0.038038846,False
1596,0.009123488,-0.014271622,False
1597,0.0,0.0,False
1598,0.013750862,0.015661519,False
1599,0.0036852844,-0.01921045,False
1600,-0.014021049,-0.014021049,False
1601,0.039097726,0.0,False
1602,-0.018799668,-0.018799668,False
1603,0.027925458,0.0074412078,False
1604,-0.045537192,-0.045537192,False
1605,-0.015490055,-0.096282855,False
1606,-0.014831843,-0.014831843,False
1607,-0.0048264484,-0.0048264484,False
1608,-0.0079135075,-0.025062032,False
1609,0.0,0.0,False
1610,-0.0031281523,-0.048576087,False
1611,-0.00975324,-0.00975324,False
1612,-0.09976077,0.034709305,False
1613,-0.014966063,-0.014966063,False
1614,-0.0049037356,-0.0049037356,False
1615,0.030859072,-0.009744715,False
1616,-0.018779855,-0.054892294,False
1617,0.023487326,-0.014320628,False
1618,0.017819086,-0.0038334213,False
1619,-0.009922863,-0.009922863,False
1620,-0.1251463,0.012528852,False
1621,0.017790154,-0.005140462,False
1622,0.06538132,-0.005106915,False
1623,-0.029088,-0.029088,False
1624,-0.036247358,-0.0574395,False
1625,-0.053058468,-0.030560687,False
1626,-0.0043983124,-0.0043983124,False
1627,0.0,0.0,False
1628,0.030553848,-0.036935575,False
1629,0.0,0.00070864795,False
1630,0.014836162,-0.01710014,False
1631,-0.021869348,-0.0063497648,False
1632,-0.01401252,-0.01401252,False
1633,0.0071941586,-0.013931115,False
1634,-0.049725663,-0.049725663,False
1635,0.0040167496,-0.018894209,False
1636,-0.02747424,-0.04978752,False
1637,-0.04241893,-0.04241893,False
1638,0.022433544,0.0,False
1639,-0.005070065,-0.005070065,False
1640,-0.009970707,-0.009970707,False
1641,-0.02032102,-0.02032102,False
1642,-0.0020261072,-0.046859693,False
1643,-0.03264682,0.025983587,False
1644,-0.028094582,-0.028094582,False
1645,0.035527967,-0.009987907,False
1646,0.016139455,-0.06457151,False
1647,-0.014966098,-0.014966098,False
1648,0.02208343,0.011106323,False
1649,-0.009850631,-0.009850631,False
1650,-0.0134163145,-0.0134163145,False
1651,-0.008135587,-0.095972426,False
1652,-0.00915035,-0.00915035,False
1653,-0.023525475,-0.023525475,False
1654,0.0033562807,-0.013021314,False
1655,-0.003413568,-0.003413568,False
1656,0.0,0.0,False
1657,-0.0257188,0.015856639,False
1658,0.044892218,-0.039360907,False
1659,-0.019087045,0.0038172305,False
1660,-0.004350482,-0.004350482,False
1661,-0.0073256884,-0.0056736697,False
1662,-0.02917485,-0.04269442,False
1663,-0.01901625,-0.01901625,False
1664,-0.0020079073,-0.024567377,False
1665,-0.004508894,-0.004508894,False
1666,0.0,0.0,False
1667,0.099575415,0.031380206,False
1668,-0.02831747,-0.012303842,False
1669,0.023438685,-0.042032935,False
1670,-0.0049478244,-0.0049478244,False
1671,-0.0065849274,-0.026631638,False
1672,0.05019641,0.055701554,False
1673,0.010115823,-0.01319549,False
1674,-0.009655443,-0.009655443,False
1675,0.0,0.0,False
1676,0.0,0.0006619547,False
1677,-0.009776081,-0.009776081,False
1678,0.002942116,-0.014361615,False
1679,0.008647394,-0.014697717,False
1680,-0.026160201,-0.026160201,False
1681,-0.0050979126,-0.0050979126,False
1682,0.03416623,0.006533293,False
1683,-0.02870481,-0.0030543506,False
1684,-0.023029095,-0.023029095,False
1685,-0.023646133,-0.023646133,False
1686,0.008622438,-0.06026411,False
1687,0.002403438,-0.09042614,False
1688,-8.9518726e-05,-0.014612116,False
1689,-0.07817124,-0.02936329,False
1690,0.07956753,-0.11051261,False
1691,0.020325826,0.0,False
1692,-0.02397208,-0.02397208,False
1693,0.025426928,-0.041711587,False
1694,-0.0050598695,-0.0050598695,False
1695,0.050236065,-0.017312516,False
1696,-0.009950364,0.01208183,False
1697,-0.0053505097,-0.027311776,False
1698,-0.029116385,0.005219545,False
1699,-0.005226973,-0.0018302528,False
1700,0.0,0.0,False
1701,0.006349927,-0.013900017,False
1702,-0.019102506,-0.019102506,False
1703,0.0,0.00095718686,False
1704,-0.00994396,-0.00994396,False
1705,-0.0012115315,-0.047714263,False
1706,-0.017884355,-0.017884355,False
1707,0.06789328,0.01196612,False
1708,-0.009485124,-0.009485124,False
1709,0.037264574,-0.0041799657,False
1710,0.017329205,0.04125907,False
1711,0.0073051304,-0.08126242,False
1712,-0.2465229,0.001712203,False
1713,-0.028660933,-0.028660933,False
1714,0.16561566,-0.064612746,False
1715,-0.017088544,-0.017088544,False
1716,-0.04619012,-0.04411211,False
1717,0.027598057,-0.014697692,False
1718,-0.026621167,-0.026621167,False
1719,0.06617878,0.026044331,False
1720,0.0062352642,0.01888799,False
1721,0.02362219,0.0,False
1722,-0.005037054,-0.005037054,False
1723,-0.0034174668,-0.0034174668,False
1724,0.011253543,0.00036419742,False
1725,-0.004679997,-0.004679997,False
1726,0.033253323,-0.009922288,False
1727,-0.009139739,-0.028671337,False
1728,0.0,0.0,False
1729,-0.00866395,-0.00866395,False
1730,-0.0048446464,-0.0048446464,False
1731,-0.0042944592,-0.0042944592,False
1732,-0.18930736,-0.06884122,False
1733,-0.005074825,-0.00022171065,False
1734,0.0,0.0,False
1735,-0.0051013622,-0.0051013622,False
1736,-0.014485576,-0.014485576,False
1737,0.0,0.0,False
1738,0.0018512616,-0.015342244,False
1739,0.0024399823,-0.013854514,False
1740,0.015637605,-0.0024584192,False
1741,0.039122876,-0.0051789074,False
1742,-0.015035448,-0.015035448,False
1743,-0.008830418,-0.008830418,False
1744,-0.009422368,0.0012226226,False
1745,0.018363655,-0.07138013,False
1746,0.0,0.0010243454,False
1747,-0.008605932,-0.008605932,False
1748,-0.020011414,-0.04235017,False
1749,-0.024781363,-0.047859102,False
1750,0.037456684,-0.00946633,False
1751,0.03583137,-0.019819675,False
1752,0.01401564,-0.008427602,False
1753,-0.067462325,-0.08830015,False
1754,-0.019357871,-0.019357871,False
1755,-0.033375,-0.033375,False
1756,0.03247614,-0.00968038,False
1757,-0.024592362,-0.024592362,False
1758,-0.0040555354,-0.027610814,False
1759,-0.009614454,-0.009614454,False
1760,0.026009977,-0.0131981075,False
1761,-0.3629022,-0.11272925,False
1762,0.0,0.0,False
1763,0.0144309485,-0.009928794,False
1764,-0.009818063,-0.009818063,False
1765,0.017385453,-0.005692287,False
1766,-0.010014029,-0.032621745,False
1767,-0.023202907,-0.023202907,False
1768,-0.033505272,-0.06963497,False
1769,0.0033137836,-0.01643302,False
1770,0.032141812,-0.009522926,False
1771,0.0,0.0,False
1772,0.0,0.0,False
1773,-0.0047551068,-0.0047551068,False
1774,-0.007857047,-0.007857047,False
1775,-0.0046792245,-0.0046792245,False
1776,0.020662032,0.0009233225,False
1777,0.0,0.00031924894,False
1778,-0.0046749087,-0.0036917687,False
1779,-0.03254937,-0.035870273,False
1780,0.0,0.0,False
1781,-0.16732657,-0.016941369,False
1782,0.01724289,0.0,False
1783,0.152067,-0.049785554,False
1784,-0.00462759,-0.00462759,False
1785,0.01686684,-0.004964355,False
1786,-0.008476101,0.009776868,False
1787,0.052105464,0.030311242,False
1788,0.0,0.0,False
1789,0.046851743,-0.014245831,False
1790,-0.017967612,-0.011815302,False
1791,0.008063033,-0.036474045,False
1792,-0.08169684,0.07032052,False
1793,0.03697089,-0.0050572795,False
1794,-0.0008425899,-0.011242438,False
1795,0.015674628,0.0,False
1796,-0.036275256,-0.006437339,False
1797,-0.004914269,-0.024245411,False
1798,-0.048714623,-0.15327738,False
1799,0.0,0.0,False
1800,-0.003209997,-0.041038856,False
1801,0.008084548,-0.008739102,False
1802,0.016114194,-0.00505376,False
1803,-0.085389465,-0.060402587,False
1804,0.06676972,0.029088095,False
1805,-0.009709152,-0.009709152,False
1806,-0.003665166,-0.003665166,False
1807,-0.010217989,-0.010217989,False
1808,-0.0043615783,-0.0043615783,False
1809,1.10939145e-05,-0.0058039688,False
1810,0.06578209,0.01406128,False
1811,-0.009968796,-0.009968796,False
1812,0.0,0.0,False
1813,0.0,0.0,False
1814,-0.0017261393,-0.013290968,False
1815,-0.0038513187,-0.009039561,False
1816,-0.023878891,-0.023878891,False
1817,-0.018510096,0.035682492,False
1818,0.0015377179,-0.04271827,False
1819,-0.008729839,-0.008729839,False
1820,0.026344351,-0.033184063,False
1821,-0.009435535,-0.009435535,False
1822,0.0,0.0,False
1823,-0.030721046,-0.033185847,False
1824,-0.012087733,0.030493721,False
1825,0.021192139,0.0,False
1826,0.008238897,0.0020670183,False
1827,-0.18727963,0.08823797,False
1828,-0.04838262,-0.0050694644,False
1829,-0.0048343074,-0.0048343074,False
1830,-0.021095268,0.023963913,False
1831,-0.0021070763,0.0043187775,False
1832,0.00465627,0.019800302,False
1833,0.015846686,0.0,False
1834,-0.041558784,-0.041558784,False
1835,0.012896087,-0.009493137,False
1836,0.006743593,0.012340276,False
1837,-0.013557875,-0.013557875,False
1838,-0.009673781,-0.009673781,False
1839,-0.017203763,-0.017203763,False
1840,-0.029163517,-0.029163517,False
1841,-0.04605008,-0.04226756,False
1842,-0.019273587,-0.019273587,False
1843,-0.02431179,-0.02431179,False
1844,0.046392705,0.0,False
1845,-0.00045578182,-0.023850892,False
1846,-0.003750965,0.00493969,False
1847,-0.02996423,-0.02996423,False
1848,0.033424426,0.022266075,False
1849,-0.06580702,-0.02724412,False
1850,0.050676033,0.0060658287,False
1851,-0.00487007,-0.00487007,False
1852,-0.03846023,-0.0021492392,False
1853,-0.047328133,-0.047328133,False
1854,-0.01866028,-0.01866028,False
1855,0.02186895,-0.024697268,False
1856,-0.013794017,-0.013794017,False
1857,-0.05547937,-0.05547937,False
1858,-0.019863546,0.024910048,False
1859,0.03089403,-0.009781774,False
1860,-0.019969754,-0.022571474,False
1861,0.014036218,-0.008407025,False
1862,-0.004905125,-0.004905125,False
1863,-0.053590856,-0.009399872,True
1864,-0.046239484,-0.046239484,False
1865,0.0107795745,-0.01064603,False
1866,-0.009123782,-0.009123782,False
1867,-0.053753078,-0.124020554,False
1868,0.04388506,-0.06454319,False
1869,-0.015785862,-0.03260951,False
1870,-0.046457887,-0.014268,False
1871,-0.02381669,-0.04342349,False
1872,0.038211223,0.0016120449,False
1873,-0.004935622,-0.004935622,False
1874,0.0026928857,2.6002526e-06,False
1875,0.0053994684,-0.01413213,False
1876,0.016800161,0.0,False
1877,0.007198399,-0.0098760575,False
1878,0.0123594785,-0.008808476,False
1879,0.06409845,0.0033276826,False
1880,-0.024949884,-0.04828289,False
1881,0.029422455,-0.036640823,False
1882,-0.019382896,-0.042728007,False
1883,-0.004562474,-0.004562474,False
1884,0.011729199,0.029740434,False
1885,-0.006165726,-0.022498474,False
1886,0.016902376,0.009245213,False
1887,0.008161821,-0.014025531,False
1888,-0.04746767,-0.04746767,False
1889,0.013209222,-0.009737847,False
1890,0.025167793,-0.019247808,False
1891,0.009812997,-0.0120326495,False
1892,-0.0033816844,-0.024282292,False
1893,0.018508097,-0.022320712,False
1894,-0.030354358,0.0056003295,False
1895,0.018425304,-0.004652436,False
1896,0.015202532,-0.009280326,False
1897,-0.011452328,-0.055271704,False
1898,-0.019058976,0.023825705,False
1899,-0.0027874447,-0.010990793,False
1900,0.007587217,-0.008824937,False
1901,-0.011430863,0.009224959,False
1902,0.021024436,0.0,False
1903,-0.004934801,-0.004934801,False
1904,0.018174179,-0.02057115,False
1905,-0.013893783,-0.013893783,False
1906,-0.009432394,-0.009432394,False
1907,-0.005090565,-0.005090565,False
1908,-0.013049182,0.037101462,False
1909,-0.009775016,-0.009775016,False
1910,-0.004994401,-0.004994401,False
1911,-0.031815305,-0.031815305,False
1912,0.020470425,-0.024835631,False
1913,0.037919983,-0.003910623,False
1914,0.0,0.0,False
1915,0.1555329,-0.022025883,False
1916,-0.039817035,-0.10395134,False
1917,-0.010963734,-0.010255199,False
1918,-0.056757547,-0.14073159,False
1919,-0.0098238345,-0.0098238345,False
1920,-0.014793316,-0.014793316,False
1921,0.0,0.0,False
1922,-0.003908338,0.016264712,False
1923,0.037799038,-0.023828125,False
1924,0.012721507,-0.009696566,False
1925,-0.0047382866,-0.0047382866,False
1926,0.022806637,0.0,False
1927,-0.012801077,-0.012801077,False
1928,-0.009744842,-0.009744842,False
1929,0.013380238,-0.0097881695,False
1930,0.017388612,0.015319139,False
1931,0.008097485,-0.030592203,False
1932,0.0119487215,-0.004428873,False
1933,0.01789105,-0.0044809636,False
1934,0.13253975,0.055646986,False
1935,-0.0049321367,-0.0049321367,False
1936,-0.020039724,-0.0048497384,False
1937,-0.0047549387,-0.0047549387,False
1938,0.053408124,-0.0044916803,False
1939,0.008811481,-0.017961018,False
1940,0.012028085,-0.0047720764,False
1941,-0.004716768,-0.004716768,False
1942,-0.012956366,-0.0052057877,False
1943,-0.025711507,-0.048957705,False
1944,-0.04251936,-0.013731971,False
1945,-0.014239846,-0.014239846,False
1946,0.022140317,-0.014156402,False
1947,0.006288497,-0.029465402,False
1948,-0.004547674,-0.004547674,False
1949,-0.022351934,-0.022351934,False
1950,-0.04864882,-0.02060178,False
1951,0.0,0.0,False
1952,-0.0043765544,-0.0043765544,False
1953,-0.0047529237,-0.0042754128,False
1954,0.053805083,-0.034644887,False
1955,-0.00458389,-0.00458389,False
1956,-0.014497727,0.03148531,False
1957,0.0,0.0,False
1958,-0.035144098,-0.014988653,False
1959,0.039535284,0.018546497,False
1960,0.010601692,-0.08055994,False
1961,-0.023758775,-0.023758775,False
1962,-0.01994702,-0.01994702,False
1963,0.07292485,-0.015979037,False
1964,-0.032141272,-0.032141272,False
1965,-0.0049199415,-0.0049199415,False
1966,0.0,0.0,False
1967,-0.0049009644,-0.0049009644,False
1968,0.016523689,-0.07803354,False
1969,0.017894182,-0.004993962,False
1970,-0.014058365,0.0045208596,False
1971,0.0084879175,-0.014827004,False
1972,0.056487486,-0.14857249,False
1973,-0.042346165,-0.0013012066,False
1974,0.066542245,0.011637092,False
1975,0.04737368,0.02986024,False
1976,-0.0046977997,-0.0046977997,False
1977,-0.017479075,-0.017479075,False
1978,-0.01893678,0.003979914,False
1979,0.02247933,0.0,False
1980,0.034425113,-0.00902488,False
1981,-0.015260601,0.003632836,False
1982,0.04486599,-0.020892538,False
1983,0.016799133,-0.004425956,False
1984,0.092489354,0.01708883,False
1985,-0.004814158,-0.004814158,False
1986,-0.015045073,-0.015045073,False
1987,-0.016993403,-0.0043746755,False
1988,0.0,7.955754e-05,False
1989,-0.054318592,-0.054318592,False
1990,-0.03862685,-0.021299824,False
1991,-0.017166294,-0.014203608,False
1992,-0.014100416,-0.034426242,False
1993,0.0,0.0,False
1994,-0.003796421,-0.02492626,False
1995,-0.009441325,-0.009441325,False
1996,-0.0052193445,-0.0052193445,False
1997,-0.0050134575,-0.0050134575,False
1998,0.021652507,0.0,False
1999,0.03829831,-0.028085679,False
2000,0.026608447,-0.018437983,False
2001,-0.014703298,-0.014703298,False
2002,-0.0227729,-0.0227729,False
2003,-0.0050551663,-0.0050551663,False
2004,0.0,0.0,False
2005,0.0,0.0,False
2006,0.0,0.0,False
2007,0.07209566,-0.13782929,False
2008,-0.0019303802,-0.018307975,False
2009,-0.025052289,-0.025052289,False
2010,0.012212284,-0.031641457,False
2011,-0.0047253463,-0.0047253463,False
2012,-0.009288769,-0.009288769,False
2013,-0.012476328,-0.012476328,False
2014,0.018534606,-0.00462337,False
2015,0.009841886,-0.013947147,False
2016,0.020736136,-0.09015456,False
2017,0.016698852,-0.0054409374,False
2018,0.039759018,-0.028575635,False
2019,-0.009749171,-0.008715501,False
2020,0.0,0.0,False
2021,-0.0047307294,-0.0047307294,False
2022,0.13485405,0.04807529,False
2023,-0.009474351,-0.009474351,False
2024,0.27827573,-0.016950846,False
2025,0.012665429,-0.004638302,False
2026,-0.005066258,-0.005066258,False
2027,0.0,0.0,False
2028,0.017423414,-0.004972522,False
2029,0.018001582,0.011420667,False
2030,0.0,0.0,False
2031,-0.0012997761,-0.024377516,False
2032,0.0,0.0,False
2033,0.013389636,-0.032933235,False
2034,-0.012179245,-0.012179245,False
2035,0.009618185,-0.013425648,False
2036,0.0,0.00058918423,False
2037,0.027027518,-0.010183211,False
2038,-0.08626343,-0.028804034,False
2039,0.04497714,0.0,False
2040,-0.039438456,-0.0064164177,False
2041,-0.065487415,-0.07328072,False
2042,-0.30026972,-0.05910015,False
2043,-0.05072996,-0.029094458,False
2044,-0.027876945,0.01674982,False
2045,-0.014485991,0.008870646,False
2046,0.27705562,-0.029343069,False
2047,-0.0040033977,-0.002750967,False
2048,-0.04305155,-0.0035857782,False
2049,0.0,0.0,False
2050,-0.07950992,-0.030667588,True
2051,-0.2930149,0.037495673,False
2052,0.0042607337,-0.025369838,False
2053,-0.011912217,-0.029215949,False
2054,-0.009579063,-0.009579063,False
2055,0.11790476,0.048201345,False
2056,-0.013887126,-0.013887126,False
2057,-0.014764665,-0.014764665,False
2058,-0.018760826,-0.018760826,False
2059,0.014111584,-0.024920067,False
2060,0.17724323,-0.09428644,False
2061,0.028743297,-0.07423589,False
2062,0.03014879,-0.01549942,False
2063,-0.002756793,0.013668779,False
2064,-0.05809298,-0.0024025738,False
2065,0.0044333935,-0.0077382047,False
2066,0.11486374,0.041567445,False
2067,-0.056423232,-0.027268142,False
2068,-0.14686668,-0.053993106,False
2069,0.0071874857,0.03450434,False
2070,-0.0970634,-0.07300101,False
2071,-0.1718536,0.016101778,False
2072,-0.08738971,0.02713561,False
2073,0.257627,0.01250267,False
2074,0.0034415144,-0.010335359,False
2075,0.108780056,0.07372663,False
2076,-0.06160319,-0.09064007,False
2077,-0.28736478,-0.07817423,False
2078,0.020681262,-0.13205504,False
2079,-0.029558018,-0.25313076,False
2080,-0.119665176,-0.016466737,False
2081,0.0873422,-0.009289324,False
2082,-0.05553755,-0.0045701116,False
2083,0.045547903,0.0536485,False
2084,-0.026141375,-0.008794403,False
2085,-0.13271724,-0.1022135,False
2086,0.0,0.0,False
2087,-0.03999853,-0.0029699802,False
2088,-0.012732409,-0.012732409,False
2089,0.035441175,-0.008845395,False
2090,-0.0044944882,0.059289426,False
2091,-0.054150805,-0.027953893,False
2092,-0.11772859,-0.09811157,False
2093,0.0,0.0,False
2094,-0.028384764,-0.02696286,False
2095,0.23150152,0.067287385,False
2096,-0.014129249,0.016807139,False
2097,-0.022393016,-0.019571371,False
2098,0.09290704,0.004629355,False
2099,0.08256161,-0.045716047,False
2100,-0.024718821,-0.036121696,False
2101,0.0049595237,0.007149622,False
2102,0.0,8.443062e-05,False
2103,-0.027224183,-0.030916497,False
2104,-0.38564909,-0.11388981,False
2105,-0.0539238,0.022873923,False
2106,-0.1977207,-0.13212466,False
2107,0.032010358,-0.0008673407,False
2108,-0.0049436693,-0.0039631436,False
2109,-0.024022393,0.015978474,False
2110,-0.0136869885,-0.0136869885,False
2111,0.13717817,0.026271075,False
2112,-0.024525166,0.018372148,False
2113,0.043482944,-0.0031270385,False
2114,-0.05165273,-0.08145219,False
2115,-0.017478526,-0.01395607,False
2116,-0.18442595,-0.034142017,False
2117,0.036689747,-0.018826142,False
2118,-0.04885797,-0.04885797,False
2119,-0.07391477,-0.030415714,False
2120,0.026204407,-0.05591598,False
2121,0.09377979,0.029905234,False
2122,-0.1571123,-0.053814754,False
2123,0.040983796,-0.004746075,False
2124,-0.12534714,-0.09065294,False
2125,-0.1267848,-0.09424639,False
2126,0.00045730174,-0.018830184,False
2127,0.023133352,-0.014663719,False
2128,-0.027430177,-0.027813792,False
2129,-0.0076043177,-0.014287715,False
2130,-0.01665783,0.095386386,False
2131,0.08416569,-0.03770411,False
2132,0.055990815,0.0016466677,False
2133,0.008321255,-0.07190764,False
2134,0.11433458,-0.038915634,False
2135,-0.02737832,-0.24508476,False
2136,-0.052819137,-0.009761155,False
2137,0.011298113,0.0047160313,False
2138,-0.047747687,0.0070157126,False
2139,-0.050367296,0.004703164,False
2140,-0.058385283,-0.002053678,False
2141,0.016947698,0.0036205985,False
2142,-0.073105216,-0.024760317,False
2143,-0.008684753,-0.008684753,False
2144,-0.01282303,-0.021366674,False
2145,-0.024668753,-0.011610247,False
2146,0.021425605,0.0011475775,False
2147,0.007713346,-0.009529544,False
2148,0.081451595,-0.08729088,False
2149,-0.071572304,-0.025410056,False
2150,0.0,0.0,False
2151,-0.0949527,-0.058044806,False
2152,0.039793104,0.026659757,False
2153,0.037451655,0.0025010407,False
2154,-0.3384015,0.020652533,False
2155,-0.0091611445,-0.0091611445,False
2156,0.0101244785,0.0038200095,False
2157,-0.050430894,0.029682517,False
2158,-0.045662105,-0.01884687,False
2159,-0.00959175,-0.00959175,False
2160,-0.015063099,-0.015063099,False
2161,-0.023885123,-0.023885123,False
2162,0.026214894,-0.011454509,False
2163,-0.0050043217,0.013220023,False
2164,0.236336,-0.031769753,False
2165,0.010590345,-0.009800911,False
2166,0.027498411,-0.015123448,False
2167,-0.044809997,-0.018376999,False
2168,0.0,0.0,False
2169,-0.0048066503,-0.0048066503,False
2170,0.0,0.00036636082,False
2171,0.0,0.0,False
2172,-0.010252236,-0.009396754,False
2173,0.06327972,0.048292845,False
2174,-0.042256415,-0.028609574,False
2175,0.029745061,0.025940947,False
2176,-0.06406337,-0.015106827,False
2177,0.0,0.0,False
2178,-0.015717909,-0.018753968,False
2179,-0.023617081,0.0040068775,False
2180,-0.4515648,-0.17418647,False
2181,-0.06990492,-0.033514723,False
2182,0.0,0.0,False
2183,-0.04718539,0.00058308244,False
2184,0.06009742,-0.0021463707,False
2185,0.013188253,-0.008898246,False
2186,-0.03564243,-0.050904118,False
2187,0.15430294,0.031063452,False
2188,-0.042339303,-0.008357048,False
2189,-0.0045978925,-0.0045978925,False
2190,0.053829733,-0.032551993,False
2191,-0.029053736,-0.029053736,False
2192,0.03134308,0.012459934,False
2193,-0.0053511714,-0.0053511714,False
2194,0.034834027,0.007739365,False
2195,0.027942833,-0.0018801403,False
2196,0.4522122,0.07090652,False
2197,-0.117029,-0.22214618,False
2198,0.107139945,0.052482963,False
2199,0.0,0.0,False
2200,0.0,0.0,False
2201,0.0,0.0,False
2202,-0.004984804,-0.003866681,False
2203,-0.043792248,-0.040835623,False
2204,-0.014539874,-0.014539874,False
2205,-0.004814338,-0.004814338,False
2206,-0.039932013,0.013620794,False
2207,-0.017665079,-0.017665079,False
2208,0.017744385,0.0039220667,False
2209,0.0,0.0,False
2210,0.00621783,-0.02794081,False
2211,0.018891351,-0.010376829,False
2212,0.025161147,-0.08799636,False
2213,-0.0056431065,-0.0039451285,False
2214,-0.03581357,-0.007572174,False
2215,0.073476195,0.051976323,False
2216,-0.07915461,0.014367193,False
2217,-0.0069733714,-0.0069733714,False
2218,0.29700518,-0.09673321,False
2219,-0.13558125,-0.22296175,False
2220,-0.010530673,-0.03286943,False
2221,-0.00937782,-0.00937782,False
2222,-0.12806314,-0.034362376,False
2223,0.023697361,0.00899034,False
2224,0.061776474,0.0018492043,False
2225,0.036278114,-0.03799571,False
2226,0.057036392,0.017224893,False
2227,0.0231211,0.0006251747,False
2228,0.0,3.7702248e-05,False
2229,-0.04722649,-0.0276016,False
2230,0.010329113,-0.012911891,False
2231,-0.018105693,-0.022870727,False
2232,0.0,0.0,False
2233,-0.054791152,-0.0741477,False
2234,0.096395135,-0.05813545,False
2235,0.0022098683,0.0047627147,False
2236,-0.025651544,-0.034237593,False
2237,0.0,0.0,False
2238,-0.11264801,-0.16159785,False
2239,-0.19676259,0.018983006,False
2240,-0.24322236,-0.18892688,False
2241,0.0,0.0,False
2242,0.05394622,0.012923278,False
2243,0.06916708,-0.091134086,False
2244,-0.06710142,-0.032204837,False
2245,-0.037402168,7.905811e-05,False
2246,0.7212937,-0.10117483,False
2247,0.023513779,-0.024941951,False
2248,0.0,0.0,False
2249,0.0,0.0,False
2250,0.029491544,0.042812794,False
2251,0.031539045,-0.009949968,False
2252,-0.010041502,-0.010041502,False
2253,-0.009132348,-0.009132348,False
2254,-0.0012450684,-0.023789575,False
2255,-0.0479709,-0.0479709,False
2256,-0.019828305,-0.0831511,False
2257,-0.010375753,-0.11258149,False
2258,-0.0089911185,-0.053203214,False
2259,-0.15179133,-0.051560625,False
2260,0.008407049,-0.014862409,False
2261,-0.008096559,-0.0047256225,False
2262,0.003467612,-0.02006476,False
2263,0.015832318,-0.004580839,False
2264,-0.0036962554,-0.04411073,False
2265,-0.0050998824,-0.0050998824,False
2266,0.020908382,0.0,False
2267,0.0775605,0.039051276,False
2268,-0.0036918141,-0.0017219051,False
2269,0.033868283,-0.04377299,False
2270,0.11855492,0.012277678,False
2271,-0.0997687,0.042427897,False
2272,-0.00853057,-0.00853057,False
2273,0.23540783,-0.17393756,False
2274,-0.18054223,-0.0402382,False
2275,-0.061728597,-0.084124535,False
2276,0.010564446,0.0421239,False
2277,0.1318025,-0.041173518,False
2278,-0.071206465,-0.031202495,False
2279,0.22496724,0.058365583,False
2280,-0.07963902,-0.10908505,False
2281,0.0,0.0013253231,False
2282,-0.0044944426,-0.0044944426,False
2283,0.06674115,0.008733571,False
2284,0.0,0.0,False
2285,0.014589671,0.008420773,False
2286,0.0026646666,-0.017653327,False
2287,-0.023570761,-0.023877926,False
2288,-0.0062806886,-0.023474194,False
2289,-0.0009974744,-0.024755538,False
2290,0.041766465,-0.025394134,False
2291,0.012322295,-0.04742625,False
2292,-0.05592083,-0.0009064153,False
2293,0.18106145,0.11151391,False
2294,-0.014975388,0.008559793,False
2295,-0.038377583,0.033879578,False
2296,-0.014870553,-0.014870553,False
2297,0.008563673,-0.031249722,False
2298,0.19011347,0.06553583,False
2299,0.013338149,0.049946427,False
2300,0.023779511,-0.060481705,False
2301,-0.09609735,-0.08766729,False
2302,-0.13449115,0.009598911,False
2303,-0.07365471,-0.049689114,False
2304,0.086115524,0.04684685,False
2305,-0.03270109,-0.031577498,False
2306,0.09837186,-0.058843195,False
2307,0.02216345,-0.059876233,False
2308,-0.039833594,-0.019338593,False
2309,0.031610984,0.0015044659,False
2310,-0.1061151,-0.09213239,False
2311,-0.044072837,-0.025598437,False
2312,-0.041621346,-0.022660397,False
2313,-0.06419036,-0.00560534,False
2314,0.035012215,0.06672403,False
2315,-0.107902944,0.0039779544,False
2316,-0.009712329,-0.009712329,False
2317,0.08475411,-0.044732213,False
2318,0.12512016,0.0024920702,False
2319,-0.0074351355,0.009956375,False
2320,0.042434774,0.014316,False
2321,-0.12340897,-0.098520726,False
2322,0.40850496,0.06332922,False
2323,-0.006405264,-0.0020077229,False
2324,-0.01844111,-0.01502821,False
2325,0.08033347,0.013710737,False
2326,-0.19564521,-0.11334103,False
2327,0.1473118,-0.039173007,False
2328,0.07894322,0.063179046,False
2329,0.07685715,-0.0009430647,False
2330,-0.0031482056,-0.0002604723,False
2331,0.013325284,-0.009101483,False
2332,0.06811857,-0.027395606,False
2333,-0.0092794895,0.00637424,False
2334,-0.05867815,-0.12509048,False
2335,-0.13249841,-0.12782699,False
2336,0.19936037,-0.0647794,False
2337,-0.009205138,-0.009205138,False
2338,-0.0049358276,-0.0049358276,False
2339,0.013538107,-0.032371923,False
2340,-0.019013882,-0.013972383,False
2341,-0.0049597723,-0.0049597723,False
2342,0.0126406085,-0.009488806,False
2343,-0.26150376,-0.084641695,False
2344,0.010623157,-0.06834188,False
2345,-0.067888014,-0.018737376,False
2346,-0.0051378873,-0.0051378873,False
2347,0.0706988,-0.02670002,False
2348,-0.00245817,-0.021381037,False
2349,0.0020176768,-0.053044528,False
2350,-0.108420454,0.0056711286,False
2351,-0.023735508,0.10855648,False
2352,-0.43165848,-0.044126213,False
2353,-0.010358337,-0.010358337,False
2354,-0.119175434,0.017060518,False
2355,-0.079364896,-0.06571907,False
2356,-0.13888508,-0.22026078,False
2357,-0.04291172,-0.04291172,False
2358,0.06205371,0.03485994,False
2359,-0.01089035,-0.07956306,False
2360,0.05685374,-0.015577823,False
2361,-0.109665126,-0.045993984,False
2362,0.058651626,-0.027100623,False
2363,-0.1372478,-0.00082182884,False
2364,-0.054736644,-0.066025704,False
2365,-0.15407968,-0.08573854,False
2366,0.24814963,-0.047819853,False
2367,-0.14829636,0.02956152,False
2368,0.034330368,-0.113705754,False
2369,0.04417175,-0.045392513,False
2370,0.0,0.0,False
2371,-0.004986324,0.0028251377,False
2372,0.0,0.0,False
2373,0.0,0.0,False
2374,0.1295687,0.03456056,False
2375,-0.044458866,0.04622048,False
2376,0.051420853,-0.020451576,False
2377,0.15877134,0.033452928,False
2378,-0.050807506,-0.04443991,False
2379,-0.0063824467,-0.028294854,False
2380,-0.06818338,-0.05841364,False
2381,-0.008909803,-0.008909803,False
2382,0.0,0.0,False
2383,-0.00027209893,-0.022705643,False
2384,0.023557376,-0.014435326,False
2385,-0.0036107264,-0.024666082,False
2386,0.041330766,-0.022502337,False
2387,-0.009313649,-0.009313649,False
2388,0.0032920018,-0.038313378,False
2389,-0.00453614,-0.00453614,False
2390,-0.021681815,-0.021075657,False
2391,-0.0413304,-0.0413304,False
2392,0.0,0.0,False
2393,0.005621277,-0.01746599,False
2394,0.03134748,-0.014111321,False
2395,0.01520887,-0.0036359578,False
2396,-0.029452752,-0.0462764,False
2397,0.016420478,-0.0046660346,False
2398,-0.0048913304,-0.0048913304,False
2399,-0.016926877,-0.064718805,False
2400,-0.01870549,-0.039031316,False
2401,-0.008194903,-0.008194903,False
2402,-0.01462804,-0.01462804,False
2403,0.0,0.0,False
2404,-0.036294468,-0.05867221,False
2405,-0.0065195914,-0.023594048,False
2406,0.007915586,-0.014329761,False
2407,-0.077341914,-0.036967367,False
2408,-0.076148264,-0.012627974,False
2409,0.050328806,-0.009885533,False
2410,0.0,0.0,False
2411,0.0038278382,-0.01845173,False
2412,-0.004801857,-0.0042856503,False
2413,-0.0052432916,-0.0052432916,False
2414,-0.015533564,-0.015533564,False
2415,0.035994448,-0.009606633,False
2416,0.04176583,-0.04236932,False
2417,0.017766953,-0.0052176584,False
2418,0.038883097,-0.02831926,False
2419,-0.014227457,-0.014227457,False
2420,-0.01928671,-0.01928671,False
2421,-0.004685581,0.0013213851,False
2422,0.004238257,-0.019359356,False
2423,-0.0046792245,-0.0046792245,False
2424,-0.018463312,-0.018463312,False
2425,0.021534363,0.0,False
2426,0.015224457,0.0041911155,False
2427,-0.0035954954,-0.0035954954,False
2428,0.01395317,-0.009877982,False
2429,0.0,0.000118795244,False
2430,0.023435803,6.508768e-05,False
2431,-0.019963117,-0.019963117,False
2432,-0.00048264675,-0.015024022,False
2433,0.05345942,-0.019166872,False
2434,0.0055777896,-0.017157277,False
2435,0.039990887,0.037183955,False
2436,-0.017385006,0.03655753,False
2437,0.0,0.00062718726,False
2438,0.0,0.0,False
2439,0.017029738,-0.003592351,False
2440,0.0019039232,-0.018555399,False
2441,-0.017112404,-0.025969006,False
2442,-0.020581042,-0.020581042,False
2443,-0.009151107,-0.009151107,False
2444,0.0,0.0,False
2445,0.087904885,0.002729956,False
2446,0.0802238,0.002944991,False
2447,-0.038368568,-0.0066949353,False
2448,-0.004931114,-0.004931114,False
2449,-0.039769523,-0.105520226,False
2450,-0.004858116,-0.004858116,False
2451,0.03632706,-0.050469335,False
2452,0.02246949,0.03585029,False
2453,0.051440872,-0.038516782,False
2454,0.057148635,-0.0027432106,False
2455,0.0,0.0,False
2456,-0.014406484,-0.014406484,False
2457,0.0060855374,-0.10760417,False
2458,-0.0039614746,-0.0039614746,False
2459,-0.03608162,-0.03608162,False
2460,-0.2502585,-0.04933542,False
2461,-0.0036918141,-0.0018487874,False
2462,0.15180033,0.053937852,False
2463,0.017200643,-0.024242846,False
2464,0.007882498,0.01115042,False
2465,-0.004664058,-0.004664058,False
2466,-0.012720231,-0.01207652,False
2467,-0.010161277,-0.010161277,False
2468,-0.013545802,-0.013545802,False
2469,0.028005399,-0.009801882,False
2470,-0.018726066,-0.039084274,False
2471,0.0,0.0,False
2472,-0.093759775,-0.06264734,False
2473,0.018772472,-0.019771308,False
2474,-0.013383982,-0.013383982,False
2475,-0.009193223,-0.051536202,False
2476,0.0,0.0,False
2477,0.07073906,-0.051759765,False
2478,-0.009860441,-0.009860441,False
2479,0.037129115,-0.009134174,False
2480,-0.018514723,-0.018514723,False
2481,0.043159276,-0.041159183,False
2482,-0.004578764,-0.004461049,False
2483,0.017839693,-0.00453614,False
2484,-0.055234097,-0.055234097,False
2485,-0.009832327,-0.009832327,False
2486,0.003954647,-0.018653069,False
2487,0.1499103,0.04071138,False
2488,0.03320108,-0.00044254214,False
2489,-0.020541416,-0.009605836,False
2490,-0.016756551,-0.016756551,False
2491,-0.009884536,-0.009884536,False
2492,0.022909204,-0.022062903,False
2493,0.003474052,-0.014007763,False
2494,0.000491783,-0.042854268,False
2495,-0.0095830085,-0.0095830085,False
2496,0.045891035,-0.018701348,False
2497,0.0,0.0,False
2498,-0.0014706552,-0.024579156,False
2499,-0.010032165,-0.010032165,False
2500,-0.15038335,-0.02506274,False
2501,-0.004572669,-0.027960423,False
2502,-0.025654133,0.0289106,False
2503,-0.009508386,-0.013155572,False
2504,-0.009433616,-0.009433616,False
2505,0.0120153995,-0.009703177,False
2506,0.0110197645,-0.009602325,False
2507,0.012839785,-0.019212438,False
2508,0.0071403235,-0.009659838,False
2509,0.05530358,-0.00015340745,False
2510,0.0037981216,-0.019232227,False
2511,0.0,0.0,False
2512,-0.016510751,-0.036245596,False
2513,0.04762894,0.009787649,False
2514,-0.0036221,-0.0036221,False
2515,-0.018847538,-0.018847538,False
2516,-0.026003372,-0.04890454,False
2517,-0.01932689,-0.01932689,False
2518,-0.009498013,-0.031916086,False
2519,-0.0050774873,-0.0050774873,False
2520,0.058607057,-0.032644063,False
2521,0.031627,0.020630408,False
2522,-0.027771711,-0.06678034,False
2523,0.024148136,-0.001536835,False
2524,-0.009311311,-0.009311311,False
2525,0.014319811,-0.004055381,False
2526,-0.015001394,-0.015001394,False
2527,0.0,0.0,False
2528,-0.004629196,-0.004629196,False
2529,-0.011297613,-0.0069148783,False
2530,-0.0561452,-0.0561452,False
2531,0.03205935,-0.005465821,False
2532,0.038514495,0.06764135,False
2533,-0.0043214094,-0.0043214094,False
2534,-0.016851665,-0.01637989,False
2535,-0.04916036,-0.015795566,False
2536,-0.047111887,-0.027765073,False
2537,-0.047467984,-0.014623411,False
2538,-0.01525384,-0.01525384,False
2539,-0.014681973,-0.014681973,False
2540,-0.00034130365,-0.023419043,False
2541,0.0077468706,-0.015271156,False
2542,-0.004683405,-0.004683405,False
2543,-0.0035954954,0.006603623,False
2544,0.018885195,-0.0045929668,False
2545,0.0037231147,0.017907657,False
2546,0.0,0.0,False
2547,-0.004356498,-0.004356498,False
2548,-0.062136494,-0.025712915,False
2549,0.0,0.00054665917,False
2550,0.06436029,0.035786163,False
2551,-0.05264668,-0.048876077,False
2552,-0.019301064,-0.019301064,False
2553,-0.004356498,-0.004356498,False
2554,-0.061086275,-0.010978658,False
2555,-0.008606236,-0.051631417,False
2556,-0.07101429,-0.016690716,False
2557,0.020301543,0.05286535,False
2558,0.014366243,-0.05267067,False
2559,-0.0047623646,-0.0047623646,False
2560,-0.07265472,-0.063512385,False
2561,-0.008021451,-0.008021451,False
2562,-0.011499053,-0.033636566,False
2563,-0.10301852,-0.032794446,False
2564,0.020444231,-0.024089633,False
2565,0.06300953,-0.0010996833,False
2566,0.012712458,-0.00812537,False
2567,0.030284094,-0.009630399,False
2568,0.0,0.0,False
2569,-0.024597043,-0.024597043,False
2570,-0.006881632,0.018321166,False
2571,0.0,0.0,False
2572,-0.03400421,0.016343795,False
2573,0.0,0.0,False
2574,0.0,0.0,False
2575,-0.02001798,-0.02001798,False
2576,-0.004365054,-0.004365054,False
2577,0.02285847,-0.0073142946,False
2578,-0.01895877,0.008990884,False
2579,-0.004335512,0.010075087,False
2580,-0.020698883,-0.12789463,False
2581,0.016400237,-0.0070779254,False
2582,-0.011998933,-0.004830832,False
2583,0.009485869,0.007409362,False
2584,-0.017306488,-0.05697345,False
2585,-0.017075717,0.015984729,False
2586,0.014043212,-0.00943495,False
2587,-0.005245026,-0.005245026,False
2588,-0.014126242,-0.014126242,False
2589,-0.00949287,-0.00949287,False
2590,-0.004955982,-0.004955982,False
2591,0.04243604,-0.0025236383,False
2592,-0.019518746,-0.0030588023,False
2593,0.06439263,0.0031085983,False
2594,0.0,0.0,False
2595,-0.101533785,-0.09886193,True
2596,-0.070686854,0.02853167,False
2597,-0.08253652,0.017759524,True
2598,-0.031391725,-0.031391725,False
2599,-0.035219267,-0.077389024,False
2600,0.01757238,-0.020089678,False
2601,0.023481429,-0.0134461075,False
2602,0.012764066,-0.042041466,False
2603,-0.02433148,-0.02433148,False
2604,-0.027612776,-0.027612776,False
2605,0.0,0.0,False
2606,-0.0018421263,-0.043185752,False
2607,0.019500505,0.0045705475,False
2608,0.0,0.0,False
2609,0.00966427,0.0054997653,False
2610,-0.17973936,-0.04303819,False
2611,0.0021858737,-0.11501898,False
2612,-0.02458458,-0.02458458,False
2613,0.017792396,-0.009327842,False
2614,-0.015464287,-0.012642847,False
2615,-0.022928223,-0.12851344,False
2616,-0.00029831938,-0.014867357,False
2617,-0.0046837158,-0.0042139967,False
2618,-0.0077267047,-0.0077267047,False
2619,0.021864127,0.016007157,False
2620,-0.011943132,0.0049945116,False
2621,-0.061970048,-0.020477675,False
2622,0.007599285,-0.013836915,False
2623,-0.013597758,-0.013597758,False
2624,-0.011376267,-0.033256423,False
2625,-0.022973262,-0.022973262,False
2626,-0.008521769,-0.008521769,False
2627,-0.028488705,-0.044577513,False
2628,0.01271031,-0.009302159,False
2629,-0.075859785,-0.06432229,False
2630,0.045513928,0.0074966997,False
2631,0.08959994,0.029542591,False
2632,-0.0051085497,-0.0051085497,False
2633,0.003924681,-0.013557134,False
2634,0.0123002995,-0.009663554,False
2635,-0.027483448,-0.027483448,False
2636,0.0,0.0,False
2637,-0.010097519,-0.010097519,False
2638,0.0495764,-0.008711746,False
2639,0.0,0.0,False
2640,0.0,0.0,False
2641,-0.02472088,0.0049709696,False
2642,-0.0047710487,-0.0047710487,False
2643,-0.0076940004,-0.027225599,False
2644,0.0,0.0,False
2645,0.010330989,-0.0068625165,False
2646,-0.004214909,-0.024074035,False
2647,0.011308032,-0.009314057,False
2648,-0.010573611,-0.010573611,False
2649,0.011861856,-0.00985672,False
2650,0.024332955,-0.019135911,False
2651,-0.029941615,-0.05019156,False
2652,-0.010913882,-0.028217614,False
2653,-0.047146495,-0.070093565,False
2654,-0.03170331,-0.03170331,False
2655,-0.004679997,-0.004679997,False
2656,-0.0055812,-0.051625777,False
2657,0.0,0.0,False
2658,0.0,0.0,False
2659,0.027451992,-0.041783772,False
2660,-0.019853411,-0.019853411,False
2661,-4.676357e-05,-0.03769959,False
2662,0.0151730925,-0.004078731,False
2663,-0.0053511714,-0.0053511714,False
2664,0.0,0.0,False
2665,-0.023371618,-0.008842102,False
2666,-0.017153513,-0.031054027,False
2667,0.0,0.0,False
2668,-0.009344909,-0.049692474,False
2669,-0.014676579,0.02521982,False
2670,0.012975037,-0.056721255,False
2671,0.032782003,-0.024696691,False
2672,-0.0040039783,-0.0029936847,False
2673,-0.0047542667,-0.0047542667,False
2674,-0.025060557,-0.04755756,False
2675,-0.00977847,-0.028248893,False
2676,-0.029352674,-0.029352674,False
2677,0.007962568,0.010034947,False
2678,-0.0050148023,-0.0050148023,False
2679,0.14972615,-1.2655833,False
2680,-0.009675654,-0.009675654,False
2681,0.0026114304,-0.019041076,False
2682,0.0,0.0,False
2683,0.04303158,-0.061987832,False
2684,0.04479165,-0.042823773,False
2685,-0.040583238,0.001136452,False
2686,-0.018923597,-0.018923597,False
2687,-0.004778782,-0.004778782,False
2688,0.009693918,-0.013194227,False
2689,0.0118090715,-0.005014578,False
2690,-0.0117989145,-0.0117989145,False
2691,0.011093058,-0.025612239,False
2692,0.042930096,-0.012340039,False
2693,-0.004176967,-0.01487527,False
2694,-0.04512419,-0.04512419,False
2695,-0.003035862,-0.0051111765,False
2696,0.0011203662,-0.022267388,False
2697,-0.03773676,-0.03773676,False
2698,-0.011779364,0.015156843,False
2699,-0.044935767,0.080056,True
2700,-0.009676186,0.014109395,False
2701,0.023057207,-0.0228016,False
2702,-0.013427133,0.001468542,False
2703,0.0,0.0,False
2704,0.015393689,-0.0049321367,False
2705,-0.0046302197,-0.0046302197,False
2706,-0.01939043,-0.01939043,False
2707,-0.0101193115,-0.0101193115,False
2708,-0.06053242,-0.037435263,False
2709,-0.014868487,-0.014868487,False
2710,0.0026075654,-0.061338466,False
2711,-0.0022301413,-0.01905379,False
2712,-0.009680705,-0.009680705,False
2713,0.052683674,0.029293075,False
2714,0.007279069,-0.015059686,False
2715,-0.014217464,-0.014217464,False
2716,0.0064045154,-0.038729068,False
2717,-0.10871972,-0.021127239,False
2718,0.022503896,0.0,False
2719,0.01737715,-0.0053600036,False
2720,-0.0074956715,-0.030057138,False
2721,0.008056566,-0.011027545,False
2722,-0.0032947345,-0.0032947345,False
2723,0.019734845,0.0,False
2724,0.0,0.0,False
2725,0.0,0.0,False
2726,0.008600943,-0.093931645,False
2727,-0.0016893335,0.004829632,False
2728,-0.023857156,-0.023857156,False
2729,-0.035226483,-0.05048817,False
2730,-0.008107095,-0.008107095,False
2731,-0.019811083,-0.019811083,False
2732,0.0,0.0,False
2733,-0.00014329329,0.008013582,False
2734,-0.005046529,-0.005046529,False
2735,0.010807854,-0.009560819,False
2736,-0.009931057,-0.009931057,False
2737,-0.0042173397,-0.0042173397,False
2738,0.047411993,0.014996653,False
2739,-0.024182674,-0.024182674,False
2740,0.009644788,0.008423405,False
2741,-0.0045162076,-0.0045162076,False
2742,0.0,0.0,False
2743,0.0,0.0,False
2744,0.04392512,0.0,False
2745,-0.0050043217,-0.0050043217,False
2746,-0.030108519,-0.01179149,False
2747,-0.008152405,-0.008152405,False
2748,0.068084925,-0.020806529,False
2749,-0.0035435557,-0.09557795,False
2750,-0.02365235,-0.02365235,False
2751,0.0122692585,-0.029255968,False
2752,0.0,0.0,False
2753,0.1365233,-0.015027672,False
2754,0.0,0.0,False
2755,0.0047171414,0.021989524,False
2756,-0.006546041,-0.029184204,False
2757,-0.0128293885,-0.0128293885,False
2758,0.0,1.3424775e-05,False
2759,-0.033360317,-0.033360317,False
2760,0.01386944,-0.008557327,False
2761,0.0,0.0,False
2762,-0.019814765,0.019544585,False
2763,0.008048132,-0.014290623,False
2764,0.058880024,0.0028835014,False
2765,-0.03866948,-0.011098389,False
2766,0.021023106,-0.043253068,False
2767,-0.035877444,-0.07461094,False
2768,0.0,0.00013951743,False
2769,0.013764351,-0.009393626,False
2770,-0.008671634,-0.008671634,False
2771,-0.0047292574,-0.0047292574,False
2772,0.0,0.0020809844,False
2773,0.110015266,0.016387418,False
2774,-0.0845786,-0.03444463,False
2775,0.039883465,-0.003415743,False
2776,-0.0126687065,-0.034104906,False
2777,0.085051246,-0.05261893,False
2778,0.024421364,-0.01903563,False
2779,-0.004703655,-0.004703655,False
2780,-0.0044247913,-0.0044247913,False
2781,-0.097349465,-0.036766127,False
2782,0.0214362,0.0,False
2783,-0.024706086,-0.024706086,False
2784,0.0,0.0,False
2785,0.023059495,-0.120420896,False
2786,-0.038076475,-0.0105766095,False
2787,0.021845646,0.0,False
2788,-0.0048921127,-0.0048921127,False
2789,-0.015087787,-0.015087787,False
2790,-0.058010183,-0.004631318,False
2791,-0.004274767,-0.004274767,False
2792,-0.05810385,-0.010200258,False
2793,0.0,0.0,False
2794,-0.009729819,-0.009729819,False
2795,0.018123744,-0.027102744,False
2796,0.025170512,-0.077479206,False
2797,-0.22568062,-0.055559337,False
2798,0.015121929,-0.042467054,False
2799,-0.010182121,-0.010182121,False
2800,-0.033371586,-0.033371586,False
2801,-0.024490872,-0.024490872,False
2802,-0.004133573,-0.023665171,False
2803,0.0071127787,-0.014638422,False
2804,0.0,0.0,False
2805,0.059732355,-0.02812845,False
2806,0.10604003,-0.27102333,False
2807,-0.028047243,-0.028047243,False
2808,-0.02519195,-0.02519195,False
2809,-0.107838824,-0.003745675,False
2810,-0.0032577515,0.0033673942,False
2811,-0.009397727,-0.009397727,False
2812,0.054233722,-0.023650311,False
2813,0.0015839096,-0.020603443,False
2814,0.021864127,0.0,False
2815,-0.010071155,-0.010071155,False
2816,-0.0720857,-0.15231678,False
2817,-0.0036166578,-0.0036166578,False
2818,0.012256879,-0.009876132,False
2819,-0.039311487,-0.039311487,False
2820,-0.03200581,0.018113494,False
2821,0.023795713,-0.018372342,False
2822,-0.028994132,-0.028994132,False
2823,0.00903604,0.0064126477,False
2824,0.051153705,-0.0050196387,False
2825,-0.013566374,-0.013566374,False
2826,0.0,0.0,False
2827,-0.0054517314,0.029907841,False
2828,-0.041274473,0.009310111,False
2829,-0.018766772,0.03780721,False
2830,0.0,0.0016198107,False
2831,-0.0018538069,-0.024415273,False
2832,-0.014506089,-0.014506089,False
2833,-0.040359214,-0.00572069,False
2834,0.053565115,-0.01895623,False
2835,-0.015043061,-0.056828193,False
2836,-0.014905875,-0.014905875,False
2837,-0.0035210575,-0.0035210575,False
2838,0.0,0.0,False
2839,0.0,0.0,False
2840,-0.018784981,-0.0018460844,False
2841,-0.0045601614,-0.0019746646,False
2842,0.0,0.0,False
2843,-0.019409886,-0.019409886,False
2844,0.08190964,0.047886193,False
2845,-0.019128505,-0.019128505,False
2846,0.0,0.0006169137,False
2847,-0.017995553,-0.017995553,False
2848,0.0,0.0014290556,False
2849,0.009319745,-0.036141995,False
2850,0.011746057,-0.004631537,False
2851,0.0302235,0.023785893,False
2852,0.0060130917,-0.033749107,False
2853,-0.034228683,0.037124664,False
2854,-0.00494845,-0.00494845,False
2855,0.008447954,-0.014481565,False
2856,-0.018353928,-0.018353928,False
2857,0.041125976,-0.08825035,False
2858,0.008094596,-0.015099425,False
2859,-0.022462614,-0.109444715,False
2860,-0.017590716,-0.00822676,False
2861,-0.016058087,-0.023354873,False
2862,0.025466312,-0.010613237,False
2863,-0.0043857507,-0.0043857507,False
2864,-0.0046622367,-0.0046622367,False
2865,0.022133011,0.0,False
2866,-0.019411935,0.02529976,False
2867,-0.009795414,-0.009795414,False
2868,-0.0038334213,-0.0038334213,False
2869,-0.015449209,-0.03653572,False
2870,-0.038432017,-0.024205755,False
2871,0.030589603,-0.009523426,False
2872,0.013097901,-0.010250846,False
2873,-0.01030859,-0.01030859,False
2874,0.0,0.0,False
2875,0.013423932,-0.008942361,False
2876,-0.0049591395,-0.004504038,False
2877,0.0069375355,-0.015074933,False
2878,0.022355776,-0.013578072,False
2879,0.0080277715,-0.008944094,False
2880,-0.024504982,-0.024504982,False
2881,0.010547966,0.029778138,False
2882,-0.0035510547,0.013802536,False
2883,0.0,0.0,False
2884,-0.013795398,-0.013795398,False
2885,-0.033163175,-0.033163175,False
2886,0.0,0.0,False
2887,-0.023845863,-0.0635237,False
2888,-0.029693542,-0.029693542,False
2889,-0.004491555,-0.004491555,False
2890,-0.033821076,-0.053352676,False
2891,-0.026250029,-0.026250029,False
2892,-0.024098663,-0.024098663,False
2893,0.0,0.0,False
2894,0.0,0.0,False
2895,0.022550486,0.041012466,False
2896,0.012742273,-0.008874428,False
2897,0.0042014103,-0.01878542,False
2898,0.022145107,0.009165183,False
2899,0.0,0.0,False
2900,0.0225108,0.0,False
2901,0.022366293,0.0,False
2902,-0.03812435,-0.008200105,False
2903,-0.03513844,-0.03513844,False
2904,-0.047603764,-0.047603764,False
2905,-0.009595096,-0.03249083,False
2906,-0.019046452,-0.019046452,False
2907,0.0,0.012119613,False
2908,0.0266814,-0.10683248,False
2909,-0.0034862934,-0.0034862934,False
2910,0.0021978728,-0.015032748,False
2911,-0.004554102,-0.004554102,False
2912,-0.05275008,-0.037507847,False
2913,-0.008392123,-0.008392123,False
2914,-0.014488288,-0.014488288,False
2915,0.02881616,0.002019093,False
2916,0.011058612,-0.009701528,False
2917,0.01682365,0.0,False
2918,-0.000723999,-0.017547648,False
2919,-0.006123135,-0.028489428,False
2920,0.0,0.0,False
2921,0.015172938,-0.0050770068,False
2922,-0.011122022,0.00050062314,False
2923,-0.07691148,-0.014568448,False
2924,0.008894238,-0.014090373,False
2925,-0.08614239,0.0031493902,False
2926,0.0033215983,-0.013502051,False
2927,0.018007588,-0.004425956,False
2928,-0.0049740216,-0.0049740216,False
2929,-0.0068011843,-0.0038918778,False
2930,0.07718259,0.034007564,False
2931,0.0,0.0,False
2932,-0.0033912933,-0.0033912933,False
2933,0.019234948,-0.023786731,False
2934,-0.028329104,-0.04257828,False
2935,-0.026139103,-0.034846593,False
2936,-0.012734877,-0.012734877,False
2937,0.0,0.00010969035,False
2938,-0.0019578747,-0.024616461,False
2939,0.0,0.0,False
2940,-0.004595356,-0.0040529096,False
2941,0.0,0.00017868701,False
2942,0.01889419,0.0,False
2943,0.02339511,0.0,False
2944,-0.004230254,-0.004230254,False
2945,0.07101083,-0.023327589,False
2946,0.029658783,-0.0093533,False
2947,-0.001891166,-0.04107397,False
2948,-0.04751894,0.014984414,False
2949,-0.023590982,-0.023590982,False
2950,-0.041028697,-0.0010726824,False
2951,0.0070498325,-0.014483754,False
2952,-0.004841865,-0.004841865,False
2953,-0.014364844,-0.014364844,False
2954,0.011022596,-0.009885786,False
2955,0.0,0.00060479937,False
2956,0.021248864,0.018191645,False
2957,-0.012963901,-0.012963901,False
2958,0.13911727,0.035408527,False
2959,-0.062809564,-0.024813168,False
2960,0.095253766,0.00406678,False
2961,0.043234892,-0.03365615,False
2962,0.015674628,0.0,False
2963,0.044214383,0.015769333,False
2964,0.0,0.0,False
2965,0.017227193,-0.0039407616,False
2966,0.022424266,-0.04250128,False
2967,0.016994052,0.0028050467,False
2968,0.03279387,-0.011561684,False
2969,-0.0037769224,-0.0037769224,False
2970,0.0116534475,-0.009804783,False
2971,-0.009966585,-0.009966585,False
2972,0.01768737,-0.0049436693,False
2973,0.054882266,-0.009267552,False
2974,-0.04313649,-0.04313649,False
2975,-0.024171904,-0.13556926,False
2976,-0.00059394725,-0.0011034571,False
2977,-0.003940597,-0.001953587,False
2978,-0.041256573,-0.041256573,False
2979,-0.0137117505,-0.14406164,False
2980,0.0,0.0,False
2981,0.06338525,-0.0048964294,False
2982,0.013335177,-0.009833231,False
2983,-0.016421653,-0.012701012,False
2984,0.0022803918,-0.018557437,False
2985,0.0,0.0,False
2986,0.16023144,0.03482002,False
2987,0.008556154,-0.05356139,False
2988,0.00782958,-0.03717624,False
2989,0.0071741743,-0.013663654,False
2990,0.025452346,-0.03597698,False
2991,0.016382933,-0.004746907,False
2992,-0.014810139,-0.014810139,False
2993,0.032254823,-0.0138030015,False
2994,-0.27969885,-0.20489764,False
2995,0.016485745,-0.0042532887,False
2996,-0.009527923,-0.009527923,False
2997,0.04586096,0.0,False
2998,-0.041233376,-0.034566663,False
2999,-0.0048698788,-0.0048698788,False
3000,-0.04814761,-0.04814761,False
3001,0.0064556655,-0.014932327,False
3002,0.033525407,-0.029797891,False
3003,0.0050635524,-0.041328285,False
3004,0.0,0.0,False
3005,-0.018465491,-0.018465491,False
3006,0.0,3.4056997e-05,False
3007,0.041557275,-0.043851458,False
3008,0.022426767,0.0,False
3009,-0.010179518,-0.010179518,False
3010,0.0,0.0,False
3011,-0.009877757,-0.009877757,False
3012,-0.024332456,-0.0044346154,False
3013,-0.023029359,-0.023029359,False
3014,-0.005097175,-0.005097175,False
3015,-0.035755984,-0.035755984,False
3016,0.03343168,-0.032478727,False
3017,0.02732252,-0.0179029,False
3018,0.0,0.0,False
3019,0.019295007,-0.023777287,False
3020,-0.0040039783,-0.0040039783,False
3021,0.10981916,0.037826434,False
3022,0.025798485,0.0031349007,False
3023,0.008435662,-0.0150150405,False
3024,0.059346214,0.0031881928,False
3025,-0.0045919847,-0.0045919847,False
3026,0.0,0.0,False
3027,0.007101748,-0.036683217,False
3028,-0.04252409,-0.05736998,False
3029,0.0052785473,-0.013930895,False
3030,-0.040321007,0.027630813,False
3031,0.0012238678,-0.019515166,False
3032,-0.08711526,-0.00668668,False
3033,-0.0011607688,-0.02426927,False
3034,0.016088808,0.0,False
3035,0.0026351549,-0.02037505,False
3036,-0.032426987,0.0012420267,False
3037,-0.014377458,0.008792315,False
3038,-0.07798292,-0.056241617,False
3039,0.013409413,-0.033052668,False
3040,0.03478951,-0.055228062,False
3041,0.054352343,0.023809716,False
3042,-0.065105855,-0.022227552,False
3043,0.0,0.0,False
3044,0.0,0.0,False
3045,-0.004983937,-0.004983937,False
3046,0.0255808,-0.019420458,False
3047,0.019188423,0.029088996,False
3048,0.0075883185,-0.014829754,False
3049,0.0061369957,-0.013609807,False
3050,-0.00958499,-0.00958499,False
3051,-0.0045746295,-0.0045746295,False
3052,-0.00834893,-0.00834893,False
3053,0.011711707,-0.010271175,False
3054,-0.015258741,-0.015258741,False
3055,-0.038963187,-0.038963187,False
3056,-0.00924924,-0.09281232,False
3057,0.010215476,-0.047895312,False
3058,-0.0056420676,-0.045385465,False
3059,0.0,0.0,False
3060,0.01762686,-0.004025647,False
3061,0.014630165,-0.0050162864,False
3062,-0.011642709,-0.049544837,False
3063,0.03119434,-0.014582235,False
3064,-0.0016497262,-9.25418e-05,False
3065,-0.03541849,-0.0042485595,False
3066,0.0,0.0,False
3067,-0.115897834,-0.005693406,False
3068,-0.028771065,0.012529172,False
3069,-0.0010352172,-0.022686126,False
3070,0.003932528,0.0054771155,False
3071,-0.014192224,-0.014192224,False
3072,-0.00996813,-0.00996813,False
3073,-0.077303976,-0.010411441,False
3074,-0.019603873,0.0074765254,False
3075,0.027278304,-0.0073235035,False
3076,0.012543537,0.00045868754,False
3077,-0.0048137996,-0.0048137996,False
3078,-0.0049436693,-0.0049436693,False
3079,-0.009401978,-0.009401978,False
3080,0.018798731,0.028863072,False
3081,-0.062490344,-0.062490344,False
3082,0.021972656,-0.038163777,False
3083,-0.044896267,-0.027237166,False
3084,-0.009581868,-0.009581868,False
3085,-0.0003045816,0.015793175,False
3086,0.009309821,-0.056094795,False
3087,-0.013949996,-0.013949996,False
3088,-0.031651273,-0.031651273,False
3089,-0.022939898,-0.0139069185,False
3090,0.014045581,-0.046447948,False
3091,-0.045792453,0.014196642,False
3092,-0.003308434,-0.00051004626,False
3093,0.005944213,-0.014923796,False
3094,-0.0070780087,-0.029504776,False
3095,0.0069291443,-0.004170187,False
3096,-0.028508294,-0.028508294,False
3097,0.0,0.0,False
3098,0.031792484,-0.0344636,False
3099,-0.010149146,-0.010149146,False
3100,0.0074742725,-0.013434109,False
3101,-0.023794658,-0.046377175,False
3102,-0.004784322,-0.004784322,False
3103,-0.058050618,-0.030373774,False
3104,-0.013938732,-0.013938732,False
3105,-0.011915419,-0.03346456,False
3106,-0.008834271,-0.03174523,False
3107,-0.009420827,-0.031284954,False
3108,0.027126025,-0.06179222,False
3109,-0.0048027425,-0.0048027425,False
3110,0.012516908,-0.009135598,False
3111,-0.06767226,0.030843273,False
3112,-0.086613506,-0.06433532,False
3113,0.0745306,-0.027806073,False
3114,0.098932326,-0.015381098,False
3115,0.008258611,-0.022616327,False
3116,-0.023959335,-0.019967495,False
3117,0.0,0.0,False
3118,0.02485514,-0.050170925,False
3119,0.0,0.0,False
3120,-0.014486343,-0.01183936,False
3121,-0.055304818,-0.009492889,False
3122,-0.03276625,-0.0064090677,False
3123,0.0128594,-0.0039407616,False
3124,-0.064079255,-0.066052824,False
3125,-0.027723908,-0.009089112,False
3126,-0.011251375,-0.017127208,False
3127,0.0,0.0,False
3128,0.17845708,0.052813947,False
3129,-0.18079263,-0.12099427,False
3130,0.0,0.0,False
3131,-0.44353467,-0.109903574,False
3132,0.0026864856,-0.016507208,False
3133,0.017711192,-0.0070016086,False
3134,0.064839244,-0.010644957,False
3135,-0.18968926,0.013287455,False
3136,0.0029735193,0.017480135,False
3137,-0.24112105,-0.19600189,False
3138,-0.015256576,-0.015256576,False
3139,0.054614276,-0.050604984,False
3140,0.003030519,-0.014451296,False
3141,-0.04398197,-0.06692135,False
3142,0.029889816,-0.008769425,False
3143,-0.047916174,0.043352515,False
3144,-0.06160845,-0.007294208,False
3145,0.063608944,-0.16090101,False
3146,-0.020005047,-0.0133346915,False
3147,-0.010116935,-0.046293855,False
3148,0.018459544,-0.022186719,False
3149,-0.019336132,-0.019336132,False
3150,0.0,0.0,False
3151,0.06122033,-0.025630046,False
3152,-0.068357505,-0.010253124,False
3153,-0.0339244,0.010882527,False
3154,-0.115375236,-0.027890384,False
3155,0.01237892,-0.01550778,False
3156,0.1469492,0.07361448,False
3157,-0.004285395,0.074000716,False
3158,0.03185466,-0.010296404,False
3159,0.047622204,-0.10118234,False
3160,-0.09171937,0.013468653,False
3161,-0.080791555,-0.01934962,False
3162,-0.02408935,-0.02408935,False
3163,0.0073198006,-0.009923089,False
3164,0.0753786,-0.04216832,False
3165,-0.014766208,0.018123068,False
3166,0.0,0.0,False
3167,0.1525055,-0.17328186,False
3168,-0.03809905,-0.022856593,False
3169,-0.3377869,-0.016818762,False
3170,-0.30556715,-0.06652814,False
3171,-0.017470442,0.008380622,False
3172,0.0,0.0,False
3173,-0.018609595,-0.018609595,False
3174,0.011515617,0.08980048,False
3175,-0.020039884,-0.020039884,False
3176,-0.020020619,0.015940886,False
3177,0.08982265,-0.014618635,False
3178,-0.0047487416,-0.0047487416,False
3179,0.06577912,0.018722802,False
3180,-0.062392484,-0.009379379,False
3181,0.12847906,0.080506146,False
3182,-0.005027678,-0.005027678,False
3183,0.030572385,-0.08787185,False
3184,0.039623573,0.014657214,False
3185,-0.05559084,-0.047940858,False
3186,0.016821682,-0.0019000396,False
3187,0.009784579,0.018224418,False
3188,-0.029813848,-0.06680354,False
3189,0.0,0.0,False
3190,-0.025991186,-0.011196122,False
3191,-0.039143384,-0.02078718,False
3192,-0.004787627,-0.004787627,False
3193,0.07177116,0.02399981,False
3194,0.031302106,-0.058581647,False
3195,-0.03666132,-0.0807605,False
3196,-0.050480664,0.01375857,False
3197,-0.023336543,0.00894586,False
3198,-0.0045059593,-0.0045059593,False
3199,0.058892563,0.07389264,False
3200,-0.035060734,-0.04154688,False
3201,-0.07585788,0.083844185,False
3202,0.04695797,-0.059179723,False
3203,0.0076309443,-0.11047512,False
3204,-0.0732007,-0.2510271,False
3205,0.045481294,-0.025760572,False
3206,0.0717687,-0.048697084,False
3207,-0.2609321,-0.072050214,False
3208,-0.01652953,-0.01386407,False
3209,-0.025271485,-0.00992503,False
3210,0.025353974,0.039782465,False
3211,-0.10509348,-0.009214878,False
3212,0.16775966,0.07515678,False
3213,-0.02939196,-0.17793371,False
3214,-0.004478243,-0.004478243,False
3215,0.009231724,-0.016861804,False
3216,-0.18400167,-0.37059712,False
3217,0.05427426,-0.0031489432,False
3218,-0.10909104,-0.028602123,False
3219,-0.11611971,-0.016229253,True
3220,-0.012723032,-0.0094899535,False
3221,-0.12308413,0.005411178,False
3222,-0.1556188,-0.038072586,False
3223,0.00043033063,0.0017555356,False
3224,-0.03215421,-0.03215421,False
3225,-0.106478006,-0.00051411986,False
3226,0.016184108,-0.023166621,False
3227,-0.038499475,-0.004267156,False
3228,0.05084163,-0.004637271,False
3229,0.09568182,0.039120212,False
3230,-0.16586882,-0.0847806,False
3231,0.2093386,-0.015544832,False
3232,0.09923048,0.015898705,False
3233,-0.20263922,-0.116003394,False
3234,-0.06409407,-0.123864174,False
3235,-0.5609251,-0.21354795,False
3236,0.0,0.0,False
3237,0.068920314,-0.0042712092,False
3238,0.119623125,-0.050682187,False
3239,-0.07902442,-0.020742595,False
3240,-0.25002533,-0.13138998,False
3241,0.0,0.0,False
3242,0.0,0.0,False
3243,0.0092224255,-0.009247998,False
3244,-0.009717714,-0.009717714,False
3245,0.012687942,-0.009745602,False
3246,0.04854505,-0.004681545,False
3247,0.0,0.0,False
3248,-0.0068776906,-0.04374574,False
3249,-0.043355048,-0.037454043,False
3250,-0.005037054,-0.005037054,False
3251,-0.09619799,-0.059194446,False
3252,0.04124397,-0.0137667805,False
3253,0.07223609,0.0049886256,False
3254,-0.017619455,-0.017552625,False
3255,0.0,0.0,False
3256,-0.062054306,-0.038213015,False
3257,0.0026056115,-0.0033739433,False
3258,0.012327331,-0.003967165,False
3259,0.08866188,0.037000448,False
3260,0.0448699,0.0079057515,False
3261,-0.24144876,-0.041668892,False
3262,0.4594791,-1.0229166,False
3263,-0.06264958,-0.05661516,False
3264,0.0093970895,-0.08563572,False
3265,0.08425009,-0.015467107,False
3266,-0.099799484,0.033789724,False
3267,0.07934323,0.01003772,False
3268,-0.038308144,0.021328568,False
3269,0.06505939,-0.025141984,False
3270,-0.15659544,-1.0550022e-05,False
3271,-0.25289655,-0.1403395,False
3272,-0.00922557,-0.0074918605,False
3273,0.041385114,-0.0056288987,False
3274,0.0055455565,0.06250279,False
3275,0.0,0.0,False
3276,0.026619475,-0.056723733,False
3277,5.717948e-05,-0.005492205,False
3278,-0.01617853,0.03187315,False
3279,-0.004681545,-0.0038618734,False
3280,-0.027884215,-0.074853376,False
3281,-0.020646766,-0.060188156,False
3282,-0.23952627,-0.032739878,False
3283,-0.0144784935,-0.002822332,False
3284,0.0,0.0001129378,False
3285,0.12761374,0.063997194,False
3286,0.0,0.0,False
3287,0.0,0.0,False
3288,-0.004681545,-0.003479966,False
3289,-0.048070833,-0.017906763,False
3290,0.0,8.765149e-05,False
3291,-0.35885572,-0.1796403,False
3292,-0.16441226,-0.15478325,False
3293,-0.22698963,-0.056602597,False
3294,0.035051793,-0.005368911,False
3295,0.16939604,-0.05347103,False
3296,0.0,0.0,False
3297,-0.060086384,-0.033212975,False
3298,-0.043035746,-0.038090587,False
3299,0.34981346,0.1482271,False
3300,0.0,0.0,False
3301,-0.37334967,-0.10646963,False
3302,0.13720334,0.016660392,False
3303,-0.039915323,0.018386006,False
3304,-0.049558878,0.05754757,False
3305,0.052046657,-0.274884,False
3306,-0.0017124899,-0.016894184,False
3307,0.0,0.0,False
3308,0.0,0.0,False
3309,0.055024646,-0.0008770749,False
3310,0.023450702,0.0,False
3311,-0.027379245,-0.027379245,False
3312,0.032663673,0.034974366,False
3313,0.004343152,-0.017476592,False
3314,0.0,0.0,False
3315,0.010994398,-0.005774293,False
3316,0.00078788213,0.028894253,False
3317,-0.004987846,-0.004987846,False
3318,0.0,0.0,False
3319,-0.027102724,-0.02376605,False
3320,-0.0072139185,-0.023893572,False
3321,0.010016769,-0.034954507,False
3322,0.0,0.0,False
3323,0.0,0.0,False
3324,0.020311406,-0.024812547,False
3325,-0.009897298,-0.009897298,False
3326,-0.011765763,0.0051320754,False
3327,0.08875559,-0.010903027,False
3328,0.012669454,-0.008460385,False
3329,0.030670296,-0.036810588,False
3330,0.0,0.0,False
3331,0.09209099,-0.10006159,False
3332,-0.01626036,-0.058810174,False
3333,-0.015545728,-0.015545728,False
3334,0.010187471,-0.009100014,False
3335,0.0,0.0,False
3336,0.0051584924,-0.0147006335,False
3337,0.026331898,0.057581987,False
3338,-0.02815135,-0.02815135,False
3339,-0.07823094,0.018781133,False
3340,-0.018648267,0.032791495,False
3341,-0.033675916,-0.023580201,False
3342,-0.004979828,-0.004979828,False
3343,0.0069252476,-0.010986261,False
3344,0.0063627474,-0.038520746,False
3345,0.030920394,-0.0124918865,False
3346,0.016253704,-0.028511861,False
3347,0.08300352,0.0308678,False
3348,0.03791806,0.07801178,False
3349,-0.0043214094,-0.0043214094,False
3350,-0.004717735,0.014372081,False
3351,0.0,0.0,False
3352,-0.00884386,-0.01454358,False
3353,-0.0033912933,-0.0033912933,False
3354,-0.02171392,0.010518432,False
3355,-0.004887038,-0.004887038,False
3356,-0.014406247,-0.014406247,False
3357,0.007568244,-0.014789483,False
3358,0.0,0.0,False
3359,0.0,0.0,False
3360,0.03413147,-0.0049898075,False
3361,0.012372088,0.042645667,False
3362,-0.03253586,-0.053972058,False
3363,-0.14256166,-0.18594915,False
3364,0.09630285,-0.23660381,False
3365,-0.05269012,-0.030082226,False
3366,-0.027897047,-0.027897047,False
3367,0.034448445,-0.010004349,False
3368,-0.008910869,-0.008910869,False
3369,-0.037818715,-0.037818715,False
3370,0.014969602,-0.0013549589,False
3371,-0.004227171,-0.004227171,False
3372,-0.009835113,-0.0046126135,False
3373,0.0,0.0,False
3374,0.003866043,-0.019521711,False
3375,0.021122735,-0.024081241,False
3376,0.017707217,-0.004631537,False
3377,0.011126589,0.019097626,False
3378,-0.00237016,-0.024382629,False
3379,-0.0036127158,-0.052364275,False
3380,0.002002675,-0.020494327,False
3381,0.19874421,-0.015785784,False
3382,-0.0041037896,-0.0041037896,False
3383,-0.010032423,-0.010032423,False
3384,0.0,0.0,False
3385,0.044834748,-0.0051194876,False
3386,0.07767521,-0.010808755,False
3387,0.0,0.0,False
3388,-0.0146564245,-0.0146564245,False
3389,-0.015018049,-0.015018049,False
3390,0.0,0.0,False
3391,0.026610518,-0.019811595,False
3392,-0.0051040817,-0.0051040817,False
3393,-0.014056595,-0.014056595,False
3394,0.0,0.0,False
3395,-0.044018447,-0.030299455,False
3396,0.052023627,0.0116056,False
3397,-0.03945399,-0.0847681,False
3398,-0.009510892,-0.009510892,False
3399,-0.008621255,-0.008621255,False
3400,0.010193132,-0.047860827,False
3401,-0.010250542,-0.010250542,False
3402,-0.009546526,-0.12324464,False
3403,-1.4221296e-05,-0.019560037,False
3404,0.06897725,-0.06469631,False
3405,0.023756947,-0.019839898,False
3406,-0.006904116,-0.028813966,False
3407,0.0,0.0027462335,False
3408,0.02785901,-0.03136015,False
3409,-0.014574094,-0.033783536,False
3410,0.013534615,-0.009847019,False
3411,0.0224486,-0.03380788,False
3412,-0.013954827,-0.013954827,False
3413,0.04552212,0.0,False
3414,0.0,0.0,False
3415,0.0037123747,-0.0336679,False
3416,-0.052131243,-0.03652151,False
3417,0.027756542,-0.010058314,False
3418,-0.013969358,-0.01404592,False
3419,0.0,0.0,False
3420,-0.015261605,-0.08981172,False
3421,0.0002859272,-0.022955077,False
3422,0.03044045,-0.028722763,False
3423,0.05624284,0.014413878,False
3424,0.0,0.0,False
3425,-0.0052882433,-0.023512352,False
3426,-0.051559325,-0.051559325,False
3427,-0.033683978,-0.033683978,False
3428,0.00221584,-0.05964574,False
3429,-0.0057847016,-0.024092799,False
3430,-0.06764139,-0.034774847,False
3431,0.017214134,-0.00492338,False
3432,-0.023773164,-0.023773164,False
3433,0.0,0.0,False
3434,-0.00033516064,-0.019880977,False
3435,0.041897774,-0.053810656,False
3436,-0.018370561,-0.018370561,False
3437,0.0071412865,-0.014945213,False
3438,0.006427899,0.007498719,False
3439,0.028129242,0.014746159,False
3440,0.030622162,-0.033558175,False
3441,-0.003413568,-0.003413568,False
3442,-0.042442784,-0.042442784,False
3443,-0.0256173,-0.045846947,False
3444,-0.010137664,-0.00059806183,False
3445,0.0,0.0,False
3446,-0.019889586,0.002662737,False
3447,-0.034930997,-0.017638955,False
3448,0.0019067973,-0.018618934,False
3449,-0.017305307,-0.009859763,False
3450,-0.009160463,-0.009160463,False
3451,0.023360897,0.001301479,False
3452,-0.038450602,-0.014256023,False
3453,-0.0048509818,-0.0048509818,False
3454,0.0,0.0,False
3455,0.029955104,0.0008714646,False
3456,-0.013548533,-0.013548533,False
3457,0.008234702,0.038333036,False
3458,-0.013631855,0.012414263,False
3459,-0.002106972,-0.046632186,False
3460,0.07455653,-0.014954872,False
3461,-0.019000119,0.023851832,False
3462,-0.024105083,-0.024105083,False
3463,-0.0038334213,-0.0038334213,False
3464,0.0111299185,-0.004716768,False
3465,0.020844964,-0.0038097575,False
3466,-0.072776005,-0.04702601,False
3467,-0.008719188,-0.008719188,False
3468,0.022133011,0.0015007379,False
3469,-0.009026869,-0.009026869,False
3470,0.0,0.0,False
3471,0.057515904,-0.010180383,False
3472,0.014485013,-0.016426556,False
3473,-0.009934085,-0.009934085,False
3474,-0.014421633,0.00723851,False
3475,-0.04272616,0.0067117065,False
3476,-0.009895721,-0.008394774,False
3477,-0.08924177,-0.007914126,False
3478,-0.11606601,0.029820919,False
3479,-0.11500466,-0.027399004,False
3480,-0.013175964,0.038027763,False
3481,0.014524579,-0.050754547,False
3482,-0.006852627,-0.0370422,False
3483,0.17175412,0.052518606,False
3484,0.005181536,0.00741823,False
3485,-0.04583937,-0.025521368,False
3486,0.09074026,-0.014395088,False
3487,-0.3237552,0.114607215,False
3488,-0.25780153,-0.1936034,False
3489,-0.3247862,-0.122819304,False
3490,-0.519523,-0.18803537,False
3491,-0.13490021,-0.00820601,False
3492,-0.03329152,-0.013549268,False
3493,-0.11388436,-0.017793119,False
3494,-0.21741831,-0.0144786835,False
3495,0.08918208,-0.040351704,False
3496,-0.03671077,0.030253723,False
3497,-0.015079353,-0.007889491,False
3498,-0.08614075,0.0063719302,False
3499,0.008488499,0.08566728,False
3500,0.08671734,-0.044864982,False
3501,-0.06495144,-0.002346538,False
3502,-0.020429969,0.017288983,False
3503,0.027283005,-0.010059357,False
3504,0.18979073,0.045513123,False
3505,-0.046376437,0.01936999,False
3506,0.0,0.0,False
3507,0.027787521,-0.01025472,False
3508,0.009088442,-0.028037429,False
3509,0.015342057,0.003131412,False
3510,0.24951696,0.029595613,False
3511,0.038899727,-0.11946081,False
3512,-0.01973335,-0.057665676,False
3513,-0.007819951,0.038527906,False
3514,0.10111977,0.058218673,False
3515,-0.27970755,-0.101495266,False
3516,-0.016787052,0.025296882,False
3517,-0.03881097,0.023789883,False
3518,0.072770625,-0.038941205,False
3519,-0.100957334,0.041641116,False
3520,0.100192964,0.0065826774,False
3521,0.0031072944,-0.07683916,False
3522,0.0,0.0,False
3523,0.023937225,-0.08929598,False
3524,0.111287296,-0.019385397,False
3525,-0.00932878,-0.00932878,False
3526,-0.006283814,0.018810406,False
3527,-0.004857174,-0.004857174,False
3528,0.0,0.0,False
3529,-0.51957643,-0.18337893,False
3530,-0.06891176,-0.047693327,False
3531,-0.21066871,-0.007883966,False
3532,-0.8510244,-0.3482921,False
3533,0.039199725,-0.0033483077,False
3534,-0.009269558,0.012324303,False
3535,-0.02683635,-0.038009934,False
3536,0.0,0.0,False
3537,0.0,0.0,False
3538,-0.06835914,-0.017223187,False
3539,-0.15703455,-0.07564047,False
3540,-0.24945372,-0.04046452,False
3541,-0.31152505,0.0055760145,False
3542,-0.011409715,0.03344068,False
3543,-1.0388937,-0.06409216,False
3544,-0.051482797,0.0068972707,False
3545,-0.023802325,-0.101814605,False
3546,0.015779927,0.0005336106,False
3547,-0.15087171,-0.11673319,False
3548,0.030915082,0.029506803,False
3549,0.03418523,0.04949385,False
3550,-0.023198485,-0.012989432,False
3551,-0.08603406,-0.1739912,False
3552,-0.016253203,0.021268412,False
3553,-0.07798672,-0.1347332,False
3554,-0.11797728,-0.025300473,False
3555,0.002355069,0.027607411,False
3556,0.0,0.0,False
3557,-0.005207883,-0.005207883,False
3558,-0.0034264624,-0.102286465,False
3559,-0.004678143,-0.004678143,False
3560,0.005794108,-0.023917377,False
3561,-0.029178232,-0.015642643,False
3562,-0.10530552,-0.110858545,False
3563,0.0131853,-0.008775966,False
3564,0.014050245,0.093782365,False
3565,-0.008825574,-0.008825574,False
3566,-0.0074332952,-0.1367535,False
3567,-0.060896304,-0.024507277,False
3568,-0.063290946,-0.03757237,False
3569,-0.31303668,-0.021942377,False
3570,0.21813786,-0.01124084,False
3571,0.04218602,-0.10132778,False
3572,-0.024586972,0.004674908,False
3573,0.3141495,-0.05064988,False
3574,-0.31083107,-0.21586919,False
3575,0.0763665,-0.03688988,False
3576,-0.20950174,-0.024362445,False
3577,-0.12105703,-0.031329453,False
3578,0.157619,0.028059661,False
3579,-0.07512838,0.03559625,False
3580,-0.080547094,-0.04564166,False
3581,0.04280588,6.0468912e-05,False
3582,-0.14214566,0.09194207,False
3583,-0.0031019505,-0.019396447,False
3584,0.2653048,-0.19481778,False
3585,-0.14339092,-0.06834841,False
3586,0.009475361,0.0013402654,False
3587,0.012344211,0.05121208,False
3588,0.009245029,0.011225775,False
3589,-0.06057951,-0.019895315,False
3590,-0.29577076,0.008759975,False
3591,-0.03743291,-0.13175672,False
3592,-0.16073231,0.050096244,False
3593,-0.0071575344,0.02408918,False
3594,-0.012930106,-0.051203556,False
3595,0.05407063,-0.030967284,False
3596,0.033303387,-0.057709873,False
3597,-0.004968465,-0.004968465,False
3598,0.06936979,-0.11978555,False
3599,0.07294369,-0.12550104,False
3600,-0.055604964,0.024868399,False
3601,0.025527716,-0.026745677,False
3602,-0.01379583,-0.01379583,False
3603,-0.22793865,-0.14613986,False
3604,-0.01909902,-0.014850531,False
3605,-0.0030536577,-0.021327045,False
3606,0.02307774,0.015259722,False
3607,-0.046289742,-0.034527972,False
3608,0.209921,0.0028846264,False
3609,0.077578716,-0.08132023,False
3610,0.026845787,-0.018231023,False
3611,0.0073207617,-0.093425035,False
3612,-0.22686619,0.008981466,False
3613,0.009742592,-0.009803223,False
3614,-0.002187416,-0.045450274,False
3615,-0.24031049,-0.07701689,False
3616,-0.46344292,-0.09146798,False
3617,0.006795883,-0.10078859,False
3618,0.3136233,0.16118932,False
3619,-0.0017498303,-0.0017619804,False
3620,0.019044975,-0.020234246,False
3621,0.0024590455,-0.016740272,False
3622,-0.08183671,-0.025334008,False
3623,0.0,0.0,False
3624,-0.016742898,-0.016742898,False
3625,0.03620494,0.010904722,False
3626,0.021486104,0.006074548,False
3627,0.028770223,0.026549984,False
3628,-0.28564012,-0.033728898,False
3629,-0.061732464,-0.07802696,False
3630,0.02571956,-0.042229153,False
3631,0.03228062,-0.00971602,False
3632,0.022366293,0.0,False
3633,-0.004865498,-0.0032572378,False
3634,0.073869534,-0.015977569,False
3635,0.0314672,-0.045155346,False
3636,0.11970508,0.02011007,False
3637,-0.02382183,0.025113612,False
3638,-0.17452258,-0.02985239,False
3639,-0.084151745,-0.067796946,False
3640,-0.2309157,-0.0026595294,False
3641,0.11397049,-0.051156998,False
3642,-0.0011692792,-0.0642304,False
3643,-0.1591146,0.032191753,False
3644,-0.1650958,-0.03732133,False
3645,-0.160454,-0.11555883,False
3646,-0.16428459,-0.2826233,False
3647,-0.021157444,-0.018437684,False
3648,-0.090446234,0.064538896,False
3649,-0.05469069,-0.062210813,False
3650,0.12806094,0.061581433,False
3651,-0.025360823,-0.009223983,False
3652,0.25246727,0.04245794,False
3653,-0.036967173,-0.005146712,False
3654,-0.123616815,-0.118573666,False
3655,-0.0040512085,0.029146224,False
3656,0.0058094263,-0.06112957,False
3657,0.017629385,-0.011114299,False
3658,0.033837587,-0.19382383,False
3659,-0.05547726,-0.110749245,False
3660,0.09004784,0.044620574,False
3661,0.24522448,0.06970015,False
3662,-0.089918375,-0.08863276,False
3663,-0.36142278,0.14754725,False
3664,0.019212551,0.021437831,False
3665,0.056429446,0.002507627,False
3666,0.008837804,0.053252414,False
3667,0.033812232,-0.047967978,False
3668,-0.08999097,-0.17509449,False
3669,-0.21855175,-0.1856482,False
3670,0.1847055,0.009763241,False
3671,-0.054902494,-0.10552716,False
3672,0.060735464,0.037064373,False
3673,-0.24486345,0.016836464,False
3674,-0.038123667,-0.12232751,False
3675,-0.2134924,-0.04424715,False
3676,0.019624697,-0.0016640164,False
3677,-0.015468411,0.009796709,False
3678,0.09288627,-0.019728318,False
3679,-0.013869286,0.022712708,False
3680,0.054435015,-0.109399855,False
3681,0.02305472,-0.023234198,False
3682,0.013428951,-0.008567447,False
3683,-0.13526413,0.014230683,False
3684,-0.20446676,0.110173464,False
3685,-0.0025934577,-0.024558797,False
3686,0.0037022084,0.008954935,False
3687,0.044444576,0.012241438,False
3688,0.02388344,-0.0126509145,False
3689,-0.010307461,-0.021067232,False
3690,-0.024668753,-0.024668753,False
3691,-0.12835714,-0.036471874,False
3692,0.029238436,-0.014691086,False
3693,0.053730905,-0.09866309,False
3694,-0.062069297,0.00052437186,False
3695,-0.012880293,-0.012880293,False
3696,-0.0059417933,0.0799364,False
3697,-0.015779242,-0.034494344,False
3698,-0.01721555,-0.001512289,False
3699,0.124789,-0.048483133,False
3700,-0.09038496,-0.15816355,False
3701,-0.009034157,-0.14359045,False
3702,-0.17228341,-0.09697938,False
3703,-0.29123187,-0.09103918,False
3704,-0.16078103,-0.08368206,False
3705,0.019912843,0.0026311479,False
3706,-0.13122189,-0.04020989,False
3707,-0.009341803,-0.0034351773,False
3708,0.20045167,0.06599802,False
3709,0.22177252,-0.0056697726,False
3710,0.08485684,-0.023791686,False
3711,0.11202985,0.04213476,False
3712,-0.115276515,-0.019310236,False
3713,-0.01840774,-0.09840392,False
3714,0.039406158,0.03014444,False
3715,0.060504988,-0.009801328,False
3716,0.03438413,-0.03489609,False
3717,-0.047761597,-0.026752405,False
3718,-0.032947868,-0.023442551,False
3719,0.07489985,0.019498907,False
3720,0.02563177,0.0026972443,False
3721,0.034059733,-0.024161756,False
3722,0.0,0.0,False
3723,0.033986807,0.025278568,False
3724,-0.0030446183,-0.02376891,False
3725,-0.21884105,-0.042011052,False
3726,0.037069842,0.045282938,False
3727,0.023450702,0.0008674377,False
3728,0.03363207,-0.028063327,False
3729,0.0021620505,0.0050136037,False
3730,0.01830285,-0.004636532,False
3731,0.056732938,0.033501312,False
3732,-0.0004229732,0.00405054,False
3733,0.11153668,-0.037433013,False
3734,-0.05504998,-0.018728778,False
3735,-0.08048859,0.05676973,False
3736,0.12844068,-0.044077158,False
3737,0.10755131,-0.028407782,False
3738,-0.14585903,0.024719536,False
3739,-0.47741407,-0.15597379,False
3740,-0.040069573,-0.0067681447,False
3741,-0.10167539,0.01953429,False
3742,0.04185989,0.010546446,False
3743,-0.014227654,-0.010543458,False
3744,0.0,0.0015228855,False
3745,-0.293669,-0.06835365,False
3746,-0.059298173,-0.012552202,False
3747,-0.06289929,0.052149713,False
3748,0.040629566,-0.01394853,False
3749,-0.011181619,-0.011181619,False
3750,-0.0020540059,0.03288591,False
3751,-0.014376942,-0.014376942,False
3752,0.006107211,0.00018036366,False
3753,0.03543393,0.005962342,False
3754,-0.37499273,-0.0508641,False
3755,-0.027024746,0.01634936,False
3756,-0.005129954,-0.005129954,False
3757,-0.15009633,-0.008399308,False
3758,-0.0047958563,-0.0047958563,False
3759,0.044664234,-0.06872398,False
3760,0.022927102,0.024356756,False
3761,-0.008217281,-0.008217281,False
3762,-0.009727269,0.02698487,False
3763,-0.008768981,-0.008768981,False
3764,0.043937147,0.026910841,False
3765,0.12908128,0.16179225,False
3766,-0.018603742,4.9710274e-05,False
3767,-0.018311352,0.00045239925,False
3768,-0.11730066,-0.0045790076,False
3769,-0.018692508,-0.00017046928,False
3770,-0.009589866,0.025898658,False
3771,-0.027724225,-0.027724225,False
3772,-0.1617608,-0.03528312,False
3773,0.011931434,-0.01683253,False
3774,0.0,0.0,False
3775,0.023052841,-0.103494436,False
3776,-0.017875526,-0.017875526,False
3777,0.012724757,0.017433524,False
3778,-0.16024482,-0.15278614,False
3779,0.011278544,0.048238363,False
3780,0.025078297,0.0032240152,False
3781,-0.10284698,-0.054840803,False
3782,0.07173455,-0.008397222,False
3783,-0.32535344,-0.11150348,False
3784,0.03006497,-0.021124065,False
3785,0.20286131,0.045884013,False
3786,-0.23877329,0.011918962,False
3787,0.019027323,-0.053122863,False
3788,0.15716267,0.017339945,False
3789,-0.16775477,0.07870734,False
3790,0.0031065047,0.012900561,False
3791,-0.14626317,-0.031692952,False
3792,-0.077618204,-0.035162657,False
3793,0.049886048,0.039631307,False
3794,0.009308994,-0.003868878,False
3795,0.025267825,-0.03250362,False
3796,0.21759689,0.13472307,False
3797,0.032396406,-0.0020617992,False
3798,0.120491296,0.08276716,False
3799,-0.16460711,-0.07865274,False
3800,0.030008912,-0.014399707,False
3801,-0.016086876,-0.043857753,False
3802,0.015228033,0.0057295263,False
3803,-0.013490294,-0.013490294,False
3804,-0.022933766,-0.008852269,False
3805,0.021010041,-0.102021754,False
3806,0.020246018,-0.057114672,False
3807,-0.026058838,0.059069544,False
3808,0.043256104,-0.05989051,False
3809,-0.12660265,-0.14438367,False
3810,-0.062657684,0.022693753,False
3811,0.04009834,0.007200435,False
3812,-0.54079545,-0.16818607,False
3813,0.02527157,-0.0066211955,False
3814,-0.27321583,-0.16541445,False
3815,0.0031520426,0.019879311,False
3816,-0.009702889,-0.009702889,False
3817,0.037002027,0.047279894,False
3818,-0.067274004,-0.006101221,False
3819,-0.030504286,-0.024413362,False
3820,-0.03696949,0.027673908,False
3821,0.09411186,0.010831565,False
3822,0.0031049075,-0.014137982,False
3823,-0.15597466,0.026036978,False
3824,0.022900745,-0.023444016,False
3825,-0.009237085,-0.008189981,False
3826,-0.032824032,-0.025008783,False
3827,0.012394777,-0.004428873,False
3828,-0.062570095,0.083984435,False
3829,-0.071697205,-0.03506148,False
3830,0.011790972,-0.0019384343,False
3831,-0.030309826,0.07787371,False
3832,-0.12062323,0.031308353,False
3833,0.034214735,-0.22230792,False
3834,-0.12351179,-0.06078714,False
3835,-0.014487848,0.012903109,False
3836,-0.05823089,0.06593692,False
3837,0.030770063,-0.10521436,False
3838,-0.037259817,0.08086324,False
3839,-0.100013256,-0.03110981,False
3840,-0.068299055,-0.045284986,False
3841,0.10593462,-0.0035324097,False
3842,-0.2039969,-0.113869905,False
3843,0.07798767,0.026451588,False
3844,-0.016882896,-0.2572961,False
3845,0.009301659,-0.015744,False
3846,-0.29104948,-0.22863603,False
3847,-0.10284042,0.032304525,False
3848,-0.05974269,0.12335944,False
3849,-0.35252285,-0.08884668,False
3850,0.05002291,-0.016109142,False
3851,-0.0641215,-0.00993548,False
3852,0.08659363,-0.18077946,False
3853,-0.025384603,-0.04245906,False
3854,-0.17863226,-0.010340929,False
3855,-0.08360314,-0.1772883,False
3856,0.014993707,-0.026794558,False
3857,-0.0147128105,-0.05756235,False
3858,-0.05175662,-0.09418225,False
3859,-0.22201061,-0.19203305,False
3860,0.19083607,-0.10908401,False
3861,-0.11883989,0.07832888,False
3862,0.05663313,-0.010974895,False
3863,0.08444643,-0.0113226175,False
3864,-0.024350375,0.054827392,False
3865,0.109063745,0.072844476,False
3866,0.061486483,0.0045797825,False
3867,-0.0012864247,-0.011320412,False
3868,-0.14821148,-0.038345456,False
3869,0.0,0.0,False
3870,-0.032601833,-0.16142893,False
3871,0.038018167,-0.0033441484,False
3872,0.0,0.0,False
3873,-0.07400894,-0.0015477538,False
3874,-0.15551418,-0.0100289285,False
3875,-0.021863401,-0.02022791,False
3876,-0.008964261,-0.008964261,False
3877,0.05844575,0.08431965,False
3878,-0.19758356,0.07216203,False
3879,0.060020372,0.0228042,False
3880,0.17412162,0.028774023,False
3881,-0.19761467,-0.098309994,False
3882,0.020822432,-0.019554004,False
3883,0.047153413,-0.013809383,False
3884,0.028270304,0.0008069873,False
3885,-0.1846844,-0.07718146,False
3886,0.0,0.0,False
3887,-0.015205979,-0.019903481,False
3888,-0.05248116,-0.03409514,False
3889,-0.0044247913,-0.0044247913,False
3890,0.013650598,-0.0043555987,False
3891,0.03984579,-0.0048315576,False
3892,-0.004882378,-0.004882378,False
3893,-0.09659889,0.044017673,False
3894,-0.0683938,0.03350416,False
3895,0.10527974,0.028104573,False
3896,-0.080503374,-0.01865825,False
3897,-0.06952989,-0.06898737,False
3898,0.04888317,-0.026311532,False
3899,0.031425104,0.062481083,False
3900,-0.19122267,-0.008455753,False
3901,-0.09689672,-0.05682464,False
3902,-0.035812378,-0.022417903,False
3903,0.08477759,-0.04747565,False
3904,-0.041120052,-0.018803835,False
3905,-0.10418832,-0.044341087,False
3906,-0.17182821,-0.23722023,False
3907,0.01925249,-0.009119302,False
3908,-0.055053532,0.00652574,False
3909,0.08465192,-0.0129315555,False
3910,-0.018644042,-0.018644042,False
3911,-0.3039903,0.020867676,False
3912,-0.033670187,-0.04031515,False
3913,-0.026346147,0.020238966,False
3914,0.053798616,0.099255025,False
3915,0.01657549,-0.029500604,False
3916,0.10272288,0.03628683,False
3917,-0.0048526637,-0.048074152,False
3918,-0.0081200795,-0.0081200795,False
3919,-0.0047422554,-0.0047422554,False
3920,0.08044523,0.07490492,False
3921,0.1599894,0.006657973,False
3922,0.024348158,0.00045342743,False
3923,-0.17060107,-0.023676008,False
3924,-0.0017419588,-0.024630103,False
3925,0.024513042,0.00050409324,False
3926,0.014977947,0.03505759,False
3927,-0.010400042,-0.008908541,False
3928,-0.004854167,-0.004854167,False
3929,-0.2577261,-0.10243881,False
3930,-0.21738115,0.038751543,False
3931,0.052030236,0.020962268,False
3932,0.017193506,0.0011982293,False
3933,0.0,0.0001013578,False
3934,-0.18504429,-0.010310026,True
3935,-0.008616198,-0.010580711,False
3936,-0.0047054025,-0.0047054025,False
3937,-0.1150222,-0.06713025,False
3938,-0.027732933,-0.022187004,False
3939,-0.041318953,0.05607617,False
3940,-0.22464308,-0.08236593,False
3941,0.0,0.00061529205,False
3942,-0.027157187,-0.0062784255,False
3943,-0.10112631,-0.053246737,False
3944,-0.0050690323,-0.0054035895,False
3945,0.002278529,0.015248705,False
3946,-0.19103536,-0.051532388,False
3947,0.034667592,-0.009568435,False
3948,-0.0052438695,-0.0022517783,False
3949,0.005674865,-0.017546104,False
3950,-0.004470864,-0.003332315,False
3951,-0.004907511,-0.004907511,False
3952,-0.004451167,-0.0091435015,False
3953,0.013166884,-0.009511204,False
3954,0.020695627,-0.037979603,False
3955,-0.005645031,-0.021977779,False
3956,0.06566068,-0.014790818,False
3957,0.055535167,0.010334581,False
3958,-0.13295671,-0.03031674,False
3959,0.023503661,0.0011131465,False
3960,-0.0051132906,-0.0051132906,False
3961,-0.025144666,-0.06098792,False
3962,0.02052302,0.009099178,False
3963,0.0007237494,-0.01690779,False
3964,-0.07018693,0.011766523,False
3965,-0.004335512,-0.004335512,False
3966,0.32278275,-0.009678185,False
3967,-0.24261436,-0.05374834,False
3968,0.008006504,-0.013429696,False
3969,-0.07381685,-0.026532035,False
3970,0.021291852,-0.2206416,False
3971,-0.25047833,-0.0839085,False
3972,-0.00023565814,-0.038461424,False
3973,-0.019207722,0.02426376,False
3974,-0.014092878,-0.014092878,False
3975,-0.23276734,-0.20940876,False
3976,-0.08379716,-0.14301005,False
3977,-0.29319334,-0.21306062,False
3978,-0.012558699,-0.044696957,False
3979,-0.0041995607,0.007856637,False
3980,-0.014688283,0.04265651,False
3981,0.045755923,0.038258374,False
3982,-0.22698915,-0.11880344,False
3983,0.016377594,0.0,False
3984,-0.01436761,0.011727683,False
3985,-0.013374851,-0.011547284,False
3986,-0.014253421,-0.012672793,False
3987,-0.0045291847,-0.0045291847,False
3988,0.0067159394,-0.014023094,False
3989,-0.3792262,-0.14522886,False
3990,-0.273072,-0.12459779,False
3991,-0.01921606,-0.31246614,False
3992,-0.23311853,-0.084095776,False
3993,-0.13675022,-0.09368095,False
3994,-0.19731799,0.028178096,False
3995,-0.4398296,-0.22467136,False
3996,-0.0984126,0.021196038,False
3997,-0.006018445,0.019911848,False
3998,-0.022970915,-0.027240664,False
3999,-0.006287575,-0.0520339,False
4000,-0.50265336,-0.12375176,False
4001,-0.052443266,-0.014921427,False
4002,0.027570724,-0.18043351,False
4003,-0.03770128,0.06553838,False
4004,-0.012276297,-0.008819925,False
4005,0.0005854368,-0.012773573,False
4006,-0.006924903,-0.0125463195,False
4007,-0.021057403,-0.01789573,False
4008,0.0338268,0.022073619,False
4009,-0.016107459,-0.0062688515,False
4010,0.04211028,-0.013584048,False
4011,-0.03183593,-0.02932413,False
4012,-0.03757669,-0.017424649,False
4013,0.07954231,-0.05340138,False
4014,-0.019998796,0.008873455,False
4015,-0.42624664,-0.18329215,False
4016,0.12756252,-0.04505819,False
4017,0.3257476,0.111005664,False
4018,-0.07836065,-0.053375915,False
4019,-0.016913073,-0.016913073,False
4020,-0.054931283,-0.16422856,False
4021,0.0,0.0,False
4022,0.01949042,0.02338323,False
4023,-0.073996186,-0.006616831,False
4024,0.022497557,0.0195084,False
4025,0.007815704,-0.03513843,False
4026,-0.23521578,-0.17257005,False
4027,-0.23974603,-0.030072361,False
4028,-0.032781735,-0.032781735,False
4029,0.007890843,-0.024980925,False
4030,-0.031228006,-0.028602242,False
4031,-0.13727781,-0.043762326,False
4032,-0.2199632,-0.06828272,False
4033,-0.84586453,-0.31590056,False
4034,0.077763975,-0.0045045353,False
4035,-0.07867801,-0.23588908,False
4036,-0.11452341,-0.11897743,False
4037,0.018538237,0.032272354,False
4038,-0.008803189,-0.113564104,False
4039,0.08559647,0.009409457,False
4040,0.07971007,0.012133002,False
4041,0.022610307,-0.00889593,False
4042,-0.016082548,-0.039029617,False
4043,-0.030283995,-0.016529001,False
4044,-0.022534579,-0.029604614,False
4045,-0.044220954,-0.010410845,False
4046,0.35946763,0.040478826,False
4047,-0.1659385,-0.024398506,False
4048,-0.0581007,-0.13736844,False
4049,0.02482929,-0.0069488958,False
4050,0.022975802,-0.0062170923,False
4051,-0.11343396,-0.19716048,False
4052,0.02554398,-0.029269215,False
4053,-0.02078116,0.006599605,False
4054,0.0024250848,-0.014805536,False
4055,-0.1491965,-0.08073318,False
4056,-0.005749818,0.029172804,False
4057,0.013707212,-0.0024687361,False
4058,-0.055889532,-0.027910948,False
4059,0.0,0.0,False
4060,-0.072091475,1.1250377e-05,False
4061,0.0007958673,-0.018329315,False
4062,-0.048412226,0.0006418228,False
4063,0.07899028,-0.026570827,False
4064,-0.07486345,-0.07486345,False
4065,-0.2121129,-0.16156816,False
4066,0.17705572,-0.0690819,False
4067,-0.010011517,-0.010011517,False
4068,-0.010094603,-0.010094603,False
4069,-0.06698352,-0.19469078,False
4070,0.22730613,-0.82540095,False
4071,-0.011983376,0.02013319,False
4072,0.028546162,0.00041903555,False
4073,-0.0034174668,-0.0034174668,False
4074,-0.05685687,-0.0018820763,False
4075,0.15574494,-0.013317376,False
4076,0.021335917,0.0,False
4077,-0.059612572,0.0046703815,False
4078,0.019808376,-0.018763963,False
4079,-0.16350877,-0.019220531,False
4080,0.0056010745,-0.00992829,False
4081,-0.19674146,-0.0073255897,False
4082,0.0,0.0,False
4083,-0.06358284,0.019372754,False
4084,0.0,0.0,False
4085,0.0,0.0,False
4086,-0.036999226,0.03669858,False
4087,-0.022634631,-0.006147396,False
4088,-0.077079475,0.020794362,False
4089,-0.0094771385,-0.008306026,False
4090,-0.063819885,-0.0118738115,False
4091,0.0056856833,0.00021923333,False
4092,0.0,0.0,False
4093,0.0027251095,0.011676706,False
4094,-0.14500494,-0.0383552,False
4095,-0.27397925,-0.025088191,False
4096,0.02285238,-0.033753764,False
4097,0.10591042,-0.09440327,False
4098,0.123220325,0.065717995,False
4099,-0.120878994,0.058860034,False
4100,-0.03753966,-0.11876112,False
4101,0.1573615,-0.16600108,False
4102,-0.009945299,-0.009945299,False
4103,-0.30630636,-0.069963574,False
4104,-0.4484301,0.016774297,False
4105,0.028764416,-0.004399769,False
4106,0.047843397,-0.015811682,False
4107,-0.18007338,-0.09991169,False
4108,0.017762244,0.071446925,False
4109,0.039255053,-0.035514474,False
4110,-0.42671192,-0.09588218,False
4111,-0.5005624,-0.3246703,False
4112,-0.013303978,-0.013303978,False
4113,-0.16388965,-0.12856913,False
4114,-0.0083934665,-0.025341056,False
4115,0.019750595,0.035011172,False
4116,0.02180016,0.030953228,False
4117,0.33786952,-0.018419266,False
4118,-0.09735989,-0.040740862,False
4119,-0.021719515,-0.094552815,False
4120,-0.10497938,0.038480163,False
4121,0.0,0.0,False
4122,-0.0070557296,0.01993826,False
4123,-0.018084973,-0.016169816,False
4124,-0.013508968,-0.011742657,False
4125,0.18836617,0.009314358,False
4126,-0.0065422915,-0.022220157,False
4127,-0.003259521,0.028560009,False
4128,-0.057531357,-0.002866,False
4129,0.029993236,0.14743328,False
4130,0.055712044,0.023280181,False
4131,0.047892433,-0.05702303,False
4132,-0.0013822317,-0.023034738,False
4133,-0.028103186,-0.028103186,False
4134,-0.043503165,-0.01580742,False
4135,0.0,0.0006004688,False
4136,0.018523514,1.8194318e-05,False
4137,-0.062809944,-0.077442646,False
4138,-0.8510424,-0.13594544,False
4139,-0.59644437,-0.05114603,False
4140,-0.011342982,-0.033480495,False
4141,-0.014752166,-0.014752166,False
4142,0.02906935,-0.12875988,False
4143,-0.018319942,-0.018319942,False
4144,0.0980826,-0.008666337,False
4145,0.15929651,-0.028870821,False
4146,0.0,0.0,False
4147,0.0052810013,0.021369964,False
4148,-0.009139694,-0.009139694,False
4149,-0.038826667,-0.026917748,False
4150,-0.058381647,-0.02948913,False
4151,-0.005026996,0.03478241,False
4152,-0.022273876,-0.028144844,False
4153,0.10752082,0.015294924,False
4154,-0.050096147,-0.13995045,False
4155,0.032277286,-0.011456311,False
4156,-0.058769643,0.04983467,False
4157,0.17011225,-0.01746273,False
4158,-0.05378288,-0.11532712,False
4159,-0.10558578,0.11120185,False
4160,-0.056409813,-0.04905425,False
4161,0.0,0.0,False
4162,-0.10174063,-0.07973918,False
4163,-0.24438047,-0.10380769,False
4164,0.1524489,-0.026970506,False
4165,0.14524826,-0.005444497,False
4166,-0.103178546,0.019741267,False
4167,-0.0515579,0.01273375,False
4168,-0.16600017,0.035855055,False
4169,-0.024216026,0.011088282,False
4170,0.023359835,-0.020732045,False
4171,-0.16473436,0.046990514,False
4172,0.20780158,0.08586952,False
4173,0.03884855,0.031832933,False
4174,-0.13569081,-0.02747333,False
4175,-0.2077843,-0.1323613,False
4176,-0.027509049,-0.027509049,False
4177,-0.1158199,-0.043806493,False
4178,0.039660096,0.053021133,False
4179,0.00016738847,-0.0129385805,False
4180,0.026580319,0.012965724,False
4181,-0.07440646,-0.07155126,False
4182,0.028725505,0.03764391,False
4183,-0.122941285,0.038826793,False
4184,-0.021238118,-0.016509147,False
4185,0.0027339384,0.012929548,False
4186,-0.11023843,-0.16906571,False
4187,0.048415422,-0.2692809,False
4188,-0.03014803,0.006638825,False
4189,-0.09586285,-0.01917179,False
4190,-0.08445698,-0.06136477,False
4191,-0.087474,0.00069376826,False
4192,0.012401424,0.026687391,False
4193,-0.009121357,-0.008438997,False
4194,-0.017822146,-0.009300232,False
4195,0.0065174773,-0.014320351,False
4196,-0.010134613,-0.010134613,False
4197,-0.09706637,-0.08919805,False
4198,0.0054365043,-0.009409389,False
4199,-0.1066488,-0.035628736,False
4200,0.055544734,-0.12114918,False
4201,-0.0052366713,-0.0052366713,False
4202,-0.0048224535,-0.0017022938,False
4203,-0.69638205,-0.18889666,False
4204,0.040628135,0.05620882,False
4205,-0.056601107,-0.014029384,False
4206,0.13770299,0.05405949,False
4207,0.0,0.0,False
4208,0.008836523,-0.0031071045,False
4209,-0.028907984,0.04392317,False
4210,0.012373566,0.012475318,False
4211,0.15474387,0.026973352,False
4212,-0.20065284,-0.06797111,False
4213,-0.03389966,-0.03389966,False
4214,0.028437605,0.009995671,False
4215,-0.0041735917,0.037202552,False
4216,0.03374739,0.028980091,False
4217,-0.16016865,-0.20304489,False
4218,0.10110819,0.05364549,False
4219,0.0,0.0,False
4220,-0.26283312,-0.07060957,False
4221,-0.1687367,-0.27810192,False
4222,-0.029885352,0.02291423,False
4223,-0.004699221,-0.004699221,False
4224,0.09645128,0.09459424,False
4225,-0.012076139,-0.12368369,False
4226,-0.04171872,-0.057996154,False
4227,0.06866121,-0.07724309,False
4228,-0.056639913,-0.0002309233,False
4229,-0.18440992,-0.036503077,False
4230,-0.40430307,0.12034142,False
4231,-0.1686539,0.036364436,False
4232,0.02900048,-0.057275396,False
4233,0.042406917,0.01044029,False
4234,0.031045271,0.020373272,False
4235,-0.0034824638,-0.018328357,False
4236,-0.27030766,-0.17446148,False
4237,-0.007786691,-0.011588931,False
4238,-0.09126878,-0.027611613,False
4239,-0.0857985,-0.20172739,False
4240,-0.004857551,-0.004857551,False
4241,-0.032043647,-0.0048157014,False
4242,0.03447646,-0.0014484525,False
4243,0.025806785,-0.0037648678,False
4244,0.047416516,-0.009610141,False
4245,-0.01784895,-0.01784895,False
4246,-0.06380057,-0.33632764,False
4247,0.04281275,0.0,False
4248,0.031402934,-0.013500832,False
4249,0.0,0.0,False
4250,-0.019935606,-0.04299184,False
4251,0.10848348,0.01249063,False
4252,-0.037748516,-0.0034088045,False
4253,-0.24613738,-0.23793387,False
4254,0.009016393,0.007498814,False
4255,0.19848359,-0.101644635,False
4256,0.003378272,-0.019037068,False
4257,0.046457738,0.025154075,False
4258,0.0,0.0,False
4259,-0.029484287,-0.025960863,False
4260,0.0,0.0,False
4261,0.0059548616,-0.018866971,False
4262,0.06917131,-0.07749525,False
4263,0.093329564,0.011500329,False
4264,-0.0022044778,-0.0033428967,False
4265,-0.008400315,-0.008400315,False
4266,0.049276456,0.010281071,False
4267,-0.15329942,-0.096886694,False
4268,-0.353513,-0.23601508,False
4269,-0.03647416,-0.026222415,False
4270,-0.016613245,-0.009796143,False
4271,-0.07367106,0.016507626,False
4272,0.027933639,0.009691701,False
4273,-0.015785009,-0.18713592,False
4274,-0.028155817,0.009102261,False
4275,-0.020816058,0.0051333904,False
4276,0.34171724,0.08352727,False
4277,-0.14469406,0.013260126,False
4278,0.087074995,-0.006380439,False
4279,0.020077288,-0.09272277,False
4280,-0.07342282,0.019508928,False
4281,0.03792119,-0.05088526,False
4282,0.005314082,-0.021294057,False
4283,-0.12073684,0.003489256,False
4284,-0.0478745,-0.021310665,False
4285,0.035069346,-0.026293993,False
4286,0.01033482,-0.04958506,False
4287,-0.020329684,-0.09110549,False
4288,-0.22963458,-0.05583632,False
4289,0.06252456,-0.11336464,False
4290,0.0831486,0.058676362,False
4291,0.028620558,-0.01820411,False
4292,-0.102843486,-0.052582785,False
4293,0.02618926,0.010532685,False
4294,-0.11452943,-0.015737966,False
4295,-0.045418262,-0.08702481,False
4296,-0.016538255,-0.08312509,False
4297,-0.079562455,-0.00822711,False
4298,-0.009071163,-0.007133469,False
4299,0.20525652,0.06414968,False
4300,0.11581318,-0.02187654,False
4301,-0.031619433,-0.07636069,False
4302,-0.0047310563,-0.0047310563,False
4303,-0.0050268173,-0.05092776,False
4304,-0.046658263,-0.059578195,False
4305,-0.00063474476,0.004112616,False
4306,-0.033204377,-0.094052345,False
4307,0.8090042,0.0013045073,False
4308,0.06621033,0.00033456087,False
4309,-0.06500518,-0.08814645,False
4310,0.05152151,0.017785043,False
4311,-0.014931859,-0.005446747,False
4312,0.06212786,-0.0063519627,False
4313,-0.0046636024,-0.004079334,False
4314,0.010542788,-0.0342659,False
4315,0.0034604818,-0.08675654,False
4316,0.046862837,-0.0013696775,False
4317,-0.00024173781,-0.0064222813,False
4318,0.038147956,-0.058947563,False
4319,0.027143002,-0.008859068,False
4320,-0.052001625,0.026775941,False
4321,-0.009356596,-0.09833704,False
4322,0.004597543,-0.0117800515,False
4323,-0.0055243075,0.030884862,False
4324,-0.010585368,0.027305603,False
4325,-0.060504377,0.044347346,False
4326,-0.002907019,-0.0039696135,False
4327,0.0,0.0,False
4328,-0.056388795,-0.0206621,False
4329,-0.024665203,-0.024665203,False
4330,-0.09256959,-0.0200603,False
4331,-0.20966828,-0.10373807,False
4332,-0.012529932,-0.012529932,False
4333,-0.044231564,-0.046284586,False
4334,0.02937565,-0.036339886,False
4335,-0.01367379,-0.07168087,False
4336,0.0863843,-0.05889696,False
4337,0.057029486,-0.18564582,False
4338,-0.0021923557,0.0020691678,False
4339,-0.0150772305,-0.0150772305,False
4340,-0.21321428,0.038188696,False
4341,-0.26636553,-0.10464215,False
4342,-0.019571409,-0.026427694,False
4343,-0.009635334,-0.009635334,False
4344,-0.055675387,-0.030908823,False
4345,-0.0046121166,-0.0046121166,False
4346,0.00091054663,-0.019548776,False
4347,-0.37774146,-0.0980376,False
4348,-0.08370429,0.03314504,False
4349,-0.010038305,-0.010038305,False
4350,-0.099078685,-0.026717871,False
4351,0.014059983,-0.055442847,False
4352,0.026211709,-0.24922308,False
4353,0.107111156,0.09465927,False
4354,0.13185304,0.027796805,False
4355,0.15908039,-0.055477977,False
4356,-0.018618379,-0.018618379,False
4357,-0.05027118,-0.05027118,False
4358,-0.15044618,-0.12504542,False
4359,-0.14707637,-0.019156337,False
4360,0.002364654,-0.0019299705,False
4361,0.010822284,0.007954649,False
4362,0.026974838,0.0053406693,False
4363,0.013599694,-0.41534203,False
4364,0.2059809,-0.012247503,False
4365,-0.16396034,-0.026501417,False
4366,0.05971577,0.019086815,False
4367,-0.11501217,0.030933142,False
4368,-0.012713677,-0.010415784,False
4369,-0.037018687,-0.01294932,False
4370,0.2100898,0.086081624,False
4371,-0.0069166576,-0.0069166576,False
4372,-0.019670498,-0.005253777,False
4373,-0.038542688,0.018942378,False
4374,0.023955688,-0.010256264,False
4375,0.24351263,-0.21218443,False
4376,0.02594714,-0.017359272,False
4377,-0.004897807,-0.004897807,False
4378,-0.0036717076,-0.02475822,False
4379,-0.019505356,0.02791743,False
4380,-0.004562474,-0.004562474,False
4381,0.013444178,-0.010317912,False
4382,0.0769164,-0.0063009113,False
4383,0.025348485,-0.057627976,False
4384,-0.009415482,-0.009415482,False
4385,-0.0080823,-0.02130378,False
4386,0.0123888105,-0.0048046946,False
4387,0.009522568,0.0017890111,False
4388,-0.0052087167,-0.0052087167,False
4389,0.0,0.0013586509,False
4390,0.038836896,0.07713574,False
4391,-0.0760371,-0.03225264,False
4392,-0.0063217357,-0.027439117,False
4393,0.020837829,0.0,False
4394,-0.022608902,0.007962957,False
4395,-0.0767324,-0.0120382905,False
4396,0.0063838838,-0.014784071,False
4397,0.05795794,-0.0027723871,False
4398,0.047563553,-0.082065046,False
4399,-0.20544204,-0.08042008,False
4400,0.0325718,0.000808917,False
4401,-0.001735244,-0.0038346648,False
4402,-0.06814043,-0.0129219,False
4403,-0.004554102,-0.004554102,False
4404,-0.0017988384,-0.017964572,False
4405,0.006809335,-0.0056108534,False
4406,-0.012971183,0.0064765476,False
4407,0.021650909,0.0009174399,False
4408,0.12616974,-0.0052889585,False
4409,-0.0694595,0.03601122,False
4410,-0.06440246,-0.07656336,False
4411,-0.23988837,-0.050160438,False
4412,-0.0002354458,-0.08226872,False
4413,-0.03743477,-0.034352243,False
4414,-0.027824985,-0.04815081,False
4415,0.0064587817,-0.08068036,False
4416,0.0023008473,0.011668088,False
4417,0.017325126,-0.004584724,False
4418,-0.031260915,-0.021269945,False
4419,-0.011493571,-0.006649025,False
4420,-0.013727283,0.012929076,False
4421,0.020703647,-0.008676911,False
4422,0.029814295,-0.0148142455,False
4423,-0.17642772,-0.11294055,False
4424,-0.01328202,-0.01328202,False
4425,-0.01486463,-0.01486463,False
4426,-0.39430624,-0.15557617,False
4427,-0.028030865,0.011978403,False
4428,0.002915226,-0.019586697,False
4429,-0.7895453,-0.2982478,False
4430,-0.017487034,0.07330361,False
4431,-0.025592476,-0.05806794,False
4432,-0.019925527,-0.019925527,False
4433,0.0705992,0.08059335,False
4434,0.096724056,-0.036597796,False
4435,-0.008096259,-0.024785466,False
4436,-0.0041065547,0.007516518,False
4437,-0.016121626,-0.0051959753,False
4438,-0.004968465,-0.004968465,False
4439,-0.0816948,-0.053119734,False
4440,-0.07730794,0.0025205016,False
4441,0.010762449,-0.005195681,False
4442,-0.015216909,0.02190021,False
4443,-0.0051575303,-0.012159079,False
4444,-0.50686514,-0.014566779,False
4445,-0.19495086,-0.07492626,False
4446,-0.014123104,-0.013198186,False
4447,-0.07395327,-0.120904505,False
4448,0.07926035,0.04526624,False
4449,-0.032513164,-0.032513164,False
4450,-0.0130639,0.01896359,False
4451,-0.013922247,-0.013922247,False
4452,-0.043481708,-0.08575785,False
4453,0.0,0.0,False
4454,0.04148653,0.046484083,False
4455,0.039149642,0.018748194,False
4456,0.100152105,0.14315411,False
4457,0.016174316,-0.0036848104,False
4458,-0.1810832,-0.079569936,False
4459,-0.035797834,-0.041779757,False
4460,-0.0046762936,-0.0046762936,False
4461,0.13006315,-0.03948684,False
4462,-0.053193577,-0.013107985,False
4463,-0.052011847,-0.033503048,False
4464,-0.7088742,-0.12573743,False
4465,-0.009401139,-0.009401139,False
4466,0.014049756,-0.009386047,False
4467,0.092904806,0.08923411,False
4468,-0.015130827,-0.0462392,False
4469,-0.012817809,-0.012817809,False
4470,0.032111466,-0.014751136,False
4471,-0.08623042,-0.025760382,False
4472,-0.11570048,-0.0879271,False
4473,-0.057953835,-0.054096043,False
4474,-0.15705952,-0.08905041,False
4475,-0.020212201,-0.04312534,False
4476,0.0,0.0,False
4477,0.0,0.0,False
4478,-0.018254783,0.008254927,False
4479,0.0115051195,-0.032473125,False
4480,-0.0048891813,-0.0048891813,False
4481,0.17399001,0.012343407,False
4482,0.040334985,-0.009048631,False
4483,0.0,0.0,False
4484,0.012478039,-0.033277735,False
4485,0.0031257868,-0.01318419,False
4486,0.0,0.0,False
4487,0.017701924,-0.028871395,False
4488,-0.07554878,-0.03677821,False
4489,0.09546111,-0.10288098,False
4490,-0.11781682,0.036490142,False
4491,-0.3335315,-0.05141294,False
4492,0.12669617,0.03165245,False
4493,0.040002793,0.059217185,False
4494,0.08845018,-0.090265945,False
4495,-0.04011794,0.010082342,False
4496,0.0,0.0,False
4497,-0.019168556,-0.019168556,False
4498,0.14026368,0.031912223,False
4499,0.033247516,-0.034670636,False
4500,0.0,0.00013223005,False
4501,-0.06514794,-0.026964188,False
4502,0.16388428,0.021210968,False
4503,0.014319979,0.07197109,False
4504,-0.07218912,-0.051281303,False
4505,-0.0143850595,0.012966234,False
4506,-0.03999517,-0.020331863,False
4507,0.062246222,-0.028095882,False
4508,-0.0051218364,-0.0051218364,False
4509,0.08724155,0.03097523,False
4510,0.0,0.0,False
4511,-0.40777373,-0.108463645,False
4512,0.0,0.0,False
4513,0.024529599,0.0,False
4514,-0.023247175,-0.023247175,False
4515,-0.0045291847,-0.0045291847,False
4516,-0.0048796716,-0.0039367424,False
4517,-0.0048429766,-0.0048429766,False
4518,-0.02778552,-0.010517452,False
4519,0.010078912,-0.010624851,False
4520,-0.023389958,-0.023389958,False
4521,-0.0045843073,-0.0028701979,False
4522,-0.008020044,-0.008020044,False
4523,0.024132907,0.010716632,False
4524,0.068462014,0.06473482,False
4525,-0.21209621,-0.06368601,False
4526,-0.021240577,-0.01211863,False
4527,-0.016047986,-0.011126536,False
4528,0.0,0.0,False
4529,-0.01868832,-0.01868832,False
4530,-0.023532271,-0.13330661,False
4531,0.033123434,-0.16465288,False
4532,-0.2943784,-0.16308379,False
4533,-0.0048921127,-0.0048921127,False
4534,-0.06282776,0.01835367,False
4535,0.034711376,0.023974612,False
4536,-0.016391277,0.009557486,False
4537,-0.007534504,-0.042881012,False
4538,-0.13093519,-0.00995636,False
4539,-0.075387,-0.04523194,False
4540,-0.009676313,-0.009676313,False
4541,-0.19266844,-0.039149284,False
4542,0.108697176,0.051519096,False
4543,0.0,0.0,False
4544,0.016320579,-0.013974063,False
4545,-0.053791523,-0.09690392,False
4546,-0.004508894,-0.004508894,False
4547,-0.1410873,-0.17234409,False
4548,0.08624172,0.030037463,False
4549,0.046424724,-0.007313352,False
4550,0.0,0.0,False
4551,0.05917111,-0.03801053,False
4552,-0.026191408,-0.048618175,False
4553,-0.017265268,0.027449764,False
4554,0.16031823,-0.008154273,False
4555,0.2347467,-0.08390272,False
4556,-0.0139027005,-0.0139027005,False
4557,0.03426799,-0.009964637,False
4558,-0.009346093,0.02652312,False
4559,0.049453378,-0.046266317,False
4560,-0.057926387,-0.019268334,False
4561,-0.10707855,-0.13329017,False
4562,-0.008249221,-0.008249221,False
4563,0.02243045,0.0066055954,False
4564,-0.12303531,-0.041815042,False
4565,-0.16950035,0.022343636,False
4566,-0.009641356,-0.009641356,False
4567,0.21786737,-0.012645125,False
4568,0.15664011,0.08674663,False
4569,-0.03038901,-0.058892652,False
4570,0.04587777,0.025153399,False
4571,0.13840765,0.012901127,False
4572,-0.041069783,0.017737836,False
4573,0.039318085,-0.036131978,False
4574,-0.02922037,-0.02922037,False
4575,0.0,0.0,False
4576,0.1710692,0.008491993,False
4577,0.14423728,0.021190405,False
4578,0.0,0.0,False
4579,-0.16790426,-0.0526402,False
4580,-0.0057278574,0.014787331,False
4581,0.015849106,0.0025661662,False
4582,-0.019063938,-0.035887588,False
4583,-0.4183228,-0.014551401,False
4584,0.012818098,-0.083047986,False
4585,-0.26277018,-0.021746635,False
4586,-0.102096826,-0.0048084557,False
4587,-0.00985253,-0.00985253,False
4588,-0.16075587,-0.07561517,False
4589,0.0,0.0,False
4590,-0.017784089,-0.007318616,False
4591,-0.028608851,-0.0022205114,False
4592,-0.32128704,0.009098291,False
4593,-0.083759904,-0.19078606,False
4594,0.004141828,0.011272719,False
4595,-0.03925559,-0.050650746,False
4596,-0.35613692,-0.058686137,False
4597,-0.028746694,-0.040878043,False
4598,0.105518796,-0.01762025,False
4599,-0.036320575,0.057393,False
4600,-0.004687762,-0.004687762,False
4601,0.06219302,-0.015413314,False
4602,-0.04744052,-0.07078927,False
4603,-0.0057403743,-0.0012402534,False
4604,-0.18691593,-0.14038569,False
4605,-0.010287104,-0.03347879,False
4606,-0.050721377,-0.029568434,False
4607,-0.1657545,-0.063495934,False
4608,0.07830185,-0.08122906,False
4609,0.13580582,-0.038128346,False
4610,-0.46531218,0.071297646,False
4611,-0.07585275,-0.08833116,False
4612,-0.0032744692,-0.0032744692,False
4613,-0.3225764,-0.0027778149,False
4614,0.0,0.0,False
4615,-0.07163769,0.039156824,False
4616,-0.083703995,-0.03673297,False
4617,-0.7293141,-0.16552758,False
4618,0.0,0.0,False
4619,0.048423544,0.010974184,False
4620,-0.14102331,0.024155438,False
4621,-0.12919486,-0.17695665,False
4622,0.12794745,-0.035285175,False
4623,0.010828972,0.001743868,False
4624,0.0139989555,-0.005540587,False
4625,-0.093376875,-0.14094305,False
4626,-0.0015987083,0.003965229,False
4627,0.014846109,0.005512394,False
4628,-0.058707442,0.0063084513,False
4629,0.1795479,-0.015528321,False
4630,-0.0048343074,-0.0048343074,False
4631,-0.014090323,-0.014090323,False
4632,-0.010088396,-0.006386349,False
4633,-0.059162956,0.027942918,False
4634,-0.053172007,-0.025772035,False
4635,0.0,0.0,False
4636,-4.0521845e-05,-0.023084356,False
4637,0.0042144135,-0.014007926,False
4638,-0.0029986482,-0.021306746,False
4639,-0.0039994186,-0.0039994186,False
4640,-0.0043885396,-0.0034001004,False
4641,-0.11218801,-0.027198255,False
4642,-0.016852558,-0.02164179,False
4643,0.12629342,0.046554714,False
4644,-0.087441266,-0.068680644,False
4645,-0.13299221,-0.018134296,False
4646,0.17372745,0.027019799,False
4647,-0.065442465,-0.0553732,False
4648,-0.34840453,-0.15462601,False
4649,0.15426277,-0.004345253,False
4650,0.01785902,-0.021437235,False
4651,-0.07938254,-0.028396606,False
4652,-0.12681538,-0.07969099,False
4653,0.015363127,0.051009327,False
4654,-0.08916026,0.0059917867,False
4655,-0.018293591,-0.004798051,False
4656,0.056154072,0.107570946,False
4657,0.018260684,-0.05080216,False
4658,0.024842858,0.037816226,False
4659,0.0,0.0,False
4660,-0.2056644,-0.40346646,False
4661,0.03518791,-0.05799536,False
4662,0.018262323,-0.0046968544,False
4663,-0.064970136,0.012890279,False
4664,-0.03842473,-0.11772895,False
4665,-0.091409065,-0.078108415,True
4666,0.20035976,0.039909214,False
4667,0.01970157,0.04924357,False
4668,0.0035763904,-0.03115302,False
4669,0.013625979,-0.013005577,False
4670,-0.10724061,-0.026222184,False
4671,0.05243227,0.03769453,False
4672,0.0,0.0,False
4673,0.014303868,-0.00832717,False
4674,-0.1262579,-0.03560269,False
4675,-0.099251606,0.008601561,False
4676,-0.009513748,-0.009513748,False
4677,-0.06005408,-0.06301184,False
4678,0.07188821,-0.017878205,False
4679,0.05333516,0.06618351,False
4680,-0.39454532,-0.08315468,False
4681,-0.009438052,-0.009438052,False
4682,-0.005157292,-0.022258937,False
4683,-0.0109375715,-0.071107745,False
4684,-0.10500175,-0.10584158,False
4685,-0.092247725,-0.20465016,False
4686,0.04902734,-0.023125451,False
4687,0.02306991,-0.010466132,False
4688,-0.104560226,-0.068504766,False
4689,0.041631877,-0.12189627,False
4690,0.1586562,-0.018616036,False
4691,-0.117969364,-0.07333249,False
4692,-0.018009126,-0.023246884,False
4693,-0.004961039,-0.004961039,False
4694,-0.031793833,-0.08119625,False
4695,-0.025328144,-0.015142184,False
4696,0.013954937,-0.030104753,False
4697,-0.24536979,-0.17754763,False
4698,0.020168938,-0.10427963,False
4699,0.017756224,-0.03441018,False
4700,0.047895342,0.014235675,False
4701,-0.061926447,-0.015039995,False
4702,0.020087454,0.007958723,False
4703,-0.0010962486,-0.006541129,False
4704,-0.0086560715,-0.0086560715,False
4705,-0.057679337,0.055555716,True
4706,0.0,0.00023965852,False
4707,-0.007809788,-0.0018549971,False
4708,0.011484931,0.0030759703,False
4709,-0.029171808,-0.029171808,False
4710,0.04128331,0.08293846,False
4711,0.011429608,-0.004245021,False
4712,0.0224481,0.0,False
4713,0.08285903,-0.001016207,False
4714,-0.16191325,-0.08402854,False
4715,-0.022772519,-0.022772519,False
4716,0.03760454,0.0042678416,False
4717,-0.02338258,-0.02338258,False
4718,-0.007985789,-0.007985789,False
4719,0.0,0.00042141162,False
4720,0.11942365,0.0318904,False
4721,0.061546087,-0.021388054,False
4722,-0.08675349,0.010295063,False
4723,-0.11647725,-0.21496606,False
4724,0.0214928,-0.022889921,False
4725,-0.0016160291,-0.024042796,False
4726,0.0,0.0,False
4727,-0.16921908,0.0028951764,False
4728,0.018354869,0.02342398,False
4729,0.1620849,-0.014587194,False
4730,-0.009581906,-0.009581906,False
4731,-0.028015783,-0.028015783,False
4732,0.060240686,-0.027904332,False
4733,0.015700102,0.00081717595,False
4734,0.13124031,0.0025841594,False
4735,-0.004814517,-0.004814517,False
4736,-0.049940825,0.009386063,False
4737,-0.08733851,-0.079796344,False
4738,-0.0053596273,-0.027195305,False
4739,0.25961614,-0.08016908,False
4740,0.15188117,0.027611122,False
4741,-0.132438,-0.01881051,False
4742,0.07413721,0.027593791,False
4743,-0.018216848,-0.13386106,False
4744,0.031321228,-0.06742895,False
4745,0.11788112,0.031842172,False
4746,-0.20286158,-0.040376306,False
4747,0.0067852736,-0.06891668,False
4748,-0.0313797,-0.027500272,False
4749,-0.13527873,-0.07763231,False
4750,-0.010156564,-0.03200221,False
4751,0.009987225,-0.007950691,False
4752,0.22796965,0.05124855,False
4753,0.0,0.0,False
4754,-0.07409966,0.025528312,False
4755,-0.033373654,-0.015602276,False
4756,-0.09584455,-0.04265614,False
4757,-0.24632394,-0.19289339,False
4758,0.0,0.0,False
4759,-0.05096911,0.029986367,False
4760,-0.00805453,-0.00805453,False
4761,0.0,0.0,False
4762,0.049351573,-0.013518214,False
4763,0.09255892,0.008309901,False
4764,0.12936664,-0.028561592,False
4765,-0.064377174,-0.08725774,False
4766,-0.007526286,-0.004930392,False
4767,-0.21192408,-0.09026009,False
4768,-0.026236624,-0.052910894,False
4769,-0.13523692,-0.04692799,False
4770,-0.022176564,0.05042106,False
4771,-0.0017894506,-0.018011808,False
4772,0.11207068,0.08814275,False
4773,0.04341799,0.055927902,False
4774,0.2520536,-0.0018006563,False
4775,0.046315514,-0.022375716,False
4776,-0.0070415735,-0.072966754,False
4777,-0.0037316314,-0.0037316314,False
4778,0.061704442,-0.0026619434,False
4779,-0.003450295,-0.024319667,False
4780,0.09385668,0.027530575,False
4781,0.0,0.00049542036,False
4782,0.0033696368,-0.019840766,False
4783,-0.06449081,-0.039811,False
4784,-0.00403199,-0.0016714174,False
4785,0.18482468,0.028447531,False
4786,0.0,0.0005237521,False
4787,0.0,0.00024427555,False
4788,-0.009751022,0.013287246,False
4789,0.025016278,0.026697338,False
4790,0.015999578,-0.007876294,False
4791,0.029865295,0.035933316,False
4792,-0.0031745061,-0.0007592216,False
4793,0.10914698,0.09454185,False
4794,-0.0045843073,-0.0045843073,False
4795,-0.06899075,-0.0366133,False
4796,0.290385,-0.18219435,False
4797,-0.0048927,-0.0048927,False
4798,-0.049335293,-0.0709878,False
4799,0.080606475,0.016778015,False
4800,0.18353778,-0.082365334,False
4801,0.03501869,0.004194439,False
4802,0.0,0.0,False
4803,0.117394924,0.0411973,False
4804,-0.04184358,-0.0147853345,False
4805,0.100517035,0.04401809,False
4806,-0.0075675,-0.0075675,False
4807,0.17381018,0.029382944,False
4808,-0.077301145,-0.14549601,False
4809,0.020946296,-0.017423892,False
4810,-0.011209279,-0.009909026,False
4811,-0.00087557733,-0.04230993,False
4812,-0.19853556,0.031285048,False
4813,-0.064673066,-0.16059566,False
4814,0.04297483,0.014443219,False
4815,-0.28876305,-0.053153038,False
4816,0.035099797,0.00077989924,False
4817,0.078055635,-0.013121299,False
4818,0.0,0.0016561138,False
4819,0.033646643,-0.03171593,False
4820,-0.07584715,0.11472607,False
4821,0.25144297,0.008621991,False
4822,-0.03418817,-0.03418817,False
4823,0.37935162,0.0055229664,False
4824,0.09163278,-0.0044448376,False
4825,-0.037973106,-0.018208265,False
4826,0.045980517,0.039300416,False
4827,-0.092012405,0.070653975,False
4828,-0.0649069,0.011788398,False
4829,-0.0013812184,0.044026405,False
4830,-0.04797899,0.005898714,False
4831,1.7508864e-05,-0.05056071,False
4832,0.036017492,-0.020623347,False
4833,0.0,0.0,False
4834,0.07193417,-0.017367223,False
4835,0.0,0.0,False
4836,0.01061231,-0.006966638,False
4837,-0.014813085,0.02808863,False
4838,0.02344272,-0.038457435,False
4839,-0.10935426,-0.51323605,False
4840,-0.004741758,-0.004741758,False
4841,-0.053363528,-0.013899367,False
4842,0.033648968,-0.05885601,False
4843,-0.03215152,-0.018418461,False
4844,-0.3157549,-0.017346144,False
4845,-0.16836044,-0.0065340996,False
4846,-0.3321494,-0.18671489,False
4847,0.120452404,-0.17348051,False
4848,-0.07203865,-0.2672963,False
4849,0.017839383,-0.00466254,False
4850,0.15543294,0.03071642,False
4851,-0.19112599,-0.1889484,False
4852,0.0075473236,-0.008127305,False
4853,-0.029568791,-0.012953058,False
4854,0.041131042,0.067480125,False
4855,-0.30015874,-0.18734741,False
4856,0.084182024,-0.15305567,False
4857,-0.025100175,-0.039946068,False
4858,0.06126064,-0.07072294,False
4859,-0.039347023,-0.0794833,False
4860,0.0,0.0024537607,False
4861,-0.0049472,-0.0029963483,False
4862,-0.035703197,0.0076631717,False
4863,0.14448105,0.0037260652,False
4864,-0.0184157,-0.010212986,False
4865,-0.006221229,0.0017102659,False
4866,0.0,0.0,False
4867,-0.33842564,-0.06296682,False
4868,0.24603462,0.009382486,False
4869,-0.58691955,-0.27441263,False
4870,-0.018866647,-0.03799183,False
4871,-0.0047310563,-0.0043450193,False
4872,0.2280742,0.030634165,False
4873,0.14307526,0.0688428,False
4874,-0.004584724,-0.0032663736,False
4875,-0.098090544,-0.11918089,False
4876,0.30039674,0.03611973,False
4877,0.03521332,-0.023738958,False
4878,-0.004707792,-0.0034458365,False
4879,-0.14604783,-0.02330792,False
4880,0.0459417,-0.0019480959,False
4881,-0.0458498,-0.07907796,False
4882,-0.015050236,-0.011364812,False
4883,0.110697225,-0.07465869,False
4884,0.03037472,-0.0036918141,False
4885,0.24386191,-0.016832232,False
4886,-0.04614079,-0.019677103,False
4887,-0.097873464,-0.057622164,False
4888,-0.019332547,-0.018114408,False
4889,0.0070990548,-0.0152690215,False
4890,0.05753386,0.08173096,False
4891,0.050718307,-0.11040509,False
4892,0.079298936,-0.0014611632,False
4893,-0.0046280283,-0.004190082,False
4894,0.021533586,0.0015408074,False
4895,0.0,0.0003361236,False
4896,-0.017399738,-0.013587566,False
4897,-0.039633118,0.012947071,False
4898,0.059744984,0.021271408,False
4899,-0.0092153875,-0.004827688,False
4900,-0.00865297,-0.021799143,False
4901,0.10317087,-0.17776537,False
4902,-0.1908446,-0.022980511,False
4903,0.007869422,-0.01605384,False
4904,-0.044774413,-0.082369626,False
4905,0.04218564,0.049834475,False
4906,0.008320138,-0.081274875,False
4907,0.05551581,-0.0025299806,False
4908,-0.249017,-0.24910092,False
4909,-0.027615538,-0.017316302,False
4910,0.48062658,0.07009101,False
4911,0.0,0.0,False
4912,0.04254985,-0.084421515,False
4913,-0.27710485,-0.14759111,False
4914,-0.26342344,-0.0946579,False
4915,-0.034254935,0.00046058,False
4916,0.24002886,-0.16834879,False
4917,0.013814449,-0.088487625,False
4918,0.329643,-0.15704048,False
4919,0.024462938,-0.029030532,False
4920,0.1721142,-0.03496188,False
4921,-0.022002362,-0.006887831,False
4922,-0.16224933,0.09428334,False
4923,-0.013541054,-0.005163554,False
4924,-0.4071939,0.015939355,False
4925,0.09457942,0.013827136,False
4926,0.018773168,-0.026326537,False
4927,-0.68794394,-0.12995791,False
4928,-0.023301125,-0.20890331,False
4929,-0.033156395,-0.26992035,False
4930,0.365304,-0.31569672,False
4931,0.001170896,-0.059170555,False
4932,-0.019233942,-0.16862583,False
4933,0.031116366,-0.08710873,False
4934,-0.1998086,-0.013312578,False
4935,-0.287943,-0.06749189,False
4936,-0.083016396,-0.05512321,False
4937,-0.020585869,-0.06056191,False
4938,0.017360851,-0.03987778,False
4939,0.014434092,-0.00466254,False
4940,0.0779182,0.017282695,False
4941,0.0,0.00072493043,False
4942,0.15325052,0.030954778,False
4943,-0.05973184,-0.0012769699,False
4944,-0.0009330064,-0.08912905,False
4945,0.07435156,0.03237778,False
4946,-0.009430839,-0.0057637785,False
4947,0.02325797,0.0062473267,False
4948,0.07049917,0.015164733,False
4949,0.10191679,0.028855205,False
4950,0.038474962,0.019975707,False
4951,0.021779653,-0.045361307,False
4952,-0.052164435,-0.04086083,False
4953,-0.032620817,-0.021753505,False
4954,-0.047825903,0.030560523,False
4955,-0.1967014,-0.114521265,False
4956,-0.13022536,-0.10905999,False
4957,0.0031247735,0.05156991,False
4958,-0.06964505,-0.012624025,False
4959,-0.061032593,-0.011632323,False
4960,0.031338256,-0.035715442,False
4961,0.26939845,-0.04267764,False
4962,0.19023955,-0.016973525,False
4963,0.0018322244,0.023472268,False
4964,-0.0052919565,-0.0052919565,False
4965,0.012389213,0.0014704019,False
4966,0.012675351,-0.008470904,False
4967,-0.10455114,0.037697345,False
4968,0.0,0.00047918878,False
4969,-0.004753763,-0.0047404068,False
4970,0.0022085533,-0.013049152,False
4971,0.15668833,-0.066289306,False
4972,-0.15948248,0.031159401,False
4973,-0.09339082,-0.004760146,False
4974,-0.007257517,-0.004554916,False
4975,0.01945804,0.0122404955,False
4976,-0.17516279,-0.04915309,False
4977,0.0,0.0,False
4978,0.017964028,-0.004478243,False
4979,0.01870659,-0.017505378,False
4980,-0.012839067,-0.009946991,False
4981,-0.021627434,-0.021627434,False
4982,-0.110002875,-0.051712155,False
4983,-0.0029004198,2.2117049e-05,False
4984,0.0,0.0011382237,False
4985,0.0,0.0,False
4986,0.0,0.0008402716,False
4987,0.018134933,-0.0036848104,False
4988,0.04379489,-0.0497359,False
4989,-0.042068288,0.013825655,False
4990,0.13159063,0.057473987,False
4991,0.05625625,0.0035569202,False
4992,-0.056545198,-0.0050785393,False
4993,-0.095335096,0.03312847,False
4994,0.14122558,-0.037879407,False
4995,-0.26590264,0.021423936,False
4996,-0.37316477,-0.07358444,False
4997,-0.01814425,0.14449841,False
4998,0.052629143,-0.03461024,False
4999,0.015858531,0.044741273,False
5000,-0.014727319,-0.014727319,False
5001,-0.209043,-0.0511384,False
5002,-0.026858583,-0.00020270795,False
5003,0.0,0.0,False
5004,-0.009100973,-0.009100973,False
5005,-0.43654144,-0.029452682,False
5006,-0.010230064,-0.12151241,False
5007,0.006233588,-0.03033863,False
5008,-0.015818741,0.004294362,False
5009,0.0424127,0.02255103,False
5010,-0.18153456,-0.057418793,False
5011,-0.015817463,0.025057316,False
5012,0.004780829,-0.06257498,False
5013,-0.09251359,0.009597719,False
5014,-0.0875872,-0.026027814,False
5015,-0.14208966,-0.08464122,False
5016,0.017895132,-0.020526022,False
5017,-0.08404239,0.016158745,False
5018,0.0,0.0,False
5019,0.030929893,-0.032149576,False
5020,-0.025893942,0.008019466,False
5021,-0.02014631,-0.04828334,False
5022,-0.09006643,-0.25093055,False
5023,-0.013062723,-0.01058741,False
5024,0.013247572,-0.029884286,False
5025,-0.0063124895,-0.0019212365,False
5026,0.21364325,-0.04246804,False
5027,-0.019006453,-0.01818141,False
5028,0.03993382,-0.00480292,False
5029,0.027744185,-0.015741529,False
5030,-0.39058542,-0.3012743,False
5031,-0.015505239,0.011401884,False
5032,-0.019840727,-0.019840727,False
5033,0.0,0.0,False
5034,0.07590667,0.045402683,False
5035,0.022883803,-0.003339298,False
5036,-0.0047307294,-0.0038827583,False
5037,-0.0816859,0.02138418,False
5038,-0.012202253,-0.012202253,False
5039,-0.6735151,-0.32264686,False
5040,-0.2160781,-0.059430957,False
5041,-0.03466975,-0.02652219,False
5042,-0.025704794,-0.1483754,False
5043,-0.07461753,-0.021931142,False
5044,-0.018716423,-0.018716423,False
5045,0.022846114,0.0,False
5046,-0.0047958563,-0.0040754755,False
5047,-0.004508894,-0.004508894,False
5048,0.007886212,-0.02834047,False
5049,-0.004784322,-0.004784322,False
5050,0.04517758,0.10801506,False
5051,-0.005175149,-0.005175149,False
5052,0.01576982,-0.008662989,False
5053,0.024439644,-0.01429122,False
5054,-0.18414336,-0.004134059,False
5055,-0.31256425,0.09992671,False
5056,-0.11761069,-0.106924415,False
5057,0.0022550337,-0.04343988,False
5058,-0.01479391,-0.0045535974,False
5059,0.0,0.00062963803,False
5060,-0.19526207,0.06079316,False
5061,-0.28015983,-0.119804144,False
5062,0.0,0.0,False
5063,-0.010014094,-0.010014094,False
5064,-0.04366093,-0.1137287,False
5065,0.013455952,-0.005438239,False
5066,-0.02381227,-0.02381227,False
5067,-0.019374643,-0.019374643,False
5068,0.20942703,0.06050551,False
5069,0.0,0.0,False
5070,0.06922734,0.030958652,False
5071,0.054406017,-0.0089530945,False
5072,0.03524044,-0.060530543,False
5073,-0.010040045,-0.07340026,False
5074,0.000429485,-0.011694098,False
5075,-0.0117025,-0.018824864,False
5076,0.06592077,0.0178127,False
5077,0.011024233,-0.0048224535,False
5078,0.013825759,0.0073875785,False
5079,-0.066385165,0.02391836,False
5080,0.030150965,-0.044465005,False
5081,0.22933105,-0.032808363,False
5082,0.08179644,0.009688228,False
5083,-0.036621254,-0.036621254,False
5084,0.040435906,-0.04343101,False
5085,-0.11645751,0.034181625,False
5086,-0.042472355,0.0123587325,False
5087,0.11148968,0.0056854635,False
5088,0.0057461597,0.004127402,False
5089,0.005594641,-0.032209396,False
5090,0.020324506,-0.011833265,False
5091,-0.2560386,-0.11713916,False
5092,-0.047118485,-0.004220754,False
5093,0.052511755,-0.061485846,False
5094,-0.020184577,0.03451246,False
5095,0.12106033,0.023217112,False
5096,-0.063253455,-0.03749886,False
5097,-0.057921745,-0.014940456,False
5098,-0.2503636,-0.06778741,False
5099,-0.032897443,-0.07350293,False
5100,-0.15174931,0.0025814474,False
5101,-0.055363566,0.027167201,False
5102,-0.019836843,0.0011010766,False
5103,0.0,0.0,False
5104,0.040477216,-0.004782067,False
5105,-0.070276365,-0.0061592236,False
5106,-0.088890344,0.017095417,False
5107,-0.026329458,-0.011692047,False
5108,0.05443126,0.035155714,False
5109,-0.04391098,0.047190607,False
5110,0.0,0.0003338668,False
5111,-0.26816225,-0.0803628,False
5112,-0.031802073,-0.050990738,False
5113,0.04219711,-0.06426689,False
5114,0.0,0.0025280106,False
5115,-0.04615462,0.015477657,False
5116,-0.02889438,-0.028927773,False
5117,0.118899405,-0.015900612,False
5118,-0.20439662,-0.105166644,False
5119,-0.024055019,0.004231274,False
5120,-0.00522694,0.0060265698,False
5121,-0.018017706,0.031996675,False
5122,0.0013713837,0.076407224,False
5123,-0.12614428,-0.00082691014,False
5124,-0.0042310026,-0.0042310026,False
5125,-0.049282756,-0.0107033625,False
5126,0.018160224,-0.08071807,False
5127,-0.023391992,0.04564239,False
5128,-0.0646072,-0.09869206,False
5129,-0.056967333,-0.03711109,False
5130,-0.33954573,-0.18021047,False
5131,-0.01433858,-0.01433858,False
5132,-0.06503618,-0.014204055,False
5133,-0.054072883,-0.054072883,False
5134,0.050512254,-0.07606082,False
5135,-0.0038812757,-0.13895816,False
5136,-0.13431546,-0.054861993,False
5137,0.052445233,-0.053942114,False
5138,-0.010985538,0.009166762,False
5139,0.0125967115,-0.009315696,False
5140,0.0023746789,-0.007003433,False
5141,0.076882645,0.08337279,False
5142,0.03502847,-0.008476254,False
5143,0.024301857,0.022438854,False
5144,-0.10240337,-6.699562e-05,False
5145,-0.015740898,-0.015740898,False
5146,-0.023638826,-0.05523326,False
5147,-0.12127632,-0.060676992,False
5148,0.071858466,-0.039184213,False
5149,-0.018674405,-0.018674405,False
5150,-0.027361572,0.046351135,False
5151,-0.05377987,-0.07836741,False
5152,-0.065148756,-0.005679339,False
5153,-0.0032947345,-0.0032947345,False
5154,-0.01823926,-0.039772846,False
5155,0.0,0.0,False
5156,0.0074067116,-0.013510328,False
5157,0.4543333,0.10364056,False
5158,0.0,0.0,False
5159,-0.009434645,-0.009434645,False
5160,-0.05764357,-0.040607654,False
5161,0.09824777,0.100969076,False
5162,-0.00814111,-0.0044019525,False
5163,0.16671276,0.0054888725,False
5164,-0.040438898,-0.016685996,False
5165,-0.086529136,0.007911712,False
5166,-0.24923849,-0.008867025,False
5167,-0.025907421,0.006617695,False
5168,0.0029463693,-0.03742258,False
5169,-0.21649742,-0.07190889,False
5170,0.021185517,-0.12287712,False
5171,-0.10431892,-0.09381956,False
5172,0.10063362,-0.053291693,False
5173,0.0,0.0,False
5174,0.016575688,0.0034759454,False
5175,0.10856311,-0.061768815,False
5176,0.010160193,-0.02284804,False
5177,0.0030961912,-0.0019605942,False
5178,0.04303351,-0.0014102459,False
5179,-0.20233345,-0.13645971,False
5180,0.28914022,-0.3610785,False
5181,0.1775899,-0.11683321,False
5182,0.030232012,-0.063952506,False
5183,-0.015730873,-0.018713698,False
5184,0.20094496,-0.08115524,False
5185,0.05628439,0.0419221,False
5186,-0.20440352,-0.0119383335,False
5187,-0.21563196,0.07859552,False
5188,-0.08015685,-0.034326226,False
5189,0.100568295,-0.03649485,False
5190,-0.21957324,-0.0031981766,False
5191,-0.04230964,-0.07573563,False
5192,0.030358374,0.12565267,False
5193,0.05428481,-0.051987052,False
5194,-0.073693335,0.02840668,False
5195,-0.3095597,-0.16630507,False
5196,0.0,0.0,False
5197,-0.02027461,0.007632265,False
5198,0.00039882958,-0.040092073,False
5199,-0.1138702,-0.047852278,False
5200,-0.08888906,-0.029735029,False
5201,-0.034129374,0.004180707,False
5202,-0.37072462,-0.04630083,False
5203,-0.056466743,0.02202472,False
5204,-0.19033223,-0.0044257045,False
5205,0.033626765,-0.062704295,False
5206,-0.026180374,-0.026180374,False
5207,-0.0012078211,-0.0032203346,False
5208,0.022824034,0.0053049326,False
5209,0.085422106,-0.0047691353,False
5210,0.04524187,-0.08038715,False
5211,-0.11733478,-0.031048715,False
5212,-0.037444353,-0.05449021,False
5213,0.028977334,0.013482153,False
5214,-0.008784175,-0.007992744,False
5215,-0.2158755,-0.18108416,False
5216,-0.18144727,-0.053969264,False
5217,0.007730603,-0.10628104,False
5218,-0.05580482,-0.019600958,False
5219,-0.10406995,-0.027876139,False
5220,-0.009227558,-0.009227558,False
5221,-0.5554502,0.04711461,False
5222,-0.027143061,-0.07139051,False
5223,-0.033474624,-0.11586189,False
5224,0.0,0.0,False
5225,0.01118408,-0.0015363584,False
5226,-0.2876538,-0.22995663,False
5227,0.033356458,0.025532842,False
5228,0.013693249,-0.014397271,False
5229,0.102247015,0.01824364,False
5230,-0.05088234,-0.1257782,False
5231,-0.06576848,-0.07589221,False
5232,0.0,0.0,False
5233,0.0075836275,-0.01484314,False
5234,-0.0095474105,-0.029093226,False
5235,-0.009418638,-0.009418638,False
5236,-0.036349893,-0.054389805,False
5237,0.005791194,-0.0094408635,False
5238,0.051697858,-0.023947464,False
5239,-0.1417655,0.013556123,False
5240,-0.26084286,-0.06465685,False
5241,-0.0047054025,-0.004446038,False
5242,0.12213688,-0.024013579,False
5243,-0.0015577227,-6.7055225e-05,False
5244,0.19271693,0.09554209,False
5245,-0.0037586614,0.0004703831,False
5246,-0.033051938,0.0072468817,False
5247,-0.004504744,-0.02455231,False
5248,0.008490145,-0.0551399,False
5249,0.07285857,0.052579284,False
5250,0.1257814,0.05379051,False
5251,-0.2848091,-0.1250019,False
5252,0.047088504,-0.11966401,False
5253,0.07086921,-0.15884364,False
5254,-0.22213316,-0.09711099,False
5255,0.15776782,0.039197877,False
5256,-0.04981765,-0.10952914,False
5257,0.0016180649,-0.019664977,False
5258,-0.2109282,-0.16038918,False
5259,-0.028507821,-0.10503601,False
5260,-0.06852873,0.008001506,False
5261,-0.018597467,0.008566588,False
5262,0.06782043,-0.0009327084,False
5263,-0.2743256,-0.015512109,False
5264,0.1002568,-0.02543664,False
5265,-0.026642807,0.0043600053,False
5266,-0.03276433,-0.009912893,False
5267,-0.42594647,-0.13022542,False
5268,-0.6066973,-0.07609177,False
5269,-0.10650003,-0.0068418384,False
5270,-0.09007931,0.009709835,False
5271,-0.14282149,0.02731976,False
5272,0.010035835,-0.0124993175,False
5273,-0.014082943,-0.014082943,False
5274,-0.02444923,-0.0033351183,False
5275,0.044938236,0.014111292,False
5276,0.09627715,0.044810057,False
5277,0.29092485,0.035549402,False
5278,-0.0048641684,-0.0048641684,False
5279,0.036027543,0.013108313,False
5280,0.021244109,0.0029990375,False
5281,0.029819138,-0.0042444207,False
5282,0.30010504,0.22263569,False
5283,0.0,0.0,False
5284,-0.00052074343,0.02222465,False
5285,-0.09008157,-0.10069275,False
5286,-0.11191249,-0.032220542,False
5287,-0.08742003,-0.04989347,False
5288,0.11078557,0.024940431,False
5289,0.124093056,0.03316772,False
5290,0.017908003,-0.0051708734,False
5291,0.056316763,-0.07710868,False
5292,-0.07099503,-0.19483232,False
5293,-0.017810334,-0.017810334,False
5294,0.09972745,0.030391216,False
5295,0.019958824,0.002929397,False
5296,0.0038787294,0.014163349,False
5297,-0.06017296,-0.017100781,False
5298,-0.061692312,-0.0035116076,False
5299,-0.010114514,0.009269302,False
5300,-0.04573495,-0.029754378,False
5301,0.0,0.012272001,False
5302,-0.023133956,0.013902776,False
5303,-0.20044345,-0.06334984,False
5304,-0.045066874,-0.0021911338,False
5305,0.057977915,0.008783229,False
5306,0.07654117,-0.01058702,False
5307,0.0,0.007920769,False
5308,0.0,0.0,False
5309,-0.060254693,-0.015988663,False
5310,0.1714128,-0.32470205,False
5311,0.000973898,-0.014287789,False
5312,0.0,0.0,False
5313,0.0,6.807891e-05,False
5314,-0.033228412,-0.10249494,False
5315,-0.64634204,0.060575247,False
5316,-0.33065128,-0.1806109,False
5317,0.012596648,0.008452687,False
5318,0.0,0.0013065331,False
5319,-0.011618221,-0.022087676,False
5320,0.04988209,0.013174048,False
5321,-0.014596233,-0.032389116,False
5322,-0.0047386168,-0.00423049,False
5323,-0.008992508,-0.0078537315,False
5324,0.029837132,-0.0672586,False
5325,0.00467059,-0.025731452,False
5326,-0.06714821,-0.057498455,False
5327,-0.014143941,-0.011329643,False
5328,0.019510783,0.050684765,False
5329,0.020494282,0.057768583,False
5330,-0.019823814,-0.04220825,False
5331,-0.040508986,-0.14215696,False
5332,-0.14603853,0.0354293,False
5333,0.10370444,-0.003235966,False
5334,-0.0043838597,-0.0043838597,False
5335,0.057266373,0.017218266,False
5336,0.008334756,0.00052690506,False
5337,0.07091159,-0.02893655,False
5338,0.027571619,-0.02611494,False
5339,-0.048793793,-0.021783113,False
5340,-0.036587335,-0.14311273,False
5341,0.10366696,0.020395994,False
5342,0.035225146,-0.009372595,False
5343,-0.0539819,0.00687138,False
5344,-0.10934138,0.07225567,False
5345,0.07432415,0.003563039,False
5346,-0.13924944,-0.057767153,False
5347,-0.00096239895,0.05313193,False
5348,0.15051222,-0.12055802,False
5349,0.009332508,0.038645744,False
5350,0.059014454,0.021159187,False
5351,-0.035860732,0.03196633,False
5352,0.047859192,-0.029872775,False
5353,0.0011324286,0.021205217,False
5354,-0.01942408,-0.036360443,False
5355,-0.003677249,0.023858905,False
5356,-0.018276047,0.0160921,False
5357,0.011888832,0.03807029,False
5358,-0.06285209,-0.0114984065,False
5359,0.04657197,-0.15339923,False
5360,0.09283888,0.13676447,False
5361,-0.46082962,-0.25588202,False
5362,0.0,0.0,False
5363,0.017193506,0.0,False
5364,-0.016730594,-0.0114375055,False
5365,-0.02213341,0.026849255,False
5366,-0.009002008,-0.008903109,False
5367,-0.040963948,-0.02630189,False
5368,0.17672285,0.012887418,False
5369,0.031014234,0.030764133,False
5370,-0.08586323,-0.0957284,False
5371,-0.00378165,-0.00378165,False
5372,-0.2041977,0.06573784,False
5373,-0.010302424,-0.04857242,False
5374,-0.021478191,0.02105451,False
5375,0.028613687,0.01392591,False
5376,-0.02672849,-0.019610083,False
5377,-0.022276878,-0.15148973,False
5378,-0.6470058,0.10704966,True
5379,0.07439631,-0.006405413,False
5380,-0.008967467,-0.017774276,False
5381,-0.0032373075,-0.002597161,False
5382,0.058316946,0.0911994,False
5383,0.26523173,-0.013592362,False
5384,-0.0001893565,-0.04144498,False
5385,-0.12465009,-0.026846051,False
5386,-0.011756718,-0.0072103143,False
5387,-0.014006908,-0.014006908,False
5388,0.0019206405,0.061025225,False
5389,0.3674338,-0.0685277,False
5390,-0.0064048767,-0.06644428,False
5391,-0.09454182,-0.019906655,False
5392,0.15985307,-0.42829445,False
5393,-0.009519579,-0.009519579,False
5394,0.35728168,-0.0004975796,False
5395,0.0049247425,-0.018390179,False
5396,0.16088265,0.05781126,False
5397,0.0113596,-0.0034862934,False
5398,-0.0076087415,-0.035889402,False
5399,0.03583841,-0.009461517,False
5400,-0.2977383,-0.090370536,False
5401,0.13253623,-0.52652985,False
5402,-0.029540077,-0.02781602,False
5403,-0.06645014,-0.0032712147,False
5404,-0.051275015,-0.03985811,False
5405,-0.3549124,-0.10351205,False
5406,-0.25663525,-0.06282127,False
5407,-0.10238007,-0.032095373,False
5408,0.07740843,0.03167188,False
5409,-0.081266955,0.010871291,False
5410,-0.11370754,-0.060172677,False
5411,-0.18581851,-0.033070892,False
5412,-0.13089466,0.026221752,False
5413,0.11991906,-0.039512396,False
5414,-0.01838857,-0.04930973,False
5415,0.032187045,-0.012348503,False
5416,-0.11412138,0.037697583,False
5417,-0.060672164,-0.008828819,False
5418,-0.14311922,0.11312139,False
5419,-0.11935687,-0.10343802,False
5420,0.0016166344,-0.00065380335,False
5421,0.02121583,-0.023616787,False
5422,-0.119561076,-0.07292062,False
5423,-0.004967613,-0.004967613,False
5424,0.008517146,0.01842916,False
5425,0.0074929036,-0.037910264,False
5426,-0.024823833,0.004019683,False
5427,-0.037102066,-0.026060693,False
5428,-0.01305067,-0.01305067,False
5429,0.27219364,-0.3278117,False
5430,-0.09146118,-0.20080936,False
5431,-0.018857025,-0.06358772,False
5432,0.23548293,-0.051208258,False
5433,-0.08487344,0.090898395,False
5434,0.015121579,-0.05053425,False
5435,-0.049651265,-0.0069815516,False
5436,-0.018776894,0.013455749,False
5437,0.06941887,0.03939203,False
5438,-0.024234414,-0.047035843,False
5439,0.3196944,-0.07292783,False
5440,0.023984134,-0.18220855,False
5441,-0.057962805,-0.036775768,False
5442,-0.19050357,-0.08382201,False
5443,-0.05595371,0.009846121,False
5444,-0.0099258125,0.015348166,False
5445,-0.08654052,-0.07060841,False
5446,-0.03715977,0.008648872,False
5447,-0.015405722,0.02111981,False
5448,-0.044466823,-0.0022564232,False
5449,-0.20623827,-0.14083737,False
5450,0.016739609,-0.005080136,False
5451,-0.009789182,-0.009789182,False
5452,-0.0037435591,-0.04033846,False
5453,0.37271747,0.01175344,False
5454,0.022366293,0.0008542719,False
5455,-0.004815955,-0.004815955,False
5456,0.0,0.0,False
5457,-0.027787197,-0.08079454,False
5458,0.26922774,-0.008428633,False
5459,-0.023466974,-0.16740672,False
5460,0.0,0.0,False
5461,0.0,0.0,False
5462,0.0,0.0014788808,False
5463,0.027394738,-0.009316157,False
5464,-0.009831437,-0.009831437,False
5465,-0.008915871,-0.008565235,False
5466,0.05457569,-0.018629884,False
5467,-0.06787917,-0.4918012,False
5468,-0.034964655,-0.034964655,False
5469,-0.053707965,-0.039719097,False
5470,0.012418315,0.030513942,False
5471,0.0,0.0017149367,False
5472,0.023995098,-0.013134631,False
5473,-0.24636418,-0.102959275,False
5474,0.06533873,0.026255965,False
5475,-0.112199426,-0.021607757,False
5476,0.24021769,-0.045563936,False
5477,-0.04450375,-0.15060818,False
5478,0.025887907,-0.066468656,False
5479,-0.076494694,-0.14279175,False
5480,0.123149574,-0.012049794,False
5481,0.03936398,-0.16694665,False
5482,0.042288184,-0.049805224,False
5483,0.034940302,-0.010554552,False
5484,0.017233849,-0.05359508,False
5485,-0.06268114,0.015197635,False
5486,-0.2322135,-0.17167771,False
5487,-0.09198177,-0.040266275,False
5488,-0.19354427,-0.011560559,False
5489,-0.43369102,-0.08926916,False
5490,0.0358167,0.0006864071,False
5491,0.09272471,-0.00014389306,False
5492,0.012241185,0.007865906,False
5493,-0.07599503,0.005015075,False
5494,0.19289148,0.04630822,False
5495,0.0033125281,0.0711804,False
5496,0.08900154,-0.017944574,False
5497,-0.2026366,-0.1790216,False
5498,-0.04531622,-0.051330954,False
5499,-0.062039018,-0.057136416,False
5500,-0.030808091,-0.0874657,False
5501,0.13602161,0.19078994,False
5502,0.041976213,-0.077444196,False
5503,-0.037097767,-0.017324675,False
5504,-0.012108713,-0.026738852,False
5505,0.11345047,0.058014393,False
5506,-0.05789721,0.0028842092,False
5507,0.01813224,0.005999334,False
5508,0.16514254,-0.023806512,False
5509,-0.10712075,-0.014477372,False
5510,0.030629858,0.021186665,False
5511,0.0693236,-0.01907894,False
5512,-0.13598752,-0.06852302,False
5513,0.061852783,-0.004247606,False
5514,0.08108708,-0.03833267,False
5515,0.03350258,-0.019198895,False
5516,-0.06927669,-0.04878992,False
5517,0.23957586,0.012734652,False
5518,0.034476582,0.01112704,False
5519,0.119003356,-0.020069465,False
5520,0.0,0.0,False
5521,0.04690519,0.05275075,False
5522,-0.33089042,-0.13897991,False
5523,0.11084153,-0.007729113,False
5524,0.025142342,0.016651914,False
5525,-0.08430946,-0.069996655,False
5526,0.024678707,-0.13331246,False
5527,-0.007934123,-0.016593993,False
5528,-0.07664654,0.061462104,False
5529,-0.34499097,-0.25854635,False
5530,-0.085788295,-0.011660099,False
5531,-0.33219558,0.018340826,False
5532,0.030688763,-0.036187172,False
5533,0.01776514,-0.004277131,False
5534,0.12192917,-0.07709503,False
5535,-0.039719343,0.10256386,False
5536,0.019656181,-0.14864016,False
5537,-0.1897726,-0.013740301,False
5538,0.016088808,0.0,False
5539,-0.2760725,-0.07222414,False
5540,0.0,0.0,False
5541,-0.14987612,-0.16819859,False
5542,0.01564534,-0.0045843073,False
5543,-0.016545773,-0.0056962967,False
5544,0.20382905,-0.12884307,False
5545,-0.21494055,-0.24260783,False
5546,-0.010124654,-0.032603983,False
5547,-0.044233322,-0.013773918,False
5548,-0.018236563,-0.018236563,False
5549,-0.25879955,-0.022207022,False
5550,-0.014882542,-0.10058404,False
5551,0.0,0.0,False
5552,-0.013483043,-0.013483043,False
5553,-0.022868376,-0.022868376,False
5554,-0.062497467,-0.031026267,False
5555,0.031027012,-0.0010282397,False
5556,-0.038498092,0.018524066,False
5557,-0.08375257,0.028219074,False
5558,0.030885566,0.025400698,False
5559,-0.1134895,-0.034704685,False
5560,0.017868843,-0.046021577,False
5561,0.0,0.0,False
5562,-0.039942823,-0.016298555,False
5563,-0.003920555,0.013298273,False
5564,-0.0081634,-0.020930232,False
5565,-0.33966696,-0.12151706,False
5566,-0.014507949,-0.031462967,False
5567,0.010564834,-0.0047159046,False
5568,0.0481918,0.022768993,False
5569,0.0,0.0,False
5570,-0.06993994,0.008127198,False
5571,-0.0060556233,0.030003637,False
5572,0.07678974,0.046061635,False
5573,-0.0049171196,-0.0049171196,False
5574,-0.04102336,-0.060308218,False
5575,-0.13681042,-0.033544064,False
5576,-0.20116287,-0.0695034,False
5577,0.072826505,-0.02061671,False
5578,-0.14507711,-0.062645495,False
5579,-0.027924716,0.021886498,False
5580,0.03753975,0.009977177,False
5581,-0.004789372,-0.004789372,False
5582,-0.004547674,-0.004547674,False
5583,-0.038567007,-0.04047723,False
5584,0.009748235,0.065268636,False
5585,0.009008741,-0.018275935,False
5586,0.13529196,0.012999222,False
5587,0.0,0.0,False
5588,-0.08616646,-0.31370667,False
5589,0.10097888,-0.037361734,False
5590,0.010165356,0.012450308,False
5591,-0.007902236,-0.007902236,False
5592,0.012343631,-0.009943404,False
5593,-0.005191641,-0.005191641,False
5594,0.023638457,-0.03733621,False
5595,-0.0048289993,-0.0048289993,False
5596,0.0,0.0,False
5597,-0.0023125634,-0.065564685,False
5598,0.0,0.0,False
5599,0.12671202,-0.005144477,False
5600,0.04446721,-0.05437185,False
5601,-0.032950036,-0.02712173,False
5602,-0.08246577,-0.0663036,False
5603,0.028907448,-0.024447314,False
5604,0.0018783007,-0.021433013,False
5605,0.007406473,0.027665973,False
5606,-0.1524719,-0.03818226,False
5607,0.022674203,0.225335,False
5608,-0.12734577,0.05306971,False
5609,0.056719914,0.08668028,False
5610,-0.043209635,0.0006046146,False
5611,0.0,0.0020849274,False
5612,-0.2473948,-0.017445564,False
5613,-0.0033551455,0.00072941184,False
5614,-0.21183896,-0.11368561,False
5615,0.17268872,-0.02948308,False
5616,-0.01497668,-0.0018601418,False
5617,0.011451647,-0.051544607,False
5618,-0.18732846,-0.10715765,False
5619,-0.22857782,-0.09760547,False
5620,-0.013842754,-0.013842754,False
5621,-0.04345996,0.018288925,False
5622,0.20944345,0.04740721,False
5623,0.012653399,-0.031986628,False
5624,-0.006007202,-0.114572085,False
5625,0.025915265,-0.02493608,False
5626,-0.0051033394,-0.004314679,False
5627,-0.042901248,0.013290495,False
5628,-0.06247154,0.00807029,False
5629,-0.10064399,-0.015421152,False
5630,0.11128226,-0.017822266,False
5631,-0.025399024,-0.025399024,False
5632,-0.037382424,0.051425815,False
5633,-0.006070696,0.016072672,False
5634,-0.12075767,-0.025242865,False
5635,-0.010971017,-0.02262823,False
5636,-0.0855625,-0.04175335,False
5637,0.0057672784,-0.009362208,False
5638,0.008514464,0.0117999315,False
5639,0.02628611,0.009309679,False
5640,-0.11585751,-0.12408194,False
5641,-0.08780199,-0.09714854,False
5642,0.017328795,-0.0045168516,False
5643,-0.012604911,8.773059e-05,False
5644,-0.0869893,-0.014985517,False
5645,0.0,0.0,False
5646,0.04598978,0.025912762,False
5647,-0.07057506,-0.07434487,False
5648,-0.025129398,-0.042203855,False
5649,-0.0353136,-0.0058131516,False
5650,0.01819912,-0.023091007,False
5651,0.11889635,0.008506879,False
5652,-0.03471213,-0.05610012,False
5653,0.18218687,-0.017564386,False
5654,-0.06883386,0.039511293,False
5655,-0.0049748793,-0.0047206744,False
5656,-0.042261034,0.004401028,False
5657,0.06792599,-0.019670308,False
5658,-0.12539172,-0.04487109,False
5659,0.005762726,0.027045012,False
5660,-0.036604982,-0.0010528862,False
5661,-0.026688708,-0.038863637,False
5662,-0.019259844,-0.019259844,False
5663,-0.0139025,-0.024965532,False
5664,-0.017703205,-0.031444117,False
5665,0.0082546845,-0.01058316,False
5666,0.09840533,0.057757616,False
5667,-0.035762995,-0.006300628,False
5668,0.025136232,-0.15632486,False
5669,-0.12138787,-0.07332492,False
5670,0.0,0.0,False
5671,-0.064667344,0.017231703,False
5672,0.03493011,-0.014515996,False
5673,-0.0025991797,-0.036640644,False
5674,0.015612602,0.02217704,False
5675,0.029095352,-0.017650783,False
5676,-0.03344345,-0.030777454,False
5677,-0.29974306,-0.10809398,False
5678,0.13859826,-0.056097627,False
5679,-0.011512045,-0.02899386,False
5680,0.049256325,-0.075475454,False
5681,-0.02004804,-0.036425635,False
5682,0.102356255,0.07606214,False
5683,-0.028664649,0.003988236,False
5684,0.04638931,-0.0012596324,False
5685,-0.07503562,0.003968358,False
5686,-0.029251875,-0.009378957,False
5687,-0.03408295,0.076786995,False
5688,-0.00517837,-0.0043476797,False
5689,0.020810522,-0.017710067,False
5690,0.024228342,-0.008298828,False
5691,-0.17608595,-0.014942884,False
5692,-0.07488328,0.08356574,False
5693,0.071605876,0.049882784,False
5694,-0.04854071,-0.10358381,False
5695,0.12761232,0.00081166625,False
5696,-0.00038112514,-0.019590568,False
5697,0.053272005,-0.014599641,False
5698,-0.00978405,-0.00978405,False
5699,0.09746748,0.05868584,False
5700,0.022674896,-0.0016656779,False
5701,-0.08554503,0.07521148,False
5702,-0.00803145,0.012060076,False
5703,-0.10157582,-0.038013667,False
5704,-0.091777824,0.018129796,False
5705,-0.15187202,-0.035620496,False
5706,-0.16213596,-0.07041657,False
5707,0.0,0.0,False
5708,0.107699275,0.0090972185,False
5709,-0.04504372,-0.069027185,False
5710,0.034360647,-0.04049802,False
5711,-0.016438663,0.09017831,False
5712,0.0,0.0,False
5713,0.090076685,0.03382778,False
5714,-0.0084366705,-0.030187871,False
5715,-0.036044717,-0.12777203,False
5716,0.008143282,-0.02859305,False
5717,-0.014559414,-0.005451089,False
5718,0.016642373,-0.0019015798,False
5719,-0.05392009,-0.020948261,False
5720,0.023978945,-0.011912561,False
5721,0.01599139,0.016669214,False
5722,-0.07020335,-0.08907576,False
5723,-0.22268105,-0.084877014,False
5724,-0.016825616,0.017074764,False
5725,0.03533501,0.010761261,False
5726,-0.026345953,-0.008045599,False
5727,-0.051431637,-0.051431637,False
5728,-0.23264581,-0.15493083,False
5729,-0.013852173,-0.013852173,False
5730,-0.028375328,0.02284962,False
5731,-0.21598405,0.044324636,False
5732,0.10931021,0.017663717,False
5733,0.09716755,0.030391157,False
5734,0.06057787,-0.008448519,False
5735,0.19784331,-0.1463939,False
5736,-0.015065656,-0.014092119,False
5737,-0.03579561,-0.024409987,False
5738,0.038844585,-0.036055446,False
5739,-0.29564905,-0.17121983,False
5740,0.08367334,-0.046869338,False
5741,-0.24253488,-0.12817335,False
5742,-0.003592351,-0.003592351,False
5743,-0.004415072,-0.004415072,False
5744,-0.008031599,0.010074861,False
5745,0.0067551136,-0.039155483,False
5746,0.026554123,-0.026928931,False
5747,0.012033269,-0.007985573,False
5748,-0.004825721,-0.004332047,False
5749,-0.0021219514,-0.024555495,False
5750,-0.0049733785,-0.0049733785,False
5751,-0.21879476,-0.15714675,False
5752,-0.021982074,0.05253631,False
5753,-0.02964878,0.006154597,False
5754,-0.30591106,-0.14677536,False
5755,0.15967315,0.015212089,False
5756,0.030769974,0.009626359,False
5757,-0.01552254,-0.09448826,False
5758,-0.009467758,-0.05360372,False
5759,-0.079207726,-0.05604866,False
5760,0.032477617,-0.013856411,False
5761,0.015322447,-0.025244296,False
5762,-0.16867316,-0.041782796,False
5763,0.024191767,0.04185888,False
5764,2.729334e-05,-0.024502305,False
5765,-0.4331677,-0.0030875206,False
5766,-0.013382673,0.047235012,False
5767,0.06511599,-0.028084993,False
5768,-0.0049960017,0.02552241,False
5769,0.048217446,0.030554593,False
5770,0.06660688,0.0016270876,False
5771,0.033943694,0.008495165,False
5772,0.0,0.0,False
5773,0.0,0.0,False
5774,-0.47338387,0.070252776,False
5775,-0.036487833,0.017540384,False
5776,-0.06567631,0.031185225,False
5777,-0.004025647,-0.0026205815,False
5778,-0.015023402,-0.0144258365,False
5779,0.0,0.0,False
5780,-0.033704072,-0.041440073,False
5781,-0.012174338,0.06743425,False
5782,0.0,0.00059138495,False
5783,-0.004880251,-0.0039753513,False
5784,-0.019397724,-0.019397724,False
5785,0.03878352,-0.00529404,False
5786,0.21678019,-0.12309408,False
5787,0.06470978,0.113174796,False
5788,-0.022768937,-0.01790789,False
5789,0.029410064,-0.005394101,False
5790,-0.06105739,-0.045045197,False
5791,0.008789413,0.0068797246,False
5792,-0.004635513,-0.013203517,False
5793,-0.057063818,-0.022512674,False
5794,0.002844423,0.014493138,False
5795,-0.23079091,-0.15652859,False
5796,0.0,0.0,False
5797,0.59733486,0.0108578205,False
5798,0.008117229,0.010396909,False
5799,0.047847748,-0.079648495,False
5800,-0.03461151,-0.038951248,False
5801,0.12962556,-0.018360615,False
5802,-0.030684873,-0.000529021,False
5803,0.22431624,0.024230182,False
5804,-0.28358853,-0.13837546,False
5805,-0.05153139,0.0033763647,False
5806,0.022520512,0.05859053,False
5807,0.031054568,-0.047219757,False
5808,-0.022660732,-0.017343104,False
5809,-0.1722796,-0.090548635,False
5810,-0.027937956,-0.017658908,False
5811,-0.013300896,-0.14405107,False
5812,0.049144268,-0.087186575,False
5813,-0.044857264,-0.17230368,False
5814,0.0,0.0018502205,False
5815,0.21195269,-0.03343284,False
5816,0.09032035,-0.03497386,False
5817,0.07190704,-0.001522556,False
5818,-0.15938938,-0.033204675,False
5819,-0.10090697,-0.009094417,False
5820,-0.15172482,-0.07675612,False
5821,-0.0980269,0.0216249,False
5822,0.011601434,-0.010149767,False
5823,0.07350814,0.04615718,False
5824,-0.0043838597,-0.0043838597,False
5825,0.04317817,0.02021161,False
5826,-0.005193006,-0.005193006,False
5827,-0.0048273588,-0.0048273588,False
5828,-0.014512058,-0.014512058,False
5829,0.021102369,0.050244614,False
5830,-0.008794199,-0.0065064244,False
5831,-0.0048066503,-0.0048066503,False
5832,-0.08331463,0.024996996,False
5833,0.0935079,0.037337273,False
5834,-0.009541676,-0.009541676,False
5835,0.0,0.0005903721,False
5836,0.016377594,0.0,False
5837,0.035353392,-0.03880301,False
5838,-0.056099445,-0.052929007,False
5839,0.0,0.0,False
5840,0.028466344,0.032419026,False
5841,0.21322966,-0.12430656,False
5842,-0.009687987,-0.008313413,False
5843,-0.13254565,0.007448882,False
5844,0.1333127,0.0033330917,False
5845,-0.2271513,-0.1699172,False
5846,0.0040728636,0.010345966,False
5847,0.19985867,0.07356334,False
5848,-0.2885952,-0.0766294,False
5849,-0.004898398,-0.0040161745,False
5850,-0.042552218,-0.0760313,False
5851,0.027648062,-0.0090510845,False
5852,0.11414829,0.06047964,False
5853,-0.005222162,-0.005222162,False
5854,0.0,0.0,False
5855,0.03700195,-0.0009966688,False
5856,-0.00045848638,-0.04579424,False
5857,0.0020681862,-0.020307645,False
5858,-0.25671315,-0.09166789,False
5859,0.025888719,0.024151817,False
5860,-0.009050236,-0.008587454,False
5861,-0.079765126,-0.016927935,False
5862,0.061453313,-0.0631026,False
5863,0.28002596,-0.034455776,False
5864,-0.004127486,-0.004127486,False
5865,-0.20001996,-0.112941355,False
5866,-0.058848023,0.03813857,False
5867,-0.002491301,-0.018751238,False
5868,-0.004661479,-0.004195361,False
5869,0.08154574,-0.02056504,False
5870,-0.10148917,-0.058267325,False
5871,-0.37790382,-0.27773166,False
5872,-0.7909627,-0.16633654,False
5873,-0.17639987,-0.08630769,False
5874,-0.052521467,0.0008211583,False
5875,-0.18579042,-0.023976088,False
5876,0.12759316,-0.095412254,False
5877,-0.31950688,-0.26727724,False
5878,0.087010264,0.007704854,False
5879,-0.020945042,0.013942592,False
5880,0.0,0.0,False
5881,-0.16777205,-0.16140366,False
5882,0.018108537,-0.0050598695,False
5883,0.015429791,-0.001953927,False
5884,-0.014024131,-0.0067323297,False
5885,-0.122321606,-0.09683728,False
5886,0.15796322,0.010635495,False
5887,0.011350393,0.0017862022,False
5888,-0.022541016,-0.013174057,False
5889,-0.06398809,-0.02684316,False
5890,0.047222763,0.082767546,False
5891,-0.049123228,-0.104941905,False
5892,-0.005034769,-0.014552715,False
5893,-0.19377255,-0.024263501,False
5894,0.013809905,0.0010991469,False
5895,0.08677015,0.00067442656,False
5896,0.01776743,0.044728756,False
5897,-0.07015608,-0.055451095,False
5898,-0.040631145,-0.02575311,False
5899,-0.0045474074,-0.0045474074,False
5900,-0.043129504,0.018993497,False
5901,0.3446449,0.07723126,False
5902,-0.13920909,0.07289553,False
5903,0.026930183,-0.061488837,False
5904,0.09823973,-0.008315276,False
5905,-0.031034067,0.010668647,False
5906,0.024983497,-0.0022668224,False
5907,0.0,0.0,False
5908,-0.004497087,-0.004497087,False
5909,-0.39002764,-0.12656188,False
5910,0.0076963278,-0.009103834,False
5911,0.0018235892,0.04194825,False
5912,-0.030810136,-0.022671852,False
5913,-0.38317692,-0.19756657,False
5914,-0.21865246,0.008357108,False
5915,0.0024166554,0.0374545,False
5916,-0.032595515,0.055893183,False
5917,-0.009261787,-0.065981746,False
5918,-0.009088731,-0.009088731,False
5919,-0.005140462,-0.005140462,False
5920,0.2577873,0.06600219,False
5921,-0.00094872713,-0.008857757,False
5922,0.22397548,0.08384699,False
5923,0.1609006,0.06247449,False
5924,0.048498094,-0.0034891367,False
5925,-0.19347519,0.023070186,False
5926,-0.055867642,-0.019934714,False
5927,-0.21288234,-0.12758029,False
5928,0.0326159,-0.06815982,False
5929,-0.041986514,0.00040290505,False
5930,-0.014054246,0.017043084,False
5931,-0.042108834,0.00819467,False
5932,0.007754028,-0.044021726,False
5933,0.2185862,0.12882268,False
5934,-0.08770841,-0.024240375,False
5935,-0.17198336,-0.012332678,False
5936,-0.38934702,-0.08526105,False
5937,-0.119666785,-0.05267191,False
5938,-0.13294196,-0.13371873,False
5939,-0.07055645,0.031051457,False
5940,-0.09754288,-0.08767468,False
5941,0.015295304,-0.06783172,False
5942,0.0537107,-0.11886752,False
5943,-0.607269,-0.07956123,False
5944,-0.017502598,-0.017502598,False
5945,-0.0015178248,-0.06293335,False
5946,0.0,0.00012562252,False
5947,-0.10373664,-0.06319463,False
5948,-0.0024199449,-0.02515811,False
5949,-0.0046281735,-0.0046281735,False
5950,0.00015074015,0.009564459,False
5951,-0.054852635,-0.006297171,False
5952,-0.029461239,-0.06744316,False
5953,-0.014573336,-0.026006281,False
5954,-0.16362494,-0.017174184,False
5955,-0.0012550242,-0.009050569,False
5956,-0.18343332,-0.035608277,False
5957,-0.009878572,-0.009878572,False
5958,0.18156004,-0.040186405,False
5959,-0.48978877,-0.1755004,False
5960,0.0,0.0,False
5961,-0.11434735,-0.011746734,False
5962,-0.16827866,-0.047239363,False
5963,0.047715664,-0.0021664798,False
5964,-0.2615292,-0.02914691,False
5965,0.073848605,0.04216814,False
5966,-0.36121964,-0.13187456,False
5967,0.0439595,0.07882655,False
5968,-0.033762023,-0.271562,False
5969,-0.026089147,0.018949918,False
5970,-0.16104537,-0.14460796,False
5971,-0.0120508075,0.010099173,False
5972,-0.04577589,-0.0013279915,False
5973,-0.20358673,0.011036217,False
5974,0.06347069,-0.079431504,False
5975,0.055847526,-0.06681305,False
5976,0.00013200007,-0.020097647,False
5977,-0.0403049,-0.14470983,False
5978,0.15669826,0.032823436,False
5979,0.0059865415,0.03615269,False
5980,0.28998852,-0.12182093,False
5981,-0.025488257,0.013401866,False
5982,0.0015667975,0.007346101,False
5983,-0.08989913,-0.008914605,False
5984,0.10545552,-0.013314009,False
5985,0.1672839,0.03240484,False
5986,0.08639282,-0.0045880377,False
5987,-0.13303646,-0.02058214,False
5988,-0.28087133,-0.10547519,False
5989,-0.04089266,0.026275545,False
5990,-0.22801495,-0.09611797,False
5991,-0.32293928,-0.08061314,False
5992,-0.34403384,-0.008079648,False
5993,0.061115056,0.021885037,False
5994,-0.023882627,-0.25190628,False
5995,0.004009815,0.009166956,False
5996,-0.14517425,-0.033400744,False
5997,0.025737822,-0.004866183,False
5998,0.039414883,-0.040313125,False
5999,0.029975832,-0.07030702,False
6000,0.0,7.964767e-05,False
6001,-0.22298825,0.11293125,False
6002,-0.022837035,-0.0021527708,False
6003,-0.706146,0.016228437,False
6004,0.066925734,-0.06203422,False
6005,-0.0796081,-0.09097177,False
6006,0.0112146735,0.004778564,False
6007,0.012805134,0.028268754,False
6008,-0.019860886,-0.019860886,False
6009,-0.004990244,-0.004990244,False
6010,0.056307435,0.082421005,False
6011,-0.18689686,0.010215163,False
6012,-0.011334777,-0.031270146,False
6013,-0.06428909,-0.043323636,False
6014,0.007333651,0.019939348,False
6015,0.021157712,0.03309104,False
6016,-0.23508349,0.07092023,False
6017,-0.049337223,0.04569453,False
6018,0.06459567,0.088048756,False
6019,-0.10770571,-0.12486625,False
6020,-0.004701514,-0.004701514,False
6021,0.037443466,-0.023582483,False
6022,-0.07253431,-0.011683047,False
6023,0.0,0.0,False
6024,-0.004886454,-0.004886454,False
6025,0.12700194,-0.047938883,False
6026,-0.032274365,-0.006624937,False
6027,-0.22926891,-0.016500592,False
6028,0.12215859,0.031627864,False
6029,-0.09129369,-0.060605586,False
6030,-0.19171739,-0.07930821,False
6031,-0.037015803,0.0083802715,False
6032,-0.044048622,0.042560697,False
6033,-0.13929713,-0.12385875,False
6034,0.0016011223,0.034358434,False
6035,-0.011637747,0.016820833,False
6036,-0.03568038,-0.03568038,False
6037,0.011802965,0.016944297,False
6038,-0.04006792,-0.0071546435,False
6039,0.044166304,-0.010166606,False
6040,0.14974257,0.12933812,False
6041,-0.0059879124,-0.041677363,False
6042,0.074082136,-0.018811107,False
6043,-0.43158382,-0.2138083,False
6044,-0.06732145,-0.0014443696,False
6045,-0.015794367,-0.004513543,False
6046,-0.023034418,-0.03327378,False
6047,-0.0572643,-0.004278645,False
6048,0.049849838,0.122617096,False
6049,-0.12000871,-0.006036699,False
6050,0.15848374,-0.120479465,False
6051,-0.0033912933,-0.0033912933,False
6052,-0.11715937,-0.18905759,True
6053,-0.032516196,0.030476712,False
6054,-0.04673785,0.009552449,False
6055,0.02340494,0.0,False
6056,-0.0475612,-0.056113154,False
6057,-0.07634195,-0.016020551,False
6058,-0.10377624,-0.06899716,False
6059,-0.22148383,-0.10166055,False
6060,-0.026959121,0.028867513,False
6061,0.059446905,0.0004608445,False
6062,-0.05511184,-0.014217943,False
6063,-0.024170846,-0.004604161,False
6064,-0.0023702886,-0.0052773533,False
6065,-0.06843996,-0.058643043,False
6066,-0.07281399,-0.059089422,False
6067,-0.08756238,-0.058089197,False
6068,0.3161229,0.10400987,False
6069,-0.02384384,0.034377456,False
6070,-0.036901426,-0.01495464,False
6071,-0.04181972,0.009868771,False
6072,-0.0027761366,-0.0045788083,False
6073,-0.17097747,-0.095485985,False
6074,0.32854623,0.06638843,False
6075,-0.116185635,-0.02129203,False
6076,0.14488703,0.088027716,False
6077,0.08843696,0.013885498,False
6078,-0.13775386,0.008919686,False
6079,-0.018667445,0.013890967,False
6080,-0.045144953,-0.007458642,False
6081,0.06190273,0.024085462,False
6082,-0.5123453,0.021607399,False
6083,-0.05309838,-0.010928348,False
6084,-0.09081048,-0.060180128,False
6085,0.05494964,-0.025980651,False
6086,-0.084776215,0.059909135,False
6087,-0.14914846,-0.084869385,False
6088,0.035431623,0.0435389,False
6089,-0.13724089,-0.05130446,False
6090,-0.047784872,-0.0044564083,False
6091,-0.057603836,0.03378719,False
6092,-0.024714649,0.04344058,False
6093,-0.0093902415,-0.0093902415,False
6094,-0.10375929,-0.017066479,False
6095,0.04132022,-0.1280631,False
6096,-0.10739148,-0.14144033,False
6097,0.05375904,0.0017937422,False
6098,-0.043964386,-0.018331587,False
6099,0.0,0.0,False
6100,0.08434209,0.09639695,False
6101,-0.02636252,-0.08654551,False
6102,0.021155428,-0.04885787,False
6103,0.014789812,0.0038026422,False
6104,-0.017951619,-0.017951619,False
6105,-0.09121162,-0.022195458,False
6106,0.0507074,-0.012331858,False
6107,-0.034576625,-0.061850935,False
6108,-0.035156213,-0.0035447478,False
6109,0.0367059,-0.007699261,False
6110,0.050979048,0.010025188,False
6111,-0.034291662,-0.034291662,False
6112,-0.0035210575,0.018042287,False
6113,0.07839787,0.055093527,False
6114,0.0,0.0,False
6115,0.0,0.0,False
6116,-0.0048224535,-0.0039029554,False
6117,0.038778663,-0.00541839,False
6118,0.0,0.0,False
6119,-0.06772792,-0.13195044,False
6120,-0.0044635446,-0.0037846914,False
6121,0.042904466,0.07810989,False
6122,0.018140554,-0.037622154,False
6123,-0.04209443,-0.003558021,False
6124,-0.010382461,-0.01000807,False
6125,-0.009353702,-0.009353702,False
6126,0.018135548,-0.0012449622,False
6127,0.023999002,-0.03783418,False
6128,0.016719371,0.026506048,False
6129,-0.027497124,-0.027497124,False
6130,0.0,0.0,False
6131,-0.041346252,-0.03559047,False
6132,0.0038991794,0.0033672303,False
6133,0.018094793,-0.020486739,False
6134,-0.12184021,-0.044823438,False
6135,-0.0090271495,-0.046346083,False
6136,0.052916624,-0.00914659,False
6137,-0.014823383,0.0066805333,False
6138,-0.033444416,0.0044145845,False
6139,-0.10182525,-0.021413684,False
6140,-0.038292646,-0.07442868,False
6141,0.1038124,0.0034706593,False
6142,-0.08813691,-0.11751288,False
6143,0.014524893,-0.0084046265,False
6144,-0.09999095,-0.30038187,False
6145,0.024938475,-0.02122188,False
6146,0.048107997,0.038392477,False
6147,-0.041893926,-0.041893926,False
6148,-0.07366848,-0.012214065,False
6149,0.0,0.0,False
6150,-0.042821333,-0.021834612,False
6151,-0.0034815073,-0.07980573,False
6152,-0.0022172853,-0.0020626932,False
6153,0.008597892,-0.038240563,False
6154,-0.0042631375,-0.0031975717,False
6155,0.14427438,-0.010865837,False
6156,-0.00799015,-0.00799015,False
6157,0.021498516,-0.017431952,False
6158,-0.045139953,-0.02422551,False
6159,0.0029178374,-0.039449323,False
6160,0.007057376,-0.007742908,False
6161,0.019209443,0.0,False
6162,0.0,0.0,False
6163,-0.4677937,-0.15045881,False
6164,-0.24602878,-0.060682654,False
6165,0.1688523,-0.0057446063,False
6166,-0.018304247,-2.9712915e-05,False
6167,-0.004267156,0.054780006,False
6168,0.06984508,-0.034692526,False
6169,-0.16457796,-0.13741267,False
6170,-0.3041054,-0.062216997,False
6171,-0.057516277,-0.073340625,False
6172,-0.049331725,-0.057629153,False
6173,-0.0016543567,-0.013080149,False
6174,-0.232077,-0.12620986,False
6175,0.018403888,-0.018830795,False
6176,0.11885139,0.005526334,False
6177,-0.15413105,-0.07643759,False
6178,-0.15256035,-0.030617118,False
6179,-0.13909677,-0.018408567,False
6180,0.024734866,0.0,False
6181,-0.009406686,-0.003257811,False
6182,-0.021731839,-0.019528374,False
6183,-0.09408569,-0.08569121,False
6184,0.008991003,-0.036007315,False
6185,0.015134454,0.031495422,False
6186,-0.010759734,-0.018577121,False
6187,0.08368385,-0.04436326,False
6188,-0.009328847,-0.009328847,False
6189,-0.20280898,-0.02915889,False
6190,-0.16402364,-0.1704036,False
6191,0.019775033,0.018396676,False
6192,-0.024187386,0.01650609,False
6193,-0.02465018,-0.008253232,False
6194,-0.084657654,-0.0038945824,False
6195,0.06607621,0.027728468,False
6196,0.04616954,-0.05999668,False
6197,-0.20400482,-0.015649855,False
6198,0.06280783,0.013473231,False
6199,-0.14435208,-0.06498283,False
6200,0.13815862,0.076850355,False
6201,0.043636233,-0.0016882718,False
6202,-0.033590503,0.02020932,False
6203,0.016679654,0.0,False
6204,-0.19445682,-0.09587121,False
6205,-0.028089285,-0.13982391,False
6206,0.21008638,0.16086927,False
6207,-0.004428873,-0.004428873,False
6208,-0.07212001,-0.07212001,False
6209,-0.05319072,-0.008088239,False
6210,0.0053789616,0.04358211,False
6211,-0.046474397,-0.08748609,False
6212,0.046507083,0.026575632,False
6213,0.0,0.0,False
6214,0.035639293,-0.068965286,False
6215,0.015448868,-0.019017994,False
6216,0.010119233,-0.00962979,False
6217,0.060133785,0.059417307,False
6218,0.053565465,0.023461923,False
6219,-0.015261399,-0.015261399,False
6220,-0.1524533,-0.08162397,False
6221,0.013441552,-0.01000915,False
6222,-0.012915406,0.006150216,False
6223,0.08313787,-0.013563514,False
6224,-0.019472037,-0.019472037,False
6225,0.023943968,0.026764795,False
6226,-0.37590122,0.008294821,False
6227,-0.078133404,0.0026572198,False
6228,-0.086807966,-0.026622057,False
6229,0.030931354,-0.051823974,False
6230,-0.062164813,0.06302744,False
6231,0.01661086,0.04906583,False
6232,0.0,0.0,False
6233,-0.012970988,0.01366495,False
6234,0.0,0.0006998603,False
6235,-0.15929836,-0.036418855,False
6236,-0.11210966,-0.044151366,False
6237,-0.23675263,-0.018989444,False
6238,-0.0051853876,-0.0051853876,False
6239,0.031567268,-0.01026351,False
6240,0.024110042,-0.014251529,False
6241,-0.014420831,-0.014420831,False
6242,0.080663815,0.008182928,False
6243,-0.43454218,-0.048710823,False
6244,-0.04418633,-0.13638736,False
6245,0.035290197,-0.03291019,False
6246,-0.09198451,-0.07062498,False
6247,-0.117862344,-0.0070617795,False
6248,0.11086108,-0.03205134,False
6249,0.05717969,-0.034145683,False
6250,-0.0050395867,-0.0050395867,False
6251,0.0,0.0018600215,False
6252,-0.057510223,-0.08070541,False
6253,0.082362354,0.016164578,False
6254,-0.030958574,-0.006299816,False
6255,-0.036544427,0.0010753833,False
6256,-0.13188711,-0.041311234,False
6257,0.011788249,-0.031559944,False
6258,-0.051743597,0.021543637,False
6259,0.06966631,-0.03507833,False
6260,0.051836465,0.03444246,False
6261,0.39418134,-0.034007877,False
6262,-0.07940924,0.050940156,False
6263,-0.007793162,-0.027539965,False
6264,0.020592121,-0.02252697,False
6265,-0.051272422,-0.023661658,False
6266,-0.010590613,-0.056752563,False
6267,0.15133166,0.0031622648,False
6268,-0.024543792,0.00262478,False
6269,-0.06918827,-0.039774388,False
6270,-0.11297041,0.012001932,False
6271,-0.0048398376,-0.018916309,False
6272,0.065189004,-0.059391618,False
6273,-0.16674164,-0.029709369,False
6274,-0.018772649,-0.008767541,False
6275,-0.018638492,0.016912937,False
6276,0.043308437,0.014361918,False
6277,-0.04764691,0.0053700805,False
6278,0.0075709783,-0.038116198,False
6279,0.0,0.0,False
6280,0.019388555,-0.004047248,False
6281,-0.05226337,-0.05226337,False
6282,-0.023122445,-0.02692128,False
6283,0.0075712493,-0.009503207,False
6284,0.03986388,-0.020277519,False
6285,0.045080386,0.008158684,False
6286,0.010491721,0.03592225,False
6287,0.039560318,-0.02239728,False
6288,-0.060346633,0.120743275,False
6289,0.0,0.0,False
6290,0.007000208,-0.05782339,False
6291,0.0,0.0,False
6292,-0.20977634,-0.025490165,False
6293,0.0,0.0,False
6294,-0.054209113,0.0046100765,False
6295,-0.06704152,-0.055026054,False
6296,-0.7850628,-0.09060097,False
6297,-0.01390636,-0.01390636,False
6298,-0.013027564,-0.03267683,False
6299,-0.07427618,-0.057172,False
6300,0.03543037,-0.041456044,False
6301,-0.12347907,-0.11508024,False
6302,0.0,0.0,False
6303,0.017989716,-0.0035546813,False
6304,-0.03408748,-0.03408748,False
6305,0.0035493392,-0.019187814,False
6306,0.01425842,-0.028550992,False
6307,0.25736374,0.01687625,False
6308,-0.02278578,-0.02278578,False
6309,0.012015865,-0.010070634,False
6310,0.0076862276,-0.025055692,False
6311,0.021659732,-0.09406847,False
6312,-0.023605559,-0.021730702,False
6313,0.048401892,0.07718396,False
6314,0.0003318824,-0.042978395,False
6315,-0.13465916,-0.091445655,False
6316,0.0023918152,-0.029756784,False
6317,-0.15753269,-0.0014763772,False
6318,0.0,0.0041994243,False
6319,0.0,0.0,False
6320,-0.004584724,-0.004584724,False
6321,0.030588731,0.005185947,False
6322,-0.2611636,-0.17041862,False
6323,0.017764568,-0.066189766,False
6324,0.07141505,0.0056599677,False
6325,0.023698702,-0.14591694,False
6326,0.03198281,0.024260417,False
6327,-0.07314739,-0.15146093,False
6328,0.009912903,-0.010205415,False
6329,-0.82701004,-0.08938265,False
6330,-0.08771957,-0.1536176,False
6331,-0.18412542,-0.07775396,False
6332,0.048091367,-0.014100215,False
6333,0.03086155,0.022875927,False
6334,0.22553039,-0.008220196,False
6335,0.05134207,-0.056713134,False
6336,-0.08940919,-0.014672667,False
6337,0.008765101,0.044752955,False
6338,0.047534436,0.010426164,False
6339,0.03599669,-0.025266826,False
6340,-0.013165414,0.01739949,False
6341,-0.0033290386,-0.007122278,False
6342,-0.05585704,-0.020895615,False
6343,-0.0130649265,-0.033390753,False
6344,-0.04071062,-0.031013729,False
6345,-0.015527979,0.023220494,False
6346,0.009418834,-0.033427123,False
6347,0.11338568,-0.022076577,False
6348,0.16212785,-0.033476472,False
6349,0.12869844,0.027167678,False
6350,0.03729272,0.010840297,False
6351,-0.14603369,0.016831517,False
6352,0.009864867,-0.035932098,False
6353,-0.091101184,-0.09171811,False
6354,0.056726463,0.030072354,False
6355,0.013404466,-0.0050638504,False
6356,0.0,0.0,False
6357,-0.13203168,-0.053445935,False
6358,-0.024296712,-0.02377895,False
6359,-0.01887801,-0.01887801,False
6360,0.049671862,-0.007942542,False
6361,0.06341596,0.0032729357,False
6362,-0.0022073984,-0.058918387,False
6363,0.08626144,0.0012433082,False
6364,-0.07259506,0.0046318173,False
6365,-0.33560282,-0.045710206,False
6366,0.20318723,0.027952194,False
6367,-0.0053577055,-0.0053577055,False
6368,0.12087619,0.04332614,False
6369,-0.13606894,0.014735222,False
6370,0.04201597,0.0314366,False
6371,0.13894147,0.0041676164,False
6372,0.11125779,-0.02236104,False
6373,-0.14940894,-0.05392772,False
6374,-0.08205128,-0.12875843,False
6375,0.0,0.0,False
6376,-0.6464571,-0.16663194,False
6377,-0.05754125,-0.09359282,False
6378,-0.16822779,-0.027460754,False
6379,0.05222033,-0.014461428,False
6380,0.30099475,0.01960516,False
6381,-0.00972342,-0.00972342,False
6382,-0.02974987,-0.046996385,False
6383,0.0,0.0009795815,False
6384,-0.00850777,0.01830655,False
6385,0.0,0.0,False
6386,0.079760015,-0.01884079,False
6387,-0.0017472357,-0.010081657,False
6388,-0.0149968285,-0.0149968285,False
6389,-0.09560439,-0.04386553,False
6390,-0.013683277,0.013066049,False
6391,-0.0044386256,-0.0044386256,False
6392,-0.06542832,-0.043240547,False
6393,0.0407871,-1.04486,False
6394,-0.041521758,0.008145183,False
6395,-0.12636782,0.04240164,False
6396,-0.1882521,-0.12956695,False
6397,0.04449843,0.0034308173,False
6398,-0.6783128,-0.26191187,False
6399,0.21752429,0.08432174,False
6400,-0.0143380985,-0.031032335,False
6401,0.013181686,-0.07645941,False
6402,-0.008570966,-0.008570966,False
6403,-0.11770427,-0.92169863,False
6404,0.016543342,-0.004990244,False
6405,0.075552836,-0.015204981,False
6406,-0.021999367,0.017649166,False
6407,0.08743596,-0.04295063,False
6408,-0.16975933,-0.06968856,False
6409,-0.10295862,-0.03368014,False
6410,0.0052748322,-0.058362156,False
6411,-0.04125595,0.0036267042,False
6412,-0.15306294,-0.034771085,False
6413,-0.1196841,-0.19229674,False
6414,0.014465332,-0.04594195,False
6415,-0.0011031479,0.013132632,False
6416,-0.035638858,0.004581839,False
6417,-0.5642277,-0.0896703,False
6418,-0.013976634,-0.009784937,False
6419,0.13539946,-0.06492919,False
6420,-0.0046977997,0.00900578,False
6421,-0.05494401,-0.00633952,False
6422,0.027553827,-0.028190434,False
6423,0.0012136176,-0.019446082,False
6424,-0.031199234,-0.052950434,False
6425,0.0,0.0,False
6426,-0.009678155,-0.009678155,False
6427,0.022414215,0.0,False
6428,0.0,0.0,False
6429,-0.03842669,0.05129823,False
6430,0.009119622,-0.037346616,False
6431,-0.008088218,-0.008088218,False
6432,-0.085488915,-0.042235672,False
6433,-0.014797211,-0.022302032,False
6434,-0.12567477,0.0064567626,False
6435,-0.20073795,-0.20065641,False
6436,-0.013561418,-0.013561418,False
6437,0.0,0.0,False
6438,0.05517885,0.04117307,False
6439,-0.17748433,0.059924662,False
6440,-0.049636364,-0.1682918,False
6441,0.0780077,-0.020065308,False
6442,-0.021671593,-0.021671593,False
6443,-0.020626433,-0.042446177,False
6444,0.047333956,0.0968405,False
6445,-0.0116434395,-0.029662967,False
6446,-0.0072407057,-0.0072407057,False
6447,0.14799592,-0.00070600584,False
6448,0.1730299,-0.11756563,False
6449,0.014075268,-0.028085578,False
6450,-0.15065968,-0.079244405,False
6451,0.08581209,-0.051481724,False
6452,-0.0073484126,0.0002557654,False
6453,-0.0050043217,-0.0050043217,False
6454,-0.005548345,-0.0072327293,False
6455,0.14196002,0.03342843,False
6456,0.052992113,0.011504404,False
6457,-0.008541172,-0.008541172,False
6458,0.08876228,-0.33829594,False
6459,0.07103376,-0.027733356,False
6460,-0.01933688,-0.024757668,False
6461,-0.0028299391,-0.0014927387,False
6462,-0.008155326,-0.0065364647,False
6463,0.0,0.0,False
6464,-0.052542023,0.0062666684,False
6465,-0.040340632,0.004916668,False
6466,-0.26763517,0.007798791,False
6467,-0.15452564,0.008773103,False
6468,0.03847444,-0.028984016,False
6469,0.00265868,-0.014539331,False
6470,0.0,0.0,False
6471,0.0086256135,-0.013732113,False
6472,0.05270818,-0.3131186,False
6473,0.0,0.0,False
6474,0.0,0.0,False
6475,-0.0110503435,0.028330922,False
6476,-0.097089246,-0.039737344,False
6477,0.0,0.0,False
6478,-0.035449512,-0.05784545,False
6479,-0.030925795,-0.029876545,False
6480,0.0,0.0,False
6481,-0.01878824,-0.01878824,False
6482,-0.32772422,-0.027425468,False
6483,-0.0065220594,0.0011630952,False
6484,0.0,0.0,False
6485,-0.009205225,-0.009205225,False
6486,-0.28721607,-0.027912378,False
6487,0.0037892386,0.045948904,False
6488,-0.082348585,-0.033763543,False
6489,-0.020055559,-0.042600065,False
6490,0.016245537,0.0010427609,False
6491,0.114378646,0.021652494,False
6492,-0.012020357,-0.10091408,False
6493,0.08552781,-0.020239606,False
6494,-0.047784418,-0.030569524,False
6495,0.1632719,0.053485215,False
6496,-0.010210425,-0.027353227,False
6497,-0.26579273,-0.10375136,False
6498,-0.0051150434,-0.0050243344,False
6499,-0.016995968,-0.01589713,False
6500,0.039782524,-0.040411294,False
6501,0.04989463,-0.085218966,False
6502,-0.039238572,-0.037941217,False
6503,5.8412552e-05,-0.08593035,False
6504,-0.079063475,-0.083413064,False
6505,-0.011834726,-0.0761441,False
6506,0.032712772,0.08445127,False
6507,0.15174294,-0.012765408,False
6508,-0.20414996,0.002803564,False
6509,-0.24153996,-0.14218545,False
6510,0.01177894,-0.008650138,False
6511,-0.511667,-0.053103328,False
6512,0.0780375,-0.15562558,False
6513,0.06495562,0.035189845,False
6514,0.07012761,0.049277186,False
6515,-0.037542522,0.011769295,False
6516,-1.0032672,-0.16284633,False
6517,0.04247123,0.0069636106,False
6518,-0.11771965,0.0141066015,False
6519,0.21721143,0.001345098,False
6520,-0.050444484,-0.069678694,False
6521,-0.106953755,-0.010916024,False
6522,-0.053076923,0.052532762,False
6523,-0.083094895,-0.016363919,False
6524,0.12043142,-0.009420395,False
6525,0.027127266,-0.03548622,False
6526,-0.15680456,0.02885747,False
6527,-0.002808325,-0.09104946,False
6528,0.06532442,-0.044190586,False
6529,0.12710238,-0.2541263,False
6530,-0.013820174,-0.013820174,False
6531,-0.054442525,0.00551188,False
6532,0.08331859,0.036121607,False
6533,-0.049838282,0.01611866,False
6534,0.060852766,-0.3333907,False
6535,-0.011989117,-0.29652166,False
6536,0.24047375,-0.1615386,False
6537,0.23968649,0.037937164,False
6538,0.14027119,-0.33678007,False
6539,-0.075273514,0.009841204,False
6540,-0.11220884,0.08015275,False
6541,-0.15386516,-0.025579333,False
6542,0.41137505,-0.17462015,False
6543,0.12419343,-0.05360341,False
6544,0.2429266,-0.04621482,False
6545,-0.13008031,-0.083399475,False
6546,-0.0038599067,-0.003184991,False
6547,0.044974063,0.0,False
6548,0.009181312,-0.01326193,False
6549,-0.027310506,-0.027310506,False
6550,-0.19281387,-0.1466484,False
6551,0.05755663,0.083197474,False
6552,0.31655526,-0.118410826,False
6553,-0.018705437,-0.018705437,False
6554,-0.0021360628,-0.022048905,False
6555,0.13448608,0.04289627,False
6556,0.059842885,-0.0830366,False
6557,-0.1641542,0.007558629,False
6558,-0.027446687,-0.015830696,False
6559,0.031192422,-0.027624965,False
6560,-0.004650861,-0.027707094,False
6561,0.06552127,0.035054117,False
6562,0.003571242,-0.038092803,False
6563,0.12636214,-0.09431076,False
6564,-0.10810256,-0.16013122,False
6565,-0.38820815,0.043670177,False
6566,-0.041594505,-0.04068148,False
6567,-0.021567583,-0.055523396,False
6568,-0.153404,-0.14789939,False
6569,0.021248221,0.017672434,False
6570,0.03440415,-0.031127447,False
6571,-0.2563393,-0.28785968,False
6572,-0.20738721,-0.1772294,False
6573,0.22263011,0.03573838,False
6574,-0.024281919,-0.09423198,False
6575,0.04149717,-0.031181872,False
6576,0.09095323,-0.028688312,False
6577,0.0,0.0,False
6578,-0.23593664,-0.15220404,False
6579,0.20043182,0.074272275,False
6580,-0.024394076,-0.024394076,False
6581,-0.03208597,-0.044397317,False
6582,-0.01159662,-0.0024705231,False
6583,0.070485875,0.0030308366,False
6584,-0.24960113,-0.20069909,False
6585,-0.47491026,-0.11402011,False
6586,-0.028272271,-0.013330996,False
6587,-0.056275755,-0.030971661,False
6588,0.029530503,-0.034324326,False
6589,-0.1464229,-0.0024740696,False
6590,0.02062209,0.0,False
6591,0.024337053,0.010902263,False
6592,0.017057352,-0.028511208,False
6593,0.1141555,0.06616771,False
6594,-0.07409543,0.0033536851,False
6595,-0.13103127,0.019435883,False
6596,-0.022785902,-0.06385273,False
6597,-0.026802637,-0.022404902,False
6598,0.24595928,0.011382103,False
6599,-0.30118573,-0.09650099,False
6600,0.04063937,-0.019830743,False
6601,-0.02874137,-0.010081291,False
6602,0.016744658,-0.005006542,False
6603,0.2077173,0.017080665,False
6604,-0.19356722,-0.08077872,False
6605,0.0,0.0,False
6606,0.0,0.0026053216,False
6607,0.1213491,0.08119178,False
6608,0.0,0.0018915038,False
6609,-0.011326306,0.004826702,False
6610,0.08627838,0.115903795,False
6611,-0.07423553,-0.050151706,False
6612,-0.075038314,-0.0643709,False
6613,-0.17447251,0.058027267,False
6614,0.20743757,-0.024833024,False
6615,0.09432626,-0.019944549,False
6616,0.019480146,-0.06496019,False
6617,0.03839138,0.0058814585,False
6618,0.109677255,0.05575961,False
6619,-0.2712137,0.007720351,False
6620,-0.12809688,-0.0056535006,False
6621,-0.10591787,-0.089761436,False
6622,-0.20382082,0.031085014,False
6623,0.016714692,-0.07825196,False
6624,-0.23782969,-0.16750133,False
6625,-0.02620998,-0.0014197528,False
6626,0.024027526,0.024259776,False
6627,0.06860083,-0.08475357,False
6628,-0.0048315576,-0.0048315576,False
6629,0.008603599,0.04097953,False
6630,-0.31697798,-0.10890901,False
6631,0.0,0.0,False
6632,0.05559291,0.012055263,False
6633,0.18868247,0.04175809,False
6634,0.035769276,-0.026605548,False
6635,0.06394498,-0.0034853965,False
6636,-0.0009739399,-0.0020412207,False
6637,0.030855287,-0.028643146,False
6638,0.024929892,-0.053436827,False
6639,0.01203268,-0.009931173,False
6640,-0.0099627515,-0.0099627515,False
6641,-0.09275007,-0.13717604,False
6642,-0.044944704,0.013430566,False
6643,-0.060304485,-0.03107939,False
6644,-0.053317945,0.012055982,False
6645,-0.1349324,0.059108675,False
6646,0.110078245,0.009351313,False
6647,0.14253947,0.030203313,False
6648,-0.026459292,-0.019803494,False
6649,-0.042918812,-0.0071879104,False
6650,0.0,0.0,False
6651,-0.02517848,-0.016142722,False
6652,-0.96564984,-0.11326265,False
6653,0.038033612,-0.015370414,False
6654,-0.1767613,-0.020959616,False
6655,0.0058754943,-0.030860309,False
6656,-0.0886997,-0.03299123,False
6657,0.012327958,-0.0021056756,False
6658,-0.078029096,0.026626796,False
6659,-0.0038988013,-0.01831665,False
6660,0.112119734,-0.020209149,False
6661,0.0036100326,-0.010556302,False
6662,-0.08074784,-0.15480661,False
6663,-0.030648887,0.035404563,False
6664,0.003650695,0.05027564,False
6665,-0.034354985,0.0237678,False
6666,-0.1242933,0.019530028,False
6667,-0.019153215,0.007479109,False
6668,-0.036901742,-0.0071520954,False
6669,-0.02948975,-0.010264942,False
6670,0.24891356,0.008631378,False
6671,-0.06806803,-0.045283794,False
6672,0.024994537,0.007330265,False
6673,0.00052502565,-0.006393104,False
6674,-0.32547754,-0.10863191,False
6675,-0.01924172,0.067316234,False
6676,-0.05462821,0.015029296,False
6677,-0.010616908,-0.010616908,False
6678,0.34899735,0.074656725,False
6679,-0.117589,0.05355203,False
6680,0.021011781,-0.0136509845,False
6681,-0.040235646,0.018261902,False
6682,0.30626476,-0.099506974,False
6683,-0.003275305,0.030043334,False
6684,0.16935897,-0.17075562,False
6685,-0.16329846,-0.04366815,False
6686,-0.014182265,-0.014182265,False
6687,-0.031440526,0.01896301,False
6688,-0.014039676,-0.014039676,False
6689,-0.058136955,0.00022399426,False
6690,-0.029070333,-0.016245306,False
6691,0.02298461,0.0005990361,False
6692,0.0,0.0,False
6693,0.1517843,0.046605676,False
6694,0.007994559,-0.009708246,False
6695,-0.017840713,-0.014284909,False
6696,-0.0046749087,-0.0035815751,False
6697,0.057172403,-0.0038150847,False
6698,0.03642136,0.024502873,False
6699,-0.03154236,-0.022864103,False
6700,-0.07784514,-0.2101223,False
6701,-0.028628329,-0.028628329,False
6702,-0.022081923,-0.0011258498,False
6703,-0.003413568,-0.003413568,False
6704,0.052797437,-0.14728105,False
6705,-0.21837974,-0.14787245,False
6706,-0.09658989,-0.011596501,False
6707,0.02792845,0.022099894,False
6708,0.0,0.0008469183,False
6709,0.06690857,0.024347305,False
6710,-1.0343754,-0.18915486,False
6711,0.00230816,0.005823672,False
6712,-0.24287933,-0.09921941,False
6713,-0.46263158,-0.07072985,False
6714,0.012891233,-0.07496234,False
6715,-0.023491036,-0.023491036,False
6716,-0.030609012,0.048721075,False
6717,-0.06618321,-0.019585788,False
6718,-0.028871179,-0.07429671,False
6719,0.048032433,-0.0042945966,False
6720,0.083269626,0.009511799,False
6721,0.029304028,-0.0003719926,False
6722,0.026595406,0.009320825,False
6723,-0.19409725,-0.07279578,False
6724,0.01345359,-0.028653296,False
6725,0.10149822,-0.014736325,False
6726,0.03456106,0.063850634,False
6727,-0.014986167,-0.013572199,False
6728,-0.08269275,0.004888639,False
6729,-0.12534446,-0.037046432,False
6730,-0.10408509,0.013018906,False
6731,0.026152134,-0.033325076,False
6732,0.055110633,0.036069214,False
6733,-0.2028234,-0.114807606,False
6734,0.027094513,-0.029839486,False
6735,0.0076185465,-0.00065813214,False
6736,0.018886149,-0.09928587,False
6737,0.19807339,-0.08848822,False
6738,-0.008589572,-0.008589572,False
6739,0.050933696,-0.014501654,False
6740,0.10220492,0.07344514,False
6741,0.07114296,-0.034246787,False
6742,0.0652937,0.017490655,False
6743,-0.074253134,-0.021224648,False
6744,-0.0017798692,0.0011743158,False
6745,-0.028645983,-0.028645983,False
6746,-0.020111144,-0.023330532,False
6747,-0.024135858,-0.0035531595,False
6748,-0.45358154,-0.10037178,False
6749,-0.27894813,-0.17389518,False
6750,0.031143477,0.011889016,False
6751,0.058987617,-0.12311697,False
6752,0.0960964,-0.10635531,False
6753,-0.004049537,-0.004049537,False
6754,-0.13257542,-0.16546378,False
6755,-0.064190075,0.089009926,False
6756,-0.08963968,0.052102834,False
6757,-0.008780166,-0.008780166,False
6758,0.0028139725,-0.01937338,False
6759,0.02778101,0.07883942,False
6760,-0.014468566,-0.014468566,False
6761,-0.11295915,-0.09207559,False
6762,0.25829172,0.11537719,False
6763,0.0,0.0,False
6764,0.011491623,-0.004841125,False
6765,-0.0052858796,-0.0052858796,False
6766,0.0017898111,0.0009923717,False
6767,0.14404385,0.049481332,False
6768,-0.16361493,-0.1145435,False
6769,-0.0139220655,0.0029658675,False
6770,-0.08055729,-0.042771816,False
6771,-0.043162286,0.010038018,False
6772,0.027558833,0.0030053556,False
6773,0.108037055,-0.07947415,False
6774,-0.06470559,-0.038962707,False
6775,0.18574035,-0.1004591,False
6776,0.1500175,0.1385417,False
6777,0.11738999,0.017375022,False
6778,0.018476203,-0.02571629,False
6779,0.025906622,-0.01170069,False
6780,0.23324767,0.07602468,False
6781,0.1443857,0.045311213,False
6782,0.020253902,0.0,False
6783,-0.103649855,0.01175642,False
6784,0.009296872,-0.004126258,False
6785,-0.030761464,-0.031808205,False
6786,-0.043601915,-0.030210301,False
6787,-0.004892896,-0.0041532544,False
6788,-0.18072063,-0.023681104,False
6789,-0.1815046,0.105327606,False
6790,0.06132465,0.006177902,False
6791,0.008713011,-0.0053385077,False
6792,0.0,0.0,False
6793,-0.017262056,-0.017262056,False
6794,-0.2948761,-0.15035033,False
6795,0.2808106,-0.22358823,False
6796,-0.0701997,0.029986054,False
6797,-0.07161946,-0.04192727,False
6798,-0.3254552,-0.20253015,False
6799,-0.3592075,-0.09407127,False
6800,0.012018584,0.0062494725,False
6801,-0.030329987,0.010875799,False
6802,-0.014272332,-0.027092844,False
6803,0.16717821,-0.038018823,False
6804,0.19643223,0.032005906,False
6805,-0.13779217,-0.07658699,False
6806,0.019612737,-0.110483475,False
6807,0.0,0.00025572913,False
6808,0.0,0.0,False
6809,-0.15973788,-0.10949165,False
6810,0.022900045,-0.0072050095,False
6811,-0.14902431,-0.09089935,False
6812,-0.0950679,-0.05659449,True
6813,-0.10945082,-0.15463245,False
6814,-0.0035861284,-0.0003284514,False
6815,0.11611277,0.000102341175,False
6816,0.12887561,-0.05845195,False
6817,-0.28676873,-0.20598474,False
6818,0.14110139,-0.032495886,False
6819,0.056345522,-0.04063797,False
6820,0.05496636,0.0031582415,False
6821,0.047599673,-0.021330953,False
6822,0.00047791004,-0.031102061,False
6823,-0.11269474,-0.08595353,False
6824,-0.32645786,-0.06345916,False
6825,0.03002572,0.041008413,False
6826,-0.041511197,-0.041511197,False
6827,0.05044377,0.029355446,False
6828,-0.023231037,0.0034665987,False
6829,-0.010676481,-0.027419358,False
6830,0.07658383,0.0059079193,False
6831,0.0,0.0,False
6832,-0.07319574,-0.021426558,False
6833,0.017535737,0.0044908654,False
6834,-0.0074490905,-0.08670014,False
6835,-0.0050521865,0.028273918,False
6836,0.07647824,-0.249861,False
6837,-0.030937351,-0.022198029,False
6838,-0.00484168,-0.00484168,False
6839,-0.0145312315,-0.0145312315,False
6840,0.0104548745,-0.010800054,False
6841,0.040153332,0.0,False
6842,0.034029108,-0.008621038,False
6843,-0.00928112,-0.00928112,False
6844,-0.009288568,-0.0076723583,False
6845,0.1765837,0.088118166,False
6846,0.08063643,-0.039672293,False
6847,-0.016096776,-0.0061822096,False
6848,-0.00047059543,-0.003833836,False
6849,0.0,0.0,False
6850,-0.031558797,-0.04595697,False
6851,-0.12085664,-0.15621758,False
6852,-0.011399131,0.024165004,False
6853,-0.018493768,-0.018493768,False
6854,0.045448184,-0.06485081,False
6855,-0.032604896,-0.032321297,False
6856,0.013659959,-0.00974498,False
6857,-0.097112775,-0.041254967,False
6858,-0.05803004,0.006826699,False
6859,-0.035727613,-0.054937057,False
6860,0.23324513,-0.5452644,False
6861,0.23565081,0.0035105944,False
6862,-0.061274588,-0.02680111,False
6863,0.0066486765,0.012924718,False
6864,-0.07369676,-0.05525565,False
6865,0.08970993,0.0016979203,False
6866,0.11742716,0.026306942,False
6867,0.013954999,0.009561354,False
6868,0.03559856,0.005489379,False
6869,0.0,0.0,False
6870,-0.04992052,-0.027069468,False
6871,-0.017329693,-0.0101546645,False
6872,-0.037198737,-0.03251919,False
6873,-0.09389591,-0.08032167,False
6874,-0.0120355785,0.013972938,False
6875,0.03970914,-0.004862651,False
6876,-0.014464855,-0.109255075,False
6877,0.086319596,-0.007356584,False
6878,-0.0048273588,-0.0048273588,False
6879,0.0,0.0,False
6880,0.19469047,0.0114815235,False
6881,0.15011112,0.020467877,False
6882,0.25643975,0.008495748,False
6883,-0.013044141,-0.007813757,False
6884,0.07641643,-0.005908519,False
6885,-0.090230376,0.0077754855,False
6886,-0.07094741,-0.06767678,False
6887,-0.14592023,-0.026953802,False
6888,-0.055358164,-0.049088165,False
6889,-0.16086924,0.019971728,False
6890,0.09652293,-0.014297187,False
6891,-0.06449303,-0.0053016245,False
6892,-0.014846779,-0.009393111,False
6893,-0.08365917,0.06989443,False
6894,-0.104054675,-0.008969903,False
6895,-0.09241554,-0.009447902,False
6896,-0.004650339,-0.004650339,False
6897,-0.16788656,-0.06380838,False
6898,0.022586048,0.028379738,False
6899,0.006238617,-0.042489827,False
6900,0.0,0.002134006,False
6901,0.09653056,-0.13337886,False
6902,-0.073443815,-0.015055537,False
6903,0.0,0.0,False
6904,0.042345524,-0.051789165,False
6905,0.043601766,0.004539795,False
6906,-0.1906529,-0.013048649,False
6907,0.1526798,0.0077234507,False
6908,-0.008391356,0.012318138,False
6909,0.042110246,0.042941462,False
6910,0.11169797,-0.03896427,False
6911,-0.019932143,-0.040231854,False
6912,0.0,0.0,False
6913,-0.0042173397,-0.0036762427,False
6914,-0.013915395,-0.013915395,False
6915,-0.0053437157,-0.0053437157,False
6916,0.02154914,0.0,False
6917,-0.009234965,-0.009234965,False
6918,0.03870704,-0.0044765156,False
6919,0.068756476,0.05482374,False
6920,0.11948414,0.05341226,False
6921,-0.006588295,0.041213825,False
6922,0.029477537,0.025462136,False
6923,-0.04851782,0.011868283,False
6924,-0.52731824,-0.057736397,False
6925,-0.06353129,-0.06353129,False
6926,0.028677844,-0.014632291,False
6927,-0.15263745,-0.019781008,False
6928,0.014279902,-0.091653526,False
6929,0.030364446,0.024646401,False
6930,0.0,0.0007044285,False
6931,0.020274667,-0.0005710907,False
6932,0.0,0.0,False
6933,0.05180317,0.10087609,False
6934,0.0,0.0,False
6935,0.39081442,0.014313459,False
6936,0.13212362,0.06481319,False
6937,-0.016925216,0.0073984414,False
6938,-0.014328591,0.0039417846,False
6939,0.045024455,-0.05674213,False
6940,0.1682781,0.03248474,False
6941,0.0,0.0,False
6942,0.0,0.001800319,False
6943,-0.042043425,-0.01401706,False
6944,0.05003789,-0.010448802,False
6945,-0.020029046,-0.020029046,False
6946,0.025036685,-0.062899694,False
6947,0.21234214,0.06428087,False
6948,-0.054291755,-0.014324784,False
6949,-0.027245775,0.050823636,False
6950,-0.009567494,-0.007730798,False
6951,0.0,0.0,False
6952,-0.25623715,-0.069111764,False
6953,-0.0035024756,-0.0035024756,False
6954,-0.06479322,-0.009497181,False
6955,-0.040337563,0.034847528,False
6956,0.23577288,0.1128501,False
6957,0.0,0.0003021782,False
6958,-0.05419898,0.025684595,False
6959,0.013669699,-0.008569958,False
6960,-0.053366706,-0.026436143,False
6961,0.021071851,-0.056067705,False
6962,-0.15758574,-0.07964194,False
6963,-0.0109244585,-0.030177712,False
6964,0.014651857,-0.008826304,False
6965,0.0,0.0,False
6966,-0.0013463758,0.0038083363,False
6967,-0.14290613,-0.0147432685,False
6968,-0.010098163,-0.007164982,False
6969,-0.046515167,0.028290153,False
6970,0.09702848,0.030478999,False
6971,0.20038885,0.038308322,False
6972,0.033914402,-0.018904272,False
6973,-0.029668778,-0.114655375,False
6974,0.00529024,-0.056513816,False
6975,-0.079594225,-0.006884694,False
6976,0.0069949254,-0.038542278,False
6977,-0.034225125,0.009132154,False
6978,-0.07830447,-0.0073805153,False
6979,-0.013803635,0.0008961102,False
6980,0.012956815,-0.0025714096,False
6981,0.027929991,0.029212415,False
6982,0.07443688,0.011143878,False
6983,-0.009848678,-0.009848678,False
6984,-0.10941985,-0.048644423,False
6985,0.0,0.00011370842,False
6986,-0.07299773,-0.16292459,False
6987,0.0,0.0,False
6988,0.050076157,-0.01013127,False
6989,-0.026826367,-0.029934049,False
6990,0.049254,0.0065681078,False
6991,0.0075587556,-0.031993203,False
6992,0.0726663,0.02219385,False
6993,-0.018258318,-0.06257207,False
6994,-0.015247533,-0.032478154,False
6995,-0.030718744,0.019646555,False
6996,0.06727434,-0.01868503,False
6997,-0.0543153,-0.029815242,False
6998,-0.012168864,-0.010747909,False
6999,0.0,0.0,False
7000,0.48976207,0.15240288,False
7001,0.04289508,-0.07980156,False
7002,0.03804517,-0.004936444,False
7003,0.011714131,-0.040792376,False
7004,0.022426767,0.0,False
7005,0.05004978,-0.04059565,False
7006,-0.0155752,-0.08191236,False
7007,-0.009222481,-0.009222481,False
7008,0.012964606,-0.044270575,False
7009,0.084403425,0.027106822,False
7010,-0.12863642,-0.065484494,False
7011,-0.052118063,-0.030140162,False
7012,-0.16511106,0.013134301,False
7013,0.04618326,-0.013836116,False
7014,0.02294707,0.0,False
7015,0.09940475,0.044594765,False
7016,-0.15767044,-0.09087339,False
7017,0.002540756,-0.019071195,False
7018,0.018688494,0.00051724166,False
7019,-0.06291947,-0.08514944,False
7020,0.012166232,-0.033849373,False
7021,-0.0037524558,-0.0037524558,False
7022,0.014483743,-0.008785714,False
7023,0.06166563,0.004115632,False
7024,0.0,0.0,False
7025,0.0,0.0,False
7026,-0.091435656,0.047474533,False
7027,-0.035479426,-0.12661374,False
7028,-0.03460294,-0.06115675,False
7029,0.049663648,-0.009446295,False
7030,0.016088808,0.0,False
7031,0.023243288,0.013454264,False
7032,-0.0092988135,-0.0092988135,False
7033,-0.040475868,0.004641004,False
7034,-0.0042979857,-0.0042979857,False
7035,0.07144299,-0.013789994,False
7036,0.008116271,0.0032818504,False
7037,-0.02619313,-0.02619313,False
7038,0.023674104,0.068388745,False
7039,-0.0059490427,-0.02860763,False
7040,0.022433544,0.0,False
7041,0.044771522,0.001339525,False
7042,-0.20458609,-0.11870617,False
7043,0.03545274,0.0019799098,False
7044,-0.05487722,-0.12369269,False
7045,-0.015039219,0.0059357993,False
7046,-0.004652436,-0.004652436,False
7047,0.04466343,-0.030065417,False
7048,-0.11421676,0.004364848,False
7049,0.025354683,0.022524446,False
7050,-0.034703806,-0.043214217,False
7051,0.052668616,-0.016950846,False
7052,0.006615147,-0.00885167,False
7053,-0.03372247,-0.03372247,False
7054,-0.00057302415,0.04836315,False
7055,-0.026869237,-0.03703419,False
7056,-0.28853244,-0.122277796,False
7057,-0.0033612326,-0.021974117,False
7058,0.021903783,-0.008466385,False
7059,-0.022561997,-0.0476363,False
7060,-0.09235241,-0.029966205,False
7061,-0.0073983073,-0.0065150466,False
7062,-0.059337676,-0.060916483,False
7063,-0.018384421,-0.018384421,False
7064,-0.0085083125,-0.0059142886,False
7065,0.0,0.0,False
7066,-0.04476838,-0.040396497,False
7067,-0.08094749,-0.019315422,False
7068,-0.13119149,-0.05818495,False
7069,-0.099369764,-0.027279615,False
7070,-0.05484873,-0.04641229,False
7071,-0.20996955,0.00087186694,False
7072,0.007244287,0.0016944483,False
7073,0.039076455,-0.0003129989,False
7074,0.2580573,-0.08614862,False
7075,0.034241185,0.004303679,False
7076,-0.09397897,-0.069275916,False
7077,0.042200983,-0.024551734,False
7078,0.051321164,-0.02637285,False
7079,0.0616827,0.003876686,False
7080,-0.0024613738,-0.02602132,False
7081,0.051391236,-0.01387044,False
7082,0.028349284,-0.016001943,False
7083,0.101225846,0.02257885,False
7084,-0.10830659,-0.04479575,False
7085,-0.264192,-0.2531141,False
7086,0.034461625,-0.019495498,False
7087,-0.005059615,-0.011857327,False
7088,0.015334491,-0.0028586204,False
7089,-0.0046131206,-0.0046131206,False
7090,-0.08002129,0.052076265,False
7091,-0.09610975,-0.106701076,False
7092,0.0044409335,-0.0014845431,False
7093,-0.02796626,0.012532324,False
7094,0.02566287,-0.04030773,False
7095,0.0090579195,0.025308747,False
7096,0.036648095,-0.07629669,False
7097,0.012583494,-0.012476742,False
7098,-0.0793241,0.034150988,False
7099,-0.02751077,-0.009794194,False
7100,-0.022807367,0.01767939,False
7101,0.035866193,-0.018817814,False
7102,-0.028666327,-0.028666327,False
7103,-0.025106892,0.0069943964,False
7104,0.03845193,0.026737977,False
7105,0.037012696,0.0033925772,False
7106,0.05575809,-0.040581465,False
7107,0.12574297,-0.04909277,False
7108,-0.013048291,-0.04106807,False
7109,-0.02130699,0.004255209,False
7110,0.008903358,-0.05218633,False
7111,0.06946635,0.08318162,False
7112,-0.020016866,-0.020016866,False
7113,-0.13847049,-0.005294293,False
7114,0.05028695,-0.025007606,False
7115,0.011767924,-0.08248049,False
7116,-0.03725651,0.018105447,False
7117,-0.009907679,-0.009907679,False
7118,0.30047092,-0.023641318,False
7119,0.26798913,0.036772966,False
7120,-0.06860661,-0.06729052,False
7121,-0.046541203,-0.0028360263,False
7122,0.009568147,0.005867824,False
7123,-0.016131163,-0.0036200285,False
7124,-0.047043175,0.013201237,False
7125,-0.018023426,0.010026269,False
7126,0.08652401,0.06627256,False
7127,0.032595247,-0.009390041,False
7128,0.005630195,-0.034574702,False
7129,0.07500008,-0.061881304,False
7130,0.11965209,-0.04197043,False
7131,-0.07564089,-0.017665923,False
7132,0.08503564,0.009732693,False
7133,-0.019208401,0.0005976856,False
7134,0.010093257,0.04530251,False
7135,0.04690203,0.012675554,False
7136,-0.30775225,-0.16304779,False
7137,-0.15827394,-0.101233244,False
7138,-0.08326626,-0.021745294,False
7139,0.29155457,0.08196157,False
7140,0.03272605,-0.018884301,False
7141,-0.19108588,-0.026564837,False
7142,-0.0665468,0.017268747,False
7143,0.004575195,-0.018875508,False
7144,0.02002263,-0.00043529272,False
7145,0.06581354,-0.04177916,False
7146,0.039276466,-0.20924631,False
7147,0.048744727,-0.01013267,False
7148,-0.0049898075,-0.0049898075,False
7149,-0.004912303,-0.004912303,False
7150,-0.010418534,-0.020396173,False
7151,0.15329742,-0.062000692,False
7152,-0.064042985,-0.032239854,False
7153,0.042770322,0.0,False
7154,0.0049776305,-0.014854353,False
7155,-0.00877778,-0.007289134,False
7156,0.0,0.0,False
7157,-0.037340783,-0.03627064,False
7158,-0.13118887,-0.17533481,False
7159,-0.06487717,-0.022163704,False
7160,-0.05263006,-0.06895427,False
7161,0.2444464,0.080640495,False
7162,0.10455218,0.088231504,False
7163,0.10717131,0.021046147,False
7164,0.073629126,0.019375503,False
7165,-0.26679373,-0.16825664,False
7166,0.4152162,-0.2301724,False
7167,0.062182486,0.07943013,False
7168,0.32738733,-0.08677113,False
7169,-0.17936915,-0.049147725,False
7170,0.091991186,-0.029183626,False
7171,0.3154276,0.033488214,False
7172,-0.0035024756,0.0006527733,False
7173,-0.029291868,-0.09846997,False
7174,0.041259415,-0.012020078,False
7175,-0.35871887,-0.27483535,False
7176,-0.4790082,-0.25221312,False
7177,0.14387262,0.006387472,False
7178,0.09562473,-0.02875498,False
7179,-0.027821004,-0.01909908,False
7180,-0.044343054,-0.001397565,False
7181,-0.009752169,-0.012913004,False
7182,0.051439792,0.012268037,False
7183,-0.09237021,-0.019678742,False
7184,-0.08484016,-0.060866967,False
7185,-0.017743498,0.012095571,False
7186,-0.12033306,-0.062751204,False
7187,-0.012997462,-0.012997462,False
7188,-0.33410043,-0.03942454,False
7189,0.04020623,0.02977831,False
7190,0.0,0.0060714683,False
7191,0.09944713,0.014480054,False
7192,0.0,0.0012872878,False
7193,0.02298794,0.0,False
7194,0.042259336,-0.03471315,False
7195,-0.109027505,0.027254462,False
7196,-0.01859165,0.010193117,False
7197,-0.19347852,-0.15367913,False
7198,-0.049029067,-0.012097549,False
7199,-0.010129242,-0.010129242,False
7200,0.0,0.0,False
7201,-0.00726413,-0.024338586,False
7202,0.016294496,0.0,False
7203,-0.033392783,-0.033392783,False
7204,0.012238899,-0.029161582,False
7205,0.10436368,-0.010475637,False
7206,0.071304314,-0.011366494,False
7207,-0.0090902215,-0.0042662383,False
7208,0.022307098,0.01574266,False
7209,-0.11694193,0.026169538,False
7210,-0.010810813,-0.034568876,False
7211,-0.007938467,0.008365221,False
7212,-0.22536239,-0.025860965,False
7213,-0.07959576,-0.018024981,False
7214,0.341757,0.04896927,False
7215,-0.0051902775,-0.0036624135,False
7216,0.063551724,-0.019318417,False
7217,-0.040563773,-0.027840681,False
7218,0.0,0.0,False
7219,-0.02517979,-0.035016187,False
7220,0.016758867,0.012506999,False
7221,0.096402526,-0.06939912,False
7222,0.07071893,0.0076302737,False
7223,0.048044533,0.02654028,False
7224,0.015338719,-0.002248019,False
7225,-0.019705411,-0.005349148,False
7226,0.052112177,0.00046016648,False
7227,0.0,0.0,False
7228,-0.12627995,-0.09483206,False
7229,0.0012332872,0.051657695,False
7230,0.02453494,-0.02319479,False
7231,0.024594724,-0.014704638,False
7232,0.035809286,-0.023519294,False
7233,-0.013585754,0.0006241128,False
7234,-0.0097487485,-0.0097487485,False
7235,0.06807524,0.06892675,False
7236,-0.05369167,-0.058509365,False
7237,-0.15790993,-0.044712126,False
7238,0.022464156,-0.009530544,False
7239,0.026585963,-0.04207729,False
7240,-0.09535384,0.10763991,False
7241,-0.20394802,-0.2798748,False
7242,-0.035464883,-0.03760177,False
7243,-0.14357299,-0.007886022,False
7244,-0.03417731,-0.03417731,False
7245,0.14438975,-0.103640914,False
7246,-0.018609343,-0.018609343,False
7247,-0.04935997,-0.0047679245,False
7248,0.009465218,0.008909576,False
7249,0.057863183,-0.0076401457,False
7250,-0.08521891,-0.017424703,False
7251,-0.009765491,0.0074201524,False
7252,-0.008471847,-0.12159455,False
7253,-0.16612864,0.0016418695,False
7254,-0.004804872,-0.004804872,False
7255,-0.016787589,-0.06351559,False
7256,0.008341186,-0.014724862,False
7257,0.0,0.0,False
7258,0.038632058,0.012561078,False
7259,0.034750618,0.025166636,False
7260,0.10552588,0.023876607,False
7261,0.00356959,-0.019460758,False
7262,-0.008750873,-0.008750873,False
7263,0.008074662,-0.022301927,False
7264,0.03579605,-0.009558546,False
7265,0.0,0.0,False
7266,0.009892318,-0.012465408,False
7267,0.019227073,-0.0036606796,False
7268,-0.14310026,-0.058992565,False
7269,-0.021806508,-0.03501311,False
7270,-0.2519642,-0.09148139,False
7271,0.21398908,0.09737116,False
7272,0.0,0.0,False
7273,0.056819886,0.0023493469,False
7274,0.013497446,-0.008815836,False
7275,-0.03507573,0.039797574,False
7276,0.022134813,0.0,False
7277,0.0074485987,0.011888102,False
7278,-0.029637203,0.010163099,False
7279,-0.00494222,-0.001467813,False
7280,-0.006321542,-0.043171532,False
7281,-0.07543814,-0.01844114,False
7282,0.11058116,-0.00025695562,False
7283,0.02825085,-0.01695763,False
7284,-0.056919694,-0.16025281,False
7285,-0.017835137,-0.0061913356,False
7286,-0.027872622,0.010983288,False
7287,-0.062972516,-0.062972516,False
7288,-0.020368584,-0.09130228,False
7289,-0.13864505,-0.024404645,False
7290,-0.009628316,-0.009628316,False
7291,-0.06517966,-0.015074916,False
7292,0.053651575,-0.0025553089,False
7293,-0.008376463,-0.008376463,False
7294,0.0018360913,-0.050825626,False
7295,0.18999815,-0.32944155,False
7296,0.040497765,-0.12044625,False
7297,-0.08150117,-0.038992077,False
7298,-0.29392374,-0.09486413,False
7299,0.008533344,0.0073805396,False
7300,-0.10030255,-0.010228336,False
7301,0.0028677061,0.003006842,False
7302,-0.009343208,-0.009343208,False
7303,0.09700209,0.09088391,False
7304,-0.01303467,-0.00467805,False
7305,-0.05486107,-0.054244757,False
7306,-0.062753335,-0.018919673,False
7307,0.017395288,-0.023834556,False
7308,0.002561776,-0.017351067,False
7309,0.04648064,-0.019095486,False
7310,-0.00826209,-0.023887862,False
7311,-0.040087175,-0.035679728,False
7312,0.0,0.0,False
7313,-0.013171434,0.073035,False
7314,-0.060385212,-0.011821479,False
7315,-0.014155322,0.014362683,False
7316,0.0,0.00024715532,False
7317,0.009305693,-0.0034329575,False
7318,-0.0032947345,-0.0032947345,False
7319,-0.00883026,-0.00883026,False
7320,0.012759618,-0.009654596,False
7321,0.0,0.0,False
7322,0.031233162,0.04079108,False
7323,-0.031067252,-0.010321379,False
7324,0.0380823,0.010966957,False
7325,0.019726664,-0.013894707,False
7326,0.018449055,-0.004761348,False
7327,-0.18471384,-0.005574167,False
7328,0.09019399,0.0029468536,False
7329,-0.06535794,0.006202996,False
7330,0.014635563,-0.004896036,False
7331,-0.11240393,-0.060723603,False
7332,-0.23887931,-0.009570152,False
7333,0.021456175,-0.056480825,False
7334,0.17453241,-0.2608316,False
7335,0.0039492548,0.0014605522,False
7336,0.0,0.0021870306,False
7337,-0.018272609,0.002422601,False
7338,-0.022894353,-0.03773719,False
7339,0.05308346,0.0058231615,False
7340,-0.004682475,-0.004682475,False
7341,-0.019421687,-0.019421687,False
7342,-0.005169541,-0.005169541,False
7343,-0.03836747,-0.061268635,False
7344,-0.0064418316,-0.023516288,False
7345,0.015698403,0.024103235,False
7346,0.059502512,0.027581513,False
7347,0.00803192,0.017580345,False
7348,-0.013419296,-0.013419296,False
7349,-0.007170612,-0.026133332,False
7350,-0.010090812,-0.00848433,False
7351,0.042288408,-0.0021378994,False
7352,0.008513093,0.04648429,False
7353,0.032981575,0.019513682,False
7354,0.0697276,0.0069484115,False
7355,0.0,0.0,False
7356,-0.18856406,-0.016148806,False
7357,-0.004810754,-0.004810754,False
7358,0.013271093,0.021665394,False
7359,-0.029848516,-0.11120504,False
7360,0.0064464062,-0.013807496,False
7361,-0.01910919,-0.10605818,False
7362,0.0,0.0,False
7363,0.075369954,0.07679343,False
7364,-0.022458704,-0.022458704,False
7365,-0.019043662,0.065005355,False
7366,-0.03133146,-0.03133146,False
7367,-0.003967165,0.0019075926,False
7368,0.0,0.0,False
7369,-0.004828062,-0.014003406,False
7370,0.019151777,-0.03223476,False
7371,0.0,0.0,False
7372,-0.005279843,-0.004540736,False
7373,-0.03457637,-0.03457637,False
7374,-0.09983274,-0.078240395,False
7375,0.03692977,-0.027822942,False
7376,0.024231419,0.011999436,False
7377,-0.024167044,-0.0018336456,False
7378,0.030901074,-0.11179149,False
7379,0.0,0.0,False
7380,0.019599611,-0.00437174,False
7381,-0.009269987,-0.0070507657,False
7382,-0.107969984,-0.017837122,False
7383,0.0063307732,0.019531965,False
7384,0.0,0.0,False
7385,0.03902647,-0.051541075,False
7386,-0.0050035464,-0.0050035464,False
7387,0.02000791,-0.023237942,False
7388,-0.02170094,-0.02170094,False
7389,0.040202618,-0.03675461,False
7390,0.0,0.0,False
7391,0.00054861605,0.050604522,False
7392,-0.004879865,-0.004879865,False
7393,0.0,0.0,False
7394,0.0,0.0,False
7395,0.0,0.0,False
7396,0.0,0.0,False
7397,-0.0140452385,-0.03800583,False
7398,-0.00956467,-0.008379667,False
7399,-0.03169349,-0.04973948,False
7400,-0.044251025,-0.07687384,False
7401,-0.06767014,0.018042058,False
7402,0.22739923,0.03244567,False
7403,-0.21910417,-0.030331254,False
7404,-0.034147292,0.07142103,False
7405,-0.11833587,-0.08791542,False
7406,-0.054544955,-0.06043321,False
7407,0.014430676,-0.042141896,False
7408,-0.022662103,0.035063803,False
7409,0.05545783,0.004466772,False
7410,-0.20784426,-0.08597827,False
7411,0.09209401,0.04624597,False
7412,-0.11446929,0.036686897,False
7413,-0.030941706,0.0147611685,False
7414,-0.21700737,-0.0029814243,False
7415,-0.004818657,-0.004818657,False
7416,0.010827381,0.004070498,False
7417,0.049218,0.020562887,False
7418,-0.11175132,0.010592878,False
7419,0.10530077,-0.047271535,False
7420,-0.012816675,-0.031424023,False
7421,0.07001668,0.0013817251,False
7422,-0.21812785,-0.11388922,False
7423,0.14842604,0.052576765,False
7424,0.070923835,-0.064490125,False
7425,0.036012866,-0.019372657,False
7426,0.32591677,-0.073417425,False
7427,-0.0048235413,-0.0046114,False
7428,0.2760702,0.043401033,False
7429,-0.012600973,-0.08612575,False
7430,-0.08359837,-0.019661019,True
7431,0.056070328,0.1011613,False
7432,-0.2596321,0.054614544,False
7433,0.02386406,0.0013786664,False
7434,-0.0042354157,-0.0029481077,False
7435,0.03155146,-0.0006635636,False
7436,-0.009734121,-0.008548569,False
7437,0.08657321,-0.055187467,False
7438,0.0,0.0023961838,False
7439,-0.08327368,-0.017290518,False
7440,-0.018621305,-0.012391191,False
7441,-0.14628392,-0.07219446,False
7442,-0.21325243,-0.10620737,False
7443,-0.081659555,-0.031187057,False
7444,0.05450426,-0.00026866794,False
7445,-0.07348111,0.052476764,False
7446,0.08539246,0.014379568,False
7447,-0.053359613,-0.06729691,False
7448,-0.0049782842,-0.016498763,False
7449,-0.093952075,0.0036996007,False
7450,0.14882094,-0.049010932,False
7451,0.045840025,-0.022258032,False
7452,0.24851179,-0.072747946,False
7453,-0.018217057,-0.037153482,False
7454,-0.041582406,-0.04784417,False
7455,-0.103678614,-0.048357606,False
7456,0.2551931,-0.22867501,False
7457,-0.10988736,-0.0344854,False
7458,-0.05770111,-0.0019960105,False
7459,0.012064854,-0.008843528,False
7460,-0.057759285,-0.0006816536,False
7461,-0.45872176,-0.14664865,False
7462,0.011951096,0.008650504,False
7463,-0.043186188,0.019340992,False
7464,0.00081568956,-0.032769144,False
7465,0.0,0.0,False
7466,0.027484663,-0.012281045,False
7467,-0.01873482,-0.013194978,False
7468,0.07190412,-0.014154851,False
7469,-0.09969786,-0.000417158,False
7470,-0.043133676,-0.024142042,False
7471,0.027969554,0.006566018,False
7472,-0.012055457,-0.10105699,False
7473,0.12314129,0.005546212,False
7474,-0.057395548,-0.055933416,False
7475,0.013026755,0.00023688003,False
7476,-0.18966371,-0.010820508,False
7477,-0.14605242,-0.04851851,False
7478,0.022509128,0.04721225,False
7479,-0.10559927,0.053699225,False
7480,0.09720564,-0.0355739,False
7481,0.044728816,0.007846564,False
7482,0.040192857,-0.0076249465,False
7483,-0.20806256,-0.079440445,False
7484,0.17107198,-0.035786957,False
7485,-0.62196684,-0.17759562,False
7486,-0.13632965,-0.14858627,False
7487,-0.052369714,-0.008057117,False
7488,0.042265177,0.11832005,False
7489,-0.00523238,-0.00523238,False
7490,-0.052437544,0.08061981,False
7491,-0.08758792,0.033563495,False
7492,-0.08525151,0.031470954,False
7493,0.0,0.0003836538,False
7494,-0.081441514,-0.10401423,True
7495,-0.0050979126,-0.0047602598,False
7496,-0.009533556,-0.0077855657,False
7497,0.18294764,-0.23195457,False
7498,0.0,0.0,False
7499,0.017705955,0.020372994,False
7500,-0.06264059,0.007414162,False
7501,0.005976692,-0.012274623,False
7502,-0.033680387,-0.011887707,False
7503,0.028335946,-0.017536836,False
7504,0.030597296,-0.017845564,False
7505,-0.0040650247,-0.0037943376,False
7506,0.0,0.0,False
7507,0.06034231,-0.06959355,False
7508,-0.094435215,0.061371505,False
7509,-0.095822215,0.03822273,False
7510,-0.13167186,-0.0008545667,False
7511,-0.13763824,-0.12066156,False
7512,-0.033332735,0.0056945384,False
7513,-0.029291168,-0.029291168,False
7514,-0.0084461905,-0.029276328,False
7515,-0.06203091,-0.0053838193,False
7516,-0.038668755,-0.011784179,False
7517,-0.055378973,0.013393521,False
7518,-0.0050830343,-0.0050830343,False
7519,-0.192934,-0.14987463,False
7520,0.036217928,0.025543034,False
7521,-0.05159764,-0.008479044,False
7522,-1.4687183,-0.24157564,True
7523,-0.14168712,0.034498982,True
7524,-0.82304597,-0.26077986,False
7525,-0.24564773,-0.059007883,False
7526,-1.045466,-0.27303457,False
7527,-0.75743425,-0.16422033,False
7528,-0.28226665,0.033529937,False
7529,-0.35567832,-0.12978423,False
7530,-0.0070341243,-0.0055807456,False
7531,-0.037112355,-0.038683712,False
7532,-0.28530073,-0.26077008,False
7533,-0.07894191,0.056529194,False
7534,0.045748666,0.0204532,False
7535,0.023671985,0.0033187866,False
7536,-0.10798764,0.09329909,False
7537,0.046535626,0.051859543,False
7538,-0.15510884,-0.07312101,False
7539,0.02899237,-0.033965364,False
7540,0.01395967,-0.028805977,False
7541,0.06704879,0.052494407,False
7542,0.04957843,-0.0300169,False
7543,-0.0033567138,-0.001621615,False
7544,-0.07529798,-0.082316756,False
7545,0.15486309,-0.024719298,False
7546,-0.0046281735,-0.0046281735,False
7547,0.03417118,-0.017069548,False
7548,-0.03217767,0.13501136,False
7549,0.07390776,-0.031230956,False
7550,0.0,0.0,False
7551,0.030009657,0.07687688,False
7552,-0.0051479694,-0.0051479694,False
7553,0.04713399,-0.058198646,False
7554,-0.028381646,-0.0067189336,False
7555,0.034179926,-0.18925524,False
7556,0.04638049,0.0032710433,False
7557,0.008192535,-0.012645294,False
7558,0.01402531,0.006661067,False
7559,-0.07620639,0.0225151,True
7560,-0.0049826372,-0.0049826372,False
7561,0.06530826,0.0281301,False
7562,0.034290254,-0.029387265,False
7563,-0.0866023,-0.0098685175,False
7564,-0.23392797,-0.050238848,False
7565,-0.21715087,-0.04944858,False
7566,-0.003396079,0.049084738,False
7567,-0.2059494,-0.061481684,False
7568,0.0003845282,-0.018740654,False
7569,0.20321786,0.03688675,False
7570,0.006140693,-0.0037560007,False
7571,-0.14442915,-0.026594758,False
7572,-0.13178849,0.032193333,False
7573,0.07093248,0.04681751,False
7574,-0.11592428,-0.0016369075,False
7575,-0.021158367,-0.035325825,False
7576,-0.00916167,-0.00916167,False
7577,-0.06337446,0.08928311,False
7578,-0.28803802,-0.095111966,False
7579,-0.041994035,0.039020777,False
7580,-0.03383865,-0.016907591,False
7581,0.031610966,-0.06757462,False
7582,0.019921452,0.01931712,False
7583,0.016728349,0.017209448,False
7584,-0.23017263,-0.08817077,False
7585,-0.28441596,-0.24284232,False
7586,0.02306525,-0.0041261725,False
7587,-0.023687748,0.01874444,False
7588,-0.023270361,-0.08947115,False
7589,0.00763107,-0.0107106995,False
7590,-0.028521985,-0.0592705,False
7591,-0.004155696,-0.004155696,False
7592,0.026890993,-0.091622114,False
7593,0.009681553,0.014380701,False
7594,-0.004730204,-0.027144419,False
7595,-0.019651055,0.054886743,False
7596,-0.1645971,0.0026214719,False
7597,-0.08861622,0.0025953054,False
7598,-0.06492931,0.009789288,False
7599,0.040718585,-0.06236735,False
7600,-0.038805127,0.112633705,False
7601,0.0,0.0,False
7602,-0.049095154,-0.09727451,False
7603,0.015004279,-0.009839694,False
7604,0.008761035,-0.0032517947,False
7605,-0.023347318,-0.116963476,False
7606,-0.006774869,-0.015075457,False
7607,0.1689426,0.006837636,False
7608,-0.060269594,-0.07633448,False
7609,-0.006467784,-0.023267945,False
7610,-0.015085489,0.0073240995,False
7611,0.02191101,-0.032945476,False
7612,-0.019344486,-0.011003241,False
7613,0.09239389,-0.037462845,False
7614,-0.0050395867,-0.0050395867,False
7615,-0.004638302,-0.004638302,False
7616,-0.053720742,-0.058366135,False
7617,0.17315519,-0.03183043,False
7618,0.0,0.0,False
7619,0.0,0.0,False
7620,-0.0013128463,-0.02344226,False
7621,-0.028499959,-0.028499959,False
7622,0.004097581,0.04993874,False
7623,0.0,0.0,False
7624,0.0,0.0,False
7625,0.06997673,0.03253743,False
7626,0.035871983,-0.0015932918,False
7627,-0.01184684,-0.009895995,False
7628,0.14240387,0.07027671,False
7629,-0.038169928,-0.01069935,False
7630,0.0,0.0,False
7631,-0.0045929668,-0.0045929668,False
7632,-0.19773108,-0.104240835,False
7633,0.062251635,0.011095285,False
7634,-0.018788427,-0.0220128,False
7635,0.0834806,0.07311046,False
7636,-0.04760152,0.014577627,False
7637,0.017054033,-0.027086008,False
7638,0.5071566,-0.04436612,False
7639,-0.014051824,-0.014051824,False
7640,-0.065840244,-0.013504267,False
7641,0.0,0.0,False
7642,0.010771871,0.042011857,False
7643,0.021334969,0.0009747818,False
7644,-0.012017727,-0.034748435,False
7645,0.13948214,0.020437956,False
7646,-0.26937032,-0.100157976,False
7647,0.15047967,0.021354318,False
7648,0.08375943,0.25896084,False
7649,-0.013489723,-0.18439603,False
7650,-0.41164994,-0.19818807,False
7651,0.0019769687,-0.018276934,False
7652,-0.0050127856,-0.004235537,False
7653,0.21638331,0.075616,False
7654,0.019005138,-0.0047529237,False
7655,-0.053803325,-0.057752967,False
7656,0.046577513,-0.13542902,False
7657,0.029716007,-0.016221792,False
7658,-0.33431822,-0.22085613,False
7659,0.055794053,-0.10307259,False
7660,-0.17516357,0.044122458,False
7661,-0.048856318,-0.026674807,False
7662,0.027296782,0.004409075,False
7663,-0.03299135,-0.020056278,False
7664,0.08674827,0.024564922,False
7665,0.089285016,-0.034324378,False
7666,0.0191143,-0.009883858,False
7667,-0.14548975,-0.03764361,False
7668,0.32715845,0.023249626,False
7669,0.08473581,-0.01408869,False
7670,0.094655395,0.047180116,False
7671,-0.039160475,-0.05219245,False
7672,-0.0006251782,0.032524005,False
7673,-0.11352943,-0.05762007,False
7674,-0.012645185,-0.04192108,False
7675,0.0786525,0.032541454,False
7676,0.00369519,0.019371007,False
7677,0.2099773,0.053711325,False
7678,0.087473094,0.06843054,False
7679,0.029446345,-0.01123765,False
7680,0.0,0.0,False
7681,-0.18424511,-0.019219875,False
7682,-0.08348906,-0.060795784,False
7683,0.024511756,-0.008689487,False
7684,-0.004335512,-0.002751423,False
7685,-0.05159262,-0.052472122,False
7686,-0.19431162,-0.2577033,False
7687,-0.014572866,-0.014572866,False
7688,-0.098008394,-0.12093791,False
7689,-0.075375795,0.046435833,False
7690,-0.066847876,0.0063981637,False
7691,-0.04924202,-0.068608284,False
7692,-0.56953084,-0.0851959,False
7693,-0.019594908,-0.097426414,False
7694,-0.08404261,-0.24492867,False
7695,-0.02745837,-0.02118364,False
7696,0.054646194,-0.27084997,False
7697,0.07066882,0.07312691,False
7698,-0.033526897,0.017571688,False
7699,0.15155673,-0.017044783,False
7700,0.056654945,-0.059733935,False
7701,-0.13185996,-0.03278835,False
7702,-0.062885016,0.031531632,False
7703,-0.104037136,-0.031398058,False
7704,-0.014918566,-0.010203838,False
7705,0.06270987,0.040535867,False
7706,0.043046623,0.09036693,False
7707,-0.007597582,-0.007597582,False
7708,-0.123640984,-0.028208673,False
7709,-0.023305565,-0.02428843,False
7710,-0.13166112,-0.006114602,False
7711,-0.049083203,-0.052682936,False
7712,0.033700764,0.06099403,False
7713,0.33022347,0.02318564,False
7714,-0.00036839023,-0.01926258,False
7715,-0.0487924,0.06388755,False
7716,-0.07804577,-0.0027087033,False
7717,-0.12391515,0.012363851,False
7718,-0.19599633,0.05636391,False
7719,-0.004706676,-0.004706676,False
7720,0.020393498,-0.0027285218,False
7721,-0.0025425684,0.023433967,False
7722,-0.106288224,-0.060194492,False
7723,-0.16182137,-0.030492306,False
7724,0.0585936,0.031594217,False
7725,0.0,0.0006153138,False
7726,-0.004478243,-0.004478243,False
7727,0.0,0.0,False
7728,0.011501391,-0.004876203,False
7729,-0.029946208,-0.0042476654,False
7730,-0.0033912933,-0.0033912933,False
7731,-0.40324232,-0.100052536,False
7732,-0.13045558,0.040381312,False
7733,-0.009784816,-0.009784816,False
7734,0.0,0.00079242274,False
7735,-0.0047984985,-0.0047984985,False
7736,0.01588544,0.019464875,False
7737,0.014038391,-0.009723699,False
7738,-0.024192141,-0.024192141,False
7739,-0.22801208,-0.43077683,False
7740,-0.07064004,0.008932561,False
7741,0.0078089125,-0.0056025293,False
7742,-0.236359,-0.09269065,False
7743,-0.12949628,-0.074150026,False
7744,0.093750775,0.04748237,False
7745,0.3384645,-0.03740406,False
7746,-0.10600597,-0.090221584,False
7747,-0.05684054,-0.07462317,False
7748,-0.11654979,-0.07742037,False
7749,-0.034163386,-0.0077146515,False
7750,-0.021722615,-0.041867048,False
7751,-0.33389813,-0.041049123,False
7752,-0.19993186,-0.091650665,False
7753,0.07787472,0.04140398,False
7754,0.053115413,0.01866223,False
7755,0.032334834,0.0076193092,False
7756,0.0,0.0,False
7757,-0.0053846617,-0.0053846617,False
7758,0.0,0.0,False
7759,0.27942863,0.003839761,False
7760,0.07983667,-0.000238657,False
7761,-0.120570995,-0.054338396,False
7762,-0.13442802,-0.12162411,False
7763,-0.0046102423,-0.026987985,False
7764,0.007212855,-0.0063484414,False
7765,0.19044161,-0.005055934,False
7766,0.026442766,-0.0516039,False
7767,-0.38391972,-0.11009753,False
7768,0.03285721,-0.042798817,False
7769,0.07673383,0.15717596,False
7770,0.09325874,0.0209122,False
7771,-0.18869281,-0.010640323,False
7772,0.1015656,0.023510098,False
7773,-0.014161596,-0.013517733,False
7774,-0.43768382,-0.20238066,False
7775,0.15815341,0.04738313,False
7776,0.02017717,-0.004389881,False
7777,0.0132186385,0.028659265,False
7778,-0.004866068,-0.004866068,False
7779,-0.12216675,-0.017987132,False
7780,-0.008645533,-0.03017524,False
7781,0.08598519,0.00846678,False
7782,-0.0638103,-0.15085912,False
7783,-0.008831218,0.012714528,False
7784,-0.17952985,0.027617335,False
7785,-0.03883615,-0.027278602,False
7786,0.0024184994,-0.058074877,False
7787,0.02056843,0.02151078,False
7788,-0.024705052,0.04581684,False
7789,-0.04659137,-0.060986936,False
7790,-0.05695662,-0.04636064,False
7791,0.020742893,-0.072618246,False
7792,-0.021909013,0.034613863,False
7793,0.07028646,0.053570487,False
7794,0.079394996,-0.036606252,False
7795,-0.19140069,-0.039352313,False
7796,-0.032420103,-0.032420103,False
7797,-0.07348585,-0.0023913383,False
7798,0.06118636,-0.015717134,False
7799,-0.004872557,-0.004872557,False
7800,-0.0041918815,-0.0041918815,False
7801,0.0,0.0,False
7802,-0.23647317,-0.018588156,False
7803,-0.002473428,-0.014930342,False
7804,-0.0034862934,-0.0034862934,False
7805,0.0,0.0006110541,False
7806,0.051706433,-0.032734334,False
7807,-0.06435816,-0.036398806,False
7808,0.01718551,0.095959276,False
7809,-0.0096769985,-0.031666823,False
7810,0.0,0.00027474202,False
7811,-0.012789659,-0.008898184,False
7812,-0.30527508,-0.06428689,False
7813,-0.010671258,-0.032567263,False
7814,0.04688728,-0.017638832,False
7815,0.008217335,-0.1335659,False
7816,-0.008635817,-0.008635817,False
7817,-0.010164342,-0.010164342,False
7818,0.0,0.0005975309,False
7819,0.008493071,-0.007595736,False
7820,0.015433205,0.021182638,False
7821,0.016299492,-0.022120373,False
7822,-0.0047905953,-0.0047905953,False
7823,-0.22185993,0.04815173,False
7824,0.023409737,-0.006057799,False
7825,0.01829625,-0.0036866323,False
7826,-0.03279592,-0.056038216,False
7827,0.016314242,-0.002542295,False
7828,-0.0046937084,-0.0046937084,False
7829,-0.016207695,-0.023323476,False
7830,0.0033940375,-0.059150785,False
7831,-0.03589733,-0.001218915,False
7832,-0.005080136,-0.005080136,False
7833,0.08116973,-0.005143561,False
7834,-0.026582275,-0.026582275,False
7835,0.056060217,-0.001929542,False
7836,0.01074183,-0.019314408,False
7837,-0.05249709,-0.06288183,False
7838,0.009202242,-0.013723997,False
7839,0.06176579,0.037129402,False
7840,0.15588522,-0.11953783,False
7841,-0.004854167,-0.004854167,False
7842,-0.022932973,0.014958277,False
7843,0.4868884,-0.021046877,False
7844,0.012067249,-0.009462459,False
7845,0.299227,0.0041747093,False
7846,0.100504756,0.03462875,False
7847,-0.023876399,-0.018211156,False
7848,0.013147248,-0.0058584176,False
7849,0.20720828,-0.24823964,False
7850,-0.029259227,-0.025689851,False
7851,-0.0144601315,-0.00096555054,False
7852,-0.21013203,-0.04397556,False
7853,0.028462604,0.02750267,False
7854,-0.037749924,-0.059836425,False
7855,0.12137073,0.00021608174,False
7856,0.0,0.0,False
7857,-0.2652824,-0.24635005,False
7858,0.039471816,-0.005376925,False
7859,-0.019075224,-0.019075224,False
7860,0.0,0.0,False
7861,0.0,0.0,False
7862,-0.1545564,-0.11134839,False
7863,0.0,0.0,False
7864,0.008720958,-0.013098787,False
7865,0.0,0.0,False
7866,-0.0032373075,-0.0027970045,False
7867,0.07025522,-0.014613688,False
7868,0.027624607,0.00866463,False
7869,0.0,0.0,False
7870,0.042988658,0.0747931,False
7871,0.11632681,0.02122736,False
7872,0.012725353,-0.16480607,False
7873,-0.004396517,-0.0051678997,False
7874,-0.21116725,-0.050258696,False
7875,-0.03782984,-0.03782984,False
7876,-0.01869452,-0.035857797,False
7877,-0.0044222353,-0.0044222353,False
7878,0.041606784,0.025217295,False
7879,-0.18976611,-0.041469097,False
7880,-0.040807426,-0.026263453,False
7881,-0.09666282,-0.12980616,False
7882,-0.009919565,-0.009919565,False
7883,-0.010784715,0.02062285,False
7884,0.030652054,-0.07719091,False
7885,-0.040641546,-0.09967059,False
7886,0.0,0.0,False
7887,0.0,0.0,False
7888,-0.10455757,-0.12681203,False
7889,-0.09910691,-0.076073885,False
7890,0.031982347,-0.012364559,False
7891,-0.015779912,-0.00051549077,False
7892,0.00464732,-0.016013976,False
7893,0.034308735,-0.013525162,False
7894,-0.10755497,-0.11932373,False
7895,0.026300937,0.05954045,False
7896,0.3154515,-0.07100403,False
7897,-0.165602,-0.035708934,False
7898,-0.03867688,0.0017883405,False
7899,0.0877645,0.09063327,False
7900,-0.07417631,0.012659371,False
7901,-0.033126384,0.008853197,False
7902,-0.2061365,-0.07038444,False
7903,-0.042959113,-0.063867494,False
7904,0.06743569,0.013571613,False
7905,-0.88194084,-0.11356044,False
7906,0.0,0.0,False
7907,0.0577569,-0.016860276,False
7908,0.0075448565,-0.024230693,False
7909,0.020808682,-0.010092117,False
7910,-0.2639029,-0.073842525,False
7911,-0.02362061,-0.02362061,False
7912,0.3738637,-0.19555545,False
7913,-0.09940985,-0.100841135,False
7914,0.015775457,-0.03485748,False
7915,-0.048679113,-0.016848505,False
7916,-0.06085658,-0.1543355,False
7917,-0.15591002,-0.053515673,False
7918,-0.008209527,0.05223003,False
7919,-0.14267623,-0.09808248,False
7920,-0.24095607,-0.09022641,False
7921,-0.33161396,-0.17636627,False
7922,-0.16910541,-0.106325746,False
7923,-0.03232622,-0.023387909,False
7924,0.013176438,-0.009250329,False
7925,0.09339346,0.011023164,False
7926,0.08621806,-0.03924808,False
7927,-0.009694895,-0.009694895,False
7928,-0.28382027,-0.19418299,False
7929,-0.12820643,-0.026940346,False
7930,0.0,0.0,False
7931,-0.01608187,-0.08206469,False
7932,-0.020927554,-0.015962537,False
7933,-0.016270831,0.0040664747,False
7934,-0.009619062,-0.009619062,False
7935,-0.00024630316,-0.020159146,False
7936,0.0,0.0,False
7937,-0.18368381,-0.09621611,False
7938,0.04583694,-0.1834696,False
7939,0.017564468,-0.027833182,False
7940,0.22348976,-0.3534758,False
7941,0.060121417,-0.004131794,False
7942,-0.1315468,0.00870347,False
7943,0.017803505,-0.0036221,False
7944,-0.18687053,-0.08127797,False
7945,-0.005192578,0.0052721053,False
7946,-0.12298038,0.021753117,False
7947,-0.17921269,-0.12501204,False
7948,-0.19831198,-0.06395286,False
7949,0.09394109,0.053018093,False
7950,-0.014775485,-0.0521674,False
7951,-0.039359674,0.022132322,False
7952,0.006238878,0.0033032298,False
7953,-0.1758362,-0.07978344,False
7954,-0.0183779,-0.06341642,False
7955,0.0,0.0,False
7956,-0.0051789074,-0.0051789074,False
7957,-0.0051122904,-0.0051122904,False
7958,0.018819943,0.009269938,False
7959,0.31437176,0.010782242,False
7960,-0.007689506,-0.05413973,False
7961,-0.014298749,-0.012810972,False
7962,0.027224846,-0.07777364,False
7963,-0.0033360422,0.01997608,False
7964,-0.26880693,0.07296133,False
7965,0.091588885,0.051722288,False
7966,-0.046185583,-0.008607313,False
7967,-0.0622193,0.015394777,False
7968,-0.04591605,-0.043331474,False
7969,-0.007239418,-0.024721233,False
7970,-0.10454619,0.03341317,False
7971,-0.025204882,-0.025996707,False
7972,-0.18110926,-0.033391118,False
7973,-0.029316038,0.03554207,False
7974,0.22205138,-0.019163132,False
7975,-0.037794806,-0.037794806,False
7976,0.055776313,0.008758046,False
7977,-0.0012312531,0.004651122,False
7978,0.033918284,-0.035739273,False
7979,0.03887354,-0.03180041,False
7980,-0.032119803,-0.048896786,False
7981,-0.022113465,-0.027973004,False
7982,0.079474874,-0.022146016,False
7983,0.016736126,-0.0013339284,False
7984,0.29543805,0.08483267,False
7985,-0.024659695,0.0031649824,False
7986,0.12790447,0.02264297,False
7987,0.1793232,-0.0289042,False
7988,-0.033927843,-0.005629003,False
7989,0.1701994,0.087803125,False
7990,0.0,0.0,False
7991,-0.27488065,-0.18552065,False
7992,0.012682426,-0.0102767525,False
7993,0.04904604,-0.14548588,False
7994,-0.047860205,-0.047860205,False
7995,0.07651651,0.035171777,False
7996,-0.090268135,-0.1396389,False
7997,0.0063081346,-0.014559874,False
7998,0.052521855,0.03285581,False
7999,0.095506996,0.015434913,False
8000,0.014990136,-0.04871294,False
8001,-0.004025647,-0.004025647,False
8002,-0.029661924,0.0026785433,False
8003,0.17593426,-0.02354911,False
8004,-0.024066746,-0.037846297,False
8005,-0.046831496,0.0052729174,False
8006,0.18376514,0.023758322,False
8007,0.0840998,-0.023878157,False
8008,-0.27993083,-0.21619272,False
8009,0.011495113,0.030316949,False
8010,0.022006094,0.0015614629,False
8011,0.09119138,0.024825081,False
8012,-0.014532268,-0.014532268,False
8013,0.019592267,-0.010138805,False
8014,-0.0048224535,-0.0048224535,False
8015,-0.2960363,0.0041718483,False
8016,0.07893619,0.0003380552,False
8017,-0.009772157,-0.009772157,False
8018,-0.011095263,-0.021015119,False
8019,0.09220195,-0.040048957,False
8020,-0.118167296,-0.052645132,False
8021,-0.014727449,-0.014727449,False
8022,0.053848445,0.050495505,False
8023,-0.06381905,-0.07702887,False
8024,0.08669618,-0.020268053,False
8025,0.1013276,0.023405463,False
8026,0.090775356,-0.007518813,False
8027,-0.010091953,-0.006248124,False
8028,-0.063476264,-0.041285098,False
8029,0.02406539,-0.027972385,False
8030,-0.061815143,-0.1329909,False
8031,0.016088808,0.0,False
8032,0.023239933,-0.021297162,False
8033,-0.19453228,-0.08383274,False
8034,-0.0050837602,-0.0050837602,False
8035,0.0,0.0,False
8036,-0.015020568,-0.0123755755,False
8037,0.1843704,0.04493606,False
8038,0.14238167,-0.010831535,False
8039,-0.005136603,-0.0032785768,False
8040,-0.0046837158,-0.0025079024,False
8041,0.07149035,-0.054956138,False
8042,-0.025677323,0.05373606,False
8043,0.0,0.0,False
8044,-0.1691728,-0.0951533,False
8045,0.10742748,0.06844461,False
8046,-0.043695062,0.0058341026,False
8047,-0.0046375394,0.048520625,False
8048,-0.076487705,-0.32388905,False
8049,0.07932448,0.007368911,False
8050,0.0061000064,0.026015915,False
8051,-0.017357249,-0.017357249,False
8052,-0.10839394,-0.061781436,False
8053,-0.29776525,-0.33198667,False
8054,-0.015219553,-0.003431296,False
8055,-0.02901262,-0.02901262,False
8056,-0.17025745,-0.0012062788,False
8057,-0.0187497,-0.0187497,False
8058,0.045656204,0.06739098,False
8059,0.016026974,0.075781465,False
8060,6.684661e-05,0.0018549263,False
8061,-0.016615052,-0.03228968,False
8062,0.36354214,0.05921352,False
8063,0.008251157,-0.007423471,False
8064,-0.011957943,-0.01336658,False
8065,-0.03581153,0.017400302,False
8066,0.058400363,0.008243084,False
8067,-0.13073674,-0.027234465,False
8068,-0.15332758,-0.057878435,False
8069,-0.0011899471,0.013137937,False
8070,0.05434358,-0.12853682,False
8071,0.047862172,-0.17989588,False
8072,-0.0994876,0.020998776,False
8073,0.004424393,-0.1341443,False
8074,0.09632194,0.02843541,False
8075,-0.013025172,-0.021356773,False
8076,0.043715328,-0.04332459,False
8077,-0.09314963,-0.027207226,False
8078,-0.0594455,-0.021717042,False
8079,-0.0149247395,-0.0149247395,False
8080,-0.06680328,-0.041850924,False
8081,0.041116834,-0.036774248,False
8082,-0.31315938,-0.16541967,False
8083,-0.077463984,0.014872111,False
8084,-0.01468638,-0.01468638,False
8085,-0.047338188,-0.002038218,False
8086,-0.15202206,-0.08094281,False
8087,-0.065017045,-0.08862406,False
8088,0.0,0.0,False
8089,-0.06617653,-0.07270503,False
8090,0.06921828,0.041853905,False
8091,-0.23618326,0.097922,False
8092,-0.20186967,-0.12896001,False
8093,-0.021165978,-0.009078495,False
8094,-0.054779306,-0.04209146,False
8095,0.11468884,-0.038936526,False
8096,-0.033249773,-0.033249773,False
8097,-0.029903922,0.029453196,False
8098,-0.010762334,-0.031092286,False
8099,-0.33442652,-0.006805241,False
8100,0.0308168,0.0035164282,False
8101,-0.023219928,-0.0023253262,False
8102,-0.12269014,-0.028318346,False
8103,-0.2184586,0.034893036,False
8104,-0.3978669,-0.02314043,False
8105,0.0,0.0015868726,False
8106,-0.03289056,-0.033195972,False
8107,0.000112909824,0.03830315,False
8108,-0.0053904653,0.02290392,False
8109,0.008783922,0.09179787,False
8110,-0.0031036232,0.008132683,False
8111,0.053765103,0.039099023,False
8112,-0.02312294,-0.021388521,False
8113,0.14293572,0.030874357,False
8114,-0.07738894,-0.118113846,False
8115,-0.26971805,-0.079904675,False
8116,-0.8037768,-0.06587541,False
8117,-0.19936581,0.041196436,False
8118,0.14592028,-0.18599129,False
8119,-0.09764904,0.082939506,False
8120,-0.031005662,-0.05136387,False
8121,0.0072159246,-0.014629722,False
8122,0.013500775,-0.008942467,False
8123,0.009041116,0.0035289675,False
8124,0.0,0.0,False
8125,-0.0012473166,0.007557079,False
8126,0.27090085,-0.015137851,False
8127,-0.01422183,-0.01422183,False
8128,-0.021093577,-0.011534184,False
8129,-0.25485504,-0.11882901,False
8130,-0.084987074,0.020689607,True
8131,-0.09562063,-0.06912941,False
8132,0.013971895,-0.034017853,False
8133,0.0,0.0,False
8134,-0.018947903,-0.009257935,False
8135,-0.008968468,-0.008968468,False
8136,-0.025706485,-0.008320287,False
8137,0.03905946,0.017929435,False
8138,0.07973191,0.013644248,False
8139,0.00033831596,-0.10434803,False
8140,0.21690226,-0.32621694,False
8141,0.04182343,0.0019918382,False
8142,0.058413103,0.0033834726,False
8143,0.25118452,-0.018406808,False
8144,0.04400425,-0.008572275,False
8145,-0.00045303255,-0.02201917,False
8146,-0.004918933,-0.004918933,False
8147,-0.24718273,-0.061267495,False
8148,-0.068586074,0.026924536,False
8149,-0.066639364,-0.010637611,False
8150,-0.047334373,-0.09345162,False
8151,0.0,0.0,False
8152,-0.01560026,-0.01560026,False
8153,0.27853322,0.036028862,False
8154,0.083474636,-0.013554692,False
8155,-0.18208778,-0.009629846,False
8156,0.0428482,-0.037665397,False
8157,0.023270607,-0.22165823,False
8158,0.10278097,0.0060099512,False
8159,-0.1415651,0.01698339,False
8160,0.040968336,0.018916458,False
8161,0.071413934,-0.061240464,False
8162,-0.2202932,-0.068133265,False
8163,-0.014526196,-0.037406765,False
8164,-0.055756748,0.012370259,False
8165,0.006658733,0.006613612,False
8166,-0.068190336,-0.07186729,False
8167,-0.0935249,0.0077572614,False
8168,-0.005111791,-0.005111791,False
8169,-0.020645663,-0.0076634586,False
8170,0.29944253,-0.076224685,False
8171,-0.23130226,-0.034885406,False
8172,-0.115202785,-0.16306496,False
8173,0.027663797,-0.014176685,False
8174,0.24874246,-0.06565702,False
8175,0.063403815,0.020257082,False
8176,-0.023005813,-0.018646806,False
8177,-0.07764122,-0.037792444,False
8178,-0.023211226,-0.023211226,False
8179,0.02362987,-0.01887361,False
8180,0.015948117,-0.0008594841,False
8181,0.04147496,0.030616455,False
8182,0.04656373,-0.01457952,False
8183,0.048007596,-0.009828217,False
8184,0.0026532728,-0.0126084145,False
8185,-0.059125602,-0.24830794,False
8186,0.024163932,-0.026204228,False
8187,0.017552555,0.041248903,False
8188,0.03810662,-0.0012379289,False
8189,0.025431111,-0.02851525,False
8190,0.001675494,-0.06757148,False
8191,-0.00075398386,-0.02419475,False
8192,0.028495867,0.016272958,False
8193,0.06839052,0.022737075,False
8194,-0.008956298,-0.008956298,False
8195,-0.015235335,0.023225099,False
8196,-0.01148914,0.019486915,False
8197,0.008835454,-0.03391553,False
8198,0.028347805,-0.008350083,False
8199,-0.0030606017,-0.003046777,False
8200,0.040081754,-0.018473288,False
8201,0.0,0.0,False
8202,0.0049506687,-0.018684516,False
8203,0.06616856,-0.01344483,False
8204,-0.19601274,-0.22066355,False
8205,-0.0034565516,-0.02675946,False
8206,-0.029151857,-0.0057169944,False
8207,-0.009671489,-0.009671489,False
8208,-0.028330237,0.019847468,False
8209,-0.0068474524,-0.02768528,False
8210,0.009838551,-0.016078252,False
8211,0.01261989,-0.0130584575,False
8212,0.02353286,0.017852418,False
8213,-0.32158262,-0.13482594,False
8214,-0.03259462,-0.0025411993,False
8215,0.06600416,0.064739615,False
8216,0.018853374,0.011845879,False
8217,-0.06070804,-0.12967443,False
8218,-0.029720882,-0.029720882,False
8219,-0.014777817,-0.014777817,False
8220,0.0,0.0,False
8221,0.07992625,-0.036425553,False
8222,-0.0036115283,-0.0036115283,False
8223,-0.077668026,-0.05608636,False
8224,-0.028554171,0.035078615,False
8225,0.046388894,0.08366001,False
8226,-0.06360044,-0.027779862,False
8227,-0.10727888,-0.00777331,False
8228,-0.17315961,-0.0054679513,False
8229,0.008221809,-0.014553466,False
8230,-0.004948866,-0.004948866,False
8231,-0.13182485,-0.044341624,False
8232,-0.28895855,-0.04621458,False
8233,-0.20288229,-0.014286041,False
8234,-0.30880642,-0.033310413,False
8235,0.12070465,-0.434772,False
8236,-0.07045317,-0.39793968,False
8237,0.014170051,-0.03310156,False
8238,0.12059307,-0.07504547,False
8239,-0.07742405,-0.18975306,False
8240,-0.070940495,-0.19891882,False
8241,0.0011030659,-0.005113665,False
8242,-0.34697628,-0.3796177,False
8243,0.12624311,-0.32778025,False
8244,0.017623425,-0.21785975,False
8245,0.0411942,-0.0071659237,False
8246,-0.04937935,-0.22914791,False
8247,-0.039512634,-0.22871351,False
8248,0.041772366,-0.26612425,False
8249,-0.19355106,-0.3701048,False
8250,-0.20589066,-0.049812317,False
8251,-0.7143669,-0.11767173,False
8252,-0.04614094,-0.078481,False
8253,-0.0286321,-0.0069819465,False
8254,-0.074312165,-0.0208043,False
8255,-0.026901007,0.0029111728,False
8256,-0.004872557,-0.004872557,False
8257,-0.022947833,-0.03130853,False
8258,-0.02275055,0.038432237,False
8259,0.0,0.0,False
8260,0.14904949,0.07678455,False
8261,-0.089851096,-0.01394783,False
8262,0.059881747,-0.025003076,False
8263,0.0,0.0,False
8264,-0.14676222,0.018995881,False
8265,0.0924238,-0.020073995,False
8266,0.007956624,0.0068353415,False
8267,-0.14876688,0.04546413,False
8268,0.061662495,-0.002779007,False
8269,-0.12429649,-0.040472984,False
8270,-0.00014360249,0.014898032,False
8271,0.02989769,-0.13031864,False
8272,-0.0051155444,-0.0051155444,False
8273,0.06163716,-0.0144239105,False
8274,0.014212187,-0.008235913,False
8275,0.01852222,-0.0045988807,False
8276,0.014145197,-0.009452416,False
8277,0.007836163,-0.052150905,False
8278,-0.019468408,0.03436982,False
8279,-0.019485723,-0.019485723,False
8280,-0.013351053,-0.032810453,False
8281,-0.029147603,-0.09196222,False
8282,0.015850013,-0.0047720764,False
8283,0.08318968,-0.02335353,False
8284,-0.10744071,0.140221,False
8285,0.0,0.0,False
8286,-0.0043655983,0.00112906,False
8287,0.0028458834,-0.0029336698,False
8288,-0.014212628,-0.014212628,False
8289,0.033715665,-0.05746728,False
8290,-0.02846098,0.033646643,False
8291,-0.15140432,-0.07014823,False
8292,-0.3172431,-0.29328156,False
8293,-0.0145961,-0.0145961,False
8294,0.031160511,-0.034799166,False
8295,-0.35147953,-0.20824194,False
8296,-0.018344864,-0.018344864,False
8297,0.011853114,-0.033185016,False
8298,-0.30261755,-0.25835133,False
8299,-0.037237808,-0.010970332,False
8300,0.066090494,0.02954343,False
8301,-0.050658114,0.045494333,False
8302,-0.09677127,-0.12088549,False
8303,0.15028036,-0.02580604,False
8304,-0.03987882,-0.07202,False
8305,0.06877115,0.014342606,False
8306,-0.028047144,-0.011272013,False
8307,-0.0035024756,-0.0035024756,False
8308,-0.0050458326,-0.0050458326,False
8309,-0.019595383,-0.03439231,False
8310,-0.2519307,-0.105954885,False
8311,-0.09641218,-0.08619404,False
8312,-0.047198955,0.011250004,False
8313,0.0,0.00127795,False
8314,-0.0066358484,-0.00841517,False
8315,-0.21783243,-0.0910092,False
8316,-0.009761768,-0.009761768,False
8317,-0.18767738,-0.17323732,False
8318,-0.47254395,-0.21580315,False
8319,-0.018246902,-0.018246902,False
8320,0.0,0.0,False
8321,-0.07006626,-0.07006626,False
8322,-0.13914478,0.021628141,False
8323,0.099686384,-0.10814738,False
8324,-0.0019160826,-0.023341687,False
8325,0.17916107,-0.11181235,False
8326,-0.1471219,-0.12324357,False
8327,-0.2825799,-0.0029463768,False
8328,-0.08299327,-0.04097581,False
8329,0.085980535,-0.026920438,False
8330,-0.14874554,-0.048684835,False
8331,-0.057834625,-0.10641432,False
8332,0.13099253,-0.02678442,False
8333,0.010328896,-0.0056470707,False
8334,0.11535263,0.14301658,False
8335,0.018287603,-0.0045929668,False
8336,-0.2476039,-0.22589254,False
8337,0.0,0.0,False
8338,-0.31247687,-0.2985587,False
8339,0.050506353,-0.016347766,False
8340,-0.03887847,0.038967967,False
8341,-0.007473439,-0.01974444,False
8342,-0.070592865,0.005143419,False
8343,-0.013336144,-0.011959523,False
8344,0.056775346,0.016832113,False
8345,-0.06614388,-0.021528631,False
8346,-0.15124749,-0.06972045,False
8347,-0.28206336,-0.052464902,False
8348,0.016390145,-0.015823573,False
8349,-0.0054696,0.0037881895,False
8350,-0.06711446,-0.032436356,False
8351,0.0,0.0,False
8352,-0.013434297,-0.012131391,False
8353,0.024074674,-0.020835709,False
8354,-0.0071847066,0.06250366,False
8355,0.002150192,-0.01279456,False
8356,-0.024281051,-0.06346528,False
8357,0.010738539,-0.0049393275,False
8358,-0.0020649694,-0.041997842,False
8359,-0.06573963,-0.017781973,False
8360,0.3818351,-0.030970037,False
8361,-0.0074039614,-0.0074039614,False
8362,-0.050534546,-0.053113997,False
8363,0.028371291,-0.0032289415,False
8364,-0.17992288,0.02004677,False
8365,0.17517537,-0.04218912,False
8366,0.056286693,-0.15034586,False
8367,0.21193278,-0.074379325,False
8368,-0.10649377,0.0018118024,False
8369,-0.048857242,-0.005441606,False
8370,0.04839884,0.00089810416,False
8371,0.0,0.0,False
8372,0.074156255,-0.04202363,False
8373,0.02613575,-0.018912908,False
8374,-0.005004987,-0.0042101415,False
8375,-0.0049595614,-0.0026762718,False
8376,-0.0051122904,-0.0051122904,False
8377,0.15053399,-0.094429225,False
8378,0.065586366,0.028770827,False
8379,0.11155507,-0.02204156,False
8380,-0.11647767,-0.052393436,False
8381,0.0,0.0,False
8382,-0.022050995,-0.016734896,False
8383,0.10106213,0.0005792305,False
8384,-0.02255857,0.14180517,False
8385,0.14559422,-0.0044906735,False
8386,-0.11768448,-0.096704364,False
8387,-0.014015254,-0.034965932,False
8388,0.00064216554,-0.06319821,False
8389,0.06137102,0.00064881146,False
8390,0.1250807,-0.11052346,False
8391,-0.07551515,-0.0007350445,False
8392,-0.0067884326,0.0036782026,False
8393,0.0,0.0,False
8394,-0.045774624,-0.03583821,False
8395,0.0,0.0,False
8396,0.053961396,-0.005701959,False
8397,-0.02328417,-0.02328417,False
8398,0.039037168,-0.031170845,False
8399,0.075471565,-0.013830304,False
8400,-0.05881691,-0.028140575,False
8401,-0.01753771,-0.03182909,False
8402,0.04170452,0.005676046,False
8403,0.035983175,-0.007207215,False
8404,-0.05381152,-0.009658694,False
8405,-0.10585213,-0.01618883,False
8406,0.0,0.0,False
8407,-0.004718219,-0.004718219,False
8408,-0.03954483,-0.062364224,False
8409,-0.16524124,-0.15532196,False
8410,-0.13323736,-0.15111113,False
8411,-0.004910103,-0.004910103,False
8412,-0.06594944,-0.2510147,False
8413,-0.004025647,-0.004025647,False
8414,-0.012064947,-0.033400863,False
8415,-0.14690948,-0.18680692,False
8416,-0.03289943,-0.03289943,False
8417,0.102209836,-0.046370815,False
8418,0.062708855,0.030301869,False
8419,-0.018241175,0.022029579,False
8420,0.102027476,0.04512012,False
8421,-0.052262887,0.050858766,False
8422,-0.078068525,0.0012044683,False
8423,0.00859198,0.004228968,False
8424,0.03394939,-0.009997718,False
8425,-0.14073181,-0.16275585,False
8426,-0.01504552,-0.01504552,False
8427,-0.21609104,0.067114234,False
8428,0.022246614,-0.016275791,False
8429,-0.0044077365,-0.0044077365,False
8430,-0.2138567,-0.014439583,False
8431,-0.20936072,-0.002503395,False
8432,0.02355504,-0.09986091,False
8433,0.011410356,0.005075574,False
8434,0.073269114,0.0010874122,False
8435,-0.014735907,-0.03701982,False
8436,-0.12968755,-0.18430352,False
8437,-0.36399794,-0.2368598,False
8438,0.0,0.0,False
8439,0.0,0.0,False
8440,-0.004595356,-0.004595356,False
8441,-0.13550478,-0.047085643,False
8442,-0.14627779,-0.023490071,False
8443,-0.28474325,-0.00899905,False
8444,-0.004471599,-0.0038583088,False
8445,0.0,0.0,False
8446,0.008059625,-0.059916396,False
8447,0.0,0.0,False
8448,-0.009384763,-0.009384763,False
8449,0.022279568,0.0,False
8450,-0.121181995,-0.12989518,False
8451,-0.02948788,-0.02948788,False
8452,-0.012661874,0.047935784,False
8453,-0.060615122,-0.002408892,False
8454,-0.009120032,-0.009120032,False
8455,-0.08370817,-0.008875728,False
8456,0.12752652,-0.12831092,False
8457,0.007534586,0.028321825,False
8458,-0.008950547,-0.0015513715,False
8459,-0.04371307,-0.0069147646,False
8460,-0.008403413,-0.008403413,False
8461,0.0018636286,0.02243197,False
8462,0.01809238,0.004477866,False
8463,-0.13876063,-0.024090901,False
8464,-0.004904285,-0.0054555535,False
8465,0.046199918,-0.17996871,False
8466,-0.056836247,-0.063780785,False
8467,0.12894791,0.08707327,False
8468,0.022276029,-0.022115737,False
8469,-0.04462731,-0.07142669,False
8470,0.0028061885,-0.018395014,False
8471,0.06387311,-0.09759098,False
8472,0.011071563,0.019563079,False
8473,0.2137376,0.030387402,False
8474,0.100690484,0.035045505,False
8475,0.030007504,-0.008444593,False
8476,0.0,0.0,False
8477,-0.09608334,-0.062247455,False
8478,-0.0015174747,-0.013629913,False
8479,-0.13025966,0.005670637,False
8480,-0.040961035,0.009825915,False
8481,-0.014349149,-0.0086380225,False
8482,-0.055779368,-0.009042472,False
8483,-0.0048385393,-0.0048385393,False
8484,0.070808366,-0.07386338,False
8485,0.6969137,-0.2180984,False
8486,0.010815904,0.025941819,False
8487,-0.09553146,0.065347075,False
8488,0.0007695053,0.009443371,False
8489,-0.1555978,-0.12793326,False
8490,-0.15411949,-0.08022475,False
8491,-0.15555376,-0.089470685,False
8492,-0.097325206,0.0019470453,False
8493,-0.49003458,-0.14866924,False
8494,0.098133236,0.02476129,False
8495,-0.22082114,-0.0579471,False
8496,0.016664596,-0.0035408686,False
8497,-0.23334205,-0.09474504,False
8498,0.07708102,-0.052824326,False
8499,-0.2546227,-0.1408031,False
8500,0.043438114,0.0042327046,False
8501,-0.009797864,-0.009797864,False
8502,-0.30213308,0.0022915602,False
8503,-0.08366573,0.07037127,False
8504,0.022423461,0.012932897,False
8505,0.05638455,-0.029010296,False
8506,-0.0049767047,0.011566095,False
8507,-0.4739194,-0.1070075,False
8508,-0.03452579,0.0011931211,False
8509,-0.02154322,-0.011981174,False
8510,-0.28050447,-0.057617903,False
8511,-0.05878985,-0.025718093,False
8512,-0.8307861,-0.27206635,False
8513,-0.5906254,-0.04452443,False
8514,-1.6831996,-0.30381635,True
8515,-1.266803,-0.092895135,True
8516,-0.66754186,-0.1258018,False
8517,-1.2732761,-0.07228368,True
8518,-1.3494089,-0.21992445,True
8519,-1.7741776,-0.2591688,True
8520,-0.5978595,0.015340447,False
8521,-0.2942109,-0.05049789,False
8522,0.0,0.0,False
8523,-0.8361528,-0.29708672,False
8524,-0.8626332,-0.12205148,False
8525,-0.009193854,-0.009193854,False
8526,-0.110161304,-0.078662395,False
8527,-0.16554177,0.013272464,False
8528,-0.010390183,-0.003620645,False
8529,0.15977812,-0.005234316,False
8530,0.24519992,-0.11967754,False
8531,0.052328587,-0.060448527,False
8532,0.017193506,0.0014083018,False
8533,-0.031185493,0.029637203,False
8534,-0.0024344623,-0.05429083,False
8535,0.041686893,-0.10059008,False
8536,0.059700634,0.02025823,False
8537,-0.03407274,-0.022260267,False
8538,0.00062322244,-0.010331571,False
8539,0.020358622,0.081700444,False
8540,-0.005327791,-0.03842905,False
8541,0.05163613,0.03933209,False
8542,0.35762975,-0.030672401,False
8543,-0.032659903,0.01830852,False
8544,-0.027490377,0.007743925,False
8545,0.20378375,-0.19505179,False
8546,0.04300192,0.08443931,False
8547,0.10008308,-0.015799224,False
8548,0.0497035,0.0151523575,False
8549,0.102891296,0.0067302287,False
8550,0.4449756,0.016781092,False
8551,0.0017527826,-0.013093111,False
8552,-0.042507008,0.037839174,False
8553,0.01338384,-0.0066503724,False
8554,0.047209486,-0.010333752,False
8555,-0.1294673,0.001378566,False
8556,0.0,0.0021177612,False
8557,-0.007105382,-0.0042259665,False
8558,-0.013333738,0.026879698,False
8559,-0.0036866323,-0.0029827727,False
8560,0.011204697,-0.0010510432,False
8561,0.0038824975,-0.020917594,False
8562,0.032237887,-0.055481195,False
8563,-0.04723376,0.050033987,False
8564,0.007940292,-0.28364706,False
8565,0.0143972635,-0.10692442,False
8566,-0.003135167,-0.024303121,False
8567,0.27963704,-0.020584643,False
8568,-0.061074317,-0.057602525,False
8569,0.17551547,-0.06819981,False
8570,0.15067384,-0.004956737,False
8571,0.016522272,-0.0037316314,False
8572,0.014775753,-0.44895554,False
8573,-0.044167474,-0.010755993,False
8574,-0.06489293,-0.11689241,False
8575,0.05921002,-0.013772581,False
8576,0.012758743,-0.03062049,False
8577,-0.05022802,-0.06747091,False
8578,-0.039821412,-0.084513895,False
8579,0.039875515,-0.106360056,False
8580,-0.0026489198,-0.07043344,False
8581,-0.10584436,-0.31659964,False
8582,-0.13997489,-0.1625826,False
8583,0.053271256,-0.05037266,False
8584,-0.043589003,-0.06651852,False
8585,0.009138165,-0.016605902,False
8586,-0.008438729,-0.071163945,False
8587,-0.046813935,-0.0029772818,False
8588,-0.013879925,-0.08759499,False
8589,0.024843007,-0.060171455,False
8590,-0.08533646,-0.027990654,False
8591,0.3330326,-0.7976332,False
8592,-0.0139411315,-0.1139146,False
8593,0.038279526,-0.09806604,False
8594,0.011175275,-0.085138276,False
8595,0.093752846,-0.08136782,False
8596,-0.049310252,-0.010597959,False
8597,-0.0015082359,-0.28950644,False
8598,-0.03629327,-0.13487434,False
8599,0.00040144473,-0.022792576,False
8600,0.0056663826,-0.101768054,False
8601,0.026089907,-0.033185497,False
8602,-0.037867755,-0.03082724,False
8603,-0.050391983,-0.050391983,False
8604,0.02224176,-0.040596675,False
8605,-0.011424705,0.0013552234,False
8606,-0.029096806,-0.052055985,False
8607,-0.0034862934,-0.0034862934,False
8608,-0.0048779356,-0.0048779356,False
8609,0.029870309,-0.0361249,False
8610,-0.059498563,-0.0041270405,False
8611,0.028621584,-0.030822635,False
8612,0.0,0.0,False
8613,-0.25368524,-0.071956396,False
8614,0.027514756,-0.10266727,False
8615,0.034497857,0.030053139,False
8616,0.013540536,0.032126322,False
8617,0.0816147,0.053141564,False
8618,0.048020124,-0.21643353,False
8619,-0.08363198,-0.015266523,False
8620,-0.3519094,-0.21919298,False
8621,-0.031606432,-0.0026891679,False
8622,-0.0925135,-0.011643916,False
8623,0.0,2.1115118e-05,False
8624,-0.008512378,-0.07162851,False
8625,-0.023560055,-0.019118555,False
8626,0.045212373,0.0018505901,False
8627,0.034251187,0.013167355,False
8628,-0.012167007,-0.0817921,False
8629,-0.14804962,-0.03963965,False
8630,0.013423158,-0.0055093034,False
8631,-0.08607347,-0.0022318065,False
8632,-0.17059541,0.009380519,False
8633,-0.053082213,0.010696635,False
8634,-0.06204319,-0.012476921,False
8635,-0.013932367,-0.013932367,False
8636,-0.079057544,-0.037689596,False
8637,-0.01782411,-0.016814023,False
8638,0.0,0.0,False
8639,0.08042056,0.046525672,False
8640,-0.051232487,0.001577422,False
8641,-0.08469315,0.0042814165,False
8642,0.017511059,0.005811843,False
8643,0.019531598,0.00045915603,False
8644,-0.028026287,0.023280255,False
8645,0.0,0.002256011,False
8646,-0.004876203,-0.0037116646,False
8647,0.011762515,-0.023233414,False
8648,-0.027450219,-0.024445467,False
8649,0.018026916,-0.005081584,False
8650,0.012489127,-0.004753763,False
8651,-0.21446429,-0.101961434,False
8652,0.026757753,-0.01878394,False
8653,0.07848883,0.0035300553,False
8654,0.0,0.0,False
8655,0.019102752,-0.13188946,False
8656,-0.009731924,-0.007959879,False
8657,0.07338089,-0.029484749,False
8658,0.0184208,-0.0056484193,False
8659,0.03968452,-0.0030614454,False
8660,-0.3269081,-0.058403254,False
8661,-0.0051891888,-0.0048645153,False
8662,-0.045200616,-0.030744046,False
8663,-0.08765957,-0.036778033,False
8664,0.112789765,-0.03260185,False
8665,0.21922421,-0.012392044,False
8666,-0.0383393,0.03786549,False
8667,-0.00401669,0.0031356104,False
8668,0.015493514,-0.0042532887,False
8669,-0.22111708,-0.051781654,False
8670,0.18758431,-0.029895812,False
8671,0.0479348,0.0022861063,False
8672,0.008605313,-0.013674255,False
8673,-0.29185462,-0.08966017,False
8674,-0.24771178,-0.12103176,False
8675,0.04256648,-0.011591017,False
8676,-0.16763961,-0.08888972,False
8677,0.04155034,0.021596372,False
8678,-0.12294579,-0.06622869,False
8679,0.03331417,0.010714531,False
8680,0.010534349,-0.009791478,False
8681,0.052586943,0.0020155013,False
8682,-0.08554828,0.06786293,False
8683,0.07571936,-0.029215574,False
8684,-0.086758375,-0.11293012,False
8685,-0.11886227,0.044569492,False
8686,0.043948002,0.015920848,False
8687,0.013080269,0.0027378052,False
8688,-0.011521995,-0.034306645,False
8689,0.062484503,0.03931895,False
8690,0.11071491,-0.09577906,False
8691,-0.009294542,-0.009294542,False
8692,0.00925535,-0.013020337,False
8693,0.010468338,0.0032439567,False
8694,-0.0048235413,-0.0048235413,False
8695,0.024529599,0.0,False
8696,0.019290097,-0.0073189326,False
8697,-0.06735137,-0.032247715,False
8698,0.009043061,-0.013974966,False
8699,0.01633069,-0.009582654,False
8700,0.2270031,-0.08589792,False
8701,-0.08283633,0.010900557,False
8702,-0.11997986,-0.016841829,False
8703,0.34935576,0.03283447,False
8704,0.049356878,0.012663245,False
8705,-0.06539103,-0.06539103,False
8706,-0.014791135,-0.0121940365,False
8707,-0.18490523,-0.032237113,False
8708,-0.026205778,-0.034213126,False
8709,-0.13409346,-0.067848146,False
8710,0.016174093,-0.011432841,False
8711,-0.050130308,-0.062953115,False
8712,0.14924496,0.018847525,False
8713,-0.044906437,-0.04853165,False
8714,-0.49711722,-0.072609246,False
8715,0.019648112,0.01780551,False
8716,-0.019340076,-0.0072232094,False
8717,0.031839415,-0.02027814,False
8718,-0.10625327,-0.049111426,False
8719,0.0024373531,-0.05341208,False
8720,0.08250292,-0.009893104,False
8721,0.02999726,0.032833606,False
8722,-0.0031737536,0.019949004,False
8723,-0.07529195,-0.03727746,False
8724,-0.17089903,-0.05000323,False
8725,-0.073369086,-0.060519755,False
8726,-0.0031616818,-0.022055872,False
8727,-0.08964728,-0.0080690235,False
8728,-0.039356295,-0.007893145,False
8729,-0.07020132,-0.057244778,False
8730,-0.20195216,-0.10965812,False
8731,0.20378643,-0.053002715,False
8732,0.13381484,0.03485307,False
8733,-0.08276355,0.012949258,False
8734,0.027359098,0.02090317,False
8735,-0.04001406,-0.08567648,False
8736,-0.05427745,-0.023900032,False
8737,-0.088568956,-0.0819124,False
8738,0.0085799545,0.02697742,False
8739,-0.076598406,-0.03162688,False
8740,0.00086444616,-0.038040042,False
8741,-0.05989133,0.029698312,False
8742,0.019632384,-0.0050542206,False
8743,0.29146266,0.03691256,False
8744,-0.04797499,0.024497002,False
8745,-0.0052289614,-0.0052289614,False
8746,-0.015212906,-0.015212906,False
8747,0.047100812,0.0039096624,False
8748,0.057507455,0.025420547,False
8749,-0.060370505,0.047121823,False
8750,0.031530336,-0.005610617,False
8751,-0.13315979,-0.057860702,False
8752,0.03389909,-3.6641955e-05,False
8753,-0.013821453,-0.022773568,False
8754,-0.01984514,-0.07211099,False
8755,-0.0054377615,0.028943121,False
8756,-0.027725067,0.0177676,False
8757,0.12393835,0.04103662,False
8758,-0.1506086,-0.06199622,False
8759,-0.1118609,-0.037600607,False
8760,-0.050160974,-0.035524398,False
8761,0.0076235114,-0.013802093,False
8762,0.102406025,0.025675073,False
8763,-0.04855445,-0.016634032,False
8764,0.051250108,-0.01439377,False
8765,-0.0767113,-0.121215224,False
8766,7.081777e-06,-0.022377355,False
8767,-0.0052637435,-0.0052637435,False
8768,-0.007956866,-0.012486141,False
8769,0.007341668,-0.01495707,False
8770,-0.004885482,-0.004885482,False
8771,-0.0038662553,-0.007523656,False
8772,-0.01143096,-0.027139766,False
8773,-0.055205915,-0.055205915,False
8774,-0.3128023,-0.06767845,False
8775,0.010203928,0.0129366815,False
8776,0.11923182,0.018185437,False
8777,-0.004755611,-0.0033366207,False
8778,-0.16304493,-0.04992163,False
8779,-0.03130807,-0.030459374,False
8780,0.054415897,-0.017531946,False
8781,0.01819726,-0.0071592107,False
8782,-0.07299924,-0.0611102,False
8783,-0.036596,-0.1401121,False
8784,-0.8797426,-0.32840967,False
8785,-0.3972118,-0.21796536,False
8786,0.09733145,0.0015868098,False
8787,0.20845133,0.05577606,False
8788,-0.08855447,-0.028103426,False
8789,0.003559351,-0.1748786,False
8790,-0.15434083,-0.037752926,False
8791,0.02840352,-0.015264094,False
8792,-0.0050920295,-0.0050920295,False
8793,-0.8950952,-0.2921641,False
8794,-0.13705826,-0.111426115,False
8795,-0.24721313,0.062492967,False
8796,-0.004941599,-0.004941599,False
8797,-0.009247251,0.04969556,False
8798,0.06472662,-0.049005628,False
8799,0.123121955,0.04915262,False
8800,0.040432706,-0.048401058,False
8801,-0.18456423,-0.012761176,False
8802,0.08389616,0.00947845,False
8803,0.37136984,-0.27753973,False
8804,-1.4387493,-0.21056986,False
8805,-0.8265457,-0.3557124,False
8806,0.12540168,0.027183771,False
8807,0.0,0.0,False
8808,0.0,0.0,False
8809,0.033660114,-0.0016153753,False
8810,-0.0068747997,-0.00041010976,False
8811,0.031108374,0.0,False
8812,-0.20863855,-0.030751467,False
8813,-0.019465387,0.0058351755,False
8814,-0.016947806,0.017085925,False
8815,-0.006643355,0.037840843,False
8816,-0.018820617,-0.018820617,False
8817,0.30990577,0.032340705,False
8818,0.06575525,-0.010987818,False
8819,0.0072557777,0.036993876,False
8820,0.008209908,-0.012828099,False
8821,0.015623238,-0.000965083,False
8822,-0.0014095511,-0.0010878332,False
8823,-0.019632524,-0.019632524,False
8824,0.0007345192,-0.02420705,False
8825,-0.14580703,-0.099057436,False
8826,-0.0027945824,-0.01085379,False
8827,-0.009656742,0.037174586,False
8828,-0.25535792,-0.10706627,False
8829,0.0,0.00053230656,False
8830,-0.0054759304,-0.0054759304,False
8831,0.07137489,-0.09024191,False
8832,-0.0035577118,0.079343915,False
8833,0.083141305,0.041077003,False
8834,0.008723833,-0.019319776,False
8835,-0.00095286965,-0.040888593,False
8836,-0.118851304,0.023831844,False
8837,0.017668724,-0.053699553,False
8838,-0.005001223,-0.005001223,False
8839,0.16857088,0.05657506,False
8840,-0.0790454,-0.022207245,False
8841,-0.07251322,-0.05896604,False
8842,0.0,0.0,False
8843,-0.0061252713,-0.031610608,False
8844,0.0,0.0,False
8845,-0.0047713914,-0.0047713914,False
8846,0.01682365,0.0,False
8847,0.051500745,-0.0042131916,False
8848,0.0,0.0,False
8849,-0.08333692,-0.008872807,False
8850,0.10385847,-0.032786846,False
8851,-0.10948223,-0.042913854,False
8852,0.008212268,-0.08884829,False
8853,0.023424596,0.034478173,False
8854,0.017958373,-0.004437563,False
8855,0.0,0.0,False
8856,0.09537524,0.05102539,False
8857,-0.051537335,-0.074973136,False
8858,0.08778948,0.001341708,False
8859,0.048998825,0.008489482,False
8860,0.09592056,-0.18350387,False
8861,-0.009870685,-0.009870685,False
8862,-0.15764475,-0.0052446723,False
8863,-0.038918443,0.00021786988,False
8864,0.10931593,-0.001271084,False
8865,-0.080204785,0.039760172,False
8866,-0.030207356,-0.005248416,False
8867,0.016956948,0.010762807,False
8868,-0.015221563,-0.0142319435,False
8869,-0.23202145,0.036150575,False
8870,0.19734555,0.017933786,False
8871,0.023367405,0.039755464,False
8872,0.00039434433,0.018009484,False
8873,0.0,0.0,False
8874,-0.06709507,-0.0326235,False
8875,0.008322418,0.035657346,False
8876,-0.14923704,-0.08432621,False
8877,0.020046238,-0.060032625,False
8878,-0.009572965,-0.008076869,False
8879,-0.13037288,-0.10312593,False
8880,-0.18124795,-0.04090476,False
8881,-0.25090218,-0.111887455,False
8882,-0.23932165,-0.11930084,False
8883,0.01745661,-0.0011938505,False
8884,0.01589294,-0.014400268,False
8885,-0.011892052,-0.0030809268,False
8886,-0.028774321,0.02738522,False
8887,0.004491385,-0.030486062,False
8888,0.31192547,0.010147572,False
8889,0.0,0.0,False
8890,-0.08805245,-0.030158877,False
8891,0.37033594,-0.12655473,False
8892,-0.014856786,0.026092649,False
8893,0.04538046,0.0191584,False
8894,-0.022719204,-0.083464205,False
8895,-0.20046997,-0.21124339,False
8896,-0.016447399,-0.03554403,False
8897,0.071992934,0.053091764,False
8898,-0.10350531,-0.051492155,False
8899,0.03416568,-0.07268943,False
8900,0.011343345,0.037635274,False
8901,-0.03880763,0.07722396,False
8902,-0.09862158,-0.07901639,False
8903,0.0,0.0,False
8904,0.14651501,0.019882798,False
8905,-0.02696222,-0.043471754,False
8906,0.32016814,0.038798213,False
8907,-0.015740514,-0.024277702,False
8908,-0.038939983,0.012370378,False
8909,-0.041131947,-0.03187,False
8910,-0.22501826,-0.10474825,False
8911,0.22309959,0.00260818,False
8912,-0.11950326,-0.19775939,False
8913,-0.29619026,-0.098180294,False
8914,-0.08794145,0.005554974,False
8915,-0.0052479254,-0.0052479254,False
8916,0.013178831,0.031486265,False
8917,0.0,0.026497798,False
8918,-0.009219203,-0.0076041548,False
8919,-0.10418129,-0.044551134,False
8920,0.21655011,-0.012932062,False
8921,0.050741702,0.03609395,False
8922,0.0046908557,-0.045918047,False
8923,0.03679341,-0.029756159,False
8924,-0.11387327,-0.008900002,False
8925,-0.20381993,0.06564307,False
8926,-0.04802368,-0.0054819286,False
8927,0.08752124,-0.023950472,False
8928,-0.074018195,0.025879443,False
8929,0.04858172,-0.03267169,False
8930,0.51719904,0.08978212,False
8931,-0.20429617,-0.026357174,False
8932,-0.017225325,-0.06714952,False
8933,0.20029223,0.10356444,False
8934,0.008337736,-0.043877393,False
8935,-0.0027834177,0.022999316,False
8936,-0.0062189084,-0.027869817,False
8937,-0.0025899336,0.017687041,False
8938,-0.13801831,-0.07472563,False
8939,0.0,0.0,False
8940,-0.0011429004,-0.023725417,False
8941,-0.015177041,-0.017860234,False
8942,0.2705377,0.088198274,False
8943,0.1850071,0.018133283,False
8944,-0.04455749,0.0095870085,False
8945,-0.026973754,0.032953516,False
8946,-0.13889861,-0.032477856,False
8947,0.010254741,0.0022921562,False
8948,-0.010348976,-0.050884895,False
8949,0.0,0.0,False
8950,-0.00050887093,0.007393278,False
8951,-0.07574299,0.031120688,False
8952,-0.014611993,-0.033737175,False
8953,-0.008461173,-0.008461173,False
8954,-0.060889848,-0.023137487,False
8955,0.004360035,-0.1320517,False
8956,-0.047252655,-0.0139263235,False
8957,-0.0048277224,-0.0048277224,False
8958,-0.020395605,-0.020395605,False
8959,0.020868009,0.0,False
8960,0.022287035,0.0027429417,False
8961,0.0038980544,-0.03452027,False
8962,0.0,0.0,False
8963,0.0,0.0,False
8964,0.031459756,-0.030094529,False
8965,-0.017521491,-0.017521491,False
8966,-0.019212844,-0.019212844,False
8967,-0.0037567792,-0.0037567792,False
8968,0.0028075017,-0.013872152,False
8969,0.0,9.924843e-05,False
8970,0.0,0.00070501195,False
8971,0.0,0.00013241364,False
8972,-0.004841125,-0.004841125,False
8973,0.0024753595,-0.012914266,False
8974,-0.013608286,-0.0041974485,False
8975,0.0,0.0008150287,False
8976,-0.0077646077,-0.024239555,False
8977,-0.030943673,-0.023579495,False
8978,0.0008502528,-0.032261584,False
8979,-0.048659224,0.016558807,False
8980,0.069275774,0.0066160737,False
8981,-0.024054212,-0.024054212,False
8982,-0.030929271,-0.030929271,False
8983,-0.049903348,-0.029295653,False
8984,0.05816684,0.07126253,False
8985,0.18213326,-0.08480233,False
8986,0.0,0.0,False
8987,-0.021904591,-0.06398841,False
8988,0.04518154,0.0,False
8989,0.014118953,-0.02910184,False
8990,0.0013074,0.010088088,False
8991,-0.0046622367,-0.0046622367,False
8992,-0.039984927,-0.028166488,False
8993,0.11010386,0.03644831,False
8994,0.05615466,0.040640347,False
8995,-0.04463406,-0.04845649,False
8996,0.0,0.00063428486,False
8997,0.009130135,-0.015276015,False
8998,-0.069182664,-0.0904395,False
8999,-0.08085563,-0.063655294,False
9000,0.04269284,0.06517461,False
9001,0.048525978,0.0019456707,False
9002,-0.035084907,-0.035084907,False
9003,0.018748486,-0.024742408,False
9004,-0.052883297,0.008309752,False
9005,-0.014991283,-0.050851658,False
9006,0.04432124,0.03368756,False
9007,-0.038139492,-0.0017579794,False
9008,0.0,0.0,False
9009,0.0,0.0009843085,False
9010,-0.06777121,-0.030780874,False
9011,-0.12893629,-0.11790776,False
9012,-0.090549946,-0.018221736,False
9013,0.0141538,-0.008747366,False
9014,0.034570046,-0.009658857,False
9015,0.17855248,0.09775406,False
9016,0.07756674,0.0025894046,False
9017,-0.10764587,-0.062835336,False
9018,-0.071222246,-0.039594024,False
9019,-0.31849334,-0.01644212,False
9020,-0.03755492,-0.021531135,False
9021,0.0025977045,-0.0058555007,False
9022,-0.042997118,-0.042997118,False
9023,-0.30375254,-0.13360631,False
9024,-0.016005516,-0.004473865,False
9025,0.025171826,-0.018746762,False
9026,-0.15798473,-0.12949741,False
9027,-0.24600184,-0.039197683,False
9028,-0.04121846,0.02391991,False
9029,0.018502133,-0.00470827,False
9030,0.0060795993,-0.028139934,False
9031,-0.12487045,-0.10158944,False
9032,-0.19678518,-0.005898267,False
9033,-0.113497496,0.03740084,False
9034,-0.038047224,-0.0016946793,False
9035,0.0171154,-0.020885814,False
9036,0.15307653,0.0523234,False
9037,0.036289647,-0.00012370944,False
9038,0.0,0.0,False
9039,-0.032985166,-0.011085901,False
9040,-0.19824782,-0.06753284,False
9041,0.2126925,-0.100230694,False
9042,0.01672548,-0.033681005,False
9043,-0.014337425,-0.014337425,False
9044,-0.047025435,-0.032133978,False
9045,0.029921353,0.061449945,False
9046,-0.20543656,-0.031243086,False
9047,-0.24844956,-0.18323374,False
9048,0.11254722,0.04664913,False
9049,-0.15908897,-0.012297004,False
9050,0.14480212,0.093909174,False
9051,-0.39007705,-0.080356,False
9052,0.015725844,-0.009425215,False
9053,-0.020340081,-0.016308896,False
9054,-0.047478408,-0.08568276,False
9055,0.0076729655,-0.034404516,False
9056,-0.10319086,-0.008816659,False
9057,-0.023982946,0.024465956,False
9058,0.0,0.0,False
9059,0.0457254,0.0025998103,False
9060,-0.13736695,-0.018373966,False
9061,-0.10528308,-0.06526172,False
9062,-0.147295,0.06534982,False
9063,-0.15423426,-0.013960481,False
9064,-0.101995945,-0.10851526,False
9065,-0.00914301,-0.008734168,False
9066,-0.004723234,0.00094874064,False
9067,0.076859005,-0.06858551,False
9068,-0.015105307,0.002281338,False
9069,0.015846686,0.0012529655,False
9070,-0.121794224,0.062870026,False
9071,0.18309048,-0.030660242,False
9072,-0.004047248,-0.004047248,False
9073,-0.003730193,-0.003730193,False
9074,0.012875119,-0.001585432,False
9075,-0.0144231375,0.034695037,False
9076,-0.01953308,-0.06435106,False
9077,-0.004796208,-0.004796208,False
9078,-0.14757556,-0.08871102,False
9079,-0.005872965,-0.07123035,False
9080,-0.18997183,-0.08700073,False
9081,0.022826832,-0.00018427335,False
9082,-0.011734128,0.008039072,False
9083,-0.071458,0.015157908,False
9084,-0.0047686566,-0.0047686566,False
9085,0.018333292,-0.0040330016,False
9086,0.10368851,0.030880406,False
9087,-0.06468263,-0.10763914,False
9088,-0.0039994186,-0.002616264,False
9089,0.0061686784,-0.01567994,False
9090,0.041799814,-0.076619655,False
9091,0.01970844,-0.020618603,False
9092,-0.32634753,-0.06356263,False
9093,0.0030207,-0.020762619,False
9094,-0.007855378,0.015075967,False
9095,0.030455455,-0.0058232546,False
9096,-0.0043838597,-0.0043838597,False
9097,-0.0051013622,-0.0051013622,False
9098,-0.017307542,-0.0788162,False
9099,0.0319376,-0.016810417,False
9100,-0.003376223,-0.003376223,False
9101,0.023547307,0.03259754,False
9102,-0.030503452,0.0028865337,False
9103,-0.013944654,-0.013944654,False
9104,0.0,0.0,False
9105,-0.32413888,-0.089250565,False
9106,-0.04952765,-0.015323602,False
9107,-0.016584886,-0.032431573,False
9108,-0.04626429,0.0013771877,False
9109,-0.071703106,0.009049684,False
9110,-0.008518954,-0.008518954,False
9111,0.054947563,0.001648657,False
9112,-0.0043711695,-0.0016468936,False
9113,-0.14181954,0.051176846,False
9114,0.0,0.002005856,False
9115,0.0,0.0011092336,False
9116,0.011535729,-0.0019944,False
9117,0.0,0.0020723676,False
9118,0.0,0.0011090674,False
9119,0.0,0.0027513888,False
9120,-0.00924047,-0.00924047,False
9121,-0.02985458,-0.074817754,False
9122,0.0,0.0,False
9123,0.0,0.0,False
9124,-0.0021170676,0.008228838,False
9125,-0.01057891,-0.01057891,False
9126,-0.008688796,-0.02506639,False
9127,-0.0013443232,-0.011755466,False
9128,0.0312685,0.007410407,False
9129,-0.08242438,-0.10591257,False
9130,0.0,0.0,False
9131,-0.10928775,0.072981745,False
9132,-0.058859177,-0.0261822,False
9133,0.008566946,-0.043905437,False
9134,-0.10759854,-0.09453893,False
9135,-0.013540862,-0.013540862,False
9136,-0.016165495,-0.04376167,False
9137,0.8652818,0.012887239,False
9138,0.30513895,0.10555416,False
9139,0.050233766,-0.01274069,False
9140,0.027343474,-0.013256364,False
9141,0.045455337,-0.009489477,False
9142,-0.013432496,-0.013432496,False
9143,0.12785172,0.13706875,False
9144,0.09390724,0.008624613,False
9145,-0.0040132385,-0.02732816,False
9146,0.041180298,-0.15869735,False
9147,-0.022934288,0.012058318,False
9148,0.053936437,-0.035230577,False
9149,0.013329327,0.011679083,False
9150,0.12001538,-0.03247702,False
9151,0.14959243,0.021434754,False
9152,0.14120653,0.059413165,False
9153,-0.14812915,0.01077342,False
9154,0.0020136125,-0.014084575,False
9155,-0.0038389098,-0.027153831,False
9156,-0.01962004,-0.01962004,False
9157,-0.014793584,0.0010368638,False
9158,-0.02624128,0.003112644,False
9159,0.018089622,-0.26445004,False
9160,-0.033727378,0.01858852,False
9161,-0.010409812,0.00092067756,False
9162,-0.080522805,-0.010684222,False
9163,-0.07789889,-0.007374823,False
9164,0.0013304651,0.015041888,False
9165,-0.00015309826,0.031066407,False
9166,-0.02346421,0.064563595,False
9167,-0.0046094116,-0.0020870287,False
9168,0.26050967,0.03216958,False
9169,-0.009325076,-0.009325076,False
9170,-0.06928248,-0.01302195,False
9171,-0.059807926,-0.02635178,False
9172,0.029886734,-0.013357102,False
9173,-0.023968773,-0.002922032,False
9174,-0.004990244,-0.004990244,False
9175,-0.012015969,-0.034862082,False
9176,0.0,0.0067109982,False
9177,-0.008696854,-0.056979537,False
9178,-0.022076532,0.012360483,False
9179,0.07292467,0.061021566,False
9180,-0.08551675,-0.11972228,False
9181,0.04975961,0.008505195,False
9182,-0.16026184,0.016072482,False
9183,0.0008431673,-0.030046865,False
9184,-0.03466031,0.055642992,False
9185,-0.005439315,-0.005439315,False
9186,0.0,0.0,False
9187,-0.00967324,-0.006686503,False
9188,0.09943864,0.0017272718,False
9189,-0.014147087,0.0020767758,False
9190,0.0,0.0,False
9191,0.0,0.0019094964,False
9192,-0.0050150263,0.00086509855,False
9193,0.0,0.0,False
9194,0.12229678,0.0040681697,False
9195,-0.00030600652,-0.013476167,False
9196,-0.033701446,-0.0484799,False
9197,-0.010297344,-0.006581016,False
9198,0.14244938,0.042663038,False
9199,0.23512542,0.114464164,False
9200,-0.26029024,-0.013566732,False
9201,-0.1972866,0.052378654,False
9202,0.013147593,0.012309343,False
9203,-0.33816147,-0.10452914,False
9204,-0.088522464,-0.018497348,False
9205,0.07078996,-0.025898159,False
9206,-0.07702714,0.022700071,False
9207,0.01936245,-0.012110099,False
9208,0.16351493,-0.012025796,False
9209,-0.21625012,-0.10564351,False
9210,0.026079357,0.018323682,False
9211,-0.007300526,-0.021851406,False
9212,0.11506978,0.012118459,False
9213,0.11686647,-0.005075246,False
9214,-0.09614313,-0.088914156,False
9215,-0.07238591,-0.057496548,False
9216,-0.42238593,-0.077347815,False
9217,-0.034297436,0.11296633,False
9218,-0.22680736,-0.07660818,False
9219,0.01778756,0.028836273,False
9220,0.058290005,-0.03017664,False
9221,0.040588267,0.014399506,False
9222,-0.0036247522,-0.008332334,False
9223,-0.018446162,-0.018446162,False
9224,-0.03220117,-0.014184982,False
9225,-0.16884243,-0.15837657,False
9226,0.0069940276,0.0011711828,False
9227,-0.048573196,-0.012575626,False
9228,-0.09576172,-0.10615289,False
9229,-0.25678384,-0.08986533,False
9230,0.0,0.0016043714,False
9231,-0.11281514,-0.22190595,False
9232,0.024310276,-0.021421425,False
9233,0.0,0.0,False
9234,0.005082827,-0.017421069,False
9235,-0.013342263,-0.013342263,False
9236,0.008088609,-0.015299145,False
9237,0.019734943,-0.004832107,False
9238,0.0,0.0,False
9239,-0.004424326,-0.004424326,False
9240,0.0,0.0,False
9241,0.0,0.0,False
9242,0.0,0.0,False
9243,0.01088707,-0.014115496,False
9244,0.03590919,0.0,False
9245,-0.01842895,-0.009509051,False
9246,0.0,0.0,False
9247,0.26243722,0.11605489,False
9248,0.0020667836,-0.021352632,False
9249,-0.023533653,-0.0081883,False
9250,0.07451415,0.004480481,False
9251,-0.31765175,-0.049208164,False
9252,0.037326243,-0.004747407,False
9253,0.038593233,0.0022366643,False
9254,-0.035134025,0.025448391,True
9255,0.054457396,0.019391209,False
9256,-0.19580579,-0.069392264,False
9257,-0.024930881,-0.024930881,False
9258,-0.008527286,-0.016599666,False
9259,0.010578036,-0.016901322,False
9260,-0.19106048,-0.00028160214,False
9261,-0.03312303,-0.037791118,False
9262,-0.15008408,-0.07183114,False
9263,-0.022853494,0.030260444,False
9264,-0.07143317,-0.015971258,False
9265,0.0,0.0,False
9266,-0.09531072,0.018961348,False
9267,-0.21069455,-0.17313206,False
9268,0.12684003,0.057808965,False
9269,0.11559825,0.008604828,False
9270,0.0,0.0,False
9271,0.018719751,-0.008856675,False
9272,-0.10899967,-0.018862009,False
9273,-0.0052190633,-0.0052190633,False
9274,0.097797155,-0.024662435,False
9275,0.012358983,-0.0020236245,False
9276,-0.004502146,-0.004502146,False
9277,0.038008884,-0.042469256,False
9278,-0.017162044,-0.012509508,False
9279,-0.004879865,-0.004879865,False
9280,-0.00428287,-0.0041809906,False
9281,0.13700384,0.060148276,False
9282,0.22439158,0.09708941,False
9283,-0.018716812,-0.033450186,False
9284,-0.08704661,0.0019710213,False
9285,-0.015093446,-0.011111962,False
9286,0.05380559,-0.2290256,False
9287,0.047816873,-0.03348708,False
9288,-0.17320642,-0.013849258,False
9289,-0.13937807,-0.21263623,False
9290,-0.14312649,-0.21503735,False
9291,0.06765252,0.0080138445,False
9292,0.004862666,-0.07210727,False
9293,0.015982259,0.012771148,False
9294,-0.0044916803,-0.0044916803,False
9295,-1.1936892,-0.14165261,True
9296,0.084026456,-0.10360372,False
9297,-0.01004073,-0.0036988556,False
9298,-0.23939085,-0.1981883,False
9299,-0.11837421,-0.28488642,False
9300,-0.022041216,0.017728448,False
9301,-0.09445894,0.08970505,False
9302,0.036407292,-0.037902817,False
9303,-0.014124095,0.015643537,False
9304,-0.004775405,0.08560568,False
9305,0.01955054,-0.0034174668,False
9306,-0.20154238,-0.06251764,False
9307,0.034310818,0.0933274,False
9308,0.08413963,0.029877901,False
9309,-0.07713452,0.054781705,False
9310,-0.06355208,0.04638189,False
9311,0.0007154662,-0.015700383,False
9312,-0.25492167,-0.2836442,False
9313,-0.1902565,-0.05074644,False
9314,-0.014952101,0.012622517,False
9315,0.0,0.0,False
9316,0.0494674,0.04936616,False
9317,0.0,0.0,False
9318,-0.29215097,-0.2464211,False
9319,-0.013874479,-0.0029016957,False
9320,0.119681835,0.013822317,False
9321,0.0,0.0,False
9322,-0.009698127,-0.009698127,False
9323,0.028362982,-0.01024112,False
9324,0.013235197,-0.009096938,False
9325,-0.04192455,-0.019635782,False
9326,0.038694203,0.13846305,False
9327,0.2417233,0.027020678,False
9328,0.08800906,-0.05840069,False
9329,-0.018102119,-0.018102119,False
9330,0.0110822655,-0.005006542,False
9331,-0.044838294,-0.06592481,False
9332,0.04404281,-0.18781655,False
9333,0.0,0.0,False
9334,-0.13344985,-0.023597836,False
9335,0.037487626,0.0034537911,False
9336,-0.29032207,-0.03950405,False
9337,-0.09517216,-0.10778486,False
9338,-0.014204902,-0.014204902,False
9339,-0.06451233,-0.004149407,False
9340,-0.057673395,-0.052582026,False
9341,0.0,0.0,False
9342,-1.2983446,-0.22154427,False
9343,0.0015473943,-0.018810814,False
9344,-0.01948558,-0.01948558,False
9345,0.23407722,0.05421257,False
9346,0.0,2.443273e-05,False
9347,-0.038727462,-0.09724523,False
9348,0.0,0.00020426694,False
9349,0.22702122,0.013434172,False
9350,-0.018163979,0.026875392,False
9351,0.041180566,-0.014375538,False
9352,-0.018887982,0.024101734,False
9353,0.034914687,-0.007321081,False
9354,0.0,0.0,False
9355,0.07902302,-0.025251973,False
9356,-0.12198487,-0.027275413,False
9357,-0.0632875,0.05234021,False
9358,-0.14576918,-0.0115031,False
9359,0.029757261,0.016965926,False
9360,-0.014648378,0.010861218,False
9361,-0.12534769,-0.05622451,False
9362,-0.027460575,0.0026964545,False
9363,-0.0018152837,-0.023098325,False
9364,0.11738908,0.10990256,False
9365,0.07662845,-0.033617556,False
9366,-0.15703946,-0.030487955,False
9367,-0.058611963,-0.017121814,False
9368,-0.20090741,-0.107183754,False
9369,0.0,0.0,False
9370,0.0071296096,-0.0856632,False
9371,-0.18207121,0.010248661,False
9372,-0.0050669704,-0.0043335455,False
9373,0.05639092,-0.0056707785,False
9374,0.049249828,0.06166464,False
9375,-0.09227413,-0.0064198673,False
9376,-0.011638403,-0.034086503,False
9377,-0.055556715,0.052545488,False
9378,-0.01910148,-0.01910148,False
9379,-0.5613792,-0.15693998,False
9380,0.037305355,-0.0073353974,False
9381,0.0,0.0,False
9382,-0.028708622,-0.006785527,False
9383,0.0,0.0,False
9384,-0.009582129,-0.009582129,False
9385,0.016023114,-0.007122174,False
9386,0.0075273737,-0.036879722,False
9387,-0.012960644,-0.012960644,False
9388,-0.12163794,-0.09923363,False
9389,-0.05896783,-0.013758495,False
9390,0.03426975,-0.03318298,False
9391,0.0,0.0,False
9392,-0.022676736,-0.037251204,False
9393,-0.051217034,0.0008280277,False
9394,-0.06286648,-0.037532896,False
9395,0.018555976,-0.0018310709,False
9396,-0.03273037,-0.018004108,False
9397,-0.03652902,-0.099789955,False
9398,-0.004683405,-0.004076953,False
9399,0.0019400846,-0.016714027,False
9400,-0.13947529,-0.07669479,False
9401,-0.06103431,-0.06103431,False
9402,-0.0003917776,-0.013494023,False
9403,-0.015392663,0.018616132,False
9404,-0.0050021075,-0.0050021075,False
9405,0.0,0.0,False
9406,-0.0047382866,-0.00326308,False
9407,-0.028014831,-0.06760202,False
9408,-0.13631281,-0.038356245,False
9409,-0.09944072,0.020720255,True
9410,-0.05742216,-0.2967453,False
9411,0.0,0.0,False
9412,-0.032353178,0.01543498,False
9413,-0.008761644,-0.015009098,False
9414,-0.207254,-0.030786872,False
9415,0.021961853,0.019832313,False
9416,-0.0062853005,-0.022579797,False
9417,0.11658014,0.045214206,False
9418,0.021624804,0.0131267905,False
9419,-0.0047401586,-0.0047401586,False
9420,-0.013462596,-0.029698178,False
9421,0.21290356,-0.0060986876,False
9422,-0.022499979,-0.015941866,False
9423,-0.07405478,-0.03650506,False
9424,0.4140184,0.04233575,False
9425,0.0,0.0,False
9426,-0.012715718,-0.028390346,False
9427,-0.017701529,0.04021051,False
9428,0.016714573,-0.03803051,False
9429,0.026808115,-0.017849842,False
9430,-0.023655146,-0.015617371,False
9431,-0.021418005,-0.06880683,False
9432,-0.004155696,-0.004155696,False
9433,-0.10023561,-0.04873214,False
9434,-0.0096717505,-0.0096717505,False
9435,-0.004915913,-0.0038609712,False
9436,-0.009432869,-0.009432869,False
9437,0.0032208683,-0.0058328123,False
9438,0.04882687,-0.004011316,False
9439,-0.0077342205,-0.029905194,False
9440,-0.0571225,-0.031016931,False
9441,-0.02115006,-0.017318629,False
9442,0.0,0.0,False
9443,0.07569772,-0.01378566,False
9444,-0.0520823,-0.028096914,False
9445,-0.074505165,-0.020015374,False
9446,0.0,0.0,False
9447,0.0,0.0,False
9448,0.0,0.0024622127,False
9449,0.048456132,0.008601874,False
9450,-0.008346711,-0.008346711,False
9451,0.24401802,-0.037161678,False
9452,-0.008821207,-0.008821207,False
9453,0.069897175,-0.04175502,False
9454,-0.02785454,0.048918158,False
9455,0.022858566,0.0023080893,False
9456,-0.0046922965,-0.0046922965,False
9457,-0.06872991,0.022459567,False
9458,0.0,0.0,False
9459,0.01890587,-0.019484788,False
9460,0.027466543,0.01479163,False
9461,0.033975806,-0.0066880374,False
9462,-0.008274503,-0.04957534,False
9463,-0.0083894,-0.0083894,False
9464,0.004878748,-0.00494799,False
9465,0.0,0.0,False
9466,0.017484939,-0.004929276,False
9467,0.0,0.0,False
9468,0.017074456,0.0,False
9469,-0.004901953,-0.004901953,False
9470,0.0,0.0,False
9471,-0.041672487,-0.015278779,False
9472,-0.024970438,-0.04701271,False
9473,0.002783399,0.0133785345,False
9474,0.032427996,-0.009489818,False
9475,-0.005935151,-0.028741788,False
9476,-0.03544405,-0.09643759,False
9477,0.014135785,0.0034537613,False
9478,0.0,0.0,False
9479,-0.0078587765,-0.0078587765,False
9480,0.1471073,0.013506979,False
9481,-0.01052393,0.006935686,False
9482,0.02546683,-0.04284516,False
9483,-0.155182,-0.056601107,False
9484,0.095897734,-0.044950783,False
9485,0.052645005,0.0064946935,False
9486,0.028692648,-0.21579841,False
9487,-0.13295355,-0.05661127,False
9488,0.0,0.0,False
9489,0.0,0.0,False
9490,0.0037981793,-0.07793853,False
9491,0.08566424,-0.034674495,False
9492,-0.0061350185,-0.027622033,False
9493,0.0,0.0,False
9494,-0.039660122,-0.046629343,False
9495,-0.014426698,-0.014426698,False
9496,0.09281525,-0.01158849,False
9497,-0.00074883364,0.020276656,False
9498,-0.061669588,0.033807546,False
9499,-0.010194036,-0.009165204,False
9500,0.00650769,0.0045689475,False
9501,0.022093898,-0.023148505,False
9502,-0.017987527,-0.035577923,False
9503,0.053151783,-0.0013561519,False
9504,-0.008413993,-0.004913803,False
9505,-0.02271121,0.036445096,False
9506,0.02551639,-0.018546656,False
9507,-0.0042979857,-0.0042979857,False
9508,-0.037545547,-0.0046347305,False
9509,0.0,0.0002011128,False
9510,-0.017473161,0.051584303,False
9511,-0.009182699,0.03646242,False
9512,-0.0025641937,-0.014658396,False
9513,0.03811603,0.06485068,False
9514,-0.00494222,-0.00494222,False
9515,0.8934164,-0.18230367,False
9516,-0.008213017,0.012183264,False
9517,0.0,0.0,False
9518,0.07595022,-0.011864655,False
9519,0.055580795,0.0019914657,False
9520,0.03147166,0.0082462095,False
9521,-0.058986343,-0.0074321106,False
9522,-0.0050964383,-0.0050964383,False
9523,-0.008471262,-0.019472811,False
9524,0.091404706,0.008284058,False
9525,-0.004599022,-0.004599022,False
9526,0.146936,0.011237323,False
9527,0.027253993,0.021648902,False
9528,0.043348625,-0.13210954,False
9529,0.0,0.0,False
9530,-0.0074435025,0.013976015,False
9531,-0.004898837,-0.026357068,False
9532,0.025456637,-0.11177623,False
9533,-0.03009572,-0.03009572,False
9534,-0.019154746,-0.019154746,False
9535,-0.14353526,0.048313677,False
9536,0.0,0.0002409382,False
9537,0.030523408,0.026871119,False
9538,0.007931098,-0.005309593,False
9539,0.0,0.0,False
9540,-0.09937424,-0.046419203,False
9541,0.015488696,-0.0036918141,False
9542,0.0073432736,-0.014786141,False
9543,0.01579829,-0.022977918,False
9544,0.071365945,-0.017358933,False
9545,-0.16058582,-0.022209942,False
9546,-0.06035859,-0.017185822,False
9547,-0.013161431,-0.013161431,False
9548,-0.018245187,-0.018245187,False
9549,0.03429631,0.018218113,False
9550,-0.10577476,-0.07804856,False
9551,-0.009102385,-0.009102385,False
9552,-0.15455568,-0.036351204,False
9553,0.0,0.0,False
9554,0.039182246,-0.0005129166,False
9555,-0.007537797,-0.029256374,False
9556,0.0014602393,-0.02878343,False
9557,0.01795205,-0.005091785,False
9558,0.061453134,-0.0057190154,False
9559,-0.008125259,-0.008125259,False
9560,-0.008129016,0.02290544,False
9561,-0.0048277224,-0.0048277224,False
9562,0.015344967,-0.009389899,False
9563,0.0,0.0,False
9564,0.008855052,-0.034039408,False
9565,-0.009809808,-0.009809808,False
9566,-0.00378165,-0.003219461,False
9567,3.6105514e-05,-0.02300098,False
9568,0.094959795,-0.0144761205,False
9569,-0.10750555,-0.054460958,False
9570,0.012982731,-0.008881397,False
9571,-0.020793024,-0.020793024,False
9572,0.017116368,-0.007826023,False
9573,-0.014952344,-0.014952344,False
9574,-0.0049911174,-0.0049911174,False
9575,-0.027113302,-0.04575764,False
9576,0.0,0.0,False
9577,0.057914097,-0.01927222,False
9578,-0.07677355,-0.122342974,False
9579,0.18385085,0.014432579,False
9580,0.077768326,-0.060503036,False
9581,-0.022746813,-0.022746813,False
9582,0.0,0.00018759635,False
9583,0.039568655,0.009291381,False
9584,0.0,0.0,False
9585,-0.0046938825,-0.024018211,False
9586,-0.023703033,-0.023703033,False
9587,0.02204227,0.0,False
9588,0.03151048,0.03528806,False
9589,0.03870844,-0.043383263,False
9590,-0.009747161,-0.027050892,False
9591,0.041642684,-0.01684701,False
9592,0.027556777,-0.014698313,False
9593,0.021283042,0.0,False
9594,-0.026651736,-0.0022864789,False
9595,0.008210864,-0.011528701,False
9596,-0.040579025,-0.040579025,False
9597,0.07239771,-0.23638654,False
9598,0.0023817718,0.018627077,False
9599,-0.028300688,-0.014697507,False
9600,-0.027830232,0.0024851393,False
9601,-0.014820252,-0.014820252,False
9602,0.0,0.0,False
9603,0.007914229,-0.012809779,False
9604,0.0,0.0,False
9605,-0.010251053,-0.03130641,False
9606,0.052849144,-0.03587082,False
9607,-0.008622065,-0.06774223,False
9608,-0.11523825,-0.015599847,False
9609,0.0,0.0,False
9610,-0.008557297,-0.008557297,False
9611,0.017269768,-0.005043514,False
9612,0.003390167,-0.019556902,False
9613,0.0,0.0009815024,False
9614,0.0,0.0,False
9615,0.03753691,-0.053497903,False
9616,0.0,0.0,False
9617,0.035252005,-0.0089694755,False
9618,0.004466567,-0.0068627223,False
9619,0.051600456,-0.02099502,False
9620,0.022372968,0.0,False
9621,-0.007127583,-0.04569572,False
9622,-0.008507572,-0.03140874,False
9623,0.0,0.0,False
9624,0.0,0.0,False
9625,0.0,0.0,False
9626,-0.26404965,0.061524272,False
9627,-0.04064311,-0.21789743,False
9628,0.06410092,-0.039408326,False
9629,-0.004842421,-0.004842421,False
9630,0.0,0.0,False
9631,0.062219173,0.024496615,False
9632,0.0,0.00018437018,False
9633,-0.010138914,-0.010138914,False
9634,0.090870775,-0.08781896,False
9635,0.05158123,0.0007042978,False
9636,-0.032499127,-0.0251754,False
9637,-0.0050676838,-0.0050676838,False
9638,0.0,0.0,False
9639,-0.03728093,-0.0107723735,False
9640,0.032440014,-0.01422109,False
9641,0.23653775,0.026042938,False
9642,-0.046094954,-0.026758313,False
9643,-0.0133827245,-0.0133827245,False
9644,0.019579079,-0.020551138,False
9645,0.0064060856,-0.015497809,False
9646,0.008563094,0.019331139,False
9647,-0.013925547,-0.013925547,False
9648,0.0056711286,-0.01660844,False
9649,-0.005532589,-0.042734876,False
9650,-0.018001677,-0.018001677,False
9651,-0.01948763,-0.01948763,False
9652,0.02087083,-0.0038465299,False
9653,0.0,0.0,False
9654,-0.0097750155,-0.0097750155,False
9655,-0.019519687,-0.10824401,False
9656,0.0,0.0,False
9657,0.015261687,0.0,False
9658,-0.016275756,-0.036897846,False
9659,0.0,0.00010535387,False
9660,-0.009991089,-0.0066178534,False
9661,0.0,0.0005660058,False
9662,0.0,0.0,False
9663,-0.015330404,0.002716288,False
9664,-0.010258351,-0.010258351,False
9665,0.023015708,-0.0721158,False
9666,0.005898565,-0.02213946,False
9667,0.0044131186,-0.0073564523,False
9668,0.00789151,0.0029088445,False
9669,-0.009352202,-0.009352202,False
9670,-0.0046121166,-0.0038866806,False
9671,-0.034896232,-0.0077288523,False
9672,0.02733991,-0.01449962,False
9673,-0.009490543,-0.009174291,False
9674,0.08849857,0.011142179,False
9675,0.018166214,-0.0034862934,False
9676,-0.02285511,-0.018952956,False
9677,0.027108073,-0.013248116,False
9678,0.0,0.0,False
9679,0.014020845,-0.027955402,False
9680,0.016590629,-0.021498218,False
9681,-0.12734509,-0.04716468,False
9682,0.015248135,-0.06320304,False
9683,0.010144144,-0.014272958,False
9684,0.0,0.0,False
9685,0.004880214,-0.008404442,False
9686,0.043850634,-0.03987493,False
9687,0.018226508,-0.0016330555,False
9688,0.113580026,0.05252067,False
9689,-0.009648245,-0.009648245,False
9690,0.0,0.0,False
9691,0.0,0.0,False
9692,0.006702967,-0.033562563,False
9693,-0.013656797,-0.013656797,False
9694,0.0,0.0,False
9695,-0.0049564024,-0.0049564024,False
9696,-0.099551044,-0.15206504,True
9697,0.0,0.0,False
9698,0.0,0.0,False
9699,0.02608091,-0.06221355,False
9700,-0.09059417,-0.0006663501,False
9701,-0.060700357,-0.02784729,False
9702,0.0,0.0,False
9703,0.023424275,0.023978703,False
9704,-0.016650125,-0.0017668754,False
9705,-0.09149492,-0.022800386,False
9706,0.019138135,-0.09129256,False
9707,-0.11009586,-0.0027496815,False
9708,0.07380427,-0.035094023,False
9709,-0.06449941,-0.08697873,False
9710,-0.09264016,-0.022990197,False
9711,-0.07859847,-0.015349939,False
9712,-0.013189115,-0.013189115,False
9713,-0.019248696,-0.019248696,False
9714,0.009297833,-0.041043162,False
9715,-0.13636136,0.009895921,False
9716,-0.08120048,-0.096483946,False
9717,-0.06261873,0.02573514,False
9718,-0.070235685,-0.01735004,False
9719,-0.10650729,-0.04546395,False
9720,0.031785667,0.034756422,False
9721,-0.02393186,-0.15038288,False
9722,-0.056578293,-0.032788396,False
9723,-0.011353613,-0.011353613,False
9724,0.09072174,0.03148187,False
9725,-0.12541404,-0.040647864,False
9726,0.084847845,-0.017761258,False
9727,0.046340235,0.009622306,False
9728,-0.24950463,-0.02049476,False
9729,-0.056812696,-0.022357695,False
9730,-0.028818315,-0.04589277,False
9731,-0.18381613,-0.04013908,False
9732,-0.32460582,0.098049045,False
9733,0.10465039,-0.028669067,False
9734,-0.008114008,-0.008114008,False
9735,-0.04811123,-0.018085197,False
9736,-0.044685677,0.0068557337,False
9737,0.00079042837,-0.018497057,False
9738,0.0,0.0,False
9739,-0.009417555,-0.009417555,False
9740,-0.11571264,-0.013522387,False
9741,-0.11509779,0.0027930737,False
9742,-0.056822322,-0.0024537519,False
9743,0.05504191,-0.15297322,False
9744,-0.0049748793,-0.0049748793,False
9745,-0.022414535,-0.060258836,False
9746,0.2205671,-0.015142918,False
9747,-0.060592756,-0.06646952,False
9748,0.010607218,-0.009305624,False
9749,0.019104,-0.01574402,False
9750,0.0,0.0008543782,False
9751,0.036464095,-0.0013846061,False
9752,-0.028487774,-0.028487774,False
9753,-0.013960191,-0.01305617,False
9754,0.0074536037,-0.012597006,False
9755,-0.0043615783,-0.0036571315,False
9756,0.052965246,0.01521536,False
9757,0.0,0.0,False
9758,0.0043548346,0.011010408,False
9759,-0.020721622,-0.019454554,False
9760,-0.07465869,-0.035215884,False
9761,-0.03394681,0.009218276,False
9762,-0.078827634,-0.045436025,False
9763,-0.007770553,-0.037323326,False
9764,0.02067995,-0.13846815,False
9765,-0.10999906,0.0049845576,False
9766,-0.13143313,-0.036354005,False
9767,0.0,0.0,False
9768,-0.180035,-0.03655827,False
9769,0.07974313,-0.0577638,False
9770,-0.1574443,-0.094613194,False
9771,-0.26222682,-0.05882883,False
9772,0.11164552,-0.00023055077,False
9773,0.04181713,-0.052520454,False
9774,0.028336272,0.04801655,False
9775,0.013162237,-0.016293587,False
9776,-0.009078707,-0.00730069,False
9777,0.01981208,-0.01825179,False
9778,-0.022375304,-0.021143911,False
9779,-0.12745368,-0.009845138,False
9780,0.024099749,0.023857098,False
9781,-0.04734075,0.007697642,False
9782,0.023360897,0.0028311433,False
9783,-0.12060988,-0.14574504,False
9784,-0.041588467,-0.0350121,False
9785,0.019490123,-0.047738552,False
9786,0.0,0.0,False
9787,-0.0051453733,-0.0026991754,False
9788,-0.07818344,0.0047870353,False
9789,0.0,0.0,False
9790,0.008580248,-0.013981218,False
9791,-0.024597518,-0.041840408,False
9792,-0.008265705,-0.008265705,False
9793,-0.04866041,-0.025903808,False
9794,0.016863942,-0.02105999,False
9795,-0.021714687,-0.007087648,False
9796,-0.046918124,-0.010028005,False
9797,0.012965027,0.0028232336,False
9798,-5.0723553e-05,-0.005750805,False
9799,-0.003413568,-0.003413568,False
9800,0.0,0.0009100598,False
9801,0.099889904,-0.13109186,False
9802,-0.0012820568,-0.02452306,False
9803,-0.019481435,0.0045216233,False
9804,-0.015472487,0.0448609,False
9805,0.03328681,-0.04447061,False
9806,-0.029226838,-0.029226838,False
9807,-0.02786653,-0.02786653,False
9808,-0.027787212,-0.027787212,False
9809,-0.10420064,0.030456085,True
9810,0.061620135,-0.033394936,False
9811,0.03225642,-0.012080446,False
9812,0.010253809,0.01903557,False
9813,0.017152324,-0.06307512,False
9814,0.07072155,-0.04284908,False
9815,0.0,0.0,False
9816,0.012623723,-0.009923772,False
9817,-0.035266016,0.024489459,False
9818,0.026928872,0.02714777,False
9819,-0.013946966,-0.013946966,False
9820,0.05076907,0.021312341,False
9821,0.1374318,0.06885001,False
9822,-0.03511101,-0.0439758,False
9823,-0.07112972,0.013594717,False
9824,0.058261253,0.007199131,False
9825,0.14126271,-0.0140606165,False
9826,-0.036913797,-0.052760486,False
9827,-0.052510515,0.047993198,False
9828,-0.20176342,-0.021894634,False
9829,-0.15120173,-0.060299933,False
9830,0.022170974,0.0,False
9831,-0.0027100742,-0.009067416,False
9832,0.0,0.0,False
9833,-0.0005145073,-0.032334805,False
9834,-0.016755145,0.026198346,False
9835,-0.0036233715,-0.0036233715,False
9836,0.12392546,0.022307962,False
9837,0.19852448,-0.05724907,False
9838,-0.008764936,-0.008764936,False
9839,0.0,0.0,False
9840,-0.043142706,-0.028148778,False
9841,0.04681482,0.006710939,False
9842,-0.037472382,-0.0052764416,False
9843,0.007573262,-0.030937657,False
9844,0.009206742,0.06578192,False
9845,0.009659633,0.015984133,False
9846,0.0,0.0,False
9847,-0.6726961,-0.063057184,False
9848,-0.023547262,0.005470425,False
9849,-0.010237575,-0.052396446,False
9850,0.0039413236,-0.055527635,False
9851,-0.031873167,0.01646687,False
9852,-0.23469448,-0.0854305,False
9853,-0.011115238,-0.034016404,False
9854,-0.027249524,-0.020975787,False
9855,0.023478162,0.0,False
9856,-0.05822111,-0.022569194,False
9857,0.08708644,0.019764714,False
9858,-0.016246945,0.0140450895,False
9859,-0.17223987,-0.018550098,False
9860,0.010600208,-0.004661479,False
9861,0.0007432699,-0.015420198,False
9862,-0.028855562,-0.07094598,False
9863,-0.041863814,0.0067565627,False
9864,0.14580339,0.030004561,False
9865,-0.0042173397,-0.0042173397,False
9866,-0.27111888,-0.16046512,False
9867,0.20494482,0.024040341,False
9868,-0.1701001,-0.19849145,False
9869,-0.33657956,-0.06791282,False
9870,-0.015049458,0.002976656,False
9871,0.11114526,-0.12343848,False
9872,-0.021353006,-0.10863662,False
9873,0.33883882,-0.15033293,False
9874,0.06958008,0.010121107,False
9875,-0.009172298,-0.009172298,False
9876,-0.2567327,-0.28332925,False
9877,-0.009909243,-0.009909243,False
9878,-0.04170187,0.020011187,False
9879,0.06586732,0.004073769,False
9880,-0.21491402,-0.107245505,False
9881,-0.07676411,-0.03054899,False
9882,0.13280511,-0.13133669,False
9883,0.4243965,-0.25310373,False
9884,-0.02378165,-0.048134297,False
9885,0.018100634,-0.0143976435,False
9886,0.0,0.0,False
9887,0.22627544,0.016693056,False
9888,0.092728585,-0.024501458,False
9889,-0.041787595,-0.03822255,False
9890,0.04777383,-0.0010647108,False
9891,0.01099244,-0.004685425,False
9892,-0.2697385,-0.14824831,False
9893,-0.051738143,-0.088921756,False
9894,-0.116576016,-0.14680475,False
9895,-0.15763819,-0.06294829,False
9896,-0.028275311,0.07600266,False
9897,0.16931343,-0.250602,False
9898,-0.019117279,-0.015458123,False
9899,0.0,0.0,False
9900,-0.117378384,-0.018938154,False
9901,-0.07674463,-0.0006557703,False
9902,-0.9876573,-0.2496059,False
9903,-0.06600469,-0.0239456,False
9904,-0.024053732,0.0029024407,False
9905,-0.025644394,-0.022664394,False
9906,-0.16111693,0.013189584,False
9907,0.0071172714,-0.095231056,False
9908,0.024576958,-0.018314969,False
9909,0.012057424,0.007894576,False
9910,-0.122250795,0.06442076,False
9911,0.047298253,0.15773726,False
9912,0.021529708,0.0,False
9913,-0.022862589,-0.04362273,False
9914,-0.205935,-0.078056335,False
9915,-0.21781325,-0.20063424,False
9916,0.0,0.0,False
9917,0.012514414,-0.008940144,False
9918,-0.004707792,-0.004707792,False
9919,-0.015194535,-0.2253356,False
9920,0.2041902,-0.01145798,False
9921,0.05192858,-0.10701102,False
9922,-0.0731349,-0.047477543,False
9923,0.094392896,0.008942485,False
9924,0.074139714,-0.059653103,False
9925,0.022078864,-0.012596458,False
9926,-0.2036134,-0.028859973,False
9927,0.040181458,0.016325772,False
9928,-0.010335591,-0.033379424,False
9929,-0.22217369,-0.24095106,False
9930,-0.073740155,-0.09208572,False
9931,0.017018504,-0.0011717305,False
9932,-0.055592716,-0.02053243,False
9933,0.45244217,0.20270133,False
9934,-0.02705735,-0.043667316,False
9935,-0.008702204,-0.14058037,False
9936,-0.0246078,0.0019136742,False
9937,0.0,0.0,False
9938,0.052665576,-0.009709097,False
9939,-0.010292506,-0.010292506,False
9940,0.0,0.0,False
9941,-0.16781521,-0.11375284,False
9942,0.009362832,0.03854417,False
9943,-0.20056605,-0.0009691715,False
9944,0.046074778,0.04229203,False
9945,0.06807991,0.0076036006,False
9946,-0.12892133,-0.095089614,False
9947,0.33501202,0.004754603,False
9948,0.14482,-0.01406315,False
9949,-0.09089133,0.055755973,False
9950,0.09134334,0.029689312,False
9951,-0.061767336,-0.021714535,False
9952,-0.07325624,0.010707244,False
9953,0.031470835,-0.07892609,False
9954,-0.0036645122,-0.025048008,False
9955,-0.13724148,0.055352688,False
9956,0.024360817,-0.006630318,False
9957,-0.08352874,0.0028854534,False
9958,-0.09857103,0.061044797,False
9959,-0.0050920295,-0.0050920295,False
9960,0.069652945,0.023428932,False
9961,-0.07612914,-0.009134665,False
9962,-0.38012475,-0.07728469,False
9963,0.008635975,-0.0066980273,False
9964,0.03470862,-0.03849089,False
9965,0.053537846,0.077833354,False
9966,-0.057124443,-0.057124443,False
9967,0.0,0.0,False
9968,0.0137989465,-0.008832091,False
9969,-0.042847518,-0.042847518,False
9970,0.046268463,-0.095333576,False
9971,-0.048358385,-0.048358385,False
9972,-0.21352488,-0.07375872,False
9973,0.023445249,-0.08879238,False
9974,-0.18804751,-0.07142767,False
9975,0.008292149,-0.0150420675,False
9976,-0.07866776,-0.05567962,False
9977,-0.022624645,-0.034153868,False
9978,-0.024085045,-0.028354645,False
9979,-0.00036743283,-0.022936905,False
9980,0.16488475,0.005077064,False
9981,0.0076847076,-0.087962985,False
9982,-0.023105739,-0.011148156,False
9983,-0.09227303,0.0075122416,False
9984,0.38722193,-0.017601728,False
9985,0.11123492,0.040916443,False
9986,0.01746102,-0.004972522,False
9987,-0.010393335,-0.0075821783,False
9988,-0.16557553,0.03457415,False
9989,-0.05055356,-0.011606574,False
9990,-0.0011122525,-0.022502065,False
9991,0.03992586,-0.010135982,False
9992,-0.009950972,-0.006450021,False
9993,-0.069523215,0.0153849125,False
9994,0.03933388,0.003167674,False
9995,0.14078899,-0.035632834,False
9996,-0.1624711,-0.047498822,False
9997,0.16602677,0.040371075,False
9998,-0.022728026,-0.013875365,False
9999,-0.017966062,0.0458377,False
10000,0.06737004,-0.019808307,False
10001,0.1003744,-0.05703053,False
10002,0.001025375,-0.010578692,False
10003,-0.106674016,0.014044523,False
10004,0.062290557,-0.082689695,False
10005,-0.00470827,-0.00470827,False
10006,0.0018313825,-0.020369343,False
10007,0.0,0.0,False
10008,-0.034996014,-0.02150257,False
10009,0.040110826,-0.015844345,False
10010,0.027973086,-0.010279505,False
10011,0.021787614,0.04691547,False
10012,0.037397273,0.004482325,False
10013,0.056748927,-0.057724893,False
10014,0.4234569,-0.08794165,False
10015,0.016941309,-0.0013632774,False
10016,0.06100574,-0.04742402,False
10017,0.11252616,0.028839648,False
10018,-0.008852959,0.004209213,False
10019,0.07225916,-0.01771745,False
10020,-0.069126725,-0.11750996,False
10021,0.037953384,0.04232551,False
10022,-0.10336903,-0.028698891,False
10023,-0.19730374,-0.15077943,False
10024,-0.19944972,-0.104687095,False
10025,-0.15026549,-0.028149754,False
10026,-0.041744266,-0.041744266,False
10027,-0.12246108,0.13113558,False
10028,0.01555635,-0.019249216,False
10029,-0.040436458,-0.040436458,False
10030,-0.035455227,0.017273098,False
10031,0.0651961,-0.06856212,False
10032,-0.13269837,-0.03166309,False
10033,0.046583857,-0.011535466,False
10034,0.14439887,0.07451758,False
10035,-0.021887816,0.0018153116,False
10036,-0.08742905,-0.03910178,False
10037,-0.021344978,0.0013393611,False
10038,-0.26949233,-0.038651466,False
10039,0.019538045,-0.06675947,False
10040,-0.07399705,0.03361982,False
10041,-0.027595147,0.0012844354,False
10042,-0.18482399,-0.07226968,False
10043,0.18306884,-0.09265795,False
10044,-0.016400293,-0.016400293,False
10045,0.031915545,0.022638738,False
10046,-0.049812317,-0.027328491,False
10047,-0.047421753,-0.029037833,False
10048,-0.112835765,-0.18355167,False
10049,-0.06644529,-0.111951865,False
10050,-0.013060233,-0.029739887,False
10051,0.018432949,-0.004784495,False
10052,0.030868113,0.008253455,False
10053,-0.0504795,-0.0934068,False
10054,0.032128453,0.004512906,False
10055,0.02235885,0.04679735,False
10056,-0.03253363,-0.0042866617,False
10057,0.004705861,-0.017721735,False
10058,0.019503772,-0.05685532,False
10059,-0.0047263224,-0.0047263224,False
10060,-0.114486426,0.018623427,False
10061,0.033799082,-0.032689273,False
10062,0.22370851,0.06108439,False
10063,-0.0941138,-0.057265818,False
10064,-0.05448726,-0.03773327,False
10065,-0.0012678802,-0.07779291,False
10066,0.37210113,0.0221501,False
10067,-0.0041664317,0.0037183464,False
10068,0.00048166513,0.04052025,False
10069,-0.1526562,0.13265282,False
10070,0.070634,0.013358731,False
10071,0.022357726,0.0,False
10072,-0.004680616,-0.004196438,False
10073,0.023958415,-0.1013789,False
10074,-0.12974954,-0.31577778,False
10075,0.0,0.00034689318,False
10076,-0.0028015971,-0.06581417,False
10077,0.04467559,-0.068386614,False
10078,-0.05399525,-0.0027624965,False
10079,-0.029157996,-0.04637134,False
10080,0.1301831,-0.00070798397,False
10081,-0.045092106,-0.0129807,False
10082,-0.19683945,-0.0015556812,False
10083,-0.3546089,-0.32558858,False
10084,-0.02421701,-0.20605314,False
10085,-0.0048651174,-0.0048651174,False
10086,-0.099398196,0.026153147,False
10087,0.08267921,-0.015554547,False
10088,-0.18880266,-0.15882868,False
10089,-0.0642367,-0.0038251877,False
10090,-0.06731886,0.017403811,False
10091,0.016224314,-0.04250807,False
10092,-0.0045670983,-0.0032735239,False
10093,0.014342107,-0.009146087,False
10094,-0.0098001985,-0.0098001985,False
10095,0.0,0.0,False
10096,0.0048404196,-0.010005474,False
10097,-0.0014495458,-0.024752455,False
10098,-0.15304346,-0.07205072,False
10099,-0.072777264,0.020335436,False
10100,-0.08305683,-0.029399201,False
10101,-0.16147941,-0.09080565,False
10102,-0.12639165,0.051152706,False
10103,0.009333331,-0.027319048,False
10104,0.037959725,0.024923772,False
10105,-0.0050920295,-0.0050920295,False
10106,0.010977566,0.08002013,False
10107,-0.18594748,-0.030458033,False
10108,-0.07828581,-0.07329154,False
10109,-0.23828089,-0.096661925,False
10110,-0.07424688,0.034922004,False
10111,-0.0089661945,-0.006404777,False
10112,-0.10635257,0.0049287677,False
10113,-0.16044974,-0.01671207,False
10114,-0.10972029,0.026773542,False
10115,0.26668096,-0.17539191,False
10116,0.0046786666,0.087299585,False
10117,0.06729634,0.019767612,False
10118,0.12739772,0.1057187,False
10119,0.044460118,-0.06392783,False
10120,-0.06747006,0.007501036,False
10121,-0.017730236,-0.049739838,False
10122,-0.012174681,0.010467127,False
10123,0.007465601,0.06402701,False
10124,-0.07477069,-0.08022523,False
10125,-0.0013047792,0.02495255,False
10126,0.0,0.0019339997,False
10127,-0.0083657205,0.061029315,False
10128,-0.24949777,0.022331953,False
10129,-0.10795592,-0.06519674,False
10130,0.074628174,-0.06721914,False
10131,0.123085864,0.0008357391,False
10132,0.0,0.0,False
10133,-0.008696701,-0.008696701,False
10134,-0.0356782,0.005591981,False
10135,0.053307243,-0.032207012,False
10136,0.029939681,-0.043482274,False
10137,-0.07955006,-0.017805934,False
10138,0.08313152,-0.015707433,False
10139,0.0,0.00041188928,False
10140,-0.004731711,-0.004731711,False
10141,0.14023806,-0.033380058,False
10142,-0.016589703,-0.016589703,False
10143,0.014772954,-0.00846805,False
10144,-0.2775271,-0.13260686,False
10145,-0.33204865,-0.052412987,False
10146,-0.011225544,-0.0370263,False
10147,-8.285046e-06,0.0822745,False
10148,-0.05092725,0.03456965,False
10149,-0.060891427,-0.009496734,False
10150,0.0067059845,0.0028192252,False
10151,0.1410498,0.0641917,False
10152,0.0051290095,-0.0030533671,False
10153,-0.029008508,0.0191769,False
10154,-0.07384781,-0.028411925,False
10155,0.0661421,0.014477342,False
10156,-0.09444758,0.04196182,False
10157,0.021616701,0.0,False
10158,0.13601233,0.023323193,False
10159,-0.112357154,-0.33472833,False
10160,0.015261687,0.000870611,False
10161,-0.25210965,-0.1176545,False
10162,0.005393778,-0.013815665,False
10163,0.11713636,-0.008463085,False
10164,0.022118628,-0.011028469,False
10165,-0.010418087,-0.010655582,False
10166,-0.0044014715,0.00035537034,False
10167,-0.03324765,-0.0048586726,False
10168,-0.051451206,0.044803023,False
10169,-0.093240544,-0.014158465,False
10170,0.019741893,-0.0039601326,False
10171,-0.115296096,-0.047201365,False
10172,-0.008587375,-0.008587375,False
10173,-0.020699814,-0.0012530833,False
10174,0.557192,0.042950094,False
10175,0.04528439,-0.003820628,False
10176,0.19164598,-0.11085248,False
10177,0.08348107,-0.18578482,False
10178,-0.005689889,-0.09813675,False
10179,-0.038854703,0.05974725,False
10180,-0.1663866,0.014474452,False
10181,-0.46874166,-0.33142972,False
10182,-0.051160365,-0.043308586,False
10183,-0.0904821,0.007194385,False
10184,0.0600169,0.021310098,False
10185,-0.01950685,-0.01638361,False
10186,-0.18493032,0.026504755,False
10187,-0.15625852,-0.022139192,False
10188,0.18780684,0.029439807,False
10189,0.061567903,-0.006252885,False
10190,0.04724726,-0.0034497678,False
10191,0.11036193,-0.023996532,False
10192,-0.19119227,-0.1765039,False
10193,-0.3775581,-0.11340141,False
10194,0.06808251,0.06283666,False
10195,-0.004470864,-0.004470864,False
10196,0.0907768,0.1329158,False
10197,-0.12485087,-0.07327378,False
10198,-0.16988409,-0.024353713,False
10199,0.0052340627,-0.03184934,False
10200,-0.05708003,0.03175938,False
10201,0.13169482,-0.004889995,False
10202,0.009197235,0.020629942,False
10203,-0.15688372,-0.013570994,False
10204,-0.00781709,0.030358553,False
10205,-0.0051433295,-0.004629448,False
10206,-0.13924429,-0.03104788,False
10207,0.10326679,0.019686818,False
10208,0.028145194,-0.06493288,False
10209,-0.007744536,0.028402716,False
10210,-0.06314927,-0.02475822,False
10211,-0.013960108,0.02014032,False
10212,-0.05109167,-0.061012298,False
10213,-0.18234062,-0.1437335,False
10214,-0.16444886,-0.085143745,False
10215,-0.16932535,-0.10190606,False
10216,-0.17563814,0.019854903,False
10217,-0.057719946,-0.067058444,False
10218,-0.018072844,-0.00051033497,False
10219,0.09956622,-0.037294686,False
10220,0.15324545,-0.08333886,False
10221,0.060050577,0.016795248,False
10222,-0.26150846,0.0058944225,False
10223,0.13027477,-0.20825624,False
10224,-0.034724444,-0.31442448,False
10225,0.040617466,-0.052434176,False
10226,-0.0052485066,-0.0044495594,False
10227,0.019614892,-0.024146723,False
10228,0.0,0.0,False
10229,-0.053922694,-0.0051844046,False
10230,-0.067168385,-0.02283036,False
10231,0.03152843,-0.0039009303,False
10232,0.08332178,-0.009241164,False
10233,-0.032350097,-0.032350097,False
10234,-0.014870754,-0.014870754,False
10235,0.0,0.0,False
10236,-0.0040186113,-0.0040186113,False
10237,-0.0048231785,-0.0048231785,False
10238,0.014526265,-0.0083749015,False
10239,-0.089862585,-0.053379864,False
10240,-0.08939155,0.011387989,False
10241,0.0,0.0006169067,False
10242,-0.13801,-0.020209849,False
10243,0.0,0.0,False
10244,0.029806495,-0.057593822,False
10245,-0.008200965,0.007923494,False
10246,0.04258992,-0.0033501033,False
10247,-0.05261615,-0.031873822,False
10248,0.00041852146,-0.030025803,False
10249,0.17683697,-0.07426047,False
10250,0.024362594,0.037503153,False
10251,-0.046153292,-0.05441375,False
10252,0.0434724,0.019262426,False
10253,0.17174038,0.0337317,False
10254,0.13256657,0.029216647,False
10255,-0.06985909,-0.047630996,False
10256,0.09919673,-0.04687625,False
10257,0.09732306,-0.027468383,False
10258,0.025374353,0.021133244,False
10259,-0.006680846,-0.0075011253,False
10260,-0.08064397,-0.012760997,False
10261,-0.30120826,-0.07707417,False
10262,0.08493067,0.024361476,False
10263,-0.05418265,-0.17888808,False
10264,-0.010271527,-0.010271527,False
10265,0.077307135,-0.03838429,False
10266,-0.119248,-0.008771509,False
10267,0.014047056,0.017621696,False
10268,-0.12529963,-0.00040906668,False
10269,0.078892946,-0.17586625,False
10270,-0.15860938,-0.03685698,False
10271,0.15414768,-0.016164243,False
10272,0.0,0.0,False
10273,0.14360523,-0.09029937,False
10274,0.05635023,0.09783244,False
10275,0.0,0.0,False
10276,-0.28143963,-0.09208885,False
10277,-0.0031381138,-0.023070617,False
10278,0.16529596,-0.008199632,False
10279,0.011871651,0.043957964,False
10280,-0.004767463,-0.004767463,False
10281,-0.0460577,-0.051739335,False
10282,-6.4117834e-05,0.007408643,False
10283,0.14023554,0.019339278,False
10284,-0.23376149,-0.052627325,False
10285,-0.12988132,-0.037335068,False
10286,0.10939032,0.035500586,False
10287,0.12217614,0.026132137,False
10288,0.03127867,-0.003717482,False
10289,0.03626573,0.016133696,False
10290,-0.0952155,-0.06817871,False
10291,-0.0007818714,-0.0059729367,False
10292,-0.003129933,0.016621042,False
10293,-0.030952543,-0.09962046,False
10294,-0.08570337,-0.035933733,False
10295,0.026488518,-0.0184669,False
10296,-0.038627014,-0.016697817,False
10297,0.021791436,0.0046173558,False
10298,-0.011234928,-0.049960293,False
10299,0.049459904,-0.01252085,False
10300,0.033670813,0.022030115,False
10301,-0.06064628,-0.058453098,False
10302,-0.08500907,-0.0709731,False
10303,-0.0025859252,0.031253077,False
10304,-0.011865437,0.041323245,False
10305,0.0,0.0,False
10306,-0.23220402,-0.02722472,False
10307,0.036973894,0.04003173,False
10308,-0.06381815,-0.07866404,False
10309,0.1859212,0.012746677,False
10310,0.24653035,0.032640964,False
10311,0.13282436,0.007629156,False
10312,-0.00502745,-0.00502745,False
10313,0.0032319129,-0.019585354,False
10314,0.016405828,-0.029618772,False
10315,0.12624687,0.03790605,False
10316,0.18455398,0.065660834,False
10317,-0.08848989,0.002565533,False
10318,-0.007026244,0.013226435,False
10319,-0.00804976,0.04684898,False
10320,0.058460236,0.017691255,False
10321,0.302729,-0.050619245,False
10322,0.006391652,-0.0094550345,False
10323,0.08893752,0.046198905,False
10324,-0.05496323,-0.095210075,False
10325,0.140356,0.021740839,False
10326,0.009906843,-0.032820746,False
10327,-0.13157685,-0.0062978268,False
10328,0.12253401,-0.01448223,False
10329,0.027265653,-0.024943367,False
10330,0.091459125,0.032563537,False
10331,-0.008835466,-0.0023165173,False
10332,0.11374229,-0.009296536,False
10333,-0.040458918,-0.013829522,False
10334,0.013717261,-0.008755518,False
10335,0.08049476,0.07783106,False
10336,-0.20777398,-0.044082105,False
10337,-0.46324432,-0.18349862,False
10338,-0.041230604,-0.0026999712,False
10339,-0.023748457,-0.017800152,False
10340,0.01190001,-0.004432738,False
10341,0.018932879,-0.004181683,False
10342,-0.22255406,-0.08436984,False
10343,0.09880064,0.022797257,False
10344,0.3747741,0.06887424,False
10345,-0.2315538,-0.044561386,False
10346,0.06087894,-0.03232191,False
10347,0.13654731,0.0125716925,False
10348,-0.47577977,-0.09085655,False
10349,-0.14637323,-0.026629776,False
10350,0.15292221,-0.020767272,False
10351,0.24743634,0.0874576,False
10352,-0.04165251,0.021364905,False
10353,-0.11575401,-0.039629817,False
10354,-0.010370493,0.043098837,False
10355,-0.09854577,0.022596106,False
10356,-0.045533024,0.0099302605,False
10357,0.08631742,-0.0024938881,False
10358,-0.04376717,0.030341953,False
10359,0.05503446,-0.03918709,False
10360,0.05577302,-0.11286855,False
10361,0.07672234,0.03774759,False
10362,-0.16724548,-0.023086846,False
10363,-0.03666094,-0.019152842,False
10364,-0.009336332,-0.009336332,False
10365,-0.019297017,-0.019297017,False
10366,-0.004685425,-0.004685425,False
10367,0.0055114627,-0.081784666,False
10368,0.017986797,-0.0073764995,False
10369,-0.031648792,-0.017413482,False
10370,-0.010001581,-0.008829026,False
10371,0.0019745715,-0.032960698,False
10372,0.016988985,-0.0049149087,False
10373,-0.39775658,-0.074944854,False
10374,0.10220715,0.016379945,False
10375,-0.0068761557,-0.01412702,False
10376,-0.0692423,-0.06674451,False
10377,0.00822171,-0.0017219298,False
10378,0.0,0.0,False
10379,-0.0044046603,-0.0044046603,False
10380,-0.0045664166,0.00872449,False
10381,0.10436515,0.02134829,False
10382,-0.0047188643,-0.0026247012,False
10383,-8.462183e-05,-0.019544022,False
10384,-0.11001471,-0.2021117,False
10385,-0.026545594,-0.008939361,False
10386,-0.017150521,-0.014061809,False
10387,-0.049284562,-0.038074777,False
10388,-0.012578512,-0.012578512,False
10389,-0.003413568,-0.003413568,False
10390,0.0,0.00032273677,False
10391,-0.02073247,-0.04412758,False
10392,-0.0016979799,-0.06572035,False
10393,0.0,0.0,False
10394,0.0,0.0,False
10395,0.039533287,-0.021263935,False
10396,-0.09126966,-0.026885256,False
10397,-0.0086486945,-0.007659768,False
10398,-0.031201132,0.012260988,False
10399,0.12866169,-0.076115906,False
10400,-0.18577343,-0.02339527,False
10401,0.47001052,-0.034817696,False
10402,-0.0033567138,-0.0022063723,False
10403,-0.08617592,0.04507661,False
10404,-0.0043655983,-0.0022288072,False
10405,-0.010668654,-0.0077458504,False
10406,0.07685742,0.018293977,False
10407,-0.12414253,-0.035662293,False
10408,0.008636497,0.010028832,False
10409,-0.09803653,-0.08340788,False
10410,-0.24544466,-0.26722538,False
10411,-0.2487756,-0.112232804,False
10412,-0.030827284,0.0019058585,False
10413,0.0,0.0,False
10414,-0.0031749085,0.00068747625,False
10415,0.0,0.0,False
10416,0.0071686506,-0.073991776,False
10417,-0.0043732533,-0.0043732533,False
10418,-0.15698826,-0.100430965,False
10419,-0.00022923946,0.01696837,False
10420,-0.035174638,0.018621385,False
10421,-0.08307153,-0.0030922592,False
10422,-0.064047195,-0.018915609,False
10423,0.018314302,-0.0022640228,False
10424,0.0028542243,0.018610843,False
10425,-0.099206924,-0.054679126,False
10426,-0.1170426,0.0023601651,False
10427,0.11308333,-0.05283691,False
10428,-0.17708486,-0.07419014,False
10429,0.024633288,-0.03388059,False
10430,-0.13251105,-0.09579167,False
10431,-0.036839344,0.025342777,False
10432,-0.08565733,-0.0076379776,False
10433,-0.011642586,-0.01886439,False
10434,-0.08404231,-0.07912147,False
10435,-0.08460501,-0.049109966,False
10436,0.07524951,-0.04183809,False
10437,-0.004814338,-0.004814338,False
10438,-0.07510981,-0.061257094,False
10439,0.0019631945,-0.057210047,False
10440,-0.008417744,-0.020966915,False
10441,-0.020888917,0.040898807,False
10442,0.034721877,0.0034775184,False
10443,0.0,0.0,False
10444,0.0,0.0011547771,False
10445,0.0,0.0,False
10446,0.11913133,-0.040676534,False
10447,0.016377594,0.0027434563,False
10448,0.0064717457,0.0024864972,False
10449,-0.009692116,-0.009692116,False
10450,-0.12180764,-0.013249617,True
10451,0.012774248,-0.009355167,False
10452,0.036591917,0.026312992,False
10453,-0.11035478,-0.08084047,False
10454,0.0,0.0,False
10455,0.018985271,-0.1173591,False
10456,0.0038350876,-0.014996293,False
10457,-0.45915037,-0.07755625,False
10458,-0.08734922,0.0034864694,False
10459,0.0061500072,0.042140216,False
10460,-0.516799,-0.24968266,False
10461,-0.06805009,-0.05333592,False
10462,-0.08319092,-0.05641198,False
10463,-0.42586172,-0.11808491,False
10464,0.030889332,0.05004002,False
10465,-0.034035668,-0.011047736,False
10466,-0.024849057,0.007928729,False
10467,-0.013888934,-0.013888934,False
10468,0.06694847,-0.018490255,False
10469,0.06023231,0.042331785,False
10470,-0.07207665,-0.008583963,False
10471,-0.024417799,-0.024417799,False
10472,-0.008739874,-0.0061089657,False
10473,-0.08452669,0.060032785,False
10474,-0.16260207,-0.029151857,False
10475,-0.05702737,0.020384446,False
10476,-0.0391433,0.0009855032,False
10477,-0.2783357,-0.06934428,False
10478,0.04763394,0.012261607,False
10479,0.048675776,-0.24267173,False
10480,0.019398417,-0.0067545623,False
10481,-0.015091785,-0.015091785,False
10482,0.024264991,0.09517616,False
10483,0.0853061,0.06522847,False
10484,0.08229835,-0.0033423007,False
10485,-0.013681605,-0.023270562,False
10486,-0.04013997,0.02212675,False
10487,-0.013589634,-0.013589634,False
10488,0.088961065,0.016807675,False
10489,-0.08652586,-0.09711522,False
10490,-0.019775331,0.0033950508,False
10491,0.095022365,-0.019039229,False
10492,-0.032169387,0.033548355,False
10493,-0.0019011945,-0.07791305,False
10494,0.13013822,0.025339007,False
10495,0.23432851,0.0667882,False
10496,-0.17127874,-0.08931786,False
10497,-0.42798316,-0.21088481,False
10498,0.019478679,0.0013771057,False
10499,-0.11976349,-0.079184294,False
10500,0.13044187,-0.028690398,False
10501,-0.03746295,-0.1375413,False
10502,-0.12837145,-0.007778287,False
10503,-0.20078926,0.026374906,False
10504,-0.07586682,-0.011786222,False
10505,0.01918836,0.034317195,False
10506,0.0,0.0,False
10507,-0.031171061,-0.05539421,False
10508,0.0,0.0,False
10509,0.0,0.0,False
10510,-0.014574796,0.056093127,False
10511,0.09888524,-0.030165523,False
10512,0.021155052,0.0029096603,False
10513,0.104617745,-0.0025423765,False
10514,-0.009645272,-0.009645272,False
10515,-0.11762571,-0.07971978,False
10516,-0.0012281872,-0.04658538,False
10517,0.096192986,-0.062484294,False
10518,-0.17302242,-0.027201295,False
10519,0.0110761225,-0.1478284,False
10520,-0.017407179,-0.00912641,False
10521,-0.016231699,0.0018942207,False
10522,0.007395178,0.030580774,False
10523,-0.009970309,-0.008425765,False
10524,-0.021367697,-0.015423772,False
10525,-0.37750137,-0.08291948,False
10526,0.013009258,-0.0077476194,False
10527,-0.026379824,0.0021762252,False
10528,-0.01914706,-0.01914706,False
10529,-0.053732753,-0.12884367,False
10530,-0.049230296,-0.013835955,False
10531,-0.10928762,0.07069135,False
10532,0.039480686,0.0056983232,False
10533,-0.03150031,0.042081237,False
10534,0.014047593,-0.035965145,False
10535,-0.010285735,0.009516068,False
10536,0.008617401,0.10544038,False
10537,-0.07677066,-0.058583945,False
10538,-0.02922225,-0.02540338,False
10539,0.03878361,-0.010987788,False
10540,-0.028802246,-0.0015220344,False
10541,0.018973649,-0.026756026,False
10542,-0.19136018,-0.07344365,False
10543,0.0042497516,-0.068266064,False
10544,0.08649516,-0.022002816,False
10545,0.042040944,-0.07583785,False
10546,-0.12688494,-0.10958171,False
10547,-0.066568136,-0.061658263,False
10548,0.3162921,-0.07582998,False
10549,0.119198084,0.12653232,False
10550,-0.29740155,-0.08555472,False
10551,-0.11880624,-0.022396445,False
10552,0.034362674,-0.005417645,False
10553,0.011836767,-0.02138108,False
10554,-0.3279152,-0.20323348,False
10555,0.04329908,0.079336286,False
10556,-0.095180035,-0.09364915,False
10557,-0.114880204,-0.11562157,False
10558,-0.10088125,0.005087316,False
10559,-0.21408075,0.0011825562,False
10560,-0.06158805,0.10810113,False
10561,0.019969463,-0.011237562,False
10562,-0.08091918,-0.029486716,False
10563,-0.17935002,-0.1512351,False
10564,0.007387519,-0.030405283,False
10565,0.06611419,0.04277444,False
10566,0.18369257,0.04041463,False
10567,0.033289578,-0.033974368,False
10568,0.024794102,-0.07460761,False
10569,-0.16015336,-0.057594627,False
10570,0.0075033605,-0.008874234,False
10571,-0.026518445,0.016867705,False
10572,0.028204143,-0.1447208,False
10573,-0.10475832,-0.12699914,False
10574,-0.012208581,-0.11597395,False
10575,0.040926933,-0.080350876,False
10576,-0.26519358,-0.12860692,False
10577,-0.07405424,-0.1703161,False
10578,-0.224689,-0.10596764,False
10579,0.08896029,-0.040362746,False
10580,0.096805304,-0.006128192,False
10581,0.029251039,0.01628822,False
10582,-0.008850932,-0.06742132,False
10583,-0.16396835,-0.057327867,False
10584,-0.012983918,-0.0033465624,False
10585,-0.31645465,-0.08449048,False
10586,0.047198057,-0.17943597,False
10587,-0.19959927,-0.21528673,False
10588,0.029951364,0.020932913,False
10589,-0.1119802,-0.1029129,False
10590,0.11286068,-0.10603905,False
10591,0.42092276,-0.037103415,False
10592,0.18199354,-0.08205289,False
10593,-0.1352104,-0.13173723,False
10594,-0.1575309,-0.110994816,False
10595,0.064303756,-0.05681336,False
10596,-0.101390004,-0.13491523,False
10597,-0.28095543,-0.020375371,False
10598,0.22806203,0.06264472,False
10599,0.009366751,0.08007753,False
10600,-0.060262397,0.012089461,False
10601,-0.2538869,-0.0030320287,False
10602,-0.23799145,-0.13776267,False
10603,-0.28216863,-0.21355343,False
10604,-0.16587493,-0.11710954,False
10605,0.33488917,-0.18348122,False
10606,-0.10035771,-0.10686314,False
10607,-0.14675772,-0.034329534,False
10608,0.017205838,0.022510856,False
10609,0.054846406,0.06215322,False
10610,0.2087133,0.07228303,False
10611,0.14844638,0.050115824,False
10612,-0.092974424,-0.030531168,False
10613,0.015477717,-0.10248244,False
10614,0.044484854,-0.009338653,False
10615,0.09149432,-0.079101324,False
10616,0.0025935136,0.0148556605,False
10617,-0.06332814,0.03592626,False
10618,-0.056388855,-0.1428268,False
10619,-0.0072562713,-0.030590488,False
10620,0.049037576,-0.15136528,False
10621,-0.17989981,-0.12634158,False
10622,-0.037115574,-0.23450327,False
10623,0.02692008,0.07955241,False
10624,-0.05627048,-0.0319252,False
10625,-0.3296982,-0.18211663,False
10626,0.14970595,0.09397888,False
10627,0.019502312,-0.053070605,False
10628,0.17818707,0.023063451,False
10629,0.0061507374,-0.007385507,False
10630,-0.0050674463,-0.0050674463,False
10631,-0.00012180209,0.014730051,False
10632,0.0077952743,-0.038526893,False
10633,0.022620283,-0.06885015,False
10634,-0.08764076,-0.3500085,False
10635,0.022384437,0.0,False
10636,0.0,0.0007928339,False
10637,0.0,0.0,False
10638,0.03361064,0.023211379,False
10639,0.026347727,0.0066921115,False
10640,-0.0050774873,-0.0050774873,False
10641,-0.020338029,-0.03890477,False
10642,0.032057494,-0.03749694,False
10643,-0.04764965,-0.031343102,False
10644,0.015677866,0.024599276,False
10645,-0.021381417,-0.019395918,False
10646,0.010399461,0.0122202635,False
10647,0.037772864,-0.021773756,False
10648,0.033941258,0.017231436,False
10649,-0.07744318,-0.010886103,False
10650,-0.35393974,-0.061078608,False
10651,0.018366933,-0.05687183,False
10652,0.13859758,0.01004979,False
10653,-0.10690129,-0.1671704,False
10654,-0.002386501,-0.018764095,False
10655,-0.11634123,-0.017190099,False
10656,0.0015385225,-0.00379017,False
10657,0.1718247,-0.101620436,False
10658,0.0,0.00092367,False
10659,-0.028970808,-0.080678195,False
10660,0.0066081285,0.021396607,False
10661,-0.1644164,-0.012083322,False
10662,0.0,0.0,False
10663,-0.0032122284,-0.0174287,False
10664,0.0013943659,-0.014280262,False
10665,-0.02971647,-0.020831339,False
10666,-0.0070049902,-0.0070049902,False
10667,-0.046527013,-0.038772427,False
10668,0.02146399,-0.059471324,False
10669,-0.038210765,-0.01106707,False
10670,0.013470151,0.008262527,False
10671,-0.0033912933,-0.0029830283,False
10672,0.0,0.0,False
10673,-0.0068356395,-0.0471268,False
10674,-0.014525306,-0.014525306,False
10675,-0.7089448,-0.08686352,False
10676,0.0,0.0,False
10677,0.017768532,-0.030914783,False
10678,-0.03573692,0.032977283,False
10679,-0.019545212,0.0068411827,False
10680,0.1317994,0.02019012,False
10681,0.6450486,-0.13335657,False
10682,-0.009426526,-0.009426526,False
10683,-0.0039990693,-0.020871725,False
10684,-0.0035301447,-0.03901565,False
10685,0.14376825,0.017321289,False
10686,0.043623406,-0.0030242428,False
10687,-0.021861475,-0.080575645,False
10688,0.0006101094,-0.019643793,False
10689,0.008913472,-0.033239026,False
10690,-0.044345006,-0.013257295,False
10691,0.0,0.0,False
10692,-0.004606257,-0.0040055998,False
10693,-0.0897603,-0.0734005,False
10694,-0.0050290436,-0.0050290436,False
10695,0.08203432,0.005346358,False
10696,0.020292178,0.010298297,False
10697,-0.05807461,-0.017930627,False
10698,-0.05550134,-0.104163885,False
10699,0.11906937,0.05422589,False
10700,-0.20749128,-0.033028007,False
10701,-0.039325275,0.036551178,False
10702,-0.15946284,-0.035463408,False
10703,0.051231027,0.0069140047,False
10704,-0.0067687035,-0.09231424,False
10705,0.050643455,-0.033020277,False
10706,-0.052331015,0.018648505,False
10707,-0.10721293,-0.039911687,False
10708,-0.0886879,-0.0015445352,False
10709,0.0029997677,0.035035275,False
10710,-0.0044749146,-0.0044749146,False
10711,-0.11585921,-0.026842594,False
10712,0.12610522,0.007049024,False
10713,0.20451772,-0.018551469,False
10714,0.09438962,0.01067549,False
10715,0.06932306,0.10183942,False
10716,0.15000641,-0.036774695,False
10717,0.020240545,-0.16372097,False
10718,0.16304874,-0.009262085,False
10719,0.0054379404,-0.054570377,False
10720,-0.043652654,0.0370588,False
10721,0.016692832,0.028688446,False
10722,0.0,0.0013773653,False
10723,0.046613395,0.004277557,False
10724,0.14440936,-0.048909366,False
10725,0.08936149,0.040003642,False
10726,0.17954111,0.0040071905,False
10727,0.08135742,-0.04471922,False
10728,-0.08903408,-0.0087840855,False
10729,-0.009024868,-0.024699496,False
10730,0.031810492,0.029809862,False
10731,-0.010108804,-0.010108804,False
10732,-0.031773467,-0.031773467,False
10733,-0.057745457,-0.06289324,False
10734,0.16841602,-0.03823279,False
10735,-0.014725758,-0.014725758,False
10736,-0.008114163,-0.008114163,False
10737,-0.004061069,-0.004061069,False
10738,0.022372968,0.0,False
10739,0.0,0.0,False
10740,0.015656613,0.0019146353,False
10741,0.08630216,0.050236404,False
10742,-0.023017064,-0.041266814,False
10743,-0.02796495,-0.017747685,False
10744,-0.32492948,-0.061048508,False
10745,-0.094384015,-0.020272255,False
10746,0.010530651,0.022441804,False
10747,0.14846252,0.044506162,False
10748,0.0307315,0.059900284,False
10749,0.0,0.0,False
10750,-0.014104789,-0.014104789,False
10751,-0.005001223,-0.005001223,False
10752,0.04571285,-0.019410336,False
10753,-0.05989088,-0.052786738,False
10754,-0.13984025,-0.21850896,False
10755,0.02366969,-0.024263784,False
10756,-0.010295988,-0.008909845,False
10757,-0.20445731,-0.07474211,False
10758,0.026309788,-0.0880073,False
10759,0.06261122,0.086718395,False
10760,0.015677866,0.0,False
10761,-0.01946995,-0.01946995,False
10762,-0.04616803,0.07764858,False
10763,0.01860404,0.023871139,False
10764,0.0148181915,0.08546859,False
10765,-0.10621245,0.042805582,False
10766,-0.0785142,-0.011132389,False
10767,-0.01756686,0.0079374015,False
10768,0.09365335,0.03682044,False
10769,-0.01052914,-0.029721208,False
10770,-0.03973201,0.011210024,False
10771,0.015791029,0.02409263,False
10772,-0.25393623,-0.1921311,False
10773,-0.9646926,-0.19042087,False
10774,-0.67821634,-0.06965971,False
10775,0.023716167,0.027551934,False
10776,0.08682242,0.033435468,False
10777,0.043828726,0.0021163821,False
10778,-0.008791983,0.022251248,False
10779,0.051077187,0.006294571,False
10780,-0.14450476,-0.026977614,False
10781,-0.003376223,-0.0021189237,False
10782,-0.030202031,-0.02781409,False
10783,0.016832365,-0.0077555794,False
10784,-0.09939525,-0.004805967,False
10785,-0.0050570443,-0.004633302,False
10786,0.082116246,-0.13624036,False
10787,0.099481165,0.018437952,False
10788,-0.20096874,-0.10655236,False
10789,-0.048667245,-0.07041845,False
10790,0.014900585,-0.008550118,False
10791,-0.01007629,-0.0090650385,False
10792,0.010085762,-0.032221556,False
10793,-0.17589188,0.042008877,False
10794,0.0065007806,0.0077584386,False
10795,-0.0027379766,-0.025967337,False
10796,-0.025404215,0.017414778,False
10797,0.026670076,-0.017429106,False
10798,-0.0070834253,-0.022758054,False
10799,0.06675899,-0.033514142,False
10800,-0.20695543,-0.09631252,False
10801,-0.42514992,-0.105686665,False
10802,0.0067559183,0.008365989,False
10803,-0.035699368,0.043245316,False
10804,0.018320978,0.00029104948,False
10805,-0.010862369,-0.026951177,False
10806,-0.13994229,0.01592791,False
10807,-0.05050638,-0.0043696985,False
10808,-0.028256347,-0.0077657066,False
10809,-0.014819274,-0.014819274,False
10810,0.05453323,0.0076284967,False
10811,-0.092552245,-0.021565348,False
10812,0.008190229,-0.014322548,False
10813,-0.009301153,0.012295018,False
10814,-0.058562107,-0.024860159,False
10815,0.0,0.0,False
10816,0.06997706,-0.007613942,False
10817,0.16190293,0.012617663,False
10818,-0.0036233715,-0.0036233715,False
10819,-0.04790558,-0.13673587,False
10820,-0.1302947,-0.0022740364,False
10821,0.0005632192,-0.0628085,False
10822,-0.038193554,-0.06444734,False
10823,0.026790082,-0.03577262,False
10824,-0.046540916,-0.0052276254,False
10825,-0.005946934,0.055116117,False
10826,0.012769428,-0.008360411,False
10827,0.010197543,0.004385341,False
10828,-6.129313e-05,-0.010758675,False
10829,0.0,2.8983426e-05,False
10830,-0.119105786,-0.07232824,False
10831,0.15832168,0.03781867,False
10832,-0.029487796,-0.044723332,False
10833,0.03871951,-0.028500866,False
10834,-0.04141763,-0.026233196,False
10835,0.0,0.0,False
10836,-0.045198318,0.003037393,False
10837,-0.007869065,0.039787292,False
10838,-0.009657971,-0.009657971,False
10839,0.010402139,-0.035370212,False
10840,-0.1026628,-0.045190454,False
10841,-0.0894469,-0.041375667,False
10842,-0.051130872,-0.07505108,False
10843,0.07516205,-0.060176015,False
10844,0.23128438,-0.017995834,False
10845,0.48138356,-0.02741456,False
10846,-0.25298953,0.10074836,False
10847,0.0032122135,0.05039966,False
10848,-0.113349915,0.012255073,False
10849,-0.16196537,-0.07163763,False
10850,-0.035680577,-0.0040269345,False
10851,-0.1820881,-0.05122763,False
10852,0.19805646,0.050697945,False
10853,0.33151913,-0.059615254,False
10854,-0.097197056,0.008392215,False
10855,-0.13061754,-0.035869718,False
10856,0.0574497,-0.19147003,False
10857,-0.012719452,-0.05209714,False
10858,0.018350959,-0.016321898,False
10859,-0.10553616,0.0020876825,False
10860,0.016290545,-0.0022648573,False
10861,0.0814224,0.035029635,False
10862,-0.063105464,-0.16909063,False
10863,-0.03875622,-0.010993093,False
10864,-0.017900541,-0.017697863,False
10865,-0.07186699,-0.006357968,False
10866,0.1758702,-0.016790941,False
10867,-0.008071028,0.04234676,False
10868,-0.027832493,0.036115214,False
10869,0.030268192,0.019416392,False
10870,-0.09311548,0.010621071,False
10871,0.100661755,-0.053598404,False
10872,-0.024723364,-0.024723364,False
10873,-0.013800235,-0.034560375,False
10874,0.17997135,0.018307239,False
10875,-0.11289088,-0.053983435,False
10876,-0.031283043,-0.027247887,False
10877,-0.024625331,-0.024112016,False
10878,0.022244364,0.013141051,False
10879,0.022515237,0.006933987,False
10880,-0.025829256,0.0061166286,False
10881,-0.08793081,-0.019485608,False
10882,-0.030295216,-0.002179511,False
10883,-0.08925104,-0.17236829,False
10884,0.07541776,-0.0052419007,False
10885,0.051030517,0.08614424,False
10886,0.051074103,0.0053861737,False
10887,-0.0046966225,-0.019397333,False
10888,0.03364566,0.0033855438,False
10889,0.0,0.0,False
10890,-0.22926497,0.019996107,False
10891,0.0024404284,0.004701685,False
10892,0.029900547,-0.013867476,False
10893,0.01830431,-0.015984632,False
10894,-0.05615741,-0.083069324,False
10895,-0.28343058,-0.2311449,False
10896,-0.01691405,-0.01691405,False
10897,-0.007637435,-0.007637435,False
10898,-0.065698385,-0.019702077,False
10899,0.017036032,-0.03580418,False
10900,0.033026233,0.0053810608,False
10901,0.013868828,-0.00969156,False
10902,-0.036023587,-0.028105363,False
10903,-0.044596873,-0.019175947,False
10904,0.05026278,-0.06943007,False
10905,-0.09816611,-0.035565287,False
10906,-0.102969855,0.014929235,False
10907,0.049212575,-0.00034108758,False
10908,0.0023234244,-0.028197099,False
10909,-0.25852323,-0.17693019,False
10910,-0.09465945,0.018097699,False
10911,-0.3778206,0.02300191,False
10912,-0.008135185,-0.043413788,False
10913,-0.6384337,-0.28150344,False
10914,-0.043860532,0.0012306273,False
10915,-0.17581841,-0.050486714,False
10916,-0.1013787,0.006229721,False
10917,0.0,0.0,False
10918,0.1161443,-0.0012547374,False
10919,0.016582621,0.0012330115,False
10920,-0.04162656,-0.0126191415,False
10921,0.017947879,-0.026682135,False
10922,0.058502972,-0.041537613,False
10923,-0.066275895,0.03513956,False
10924,-0.12736595,-0.07355213,False
10925,-0.11770809,-0.14237535,False
10926,-0.081601076,-0.14151274,False
10927,-0.02356413,0.0022959113,False
10928,0.107616186,-0.020597309,False
10929,0.0,0.0035743723,False
10930,-0.124715686,-0.044986844,False
10931,0.09194198,0.0064108223,False
10932,-0.05705093,-0.009088621,False
10933,0.04013163,0.0890353,False
10934,-0.1093131,-0.008456588,False
10935,-0.009237289,-0.06447145,False
10936,0.012896478,-0.021256156,False
10937,0.008246705,-0.12666073,False
10938,0.03374823,0.027344,False
10939,-0.00010704994,0.00030139834,False
10940,-0.01932562,0.0010154434,False
10941,0.063461214,0.025630081,False
10942,0.012316883,-0.035662808,False
10943,-0.12876067,0.006578028,False
10944,-0.016382605,-0.03562712,False
10945,0.010939917,-0.021681525,False
10946,-0.0045096604,0.00030732248,False
10947,-0.117939785,-0.013129994,False
10948,-0.021223843,-0.05413781,False
10949,-0.024490498,-0.021767372,False
10950,-0.03502652,0.029655486,False
10951,0.0183142,-0.004941599,False
10952,-0.013993029,-0.009802688,False
10953,-0.046564743,-0.0069612265,False
10954,-0.049895436,-0.02079475,False
10955,-0.19701254,-0.07647705,False
10956,-0.14249623,-0.15553015,False
10957,-0.15378016,-0.06971383,False
10958,0.0372374,0.0107168555,False
10959,0.05002754,-0.0043372363,False
10960,-0.076149404,0.08102685,False
10961,-0.020741224,-0.027340412,False
10962,-0.33002627,-0.13775933,False
10963,0.020066008,0.0122143775,False
10964,0.06077099,-0.03358376,False
10965,-0.105764925,0.037704527,False
10966,-0.018660545,0.0048137903,False
10967,-0.04764098,0.006025076,False
10968,-0.004901953,-0.004901953,False
10969,-0.27141607,-0.07514477,False
10970,-0.055484522,-0.014652476,False
10971,-0.11616412,-0.017248869,False
10972,0.039727688,-0.018035889,False
10973,-0.07178594,-0.061100498,False
10974,-0.025307238,0.02256155,False
10975,-0.16271237,-0.04712093,False
10976,0.087867975,-0.19953203,False
10977,-0.003743589,0.04166293,False
10978,0.062291414,-0.031401142,False
10979,0.07515943,0.031067342,False
10980,-0.03328705,0.031160891,False
10981,-0.28550482,-0.010489464,False
10982,0.025886297,0.02537784,False
10983,0.017329972,0.0016332669,False
10984,-0.10800964,-0.07108891,False
10985,-0.00449974,-0.00449974,False
10986,0.0,0.0012281698,False
10987,-0.09926838,-0.005554229,False
10988,0.062401272,0.012515105,False
10989,0.024408877,0.0098500475,False
10990,-0.013500214,-0.028544843,False
10991,0.11837131,-0.020473689,False
10992,0.12667704,0.0010536909,False
10993,-0.02306855,-0.013821377,False
10994,-0.013062966,-0.011161953,False
10995,0.017273176,-0.008211371,False
10996,-0.022389188,0.021153107,False
10997,0.034651782,0.004954677,False
10998,-0.1712996,-0.11490685,False
10999,-0.03240975,-0.009076625,False
11000,0.031568665,0.03161521,False
11001,-0.08997798,-0.14844298,False
11002,-0.012863874,-0.20032084,False
11003,0.10543156,-0.019969225,False
11004,0.15812063,-0.12967253,False
11005,-0.10948467,-0.14351869,False
11006,-0.12862587,-0.04803872,False
11007,-0.11757612,-0.08015823,False
11008,-0.095537186,-0.158741,False
11009,-0.058502212,-0.058502212,False
11010,-0.024558306,0.022377491,False
11011,-0.305403,-0.021047115,False
11012,0.038247794,0.009225786,False
11013,-0.20792377,-0.060748816,False
11014,0.08891952,-0.18746412,False
11015,0.0104573965,-0.009290814,False
11016,-0.13769388,-0.046435595,False
11017,0.02048324,-0.018750638,False
11018,0.13591939,0.03618568,False
11019,-0.17511195,-0.04838735,False
11020,-0.4595121,-0.059716582,False
11021,-0.08866024,-0.07301372,False
11022,0.030399967,-0.014339176,False
11023,-0.075428426,-0.0020716786,False
11024,-0.09502542,-0.026723623,False
11025,-0.21165207,0.0022439957,False
11026,0.083897114,-0.040940642,False
11027,-0.0059587955,-0.12490082,False
11028,-0.39492393,-0.015479565,False
11029,-0.24999905,-0.024037361,False
11030,-0.09049654,-0.16574311,False
11031,-0.018043466,-0.018043466,False
11032,0.13673377,-0.00027561188,False
11033,-0.07435489,-0.10282946,False
11034,0.0,0.0,False
11035,-0.154042,-0.22757268,False
11036,0.020208955,-0.04626143,False
11037,0.28447723,0.047488928,False
11038,-0.05984378,-0.050126553,False
11039,-0.0005584955,0.008265734,False
11040,-0.18940187,-0.106642246,False
11041,0.27082658,-0.028702497,False
11042,-0.10172564,0.025870144,False
11043,0.06350696,-0.08081877,False
11044,0.23240924,0.04383588,False
11045,-0.025623083,-0.008257747,False
11046,0.0062146187,-0.020167828,False
11047,-0.107346535,0.11739588,False
11048,-0.20909715,-0.101677656,False
11049,0.05970788,-0.05233407,False
11050,0.06297642,-0.055464447,False
11051,-0.15475202,-0.12272346,False
11052,0.058037758,0.0026264638,False
11053,0.12106408,0.018148553,False
11054,0.11308247,-0.018591285,False
11055,-0.59044313,-0.27804232,False
11056,-0.057998374,-0.057998374,False
11057,0.0,0.0,False
11058,0.0019516479,-0.020219326,False
11059,0.10079524,0.0012165196,False
11060,-0.0910638,0.06916565,False
11061,-0.04188037,-0.05455804,False
11062,0.012640974,0.009356425,False
11063,0.008736954,-0.010053617,False
11064,-0.009567589,-0.009567589,False
11065,0.0,0.0,False
11066,-0.12373617,0.04311639,False
11067,0.001547778,-0.013495095,False
11068,0.069622144,-0.0192478,False
11069,-0.28784037,-0.1810782,False
11070,-0.27228665,-0.09647936,False
11071,-0.000567358,-0.016620206,False
11072,0.0,0.0008680542,False
11073,0.0,0.0,False
11074,-0.0050488557,-0.0050488557,False
11075,-0.12492901,-0.032044142,False
11076,-0.039611503,-0.0031878054,False
11077,-0.0045020194,-0.002984913,False
11078,-0.009506881,0.019685775,False
11079,-0.019507565,-0.019507565,False
11080,-0.023453455,-0.010409906,False
11081,0.008379139,-0.017145172,False
11082,0.022570193,-0.036959484,False
11083,-0.04581764,0.0013742894,False
11084,-0.090649344,-0.039732426,False
11085,0.022868514,0.04582244,False
11086,0.013173491,0.038085163,False
11087,-0.06034097,0.018978298,False
11088,0.025944859,0.02562803,False
11089,-0.07126075,-0.08564976,False
11090,0.10915631,0.009976745,False
11091,-0.027503073,-0.102213204,False
11092,-0.0068241637,-0.019206963,False
11093,0.0388273,-0.07567477,False
11094,-0.06343016,0.01517725,False
11095,-0.07622119,-0.022087708,False
11096,-0.036492825,-0.07639027,False
11097,-0.027572365,-0.013929492,False
11098,-0.14463842,0.008965611,False
11099,-0.03883086,-0.025872875,False
11100,0.0070663616,-0.03850301,False
11101,-0.023335174,-0.017033959,False
11102,-0.12305561,-0.014152795,False
11103,-0.011805393,0.0030335784,False
11104,0.038461268,0.0,False
11105,0.011493945,-0.011984217,False
11106,0.0,0.0,False
11107,-0.002159804,-0.09533551,False
11108,0.01818239,-0.004906715,False
11109,0.011911154,-0.0083427485,False
11110,-0.4196063,0.04015577,False
11111,-0.014238864,0.029963762,False
11112,-0.044060513,0.019990265,False
11113,-0.005208995,-0.0020436863,False
11114,-0.04320991,-0.015673786,False
11115,-0.056070715,0.017741859,False
11116,0.066112906,-0.010103881,False
11117,-0.32045025,-0.083928764,False
11118,-0.122808516,-0.056773543,False
11119,0.0,0.001382963,False
11120,-0.3376087,-0.040996194,False
11121,-0.21371031,-2.3961067e-05,False
11122,-0.036813684,-0.0065913647,False
11123,-0.019516956,-0.0150603615,False
11124,0.013810366,0.0031569004,False
11125,-0.008805737,-0.054570623,False
11126,-0.104126036,-0.033244878,False
11127,-0.043503165,-0.14631069,False
11128,-0.16566932,0.033346474,False
11129,-0.051401615,-0.04316044,False
11130,0.08948329,-0.05355698,False
11131,-0.048619866,-0.080629945,False
11132,0.12402403,0.008596659,False
11133,-0.16342409,-0.08724809,False
11134,-0.30015445,-0.017793179,False
11135,0.045968696,-0.037856534,False
11136,-0.024970576,-0.032374978,False
11137,0.064667046,0.033709347,False
11138,-0.12105757,-0.12642205,False
11139,0.010300785,-0.10935174,False
11140,0.03631732,-0.033139735,False
11141,-0.083990335,-0.050067365,False
11142,0.023105145,-0.053164363,False
11143,-0.039743528,-0.025940612,False
11144,0.04876566,0.008378744,False
11145,-0.15767503,-0.1589123,False
11146,0.009709343,0.002656296,False
11147,0.0,0.0,False
11148,0.024101915,-0.01909938,False
11149,0.08133268,0.015629768,False
11150,-0.34396398,-0.023340523,False
11151,-0.05635855,-0.05635855,False
11152,-0.050097585,-0.06651771,False
11153,0.022332136,0.0,False
11154,-0.0038334213,-0.0038334213,False
11155,0.050135843,0.009194367,False
11156,0.0,0.0,False
11157,-0.07692027,-0.10743332,False
11158,0.02760899,0.050129294,False
11159,0.051033944,0.08548424,False
11160,-0.21798027,-0.09582937,False
11161,-0.009278342,-0.010675237,False
11162,0.0074209757,0.003056351,False
11163,0.02112984,0.0,False
11164,0.022636771,-0.021181285,False
11165,0.07993844,-0.03109169,False
11166,0.10355103,-0.06314719,False
11167,-0.0044809636,-0.0044809636,False
11168,0.050940946,-0.02024965,False
11169,-0.13827062,0.054078758,False
11170,-0.20927143,-0.088065505,False
11171,0.064466566,0.012488335,False
11172,0.14087996,0.018799812,False
11173,-0.051402807,-0.087237,False
11174,-0.09063274,0.05652365,False
11175,0.067051016,-0.09791472,False
11176,-0.0067344606,0.0076050907,False
11177,-0.22659376,-0.05812955,False
11178,0.0953725,0.0024313927,False
11179,0.11419034,-0.07670367,False
11180,-0.022911072,-0.12534148,False
11181,0.011888101,-0.010719615,False
11182,0.0030409694,0.00434047,False
11183,0.0022035353,-0.014174059,False
11184,-0.043534055,-0.09068614,False
11185,0.06676517,-0.02472823,False
11186,-0.071702465,0.00400199,False
11187,0.01622945,-0.0562481,False
11188,-0.06667857,-0.2735116,False
11189,0.11208892,-0.015319109,False
11190,0.093903676,-0.029060457,False
11191,0.0041026846,0.019164309,False
11192,0.022678088,0.00086249644,False
11193,-0.004938503,-0.004938503,False
11194,0.033986375,-0.0035210575,False
11195,-0.046843708,-0.016221285,False
11196,-0.0031739995,0.0053845868,False
11197,-0.055719033,-0.04797314,False
11198,0.00774398,0.0045626713,False
11199,-0.0863871,-0.032494783,False
11200,-0.12183139,0.01342234,False
11201,-0.012677023,-0.011575364,False
11202,-0.005618751,-0.04609834,False
11203,-0.01737577,-0.014921385,False
11204,-0.0052438695,-0.0052438695,False
11205,-0.023214342,0.0028178748,False
11206,0.0023899823,-0.041761726,False
11207,-0.14253318,-0.019298077,False
11208,0.15409589,-0.037930906,False
11209,0.09532699,-0.0131139755,False
11210,-0.039774165,-0.01855173,False
11211,0.11072463,-0.013741076,False
11212,0.13743669,-0.039585292,False
11213,0.009710133,0.048919708,False
11214,-0.059705496,-0.044869304,False
11215,0.011356264,-0.0045359693,False
11216,-0.010067988,-0.010067988,False
11217,-0.86485374,-0.002286911,False
11218,0.031944036,0.009626225,False
11219,-0.032206856,-0.011009969,False
11220,0.010578662,0.059377104,False
11221,0.0,0.0,False
11222,-0.15122154,-0.012728512,False
11223,-0.26818728,-0.056553602,False
11224,-0.039121717,-0.022677332,False
11225,0.016377594,0.0020416242,False
11226,0.01429221,0.00056159496,False
11227,0.09273434,0.053492993,False
11228,0.1578573,0.020985186,False
11229,-0.05924511,-0.05235648,False
11230,-0.117639005,-0.08285904,False
11231,0.06264043,0.03230536,False
11232,-0.044303253,-0.030034468,False
11233,0.019018808,-0.018893475,False
11234,0.032593817,-0.17583658,False
11235,-0.041073576,-0.03936427,False
11236,0.0,0.00013751774,False
11237,-0.19254242,-0.0659962,False
11238,0.02587831,-0.032132685,False
11239,0.066171706,0.0027997792,False
11240,-0.003592351,-0.002638033,False
11241,0.07623228,-0.0062562823,False
11242,0.05117599,-0.015658334,False
11243,-0.2115705,-0.19576216,False
11244,-0.0006132126,-0.01640737,False
11245,-0.16621725,0.01610142,False
11246,-0.06702867,-0.022992045,False
11247,-0.011885971,0.020422816,False
11248,-0.00051499903,0.0024501793,False
11249,-0.012599075,-0.012599075,False
11250,-0.04696373,-0.017478455,False
11251,0.1902113,0.017992496,False
11252,0.005840063,-0.010006623,False
11253,-0.2633245,-0.22217584,False
11254,-0.1868299,-0.06323007,False
11255,0.031883955,-0.0018540025,False
11256,-0.0462448,-0.030200094,False
11257,-0.019019637,-0.05675033,False
11258,0.10174513,-0.2389822,False
11259,-0.3084972,0.030787468,False
11260,-0.19920576,-0.056093454,False
11261,-0.046235368,-0.011451125,False
11262,0.28889692,0.0107880235,False
11263,-0.0051456327,-0.0051456327,False
11264,0.05380702,-0.0734154,False
11265,-0.057111263,0.005198434,False
11266,-0.22508216,-0.095561504,False
11267,-0.05661072,-0.24797186,False
11268,0.087074526,-0.10091654,False
11269,-0.011186213,-0.011186213,False
11270,-0.034627624,-0.034627624,False
11271,-0.004584446,-0.004584446,False
11272,0.0,0.0,False
11273,-0.08684456,0.035383046,False
11274,0.014845894,0.0,False
11275,-0.0339123,-0.00038941205,False
11276,-0.5946505,-0.105614424,False
11277,-0.010541916,-0.022340173,False
11278,-0.037465665,-0.011209898,False
11279,-0.059481442,-0.1665408,False
11280,-0.0034174668,-0.0034174668,False
11281,-0.033299536,-0.0046380684,False
11282,0.03855759,0.02403456,False
11283,0.010746205,0.007301623,False
11284,-0.003824031,0.00904388,False
11285,0.015449899,-0.0069836443,False
11286,0.03810598,-0.0048269946,False
11287,-0.0046868264,-0.0046868264,False
11288,0.0076387376,-0.0328134,False
11289,0.018796526,-0.026985768,False
11290,0.032078058,0.0004325956,False
11291,0.06549013,-0.058321834,False
11292,-0.022421226,-0.022421226,False
11293,-0.008499518,-0.00937178,False
11294,0.0434106,-0.012640357,False
11295,0.26219893,-0.0689497,False
11296,-0.06626587,-0.14939062,False
11297,-0.014283333,-0.050390273,False
11298,0.048774246,-0.01862314,False
11299,-0.0049393275,-0.0049393275,False
11300,-0.034556396,-0.051630855,False
11301,0.013444063,-0.009593022,False
11302,-0.027340353,-0.02514346,False
11303,0.04267127,-0.01991394,False
11304,-0.034403056,-0.03388959,False
11305,-0.04640159,-0.0048137605,False
11306,-0.030346096,0.021729767,False
11307,-0.011413708,0.0030716807,False
11308,-0.0039994186,-0.0029591238,False
11309,0.050787136,-0.024345087,False
11310,0.008358942,0.0063574854,False
11311,-0.23127645,-0.054607958,False
11312,-0.033325445,0.008558419,False
11313,0.123968184,-0.023758411,False
11314,-0.10266769,-0.12877738,False
11315,-0.039705113,-0.024272185,False
11316,0.13443679,-0.041692466,False
11317,0.11190462,0.026666135,False
11318,-0.19545129,0.02002889,False
11319,-0.007974472,-0.02406328,False
11320,0.10835343,0.021663338,False
11321,-0.5890001,-0.18333793,False
11322,0.026407257,-0.00514479,False
11323,0.05742609,0.009370793,False
11324,-0.02561018,-0.007966984,False
11325,-0.017116314,-0.017116314,False
11326,-0.011976076,-0.0031511933,False
11327,-0.12938312,-0.04510057,False
11328,0.030359622,-0.025787827,False
11329,-0.4478659,-0.16323417,False
11330,-0.0021105763,-0.02454412,False
11331,-0.26169407,-0.09987795,False
11332,-0.00053571165,-0.0060791112,False
11333,-0.009248569,-0.009248569,False
11334,-0.23034894,0.0072621107,False
11335,-0.1762982,-0.15172702,False
11336,-0.10945381,0.035124123,False
11337,0.17525084,0.0427811,False
11338,0.0,0.0,False
11339,0.026370443,-0.03954585,False
11340,0.02151566,-0.0015690178,False
11341,-0.039559256,-0.03361941,False
11342,-0.04585886,-0.11811578,False
11343,-0.01920749,-0.01920749,False
11344,-0.01347505,-0.012418288,False
11345,-0.0010590963,-0.033514287,False
11346,-0.01862681,0.01789637,False
11347,-0.05450529,-0.029762924,False
11348,-0.013346731,-0.012298272,False
11349,-0.014992936,-0.01065453,False
11350,0.05123447,-0.03176377,False
11351,-0.053532243,-0.024897411,False
11352,-0.025052857,-0.025052857,False
11353,-0.05303912,-0.15870985,False
11354,0.0,0.0,False
11355,0.21753359,-0.1888094,False
11356,-0.33557868,-0.06262529,False
11357,0.068415105,-0.009949803,False
11358,-0.12422514,-0.1690445,False
11359,-0.058465615,-0.027991414,False
11360,0.0078068376,0.05380988,False
11361,0.1632973,-0.030712903,False
11362,-0.01882425,-0.007781295,False
11363,0.1681242,-0.028081894,False
11364,-0.027262896,0.0130389035,False
11365,0.1555016,-0.14915395,False
11366,-0.08311075,0.031986594,False
11367,-0.17447138,-0.14640963,False
11368,-0.19069153,-0.04541391,False
11369,-0.011612527,-0.009986967,False
11370,-0.20265543,0.08479965,False
11371,-0.116433196,-0.005541101,False
11372,0.048520923,0.018795311,False
11373,0.03547141,0.059610486,False
11374,-0.07354055,-0.037531644,False
11375,0.018871188,0.04373759,False
11376,0.1752963,-0.09423578,False
11377,0.034031242,-0.09364502,False
11378,0.049452066,0.032806873,False
11379,-0.02018034,-0.02018034,False
11380,-0.017905712,-0.2047987,False
11381,-0.066134036,-0.024167776,False
11382,-0.81125975,-0.22457647,False
11383,-0.13463995,-0.050570637,False
11384,-0.08701962,-0.049617767,False
11385,-0.00010368414,0.004646631,False
11386,-0.059237048,-0.02290387,False
11387,-0.0046977997,0.009543425,False
11388,-0.05238524,-0.04590249,False
11389,-0.0053157425,-0.0053157425,False
11390,-0.014284909,-0.06440544,False
11391,0.009444643,-0.00023793988,False
11392,-0.04487264,-0.045417935,False
11393,-0.043681026,0.014479399,False
11394,0.0,0.00055385305,False
11395,0.0,0.0,False
11396,-0.09764718,-0.0031532645,False
11397,-0.059420675,-0.13512182,False
11398,0.0,0.0,False
11399,0.064070106,-0.027294695,False
11400,-0.66462946,-0.15866423,False
11401,-0.10025525,-0.13608944,False
11402,0.13300467,0.073724926,False
11403,-0.031383604,-0.03383872,False
11404,-0.3188396,0.031192958,False
11405,-0.0037886947,0.075454906,False
11406,-0.52346945,-0.015587568,False
11407,0.14264727,-0.050409794,False
11408,-0.26766533,-0.10150838,False
11409,-0.43882662,-0.06512296,False
11410,-0.14537728,-0.11114913,False
11411,-0.0284729,-0.13439763,False
11412,0.0,0.0,False
11413,0.07408878,0.022914581,False
11414,0.0042761713,0.007863723,False
11415,0.0076733977,-0.04150103,False
11416,-0.113558754,-0.044242427,False
11417,-0.08669579,-0.053011715,False
11418,0.09130067,0.030215085,False
11419,-0.005754903,0.0062852837,False
11420,-0.025507256,-0.06964914,False
11421,-0.2973596,-0.16707712,False
11422,0.026659638,0.011870071,False
11423,0.0,0.0,False
11424,0.10457796,0.008126289,False
11425,-0.1599865,-0.06930375,False
11426,-0.35638523,-0.18086982,False
11427,-0.060513556,-0.026352227,False
11428,0.12380344,0.0349254,False
11429,0.050750732,-0.02621293,False
11430,0.007407792,-0.027734973,False
11431,0.079892844,-0.05953853,False
11432,0.101543635,-0.04345131,False
11433,0.023381442,-0.016816556,False
11434,-0.0074372124,-0.02915173,False
11435,-0.110223144,-0.013907015,False
11436,0.0879823,-0.048564434,False
11437,0.026694179,-0.031269357,False
11438,-0.1721797,-0.060496926,False
11439,0.04133016,0.011739016,False
11440,0.040859643,0.0057030506,False
11441,-0.067997456,-0.03634906,False
11442,-0.13419892,-0.056170955,False
11443,-0.03573373,0.07193521,False
11444,-0.13387662,-0.017905354,False
11445,-0.11173606,-0.0049653053,False
11446,-0.14963922,-0.028792024,False
11447,-0.06293939,-0.024010941,False
11448,-0.10903323,-0.106575966,False
11449,0.012868971,0.07218203,False
11450,-0.20226851,-0.09130457,False
11451,0.083046675,0.026022732,False
11452,-0.0019784868,0.06862059,False
11453,-0.10766345,-0.061950028,False
11454,0.061600067,0.042013593,False
11455,-0.18824708,-0.07146609,False
11456,-0.051603556,0.0070013106,False
11457,-0.24003923,-0.028194726,False
11458,0.052794103,-0.013708088,False
11459,0.038446486,0.018239677,False
11460,0.1229071,0.013145447,False
11461,-0.07486555,-0.03947532,False
11462,-0.07275468,-0.058689803,False
11463,0.03783357,-0.03814608,False
11464,0.018803354,-0.0029742331,False
11465,0.0,0.0,False
11466,-0.26038,-0.0881021,False
11467,-0.033769563,-0.01970994,False
11468,-0.1251105,-0.14782393,False
11469,0.029759377,-0.050055653,False
11470,-0.10994637,-0.0007683039,False
11471,0.07273695,0.017707735,False
11472,0.09828238,0.06527738,False
11473,-0.009237674,-0.009237674,False
11474,-0.21843317,-0.13291788,False
11475,0.07919963,-0.08752313,False
11476,0.021009684,-0.023405194,False
11477,-0.06799206,0.0023894012,False
11478,-0.013238456,-0.010492116,False
11479,0.17022324,-0.08226168,False
11480,-0.9640652,-0.22153568,False
11481,-0.47830033,-0.041272283,False
11482,-0.41808376,-0.001139164,False
11483,-0.32080007,-0.013859272,False
11484,0.12908891,0.045457423,False
11485,-0.027249336,-0.06287861,False
11486,0.04382789,0.12061334,False
11487,0.0,0.0,False
11488,-0.016241647,-0.009571612,False
11489,0.06704823,0.0,False
11490,-0.03182867,0.025106013,False
11491,0.20818138,-0.015822887,False
11492,-0.12400293,-0.18412375,False
11493,-0.009292884,-0.009292884,False
11494,-0.09030077,-0.041392416,False
11495,0.0,0.0,False
11496,0.017707735,0.005207559,False
11497,-0.3130437,-0.29459417,False
11498,-0.0062079225,-0.022585517,False
11499,0.016354412,-0.017571107,False
11500,-0.14646983,0.1423657,False
11501,-0.14421052,-0.061431468,False
11502,-0.032591432,0.01652971,False
11503,-0.5165708,-0.08172095,False
11504,-0.26312375,-0.041726112,False
11505,0.0119564235,0.035408735,False
11506,-0.08660674,-0.05568081,False
11507,-0.03155079,-0.03155079,False
11508,0.018627733,0.07200158,False
11509,-0.14462554,-0.05233884,False
11510,-0.022274792,-0.0081810355,False
11511,-0.17926234,0.035880595,False
11512,0.23316717,0.024459124,False
11513,-0.028945267,-0.028945267,False
11514,0.16803515,0.105425835,False
11515,0.14453876,0.057177067,False
11516,0.0,1.1567534e-07,False
11517,-0.003413568,-0.0016459536,False
11518,0.016981434,-0.004671073,False
11519,0.0,0.0,False
11520,0.0,0.00016226867,False
11521,0.0,0.0,False
11522,-0.093659,-0.03458997,False
11523,-0.039006032,-0.030776026,False
11524,0.10174364,0.0031246543,False
11525,0.015469306,-0.0049597723,False
11526,0.081190705,0.030985296,False
11527,-0.06315276,0.022357255,False
11528,0.0,0.0,False
11529,-0.0040650247,-0.0036833007,False
11530,0.14137888,0.03922379,False
11531,0.032593157,-0.032675657,False
11532,-0.021354854,0.10852426,False
11533,0.0,0.0,False
11534,-0.03457408,-0.03457408,False
11535,-0.009691102,-0.009691102,False
11536,0.094060615,-0.057956878,False
11537,0.038316295,-0.031368546,False
11538,-0.039792683,-0.061756536,False
11539,-0.0049393275,-0.0049393275,False
11540,-0.013395313,-0.029772907,False
11541,-0.039485257,-0.039485257,False
11542,-0.0094262855,-0.0094262855,False
11543,-0.023466079,-0.023466079,False
11544,0.0,0.001298426,False
11545,-0.051825646,-0.11363692,False
11546,-0.009357022,-0.009357022,False
11547,-0.03821726,-0.03821726,False
11548,0.0,0.00062574365,False
11549,-0.010044637,-0.010044637,False
11550,-0.03043236,-0.05341919,False
11551,-0.044269424,-0.044269424,False
11552,0.007754186,-0.00854031,False
11553,-0.009916325,-0.009916325,False
11554,0.034686588,-0.012115307,False
11555,0.058060333,-0.004629196,False
11556,0.1718756,0.032918215,False
11557,0.14311385,-0.14846087,False
11558,-0.008871853,0.013768017,False
11559,0.012913778,-0.0102720745,False
11560,-0.029846072,0.016319662,False
11561,0.106954634,-0.010373533,False
11562,-0.030791521,-0.07209164,False
11563,-0.04681921,-0.023634285,False
11564,-0.057489686,-0.023579061,False
11565,0.088593006,0.040579796,False
11566,0.03138101,-0.009275794,False
11567,-0.26927668,0.00023049116,False
11568,0.084340215,-0.06773472,False
11569,0.1436792,0.012659371,False
11570,0.0,0.0,False
11571,0.16934681,-0.0020976067,False
11572,-0.055085063,-0.20504297,False
11573,0.11732805,0.030987203,False
11574,-0.0015012398,0.015088042,False
11575,-0.059991837,-0.047566146,False
11576,0.005359277,-0.00040638447,False
11577,0.0,0.0026457189,False
11578,0.0,0.0,False
11579,-0.02509858,0.04016394,False
11580,-0.1320368,-0.119401336,False
11581,0.0859769,-0.02554202,False
11582,0.00954387,-0.008533132,False
11583,0.0027911346,-0.013055552,False
11584,0.30902088,-0.07344234,False
11585,0.05241753,-0.010716513,False
11586,-0.2423557,-0.21369183,False
11587,0.0591193,0.08574526,False
11588,-0.042006213,-0.042006213,False
11589,-0.008328776,-0.007562273,False
11590,-0.16305223,-0.016138315,False
11591,-0.0141242035,-0.022690017,False
11592,-0.0039614746,-0.0039614746,False
11593,-0.19403791,-0.22531366,False
11594,-0.20393765,-0.07950044,False
11595,0.08862305,0.01889038,False
11596,-0.16124874,-0.030686498,False
11597,0.064642765,-0.05520893,False
11598,-0.0050258595,-0.0049145943,False
11599,0.0,9.981534e-06,False
11600,-0.20427465,0.011059165,False
11601,0.0,0.0,False
11602,-0.039361894,-0.08656734,False
11603,0.023439623,0.01728782,False
11604,-0.058746725,-0.052449018,False
11605,-0.015376049,-0.015376049,False
11606,0.030598998,0.0025762916,False
11607,0.0,0.0,False
11608,0.01579982,-0.032565087,False
11609,-0.15126228,-0.06403363,False
11610,-0.025298571,-0.009284951,False
11611,-0.03701099,-0.015731469,False
11612,-0.07391417,-0.003139615,False
11613,-0.02677419,-0.06506046,False
11614,-0.038730755,-0.040413722,False
11615,-0.18666804,-0.04924488,False
11616,0.10246286,-0.03242469,False
11617,-0.0045406297,-0.0045406297,False
11618,0.10008532,0.003126502,False
11619,-0.0457931,-0.10474638,False
11620,0.12857842,0.057079434,False
11621,0.02250874,-0.016220048,False
11622,0.021202147,-0.09207809,False
11623,0.017116185,-0.051730055,False
11624,0.0044529587,-0.17042272,False
11625,-0.033292383,0.00017362833,False
11626,0.033723235,-0.018045425,False
11627,0.13251875,0.018125385,False
11628,-0.12632196,-0.17021823,False
11629,-0.005134296,-0.005134296,False
11630,-0.22344124,0.01444459,False
11631,0.022633798,-0.035301775,False
11632,0.0,0.0,False
11633,-0.0022464935,-0.024384007,False
11634,-0.08307493,-0.018978596,False
11635,-0.004898398,-0.004898398,False
11636,0.05461298,-0.019130904,False
11637,-0.024469733,-0.14134002,False
11638,-2.8684735e-06,0.03328383,False
11639,0.016294496,0.0,False
11640,0.012503137,-0.0070894677,False
11641,-0.74847656,-0.17356586,False
11642,0.007276442,0.009406231,False
11643,-0.02390628,-0.047074687,False
11644,-0.0059634447,0.05109024,False
11645,0.0632018,-0.02828446,False
11646,-0.11683822,-0.050164223,False
11647,0.092935644,-0.038877077,False
11648,-0.27359086,-0.11896059,False
11649,-0.059509158,-0.00396803,False
11650,0.16213226,-0.040840626,False
11651,-0.052705467,-0.039663903,False
11652,0.015280849,-0.005148229,False
11653,-0.049616013,-0.029747123,False
11654,-0.03322041,-0.037721395,False
11655,0.08944535,-0.1119591,False
11656,0.028138183,0.022001058,False
11657,0.10319692,-0.010875642,False
11658,0.032724164,0.019730255,False
11659,0.0,0.0015008617,False
11660,-0.054999083,-0.0013242662,False
11661,0.0,0.0,False
11662,-0.008885029,-0.008277069,False
11663,-0.011773517,-0.00037796423,False
11664,0.018892884,0.04679832,False
11665,-0.23329699,-0.17033827,False
11666,-0.18220723,0.035983264,False
11667,0.15703607,0.06427255,False
11668,0.04936765,-0.08378661,False
11669,-0.11841938,-0.03157434,False
11670,-0.003665166,-0.003665166,False
11671,0.032503247,0.027799085,False
11672,-0.24104255,-0.10503203,False
11673,-0.0049436693,-0.0049436693,False
11674,0.0,0.0,False
11675,-0.20507842,-0.05441898,False
11676,0.007513391,-0.014799891,False
11677,-0.17407537,-0.13334417,False
11678,0.04332754,0.07207373,False
11679,-0.2158779,-0.02179119,False
11680,0.021384358,-0.050987303,False
11681,-0.0938499,-0.18831801,False
11682,-0.004862651,-0.0042370693,False
11683,0.03375113,0.015490331,False
11684,0.0014660656,-0.14572474,False
11685,0.01612195,-0.0029829266,False
11686,-0.014323432,-0.014323432,False
11687,-0.12392947,-0.038016066,False
11688,-0.04223675,-0.04223675,False
11689,-0.13374032,0.003995642,False
11690,0.13946593,0.04677999,False
11691,0.08813372,0.043522082,False
11692,0.009245377,-0.031813733,False
11693,-0.030124903,-0.01015079,False
11694,0.06761733,0.010556132,False
11695,-0.02613385,-0.011836246,False
11696,0.00088823587,-0.018858567,False
11697,-0.0512177,0.018594798,False
11698,0.0,0.0,False
11699,0.10454321,-0.083107084,False
11700,0.015460707,-0.02791626,False
11701,-0.12389588,-0.2214334,False
11702,-0.1944249,-0.05881065,False
11703,-0.009655123,-0.009655123,False
11704,-0.017231882,-0.036674798,False
11705,-0.015374201,-0.014364789,False
11706,0.022132397,-0.010918602,False
11707,0.020739034,0.006425528,False
11708,0.008400705,-0.007277161,False
11709,0.0005869791,-0.019147865,False
11710,-0.0055968165,0.031094767,False
11711,0.0,0.0,False
11712,-0.0096670985,0.021431118,False
11713,-0.010534577,0.015067294,False
11714,-0.0040039783,-0.0040039783,False
11715,0.0,0.0,False
11716,-0.16247569,-0.006366104,False
11717,-0.00990659,-0.07872714,False
11718,0.30126214,-0.030672789,False
11719,0.058395267,-0.07483721,False
11720,0.027162336,-0.03866653,False
11721,-0.010734379,0.024068505,False
11722,0.2698152,-0.13767481,False
11723,-0.062576175,0.009740889,False
11724,-0.32699442,-0.123263955,False
11725,-0.30543,0.06938499,False
11726,-0.8535669,-0.2137649,False
11727,-0.13449824,-0.07068449,False
11728,0.008728951,-0.021814078,False
11729,-0.0104261935,-0.0048864335,False
11730,-0.011015624,-0.039726704,False
11731,0.025850892,0.013557851,False
11732,-0.041069597,-0.023861483,False
11733,0.15144682,0.096918344,False
11734,-0.7222471,0.14449358,False
11735,-0.008796163,0.011862837,False
11736,0.06814136,0.0033502541,False
11737,-0.0022896398,-0.024169795,False
11738,-0.12367618,-0.0793609,False
11739,-0.2234186,-0.1062839,False
11740,0.11006476,-0.03830059,False
11741,0.04221995,-0.0063560605,False
11742,-0.03843388,0.019627929,False
11743,-0.3501446,-0.019647002,False
11744,-0.088244915,0.009650916,False
11745,0.07692599,-0.13924289,False
11746,-0.3499298,-0.15014124,False
11747,-0.0049804756,-0.0049804756,False
11748,0.08410363,0.0056185853,False
11749,0.17400712,-0.02714473,False
11750,0.069824636,0.01681614,False
11751,0.010830558,0.017118257,False
11752,0.012013607,-0.11724264,False
11753,0.29087758,0.08565962,False
11754,0.06069401,0.056755573,False
11755,0.07114017,0.045446157,False
11756,-0.11339605,-0.15055668,False
11757,0.023231003,-0.022733402,False
11758,-0.07713854,0.00021886826,False
11759,0.0,0.0,False
11760,0.11301631,0.11479813,False
11761,-0.061312705,0.01125446,False
11762,-0.030461682,-0.025265142,False
11763,-0.08493227,-0.03703296,False
11764,-0.013545246,-0.013545246,False
11765,0.014018327,0.014184676,False
11766,-0.017129418,-0.04058012,False
11767,0.0,0.0,False
11768,-0.0037428737,-0.06645715,False
11769,0.084188074,0.050059333,False
11770,-0.02380085,0.0669508,False
11771,0.08502722,-0.005633235,False
11772,0.078223705,-0.15715837,False
11773,-0.0061435215,0.016324375,False
11774,0.021024436,0.0,False
11775,0.015103795,0.012856305,False
11776,-0.021717004,-0.009295665,False
11777,-0.0195432,0.008223727,False
11778,-0.0049480326,-0.0049480326,False
11779,-0.005172207,-0.005172207,False
11780,-0.26942807,-0.075882554,False
11781,-0.01704814,-0.03387179,False
11782,0.029069064,-0.013434807,False
11783,0.049698323,-0.014061533,False
11784,0.013059793,-0.009336144,False
11785,-0.009631242,-0.009631242,False
11786,-0.061816096,-0.017065212,False
11787,-0.11149359,-0.038658857,False
11788,0.08379102,0.048226118,False
11789,-0.11316681,-0.043922067,False
11790,0.08458868,-0.09354156,False
11791,-0.09433146,-0.06424068,False
11792,-0.004652436,-0.004652436,False
11793,0.039333522,0.028917968,False
11794,0.018215299,-0.0723027,False
11795,0.095837794,0.037751697,False
11796,0.11715388,-0.07633674,False
11797,-0.12337151,-0.027354509,False
11798,-0.07776603,-0.09093574,False
11799,-0.038980447,-0.031793367,False
11800,-0.25981617,-0.13073206,False
11801,0.3002149,0.03612399,False
11802,0.30181742,-0.07834411,False
11803,0.034997165,-0.050457865,False
11804,-0.016996503,0.07646781,False
11805,0.3153993,0.024057984,False
11806,-0.0050029927,-0.0050029927,False
11807,-0.034957662,-0.023933172,False
11808,-0.16928053,-0.027176142,False
11809,-0.01962889,0.01382412,False
11810,0.039714664,0.015731275,False
11811,-0.21867543,-0.014732242,False
11812,-0.006449744,0.01315535,False
11813,-0.008453208,-0.008453208,False
11814,-0.0047386168,-0.0047386168,False
11815,-0.022942021,-0.01822583,False
11816,-0.004047248,-0.004047248,False
11817,-0.004554102,-0.0018362366,False
11818,-0.13757074,-0.14801288,False
11819,-0.050345536,0.00834953,False
11820,0.074582666,0.051090464,False
11821,-0.01975664,-0.041092556,False
11822,-0.057016134,-0.051527053,False
11823,-0.03616768,0.011731178,False
11824,-0.31335378,-0.0059126616,False
11825,0.034341957,-0.00071408204,False
11826,0.18692088,0.08439517,False
11827,0.020816267,0.0123461485,False
11828,-0.00013766997,-0.020527853,False
11829,-0.17593133,0.04412961,False
11830,-0.16501841,-0.029809594,False
11831,0.3877604,-0.18775916,False
11832,-0.043690905,-0.007339865,False
11833,-0.014119029,-0.1627196,False
11834,0.034258127,-0.060994864,False
11835,0.23714972,-0.021156669,False
11836,0.0,0.0,False
11837,0.22701192,-0.09475446,False
11838,0.081884444,-0.06613809,False
11839,-0.06492633,-0.06670147,False
11840,-0.028115833,-0.006982902,False
11841,0.013183649,-0.0101312725,False
11842,-0.0146428645,-0.044835895,False
11843,0.017696178,-0.0036918141,False
11844,-0.069758624,0.06998354,False
11845,-0.008751864,-0.0028374745,False
11846,-0.26055884,-0.0021407604,False
11847,0.13110608,-0.10358593,False
11848,-0.05745396,-0.054929435,False
11849,-0.02357423,-0.0014558714,False
11850,-0.009752841,-0.0085752625,False
11851,0.07469505,-0.01681219,False
11852,0.0019727647,-0.025342524,False
11853,0.01184088,-0.0075820014,False
11854,0.0,0.0,False
11855,0.042182326,-0.10820639,False
11856,0.013888307,-0.005774893,False
11857,-0.017086223,-0.053548247,False
11858,0.10389915,-0.01008209,False
11859,-0.015225386,-0.015225386,False
11860,0.007921918,0.0013786806,False
11861,0.0114164455,-0.008753858,False
11862,-0.0049530454,-0.003914358,False
11863,0.012850521,-0.0017906199,False
11864,0.0,0.0,False
11865,-0.034928083,-0.0012708977,False
11866,0.0,0.0002998927,False
11867,-0.1738522,-0.10293734,False
11868,0.046402335,-0.006111622,False
11869,-0.10729006,-0.026953012,False
11870,-0.83843803,-0.20454955,False
11871,-0.038651437,0.025320098,False
11872,0.003604412,-0.04079652,False
11873,-0.033031866,-0.01784935,False
11874,-0.47368765,-0.16079211,False
11875,-0.045041114,0.02844745,False
11876,-0.040306807,0.06324381,False
11877,-0.035447136,-0.001264587,False
11878,0.030764401,0.0008011162,False
11879,0.0,0.00032845503,False
11880,-0.41281104,-0.2857449,False
11881,-0.12583315,-0.055208385,False
11882,0.0,0.0,False
11883,0.029690892,-0.032322764,False
11884,0.067274764,-0.015130654,False
11885,0.007342428,0.0157606,False
11886,0.039863147,0.03225915,False
11887,0.13833392,0.047533035,False
11888,0.0,0.0,False
11889,0.0015095174,0.0061073303,False
11890,-0.053017735,-0.022901118,False
11891,0.08392793,-0.05155891,False
11892,-0.008656621,-0.00019615889,False
11893,-0.011036478,-0.01757218,False
11894,-0.12499872,-0.06804423,False
11895,-0.16762462,-0.048428357,False
11896,0.033606432,-0.014160603,False
11897,-0.035481844,-0.012093417,False
11898,-0.1203368,0.06812966,False
11899,0.11044994,0.04047957,False
11900,0.015372096,-0.004857551,False
11901,0.0,0.0,False
11902,-0.005160007,-0.0045036376,False
11903,0.065963924,-0.03373657,False
11904,-0.20059064,-0.06204462,False
11905,0.022938132,-0.030393004,False
11906,0.0,0.00058881316,False
11907,0.11923194,-0.13947153,False
11908,0.11011511,-0.028357625,False
11909,0.04299831,-0.0450889,False
11910,0.019898683,-0.009735674,False
11911,-0.005263746,-0.010250807,False
11912,-0.11438584,0.009355247,False
11913,0.0042419136,-0.0005470067,False
11914,-0.009612871,-0.009612871,False
11915,0.11659372,-0.06639019,False
11916,0.00826852,0.005029075,False
11917,-0.008734725,-0.014015913,False
11918,-0.01147908,0.039649665,False
11919,-0.04491511,-0.05742833,False
11920,0.042494487,0.025870834,False
11921,-0.07290298,0.13332534,False
11922,-0.08892938,-0.026261322,True
11923,-0.052426502,-0.02257654,False
11924,-0.0066322386,-0.06747399,False
11925,-0.015016774,-0.020181265,False
11926,0.039819896,0.0106652975,False
11927,-0.11122918,-0.093293905,False
11928,-0.010949045,-0.10428798,False
11929,-0.015871927,0.041037023,False
11930,0.010549843,-0.024628177,False
11931,0.002763141,0.005219694,False
11932,-0.05385825,-0.016592383,False
11933,0.036201097,-0.008578102,False
11934,0.031552635,-0.01748477,False
11935,-0.06940523,0.03527835,False
11936,0.09134439,0.015135273,False
11937,0.0871433,0.029738784,False
11938,-0.060565174,-0.016745329,False
11939,0.19013005,0.019820929,False
11940,0.1380918,-0.009358108,False
11941,-0.05843854,-0.047781765,False
11942,0.042656515,0.021031018,False
11943,-0.026039071,0.0070947856,False
11944,-0.014040023,-0.0035591424,False
11945,0.059667103,0.028557017,False
11946,-0.21032286,-0.12646091,False
11947,-0.2041905,-0.27353692,False
11948,0.19453919,0.003109336,False
11949,0.13535213,0.010331154,False
11950,-0.2298789,-0.25415325,False
11951,0.028109394,-0.006792292,False
11952,-0.011864692,0.034514904,False
11953,-0.114782356,-0.05520971,False
11954,-0.23433983,-0.056899726,False
11955,-0.017071977,-0.0013992712,False
11956,-0.5495572,-0.03616345,False
11957,-0.34225607,-0.051520824,False
11958,-0.016695898,-0.0029366072,False
11959,-0.007379152,-0.00041888282,False
11960,0.028163008,-0.05043503,False
11961,-0.6529486,-0.124876976,False
11962,-0.033428673,-0.017138755,False
11963,-0.0012539811,-0.047689293,False
11964,0.098841205,0.047397956,False
11965,-0.12507632,0.03677152,False
11966,-0.0058630556,-0.0363933,False
11967,0.0057892017,-0.007822085,False
11968,0.014680274,-0.024503611,False
11969,0.007874131,0.06060785,False
11970,0.04761768,0.0032702088,False
11971,0.04700473,-0.01645276,False
11972,-0.009039648,-0.009039648,False
11973,-0.025458723,-0.031443417,False
11974,-0.009789228,-0.026282847,False
11975,-0.77830887,-0.15976381,False
11976,-0.41227627,-0.20776606,False
11977,-0.0033912933,-0.0010713183,False
11978,-0.09315276,-0.042960078,False
11979,0.023130774,-0.06499919,False
11980,-0.107525274,-0.0598927,False
11981,0.0463835,-0.060064033,False
11982,0.037203074,-0.009035766,False
11983,-0.066268325,-0.028008372,False
11984,-0.00850381,0.017942816,False
11985,-0.02866596,0.03189403,False
11986,0.017497748,-0.04381475,False
11987,-0.31244302,-0.14827514,False
11988,-0.0071747005,0.08975305,False
11989,0.028853178,0.03337902,False
11990,-0.061694026,-0.143664,False
11991,-0.27405906,-0.1767813,False
11992,-0.033842325,-0.3531773,False
11993,-0.018533537,-0.021651441,False
11994,0.04658842,-0.16487856,False
11995,-0.010345817,-0.07401651,False
11996,0.10066569,0.015999794,False
11997,0.038440723,-0.010149702,False
11998,-0.014424308,-0.013629013,False
11999,-0.033242278,-0.033242278,False
12000,0.22718501,0.0460608,False
12001,0.19584897,-0.007936329,False
12002,-0.4252231,-0.20500994,False
12003,-0.06749177,-0.10723597,False
12004,0.014866702,-0.017135255,False
12005,0.16388237,0.063266635,False
12006,-0.014216751,-0.016581744,False
12007,0.08233782,0.032099254,False
12008,0.09371233,0.030120969,False
12009,-0.26843673,-0.094570756,False
12010,0.0619936,-0.05334139,False
12011,-0.2610344,-0.055122852,False
12012,-0.1443702,-0.15011775,False
12013,0.09983766,0.01903081,False
12014,0.103031516,-0.06639552,False
12015,0.09628884,0.040526323,False
12016,-0.028955847,-0.021394372,False
12017,-0.02085393,-0.09883206,False
12018,-0.28221452,0.005339265,False
12019,0.009421036,0.016274579,False
12020,-0.23065853,-0.09309447,False
12021,0.040378444,0.016403489,False
12022,0.1627132,-0.0073895156,False
12023,0.00383698,-0.011961332,False
12024,-0.008782454,-0.0057983464,False
12025,-0.009988271,-0.009988271,False
12026,-0.004728931,-0.004728931,False
12027,0.00792994,-0.012057919,False
12028,0.012257144,-0.024397835,False
12029,0.06072607,0.05659841,False
12030,0.04409174,-0.020866506,False
12031,-0.024455972,-0.017834894,False
12032,0.15495074,0.10086632,False
12033,0.043420643,-0.0013302565,False
12034,0.010556698,-0.04329598,False
12035,-0.09149206,-0.1397413,False
12036,0.17684071,0.0001655072,False
12037,0.032796238,-0.0045995875,False
12038,0.01260972,-0.03217566,False
12039,-0.0050767665,-0.0041662348,False
12040,-0.05615242,-0.023351476,False
12041,-0.07616937,0.011940539,False
12042,-0.0067679584,-0.011006251,False
12043,0.005674079,0.010946553,False
12044,-0.018954873,0.023980558,False
12045,-0.009375232,-0.009375232,False
12046,0.037988305,-0.023924112,False
12047,0.019587398,-0.009312272,False
12048,-0.031791568,-0.05523087,False
12049,-0.042280972,-0.07438432,False
12050,-0.008750856,-0.0921514,False
12051,0.074065566,-0.03678155,False
12052,0.026958376,-0.030634865,False
12053,-0.004784322,-0.0037230644,False
12054,-0.0368127,-0.010853909,False
12055,-0.042947404,-0.02151148,False
12056,-0.0027582012,-0.016290875,False
12057,-0.01820798,-0.01820798,False
12058,0.0032552853,0.04612974,False
12059,-0.017359123,0.003636986,False
12060,0.32944322,-0.03772086,False
12061,0.071160495,0.0060854554,False
12062,-0.1490153,-0.044818044,False
12063,-0.07161607,1.1920929e-06,False
12064,-0.09619549,-0.1331383,False
12065,-0.023959875,-0.017171502,False
12066,0.02881077,0.015844956,False
12067,0.07890199,-0.03408794,False
12068,0.0062507987,-0.02051723,False
12069,-0.06606775,-0.026068144,False
12070,-0.15143394,0.025022864,False
12071,0.08178664,0.032029808,False
12072,-0.07751718,-0.11073172,False
12073,0.038068026,0.034235686,False
12074,0.0042470917,-0.018237025,False
12075,0.046881534,0.048760183,False
12076,-0.027348038,-0.014821626,False
12077,-0.044784904,-0.038051367,False
12078,-0.0056041963,-0.003935773,False
12079,0.19067824,0.07817173,False
12080,-0.5977174,-0.18148828,False
12081,-0.06623012,-0.015450239,False
12082,0.12890938,0.123144865,False
12083,-0.12227026,-0.01594305,False
12084,-0.010219455,0.016552627,False
12085,0.020857349,-0.010062337,False
12086,0.11122435,0.03630376,False
12087,-0.04759366,-0.012535661,False
12088,0.021455124,0.012662217,False
12089,-0.06256926,-0.002803713,False
12090,-0.015816927,0.008222342,False
12091,0.0005672304,-0.014694457,False
12092,-0.021540642,0.017555475,False
12093,-0.0069641247,-0.0034850277,False
12094,0.027284348,-0.006153991,False
12095,0.10737483,0.009415716,False
12096,0.02195365,0.012241781,False
12097,0.016499568,-0.021172836,False
12098,-0.12940544,-0.103581846,False
12099,-0.0854422,-0.043068744,False
12100,0.020420507,0.035237268,False
12101,-0.080320776,-0.028012335,False
12102,-0.027135372,0.039987624,False
12103,0.1615811,-0.0587855,False
12104,0.17009199,-0.095045805,False
12105,-0.091948986,-0.08914673,False
12106,0.029885735,-0.03917891,False
12107,0.078733504,0.0055660605,False
12108,0.02123392,0.011240248,False
12109,0.03853233,0.009868305,False
12110,0.15777966,0.044085562,False
12111,-0.16576338,-0.04074812,False
12112,0.10250306,-0.002130121,False
12113,-0.07750584,0.032824196,True
12114,-0.18848205,-0.092813075,False
12115,-0.075669065,0.05069545,False
12116,0.004222989,-0.041785,False
12117,0.12191634,0.04049802,False
12118,0.10317503,0.020359084,False
12119,0.0,0.0,False
12120,0.02340494,0.015288936,False
12121,-0.0033912933,-0.0026062366,False
12122,-0.073517546,0.01564172,False
12123,-0.07250941,-0.056450963,False
12124,-0.18335152,-0.009480715,False
12125,0.3292204,-0.050676793,False
12126,-0.1288718,-0.02977562,False
12127,0.07452559,-0.042901188,False
12128,0.04502435,-0.018647999,False
12129,0.02169599,0.014178231,False
12130,-0.08016709,-0.14163753,False
12131,-0.0102479765,-0.0102479765,False
12132,-0.0045059593,-0.0045059593,False
12133,0.0,0.0,False
12134,0.0,0.00074823434,False
12135,-0.06261715,-0.063568115,False
12136,-0.036698103,0.025295377,False
12137,-0.0011377465,-0.023047596,False
12138,0.022699751,0.004851587,False
12139,0.0,0.0,False
12140,-0.0065354593,-0.02866847,False
12141,-0.07226294,-0.0014081979,True
12142,0.0,0.0,False
12143,-0.0031709895,-0.010300964,False
12144,0.060768217,-0.38038713,False
12145,-0.044443026,0.010948956,False
12146,0.0029337108,-0.019435441,False
12147,-0.378865,-2.5917466,False
12148,-0.70720625,-0.117737055,False
12149,0.0791415,0.034635663,False
12150,-0.034525037,-0.058026314,False
12151,-0.0033912933,-0.0033912933,False
12152,-0.017607838,-0.026153088,False
12153,0.0,0.0,False
12154,-0.010731757,0.014951382,False
12155,0.0,0.0,False
12156,0.036403544,-0.020995371,False
12157,-0.032332394,-0.018946793,False
12158,-0.06892519,-0.056442227,True
12159,0.042775102,0.003362345,False
12160,0.0,0.0010806845,False
12161,0.00037239492,0.00924851,False
12162,-0.018500663,0.0029601865,False
12163,0.015140772,0.021196544,False
12164,0.0016771555,-0.061909467,False
12165,-0.7305269,-0.26342726,False
12166,0.087146595,0.012685463,False
12167,0.07300192,0.0061996877,False
12168,0.10794976,0.034927428,False
12169,-0.012677967,-0.012677967,False
12170,-0.023857573,-0.021878095,False
12171,-0.04587201,0.019843526,False
12172,-0.004503161,-0.004503161,False
12173,-0.04812334,-0.040381063,False
12174,0.0,0.0,False
12175,0.013235286,-0.014658958,False
12176,0.033359185,-0.015986308,False
12177,-0.016799793,-0.061863586,False
12178,-0.00843694,0.01256238,False
12179,0.04913248,0.0037875772,False
12180,0.030083083,-0.009961537,False
12181,-0.03799045,-0.3128086,False
12182,-0.02619561,0.008822922,False
12183,-0.12255311,-0.15511644,False
12184,-0.00879918,-0.00879918,False
12185,0.02318003,0.002618942,False
12186,0.118211985,0.0058968663,False
12187,-0.055554718,-0.17930095,False
12188,0.00010441989,-0.041064095,False
12189,-0.010486239,-0.008531807,False
12190,0.022615917,0.004489653,False
12191,-0.18175387,0.052610517,False
12192,0.0039914846,0.040688813,False
12193,-0.03178197,-0.009375066,False
12194,-0.0066239685,-0.02875698,False
12195,0.09815538,0.118894696,False
12196,0.111080885,0.033501387,False
12197,0.0,0.0,False
12198,-0.13985133,-0.07572752,False
12199,-0.36825705,-0.109535456,False
12200,-0.14194274,-0.03932011,False
12201,0.112417266,-0.008157447,False
12202,-0.017992985,-0.008558255,False
12203,0.004862739,-0.007787572,False
12204,0.012049463,-0.007131047,False
12205,0.051481813,0.014745757,False
12206,-0.026493572,-0.022483215,False
12207,0.033191595,-0.008636065,False
12208,0.03932947,0.076188564,False
12209,-0.004802211,-0.004802211,False
12210,-0.067417,-0.0017249808,False
12211,-0.010775089,-0.16813445,False
12212,0.10702473,0.03906828,False
12213,-0.016733982,-0.0077109113,False
12214,-0.0033912933,0.0032206913,False
12215,0.0,0.0,False
12216,0.0,0.0,False
12217,0.016377594,0.0,False
12218,-0.12968054,-0.008401275,False
12219,0.0,0.0,False
12220,-0.0050021075,-0.0050021075,False
12221,-0.011774423,-0.027711999,False
12222,0.10181713,-0.1900351,False
12223,0.024954557,0.043230593,False
12224,-0.14644814,-0.063235894,False
12225,-0.13657308,0.14535159,False
12226,0.029855095,-0.006731972,False
12227,0.006165793,-0.0125449635,False
12228,-0.35858965,-0.13495255,False
12229,-0.075138316,-0.0631347,False
12230,-0.2916886,-0.11293447,False
12231,-0.09160265,-0.042761922,False
12232,0.16697297,0.091846734,False
12233,-0.004931114,-0.004931114,False
12234,0.002735585,0.007210586,False
12235,0.002919861,-0.014323029,False
12236,0.0145842135,-0.026268639,False
12237,-0.012261025,-0.012261025,False
12238,-0.019923002,-0.0005264487,False
12239,0.016789733,-0.00048150122,False
12240,0.0,0.0,False
12241,-0.053424068,-0.017367244,False
12242,-0.15550041,-0.13357115,False
12243,-0.19996601,0.06583083,False
12244,0.0077022836,0.008654632,False
12245,-0.009420799,-0.009420799,False
12246,-0.022031546,0.0013589561,False
12247,0.31423962,-0.1860556,False
12248,0.02240935,-0.045305833,False
12249,0.025414623,-0.0205837,False
12250,0.036123298,-0.008422161,False
12251,-0.18653446,0.029224277,False
12252,0.018335337,-0.005090565,False
12253,-0.82434666,-0.04761195,False
12254,-0.007988147,-0.028313974,False
12255,0.0,0.0,False
12256,0.044129204,-0.004858356,False
12257,0.0,0.0008246796,False
12258,0.0027071685,-0.024931427,False
12259,-0.01277489,-0.0069968384,False
12260,-0.004699221,-0.004699221,False
12261,-0.107529216,-0.05551447,False
12262,0.0,0.0,False
12263,-0.010662578,0.011277299,False
12264,-0.12285079,-0.040264398,False
12265,0.01455446,0.013329688,False
12266,-0.080529064,-0.011236697,False
12267,-0.4083748,-0.20220304,False
12268,0.0,0.0,False
12269,-0.20593327,-0.084947824,False
12270,0.038691998,0.00420475,False
12271,-0.005140978,-0.0048251324,False
12272,-0.59496814,-0.12743294,False
12273,-0.072114244,0.034928977,False
12274,-0.044017375,-0.018009484,False
12275,0.008427674,-0.011338919,False
12276,-0.04474327,-0.059115827,False
12277,0.05615008,-0.11318457,False
12278,0.06939927,-0.0012796223,False
12279,0.01545307,0.004080087,False
12280,-0.08559461,-0.0021487772,False
12281,-0.044191554,0.014830962,False
12282,0.0024220608,-0.0022289082,False
12283,-0.0040152892,0.013521366,False
12284,0.02226647,-0.04590159,False
12285,-0.0050052092,-0.0050052092,False
12286,-0.0131910555,-0.0131910555,False
12287,-0.1323759,-0.10129458,False
12288,-0.03980732,-0.05346775,False
12289,0.015422583,-0.02610743,False
12290,0.16481185,-0.064807355,False
12291,0.011971615,-0.00359191,False
12292,0.017829182,-0.004801857,False
12293,0.0032231454,-0.018711476,False
12294,-0.0046966965,-0.0046966965,False
12295,-0.042927504,-0.09667778,False
12296,-0.09668967,0.012390792,False
12297,0.28353703,-1.1638567,False
12298,-0.109502554,-0.015066862,False
12299,-0.2114594,-0.055124342,False
12300,0.13988861,-0.035838887,False
12301,-0.027746528,0.00020462275,False
12302,-0.017053027,-0.039095297,False
12303,0.047217607,-0.06354225,False
12304,0.013114914,0.011558726,False
12305,-0.17745,0.058617413,False
12306,0.061132908,0.06957483,False
12307,0.045601845,-0.16328788,False
12308,0.016387442,-0.015783107,False
12309,-0.152166,-0.039348215,False
12310,-0.09365314,-0.037724867,False
12311,0.19654338,0.119284496,False
12312,0.0,0.0,False
12313,-0.00049309246,-0.01880119,False
12314,0.003073126,-0.01826279,False
12315,-0.010150718,-0.026830371,False
12316,-0.0376672,-0.0077844188,False
12317,-0.07780856,-0.034742475,False
12318,-0.058767736,0.019427955,False
12319,-0.008291572,-0.014715016,False
12320,0.09773368,0.032074034,False
12321,-0.013962582,-0.0085158795,False
12322,-0.10945627,-0.005433038,False
12323,-0.09820795,0.0494107,False
12324,0.018589422,0.0057314485,False
12325,-0.07665604,-0.056138217,False
12326,-0.110893816,0.022778004,False
12327,-0.17853504,-0.12112492,False
12328,0.064433575,0.010292023,False
12329,-0.1732707,-0.075740606,False
12330,-0.032371357,-0.040259223,False
12331,0.014244955,-0.032150026,False
12332,0.053418756,-0.07061219,False
12333,-0.27606094,-0.15602517,False
12334,0.047002077,0.046907306,False
12335,-0.06459677,0.0069150627,False
12336,-0.031948328,-0.054561764,False
12337,-0.07926793,0.051917687,False
12338,-0.31058192,-0.123117566,False
12339,0.046228573,0.012652144,False
12340,0.011464238,0.016756237,False
12341,-0.013669198,-0.023502849,False
12342,-0.013263139,0.007960415,False
12343,0.03562641,0.04847032,False
12344,0.03182833,0.0091698915,False
12345,-0.054904804,0.020666242,False
12346,-0.08898425,-0.07423663,False
12347,0.09537223,-0.05894968,False
12348,-0.12632746,0.039765477,False
12349,-0.22225416,-0.022284508,False
12350,0.011725903,-0.007209301,False
12351,-0.21738459,-0.097043395,False
12352,0.113634706,-0.020348191,False
12353,0.21223736,-0.010573268,False
12354,-0.022411108,0.0020266771,False
12355,-0.37426353,-0.19167459,False
12356,0.09221375,0.009045124,False
12357,0.13320625,-0.01741612,False
12358,0.0037248135,-0.01844616,False
12359,-0.030437456,0.02662708,False
12360,-0.25605094,-0.15767395,False
12361,0.0060930485,-0.009168639,False
12362,0.026647419,-0.03079319,False
12363,-0.20098543,-0.06924307,False
12364,0.12794137,0.034915924,False
12365,-0.22219208,-0.10228759,False
12366,0.029943496,-0.056180507,False
12367,-0.031305343,0.007362198,False
12368,0.07116237,0.03675863,False
12369,-0.08877465,-0.040724754,False
12370,-0.031830326,-0.031830326,False
12371,0.002782464,-0.029283762,False
12372,-0.1195622,-0.038341194,False
12373,0.021493204,-0.064665794,False
12374,0.0323323,-0.25057995,False
12375,0.15032102,-0.020439327,False
12376,0.04014933,0.07055783,False
12377,-0.025502235,-0.05977924,False
12378,-0.12688178,-0.05278939,False
12379,-0.06229675,-0.057895243,False
12380,-0.04510793,-0.024869442,False
12381,0.009052634,-0.025972456,False
12382,0.015264824,0.00096922554,False
12383,-0.0026945323,0.0127857495,False
12384,-0.10448837,-0.0837872,False
12385,-0.1288042,-0.13891263,True
12386,0.0071355896,-0.015222137,False
12387,0.025575168,-0.0020564087,False
12388,0.036970746,-0.010643534,False
12389,0.031020604,0.028155334,False
12390,0.18507707,0.0075834394,False
12391,-0.09884095,-0.093945265,False
12392,0.16092348,-0.016469061,False
12393,-0.03149391,-0.03149391,False
12394,-0.1761522,-0.0075592995,False
12395,0.07630654,0.011241894,False
12396,-0.07848638,0.009609595,False
12397,-0.024574775,-0.039420668,False
12398,0.083441734,-0.15315497,False
12399,0.013827622,-0.01244092,False
12400,0.3458426,-0.39105177,False
12401,-0.010210887,-0.010210887,False
12402,-0.008657173,-0.008657173,False
12403,-0.009608442,-0.009608442,False
12404,-0.013417126,-0.013417126,False
12405,-0.02323632,0.035759136,False
12406,-0.03872497,-0.03872497,False
12407,0.10117042,-0.14568341,False
12408,-0.10237378,0.059107184,False
12409,0.037944287,-0.017813504,False
12410,-0.09058096,0.0279354,False
12411,-0.02913715,-0.0040720105,False
12412,0.0,0.0,False
12413,-0.019888215,-0.015042197,False
12414,-0.037546813,-0.009567589,False
12415,0.04589201,0.0,False
12416,-0.0117338,-0.006804973,False
12417,-0.18691611,-0.16476607,False
12418,-0.29634023,-0.23789811,False
12419,-0.080382735,-0.028755218,False
12420,-0.0077828495,-0.0077828495,False
12421,-0.006162025,-0.047251623,False
12422,-0.07553223,-0.02767177,False
12423,-0.014844835,-0.03863211,False
12424,-0.18509924,0.07222104,False
12425,0.066158295,-0.22306252,False
12426,-0.026542995,-0.048072703,False
12427,0.0,0.0,False
12428,0.0014454518,-0.021056471,False
12429,0.034070294,-0.0044077365,False
12430,0.026312571,-0.039037358,False
12431,0.0,0.0,False
12432,-0.059875406,-0.059875406,False
12433,-0.018469416,-0.011794936,False
12434,-0.01704359,-0.13820195,False
12435,0.0,0.0,False
12436,0.2881828,0.021405041,False
12437,0.14656079,-0.081962764,False
12438,0.010713946,0.0132435635,False
12439,-0.03178191,-0.06456861,False
12440,-0.35915112,-0.22000313,False
12441,-0.2962011,-0.04888928,False
12442,-0.093410954,0.0023794472,False
12443,-0.07473987,0.02177149,False
12444,-0.13204443,-0.1180017,False
12445,-0.091828465,-0.022597313,False
12446,-0.018695125,-0.018695125,False
12447,0.06588049,-0.036929008,False
12448,0.16665888,-0.08377123,False
12449,-0.018292006,-0.018292006,False
12450,0.09998956,0.023304313,False
12451,-0.09902647,-0.0050203204,False
12452,-0.09099931,-0.044433847,False
12453,-0.006788686,0.015517995,False
12454,0.15262723,0.08458686,False
12455,0.0,0.0,False
12456,0.029265799,0.012424037,False
12457,-0.23707318,-0.28759837,False
12458,0.02373993,0.014458496,False
12459,0.09299682,0.005567163,False
12460,-0.044366017,-0.03953971,False
12461,0.016349405,-0.0095793605,False
12462,-0.029975325,-0.019492075,False
12463,-0.09753895,-0.3043208,False
12464,-0.081401825,-0.06024027,False
12465,-0.050751686,-0.07956982,False
12466,0.12405431,-0.10218799,False
12467,-0.013746381,-0.090904,False
12468,-0.336874,-0.082962155,False
12469,-0.008802129,-0.024476757,False
12470,-0.010882944,0.016736597,False
12471,-0.1753786,-0.018605173,False
12472,-0.006500397,0.018757291,False
12473,-0.012804095,-0.059229687,False
12474,0.2924298,0.014242113,False
12475,0.1661967,0.04321754,False
12476,0.0,0.0,False
12477,-0.006938398,0.0022130609,False
12478,-0.026430517,-0.0040724874,False
12479,0.04967507,0.013047371,False
12480,-0.25840342,0.014028668,False
12481,-0.27087855,-0.14529419,False
12482,0.0025298595,-0.10861254,False
12483,-0.004622221,0.060053617,False
12484,0.020210752,-0.017592447,False
12485,-0.019087393,-0.019087393,False
12486,0.06454778,0.06535709,False
12487,0.03819239,0.0056997687,False
12488,-0.058688924,-0.033269018,False
12489,-0.020958751,0.03552431,False
12490,0.082788765,-0.009009749,False
12491,-0.016076364,-0.005011022,False
12492,-0.02417223,-0.02417223,False
12493,-0.029517174,-0.093948364,False
12494,0.04580432,-0.04397285,False
12495,-0.054519024,-0.054519024,False
12496,0.031036466,0.07663217,False
12497,0.022307277,-0.052222848,False
12498,-0.10946059,-0.024612576,False
12499,-0.25643653,-0.2428894,False
12500,-0.010455534,0.017368034,False
12501,0.03883803,-0.055124998,False
12502,0.012671124,0.0032456154,False
12503,-0.08738828,-0.0641464,False
12504,0.03392175,-0.00408151,False
12505,-0.026375026,0.002355963,False
12506,0.24612564,-0.0036973953,False
12507,0.2826435,0.076168716,False
12508,-0.0059539676,0.014727816,False
12509,-0.574134,-0.03322065,False
12510,-0.020380393,0.0060809553,False
12511,0.0032852888,0.022003293,False
12512,-0.25539923,-0.108065486,False
12513,0.18130296,0.0747838,False
12514,-0.14198923,-0.026156694,False
12515,-0.033029437,0.008564413,False
12516,-0.048416436,0.04602465,False
12517,-0.079752445,0.016308188,False
12518,-0.05702872,0.058129296,False
12519,0.0032951161,0.036358476,False
12520,0.14539325,-0.033044636,False
12521,-0.13118136,-0.08142483,False
12522,-0.30577087,-0.1511755,False
12523,0.0,0.0,False
12524,-0.062023252,-0.022026747,False
12525,0.0015386641,0.012806445,False
12526,0.19564092,0.06078577,False
12527,-0.14836788,-0.018341303,False
12528,0.08941728,0.025202394,False
12529,0.10151166,0.03206849,False
12530,0.06094399,0.011371061,False
12531,0.01846525,0.09959158,False
12532,0.0,0.0,False
12533,-0.00931633,-0.00931633,False
12534,-0.1945661,-0.054835975,False
12535,0.12583274,-0.09592968,False
12536,-0.08024943,-0.13200152,False
12537,-0.1935271,-0.13142228,False
12538,0.04152845,-0.046594605,False
12539,-0.057562947,0.023360133,False
12540,-0.054286778,-0.03291984,False
12541,-0.074602835,0.033500582,False
12542,-0.14462918,-0.0937053,False
12543,-0.044746317,0.014344402,False
12544,-0.009503056,-0.0064077424,False
12545,-0.017373918,-0.017373918,False
12546,0.13608816,0.014210939,False
12547,0.06812949,-0.01813902,False
12548,0.123055995,-0.028211057,False
12549,0.031527355,-0.029797323,False
12550,-0.01630764,-0.024808202,False
12551,-0.024959557,-0.06220516,False
12552,-0.008364055,-0.0066447444,False
12553,0.12829137,-0.1234647,False
12554,-0.0069020838,0.016252384,False
12555,0.0,0.0,False
12556,-0.025973648,-0.027978167,False
12557,-0.46900988,-0.1564045,False
12558,0.10596323,-0.16330814,False
12559,0.02231443,0.0089120865,False
12560,-0.13814485,-0.122769535,False
12561,0.056327105,-0.21880484,False
12562,0.06283903,0.009964228,False
12563,0.0048562437,0.0013841987,False
12564,-0.36814618,-0.074349165,False
12565,-0.020102933,-0.0030791163,False
12566,0.018426934,-0.0046034134,False
12567,-0.26448184,-0.08370727,False
12568,0.013160855,-0.046254277,False
12569,-0.03746891,-0.036734045,False
12570,0.09719479,0.059898973,False
12571,0.048786726,0.0012853444,False
12572,-0.0127558345,-0.0127558345,False
12573,0.17859977,-0.03888303,False
12574,-0.18047154,0.028129041,False
12575,-0.019533832,-0.06359939,False
12576,0.13105983,0.04925883,False
12577,-0.012338698,0.019474119,False
12578,0.019977152,-0.031559497,False
12579,-0.19251278,0.07762337,False
12580,0.013122991,0.0018459558,False
12581,-0.060562328,-0.17287055,False
12582,0.060979694,0.115104586,False
12583,-0.010218084,0.089699626,False
12584,-0.014105916,-0.0412544,False
12585,-0.18229008,-0.066379786,False
12586,-0.01969777,-0.030484125,False
12587,-0.16372633,-0.1971134,False
12588,-0.035848938,-0.028122723,False
12589,0.0035876334,-0.007886618,False
12590,0.017063688,-0.018156756,False
12591,-0.011525067,-0.029650932,False
12592,0.00583697,-0.00026572682,False
12593,0.17762637,-0.33408427,False
12594,0.102029175,0.049856216,False
12595,0.03781545,0.008700132,False
12596,-0.067741245,-0.06898406,True
12597,-0.04123951,0.034722425,False
12598,0.020573318,0.00021690596,False
12599,0.0005916506,-0.050575808,False
12600,0.010265708,0.031495273,False
12601,-0.023245454,0.023605943,False
12602,-0.14579368,-0.23946041,False
12603,0.076982975,0.0056066513,False
12604,-0.22384918,-0.18498838,False
12605,-0.005575989,-0.005575989,False
12606,-0.013825867,-0.013825867,False
12607,0.04386127,-0.009873509,False
12608,-0.064314544,-0.055506587,False
12609,-0.1361782,0.00040113926,False
12610,-0.099423245,-0.04497838,False
12611,-0.004350482,-0.004350482,False
12612,-0.050308704,-0.26486945,False
12613,-0.24687052,-0.018711567,False
12614,0.034727395,-0.029665798,False
12615,0.0754925,0.00477615,False
12616,0.019566193,6.853044e-05,False
12617,-0.113499,0.028650582,False
12618,0.022356063,0.023594767,False
12619,-0.03011055,-0.069905646,False
12620,0.059682697,0.06514916,False
12621,-0.011965294,-0.011965294,False
12622,0.0050805435,0.013074132,False
12623,-0.0043615783,-0.0043615783,False
12624,-0.031178638,-0.071478106,False
12625,0.028204408,-0.0068735243,False
12626,-0.00403199,-0.0028977508,False
12627,-0.07910546,-0.1436812,False
12628,0.0,0.0,False
12629,0.02375558,0.058787316,False
12630,0.0,0.0,False
12631,-0.030751236,0.010797337,False
12632,0.1176216,0.043762922,False
12633,-0.09320131,-0.013056338,False
12634,-0.10785353,-0.107066095,False
12635,-0.15881848,-0.024199486,False
12636,-0.07077646,-0.03702748,False
12637,-0.21419764,-0.12128806,False
12638,0.029457927,-0.018970817,False
12639,-0.27498987,-0.016381323,False
12640,-0.052001715,0.03588581,False
12641,0.04926274,0.016907096,False
12642,-0.09590101,-0.1937344,False
12643,-0.06323886,-0.008497477,False
12644,-0.056563854,-0.07728839,False
12645,0.28307343,0.03665948,False
12646,-0.10194138,-0.0780766,False
12647,-0.024800748,-0.05203691,False
12648,-0.038047493,-0.031069338,False
12649,0.014115877,-0.02307965,False
12650,-0.0007380098,0.0006826371,False
12651,-0.51670575,-0.14291596,False
12652,-0.003110133,-0.025297485,False
12653,-0.07216057,0.029266313,False
12654,-0.09746826,-0.05284041,False
12655,-0.008925113,-0.008606722,False
12656,-0.012401131,-0.012401131,False
12657,-0.019549597,-0.019549597,False
12658,-0.009126544,-0.009126544,False
12659,-0.21573846,-0.03126651,False
12660,0.0034129638,-0.018720048,False
12661,0.010733817,-0.012888374,False
12662,-0.062948585,0.015864938,False
12663,0.028148606,0.0018919557,False
12664,-0.0159803,-0.0010987706,False
12665,-0.01168102,0.0011039972,False
12666,0.075739354,-0.033525605,False
12667,-0.09795737,-0.024526358,False
12668,-0.015127927,0.07369813,False
12669,-0.047067523,0.017012298,False
12670,-0.036849976,-0.080337524,False
12671,0.0,0.0,False
12672,0.047586314,-0.03734284,False
12673,-0.0122274365,-0.033095445,False
12674,-0.022754218,-0.0065642446,False
12675,0.0,0.00038412714,False
12676,-0.025386898,-0.047376722,False
12677,-0.048065886,-0.0036952198,False
12678,-0.011331933,-0.011331933,False
12679,0.0351384,0.015108954,False
12680,0.0,0.0057046614,False
12681,0.019901682,-0.019306011,False
12682,0.0,0.0023457312,False
12683,0.0,0.00067535613,False
12684,-0.0051389164,-0.0051389164,False
12685,-0.0044424147,-0.0044424147,False
12686,-0.0043369234,0.0030636787,False
12687,0.019540723,-0.003773638,False
12688,0.015775247,-0.005092763,False
12689,0.0149335265,0.06197971,False
12690,-0.034115456,-0.03160456,False
12691,-0.075167775,-0.028661132,False
12692,-0.3016317,-0.118854284,False
12693,0.0009374991,-0.011579126,False
12694,-0.028098663,-0.028098663,False
12695,0.1031875,-0.21520811,False
12696,-0.06089443,0.063415974,False
12697,0.12929091,0.06784657,False
12698,0.0693271,0.002950281,False
12699,-0.095475316,0.055893064,False
12700,-0.1968906,-0.19148469,False
12701,0.036908537,0.010766849,False
12702,-0.32083368,-0.074257135,False
12703,-0.9070866,-0.29697227,False
12704,-0.5533521,-0.18221974,False
12705,0.059517622,-0.15535998,False
12706,-0.67615104,-0.3218646,False
12707,-0.2030518,0.0011901855,False
12708,-0.13317433,-0.027738363,False
12709,-0.00845366,0.015485179,False
12710,0.04446125,-0.114676476,False
12711,-0.011617333,-0.030904818,False
12712,-0.08353686,-0.061550617,False
12713,-0.29133797,-0.30748177,False
12714,0.02333343,-0.0020002127,False
12715,-0.0758512,-0.08907819,False
12716,-0.13598299,-0.21969223,False
12717,-0.19420183,-0.02865094,False
12718,-0.16315508,-0.03432846,False
12719,-0.5114037,-0.31578648,False
12720,-0.8745141,-0.26102304,False
12721,-0.11348939,-0.06735635,False
12722,-0.7266545,-0.23880148,False
12723,-0.32333112,-0.16949928,False
12724,-0.00012648478,-0.022229025,False
12725,-0.06634003,-0.12708753,False
12726,-0.28640807,0.034974694,False
12727,-0.019174382,-0.010533184,False
12728,-0.16605854,-0.23089504,False
12729,-0.13825953,-0.03172779,False
12730,0.21711051,-0.16111565,False
12731,-0.1525845,-0.043698132,False
12732,-0.12728405,-0.014819205,False
12733,-0.061656117,-0.03303206,False
12734,0.1203078,0.023074627,False
12735,0.049224377,-0.026190042,False
12736,-0.17188096,-0.10498518,False
12737,0.0004734993,-0.082000256,False
12738,-0.27536887,-0.099149525,False
12739,0.09582806,-0.029790401,False
12740,-0.12290472,0.013852328,False
12741,-0.12195122,0.08207011,False
12742,0.024328958,-0.034705374,False
12743,-0.051865496,0.00040308386,False
12744,-0.05279219,0.07514322,False
12745,-0.3458681,-0.043482304,False
12746,-0.068112046,0.00082474947,False
12747,-0.5277524,-0.17889786,False
12748,-0.77980995,-0.12392473,False
12749,0.00048451126,-0.04162876,False
12750,0.09460619,0.0005995631,False
12751,0.10018784,-2.0444393e-05,False
12752,-0.019646943,-0.05013269,False
12753,0.105722845,-0.02013421,False
12754,0.24856198,0.020788789,False
12755,-0.15417957,-0.040396124,False
12756,0.066783704,-0.0049351156,False
12757,0.31563264,-0.002892673,False
12758,0.22332102,0.008681536,False
12759,-0.031761102,0.0017709471,False
12760,-0.011375904,-0.011375904,False
12761,-0.009604882,-0.006498212,False
12762,0.019746803,0.0,False
12763,0.02918759,0.007834882,False
12764,0.08844015,0.05109057,False
12765,-0.016329106,-0.0345625,False
12766,-0.0052538738,0.008543059,False
12767,0.046571076,-0.008288562,False
12768,-0.13565195,-0.111494005,False
12769,-0.090360135,-0.051372796,False
12770,-0.045891404,-0.05956447,False
12771,0.055636883,-0.016353391,False
12772,0.127826,0.011299461,False
12773,-0.24313772,-0.119183004,False
12774,-0.00070562214,-0.016195156,False
12775,0.046979412,0.0017141495,False
12776,0.016303647,-0.0040650247,False
12777,0.06470233,-0.015712261,False
12778,0.018740445,-0.029779963,False
12779,0.12024152,0.04238975,False
12780,-0.008195039,-0.02765444,False
12781,0.0043435693,0.046850085,False
12782,0.030481866,0.010117345,False
12783,0.0,0.0,False
12784,-0.0053632967,-0.0053632967,False
12785,-0.008656463,-0.008761728,False
12786,0.0,0.0,False
12787,-0.021970235,-0.0070041865,False
12788,0.15187275,-0.011048675,False
12789,0.0058615655,-0.009985121,False
12790,0.0359509,0.03555894,False
12791,-0.0020117797,0.023402048,False
12792,-0.003376223,-0.003376223,False
12793,0.0,0.0012683695,False
12794,-0.020971917,-0.037455514,False
12795,0.0115565,-0.008492677,False
12796,-0.0043317974,0.032586046,False
12797,0.011629939,-0.003706552,False
12798,0.0,0.0006812429,False
12799,-0.18682593,-0.5142287,False
12800,-0.19435227,0.021940172,False
12801,-0.010271305,-0.031463444,False
12802,0.0,0.0,False
12803,-0.1789589,-0.037024498,False
12804,-0.006963672,-0.02939044,False
12805,0.0,0.0,False
12806,-0.0356912,0.0014087185,False
12807,0.0071488023,-0.03315091,False
12808,0.0043274164,-0.037897825,False
12809,0.01686555,-0.02443975,False
12810,-0.13412023,-0.05474925,False
12811,0.04818775,-0.0019563474,False
12812,-0.06765105,-0.016709924,False
12813,0.00035418943,0.0019729324,False
12814,-0.033297062,-0.055812776,False
12815,-0.40582,-0.3170904,False
12816,-0.0469808,0.047846913,False
12817,0.06987211,0.019431144,False
12818,0.0,0.0006945749,False
12819,-0.02180151,-0.043189503,False
12820,-0.1588766,-0.052273035,False
12821,0.020032406,0.04248464,False
12822,-0.019436983,-0.019436983,False
12823,-0.1281935,-0.08864093,False
12824,-0.09294937,-0.0051145107,False
12825,0.02977541,0.023260057,False
12826,-0.4366672,-0.10294461,False
12827,-0.08245638,-0.045217514,False
12828,0.08401425,0.06044483,False
12829,-0.077809215,-0.029784203,False
12830,-0.01170063,0.007862568,False
12831,0.07006273,0.061484873,False
12832,0.0012061391,-0.0197109,False
12833,-0.1269056,-0.029099464,False
12834,-0.07576816,-0.23258786,False
12835,-0.0042979857,-0.0042979857,False
12836,0.019796968,-0.34010434,False
12837,-0.04075122,-0.5365954,False
12838,0.010781732,-0.004892896,False
12839,-0.07748599,-0.010571584,False
12840,0.041666508,0.0636397,False
12841,-0.0210433,-0.10480857,False
12842,0.20198879,-0.08111745,False
12843,-0.27950788,-0.13194847,False
12844,-0.07151687,0.0635491,False
12845,0.0031972788,-0.019216936,False
12846,0.0,0.0,False
12847,0.06986015,0.057885386,False
12848,0.045785427,0.06582403,False
12849,-0.23572838,-0.021361828,False
12850,-0.094511926,0.068624616,False
12851,-0.1484071,-0.12182546,False
12852,0.05930519,-0.04990077,False
12853,-0.0035791397,-0.019203842,False
12854,0.06820959,-0.076766014,False
12855,-0.034017414,-0.010630667,False
12856,0.06901598,-0.06344095,False
12857,-0.044552304,-0.054764308,False
12858,-0.08288306,-0.15191942,False
12859,-0.10901678,-0.03990443,False
12860,0.0,0.0012380361,False
12861,-0.0072744787,-0.023363287,False
12862,0.051068157,-0.02717568,False
12863,-0.022858746,-0.025251713,False
12864,0.0046979636,0.051208213,False
12865,-0.046872973,-0.10364103,False
12866,-0.0053707585,-0.04863672,False
12867,-0.013854384,-0.008343816,False
12868,0.0011191964,0.038843557,False
12869,-0.012608677,-0.022878908,False
12870,0.063298345,-0.070032,False
12871,0.15624493,0.00706321,False
12872,-0.012797281,0.0023204386,False
12873,-0.00785354,-0.010520091,False
12874,-0.029999904,0.01448825,False
12875,-0.024742732,0.009324128,False
12876,0.19949865,0.012473345,False
12877,-0.0942564,-0.03512825,False
12878,-0.0066323876,-0.029574044,False
12879,0.108579874,-0.011755109,False
12880,-0.11615206,-0.009390786,False
12881,0.17812006,-0.004517913,False
12882,0.05514859,-0.003286965,False
12883,0.0046322197,-0.038000517,False
12884,-0.14286704,-0.014821708,False
12885,0.22314897,0.040657043,False
12886,0.23983604,0.1095435,False
12887,-0.17402703,-0.04543078,False
12888,-0.0077917986,0.010946084,False
12889,-0.05708337,0.02976346,False
12890,0.0,0.0025867254,False
12891,-0.06706926,-0.016973019,False
12892,0.09560275,-0.02259183,False
12893,-0.03243506,0.034314632,False
12894,-0.010334909,0.014139481,False
12895,0.006308511,-0.034358025,False
12896,0.013373822,-0.0073601115,False
12897,-0.14485404,0.031719595,False
12898,-0.008483923,-0.008483923,False
12899,0.33606315,0.02144289,False
12900,-0.0066529065,-0.0069202185,False
12901,-0.045162756,-0.022203177,False
12902,0.03046742,0.015438557,False
12903,-0.07161263,-0.011285007,False
12904,-0.11106327,-0.08935383,False
12905,0.018713295,-0.06149286,False
12906,-0.013407201,0.030886501,False
12907,0.07421714,0.0073467493,False
12908,0.30237603,-0.04935062,False
12909,0.20176816,0.034990907,False
12910,0.021535397,0.02321279,False
12911,-0.24601734,-0.13940692,False
12912,0.13317758,0.11908668,False
12913,-0.049912184,-0.005818233,False
12914,-0.26921272,0.04581672,False
12915,-0.014799205,-0.014799205,False
12916,0.14078894,0.03772244,False
12917,-0.007124286,0.0151181705,False
12918,-0.27787164,-0.13796902,False
12919,-0.009015944,0.013905734,False
12920,0.059013262,-0.025212556,False
12921,-0.0978632,-0.08814156,False
12922,-0.37009168,-0.18869185,False
12923,-0.0050101043,-0.0050101043,False
12924,0.09758079,-0.021925986,False
12925,0.0,0.0,False
12926,0.06929308,-0.049098015,False
12927,-0.0022595525,0.066835046,False
12928,-0.12329236,0.054535374,False
12929,-0.17903674,-0.10397303,False
12930,-0.00734365,-0.10124588,False
12931,-0.013573914,-0.013573914,False
12932,-0.05638811,-0.017480463,False
12933,-0.008140996,-0.008140996,False
12934,-0.17130923,0.0643093,False
12935,-0.0040650247,-0.0021507125,False
12936,0.02485311,0.07508248,False
12937,-0.3241768,-0.070659995,False
12938,-0.3612851,-0.3099203,False
12939,-0.24902499,-0.07424134,False
12940,0.1615175,0.009153962,False
12941,-0.10860026,-0.031807065,False
12942,-0.18448955,-0.010191321,False
12943,0.048878625,-0.0027274173,False
12944,0.032139905,0.016683377,False
12945,-0.0502598,-0.012055993,False
12946,0.03267899,-0.021531254,False
12947,-0.074268505,-0.0058164597,False
12948,0.12524366,-0.0041175485,False
12949,0.0,0.001744041,False
12950,0.0069683716,0.029997822,False
12951,-0.0030177832,-0.029637337,False
12952,-0.004444044,-0.0003542658,False
12953,0.0060083233,-0.009499136,False
12954,-0.19965225,-0.10624164,False
12955,-0.13610578,-0.12734789,False
12956,0.0,0.0,False
12957,-0.11597991,-0.005533427,False
12958,0.0328655,-0.029251758,False
12959,0.039386705,0.027233697,False
12960,0.018061712,-0.004293457,False
12961,0.0,0.0,False
12962,-0.12161988,0.0039429665,False
12963,0.032401964,-0.0046537668,False
12964,0.16707349,0.07318199,False
12965,-0.0047798753,0.08115196,False
12966,-0.18835032,-0.00778687,False
12967,-0.23958331,0.06425321,False
12968,0.1532675,-0.0073800683,False
12969,-0.0047551068,-0.003746836,False
12970,-0.11743724,-0.07706177,False
12971,0.0,0.001194585,False
12972,-0.36621237,0.03968668,False
12973,-0.1793052,0.027256489,False
12974,0.15293938,0.034895062,False
12975,0.023218034,-0.014411522,False
12976,0.03848076,-0.17577624,False
12977,0.048546433,-0.16146064,False
12978,0.19826984,-0.13137984,False
12979,-0.044830203,0.01614225,False
12980,-0.07571232,-0.025455415,False
12981,0.06733787,0.009543419,False
12982,-0.012485899,-0.055794407,False
12983,-0.021602899,-0.017477453,False
12984,0.09349136,0.03326595,False
12985,-0.1653921,-0.085196674,False
12986,-0.06757414,-0.013830781,False
12987,-0.00027105212,0.0132460445,False
12988,0.0058276057,-0.045322716,False
12989,-0.05730945,-0.025262505,False
12990,-0.055907905,-0.07918835,False
12991,-0.07862234,0.080206394,False
12992,0.008650511,-0.014081688,False
12993,-0.34944987,-0.23728228,False
12994,0.0,0.0,False
12995,-0.018406361,-0.00033468008,False
12996,0.10630083,-0.02871275,False
12997,-0.0285829,0.05743915,False
12998,-0.21683997,-0.091042876,False
12999,0.008924425,-0.14744173,False
13000,0.08027886,0.015261039,False
13001,0.113949776,0.055124283,False
13002,-0.010268965,-0.010268965,False
13003,0.21167183,0.15657806,False
13004,0.03448224,-0.061752796,False
13005,-0.105469435,-0.03309676,False
13006,0.14865923,0.060976982,False
13007,-0.13342091,-0.20034003,False
13008,-8.7672845e-05,-0.023720255,False
13009,-0.030087322,-0.021554321,False
13010,0.025359392,0.007657051,False
13011,-0.026325092,0.008224815,False
13012,0.025397137,-0.0014677271,False
13013,-0.012535841,0.013675121,False
13014,0.047699913,-0.0067009926,False
13015,-0.26163062,-0.13659644,False
13016,-0.00986801,-0.00986801,False
13017,-0.11606786,-0.022901207,False
13018,-0.30277747,-0.113972604,False
13019,0.0,0.0,False
13020,0.06449681,0.013366558,False
13021,0.0,0.0,False
13022,0.0,0.0,False
13023,-0.0469774,-0.14390624,False
13024,-0.054315448,-0.06820285,False
13025,0.34193087,-0.030760407,False
13026,0.13448727,-0.028680474,False
13027,0.03353256,-0.022150679,False
13028,0.049959943,0.02343683,False
13029,0.025495142,-0.044829965,False
13030,-0.052682772,-0.0014067292,False
13031,0.021851555,0.0066620857,False
13032,-0.0045952797,-0.2573228,False
13033,0.112752676,0.0029325485,False
13034,0.01100684,-0.06572829,False
13035,-0.014299214,-0.022227764,False
13036,0.061846852,-0.0036848104,False
13037,0.0887242,-0.0054676593,False
13038,0.0074185403,-0.008256088,False
13039,-0.4580145,-0.27478552,False
13040,0.10796845,-0.04160714,False
13041,0.015169874,-0.03374979,False
13042,0.0,0.0,False
13043,-0.11434746,-0.01892662,False
13044,0.036633253,0.025997251,False
13045,0.026608616,-0.013603538,False
13046,-0.0630461,0.030815482,False
13047,0.05218947,0.057283014,False
13048,-0.046127796,-0.0860464,False
13049,0.26501298,0.16328573,False
13050,-0.31788063,-0.040528297,False
13051,0.00477919,0.019506246,False
13052,-0.07518703,-0.079390526,False
13053,-0.11390571,0.0046531856,False
13054,0.0029434562,-0.013687372,False
13055,-0.15766239,-0.05838442,False
13056,0.1191438,-0.0034768283,False
13057,0.20717585,0.06598383,False
13058,-0.047881603,0.025804862,False
13059,-0.102594584,-0.12581202,False
13060,-0.1930674,-0.026668757,False
13061,0.0011873767,-0.013658517,False
13062,-0.004762195,-0.003392831,False
13063,0.0,0.0,False
13064,0.03729847,-0.003128469,False
13065,0.024989901,0.0045456514,False
13066,0.025943687,-0.019800467,False
13067,0.03227184,0.005088182,False
13068,0.009791687,-0.013196252,False
13069,-0.70803165,0.20419073,False
13070,-0.01403904,-0.060370326,False
13071,-0.10071993,0.012926221,False
13072,-0.014367223,-0.013941824,False
13073,-0.2714939,-0.10338557,False
13074,-0.003665166,-0.003665166,False
13075,0.10326505,0.032639325,False
13076,-0.04178628,-0.021492276,False
13077,-0.014263445,-0.014263445,False
13078,0.061630107,0.03018403,False
13079,-0.022208368,-0.010823068,False
13080,-0.020008069,-0.040256653,False
13081,0.1554336,-0.020165563,False
13082,0.048307583,0.00838837,False
13083,-0.17390639,-0.052495956,False
13084,2.9720366e-05,-0.093505085,False
13085,-0.008891855,-0.0045136036,False
13086,0.0,0.0,False
13087,-0.1287392,0.020536363,False
13088,0.13313663,-0.13043892,False
13089,0.05186826,-0.081142664,False
13090,-0.005035676,-0.005035676,False
13091,-0.0044247913,-0.0044247913,False
13092,-0.008526362,-0.008526362,False
13093,-0.048953593,-0.16060477,False
13094,0.010092679,-0.05500746,False
13095,0.044192314,-0.09786683,False
13096,-0.02945596,0.0085020065,False
13097,-0.020146467,0.029236127,False
13098,0.15270627,0.06911886,False
13099,0.13909867,-0.04988337,False
13100,-0.037976027,-0.050938427,False
13101,-0.0051805233,-0.0051805233,False
13102,0.0,0.0,False
13103,-0.024800915,0.015855834,False
13104,0.042483643,-0.017697359,False
13105,-0.28045428,-0.26574886,False
13106,-0.023416558,-0.023416558,False
13107,-0.14543188,-0.01555562,False
13108,-0.02583243,0.023032188,False
13109,-0.14408934,-0.069740415,False
13110,0.0876255,-0.015010744,False
13111,-0.27660167,0.046099782,False
13112,0.012823939,-0.1320796,False
13113,-0.13320108,-0.058458567,False
13114,-0.034512483,-0.008818373,False
13115,-0.7737534,-0.17598224,False
13116,0.12811664,0.08610174,False
13117,0.0008692965,-0.022608865,False
13118,0.0,0.0,False
13119,-0.0050516543,-0.0050516543,False
13120,0.010463573,-0.04119822,False
13121,-0.07102755,-0.020547092,False
13122,-0.0903402,0.10106546,False
13123,0.0320839,-0.02415809,False
13124,0.052119385,-0.05922031,False
13125,-0.06340465,-0.01798284,False
13126,-0.04336381,-0.08353317,False
13127,0.051030755,-0.080783874,False
13128,-0.0037682317,-0.04657339,False
13129,-0.095195234,-0.10956678,False
13130,0.030656148,-0.015011616,False
13131,-0.0071400106,0.05893323,False
13132,-0.17303634,-0.15003574,False
13133,-0.023398213,-0.023398213,False
13134,-0.014180392,-0.0031671226,False
13135,0.067756265,-0.031354547,False
13136,-0.03943622,-0.033604264,False
13137,0.065651596,0.030273559,False
13138,-0.35534608,-0.0806216,False
13139,0.05606675,-0.09569645,False
13140,-0.1381774,-0.118546724,False
13141,0.053269655,-0.008842528,False
13142,-0.07900715,-0.04404193,False
13143,-0.047383547,0.04179871,False
13144,-0.4572544,-0.22018623,False
13145,-0.18416351,-0.0829432,False
13146,0.17259175,0.0016923845,False
13147,-0.35605812,-0.022176147,False
13148,-0.16109133,-0.2542839,False
13149,-0.10345191,0.05684942,False
13150,-0.03223726,0.0460203,False
13151,-0.039452016,-0.041788697,False
13152,-0.03344637,-0.048873305,False
13153,0.0,0.0,False
13154,0.02288057,0.0,False
13155,-0.00972949,0.025640234,False
13156,-0.014354608,-0.014354608,False
13157,0.058604002,0.04458347,False
13158,-0.14558303,-0.08306211,False
13159,-0.164707,-0.05773598,False
13160,0.1153208,0.017060757,False
13161,0.029616252,-0.07599732,False
13162,-0.12151396,-0.10541117,False
13163,-0.19453269,-0.114245296,False
13164,-0.50003433,-0.2209239,False
13165,-0.10590708,0.034906745,False
13166,-0.040354256,-0.032166854,False
13167,-0.22625089,-0.0021123886,False
13168,-0.10976207,-0.08773607,False
13169,-0.0073414966,-0.023016125,False
13170,-0.02554527,-0.0064083636,False
13171,0.0,0.0,False
13172,0.0,6.3420493e-06,False
13173,-0.15543973,-0.021573424,False
13174,-0.021413784,-0.038213946,False
13175,-0.0033072978,0.025491938,False
13176,-0.31806397,-0.22604108,False
13177,-0.16722101,-0.13254201,False
13178,-0.010135771,-0.010135771,False
13179,-0.03576374,-0.039832056,False
13180,0.005215101,-0.012635201,False
13181,0.0,0.0,False
13182,-0.22441351,-0.107278466,False
13183,-0.06068898,-0.016848415,False
13184,0.06241847,0.049812518,False
13185,0.0026746243,-0.011414096,False
13186,0.030560017,-0.022372067,False
13187,-0.19431055,0.014056265,False
13188,-0.006516725,0.012530565,False
13189,0.06509507,0.012918174,False
13190,0.10036132,0.03619969,False
13191,-0.06912257,-0.013948649,False
13192,0.0038096458,-0.06808977,False
13193,-0.0050043217,-0.0050043217,False
13194,0.025433302,-0.102357745,False
13195,0.0,0.020489473,False
13196,-0.122453034,-0.08064991,False
13197,-0.06086892,0.026811004,False
13198,-0.18218184,-0.3038752,False
13199,-0.008557414,-0.0063144816,False
13200,-0.11895853,-0.09776342,False
13201,0.034475073,0.020613298,False
13202,-0.17997241,-0.0141938925,False
13203,-0.0089217825,-0.0089217825,False
13204,-0.040987797,-0.013316847,False
13205,-0.00905683,-0.00905683,False
13206,-0.07117206,-0.0019200742,False
13207,-0.14125994,-0.078002125,False
13208,-0.027673118,-0.006662607,False
13209,0.155877,-0.009321928,False
13210,-0.016625287,-0.016625287,False
13211,-0.014985755,-0.008788124,False
13212,-0.025148407,-0.025148407,False
13213,0.03392124,-0.026680171,False
13214,0.0489953,0.014717117,False
13215,0.20047975,-0.06569505,False
13216,0.0,0.0057953624,False
13217,0.018294523,-0.0048913304,False
13218,0.24981022,-0.20575929,False
13219,0.03684014,0.043035626,False
13220,0.023396492,-0.13052589,False
13221,0.08009392,0.021922022,False
13222,-0.008885683,-0.020338405,False
13223,-0.08081622,-0.007155627,False
13224,-0.011638403,0.004016638,False
13225,-0.03445886,-0.07376982,False
13226,0.013426878,-0.085673854,False
13227,0.07777715,-0.06525141,False
13228,-0.007504225,-0.034174427,False
13229,-0.051684715,-0.027316943,False
13230,-0.19471371,-0.12964976,False
13231,-0.06794739,0.043833613,False
13232,-0.046679616,-0.06154585,False
13233,0.0,2.1700544e-05,False
13234,0.031704843,-0.016581386,False
13235,-0.26953223,-0.1426256,False
13236,0.1907123,0.068051696,False
13237,-0.055666376,-0.008281268,False
13238,-0.0012247562,0.05621746,False
13239,0.21068394,-0.030311763,False
13240,-0.15909803,-0.19469917,False
13241,-0.036233336,0.049319148,False
13242,0.17559755,-0.057604432,False
13243,-0.0077195764,0.036815464,False
13244,0.0,0.0,False
13245,-0.020499136,-0.020499136,False
13246,-0.05409328,-0.048902273,False
13247,-0.009579336,0.010912739,False
13248,0.026550263,-0.037296675,False
13249,-0.025278758,-0.025278758,False
13250,0.05218456,0.008150693,False
13251,-0.0072508976,-0.024074547,False
13252,0.052296944,-0.00884567,False
13253,-0.00952253,-0.00952253,False
13254,-0.00980381,-0.00980381,False
13255,0.01607629,-0.022065971,False
13256,-0.031945232,-0.031945232,False
13257,0.0224481,0.0,False
13258,-0.014212463,-0.014212463,False
13259,0.018604033,-0.004564375,False
13260,-0.008133152,-0.008133152,False
13261,-0.015114993,0.0024477616,False
13262,-0.018985214,-0.002904348,False
13263,-0.0046622367,-0.0046622367,False
13264,0.0,0.0,False
13265,0.0018333755,-0.019083664,False
13266,0.008601255,-0.0098691685,False
13267,-0.024245504,0.02047864,False
13268,0.0039862217,-0.012837428,False
13269,0.068575844,0.0069764256,False
13270,0.0135580795,-0.0018515337,False
13271,-0.0147064,-0.0147064,False
13272,-0.009569389,-0.009569389,False
13273,0.026968367,0.025532413,False
13274,-0.004415072,-0.004415072,False
13275,-0.014569118,-0.014569118,False
13276,-0.006488353,-0.1259125,False
13277,0.023597613,0.0,False
13278,-0.009943173,-0.009943173,False
13279,0.012619874,-0.009737852,False
13280,-0.013683281,-0.013683281,False
13281,-0.00716066,-0.028548652,False
13282,-0.10720782,-0.13055293,False
13283,-0.004883735,-0.004883735,False
13284,-0.014752806,-0.014752806,False
13285,-0.009585873,-0.009585873,False
13286,-0.009101028,-0.009101028,False
13287,0.011209458,-0.009845898,False
13288,-0.009946059,-0.009946059,False
13289,0.023381634,0.0,False
13290,-0.004047248,-0.004047248,False
13291,-0.028256068,-0.028256068,False
13292,0.024700314,-0.013401571,False
13293,-0.03839995,-0.03839995,False
13294,-0.0047300747,-0.0047300747,False
13295,-0.00514901,-0.00514901,False
13296,-0.00080375746,-0.019111855,False
13297,-0.009410308,-0.009410308,False
13298,-0.013806028,-0.035141945,False
13299,-0.009272782,-0.002973197,False
13300,0.0047150366,-0.01713061,False
13301,-0.0053552575,-0.026223266,False
13302,0.008648254,-0.037205666,False
13303,0.000111825764,-0.005001398,False
13304,-0.0024206247,-0.022789298,False
13305,-0.014105277,-0.014105277,False
13306,-0.034671027,-0.034671027,False
13307,-0.0094153285,0.0032326244,False
13308,-0.50714505,-0.06693888,False
13309,0.015566647,-0.085576296,False
13310,-0.14283873,-0.050489634,False
13311,0.009156048,-0.010775715,False
13312,-0.01695995,0.0197922,False
13313,-0.04655488,-0.014931332,False
13314,-0.043229267,0.011955053,False
13315,0.021775037,0.0061422884,False
13316,0.052065596,-0.01973519,False
13317,0.06583573,0.06840043,False
13318,0.007302041,-0.015052834,False
13319,-0.008869633,-0.027349442,False
13320,-0.09609032,-0.07025558,False
13321,0.008458583,-0.015101805,False
13322,-0.018550545,0.08018972,False
13323,-0.026005238,0.056977123,False
13324,-0.005220294,0.00051880255,False
13325,0.05522695,-0.0362823,False
13326,0.0021709185,-0.019674728,False
13327,-0.15424836,-0.0915243,False
13328,-0.06332846,0.083628625,False
13329,0.12417054,0.06411785,False
13330,0.056663007,0.01512897,False
13331,-0.012019426,0.008768991,False
13332,0.025004957,-0.03509962,False
13333,-0.03970091,-0.036700785,False
13334,-0.024397496,-0.005257353,False
13335,0.016459867,-0.109058976,False
13336,-0.11064112,-0.06881195,False
13337,-0.0031833071,-0.019560901,False
13338,-0.029754639,-0.014162473,False
13339,-0.009326664,-0.008395772,False
13340,-0.005984038,-0.008015245,False
13341,-0.13073426,0.037424803,False
13342,0.008090623,0.0053922795,False
13343,-0.06553528,-0.0371567,False
13344,-0.00787805,-0.009591099,False
13345,-0.009876171,-0.005372204,False
13346,-0.010981329,-0.07406417,False
13347,0.0,0.0036669115,False
13348,-0.069273114,-0.104478955,False
13349,-0.03859578,-0.0049913675,False
13350,-0.04735771,0.036780715,False
13351,0.011632019,-0.0047455756,False
13352,0.029591233,-0.0048477203,False
13353,-0.04195067,-0.027796755,False
13354,-0.114489675,-0.0948365,False
13355,-0.0054050237,0.065006584,False
13356,-0.016894236,0.005888816,False
13357,-0.06456798,-0.019144952,False
13358,-0.0038648676,-0.021058373,False
13359,-0.008560601,-0.008560601,False
13360,-0.046918843,-0.046918843,False
13361,0.050363302,-0.031300306,False
13362,0.017011508,0.017221987,False
13363,-0.018818915,0.044095933,False
13364,0.098614365,-0.063214675,False
13365,0.041287422,-0.08195853,False
13366,0.03017737,0.0038095787,False
13367,0.009192392,-0.009317831,False
13368,0.3045039,0.012054861,False
13369,-0.08096534,-0.030158155,False
13370,-0.028597385,-0.03572902,False
13371,-0.0224684,-0.0224684,False
13372,-0.088261545,-0.042004585,False
13373,-0.30799222,-0.06605649,False
13374,-0.55312467,-0.21016073,False
13375,0.27072704,0.026968181,False
13376,0.025431104,-0.005836528,False
13377,0.0,0.0,False
13378,-0.038531363,-0.010729015,False
13379,-0.22695667,-0.090438664,False
13380,-0.009642313,-0.0051890044,False
13381,-0.0089821825,0.015188546,False
13382,-0.049728,-0.049728,False
13383,-0.009450525,0.03516096,False
13384,0.1371423,-0.06927091,False
13385,-0.24669898,-0.030027151,False
13386,-0.005967807,0.01138499,False
13387,-0.30627435,-0.0142605305,False
13388,0.0587835,-0.04647267,False
13389,-0.28177673,-0.065607905,False
13390,0.032834396,0.038753033,False
13391,-0.014376607,-0.022978608,False
13392,0.098576546,-0.024353027,False
13393,-0.0044222353,-0.0044222353,False
13394,-0.014216907,-0.014216907,False
13395,-0.112616375,-0.024094671,False
13396,-0.034684487,0.009005122,False
13397,0.0065911748,-0.009703321,False
13398,-0.0045462074,-0.0037214118,False
13399,-0.01064633,-0.02981741,False
13400,0.052656323,-0.010161877,False
13401,0.066812485,0.008370072,False
13402,-0.11869693,-0.08170122,False
13403,0.019541219,0.018447876,False
13404,-0.00030058622,0.005508721,False
13405,0.09677267,-0.06392568,False
13406,-0.19059229,-0.017147899,False
13407,-0.09756653,-0.011013582,False
13408,-0.042261824,0.029497296,False
13409,-0.022855043,-0.011008531,False
13410,-0.23590341,-0.08318585,False
13411,-0.09328817,-0.012632519,False
13412,0.040355295,0.02339825,False
13413,0.4242568,-0.21622992,False
13414,0.039571207,-0.022715114,False
13415,-0.080287874,-0.040368617,False
13416,0.022976115,0.03236942,False
13417,-0.23200935,-0.018253982,False
13418,0.03320867,0.07143122,False
13419,-0.016642336,-0.03948845,False
13420,-0.004887038,-0.004887038,False
13421,-0.012597164,0.010316508,False
13422,0.00024859607,-0.01840895,False
13423,-0.013561815,0.10792023,False
13424,0.00879091,0.06631082,False
13425,-0.058411136,-0.012297988,False
13426,-0.0062465966,-0.061383158,False
13427,-0.00735718,-0.051502287,False
13428,0.05464372,-0.040421516,False
13429,-0.2129648,-0.09105572,False
13430,-0.14475179,-0.014534891,False
13431,-0.00096058846,-0.06583774,False
13432,0.069610335,-0.014539659,False
13433,0.0,0.0,False
13434,0.021533586,0.0,False
13435,-0.004503161,0.019299507,False
13436,-0.0047905953,-0.0047905953,False
13437,0.027276758,0.0014080834,False
13438,-0.0065966975,-0.022974292,False
13439,-0.009845351,-0.009845351,False
13440,-0.014237913,-0.014237913,False
13441,-0.0045647305,-0.020942325,False
13442,-0.01021273,-0.01021273,False
13443,-0.013917317,-0.013917317,False
13444,-0.014306098,-0.014306098,False
13445,-0.0043655983,-0.0043655983,False
13446,-0.013639601,-0.013639601,False
13447,-0.016013026,-0.07191738,False
13448,-0.033522047,0.018052183,False
13449,0.020229647,0.0,False
13450,-0.11268884,0.068713546,False
13451,0.009812161,0.018190011,False
13452,-0.027906483,-0.027906483,False
13453,-0.007964097,-0.03010161,False
13454,0.008048288,-0.014206174,False
13455,-0.024111848,-0.024111848,False
13456,-0.016603328,-0.016603328,False
13457,-0.0044944426,-0.0044944426,False
13458,0.037826445,0.002006257,False
13459,0.01337892,-0.009356147,False
13460,0.014001935,-0.008375808,False
13461,0.009302004,-0.014453377,False
13462,0.007869575,-0.014508167,False
13463,0.0141621195,0.002175063,False
13464,-0.02371953,-0.046085823,False
13465,0.040788308,-0.019169353,False
13466,0.0,0.0,False
13467,-0.034082983,-0.034082983,False
13468,0.022033893,-0.04544265,False
13469,-0.0030823052,-0.07051952,False
13470,-0.004356498,-0.004048373,False
13471,-0.0043808636,-0.0043808636,False
13472,0.031343453,-0.009685544,False
13473,-0.004968039,-0.004968039,False
13474,0.0,0.0,False
13475,-0.004047248,-0.004047248,False
13476,0.05322828,-0.04655569,False
13477,-0.045312896,-0.045312896,False
13478,0.0054674875,-0.015968712,False
13479,-0.021959715,-0.021959715,False
13480,-0.015384785,-0.015384785,False
13481,0.03555714,-0.004685581,False
13482,0.037066728,-0.027506048,False
13483,0.04641915,-0.019556874,False
13484,-0.014365595,-0.014365595,False
13485,-0.042928454,-0.042928454,False
13486,0.022426767,0.0,False
13487,0.003595544,0.0034734122,False
13488,-0.035379462,-0.05491106,False
13489,0.007618852,-0.014016908,False
13490,-0.009099499,-0.009099499,False
13491,0.010959139,-0.012638474,False
13492,0.06736294,-0.058312245,False
13493,-0.00929911,-0.00929911,False
13494,-0.012780118,-0.012780118,False
13495,0.039144132,0.0,False
13496,0.008144796,-0.033756875,False
13497,0.0,0.0,False
13498,0.014602253,-0.009964798,False
13499,0.0,0.0,False
13500,0.0,0.0,False
13501,-0.01987355,-0.01987355,False
13502,0.006581597,-0.009507211,False
13503,0.0,0.0,False
13504,-0.031797487,-0.031797487,False
13505,0.0171832,-0.0036848104,False
13506,-0.009773128,-0.009773128,False
13507,0.0,0.0,False
13508,0.0,0.0,False
13509,-0.0036097001,-0.019904196,False
13510,-0.001242578,-0.017537074,False
13511,0.016420364,-0.007337698,False
13512,-0.05341298,-0.027366266,False
13513,0.014956677,0.029245218,False
13514,-0.025468584,-0.0036126114,False
13515,-0.012402423,-0.05606998,False
13516,0.022332136,0.0,False
13517,0.0,0.0,False
13518,-0.0047300747,-0.0047300747,False
13519,-0.0050570443,-0.0050570443,False
13520,-0.0148791615,-0.0372751,False
13521,0.0,1.570516e-05,False
13522,-0.0047549387,-0.0047549387,False
13523,0.22624928,-0.024362981,False
13524,-0.19984594,0.0017206669,False
13525,0.17333114,0.02003941,False
13526,-0.027334308,0.03496287,False
13527,-0.18244243,-0.20778179,False
13528,0.042465415,-0.024690803,False
13529,-0.6257441,-0.16085625,False
13530,0.04333824,0.011012554,False
13531,-0.009286357,-0.009286357,False
13532,0.0015413016,0.00029809773,False
13533,-0.0077986717,-0.25192714,False
13534,-0.0053711124,0.0056933295,False
13535,0.0023692902,-0.019283216,False
13536,-0.110280454,-0.09769219,False
13537,0.058172986,0.05305618,False
13538,-0.0818835,0.029211327,False
13539,0.03928286,0.042832375,False
13540,-0.12921023,-0.16543019,False
13541,0.07798529,-0.043953657,False
13542,-0.049244404,-0.09161353,False
13543,-0.081868395,-0.035636723,False
13544,0.0008131787,-0.06367081,False
13545,0.04053604,0.059769325,False
13546,0.10289489,0.016368166,False
13547,-0.0781337,-0.007722378,False
13548,0.2688601,0.035711765,False
13549,0.09010118,0.034195215,False
13550,0.09368357,-0.0005595982,False
13551,-0.06367445,-0.115750074,False
13552,-0.00084263086,0.02341953,False
13553,0.03126233,0.0043834075,False
13554,0.028937876,-0.010957256,False
13555,0.29420137,0.012171447,False
13556,0.00733696,0.027618982,False
13557,0.0065417066,-0.014326302,False
13558,-0.056626663,-0.034537792,False
13559,-0.20533228,-0.0042975545,False
13560,0.010233581,0.03153318,False
13561,-0.14598686,0.062684536,False
13562,0.08302044,-0.002174588,False
13563,0.0,0.0,False
13564,0.016377594,0.0028872832,False
13565,-0.26332417,-0.10210273,False
13566,0.11211777,-0.02887839,False
13567,-0.09899747,-0.11344671,False
13568,0.20716,0.10526055,False
13569,0.17754361,0.01753211,False
13570,0.0,0.0,False
13571,-0.27554846,-0.093147755,False
13572,0.050193876,-0.010477267,False
13573,-0.1295625,-0.06662315,False
13574,-0.10387337,-0.02763474,False
13575,-0.045197412,-0.0414197,False
13576,-0.041486233,-0.02190864,False
13577,-0.17576927,-0.059613883,False
13578,0.01559373,-0.005140204,False
13579,-0.004523841,-0.004523841,False
13580,-0.03753543,-0.03753543,False
13581,-1.3261447,-0.0916996,False
13582,-0.006582737,-0.043091,False
13583,0.039012186,0.014586039,False
13584,-0.1630069,-0.08470416,False
13585,-0.2062867,-0.02616489,False
13586,-0.004495575,-0.0038548706,False
13587,0.0,0.0,False
13588,0.008975685,-0.06054598,False
13589,-0.02558881,-0.11921704,False
13590,-0.057414606,-0.057414606,False
13591,-0.049920022,-0.026179343,False
13592,0.07621084,0.014961466,False
13593,-0.029305346,0.01808019,False
13594,0.045406267,-0.016282875,False
13595,0.022846643,-0.036906518,False
13596,0.05470997,0.106974006,False
13597,-0.2041241,-0.08306715,False
13598,-0.13456178,-0.043574095,False
13599,-0.04035589,-0.0016310811,False
13600,0.10735464,0.04997599,False
13601,0.01212959,0.0012126714,False
13602,0.104894936,0.04183334,False
13603,-0.22964197,-0.013623714,False
13604,-0.026251316,-0.07914311,False
13605,-0.05792904,-0.015475035,False
13606,-0.19490018,-0.057997316,False
13607,0.028215796,0.024168432,False
13608,-0.004758813,-0.004758813,False
13609,0.009708259,-0.03223834,False
13610,0.21685588,-0.045022428,False
13611,-0.087632895,-0.06046343,False
13612,-0.017656578,0.020707753,False
13613,-0.32016408,-0.1471293,False
13614,0.07975751,-0.016580999,False
13615,0.033516556,0.010728359,False
13616,0.05940765,-0.01788348,False
13617,-0.005362153,0.037578344,False
13618,0.018043615,-0.004857551,False
13619,0.0,0.0,False
13620,-0.0081656305,-0.0081656305,False
13621,-0.026973093,-0.012370699,False
13622,-0.009913743,-0.009913743,False
13623,0.009427294,-0.009155984,False
13624,0.0,0.0,False
13625,0.01154292,-0.0048346743,False
13626,-0.01619196,-0.03531714,False
13627,0.017906895,-0.004912503,False
13628,0.07442953,0.017863154,False
13629,-0.009621784,-0.022158578,False
13630,0.0019270387,-0.019985368,False
13631,0.008263744,-0.014471322,False
13632,-0.017201804,-0.002428338,False
13633,-0.019007664,-0.019007664,False
13634,-0.018566195,-0.018566195,False
13635,0.0,0.0,False
13636,0.11347699,-0.00019697845,False
13637,-0.023041548,-0.023041548,False
13638,-0.045097224,-0.067351684,False
13639,0.077801436,0.018906921,False
13640,-0.001946222,-0.0004991442,False
13641,-0.008421216,-0.008421216,False
13642,0.017971301,-0.0051178043,False
13643,0.021845646,0.0,False
13644,0.0,0.0,False
13645,-0.008289204,-0.008289204,False
13646,0.0,0.0,False
13647,-0.021518141,-0.037895735,False
13648,0.023322713,-0.014836852,False
13649,0.019209443,0.0,False
13650,-0.0004649926,-0.023915695,False
13651,-0.0036482764,-0.0036482764,False
13652,0.009969551,-0.03492713,False
13653,-0.0252346,0.01561778,False
13654,-0.060443617,-0.07677636,False
13655,-0.09043844,-0.0016789958,False
13656,-0.005174614,-0.005174614,False
13657,-0.00020915456,-0.022847317,False
13658,-0.02498924,-0.06369897,False
13659,0.030296937,-0.014194861,False
13660,-0.004277427,0.0105002,False
13661,0.0326368,-0.013199088,False
13662,-0.4875356,-0.09704423,False
13663,-0.00774616,0.060840577,False
13664,-0.071144536,-0.024883538,False
13665,0.0073698126,-0.006896291,False
13666,0.022606373,-0.04259348,False
13667,0.0,0.0,False
13668,0.023775972,-0.019280825,False
13669,0.0038526803,-0.04085575,False
13670,0.06698337,0.010142967,False
13671,0.03640017,-0.023311583,False
13672,0.0,0.0,False
13673,-0.0571568,-0.021725893,False
13674,0.16459846,-0.114831805,False
13675,0.022757836,-0.016941004,False
13676,-0.03134644,0.055023164,False
13677,0.027361035,-0.10028994,False
13678,-0.17622876,-0.1344502,False
13679,-0.010066443,-0.010066443,False
13680,0.10573423,-0.16041195,False
13681,0.06381604,-0.025517583,False
13682,-0.025186718,0.027793169,False
13683,-0.044804335,-0.091858745,False
13684,0.039841086,-0.05415693,False
13685,-0.07647759,-0.022708952,False
13686,0.029395223,0.05922115,False
13687,-0.1469546,-0.06429911,False
13688,0.054830566,0.020794973,False
13689,0.016213313,0.017553702,False
13690,-0.043508466,0.00037338212,False
13691,-0.06607258,0.06765759,False
13692,0.10050392,-0.03325653,False
13693,0.16073847,-0.04741478,False
13694,-0.019412547,-0.019412547,False
13695,0.06553559,-0.014373228,False
13696,-0.00828215,-0.007046433,False
13697,0.0077505745,-0.013783012,False
13698,-0.041231412,-0.083461136,False
13699,0.0,0.0,False
13700,-0.015126681,-0.015126681,False
13701,0.011387174,-0.009480835,False
13702,0.121540725,-0.019520462,False
13703,0.10672188,-0.013881683,False
13704,-0.011616915,0.0086283535,False
13705,0.07479954,-0.044591904,False
13706,-0.004277427,-0.004277427,False
13707,0.02781858,0.034360975,False
13708,0.07631561,-0.040121228,False
13709,0.12154865,-0.012690544,False
13710,0.040427208,-0.020641327,False
13711,0.0,0.0,False
13712,0.019767774,0.003010152,False
13713,0.13459629,-0.028428137,False
13714,-0.08505997,-0.033901036,False
13715,0.06414078,0.02962169,False
13716,0.036622047,-0.016492367,False
13717,0.008825734,-0.0015992969,False
13718,0.042932034,-0.025984764,False
13719,0.017521318,-0.0049209516,False
13720,0.05365634,-0.21046162,False
13721,-0.014198812,-0.014198812,False
13722,-0.026022093,-0.04634792,False
13723,-0.021699429,-0.0028245598,False
13724,0.054737378,-0.023482453,False
13725,-0.05325481,-0.0011459365,False
13726,0.08583164,-0.009950638,False
13727,0.1244936,-0.008787155,False
13728,0.07260108,-0.023882389,False
13729,0.007752396,0.031606413,False
13730,-0.03324355,-0.056280635,False
13731,0.06456566,-0.015252113,False
13732,0.064813614,-0.029580116,False
13733,-0.007443819,-0.02467444,False
13734,-0.03808519,-0.03808519,False
13735,-0.01725131,-0.040600058,False
13736,0.0,0.0,False
13737,0.0036069006,-0.042661134,False
13738,0.02761282,0.01971272,False
13739,-0.018360516,-0.041457597,False
13740,-0.016086318,-0.083457194,False
13741,0.02928254,-0.04113035,False
13742,-0.034415852,-0.0942602,False
13743,0.0057405485,-0.014585278,False
13744,0.0066661052,-0.019153975,False
13745,0.0,0.0,False
13746,0.23332739,-0.0763793,False
13747,0.41787004,-0.15728831,False
13748,0.014883161,-0.0062956214,False
13749,-0.02976496,-0.02976496,False
13750,0.005824566,-0.08332443,False
13751,0.0016536713,-0.008770943,False
13752,0.059304878,-0.022162132,False
13753,0.008226249,-0.005990248,False
13754,0.06670073,-0.024491053,False
13755,-0.009877906,-0.009877906,False
13756,0.058788747,-0.012311369,False
13757,-0.04105233,-0.04105233,False
13758,-0.004047248,-0.004047248,False
13759,0.10041714,-0.020527363,False
13760,-0.01921305,-0.026827991,False
13761,0.070395835,-0.03755083,False
13762,0.0069583245,-0.010851929,False
13763,0.0668726,-0.030639648,False
13764,-0.033760905,-0.05635059,False
13765,0.0049735084,-0.0012167543,False
13766,-0.0050743674,-0.0050743674,False
13767,0.021665568,-0.02405787,False
13768,0.050234493,-0.05722977,False
13769,0.09826183,-0.031897545,False
13770,-0.00044202805,-0.037847996,False
13771,-0.0050674463,-0.0050674463,False
13772,-0.0019388199,-0.025722504,False
13773,0.13248158,-0.016882896,False
13774,-0.0055704564,-0.011981919,False
13775,0.1428423,-0.04687977,False
13776,0.09714317,-0.004886627,False
13777,0.011234835,-0.0050979126,False
13778,-0.038468905,-0.038468905,False
13779,0.05469513,-0.07540417,False
13780,-0.009709755,-0.009709755,False
13781,-0.0049169185,-0.0049169185,False
13782,0.0022538025,-0.018837579,False
13783,0.10832596,-0.0021047592,False
13784,0.054484136,-0.011119433,False
13785,0.26870978,0.09210926,False
13786,0.059412003,0.0043144226,False
13787,-0.0036918141,-0.0036918141,False
13788,0.017753392,-0.06711025,False
13789,-0.009299766,-0.018645935,False
13790,-0.009870396,-0.009870396,False
13791,0.08009148,-0.006018162,False
13792,0.043650627,-0.01782322,False
13793,0.001128816,-0.014545812,False
13794,0.041291345,0.006183762,False
13795,0.008729041,-0.058019795,False
13796,0.010462761,-0.03179598,False
13797,-0.18561363,-0.19153833,False
13798,-0.110673904,-0.024719238,False
13799,-0.023650408,-0.023650408,False
13800,0.08042908,-0.0017089844,False
13801,0.047713757,-0.012653351,False
13802,-0.0048134406,-0.0048134406,False
13803,0.013218626,-0.023517177,False
13804,0.012308456,-0.010133814,False
13805,0.08060932,-0.01842165,False
13806,0.05106149,-0.02186546,False
13807,0.03698635,-0.02020359,False
13808,0.002870202,0.008395344,False
13809,-0.0141530745,-0.0141530745,False
13810,0.03671184,-0.077206746,False
13811,0.06256029,-0.009955585,False
13812,0.13386106,-0.23161459,False
13813,0.013879776,-0.0038385391,False
13814,0.10487485,0.025012672,False
13815,0.0,0.0,False
13816,0.0012594191,-0.013586475,False
13817,0.008251239,-0.03722098,False
13818,0.13605452,-0.06711149,False
13819,0.011685933,-0.010159713,False
13820,0.0,0.0,False
13821,0.020550858,-0.006953478,False
13822,0.0,0.0,False
13823,-0.004894072,-0.004894072,False
13824,-0.045012906,-0.030884087,False
13825,-0.06661515,0.041001678,True
13826,-0.005205941,-0.005205941,False
13827,0.007123068,-0.015261369,False
13828,0.24859762,-0.008559644,True
13829,0.047200244,-0.0150131695,False
13830,0.02814259,-0.03148466,False
13831,-0.010059524,-0.010059524,False
13832,0.20275402,-0.09858179,False
13833,0.06845856,-0.02691269,False
13834,0.009615623,-0.014191019,False
13835,0.02774012,-0.0077230707,False
13836,-0.037634525,-0.012388118,False
13837,-0.0073588416,-0.030891214,False
13838,0.0281353,-0.048112154,False
13839,0.0,0.0,False
13840,0.013069965,-0.07534804,False
13841,0.043072417,-0.024857396,False
13842,-0.063426,-0.005320847,False
13843,-0.014084337,-0.014084337,False
13844,0.022851784,-0.020043422,False
13845,-0.009703829,-0.009703829,False
13846,0.10870743,-0.054392815,False
13847,0.05649376,-0.045749187,False
13848,0.0,0.0,False
13849,-0.0471924,0.0028964356,False
13850,-0.083366275,-0.22831869,False
13851,0.17417288,-0.06622982,False
13852,-0.005511537,-0.02618806,False
13853,-0.027343517,-0.027343517,False
13854,0.03934002,-0.020065308,False
13855,-0.03783539,-0.011196759,False
13856,0.026594162,-0.036530495,False
13857,0.16149658,0.11598694,False
13858,0.036313057,-0.00799799,False
13859,-0.055462778,-0.050781608,False
13860,0.054944754,0.0017558187,False
13861,0.05285897,0.012064591,False
13862,-0.040557683,-0.079880774,False
13863,0.07181227,-0.08444786,False
13864,0.27065045,0.05847913,False
13865,0.04259689,-0.056751147,False
13866,0.033328176,-0.016228974,False
13867,-0.13000125,-0.046628803,False
13868,-0.1895411,-0.110892534,False
13869,0.0,0.0,False
13870,-0.107788086,-0.044991016,False
13871,0.01991514,-0.022871202,False
13872,-0.041233633,-0.010457203,False
13873,-0.042211056,-0.025537968,False
13874,-0.042158145,-0.083983526,False
13875,-0.014035225,-0.03336525,False
13876,0.018535018,-0.0970568,False
13877,0.12325287,-0.0028276443,False
13878,0.010234622,-0.01195273,False
13879,0.0590353,-0.0038757324,False
13880,-0.004155696,-0.004155696,False
13881,0.057520866,-0.0030174255,False
13882,0.11491966,-0.0009069443,False
13883,0.015011404,-0.056480866,False
13884,0.004330039,0.015666954,False
13885,-0.023784377,-0.039046064,False
13886,-0.014502232,-0.014502232,False
13887,0.023037085,0.0,False
13888,-0.009015027,-0.009015027,False
13889,0.0,0.0005187792,False
13890,-0.0103662545,-0.0103662545,False
13891,0.02935272,-0.009753189,False
13892,0.08575916,-0.016876698,False
13893,-0.43295002,-0.20891356,False
13894,0.12314987,-0.033733368,False
13895,-0.029020011,0.018188514,False
13896,0.09135151,-0.01701355,False
13897,0.19924235,-0.024335861,False
13898,-0.007344704,-0.028104844,False
13899,0.044840734,0.029241193,False
13900,0.06724739,-0.052095413,False
13901,0.031131744,-0.055075645,False
13902,0.008335952,-0.013750548,False
13903,-0.043147113,-0.019264879,False
13904,0.0,0.0,False
13905,0.07239151,-0.013618946,False
13906,-0.0058092326,-0.013651982,False
13907,0.07200527,-0.0163126,False
13908,0.009642738,-0.014112643,False
13909,0.086030185,0.023248494,False
13910,0.070715904,-0.011561394,False
13911,0.09316254,-0.033654213,False
13912,0.19049835,-0.13469458,False
13913,-0.009325913,0.003394437,False
13914,0.011824508,-0.009043501,False
13915,-0.0044222353,-0.0044222353,False
13916,0.027182266,0.0005352609,False
13917,0.012378693,-0.004641533,False
13918,0.08632469,-0.008195877,False
13919,-0.036321413,-0.036321413,False
13920,-0.06575422,-0.025670283,False
13921,-0.06635904,-0.06709719,False
13922,-0.19265413,-0.0833509,False
13923,0.048880577,-0.0097026825,False
13924,0.011161648,-0.023394626,False
13925,0.004743576,-0.021858215,False
13926,-0.039845847,-0.08531659,False
13927,-0.019318761,-0.019318761,False
13928,0.0,0.0,False
13929,0.014386375,-0.008433023,False
13930,-0.009411054,-0.009411054,False
13931,0.07403438,0.03509127,False
13932,0.0076459907,-0.0033130683,False
13933,0.012334667,-0.0066565126,False
13934,0.01838282,-0.024074698,False
13935,0.0,0.0,False
13936,0.035431575,-0.032838132,False
13937,0.115101814,-0.0012664795,False
13938,0.1413126,-0.022169113,False
13939,-0.019328563,-0.019328563,False
13940,-0.018696781,-0.018696781,False
13941,0.01682365,0.0,False
13942,0.021055356,0.0015225573,False
13943,-0.009127181,-0.009127181,False
13944,0.0,0.0,False
13945,-0.013581045,-0.013581045,False
13946,0.07128152,-0.0019801557,False
13947,0.13409615,-0.052295685,False
13948,0.0,0.0,False
13949,0.018109731,-0.0050575146,False
13950,-0.049090408,-0.049090408,False
13951,-0.018843055,-0.018843055,False
13952,-0.71689177,-0.02857685,False
13953,0.09292412,-0.053020954,False
13954,0.07624705,0.011000194,False
13955,0.121896744,-0.032310486,False
13956,0.056661487,0.06104958,False
13957,0.039501805,0.021899376,False
13958,-0.087825894,-0.14339757,False
13959,0.09285155,0.06882955,False
13960,-0.28213245,-0.014201522,False
13961,-0.04897678,-0.028793186,False
13962,0.14439142,0.0836401,False
13963,-0.021464972,-0.021464972,False
13964,-0.13828222,-0.044670016,False
13965,0.027444934,-0.008942315,False
13966,-0.033224985,-0.054560903,False
13967,0.22654343,-0.062431704,True
13968,0.013326019,-0.026987202,False
13969,0.049649782,-0.0128628155,False
13970,-0.039361514,-0.10341771,False
13971,0.0,0.0,False
13972,-0.015517019,-0.038846403,False
13973,0.11016369,-0.035722733,False
13974,0.047572136,-0.05402708,False
13975,0.081766605,-0.04353857,False
13976,0.0,0.0,False
13977,0.038757645,0.0,False
13978,-0.014209791,-0.014209791,False
13979,0.024013672,0.01280136,False
13980,0.0037288126,-0.018644156,False
13981,-0.012007304,-0.017576274,False
13982,-0.022379518,0.0059673265,False
13983,0.06981473,0.03986071,False
13984,0.070290625,-0.021292716,False
13985,-0.08066875,-0.02770114,False
13986,0.08110559,-0.02296874,False
13987,-0.3551175,-0.11550158,False
13988,0.036650002,0.031799138,False
13989,-0.022209495,-0.0019105375,False
13990,-0.066863045,-0.0018090568,True
13991,0.06667575,-0.040960997,False
13992,-0.32570493,-0.108187795,False
13993,0.13336003,-0.10714722,False
13994,-0.070832044,-0.0018313229,False
13995,-0.025283724,-0.0701668,False
13996,-0.008175604,-0.008175604,False
13997,0.13921523,0.039961815,False
13998,-0.085325435,-0.052575886,False
13999,-0.13320565,-0.0494408,False
14000,-0.00049100816,0.0024910234,False
14001,-0.047396917,-4.8056245e-06,False
14002,-0.044146657,-0.019796968,False
14003,-0.08266932,-0.09118733,False
14004,-0.028315112,-0.004899241,False
14005,-0.13156646,0.0033168793,False
14006,-0.21926773,-0.10689753,False
14007,-0.056539953,-0.07432556,False
14008,-0.14790261,-0.071181655,False
14009,0.19660044,-0.05696705,False
14010,0.020761132,0.060240418,False
14011,0.08257714,-0.011146188,False
14012,0.14297915,-0.01933223,False
14013,-0.023825819,-0.023825819,False
14014,-0.042957336,-0.049933672,False
14015,-0.7448225,0.019247688,True
14016,-0.12122834,-0.07742393,False
14017,0.01244998,-0.12663388,False
14018,-0.21570206,-0.16555798,False
14019,-0.01949146,-0.01949146,False
14020,0.012624734,-0.010314648,False
14021,-0.037471294,-0.15858865,False
14022,0.037275553,0.035455465,False
14023,0.049851462,0.052215308,False
14024,0.07311222,0.02460128,False
14025,0.14656639,-0.12947261,False
14026,-0.08196688,-0.13472104,False
14027,0.11327839,-0.031119347,False
14028,0.03645861,0.04217398,False
14029,-0.07435197,-0.059453785,False
14030,-0.009916684,-0.007225938,False
14031,-0.39595997,0.016283512,False
14032,-0.30053067,-0.16523552,False
14033,0.06094134,0.008519411,False
14034,0.09262556,-0.047487468,False
14035,0.007752956,-0.007312839,False
14036,0.093605936,-0.0038857758,False
14037,-0.028607283,-0.0067538023,False
14038,-0.051985852,-0.051985852,False
14039,0.18516427,-0.036144465,False
14040,0.0,7.384258e-05,False
14041,0.08111988,0.068565354,False
14042,-0.009187724,-0.0076090596,False
14043,0.0022029337,-0.010951581,False
14044,-0.16246077,0.0071839094,False
14045,-0.060256362,0.05735576,False
14046,-0.09920727,0.04050237,False
14047,-0.004818657,-0.004818657,False
14048,0.0,0.0,False
14049,-0.47377604,-0.15017313,False
14050,0.08620238,-0.08410478,False
14051,-0.0776326,-0.03537579,False
14052,-0.17822033,0.025737107,False
14053,-0.042443037,-0.15223813,False
14054,-0.09674996,-0.0071228147,False
14055,-0.11029035,-0.0025691688,False
14056,-0.009947836,0.025695324,False
14057,-0.028414719,-0.007989939,False
14058,-0.2928831,-0.05820468,False
14059,-0.022874773,0.0054236986,False
14060,-0.118965626,-0.029328167,False
14061,0.03165282,-0.0025275596,False
14062,-0.019943675,-0.019943675,False
14063,-0.10605484,0.057745934,False
14064,-0.02147384,0.0048718005,False
14065,-0.020748531,-0.037428185,False
14066,-0.0051786387,-0.004946053,False
14067,0.06850612,-0.13623548,False
14068,0.069235384,-0.008633047,False
14069,-0.13596284,-0.035516024,False
14070,-0.0032034963,-0.06500985,False
14071,-0.0024463236,-0.11469358,False
14072,-0.047599822,0.012798548,False
14073,0.10949719,-0.00273484,False
14074,-0.018554574,-0.018554574,False
14075,-0.026046842,0.007615119,False
14076,-0.012346432,-0.012122557,False
14077,0.07055211,-0.012314677,False
14078,-0.051726878,-0.13868189,False
14079,-0.11502737,-0.010879815,False
14080,-0.00872945,-0.010175681,False
14081,-0.019313196,-0.019313196,False
14082,0.011399984,0.04757905,False
14083,-0.20817757,0.070871115,False
14084,0.0,0.0,False
14085,-0.017191306,-0.093299426,False
14086,-0.018337505,-0.018337505,False
14087,-0.14267063,0.04226446,False
14088,0.041853655,-0.009710074,False
14089,-0.071949005,-0.14135551,False
14090,0.029692441,0.0042198747,False
14091,-0.11032903,0.030418545,False
14092,-0.0047635515,-0.00411959,False
14093,-0.0051180557,-0.0051180557,False
14094,-0.18080321,-0.06534797,False
14095,-0.003816938,-0.026103973,False
14096,0.1450339,0.05783671,False
14097,-0.026708245,-0.015365481,False
14098,0.016669419,-0.0047667813,False
14099,0.100758195,-0.18295825,False
14100,0.028525181,0.0050415066,False
14101,0.163924,0.0074866265,False
14102,-0.005287528,-0.047030583,False
14103,0.044724077,0.055805326,False
14104,0.013203546,0.09119062,False
14105,-0.25402525,-0.1133489,False
14106,0.06474674,0.13836586,False
14107,-0.071255386,-0.0036172867,False
14108,-0.0051597436,-0.0051597436,False
14109,-0.07618702,-0.014279813,False
14110,-0.013975408,-0.0038066134,False
14111,0.014495656,-0.023809485,False
14112,-0.0047970884,-0.0047970884,False
14113,0.087705836,0.015325107,False
14114,-0.14646722,0.091074735,False
14115,0.09058359,0.024989665,False
14116,-0.041683137,0.022158414,False
14117,-0.21701407,0.010461092,False
14118,-1.0955873,-0.23661065,False
14119,-0.113060325,0.11242664,False
14120,-0.0034507513,-0.064762294,False
14121,0.0,0.0,False
14122,-0.10291362,0.06133932,False
14123,-0.11706254,-0.044503167,False
14124,-0.13502026,-0.19975066,False
14125,-0.009546576,-0.009546576,False
14126,-0.069273144,-0.033346266,False
14127,-0.008959591,-0.018437564,False
14128,0.13317347,0.01669851,False
14129,0.004389434,-0.015156382,False
14130,0.0,0.0,False
14131,-0.018983305,0.028593957,False
14132,-0.10946548,-0.09354901,False
14133,-0.002403736,-0.006508827,False
14134,0.009676149,-0.007517357,False
14135,0.038694315,0.017003857,False
14136,0.07961595,0.07538688,False
14137,-0.18444777,-0.0021988153,False
14138,0.027574994,-0.11897794,False
14139,0.1690461,0.02853769,False
14140,-0.056841016,-0.1393494,False
14141,0.01817693,-0.00294053,False
14142,0.02396816,-0.033444464,False
14143,0.0454804,0.0016133487,False
14144,-0.39285254,0.010313749,False
14145,0.019304037,-0.14742446,False
14146,-0.29732686,-0.027156115,False
14147,-0.031901315,0.019115567,False
14148,-0.0045670983,-0.0045670983,False
14149,0.049043536,-0.05218321,False
14150,-0.005193006,-0.005193006,False
14151,-0.028294928,-0.028294928,False
14152,-0.18383129,-0.03471917,False
14153,-0.030245066,0.0771966,False
14154,-0.040727817,-0.024947032,False
14155,0.05422166,0.011558801,False
14156,-0.15653941,-0.0563668,False
14157,-0.066133544,-0.008263916,False
14158,-0.02306255,-0.018179964,False
14159,-0.030926049,-0.01865834,False
14160,-0.113355875,-0.019118458,False
14161,-0.023609152,-0.023609152,False
14162,-0.207347,-0.07662192,False
14163,-0.0045988807,-0.0045988807,False
14164,0.033983618,0.022410274,False
14165,0.12531328,-0.12150979,False
14166,0.10409513,0.0865393,False
14167,-0.015547991,-0.07227594,False
14168,-0.039117932,-0.017754555,False
14169,-0.052517623,0.014814615,False
14170,0.008178413,0.010938287,False
14171,-0.19804561,-0.07594085,False
14172,0.15202391,0.10680762,False
14173,0.060603738,-0.004128456,False
14174,-0.12886977,-0.079031944,False
14175,-0.031110704,0.030268878,False
14176,-0.052135877,0.007324666,False
14177,-0.17081851,-0.08832657,False
14178,-0.00062288716,0.03113225,False
14179,0.03951007,-0.0012595057,False
14180,0.0055584703,0.008873751,False
14181,-0.034695946,-0.07905645,False
14182,0.0122217145,-0.0099077,False
14183,0.08901787,-0.019582689,False
14184,-0.1374869,0.00070883334,False
14185,0.0,0.002297099,False
14186,-0.06015396,-0.046872854,False
14187,-0.062240787,-0.033765674,False
14188,0.0,0.0,False
14189,0.18280935,-0.052984476,False
14190,0.009691484,0.001857955,False
14191,-0.046560585,0.016517222,False
14192,0.09955326,0.041131917,False
14193,0.08840788,-0.025651105,False
14194,-0.23681794,-0.11631869,False
14195,0.01623034,0.008443447,False
14196,-0.0052692145,0.02145712,False
14197,0.008355737,0.018681752,False
14198,-0.13672128,-0.039848536,False
14199,0.0,0.0,False
14200,0.16567492,-0.17577195,False
14201,-0.0047635515,-0.0047635515,False
14202,-0.023808217,-0.023808217,False
14203,-0.016703486,-0.0042413473,False
14204,-0.34679532,-0.09248376,False
14205,0.05356592,-0.073929965,False
14206,0.101460576,-0.11936784,False
14207,0.3515092,-0.098866045,False
14208,-0.038750783,-0.038750783,False
14209,0.05893422,0.006724879,False
14210,-0.04761827,0.017770857,False
14211,0.18915421,0.013435334,False
14212,0.11121218,0.03453429,False
14213,0.07644242,-0.07123411,False
14214,0.10991675,-0.0028976798,False
14215,-0.013513863,-0.044756383,False
14216,0.13128465,-0.07790151,False
14217,0.0024421215,-0.022608995,False
14218,0.080355674,0.015805468,False
14219,0.0,0.00089469313,False
14220,-0.023464644,-0.022903785,False
14221,-0.023485554,-0.01936929,False
14222,-0.16273344,0.0746485,False
14223,-0.013772744,-0.013772744,False
14224,-0.09166833,0.003631428,False
14225,-0.008685589,0.008359492,False
14226,0.054561496,0.003791213,False
14227,-0.013306141,0.031221807,False
14228,-0.15765786,-0.08330846,False
14229,0.022352636,0.01715672,False
14230,-0.16318727,-0.20535898,False
14231,0.12247139,-0.04683745,False
14232,-0.17426896,-0.02241534,False
14233,0.12499207,-0.03564334,False
14234,0.04766424,-0.011968732,False
14235,0.008036166,-0.0031390488,False
14236,0.0035206266,-0.019359943,False
14237,0.2616458,0.11778641,False
14238,-0.11528313,-0.117135644,False
14239,-0.19825459,-0.02227819,False
14240,-0.053060442,-0.21214044,False
14241,-0.107210755,-0.042218328,False
14242,-0.017926704,-0.023977585,False
14243,-0.048023462,-0.004672505,False
14244,0.022806637,0.0011701499,False
14245,0.017094929,-0.0016891093,False
14246,0.5619445,-0.07107115,False
14247,0.1416943,-0.104166746,False
14248,-0.084138095,0.021575034,False
14249,-0.0007673502,0.0075027347,False
14250,0.03425249,-0.0044401633,False
14251,-0.009799601,-0.008494303,False
14252,-0.07257435,-0.027274966,False
14253,-0.0049009644,-0.0049009644,False
14254,-0.008054659,-0.0014888942,False
14255,-0.081416726,0.008366942,False
14256,-0.005716346,-0.020758871,False
14257,0.098210424,0.004137844,False
14258,0.0875687,0.05726719,False
14259,0.040633082,-0.041546255,False
14260,-0.03201264,-0.033727765,False
14261,0.13390666,0.028656706,False
14262,0.0020250082,0.060033143,False
14263,0.004983686,-0.037878063,False
14264,-0.013020307,-0.044618145,False
14265,-0.07887673,-0.0146745,False
14266,0.006294489,-0.10104692,False
14267,0.025962792,-0.07976234,False
14268,-0.0458214,0.033069074,False
14269,-0.056843046,-0.009420939,False
14270,-0.37248755,-0.1457119,False
14271,-0.57927704,0.015206099,False
14272,-0.05518961,-0.3076439,False
14273,-0.16557747,-0.029918194,False
14274,-0.010175878,-0.010175878,False
14275,-0.10147202,-0.029237628,False
14276,-0.17514569,-0.033571124,False
14277,-0.019550938,-0.014395122,False
14278,-0.20405588,-0.09175494,False
14279,-0.05538124,0.0020471215,False
14280,-0.04460132,0.013146639,False
14281,0.12162638,-0.105299234,False
14282,0.036678314,-0.22382355,False
14283,-0.08695173,-0.04731761,False
14284,-0.021219015,-0.046544075,False
14285,0.11219823,0.08451992,False
14286,-0.022096068,-0.099712566,False
14287,-0.017975062,-0.0034241378,False
14288,-0.013600258,-0.012788844,False
14289,-0.042323947,0.042945147,False
14290,0.03729105,-0.1750803,False
14291,-0.1853745,-0.046443343,False
14292,0.07369709,-0.1408236,False
14293,-0.005140204,-0.005140204,False
14294,-0.0325709,-0.06887936,False
14295,-0.015036106,-0.018253326,False
14296,0.017963938,-0.0045379857,False
14297,0.017413173,-0.004065863,False
14298,-0.023369268,-0.06705993,False
14299,-0.008921531,-0.008921531,False
14300,-0.014556579,-0.025380261,False
14301,0.03281513,-0.01225996,False
14302,-0.008804688,-0.006197409,False
14303,0.019726634,-0.03789538,False
14304,0.025634274,-0.06490333,False
14305,0.0,0.0,False
14306,-0.018774379,-0.018774379,False
14307,0.015488708,-0.028609136,False
14308,-0.044572208,0.0022390038,False
14309,0.0,0.0,False
14310,0.1043785,0.011112101,False
14311,-0.026604343,0.027259242,False
14312,-0.12696,-0.022857428,False
14313,-0.10710597,-0.070378125,False
14314,0.044554785,0.008836374,False
14315,-0.099705935,0.027326733,False
14316,-0.06652486,0.022057414,False
14317,0.13860911,0.021796465,False
14318,0.010282131,-0.00258274,False
14319,0.0202083,-0.024480045,False
14320,0.14961123,0.027640462,False
14321,-0.07495166,-0.013972573,False
14322,0.06951691,0.007011175,False
14323,0.11985397,-0.090198755,False
14324,-0.008601159,-0.007054593,False
14325,0.05895187,-0.011298463,False
14326,0.0,0.0,False
14327,-0.0015896559,-0.21056807,False
14328,-0.018897219,-0.018897219,False
14329,0.08466029,-0.13341546,False
14330,-0.06824112,-0.08097267,False
14331,0.031387474,-0.031713333,False
14332,-0.005111042,-0.005111042,False
14333,0.1539827,0.0021763146,False
14334,0.039695878,-0.0024687722,False
14335,0.19651675,-0.09072554,False
14336,-0.017634097,-0.006996654,False
14337,-0.057341576,-0.19160843,False
14338,-0.0050472263,-0.0050472263,False
14339,-0.009566368,-0.009566368,False
14340,0.15865155,-0.0144800795,False
14341,-0.009372501,-0.009372501,False
14342,-0.030535698,-0.04777336,False
14343,-0.082776904,-0.03431332,False
14344,-0.032687314,-0.080153756,False
14345,0.11432862,0.14203924,False
14346,-0.019411253,0.007534694,False
14347,-0.028717399,0.019206166,False
14348,-0.09340042,-0.00063705444,False
14349,0.005970478,-0.12670851,False
14350,-0.0043983124,-0.0043983124,False
14351,-0.035993572,0.00013320893,False
14352,-0.062081814,-0.05317068,False
14353,-0.005071258,-0.005018084,False
14354,0.10093868,0.07848984,False
14355,0.12690133,0.02297622,False
14356,-0.20506132,-0.09762043,False
14357,-0.09675342,-0.3633548,False
14358,0.0,0.0007540596,False
14359,-0.0061445795,-0.06684345,False
14360,0.064473614,-0.0095824525,False
14361,0.030157555,-0.013508002,False
14362,-0.0061683096,-0.020742692,False
14363,-0.037239227,-0.021345813,False
14364,-0.03404674,-0.063442856,False
14365,-0.29497546,-0.06210488,False
14366,-0.20244646,-0.019263446,False
14367,-0.050054014,-0.10911763,False
14368,0.06250729,-0.027533099,False
14369,-0.028854825,-0.017803736,False
14370,-0.13465142,-0.15757036,False
14371,-0.045993686,-0.107162416,False
14372,-0.2699008,-0.2818308,False
14373,-0.10458994,-0.021965027,False
14374,0.024529323,0.010724038,False
14375,-0.06100042,-0.0010155588,False
14376,-0.264019,-0.10800588,False
14377,-0.054950684,-0.002502352,False
14378,0.15374255,0.04333341,False
14379,-0.124785125,-0.0063830614,False
14380,-0.10581271,-0.08165865,False
14381,-0.01778356,-0.0019285679,False
14382,-0.03887304,0.01686091,False
14383,0.17559251,0.052179366,False
14384,0.28531104,-0.002985239,False
14385,0.01649645,-0.0068949685,False
14386,0.0030424735,-0.014188147,False
14387,0.011295483,-0.009759872,False
14388,-0.6534722,-0.19981527,False
14389,0.0053902566,-0.054709427,False
14390,0.09183335,-0.1957202,False
14391,-0.1310361,-0.040584028,False
14392,0.15184975,-0.021217704,False
14393,-0.11203581,-0.03851956,False
14394,-0.35134506,-0.085321665,False
14395,-0.1515801,-0.16836333,False
14396,-0.046279192,0.03240335,False
14397,-0.3196811,0.028796613,False
14398,-0.080372095,0.08049679,False
14399,-0.38488436,-0.25770736,False
14400,-0.026857883,0.03046593,False
14401,-0.03610903,0.024306476,False
14402,-0.05433747,-0.021685153,False
14403,-0.28757393,-0.13597846,False
14404,-0.1035952,-0.04237339,False
14405,0.0,0.0,False
14406,-0.07637191,-0.15402389,False
14407,-0.07616806,-0.23081124,False
14408,-0.09737551,-0.025770307,False
14409,0.06814283,-0.035447985,False
14410,-0.11581582,-0.10117674,False
14411,0.0033701733,-0.007533014,False
14412,0.059235066,-0.025274113,False
14413,-0.11480187,-0.097779766,False
14414,-0.03655888,-0.028692499,False
14415,0.0022564232,-0.015182957,False
14416,0.0,0.0,False
14417,-0.056387022,-0.28907993,False
14418,-0.063931555,0.0064712763,False
14419,-0.013181239,-0.0051698238,False
14420,-0.030300528,-0.059649378,False
14421,0.029159628,8.790195e-05,False
14422,0.050214708,0.0009868145,False
14423,-0.01705416,-0.076558396,False
14424,0.0,0.0,False
14425,0.039400846,0.0039480478,False
14426,-0.020610344,-0.020610344,False
14427,-0.060998455,0.010437846,False
14428,0.09050839,-0.046530634,False
14429,-0.02333343,-0.06214446,False
14430,0.018280957,-0.034045473,False
14431,-0.02658694,0.008744735,False
14432,-0.00990586,-0.009123184,False
14433,0.0022049323,-0.0142920315,False
14434,-0.0020674616,0.0032902956,False
14435,-0.10695122,-0.06322375,False
14436,0.05403945,0.024513856,False
14437,0.014975086,-0.0023470223,False
14438,0.053438246,-0.001278013,False
14439,-0.14968064,-0.007658854,False
14440,0.013222456,-0.010465009,False
14441,0.006802758,-0.003978658,False
14442,0.03443564,-0.01653862,False
14443,0.09034525,0.0036675483,False
14444,0.13345242,-0.0129672885,False
14445,0.015674628,0.0,False
14446,-0.23416805,-0.18418717,False
14447,0.0,0.0,False
14448,0.20441198,-0.042141914,False
14449,-0.0436095,-0.04052481,False
14450,-0.0030569732,0.03559649,False
14451,-0.019192338,-0.019192338,False
14452,-0.16341102,-0.123634696,False
14453,-0.015039947,0.029527843,False
14454,0.038772233,0.005543798,False
14455,0.022170974,0.0,False
14456,0.08177038,-0.009735417,False
14457,0.06401846,-0.04342696,False
14458,0.0052396543,0.0004842654,False
14459,-0.046327353,0.02429998,False
14460,0.021989882,-0.031297624,False
14461,-0.12380946,0.0818907,False
14462,-0.019141495,0.05000931,False
14463,0.0,3.8919905e-05,False
14464,0.045174368,-0.033152528,False
14465,0.0,0.0,False
14466,-0.07491809,-0.022679836,False
14467,0.079395205,0.008120775,False
14468,-0.11330962,-0.00482738,False
14469,-0.005066733,-0.004847216,False
14470,0.029904932,-0.03661777,False
14471,0.021387992,0.003349615,False
14472,-0.020554975,-0.059510164,False
14473,0.0,0.0,False
14474,-0.26991832,-0.08652103,False
14475,0.14284661,-0.0015748292,False
14476,-0.051539898,-0.11874491,False
14477,-0.03489554,-0.01717639,False
14478,-0.0031095147,0.03334433,False
14479,-0.07199523,-0.061778814,False
14480,-0.030691775,-0.029673442,False
14481,0.029066645,-0.0096357465,False
14482,0.14349203,0.026717506,False
14483,0.40782404,-0.065645516,False
14484,-0.25685012,-0.07269013,False
14485,0.04785819,-0.033428866,False
14486,0.0824554,0.1229167,False
14487,-0.056450754,-0.018662855,False
14488,-0.040969066,0.0044905543,False
14489,-0.02984348,-0.02422491,False
14490,-0.056568347,0.0015920699,False
14491,0.29406863,0.0115609765,False
14492,-0.058689356,-0.063598394,False
14493,0.0,0.0,False
14494,-0.045596153,-0.017271578,False
14495,-0.06813668,-0.011628643,False
14496,-0.45150036,-0.15154397,False
14497,0.3499015,0.08221048,False
14498,-0.039429396,-0.036066815,False
14499,-0.035393506,0.019597262,False
14500,-0.0043144925,-0.0043144925,False
14501,-0.004707792,-0.004707792,False
14502,-0.1610887,-0.07084951,False
14503,-0.009904065,-0.009904065,False
14504,0.0,0.0,False
14505,-0.004874474,-0.0025036118,False
14506,-0.018019646,-0.0009924471,False
14507,-0.004784495,0.00075712707,False
14508,-0.01433608,-0.012151324,False
14509,-0.041788846,-0.004832208,False
14510,0.023215104,0.019797534,False
14511,-0.07772323,-0.006078303,False
14512,-0.01698196,-0.105193496,False
14513,-0.041238606,0.0027942061,False
14514,0.16601118,0.05307749,False
14515,0.09059058,0.04587561,False
14516,-0.09427357,-0.06857532,False
14517,0.019105911,0.038773537,False
14518,-0.06621015,-0.15842319,False
14519,-0.2426266,0.12688684,False
14520,0.32952738,0.0018852949,False
14521,0.0,0.0021387646,False
14522,0.04019624,0.02101928,False
14523,0.045288444,-0.018148618,False
14524,0.0,0.0,False
14525,0.014174557,0.015942398,False
14526,0.0,0.00016527368,False
14527,0.0,4.9777573e-05,False
14528,-0.008991989,-0.0049325246,False
14529,-0.030834615,0.056797206,False
14530,-0.1824555,-0.06008917,False
14531,0.026555434,-0.07454192,False
14532,0.003331814,0.005253505,False
14533,-0.050921828,0.012306392,False
14534,0.06285477,-0.069459096,False
14535,0.00573349,-0.04473579,False
14536,0.02705264,0.08216107,False
14537,-0.15760577,-0.14142501,False
14538,-0.014222879,-0.014222879,False
14539,-0.031038485,-0.031038485,False
14540,-0.00928852,-0.015244871,False
14541,-0.013910236,-0.013910236,False
14542,0.33215213,0.0814513,False
14543,0.0026957653,-0.007926806,False
14544,-0.36285806,-0.17756557,False
14545,-0.04104732,-0.054286405,False
14546,-0.2531519,-0.016348362,False
14547,0.054884583,0.006547272,False
14548,-0.023515701,0.025033474,False
14549,-0.02708152,-0.029426068,False
14550,0.029858053,-0.034424186,False
14551,-0.000935819,-0.0087877,False
14552,-0.043482155,-0.022668883,False
14553,-0.27434796,-0.11440021,False
14554,-0.17359102,-0.09353471,False
14555,0.02823931,-0.048029482,False
14556,0.01745075,-0.06450924,False
14557,0.016741807,-0.017732142,False
14558,0.0,0.0,False
14559,-0.17966682,-0.17671072,False
14560,0.0063290223,0.00870239,False
14561,0.039447665,0.011129603,False
14562,-0.030215433,-0.010726128,False
14563,-0.08867446,-0.043053538,False
14564,-0.0011333823,0.028989285,False
14565,-0.05124695,-0.05124695,False
14566,0.017029455,0.013252359,False
14567,-0.0049826372,-0.0049826372,False
14568,-0.105436146,-0.07506782,False
14569,-0.013080619,-0.007898323,False
14570,-0.019056221,-0.019056221,False
14571,-0.0060368925,0.040622115,False
14572,0.0010979325,-0.037689127,False
14573,0.0028165877,-0.018724767,False
14574,0.009232104,-0.07469222,False
14575,0.008858308,-0.013021853,False
14576,-0.063562125,-0.009662598,False
14577,-0.08656308,-0.008336604,False
14578,-0.003095448,0.027865946,False
14579,0.027436472,-0.004568979,False
14580,-0.096242875,0.066486984,False
14581,-0.0049804756,-0.0049804756,False
14582,0.034398355,0.025883377,False
14583,0.065890625,0.0075558573,False
14584,-0.22523472,-0.0014168024,False
14585,0.016859174,0.050867707,False
14586,-0.0004920084,-0.019784397,False
14587,-0.032015204,-0.027626432,False
14588,-0.023944557,-0.026744604,False
14589,-0.015023075,0.026579253,False
14590,-0.022380896,0.006992586,False
14591,0.0,0.00013725477,False
14592,-0.086481184,0.0048806965,False
14593,-0.03784447,-0.025077224,False
14594,-0.02420825,-0.02420825,False
14595,0.0423524,-0.0033912933,False
14596,0.033828866,-0.0061828326,False
14597,-0.056422178,-0.003250517,False
14598,0.07870397,-0.024474025,False
14599,0.0,0.001106458,False
14600,0.0032445788,-0.0400832,False
14601,-0.02055499,0.021507889,False
14602,-0.014750919,-0.009145014,False
14603,0.0,0.0,False
14604,-0.0051597436,-0.0051597436,False
14605,-0.06893777,-0.028086096,False
14606,-0.004425956,-0.004425956,False
14607,-0.014934723,-0.013837352,False
14608,0.022134813,0.0,False
14609,-0.009990979,-0.055822723,False
14610,0.018538438,0.057786703,False
14611,-0.015187383,-0.03835579,False
14612,-0.022046056,0.00069666654,False
14613,-0.008531013,-0.007810431,False
14614,-0.066480815,-0.0114277005,False
14615,-0.015766364,-0.014652874,False
14616,0.00032418966,-0.038236618,False
14617,0.06232506,-0.07204898,False
14618,-0.018415213,-0.006764531,False
14619,-0.09234782,-0.056838892,False
14620,-0.010231326,-0.010231326,False
14621,0.165584,0.04846756,False
14622,0.08857109,0.037007153,False
14623,0.024302185,0.041293383,False
14624,0.0877653,0.018709952,False
14625,-0.023622945,0.03929197,False
14626,-0.011471927,-0.026925735,False
14627,-0.10089475,-0.09921366,False
14628,-0.06388837,-0.0073390678,False
14629,-0.028369915,-0.008674093,False
14630,0.14100406,0.044425547,False
14631,-0.00505376,-0.00505376,False
14632,-0.012699068,0.0042814612,False
14633,-0.0022495985,-0.03442312,False
14634,0.11950874,-0.14092493,False
14635,0.020244457,0.0068770275,False
14636,0.0035647675,0.028071314,False
14637,-0.14807874,-0.04853323,False
14638,-0.008310386,-0.008310386,False
14639,0.025278866,0.006610099,False
14640,0.008418739,-0.06085366,False
14641,-0.21176124,-0.087670684,False
14642,-0.007406473,0.01035887,False
14643,0.069274664,0.00077193975,False
14644,-0.1057795,-0.016154349,False
14645,-0.0049677044,-0.009066343,False
14646,0.13511807,0.11863461,False
14647,0.060506865,-0.021317646,False
14648,-0.003834799,-0.013500698,False
14649,0.10239115,-0.04423842,False
14650,0.07285851,-0.030854613,False
14651,0.07871938,-0.113316774,False
14652,0.064446405,-0.04773477,False
14653,0.03630893,0.0054962635,False
14654,0.06192738,0.025292188,False
14655,0.026042938,-0.21504784,False
14656,0.0177663,-0.004864738,False
14657,0.04365062,0.011482736,False
14658,0.03847511,0.032111153,False
14659,0.016981088,-0.0049313186,False
14660,-0.008179514,-0.008179514,False
14661,0.025511168,0.014470618,False
14662,-0.022379411,0.009118928,False
14663,-0.0036866323,-0.0036866323,False
14664,-0.042692393,-0.01820945,False
14665,-0.046887934,-0.004882641,False
14666,0.06746738,0.008472905,False
14667,-0.015818274,-0.018738654,False
14668,0.0,0.0,False
14669,-0.0015850719,0.00092817843,False
14670,0.025069777,-0.04219209,False
14671,0.009206198,-0.0038844422,False
14672,0.019746803,0.0,False
14673,-0.21293238,-0.025524467,False
14674,0.013879806,-0.0015106313,False
14675,0.049841106,0.03930366,False
14676,-0.046166845,-0.01899843,False
14677,-0.005005653,-0.005005653,False
14678,-0.42581868,0.006352663,False
14679,0.11588329,0.0344097,False
14680,-0.045256868,-0.20205331,False
14681,-0.023800373,0.0051853955,False
14682,-0.008627076,0.0062552243,False
14683,-0.012509089,-0.01184193,False
14684,0.0684164,0.041941535,False
14685,0.04525453,-0.018822312,False
14686,0.02804023,-0.029314727,False
14687,0.06973302,0.013339564,False
14688,-0.15233758,-0.0015952289,False
14689,-0.061777294,0.022172451,False
14690,-0.09343648,-0.021969147,False
14691,-0.026345752,-0.029067893,False
14692,0.1004917,0.05174187,False
14693,-0.13719818,-0.06865284,False
14694,0.019347273,0.022218294,False
14695,-0.031490862,-0.010926366,False
14696,0.0900802,-0.026136577,False
14697,-0.080669016,-0.03839916,False
14698,-0.067978054,-0.039374918,False
14699,0.08102742,-0.008084312,False
14700,-0.096249044,-0.015218914,False
14701,-0.029466897,-0.05566357,False
14702,0.00892435,-0.009912521,False
14703,0.22462708,-0.038320243,False
14704,-0.052411146,0.008471504,False
14705,-0.05288054,0.025227651,False
14706,-0.082134455,-0.04295516,False
14707,-0.07213856,-0.021815017,False
14708,-0.028850764,-0.033856243,False
14709,-0.13302213,-0.041702747,False
14710,0.0076577496,0.0025237408,False
14711,-0.0322761,-0.01751268,False
14712,0.0,0.0,False
14713,-0.13570085,-0.005731255,False
14714,-0.08427432,-0.004035622,False
14715,0.012649149,0.020107016,False
14716,-0.01855237,-0.056257877,False
14717,0.01228375,-0.0049591395,False
14718,-0.005485326,0.0040562563,False
14719,0.055232972,-0.06417778,False
14720,-0.04286799,-0.010612577,False
14721,0.043978617,-0.016002376,False
14722,-0.07151255,-0.011506058,False
14723,0.0055619925,0.030355945,False
14724,-0.2581694,-0.1303246,False
14725,-0.008165926,0.004027337,False
14726,0.0011750162,-0.13243636,False
14727,-0.420321,-0.0859921,False
14728,9.662658e-05,0.027550295,False
14729,-0.06663867,-0.005512595,False
14730,0.0155449845,0.020325001,False
14731,0.011542022,0.0108245015,False
14732,-0.05103825,-0.014243528,False
14733,0.30036145,0.07265949,False
14734,0.03467328,-0.01142706,False
14735,0.001413703,-0.020740718,False
14736,0.09690207,-0.012007884,False
14737,-0.012244344,-0.019015849,False
14738,-0.032410026,0.050416112,False
14739,-0.04780093,-0.052928984,False
14740,0.06476441,0.013822854,False
14741,-0.060906135,0.030842543,False
14742,-0.047695637,-0.00044706464,False
14743,-0.009848737,-0.009848737,False
14744,-0.09584987,-0.074965596,False
14745,-0.004905125,-0.0017535274,False
14746,-0.09784426,-0.066633746,False
14747,0.00074312,0.01828002,False
14748,-0.0922036,-0.024932548,False
14749,0.023314921,0.0024517186,False
14750,-0.045602083,-0.07459998,False
14751,-0.040046602,0.017012678,False
14752,0.029378355,-0.03959924,False
14753,0.11915082,0.066488445,False
14754,-0.022648666,-0.022648666,False
14755,0.0,0.0,False
14756,0.021137789,-0.0067580007,False
14757,0.0076275505,-0.0018799193,False
14758,-0.027598724,-0.026518248,False
14759,0.0,0.0,False
14760,-0.056093276,-0.11864442,False
14761,-0.007964083,-0.00772371,False
14762,0.026583686,-0.013744503,False
14763,0.054271866,-0.007824761,False
14764,0.0,0.0018060383,False
14765,0.16095707,0.081738025,False
14766,-0.005086936,0.05914311,False
14767,0.0,0.0015068423,False
14768,-0.023826052,-0.023826052,False
14769,-0.06681502,-0.047874272,False
14770,-0.0066593625,-0.0510848,False
14771,-0.28071678,-0.22021997,False
14772,0.030438226,0.0070137866,False
14773,-0.004879865,-0.004879865,False
14774,0.05258122,-0.034794033,False
14775,0.013765023,-0.009278811,False
14776,0.05671838,0.07778901,False
14777,-0.0048698788,-0.0048698788,False
14778,-0.013547584,-0.015987158,False
14779,0.0,0.0005110492,False
14780,-0.032652147,0.018685177,False
14781,0.0038546696,-0.019976482,False
14782,-0.006067604,-0.054023355,False
14783,0.0,0.0011046029,False
14784,-0.074386284,-0.026792571,False
14785,-0.021799205,-0.018963981,False
14786,0.0,0.0,False
14787,0.015188748,0.02544607,False
14788,0.0,0.0,False
14789,0.012847364,-0.028923362,False
14790,-0.0261634,-0.0010482669,False
14791,0.009963408,-0.0009392649,False
14792,0.02879121,-0.008948982,False
14793,0.003536407,-0.012266925,False
14794,0.0,8.400471e-05,False
14795,-0.07907942,-0.049528986,False
14796,0.0065316744,0.013175938,False
14797,-0.004937267,-0.004937267,False
14798,0.035608307,0.007167304,False
14799,0.006264895,0.032739192,False
14800,0.077747576,-0.004415281,False
14801,0.08831647,-0.0037206411,False
14802,0.09722936,0.07183242,False
14803,0.0,0.0,False
14804,-0.007607341,-0.0052161664,False
14805,-0.063156635,-0.08204426,False
14806,0.0038588755,-0.041821066,False
14807,-0.018574253,-0.025564909,False
14808,-0.005111791,-0.0031865789,False
14809,-0.034326624,-0.016140051,False
14810,0.023869455,0.012711187,False
14811,-0.009704531,-0.008201131,False
14812,-0.03883142,-0.03883142,False
14813,0.07581577,0.0207161,False
14814,-0.017319143,-0.13211691,False
14815,-0.09085114,0.009508014,False
14816,-0.06331669,-0.011005595,False
14817,-0.15610218,0.013977125,False
14818,-0.019062161,-0.020376846,False
14819,-0.60397446,0.2162484,False
14820,-0.0097201625,-0.0097201625,False
14821,0.03532338,-0.05525863,False
14822,0.0,0.0,False
14823,0.0,0.0,False
14824,0.0,0.0,False
14825,-0.038242906,0.015510857,False
14826,-0.030423045,0.045785815,False
14827,-0.2579825,-0.31160736,False
14828,-0.3823204,0.007555723,False
14829,-0.0047864206,-0.011159979,False
14830,0.04871817,0.0022668913,False
14831,0.01182282,-0.056845635,False
14832,-0.0052511254,-0.00450728,False
14833,0.07338905,0.10349685,False
14834,-0.13643742,-0.10025543,False
14835,0.11897838,-0.015100658,False
14836,0.26693928,0.007215917,False
14837,-0.0130427815,-0.0130427815,False
14838,0.0,0.00021374619,False
14839,-0.021915711,0.06850214,False
14840,0.0014965236,-0.019076437,False
14841,0.033716917,-0.0315696,False
14842,0.03365755,-0.18601513,False
14843,0.0,0.0,False
14844,0.09619248,-0.042706132,False
14845,0.027612746,-0.016480446,False
14846,0.011911392,-0.007104039,False
14847,0.07761401,-0.066643715,False
14848,-0.1465419,-0.016909435,False
14849,0.2406044,-0.049502134,False
14850,-0.11150825,-0.076468825,False
14851,0.031056404,0.014152467,False
14852,0.25922316,0.031630635,False
14853,0.019376814,-0.10165772,False
14854,-0.01842596,-0.03725614,False
14855,-0.37555397,-0.18689322,False
14856,-0.012551507,-0.031445697,False
14857,0.0,0.0,False
14858,-0.19738269,-0.09017086,False
14859,-0.08677325,0.03891599,False
14860,-0.063426256,-0.029115915,False
14861,0.040796995,-0.026312113,False
14862,0.021797836,0.045775175,False
14863,0.06972189,0.000732312,False
14864,-0.14789534,-0.16002703,False
14865,-0.46714306,-0.19941211,False
14866,0.0,0.0,False
14867,-0.057841033,-0.035893977,False
14868,0.111087725,0.030189678,False
14869,0.07330185,0.030588865,False
14870,0.0341053,-0.23240519,False
14871,-0.25652266,0.069658756,False
14872,0.050224192,0.0051868632,False
14873,-0.027318465,-0.04361296,False
14874,0.12631093,0.037737645,False
14875,-0.015331345,-0.037417844,False
14876,-0.015452668,0.011925239,False
14877,-0.0020927917,-0.023009831,False
14878,-0.001409024,0.013546109,False
14879,-0.11190152,-0.025434881,False
14880,-0.022985637,0.10069549,False
14881,0.006539518,-0.012747968,False
14882,0.010646351,-0.02695635,False
14883,-0.006186381,-0.008984432,False
14884,-0.015355244,0.018720448,False
14885,0.0,0.0,False
14886,0.050572753,0.020788908,False
14887,-0.0051165484,-0.0051165484,False
14888,-0.004638302,-0.004638302,False
14889,0.018063733,-0.004350482,False
14890,-0.14800489,-0.12896132,False
14891,-0.021608286,0.027947254,False
14892,-0.26176143,-0.33377218,False
14893,0.048496723,0.060881913,False
14894,-0.2166313,-0.08984983,False
14895,0.10553843,-0.011404157,False
14896,-0.05287884,-0.0446871,False
14897,-0.2620511,-0.28355646,False
14898,0.41093516,-0.0011001229,False
14899,-0.050859153,-0.056096017,False
14900,-0.004876203,-0.0008273744,False
14901,-0.097819865,0.032245994,False
14902,0.0,0.0,False
14903,-0.066277176,0.027506232,False
14904,-0.015940905,-0.12140131,False
14905,-0.07692507,-0.08300802,False
14906,-0.019625004,-0.0010988228,False
14907,-0.12448298,-0.025686309,False
14908,0.01843983,-0.066627,False
14909,-0.10103333,-0.079497814,False
14910,0.021534363,0.0005132434,False
14911,-0.055621542,-0.021057352,False
14912,-0.016868025,0.0014799684,False
14913,0.011785617,-0.004061069,False
14914,0.04583942,0.01317022,False
14915,0.0,0.0,False
14916,-0.014101176,-0.014101176,False
14917,-0.26357162,-0.13436425,False
14918,0.017315287,-0.0050395867,False
14919,0.055808544,-0.16157806,False
14920,-0.15092163,-0.061225086,False
14921,0.0007869303,0.013046131,False
14922,-0.13006964,-0.07061723,False
14923,-0.025151648,-0.025151648,False
14924,-0.14152507,-0.06592874,False
14925,-0.02611804,0.0036545098,False
14926,-0.028657764,-0.008173704,False
14927,-0.05080364,0.0034763366,False
14928,-0.03184901,-0.00567694,False
14929,0.00887211,-0.0078042857,False
14930,-0.088326335,-0.1624347,False
14931,-0.06811273,0.06132862,False
14932,-0.2476506,-0.041409194,False
14933,0.00063687563,0.05121705,False
14934,-0.061534345,0.012610823,False
14935,-0.0844281,-0.061726063,False
14936,0.0608946,0.022251964,False
14937,-0.111393034,-0.05340022,False
14938,-0.053014636,-0.07830566,False
14939,0.008430279,-0.010279198,False
14940,0.086666584,-0.09445065,False
14941,0.054830745,0.0003094524,False
14942,-0.010717653,-0.03334869,False
14943,0.02645564,-0.16079044,False
14944,-0.09574634,-0.098761976,False
14945,-0.073718965,-0.022900105,False
14946,0.047665037,0.022934943,False
14947,-0.12906653,0.030216277,False
14948,0.103661746,-0.0018298924,False
14949,0.02381128,-0.0558334,False
14950,-0.011448562,-0.036234677,False
14951,-0.06403831,-0.036215484,False
14952,0.0,0.0,False
14953,0.07092832,-0.048125863,False
14954,0.023567557,0.008038402,False
14955,0.10541139,0.028562173,False
14956,-0.024057655,-0.022487666,False
14957,0.024967074,-0.055918336,False
14958,-0.0065797344,0.032977074,False
14959,0.0,0.0,False
14960,-0.14141333,-0.16715288,False
14961,0.022284128,-0.0051272362,False
14962,0.33895922,-0.17864513,False
14963,0.14268446,-0.20602036,False
14964,0.6125438,-0.31455326,False
14965,-0.041018724,-0.10508752,False
14966,0.08481431,-0.0191378,False
14967,0.14989704,0.034718305,False
14968,0.0072540045,0.02213186,False
14969,-0.009915533,-0.009915533,False
14970,-0.003628571,-0.003628571,False
14971,-0.0084777,-0.0084777,False
14972,-0.0022457931,-0.024288064,False
14973,-0.0048735146,-0.0048735146,False
14974,-0.010189601,-0.010189601,False
14975,-0.031644225,-0.031644225,False
14976,0.0,0.0,False
14977,0.0,0.0,False
14978,-0.0049688914,-0.0049688914,False
14979,-0.014785072,-0.014785072,False
14980,-0.014519291,-0.014519291,False
14981,0.0073149344,-0.013771578,False
14982,-0.021849018,-0.021849018,False
14983,-0.23934007,0.06317562,False
14984,-0.011999613,-0.0038375426,False
14985,-0.026029777,-0.013212673,False
14986,0.015810534,-0.004547674,False
14987,-0.009202419,-0.009202419,False
14988,-0.004470864,-0.004470864,False
14989,-0.008880455,-0.008880455,False
14990,-0.07941246,0.011674643,False
14991,-0.013070786,-0.03524176,False
14992,-0.3360275,0.12185156,False
14993,0.018264234,-0.049435854,False
14994,-0.3684175,-0.12590146,False
14995,-0.13503462,-0.01306963,False
14996,0.1262927,0.0386492,False
14997,0.08793867,-0.042451084,False
14998,0.23262215,-0.08977604,False
14999,-0.13359714,0.0140480995,False
15000,0.10889089,0.024590015,False
15001,-0.050372124,-0.07399869,False
15002,-0.11336136,-0.09713578,False
15003,-0.13504136,-0.14790273,False
15004,-0.016329288,0.026580095,False
15005,0.13921833,-0.200243,False
15006,0.10501218,-0.13306594,False
15007,-0.14317107,-0.14764905,False
15008,0.024411578,-0.0279761,False
15009,0.19611502,-0.08471823,False
15010,-0.2696886,-0.06798077,False
15011,0.04014972,-0.00921895,False
15012,0.0059506875,-0.016937457,False
15013,-0.018290238,-0.018290238,False
15014,-0.0100163,-0.0100163,False
15015,-0.17075527,-0.2174263,False
15016,0.13342582,0.03567198,False
15017,-0.056307133,-0.0099812895,False
15018,-0.0568681,-0.03239779,False
15019,0.0049312115,-0.08103514,False
15020,0.083067596,0.021005392,False
15021,-0.020850588,-0.06410271,False
15022,-0.39508855,-0.1093632,False
15023,-0.29429704,-0.10401344,False
15024,0.16385388,0.044789553,False
15025,0.065757126,-0.03179741,False
15026,0.012939528,-0.045023814,False
15027,0.0017285645,0.050296634,False
15028,0.12903368,-0.031967103,False
15029,0.014208169,-0.008339326,False
15030,-0.006873101,-0.04611364,False
15031,-0.046788692,-0.012440085,False
15032,-0.18163526,-0.086218655,False
15033,0.0030173063,0.03098616,False
15034,-0.26357985,-0.24795198,False
15035,0.033423007,0.058979392,False
15036,0.004347209,-0.01859986,False
15037,0.11030167,-0.018520057,False
15038,-0.037700858,-0.038972393,False
15039,0.032205433,0.04406956,False
15040,0.016088808,0.0,False
15041,-0.070224196,0.0003477931,False
15042,0.30877316,-0.005508244,False
15043,-0.101362675,-0.066297054,False
15044,-0.15765575,0.031901836,False
15045,0.009665579,-0.32378757,False
15046,-0.32374,-0.3818388,False
15047,0.079428695,0.04318461,False
15048,0.0,0.0006464802,False
15049,-0.09099877,-0.029623061,False
15050,-0.073002934,-0.102850914,False
15051,-0.20336604,-0.08621502,False
15052,-0.004640963,-0.004640963,False
15053,-0.01986885,-0.004557848,False
15054,-0.17602304,-0.020400822,False
15055,-0.1051932,-0.01476267,False
15056,-0.079549134,-0.1405537,False
15057,-1.4099994,-0.14088008,True
15058,0.039082803,0.0044768597,False
15059,0.0,0.0,False
15060,-0.21884091,-0.060703218,False
15061,-0.00074222684,0.039122015,False
15062,-0.05198507,-0.008676618,False
15063,-0.014119303,-0.014119303,False
15064,-0.024724837,-0.022196421,False
15065,0.10991614,0.007967383,False
15066,0.47550344,0.031893253,False
15067,0.032269478,-0.04325801,False
15068,0.06300886,0.022045076,False
15069,-0.16552925,-0.050173283,False
15070,0.0,0.0,False
15071,0.0039704517,0.059155747,False
15072,-0.02863115,-0.023445122,False
15073,-0.027407587,-0.10821211,False
15074,0.0,0.003361509,False
15075,-0.0117942095,0.04520923,False
15076,-0.0044345595,-0.012653314,False
15077,-0.027027965,0.02373138,False
15078,-0.004061069,-0.002099568,False
15079,0.24432397,0.031330347,False
15080,0.03331256,0.0071834624,False
15081,-0.0046034134,-0.003121907,False
15082,0.00059506483,-0.020939298,False
15083,-0.10369223,-0.08272576,False
15084,-0.04022204,-0.082619965,False
15085,0.040281676,-0.01827714,False
15086,0.0,0.0,False
15087,-0.15393376,-0.07610577,False
15088,-0.30480218,-0.14887309,False
15089,-0.91249347,-0.4070313,False
15090,-0.7518127,-0.13954258,False
15091,-0.046874404,-0.11651766,False
15092,-0.14510687,-0.044117987,False
15093,-0.01838263,-0.01838263,False
15094,-0.26419735,-0.11894518,False
15095,-0.022479773,-0.040219963,False
15096,0.029004548,0.004391741,False
15097,-0.05884079,-0.025482237,False
15098,0.034608692,0.0027994663,False
15099,-0.07585841,-0.009879932,False
15100,-0.018002361,0.02071312,False
15101,-0.0077891764,-0.0077891764,False
15102,-0.0015230905,-0.026090141,False
15103,0.023170898,-0.02246427,False
15104,0.009747863,0.017459512,False
15105,0.0072806254,-0.014565021,False
15106,-0.03933102,-0.05931872,False
15107,0.022133011,0.0,False
15108,-0.47144604,0.089110196,False
15109,0.14979842,0.04412794,False
15110,-0.055363107,0.024743423,False
15111,0.0,0.0,False
15112,0.015562281,-0.019774094,False
15113,0.0,0.0,False
15114,-0.02238036,-0.023073152,False
15115,-0.0004863739,0.00038372725,False
15116,0.0037110522,-0.018792843,False
15117,-0.026410997,-0.09055107,False
15118,0.004051015,-0.022231191,False
15119,-0.03025727,-0.045011587,False
15120,0.0,0.0,False
15121,-0.0694513,-0.03149858,False
15122,0.008015469,-0.015279561,False
15123,0.04092365,0.05087952,False
15124,0.0,0.0,False
15125,-0.03504142,0.001114238,False
15126,0.021652507,0.0,False
15127,-0.009988924,-0.009988924,False
15128,-0.04783851,-0.025798336,False
15129,-0.04565686,-0.027090222,False
15130,0.0029211342,0.019893423,False
15131,0.098049164,-0.1928556,False
15132,-0.4173143,-0.27497554,False
15133,-0.005326001,-0.027740216,False
15134,-0.5212692,-0.14674234,False
15135,-0.035327807,-0.0050320774,False
15136,0.0075201793,-0.0142310215,False
15137,-0.037966326,-0.037966326,False
15138,-0.009765218,-0.009765218,False
15139,0.0124627575,-0.007656023,False
15140,0.009478267,-0.034426667,False
15141,-0.018883342,0.007841006,False
15142,-0.030829601,-0.009250328,False
15143,0.0006746948,-0.012984738,False
15144,0.01328836,0.0021430347,False
15145,0.0,0.0,False
15146,-0.02491939,0.019259572,False
15147,-0.0010879096,-0.024720492,False
15148,-0.079080105,0.073559225,False
15149,-0.17928368,-0.062128425,False
15150,-0.0074204803,0.024686277,False
15151,0.0,0.0015164124,False
15152,0.019772112,-0.02861306,False
15153,-0.08515012,-0.01958716,False
15154,0.025475264,0.013810635,False
15155,0.048015743,-0.026849687,False
15156,-0.1681104,-0.055288613,False
15157,-0.11032358,-0.022336304,False
15158,0.0061144903,-0.017366715,False
15159,-0.04025002,-0.003648609,False
15160,0.1373994,0.00056554377,False
15161,-0.0067826957,-0.018502135,False
15162,-0.07145227,-0.0092411935,False
15163,-0.031317092,0.023652405,False
15164,-0.032917917,-0.09489023,False
15165,0.047372967,0.024091989,False
15166,0.22975218,-0.068418145,False
15167,0.016332747,0.0022421298,False
15168,0.0,0.0,False
15169,-0.0034866259,-0.062188,False
15170,-0.012585368,-0.009254374,False
15171,-0.00034707785,0.0059069507,False
15172,0.0,0.0,False
15173,0.14838725,0.110381305,False
15174,0.13051558,0.001683563,False
15175,-0.04049351,-0.022557616,False
15176,-0.1290685,0.0047534704,False
15177,0.030508757,0.060615867,False
15178,-0.016557932,-0.04012716,False
15179,-0.099599466,-0.03920433,False
15180,-0.25278723,-0.088148355,False
15181,-0.07268432,-0.11713916,False
15182,-0.018506289,-0.01859209,False
15183,-0.008765784,-0.0080110375,False
15184,0.03377883,0.025582738,False
15185,0.033990856,-0.004804872,False
15186,-0.013217386,-0.013217386,False
15187,-0.03584841,0.012238622,False
15188,-0.013421774,0.0357911,False
15189,-0.013102861,-0.010523912,False
15190,0.0,0.0,False
15191,-0.08476208,0.027155459,False
15192,0.09324844,0.022700742,False
15193,-0.039693892,-0.05655238,False
15194,-0.048753954,-0.04148268,False
15195,-0.011785597,0.00639835,False
15196,0.3828339,-0.06696212,False
15197,-0.26674944,-0.02632898,False
15198,0.0,0.0,False
15199,-0.021822453,-0.015575886,False
15200,0.0,0.0,False
15201,0.033237696,0.089886904,False
15202,0.062545955,0.009339035,False
15203,-0.004938297,-0.004938297,False
15204,-0.1718882,-0.06526691,False
15205,0.0,0.0,False
15206,-0.12971327,-0.041118324,False
15207,-0.006522579,-0.00044473074,False
15208,-0.34417295,-0.09916717,False
15209,-0.06144619,0.023053229,False
15210,0.107082844,0.038944006,False
15211,-0.1787225,-0.05428016,False
15212,-0.22641864,-0.077507794,False
15213,0.018230917,0.055809557,False
15214,-0.015076131,-0.013953179,False
15215,0.093512654,-0.010515884,False
15216,-0.007293232,0.0119519755,False
15217,0.005822298,-0.013387145,False
15218,-0.10659998,-0.019985288,False
15219,-0.024291337,-0.017569363,False
15220,-0.07000811,0.006606564,False
15221,0.1946894,-0.052358508,False
15222,0.16698015,0.07498562,False
15223,0.030317724,-0.039451122,False
15224,0.21030378,-0.07122749,False
15225,-0.04497595,-0.014469989,False
15226,0.049187124,-0.04691261,False
15227,-0.0266833,0.015079737,False
15228,-0.063782394,-0.03564076,False
15229,0.044523828,-0.008231471,False
15230,-0.16017556,0.11968732,False
15231,-0.22001886,-0.17382193,False
15232,0.21281576,-0.11482,False
15233,0.12963295,-0.11599016,False
15234,0.01106748,0.049500525,False
15235,0.003952354,-0.019483449,False
15236,0.10284674,0.07196784,False
15237,-0.43733573,-0.237154,False
15238,-0.07904167,-0.010001302,False
15239,-0.19747546,-0.029027104,False
15240,-0.13474488,-0.08001542,False
15241,-0.32897258,0.09076047,False
15242,0.0032369494,-0.06630415,False
15243,0.10153043,-0.07186365,False
15244,-0.15352106,0.046693563,False
15245,0.07181305,0.022279412,False
15246,0.0,0.0,False
15247,-0.0035495758,-0.0066227764,False
15248,-0.028199106,-0.0072389543,False
15249,-0.0042653084,-0.025057077,False
15250,-0.1821518,-0.071347,False
15251,0.028973509,-0.012852185,False
15252,-0.18568009,0.0077317953,False
15253,0.00866878,-0.015596688,False
15254,0.20387435,0.041270733,False
15255,0.1139946,0.029462576,False
15256,-0.0153471865,-0.0153471865,False
15257,-0.38343287,-0.21779323,False
15258,-0.17967415,0.05531025,False
15259,-0.14988756,0.02542162,False
15260,0.019995213,-0.13146591,False
15261,-0.0976336,-0.0050299168,False
15262,-0.59458566,-0.21454048,False
15263,0.13321006,-0.07394862,False
15264,-0.017324924,-0.18580008,False
15265,0.0,0.0,False
15266,-0.007135093,-0.07330686,False
15267,0.014186077,-0.006193511,False
15268,-0.34580612,-0.1354816,False
15269,-0.15051174,-0.11513734,False
15270,-0.027813196,-0.00079488754,False
15271,-0.051775634,-0.06609303,False
15272,0.056443572,0.019275531,False
15273,-0.35652447,-0.08589351,False
15274,0.01724289,0.0,False
15275,0.021086512,0.0,False
15276,0.09020269,0.022672638,False
15277,0.09234214,-0.03873205,False
15278,-0.0050029927,-0.0050029927,False
15279,0.31519318,0.04875219,False
15280,-0.012940377,-0.24398427,False
15281,-0.001085043,-0.00887084,False
15282,0.199821,0.117678165,False
15283,0.070944905,-0.049949765,False
15284,-0.118904114,-0.13193846,False
15285,-0.017226376,-0.017226376,False
15286,0.024488032,0.049458504,False
15287,0.18650544,-0.12097782,False
15288,-0.0046032593,-0.0074591488,False
15289,-0.008922739,-0.006400166,False
15290,0.0032451246,-0.018390635,False
15291,-0.016053438,-0.14177871,False
15292,0.060612157,-0.015871085,False
15293,0.043493748,-0.317075,False
15294,-0.029098567,-0.029098567,False
15295,0.07898328,0.008740269,False
15296,0.0,0.0,False
15297,-0.055187732,-0.073079765,False
15298,0.011969961,-0.043382507,False
15299,-0.013129592,-0.047442257,False
15300,0.10896021,0.021012306,False
15301,0.05928448,0.02056931,False
15302,0.010538025,-0.0012304527,False
15303,-0.2451042,-0.065285325,False
15304,0.014264807,-0.02719817,False
15305,-0.024874192,-0.021976756,False
15306,0.0,0.0,False
15307,0.016294496,0.0,False
15308,0.051840186,0.06968951,False
15309,0.0,0.00047200246,False
15310,-0.030976463,-0.07421218,False
15311,-0.19740254,-0.041517913,False
15312,-0.008449104,0.008891977,False
15313,-0.013645418,-0.010425661,False
15314,-0.0032373075,-0.0032373075,False
15315,-0.0083000865,-0.0083000865,False
15316,0.041248888,0.019619122,False
15317,-0.0047292574,-0.0012362923,False
15318,-0.07780671,-0.030917823,False
15319,0.0,0.0012267852,False
15320,-0.042992346,-0.040343933,False
15321,0.0,0.0011245898,False
15322,0.011573948,-0.010558151,False
15323,-0.20494115,-0.123752534,False
15324,0.05747962,-0.029428005,False
15325,-0.22372529,-0.054949343,False
15326,0.0,0.0,False
15327,-0.21731341,-0.013038039,False
15328,0.15448606,-0.011931539,False
15329,-0.0032515824,-0.013357282,False
15330,-0.028582945,0.028003618,False
15331,-0.011143405,0.0015016831,False
15332,0.0816502,-0.0027919114,False
15333,0.0030457526,-0.025072444,False
15334,0.028118312,-0.011189491,False
15335,0.05740416,0.00034028292,False
15336,-0.2127738,-0.06477463,False
15337,-0.22145653,-0.13145351,False
15338,0.01912839,-0.0040890537,False
15339,-0.056438178,-0.028808832,False
15340,-0.009632016,-0.00960814,False
15341,0.16371408,0.008810341,False
15342,-0.077785105,-0.040705174,False
15343,-0.3405384,-0.101212084,False
15344,-0.0067033917,-0.1342905,False
15345,0.01845669,-0.011586502,False
15346,-0.020651937,0.02073598,False
15347,-0.029714061,-0.029714061,False
15348,-0.00796053,-0.00796053,False
15349,0.0037609115,-0.008468971,False
15350,-1.2698615,-0.22909498,False
15351,-0.794842,-0.28610635,False
15352,-0.68778753,-0.22973466,False
15353,0.040874973,0.045719102,False
15354,-0.20554048,-0.01956445,False
15355,-0.1257376,0.02842611,False
15356,-0.24584222,-0.09283376,False
15357,-0.019302428,0.09297347,False
15358,-0.0040635765,0.005960703,False
15359,0.0137653295,-0.009568887,False
15360,-0.03217718,-0.15385611,False
15361,-0.0046749087,-0.0046749087,False
15362,0.032831848,-0.014959857,False
15363,0.0054781213,-0.017530968,False
15364,-0.01664102,-0.033516794,False
15365,-0.18309283,-0.09404981,False
15366,0.008351788,-0.019803882,False
15367,-0.35409522,-0.107112885,False
15368,-0.06321466,-0.13315177,False
15369,0.026028723,-0.046278566,False
15370,-0.066994004,-0.029680874,False
15371,-0.04426968,-0.080079615,False
15372,0.3387909,-0.05440259,False
15373,-0.074662685,-0.28361106,False
15374,-0.02405046,-0.037134215,False
15375,-0.21316278,-0.08416104,False
15376,-0.014870396,-0.014870396,False
15377,0.13147688,0.034459412,False
15378,-0.032370925,-0.062339306,False
15379,-0.091943204,-0.01570502,False
15380,-0.014987688,-0.014888197,False
15381,-0.025657102,0.04661101,False
15382,-0.024544548,-0.06920959,False
15383,-0.021070063,0.00310307,False
15384,0.025509734,-0.014573812,False
15385,0.09594321,0.1476264,False
15386,-0.057916194,-0.04525706,False
15387,-0.07176067,-0.041839108,False
15388,-0.16561007,-0.13137555,False
15389,0.008156598,0.014217973,False
15390,-0.0049173213,-0.0049173213,False
15391,0.17079127,0.012365341,False
15392,0.0035230704,-0.018459812,False
15393,-0.052443653,0.014044255,False
15394,-0.05092013,-0.007643461,False
15395,-0.09472644,-0.04472506,False
15396,-0.13584682,0.030068368,False
15397,0.011925019,0.021078087,False
15398,-0.10942125,-0.08307779,False
15399,-0.008821855,0.013400099,False
15400,0.0,0.00012225892,False
15401,0.0054473076,-0.017988496,False
15402,0.05003296,0.016360693,False
15403,0.008448899,-0.040400386,False
15404,-0.0255256,-0.025003508,False
15405,0.2458992,0.040028334,False
15406,0.08329773,-0.16658258,False
15407,0.13976009,0.004206434,False
15408,0.21367788,-0.0065971017,False
15409,0.087786764,0.032602638,False
15410,-0.059671037,0.0018805414,False
15411,-0.031256936,-0.011527609,False
15412,-0.09162511,0.0224123,False
15413,-0.2948864,-0.013512492,False
15414,0.048587084,-0.015225291,False
15415,0.23181999,-0.01496762,False
15416,0.014362857,-0.005653128,False
15417,-0.11936939,-0.055284858,False
15418,-0.022431612,0.0055393577,False
15419,0.01682365,0.0,False
15420,-0.138349,0.01447624,False
15421,0.0136511875,-0.009589816,False
15422,0.039287746,0.015571594,False
15423,-0.031006001,-0.012642566,False
15424,-0.0097020995,-0.0097020995,False
15425,-0.004696539,-0.0034636364,False
15426,-0.008645873,-0.008645873,False
15427,0.015303031,-0.036914766,False
15428,0.038624495,0.04017383,False
15429,0.10106784,-0.026868582,False
15430,-0.022065163,-0.1172567,False
15431,-0.10869235,0.04993671,False
15432,0.11155224,-0.25154877,False
15433,-0.14893192,-0.101680756,False
15434,-0.003967165,-0.0019350098,False
15435,-0.012574732,0.0072280765,False
15436,-0.2094087,-0.0113300085,False
15437,-0.021665193,0.022886835,False
15438,-0.017676078,-0.0025451258,False
15439,-0.019736405,-0.019736405,False
15440,0.0,0.0,False
15441,-0.197135,0.035391986,False
15442,-0.03677547,0.009257644,False
15443,-0.008934498,0.04835224,False
15444,-0.08885074,-0.050865233,False
15445,0.17371237,-0.06146431,False
15446,-0.3422469,-0.10639596,False
15447,0.029754598,-0.013592426,False
15448,-0.0047551068,-0.0028682412,False
15449,-0.13128123,-0.005922556,False
15450,0.0049858093,-0.031908274,False
15451,-0.013839691,-0.013839691,False
15452,0.04822407,0.010326117,False
15453,-0.00462337,-0.00462337,False
15454,-0.14283966,-0.045437217,False
15455,0.116007745,0.02251482,False
15456,-0.16120648,-0.05434537,False
15457,0.0034001824,-0.018972786,False
15458,0.056665592,-0.056910336,False
15459,0.032402564,-0.030689705,False
15460,0.089367986,0.11326486,False
15461,-0.0047488064,-0.022091802,False
15462,-0.005046529,-0.005046529,False
15463,-0.011989549,0.004679464,False
15464,0.023157977,0.0,False
15465,0.0,0.0,False
15466,0.0,0.0,False
15467,-0.0932339,-0.028156236,False
15468,0.083135486,-0.041158676,False
15469,0.1568222,0.035600424,False
15470,-0.004584724,-0.004584724,False
15471,-0.12831831,-0.15742826,False
15472,-0.0123306615,-0.0123306615,False
15473,-0.28937483,0.0144991875,False
15474,-0.004968509,0.014906883,False
15475,0.008097112,-0.034443855,False
15476,-0.008092284,0.04986435,False
15477,-0.004741758,-0.004741758,False
15478,-0.01856439,-0.005878931,False
15479,-0.15835309,0.02145505,False
15480,-0.11504811,-0.09931564,False
15481,0.060753882,0.07631041,False
15482,-0.03094428,-0.024476975,False
15483,-0.24074954,-0.057448745,False
15484,-0.16888502,0.000987947,False
15485,0.024635166,-0.06510918,False
15486,0.05494243,0.014128536,False
15487,-0.26784837,-0.075849175,False
15488,0.05542028,-0.11021668,False
15489,0.11971739,-0.0008459985,False
15490,0.12154883,-0.020241976,False
15491,-0.0680249,-0.0044346154,False
15492,-0.10558975,-0.103479624,False
15493,0.0,0.0,False
15494,-0.019282661,-0.019282661,False
15495,-0.20285463,-0.023411632,False
15496,-0.0271345,0.01759446,False
15497,-0.0013481006,-0.06530326,False
15498,-0.3451991,-0.09631014,False
15499,-0.03660938,-0.06575835,False
15500,-0.0121096885,-0.010723307,False
15501,-0.07222241,-0.08181524,False
15502,0.012892708,-0.012226604,False
15503,0.03163196,0.005712766,False
15504,0.1716733,0.0702126,False
15505,0.006508589,-0.2479055,False
15506,0.04582253,-0.009453744,False
15507,-0.022807777,-0.025164962,False
15508,0.05843594,0.015805416,False
15509,-0.18655294,-0.06379771,False
15510,0.00747326,-0.029431503,False
15511,-0.009420435,-0.009420435,False
15512,-0.012801934,0.015806057,False
15513,-0.005160007,-0.005160007,False
15514,-0.03894161,-0.022085503,False
15515,0.035195507,-0.005338274,False
15516,0.0082722735,-0.013547471,False
15517,-0.23706579,-0.16803265,False
15518,0.0,0.0,False
15519,-0.11601174,-0.06976402,False
15520,-0.051301092,0.040860415,False
15521,0.0068442225,-0.060373724,False
15522,-0.23424387,-0.09110093,False
15523,0.062726855,0.029127955,False
15524,-0.2502815,0.17620432,False
15525,-0.02241546,0.018759847,False
15526,-0.008237191,0.019523196,False
15527,-0.027226094,-0.020444162,False
15528,-0.05386886,0.014185071,False
15529,-0.4910307,-0.33126974,False
15530,0.044876453,-0.012814072,False
15531,-0.001579307,0.003271848,False
15532,0.02354227,-0.0014875829,False
15533,-0.017259061,0.084260106,False
15534,-0.0036233715,-0.0036233715,False
15535,-0.009429066,-0.007204804,False
15536,0.09362149,-0.09776853,False
15537,0.0024155993,-0.01871424,False
15538,-0.008656209,-0.008656209,False
15539,-0.16476655,-0.1312083,False
15540,-0.001568865,0.010611016,False
15541,0.19986439,-0.07239699,False
15542,-0.110940814,-0.15188956,False
15543,0.05114127,-0.09887145,False
15544,-0.045488667,-0.009669051,False
15545,-0.010345586,-0.032064162,False
15546,0.055556044,-0.039950505,False
15547,-0.054892182,-0.21250552,False
15548,-0.0028397273,-0.0049640266,False
15549,0.014726467,-0.044449158,False
15550,-0.0049564024,-0.0049564024,False
15551,0.10497695,0.0068767667,False
15552,-0.38075733,-0.09102392,False
15553,-0.01571381,-0.039533615,False
15554,0.023019463,-0.04474102,False
15555,-0.07917845,0.034179688,False
15556,-0.14458643,-0.03167434,False
15557,-0.018943846,0.05198723,False
15558,0.06123054,0.028480858,False
15559,-0.02975896,-0.059299648,False
15560,0.0,0.0,False
15561,-0.010104746,-0.048665226,False
15562,-0.19222772,-0.012243509,False
15563,-0.0032125413,0.0020428002,False
15564,-0.16490716,-0.040008426,False
15565,-0.19596517,-0.018161297,False
15566,0.115360856,-0.054118037,False
15567,-0.13603312,-0.062083364,False
15568,0.015262783,-0.025772035,False
15569,-0.046656094,-0.027174756,False
15570,-0.16902995,-0.068713784,False
15571,-0.0106211305,0.04866889,False
15572,-0.023935735,0.015769303,False
15573,-0.0025464296,-0.001972735,False
15574,0.09132124,0.016578086,False
15575,0.09356952,-0.17379665,False
15576,-0.0043500364,-0.0333589,False
15577,-0.13129747,-0.12158871,False
15578,-0.005894564,0.0028326884,False
15579,-0.268271,-0.037068903,False
15580,-0.001324743,0.0048413724,False
15581,0.05260186,0.02953057,False
15582,0.010357812,-0.014472455,False
15583,0.033143446,-0.034925506,False
15584,0.43242478,-0.13035583,False
15585,-0.108391225,-0.05159998,False
15586,-0.051647425,-0.059836507,False
15587,0.05282712,-0.015516236,False
15588,0.118070126,0.07086134,False
15589,-0.041371807,-0.008091114,False
15590,0.2454145,-0.27900076,False
15591,0.0391531,0.04347825,False
15592,0.0029892921,0.005328238,False
15593,0.019531598,0.0,False
15594,0.022275314,0.00058065355,False
15595,-0.13960786,-0.060417198,False
15596,0.025924727,0.0065755025,False
15597,-0.18764639,-0.008036613,False
15598,-0.09260434,-0.004995644,False
15599,-0.04844469,-0.028336093,False
15600,0.06500065,0.011095047,False
15601,-0.9464339,-0.1877861,False
15602,-0.23189181,0.007884264,False
15603,-0.5890045,-0.19902396,False
15604,-0.28318155,-0.08678591,False
15605,0.124744296,-0.03680986,False
15606,0.008470799,0.014243799,False
15607,0.0051121116,-0.032350957,False
15608,-0.06449819,-0.059720367,False
15609,-0.18071991,0.027142048,False
15610,-0.18847764,0.011179328,False
15611,0.026722789,0.024018407,False
15612,-0.22309643,0.009104848,False
15613,-0.026683733,0.021217607,False
15614,0.0,0.0,False
15615,-0.029607382,0.008556362,False
15616,0.035140835,-0.0022325441,False
15617,0.024842918,-0.014187671,False
15618,-0.04619779,-0.0077210553,False
15619,-0.050823033,0.036204398,False
15620,0.28990662,-0.1869905,False
15621,0.014024593,0.061413087,False
15622,0.02368474,-0.039084673,False
15623,0.10315204,0.043097258,False
15624,0.01580976,0.0111552775,False
15625,0.043881714,-0.3996068,False
15626,-0.39053953,-0.1262201,False
15627,-0.122254014,-0.006607145,False
15628,-0.059663236,-0.0453822,False
15629,0.5434933,0.07227588,False
15630,0.01099468,0.011413045,False
15631,0.14146423,0.04948196,False
15632,-0.096487775,-0.044540226,False
15633,0.054930508,0.06134063,False
15634,-0.005060577,-0.0042135227,False
15635,-0.08497214,-0.06933221,False
15636,0.019534431,0.029074892,False
15637,-0.004580414,-0.010295264,False
15638,0.031157672,0.013600677,False
15639,-0.3333482,-0.09735727,False
15640,-0.009993374,0.01185447,False
15641,-0.1672768,0.01560235,False
15642,-0.02574496,-0.031238407,False
15643,0.0022463799,-0.036342084,False
15644,-0.018123627,-0.076999456,False
15645,-0.043300085,0.0033590943,False
15646,-0.013468137,-0.012290936,False
15647,-0.01130259,-0.014941379,False
15648,-0.047018886,-0.033646986,False
15649,-0.029849157,-0.021005392,False
15650,-0.3717749,-0.05060184,False
15651,-0.02520153,-0.05717595,False
15652,0.037983317,0.0150149185,False
15653,-0.008922799,-0.008922799,False
15654,-0.016770251,-0.0007780865,False
15655,-0.004889071,0.08351809,False
15656,0.1366618,0.009204239,False
15657,-0.27365518,-0.18352103,False
15658,0.18962204,0.16117918,False
15659,-0.40993166,-0.1027571,False
15660,0.028487198,-0.002385877,False
15661,-0.060508743,-0.023195937,False
15662,-0.11448744,-0.35047576,False
15663,0.008402228,0.0020798743,False
15664,-0.046287455,-0.01598671,False
15665,-0.016466945,-0.01898995,False
15666,0.03706813,0.050173342,False
15667,-0.0030791014,-0.007366229,False
15668,-0.13065553,-0.060130835,False
15669,0.12338328,0.011989236,False
15670,-0.11530915,-0.08467832,False
15671,0.0026371777,0.037621677,False
15672,0.09238598,-0.017517537,False
15673,-0.04164231,-0.032461584,False
15674,-0.054458737,0.038731456,False
15675,-0.02749446,-0.036451936,False
15676,0.02232837,0.01430038,False
15677,0.01772122,-0.004189655,False
15678,-0.01810479,-0.01810479,False
15679,-0.010978915,-0.027446589,False
15680,0.040782664,0.009546999,False
15681,0.04557538,0.060708985,False
15682,-0.21030682,0.0133751035,False
15683,-0.022408843,-0.031419605,False
15684,-0.009428883,-0.009428883,False
15685,-0.08932005,-0.032813936,False
15686,0.02173061,-0.017356586,False
15687,0.15812826,-0.07884383,False
15688,0.04969941,0.02506549,False
15689,-0.047688562,-0.0046433285,False
15690,0.14216405,0.084302604,False
15691,0.012964026,-0.0012679214,False
15692,0.06495771,0.032727987,False
15693,-0.0039994186,-0.0039994186,False
15694,-0.111218095,0.036661267,False
15695,0.03220868,-0.046815813,False
15696,-0.045983613,0.07321578,False
15697,-0.0017041434,0.0070493855,False
15698,0.024517968,-0.011150673,False
15699,-0.11568464,-0.027831465,False
15700,-0.1514883,-0.028369665,False
15701,-0.052848935,-0.053682864,False
15702,-0.02304821,-0.08258015,False
15703,-0.061404586,-0.010918707,False
15704,-0.2693262,-0.1970594,False
15705,-0.14222825,-0.1307537,False
15706,-0.26654148,-0.034278154,False
15707,0.003944665,0.046535373,False
15708,-0.0043214094,-0.0043214094,False
15709,-0.012721422,-0.008403459,False
15710,0.059954166,-0.0117429495,False
15711,0.0,0.0,False
15712,0.0045674145,-0.0151664615,False
15713,-0.14380997,-0.004033029,False
15714,-0.23397446,-4.6711497,False
15715,-0.063500494,-0.028764158,False
15716,-0.013260469,-0.011550676,False
15717,-0.24446988,-0.083052695,False
15718,-0.0095745325,-0.020117164,False
15719,0.013436496,-0.040820003,False
15720,0.23447463,0.11153564,False
15721,-0.13568859,-0.030340672,False
15722,-0.010051146,-0.02936937,False
15723,0.1114991,-0.038131237,False
15724,0.12623793,0.012109309,False
15725,-0.014837649,-0.037091184,False
15726,0.0787009,0.046284467,False
15727,-0.04438442,0.037591994,False
15728,0.0031841695,-0.018349417,False
15729,-0.073562056,-0.026876777,False
15730,-0.11889279,-0.021961689,False
15731,-0.009193589,-0.009193589,False
15732,-0.06484705,-0.03692338,False
15733,0.0,0.0,False
15734,-0.16836087,-0.00043052435,False
15735,0.0,0.0,False
15736,0.04373193,-0.011357326,False
15737,0.0038141534,-0.010564743,False
15738,-0.0108559355,-0.077659294,False
15739,-0.0033912933,-0.0033912933,False
15740,0.023369148,-0.0032277107,False
15741,-0.04797925,-0.039724663,False
15742,-0.019873582,-0.011762552,False
15743,-0.2348578,-0.0628013,False
15744,0.00064638257,-0.025161803,False
15745,0.017364452,-0.022556206,False
15746,0.058648944,0.0032385457,False
15747,0.024894118,0.03244704,False
15748,0.0038192421,0.00051641464,False
15749,0.023472235,0.029642835,False
15750,-0.0035024756,-0.0016092339,False
15751,-0.12217641,0.014815569,False
15752,-0.21756564,-0.05244413,False
15753,-0.06956291,0.022556663,False
15754,-0.21334857,-0.02653861,False
15755,-0.03502965,-0.08154571,False
15756,0.013769746,-0.017864436,False
15757,-0.03364159,-0.032391224,False
15758,-0.112275206,0.007624075,False
15759,0.013143969,-0.004049537,False
15760,-0.19639945,-0.16017234,False
15761,0.08186102,0.007278204,False
15762,0.28214037,0.14279664,False
15763,-0.15240884,0.037171125,False
15764,0.0060954615,-0.11019159,False
15765,0.046874657,0.055729076,False
15766,0.041942626,-0.034104943,False
15767,-0.023632968,-0.0431152,False
15768,0.094901085,0.050143957,False
15769,0.0058663245,-0.008498196,False
15770,-0.09865421,-0.013393164,False
15771,0.015560105,0.013586074,False
15772,-0.034386307,-0.09563537,False
15773,-0.0045857676,-0.0045857676,False
15774,0.015442282,-0.005291652,False
15775,-0.06724838,-0.031133767,False
15776,-0.022614557,0.0067854673,False
15777,-0.0033600368,-0.046472043,False
15778,-0.07288855,-0.030387238,False
15779,-0.07210922,-0.15678573,False
15780,0.086669326,-0.016561806,False
15781,0.08837789,-0.007977515,False
15782,0.011895617,-0.009885996,False
15783,-0.09412384,0.00067055225,False
15784,0.020770045,-0.018118223,False
15785,0.054794848,-0.016894624,False
15786,-0.13528508,0.008260399,False
15787,0.054140657,0.033718973,False
15788,0.07294047,0.050942928,False
15789,0.0,0.0,False
15790,0.086129844,0.019692808,False
15791,-0.07227579,-0.036810875,False
15792,0.020539716,0.059683017,False
15793,-0.041719794,-0.04408467,False
15794,0.010364592,0.07889193,False
15795,-0.31204152,-0.047559857,False
15796,0.096363425,-0.016544461,False
15797,-0.004716768,-0.004716768,False
15798,0.048913524,-0.0043902844,False
15799,0.0033376515,-0.018314855,False
15800,-0.14182615,-0.013474524,False
15801,-0.10735659,0.0044985414,False
15802,0.023217443,0.0009053772,False
15803,-0.17255425,-0.010539174,False
15804,0.0,0.0,False
15805,0.003791839,-0.017860668,False
15806,0.040738657,-0.00453614,False
15807,0.0004079938,0.007449407,False
15808,-0.031563222,-0.022536874,False
15809,-0.3052162,-0.10326934,False
15810,0.006953219,0.005656163,False
15811,-0.0036918141,-0.0036918141,False
15812,-0.10027463,-0.021319076,False
15813,-0.14768434,-0.06006491,False
15814,-0.12691742,0.024091631,False
15815,0.00024642795,-0.018878754,False
15816,-0.0246609,-0.0034325756,False
15817,0.018370135,-0.004436502,False
15818,-0.08152497,0.06299615,False
15819,0.076634526,0.05898547,False
15820,0.028828502,-0.09155601,False
15821,0.07885045,0.01577127,False
15822,0.0,0.010379085,False
15823,-0.10241306,-0.03542638,False
15824,0.16896039,-0.009624243,False
15825,-0.0427699,-0.002776783,False
15826,0.08061999,-0.11107361,False
15827,-0.025333583,-0.073691785,False
15828,0.016776085,-0.046727434,False
15829,-0.07542229,0.015640616,False
15830,0.13380945,-0.0131185055,False
15831,-0.13327062,-0.03547108,False
15832,-0.01763907,0.016888916,False
15833,-0.09822879,-0.05941414,False
15834,-0.019536529,0.016492382,False
15835,-0.11097732,-0.031585813,False
15836,-0.008302845,-0.008046687,False
15837,-0.009375281,-0.007087581,False
15838,-0.00068224035,-0.02408718,False
15839,-0.039966226,-0.006645143,False
15840,-0.080180086,-0.022316024,False
15841,0.017622184,-0.0016422337,False
15842,-0.19774285,-0.049498588,False
15843,0.0633775,0.013982296,False
15844,0.084716804,0.014104225,False
15845,-0.006172562,-0.028426098,False
15846,0.03914827,0.038426995,False
15847,-0.5214864,-0.076088786,False
15848,0.03412956,-0.042398453,False
15849,0.108614,0.029265404,False
15850,-0.08697218,-0.0031108856,False
15851,-0.048758864,0.074331164,False
15852,0.0755997,-0.032373562,False
15853,0.0,0.0,False
15854,0.020259783,0.03114812,False
15855,-0.009722302,-0.009722302,False
15856,-0.28488445,-0.22549081,False
15857,0.016256297,-0.028405862,False
15858,-0.009752506,-0.009752506,False
15859,-0.024381429,-0.024381429,False
15860,-0.17226064,-0.09899378,False
15861,0.09242657,0.01649636,False
15862,-0.07695621,0.029945374,False
15863,-0.21558523,-0.2008121,False
15864,0.1766178,0.14874095,False
15865,-0.09050417,0.0153416395,False
15866,0.0035709552,-0.017266873,False
15867,-0.08041942,-0.15405166,False
15868,0.0342062,-0.0049006813,False
15869,-0.08037983,-0.027548283,False
15870,-0.029015034,0.015694186,False
15871,-0.0024691466,0.014681749,False
15872,0.17549157,0.0031454563,False
15873,-0.0018981658,-0.019395366,False
15874,-0.006297592,0.018645432,False
15875,-0.041115195,-0.03258732,False
15876,-0.012984913,-0.019740567,False
15877,0.038304858,-0.028720187,False
15878,0.11657113,-0.10131207,False
15879,-0.04762992,-0.0016740635,False
15880,-0.052379407,-0.01663901,False
15881,0.050778486,-0.036851294,False
15882,-0.009565404,-0.009565404,False
15883,0.082328945,0.06436215,False
15884,-0.19514579,-0.09501052,False
15885,-0.24583858,-0.060751498,False
15886,-0.16172826,-0.17702568,False
15887,-0.13447064,-0.037314355,False
15888,-0.074504256,-0.07539618,False
15889,0.1017738,-0.052927524,False
15890,-0.15395129,-0.098223895,False
15891,0.088042736,0.030083269,False
15892,0.03156604,0.055486783,False
15893,-0.0022254586,0.10713133,False
15894,-0.008408248,-0.058308333,False
15895,-0.1461705,-0.020364225,False
15896,-0.051744074,-0.016222388,False
15897,-0.38803542,-0.10993016,False
15898,-0.1953687,-0.055276453,False
15899,-0.006021738,0.14067096,False
15900,0.0026424527,0.040578365,False
15901,0.045883164,0.05042641,False
15902,-0.0064100083,-0.023089662,False
15903,-0.40965915,-0.11100066,False
15904,-0.13261795,-0.09615448,False
15905,0.014871478,-0.015037745,False
15906,-0.085552335,0.037755176,False
15907,0.060508966,-0.027266026,False
15908,-0.040442497,-0.0008127466,False
15909,-0.08064401,-0.013692975,False
15910,0.019746803,0.0012375715,False
15911,-0.005257707,-0.020629687,False
15912,1.4424324e-05,0.015184786,False
15913,-0.04311919,-0.024261117,False
15914,-0.003302738,-0.015011877,False
15915,-0.1056689,-0.056260943,False
15916,0.0,0.0,False
15917,-0.026050944,-0.026050944,False
15918,0.0018916726,-0.019454323,False
15919,-0.037873153,-0.029482365,False
15920,-0.008295882,-0.008295882,False
15921,0.21601887,0.034685537,False
15922,0.02102952,-0.025089893,False
15923,-0.010288954,-0.045671284,False
15924,-0.071074605,0.12338376,False
15925,0.13463366,-0.17218137,False
15926,-0.24878207,-0.0029622912,False
15927,0.0,0.0,False
15928,-0.036810413,-0.036810413,False
15929,-0.043051958,0.0018517971,False
15930,-0.0051122904,-0.0051122904,False
15931,-0.1546891,-0.03397578,False
15932,-0.27426565,-0.038502097,False
15933,-0.49488294,-0.21196032,False
15934,-0.04406222,-0.05591539,False
15935,-0.003967165,-0.0009338842,False
15936,-0.030228287,0.008559518,False
15937,-0.0050290436,-0.0032193656,False
15938,-0.0777058,0.0046636164,False
15939,-0.2243424,0.07018286,False
15940,-0.018873848,0.017895974,False
15941,-0.09556925,-0.07799244,False
15942,0.04767108,0.02373287,False
15943,-0.24404782,-0.1895088,False
15944,0.0,0.0,False
15945,0.046993993,-0.023255518,False
15946,-0.010005947,-0.010005947,False
15947,0.033706553,0.0015592389,False
15948,-0.0720768,-0.0507849,False
15949,0.043504268,0.027946025,False
15950,0.019879222,-0.023987874,False
15951,0.14053762,0.077006936,False
15952,0.034852147,0.12937963,False
15953,-0.113720566,-0.026682645,False
15954,-0.087212086,-0.15303671,False
15955,0.022478104,-0.1285367,False
15956,0.19969738,0.016035497,False
15957,0.1360743,-0.15091491,False
15958,-0.24958944,-0.095730305,False
15959,0.037979804,-0.019009998,False
15960,0.0,0.0007084589,False
15961,0.0,0.0,False
15962,-0.20118266,0.0053535104,False
15963,0.013076842,-0.0542171,False
15964,-0.07795151,0.014150262,False
15965,-0.031312842,-0.028745608,False
15966,-0.017849108,-0.017849108,False
15967,0.089245915,0.026139602,False
15968,-0.060417175,-0.10575247,False
15969,-0.15331855,-0.0157689,False
15970,-0.03500229,-0.0173257,False
15971,-0.054991566,-0.11259092,False
15972,-0.035287827,0.0018660128,False
15973,0.014877439,0.049549937,False
15974,-0.099398255,-0.060269356,False
15975,0.009240985,-0.03218651,False
15976,0.059156656,-0.15358508,False
15977,-0.059013367,0.11379069,False
15978,-0.0049733785,-0.0049733785,False
15979,-0.07976276,0.0074444413,False
15980,-0.0594061,-0.0154829025,False
15981,0.050881624,-0.030358672,False
15982,0.13139367,-0.039246857,False
15983,-0.06917691,0.038620725,False
15984,0.026427174,0.016179388,False
15985,-0.14474931,-0.00076299906,False
15986,-0.16015238,-0.00093126297,False
15987,-0.0072642267,-0.025883734,False
15988,-0.034969807,-0.03745085,False
15989,-0.3001182,-0.051496685,False
15990,0.040652573,0.087926805,False
15991,0.0,0.0,False
15992,0.21162555,0.0722962,False
15993,0.027832597,0.011009902,False
15994,0.023742937,0.025364421,False
15995,0.1125194,0.06601675,False
15996,-0.051063597,-0.010443598,False
15997,0.023182757,0.003705714,False
15998,0.0,0.00013305873,False
15999,-0.38162518,-0.08453274,False
16000,0.002007246,-0.13857913,False
16001,-0.022491813,-0.08643556,False
16002,0.008066148,-0.022400558,False
16003,-0.094593555,-0.08849135,False
16004,-0.12815493,0.00034095347,False
16005,-0.19354874,-0.008868933,False
16006,-0.32804835,-0.074986815,False
16007,-0.021021167,-0.0024450962,False
16008,0.0,0.0,False
16009,-0.085063815,-0.06879699,False
16010,-0.084830925,-0.0012349486,False
16011,0.08616978,0.028386831,False
16012,-0.36933112,-0.05309844,False
16013,-0.16010273,-0.058859944,False
16014,-0.01682721,-0.027120907,False
16015,0.0,0.00029303503,False
16016,-0.07931888,-0.17451191,False
16017,0.13063467,-0.086637266,False
16018,0.0871976,-0.032309234,False
16019,0.14076257,0.003030777,False
16020,-0.012752414,0.056256056,False
16021,-0.046003416,-0.062827066,False
16022,0.06696959,-0.0047064424,False
16023,-0.010152049,-0.010058193,False
16024,0.36859345,-0.2624824,False
16025,0.16704416,-0.074712396,False
16026,-0.005547842,-0.005547842,False
16027,-0.05431202,0.020894349,False
16028,-0.079989195,-0.14119053,False
16029,-0.025738612,0.047188714,False
16030,-0.029787153,-0.058897078,False
16031,-0.08437225,-0.012575924,False
16032,0.008818782,0.014165779,False
16033,0.081391566,0.016312383,False
16034,-0.030415893,-0.12945282,False
16035,-0.23943985,0.06536245,False
16036,-0.19000983,0.043426573,False
16037,0.051567525,0.013071001,False
16038,0.008838195,-0.034577236,False
16039,0.12857997,-0.0013047457,False
16040,0.0037538745,-0.01690197,False
16041,-0.003642188,-0.0031274657,False
16042,0.0430591,-0.0061695855,False
16043,0.08566697,-0.022006452,False
16044,0.002854608,-0.007229533,False
16045,0.016417868,-0.028985143,False
16046,-0.031309538,0.020329125,False
16047,-0.15866804,-0.0081630945,False
16048,-0.062856674,0.12835622,False
16049,-0.08042525,0.047461465,False
16050,-0.039710786,0.006186515,False
16051,0.023909092,-0.011934638,False
16052,-0.0011961814,-0.023757648,False
16053,0.023945823,0.0077661984,False
16054,-0.03565018,0.010728791,False
16055,0.097895816,0.017635524,False
16056,-0.017678991,-0.011727765,False
16057,-0.00026199222,0.078020856,False
16058,-0.038531825,-0.021684945,False
16059,0.0016148984,-0.01176475,False
16060,-0.021463513,-0.0020188093,False
16061,0.004795164,-0.036082238,False
16062,0.028377518,-0.06914488,False
16063,-0.072828054,0.041356206,False
16064,0.010101795,-0.068098575,False
16065,-0.009117663,0.005737096,False
16066,-0.003413568,-0.003413568,False
16067,-0.009670802,-0.0084058475,False
16068,-0.025566466,0.0037435777,False
16069,-0.1689027,-0.08544779,False
16070,-0.014486574,-0.020940846,False
16071,-0.052277267,-0.058994293,False
16072,0.01634577,-0.038016573,False
16073,-0.22820449,-0.09660983,False
16074,0.11709675,0.038578063,False
16075,-0.054863602,-0.035060316,False
16076,0.123529226,0.020111352,False
16077,0.0,0.0,False
16078,0.041244626,-0.05331722,False
16079,0.34970582,0.053465962,False
16080,0.13223268,0.060409084,False
16081,0.05334135,-0.018978333,False
16082,0.0418894,-0.05069241,False
16083,-0.09683782,-0.13220686,False
16084,0.010885047,-0.028322587,False
16085,-0.044282906,-0.033437982,False
16086,0.04097402,-0.018637419,False
16087,-0.018545188,-0.0029272968,False
16088,0.035348825,-0.0045059593,False
16089,-0.06011481,-0.016086213,False
16090,-0.0052528754,-0.004688476,False
16091,-0.03178538,-0.0048408546,False
16092,0.16934356,0.019093096,False
16093,-0.005325182,-0.005325182,False
16094,0.0062906295,0.0054153875,False
16095,0.03145218,-0.024248183,False
16096,0.21965432,-0.13019586,False
16097,-0.0033912933,-0.0033912933,False
16098,-0.029711396,-0.01236707,False
16099,-0.042154312,0.012239575,False
16100,0.024158582,0.023699723,False
16101,0.015868798,0.044803992,False
16102,0.12072396,0.002667725,False
16103,-0.057245508,-0.027670696,False
16104,-0.0051348084,-0.0051348084,False
16105,0.0,0.00053255894,False
16106,-0.0122559015,-0.014214234,False
16107,-0.13971281,-0.22072673,False
16108,0.22478557,0.054375887,False
16109,-0.22812915,-0.13429904,False
16110,-0.036531866,0.0064293146,False
16111,-0.10140002,0.0450657,False
16112,0.050435275,-0.010155857,False
16113,-0.11102033,-0.07707879,False
16114,0.0,0.0,False
16115,0.0049391985,-0.06324947,False
16116,0.051510572,0.15642035,False
16117,0.0,0.0,False
16118,-0.103192955,-0.031685382,False
16119,-0.0052017923,-0.0052017923,False
16120,0.0,3.0482002e-05,False
16121,0.05206929,-0.038855903,False
16122,0.14554194,-0.03551042,False
16123,0.07742648,-0.005782649,False
16124,-0.032005444,-0.008662894,False
16125,-0.029903382,-0.007674545,False
16126,-0.10582167,-0.054622114,False
16127,-0.05055496,0.012779534,False
16128,0.016048402,-0.034776986,False
16129,-0.017501421,-0.03679381,False
16130,-0.026999157,-0.018179137,False
16131,-0.0048264484,-0.0048264484,False
16132,0.023097081,0.002475897,False
16133,0.10975051,0.09049392,False
16134,-0.026796281,-0.04862809,False
16135,-0.014522738,-0.011146057,False
16136,0.0,6.691217e-05,False
16137,0.0,0.0,False
16138,0.0,0.0001783769,False
16139,-0.052985255,-0.035814196,False
16140,-0.038950004,-0.038950004,False
16141,-0.005250834,-0.005250834,False
16142,0.29909873,-0.057656527,False
16143,-0.09477866,0.031017363,False
16144,0.038228825,0.019077122,False
16145,0.13549045,-0.004342407,False
16146,-0.060154695,-0.016561259,False
16147,-0.12373085,0.013124317,False
16148,0.13274035,-0.009341747,False
16149,-0.0142670795,-0.0061674714,False
16150,-0.041660875,0.051623106,False
16151,0.051303238,-0.035253257,False
16152,-0.16262358,-0.071008205,False
16153,0.26114005,0.025201619,False
16154,-0.060985267,0.007182017,False
16155,-0.12714666,-0.11924335,False
16156,-0.008851778,-0.008851778,False
16157,-0.0051307185,-0.004313946,False
16158,-0.07230403,-0.040071078,False
16159,-0.028598726,0.06364578,False
16160,-0.13230881,-0.055541515,False
16161,-0.003730193,-0.003730193,False
16162,-0.1396782,-0.05735229,False
16163,-0.04755007,-0.04755007,False
16164,-0.081244275,-0.048163116,False
16165,0.009927241,0.035322636,False
16166,0.0012418106,-0.001377523,False
16167,-0.0417433,0.03488122,False
16168,0.066152275,-0.028319329,False
16169,0.14198947,-0.11867833,False
16170,-0.0050622486,-0.028139988,False
16171,-0.12867248,-0.048838258,False
16172,0.0,0.0,False
16173,0.031268798,-0.0063494164,False
16174,0.0,0.0,False
16175,0.07161623,-0.014943644,False
16176,0.0,0.0,False
16177,0.02506262,-0.06338397,False
16178,0.057225168,0.02190739,False
16179,-0.16625369,-0.056198478,False
16180,-0.13611293,-0.07931638,False
16181,0.02551198,-0.04874196,False
16182,0.017818004,-0.0018715598,False
16183,0.01871836,-0.01950488,False
16184,-0.0035210575,-0.0035210575,False
16185,-0.12776184,-0.055861473,False
16186,0.0016866624,-0.07796393,False
16187,0.004836224,-0.03933995,False
16188,0.04670628,-0.014112489,False
16189,-0.16986465,-0.028868675,False
16190,-0.113603115,-0.039692342,False
16191,0.03226403,-0.037178315,False
16192,0.0,0.0001570712,False
16193,0.017739171,-0.0033884607,False
16194,0.031394698,0.0040253177,False
16195,0.11957503,0.02911333,False
16196,0.040362656,-0.16001314,False
16197,0.035177827,0.003445685,False
16198,-0.3805626,-0.13670778,False
16199,0.08251721,0.010041535,False
16200,0.08934444,-0.0019986033,False
16201,0.3170225,0.012946904,False
16202,-0.082842916,-0.008476257,False
16203,-0.037279084,0.023526192,False
16204,-0.021629907,0.017071318,False
16205,-0.1732029,0.029403567,False
16206,0.0,0.0,False
16207,-0.12843776,-0.13454628,False
16208,-0.037658542,-0.04455006,False
16209,0.096903265,0.02957511,False
16210,0.0,0.0,False
16211,-0.04636988,-0.0047534704,False
16212,0.03516656,-0.013115346,False
16213,0.0,0.0,False
16214,0.028672159,-0.107467204,False
16215,-0.009417007,-0.0084512355,False
16216,0.036862493,0.00019586273,False
16217,-0.24712753,0.06927264,False
16218,0.16297269,-0.08956194,False
16219,-0.2556374,-0.20837927,False
16220,0.031411022,0.0020980537,False
16221,0.1426593,0.09389514,False
16222,-0.044075817,0.015270732,False
16223,0.0055942982,-0.0026960708,False
16224,-0.054894745,0.05352539,False
16225,-0.004992648,-0.004992648,False
16226,-0.026426662,-0.049012892,False
16227,-0.048023745,-0.013257779,False
16228,-0.014143677,-0.014143677,False
16229,-0.014059304,-0.009927248,False
16230,-0.995039,-0.22916222,False
16231,0.10645801,-0.055553555,False
16232,0.054851066,-0.008347889,False
16233,-0.2333759,0.06768829,False
16234,0.017193506,0.015544605,False
16235,-0.01435714,-0.014051763,False
16236,-0.013092928,-0.028767556,False
16237,-0.0065785367,-0.028297113,False
16238,0.00039130077,-0.039576236,False
16239,-0.059464112,-0.007635966,False
16240,-0.10958946,-0.14686775,False
16241,-0.044596553,-0.005626738,False
16242,-0.0074082133,-0.005572096,False
16243,-0.0073222145,-0.027572159,False
16244,0.0012040436,0.021423608,False
16245,0.007132818,-0.013117126,False
16246,0.017020017,-2.5987625e-05,False
16247,0.019934902,-0.027741326,False
16248,-0.18016964,0.11334407,False
16249,-0.03406091,-0.15993536,False
16250,0.03937154,-0.004987846,False
16251,-0.029907314,-0.049389545,False
16252,-0.0136208385,-0.046851642,False
16253,-0.0050561046,-0.0037923926,False
16254,0.061456967,-0.0046034134,False
16255,0.115781546,0.022687018,False
16256,-0.0032744692,-0.0032744692,False
16257,-0.05727184,0.0063919723,False
16258,-0.09542212,-0.02450502,False
16259,-0.0013134927,-0.022548765,False
16260,-0.13871002,-0.14056039,False
16261,-0.37712383,-0.06170845,False
16262,0.053601056,0.048168033,False
16263,-0.08740948,-0.02539429,False
16264,-0.009268663,-0.008435414,False
16265,0.015859362,-0.0048796716,False
16266,0.03934811,0.0035421103,False
16267,-0.004513249,-0.004513249,False
16268,-0.047061294,-0.021350443,False
16269,0.0372139,-0.00047764182,False
16270,-0.11521286,-0.043336272,False
16271,-0.043266594,-0.035095245,False
16272,0.055594414,0.0020943284,False
16273,-0.003642188,-0.0018533067,False
16274,-0.16284856,-0.044431835,False
16275,0.0035814755,-0.005276505,False
16276,-0.00879091,0.024667248,False
16277,-0.00971165,-0.00971165,False
16278,-0.0056246147,0.028005097,False
16279,0.19011092,0.062214613,False
16280,-0.018042509,0.0012648944,False
16281,-0.009079695,-0.108122826,False
16282,0.019236133,0.033991307,False
16283,0.13473362,-0.0021362305,False
16284,-0.006209165,-0.010854565,False
16285,-0.08181822,-0.11311519,False
16286,0.059922695,-0.060066223,False
16287,0.08729714,0.006902218,False
16288,-0.008824393,-0.071284905,False
16289,-0.47129917,-0.2010982,False
16290,0.2270407,-0.14703746,False
16291,-0.011407681,0.0116053,False
16292,0.09317052,-0.14153147,False
16293,-0.085216485,0.016189978,False
16294,0.027050033,0.017649025,False
16295,-0.11894494,-0.09488177,False
16296,0.03542763,0.016960204,False
16297,-0.06952059,0.040050566,False
16298,-0.008774042,-0.0012652874,False
16299,-0.21679193,-0.07504308,False
16300,0.019441932,-0.0047726035,False
16301,0.15135531,0.008296862,False
16302,-0.1261769,-0.010112166,False
16303,0.010714933,0.015117392,False
16304,0.034977257,-0.037292458,False
16305,0.0026980583,-0.012147835,False
16306,-0.10533655,-0.01833415,False
16307,0.0,0.0,False
16308,-0.07554692,0.04401046,False
16309,0.07318771,0.03407237,False
16310,-0.13189605,-0.072719455,False
16311,-0.14616328,-0.023690462,False
16312,0.32983956,0.08309814,False
16313,0.017980002,-0.013892397,False
16314,-0.06073183,-0.1357835,False
16315,0.04165564,0.008916277,False
16316,-0.13709635,-0.0051652193,False
16317,-0.022627175,0.015816271,False
16318,-0.024203159,-0.024203159,False
16319,-0.041692145,-0.014377184,False
16320,0.0,0.0007337035,False
16321,-0.10010092,-0.036916316,False
16322,0.07914846,0.005362883,False
16323,-0.24753428,-0.27553773,False
16324,-0.0063062944,-0.023536915,False
16325,-0.044637978,0.060334235,False
16326,0.022898912,0.087735,False
16327,0.04293573,-0.027097225,False
16328,-0.027563462,-0.027563462,False
16329,-1.5060122,-0.26216328,True
16330,0.009137435,-0.01059741,False
16331,0.14088592,-0.00041776896,False
16332,-0.0878576,-0.008060664,False
16333,-0.019524423,-0.019524423,False
16334,-0.44143724,-0.053164005,False
16335,-0.009136111,-0.009136111,False
16336,0.011733085,-0.005090565,False
16337,-0.03198739,0.014353156,False
16338,-0.32241166,-0.1683377,False
16339,0.013567641,-0.028944105,False
16340,0.21341717,0.07774413,False
16341,0.01724565,0.037397325,False
16342,0.0,0.0,False
16343,-0.37292242,-0.13259506,False
16344,0.0853799,0.02238302,False
16345,-0.0148739,-0.009493083,False
16346,0.0,0.0,False
16347,0.10375047,0.016183853,False
16348,-0.016102195,-0.090616465,False
16349,0.0041149855,-0.0376147,False
16350,0.029579505,0.021702081,False
16351,0.0,0.0,False
16352,-0.0049313186,-0.004334109,False
16353,-0.05991942,-0.021157108,False
16354,0.15437213,0.0071342885,False
16355,0.09518528,-0.0031843185,False
16356,0.027154446,0.04409793,False
16357,0.023453036,-0.01928193,False
16358,-0.050538775,-0.006275989,False
16359,-0.07850529,-0.100938834,False
16360,-0.18432629,-0.088365614,False
16361,-0.012485934,0.0054217074,False
16362,0.1305567,-0.11931157,False
16363,-0.059216976,-0.031896353,False
16364,0.123799145,-0.01524508,False
16365,-0.0399864,0.0058246404,False
16366,-0.37976635,0.075238824,False
16367,-0.073722005,-0.040239334,False
16368,-0.13076013,-0.060213536,False
16369,-0.09342542,0.01260981,False
16370,-0.20528871,-0.12136346,False
16371,0.05113679,0.019774646,False
16372,0.033899724,-0.010804102,False
16373,-0.015956163,0.050019026,False
16374,0.32507324,-0.23320699,False
16375,-0.0821439,0.017130733,False
16376,-0.3039,-0.16000271,False
16377,0.020638928,0.0035288483,False
16378,0.1052144,0.019199133,False
16379,-0.3231839,-0.050615907,False
16380,-0.012574391,-0.03495883,False
16381,0.16919357,-0.026690453,False
16382,-0.058620334,-0.026091784,False
16383,-0.27457237,-0.10898328,False
16384,-0.014443625,-0.0019747987,False
16385,-0.082691066,-0.121586666,False
16386,-0.4773804,0.014655471,False
16387,0.029230207,-0.014462441,False
16388,-0.1905582,-0.1180048,False
16389,-0.044999123,-0.11875999,False
16390,-0.13809691,-0.044969976,False
16391,0.044357568,0.044982225,False
16392,-0.0026204828,-0.024959238,False
16393,-0.022913635,0.043917432,False
16394,0.09258187,-0.008900464,False
16395,0.060541987,-0.02170825,False
16396,-0.18848825,-0.16670263,False
16397,0.03446603,-0.04191667,False
16398,0.027234674,-0.07536709,False
16399,-0.041939378,-0.066415235,False
16400,-0.032102585,0.046882153,False
16401,-0.14577246,-0.022813499,False
16402,-0.14019346,-0.027026355,False
16403,0.03099598,-0.0652774,False
16404,-0.031268746,-0.028020674,False
16405,0.0,0.0,False
16406,0.0,0.0,False
16407,-0.0036848104,-0.0036848104,False
16408,0.017193506,0.0,False
16409,0.020837829,0.0,False
16410,0.0,0.0,False
16411,0.0,0.0,False
16412,0.0,0.00094142027,False
16413,-0.0044606337,-0.00379915,False
16414,0.019630484,0.0,False
16415,0.0,0.0014922682,False
16416,-0.00403199,-0.0029897327,False
16417,0.0,0.0,False
16418,0.0,0.0,False
16419,0.0,0.0,False
16420,0.0,0.0,False
16421,0.0,0.0,False
16422,0.0,0.0,False
16423,0.0,0.0016009723,False
16424,0.0,0.0,False
16425,0.0,0.0,False
16426,0.0,0.0,False
16427,0.0,0.0,False
16428,0.0,0.0,False
16429,0.0,0.0,False
16430,0.028023805,-0.0074615516,False
16431,0.0,0.0,False
16432,0.0,0.0007343934,False
16433,0.0,0.0016606794,False
16434,0.0,0.0,False
16435,0.0,0.001012236,False
16436,0.0,0.0,False
16437,-0.0032744692,-0.0032744692,False
16438,-0.004047248,-0.004047248,False
16439,0.0,0.0,False
16440,0.0,0.0,False
16441,0.02288057,0.0004143295,False
16442,-0.040508643,0.0756596,False
16443,0.04420829,-0.09503269,False
16444,-0.0039994186,-0.0039994186,False
16445,0.0,0.0,False
16446,0.0,0.0,False
16447,0.0,0.0,False
16448,0.0,0.0,False
16449,0.0,0.0,False
16450,0.0,0.0,False
16451,0.0,0.0,False
16452,-0.016534042,-0.011418366,False
16453,0.0,0.0,False
16454,0.0,0.0,False
16455,-0.008950606,-0.008950606,False
16456,0.0,0.0,False
16457,0.0,0.0,False
16458,0.0,0.0,False
16459,-0.0047762827,-0.0047762827,False
16460,0.0,0.0,False
16461,0.0,0.0,False
16462,-0.00378165,-0.00378165,False
16463,0.0,0.0,False
16464,0.0065290434,0.01970585,False
16465,0.010843873,0.060964063,False
16466,0.0,0.0,False
16467,0.0,0.0021794268,False
16468,-0.013123098,-0.012784343,False
16469,-0.0052389684,-0.00402868,False
16470,-0.0050290436,-0.0050290436,False
16471,-0.04835327,-0.22006515,False
16472,-0.04298788,-0.026937416,False
16473,0.026902229,0.009743959,False
16474,0.00685014,0.006869506,False
16475,0.004603062,0.0043388642,False
16476,0.0,0.0026174234,False
16477,0.0,0.0,False
16478,-0.007933013,-0.020822298,False
16479,0.0,0.0,False
16480,0.013892146,-0.0077736615,False
16481,0.0,0.0,False
16482,0.0,0.0,False
16483,0.0,0.0,False
16484,0.0,0.0,False
16485,0.09229404,-0.029922664,False
16486,-0.0793245,-0.024415448,False
16487,-0.11356361,-0.0010557175,False
16488,0.0035067499,-0.007851779,False
16489,0.10584366,0.02903092,False
16490,0.002871275,-0.083291054,False
16491,0.02746883,0.033601493,False
16492,-0.01009284,0.008778572,False
16493,0.08113918,0.0093497615,False
16494,0.02007448,-0.003376223,False
16495,0.0023353025,-0.012926385,False
16496,-0.13402355,-0.07802433,False
16497,-0.6647899,-0.28046203,False
16498,0.20132479,0.101603776,False
16499,-0.1342206,-0.043067828,False
16500,-0.34373492,-0.06768465,False
16501,-0.087252915,-0.011673927,False
16502,0.048678696,-0.017904937,False
16503,-0.05909252,0.038539946,False
16504,0.04134912,-0.015259759,False
16505,0.0,0.0,False
16506,0.053546302,-0.0037601963,False
16507,-0.051918387,-0.1468873,False
16508,0.037753545,-0.028784923,False
16509,-0.07278721,-0.013800774,False
16510,0.0,0.0,False
16511,-0.020263359,0.008554354,False
16512,-0.30593967,-0.19114208,False
16513,0.027857214,0.051583894,False
16514,0.0008916855,0.10223526,False
16515,-0.11618169,-0.015209168,False
16516,-0.42698133,-0.0755322,False
16517,-0.014097968,-0.014097968,False
16518,-0.0484154,-0.020562172,False
16519,0.0065621138,0.019703109,False
16520,-0.2620619,-0.03231746,False
16521,-0.07112676,0.03156483,False
16522,0.0077958405,-0.12654483,False
16523,-0.08503878,0.018090606,False
16524,-0.028536642,-0.04929678,False
16525,-0.00018465519,0.026889354,False
16526,0.0,0.00047598168,False
16527,-0.0042364225,-0.036702823,False
16528,0.06341876,-0.0025643911,False
16529,-0.04766646,0.023994893,False
16530,0.0005002022,-0.03201084,False
16531,0.04846263,0.010512449,False
16532,-0.38960087,-0.11071813,False
16533,0.0,0.0010097185,False
16534,-0.024296869,-0.024296869,False
16535,-0.0008543469,-0.023780586,False
16536,0.049637616,-0.0519588,False
16537,0.005417526,0.019684434,False
16538,-0.031446576,-0.05808395,False
16539,0.0699096,0.030783474,False
16540,-0.27605468,-0.11494517,False
16541,-0.20455498,0.0040125847,False
16542,-0.009239518,-0.009239518,False
16543,0.042295337,-0.09539622,False
16544,-0.04173535,-0.06115292,False
16545,0.113191366,0.056281224,False
16546,-0.26257563,-0.25336838,False
16547,-0.02472964,0.027252063,False
16548,0.011165619,-0.046894073,False
16549,-0.08255926,-0.031210959,False
16550,-0.07751947,0.018649578,False
16551,-0.28358,-0.11043626,False
16552,-0.08756888,-0.077694654,False
16553,0.009716392,0.058418155,False
16554,0.016810417,-0.0299716,False
16555,0.007996872,0.009642363,False
16556,-0.18745583,0.04676801,False
16557,-0.08702421,0.022321701,False
16558,0.07317652,0.01662673,False
16559,-0.10363184,0.013759613,False
16560,0.010298021,0.030549929,False
16561,0.023491055,0.032235265,False
16562,-0.30948183,-0.097902,False
16563,0.11603576,-0.04338692,False
16564,-0.067112535,-0.06004855,False
16565,-0.005180793,-0.005180793,False
16566,-0.06738818,-0.046046793,False
16567,0.27803034,0.008267283,False
16568,-0.046187818,-0.0792982,False
16569,-0.08148956,-0.16487408,False
16570,0.0,0.0,False
16571,-0.010049362,0.025107041,False
16572,0.086538106,0.03901562,False
16573,-0.00955311,-0.005963986,False
16574,-0.004710347,-0.004710347,False
16575,-0.010002763,-0.009447638,False
16576,-0.049324214,0.051134944,False
16577,0.038972765,-0.003673166,False
16578,-0.026233613,0.009480774,False
16579,0.023018792,-0.019652173,False
16580,0.09620166,0.03631842,False
16581,0.0,0.00016412581,False
16582,-0.16028869,-0.07189444,False
16583,-0.060722068,-0.051607236,False
16584,-0.07301456,-0.043299466,False
16585,-0.023464223,-0.023464223,False
16586,0.06722835,-0.013686746,False
16587,-0.025512189,-0.014293969,False
16588,0.038563415,0.032317027,False
16589,-0.0022000875,-0.019681903,False
16590,-0.062444776,0.0030446947,False
16591,0.12522542,-0.05594921,False
16592,0.058501184,-0.040753722,False
16593,0.0888384,-0.09503752,False
16594,-0.020905785,-0.01706922,False
16595,-0.15548813,-0.055391073,False
16596,0.0099042505,-0.0031795204,False
16597,-0.010812759,-0.039977252,False
16598,0.118221045,-0.07221055,False
16599,0.05396968,0.040353358,False
16600,-0.014560802,-0.014560802,False
16601,0.029488768,-0.009981674,False
16602,0.04204862,0.045346543,False
16603,0.05201672,-0.050755568,False
16604,-0.0050063194,-0.0050063194,False
16605,-0.0548954,-0.121173486,False
16606,0.023440765,0.0,False
16607,0.0,0.0,False
16608,-0.00801146,0.0039207935,False
16609,-0.027372759,-0.027372759,False
16610,-0.0876863,-0.064891696,False
16611,0.03674752,-0.045332316,False
16612,-0.0042464733,-0.049540162,False
16613,-0.005407959,0.0010385215,False
16614,0.0,0.0006828161,False
16615,-0.094070435,-0.013886988,False
16616,-0.0077172955,-0.0053587817,False
16617,-0.014004903,-0.014004903,False
16618,-0.00289011,-0.17263222,False
16619,-0.02214408,-0.15853524,False
16620,0.052989528,-0.024974242,False
16621,0.04874754,0.01418519,False
16622,0.0044357665,0.0052548535,False
16623,0.03726892,-0.02663698,False
16624,0.0,0.0,False
16625,0.0,0.0,False
16626,0.3156922,-0.061202288,False
16627,0.03779104,0.004775448,False
16628,-0.14820659,-0.063531846,False
16629,0.031151734,-0.01421437,False
16630,0.12836653,0.05613482,False
16631,0.23522586,0.09062743,False
16632,0.028514236,-0.030676603,False
16633,-0.036064,-0.023130603,False
16634,-0.05229017,-0.023456365,False
16635,-0.28644657,-0.12831283,False
16636,0.2603023,-0.028691292,False
16637,-0.0047984985,-0.0047984985,False
16638,-0.08470988,-0.09732759,False
16639,-0.030472958,-0.052906502,False
16640,-0.018307691,-0.018307691,False
16641,0.032889202,-0.002982527,False
16642,-0.016445637,-0.05121684,False
16643,0.36079526,-0.18712354,False
16644,-0.08458352,-0.038480163,False
16645,0.0019907579,-0.003373012,False
16646,-0.10994403,-0.010438174,False
16647,-0.045823097,-0.0123173,False
16648,-0.05244313,-0.011498228,False
16649,0.067224815,-0.020202503,False
16650,0.35275245,0.03404045,False
16651,-0.007835698,-0.0052602347,False
16652,-0.10749102,0.044390857,False
16653,-0.057242036,-0.058929503,False
16654,-0.0020292252,0.016757578,False
16655,-0.2089037,-0.06997043,False
16656,-0.01963775,-0.01963775,False
16657,0.0043293145,-0.017605307,False
16658,0.015173542,-0.0043044626,False
16659,-0.016530648,-0.007843904,False
16660,-0.028733494,-0.0062632337,False
16661,0.041980565,0.050828636,False
16662,-0.024391096,-0.08342884,False
16663,-0.0038487911,-0.06939629,False
16664,0.061817408,-0.045309067,False
16665,-0.008231021,0.0020346567,False
16666,0.034986682,-0.0043415353,False
16667,-0.08172798,-0.10201186,False
16668,-0.02349943,-0.017631024,False
16669,0.08867434,-0.04141912,False
16670,0.08306297,-0.02328368,False
16671,-0.301414,-0.058535337,False
16672,0.00903428,-0.015081391,False
16673,0.0,0.0,False
16674,-0.11675917,-0.011404857,False
16675,0.007487297,-0.045823455,False
16676,-0.016926203,-0.012314651,False
16677,0.012357414,-0.044093158,False
16678,0.033853814,0.03241703,False
16679,-0.024217727,-0.024217727,False
16680,0.017834872,-0.0006919801,False
16681,-0.09268209,-0.07025966,False
16682,-0.015095704,-0.015095704,False
16683,-0.01613093,-0.002494853,False
16684,0.09992728,-0.011185497,False
16685,0.0182271,-0.10776889,False
16686,-0.17499876,-0.16426885,False
16687,0.05280985,-0.016265944,False
16688,-0.082502365,-0.013578922,False
16689,-0.16788825,-0.029612243,False
16690,0.0116602145,0.018423006,False
16691,0.0060483366,0.023927554,False
16692,-0.037274588,-0.010077059,False
16693,0.0039698146,-0.019861337,False
16694,-0.089520395,-0.047728468,False
16695,-0.03594002,-0.03421329,False
16696,-0.033309884,0.0141236,False
16697,0.049949594,0.047090687,False
16698,0.008273551,-0.014947418,False
16699,0.033099834,-0.009807588,False
16700,-0.067601025,-0.01978606,False
16701,-0.22988948,-0.08633426,False
16702,-0.04527837,-0.016511798,False
16703,0.009291259,-0.01288864,False
16704,-0.26376396,-0.045211583,False
16705,0.00834566,-0.033616636,False
16706,-0.027239576,-0.004019683,False
16707,0.040150583,-0.021342576,False
16708,0.2523427,-0.04141617,False
16709,-0.44601607,-0.13252306,False
16710,0.10114497,0.06673354,False
16711,0.022330644,-0.023114527,False
16712,-0.30646038,-0.15746999,False
16713,-0.36860156,-0.17256474,False
16714,-0.0060041714,-0.028850285,False
16715,-0.06946709,0.0011796951,False
16716,0.025581349,0.02213699,False
16717,-0.4418962,-0.19913006,False
16718,0.029520169,0.01595971,False
16719,-0.033369318,0.032760024,False
16720,-0.037479952,-0.083449185,False
16721,0.031948432,-0.03484969,False
16722,-0.016061045,-0.03910488,False
16723,-0.16825539,-0.027216733,False
16724,-0.11973739,-0.026925266,False
16725,0.0013532639,0.030204803,False
16726,0.055618256,0.00316827,False
16727,-0.043584898,0.009940788,False
16728,0.12459004,-0.09492564,False
16729,-0.004478243,-0.004478243,False
16730,0.11593449,-0.08418381,False
16731,0.04196389,-0.0038867444,False
16732,0.037041545,-0.016532004,False
16733,-0.04955629,0.016589757,False
16734,-0.087846816,-0.016252697,False
16735,-0.0063784868,-0.06570443,False
16736,0.0671227,0.044220924,False
16737,-0.077943385,-0.00056630373,False
16738,-0.010049651,0.0060157655,False
16739,0.12582766,0.105545,False
16740,0.115610346,0.013018325,False
16741,0.011505574,0.05092269,False
16742,-0.002167225,-0.02103448,False
16743,0.0,0.0,False
16744,-0.07283181,-0.008632362,False
16745,0.02826073,0.012783304,False
16746,0.041003384,0.012476802,False
16747,0.011168441,-0.014817967,False
16748,0.08046085,-0.08809954,False
16749,-0.011977434,0.017945074,False
16750,0.061563313,-0.064757586,False
16751,-0.051727712,0.013823211,False
16752,-0.052574277,0.16390705,False
16753,0.026603103,0.018858314,False
16754,0.07553545,-0.010342777,False
16755,-0.0008788705,-0.033258125,False
16756,-0.19399059,-0.037293494,False
16757,-0.018213961,-0.0047825165,False
16758,-0.23238373,-0.017659426,False
16759,0.015511118,-0.030631555,False
16760,-0.113717556,-0.040669918,False
16761,0.3113861,-0.10691118,False
16762,-0.1190052,-0.045152426,False
16763,-0.07100165,-0.123012304,False
16764,0.028112307,-0.0026949644,False
16765,-0.15436417,-0.033537984,False
16766,0.0348078,0.015484571,False
16767,0.020429078,0.0,False
16768,-0.07633099,-0.12546115,False
16769,-0.8022196,-0.22967863,False
16770,-0.022865716,0.0038087722,False
16771,-0.09441596,0.08028066,False
16772,0.05727631,0.02799426,False
16773,0.13842916,-0.006867707,False
16774,-0.005795747,0.008478276,False
16775,0.0040200353,-0.090574205,False
16776,-0.010888636,0.009675294,False
16777,-0.025939554,0.00089228153,False
16778,-0.031618893,-0.08485091,False
16779,0.06912484,0.031079732,False
16780,0.014273584,-0.050145388,False
16781,0.0724051,-0.12112951,False
16782,-0.009185421,-0.009185421,False
16783,-0.017129159,-0.017129159,False
16784,0.006643925,-0.009688823,False
16785,-0.073023945,0.01894319,False
16786,-0.0054488853,-0.029071076,False
16787,-0.02659782,-0.02659782,False
16788,0.006943807,-0.0003697686,False
16789,-0.05576365,0.0021679625,False
16790,-0.18427622,-0.084411204,False
16791,0.022843864,0.022814993,False
16792,-0.14372289,-0.06516904,False
16793,-0.2577709,-0.055794,False
16794,-0.060461998,-0.020163476,False
16795,-0.15728417,-0.115863085,False
16796,0.039060593,-0.029996395,False
16797,-0.0033567138,-0.0033567138,False
16798,0.045324743,0.05275953,False
16799,0.05772458,0.046087265,False
16800,-0.1514768,-0.11518046,False
16801,0.0669269,-0.058986068,False
16802,-0.0399338,0.08775383,False
16803,-0.0407002,0.0045285523,False
16804,-0.009009853,0.017007947,False
16805,-0.40302885,-0.118225336,False
16806,0.11066912,0.03859295,False
16807,0.03813567,0.037537664,False
16808,-0.029943436,-0.07222131,False
16809,-0.1685974,-0.023401499,False
16810,0.008293403,-0.0032653296,False
16811,0.032096975,-0.0040077996,False
16812,-0.3539772,-0.27095556,False
16813,-0.21056223,-0.04754114,False
16814,-0.0047233966,-0.0033513582,False
16815,-0.3129573,-0.14120686,False
16816,0.28269124,-0.21025252,False
16817,0.041997798,-0.0032947345,False
16818,-0.33136022,-0.15195704,False
16819,0.020184994,-0.10786319,False
16820,-0.79141617,-0.23459816,False
16821,0.013478244,-0.009855973,False
16822,0.007519871,0.00070916116,False
16823,-0.027641058,-0.05951464,False
16824,0.2333265,0.013900638,False
16825,0.18728322,-0.0032186508,False
16826,-0.1562233,-0.06062752,False
16827,-0.13964212,0.0069872737,False
16828,0.037852526,-0.013254881,False
16829,0.01565075,-0.030892134,False
16830,0.032924652,-0.07939625,False
16831,-0.52027917,-0.28204465,False
16832,0.12320113,0.05314982,False
16833,-0.19419467,-0.03619647,False
16834,0.09386921,-0.05867648,False
16835,-1.1268477,-0.37479544,False
16836,-0.12186837,-0.028286695,False
16837,-0.27816606,-0.07263541,False
16838,-0.17685127,-0.06615645,False
16839,-0.080348104,0.006703973,False
16840,-0.16083536,0.11507487,False
16841,-0.006987594,-0.012695063,False
16842,-0.07129966,-0.0905091,False
16843,-0.107463,0.061891317,False
16844,-0.057574987,0.0689069,False
16845,0.010556951,0.051891357,False
16846,0.0068728924,0.006077647,False
16847,-0.005102845,-0.005102845,False
16848,0.0,0.0,False
16849,-0.2933166,-0.07886958,False
16850,0.0,0.0,False
16851,0.14671057,0.039336562,False
16852,-0.0028419495,-0.08616084,False
16853,-0.095595956,0.020684361,False
16854,0.05080226,0.01759249,False
16855,-0.075235605,-0.0042701066,False
16856,-0.036879808,-0.026113898,False
16857,0.014247268,-0.04009512,False
16858,0.020823568,0.004089296,False
16859,0.06305727,0.03782913,False
16860,-0.035204023,-0.05651349,False
16861,0.017548442,0.057914257,False
16862,0.14445898,-0.032785296,False
16863,-0.14174652,-0.023025513,False
16864,-0.0164586,0.03207457,False
16865,-0.14755508,-0.09826133,False
16866,-0.1501813,-0.08649868,False
16867,-0.027820349,0.09582287,False
16868,0.003372997,-0.015878439,False
16869,0.01962693,-0.0041851774,False
16870,-0.026623249,-0.03352502,False
16871,-0.120965004,-0.10465264,False
16872,-0.035205364,0.07022214,False
16873,-0.011478573,0.03542486,False
16874,-0.008015618,-0.024393212,False
16875,-0.09519109,0.01369828,False
16876,0.038198113,-0.063633025,False
16877,-0.08653486,-0.06153953,False
16878,0.059171498,0.007855982,False
16879,0.17651528,0.054689944,False
16880,0.027023941,0.049324393,False
16881,-0.04573089,-0.091508776,False
16882,0.018728336,-0.0036512408,False
16883,-0.03794407,0.0006906986,False
16884,0.45813859,-0.0029250383,False
16885,0.30092096,-0.068657875,False
16886,0.0,0.0,False
16887,-0.00470827,-0.00470827,False
16888,0.035609543,0.05419892,False
16889,-0.03600514,0.014293909,False
16890,-0.015028954,-0.058594078,False
16891,-0.17885566,-0.03003931,False
16892,0.037147522,0.024511963,False
16893,0.09910184,0.031746626,False
16894,-0.02150543,0.007571839,False
16895,-0.0039952053,-0.003150728,False
16896,0.2032578,0.07289004,False
16897,0.29090607,0.085614026,False
16898,0.026081651,0.025344983,False
16899,0.005064681,-0.01400198,False
16900,-0.023611814,-0.10699141,False
16901,-0.016675882,-0.022752926,False
16902,0.03053479,-0.00021170452,False
16903,0.28138208,-0.1607902,False
16904,0.008949468,-0.0141282715,False
16905,-0.03942363,-0.019978806,False
16906,0.3095851,0.0026266575,False
16907,0.16397303,0.012830019,False
16908,-0.13039064,-0.1620847,False
16909,-0.31172574,-0.05975628,False
16910,0.0023033228,0.020104224,False
16911,-0.0790593,-0.0642491,False
16912,-0.0028537512,-0.08457202,False
16913,-0.06916326,-0.064909846,False
16914,0.015592363,-0.01141452,False
16915,0.015843302,-0.07164326,False
16916,-0.009083476,-0.031044742,False
16917,0.35866737,0.06432688,False
16918,0.012913436,-0.0807862,False
16919,-0.20480692,0.0018433332,False
16920,0.0036166338,-0.013865181,False
16921,-0.029994775,-0.010461375,False
16922,-0.011481434,-0.0041182637,False
16923,-0.33127946,-0.15749723,False
16924,-0.074046135,0.04509884,False
16925,0.0,0.0,False
16926,0.00075728446,0.045139506,False
16927,-0.009380278,-0.0055693164,False
16928,0.085755385,0.016639784,False
16929,0.0057447925,0.024110653,False
16930,-0.021976084,0.032374382,False
16931,-0.105155826,-0.024448365,False
16932,0.0039304495,0.033904552,False
16933,-0.03559211,-0.031316534,False
16934,0.0,0.0,False
16935,0.011126457,-0.009612577,False
16936,0.1310638,0.025263175,False
16937,0.056388646,-0.06284708,False
16938,0.11523527,0.1004858,False
16939,-0.004930297,-0.004809726,False
16940,-0.0044319592,-0.027251357,False
16941,-0.32713604,-0.16886234,False
16942,-0.08093281,-0.034157485,False
16943,-0.13896272,0.006149262,False
16944,-0.029847711,0.009990692,False
16945,0.0,0.0,False
16946,0.0097921565,-0.05359932,False
16947,0.047891647,0.04105568,False
16948,-0.08394909,-0.04026723,False
16949,-0.028884888,0.0058916807,False
16950,-0.0025969818,-0.025526501,False
16951,0.019390605,0.0092109665,False
16952,-0.14938664,-0.09342617,False
16953,-0.01888457,-0.01888457,False
16954,0.0,0.0,False
16955,-0.0355808,0.016259424,False
16956,-0.039530635,-0.03183034,False
16957,-0.06563318,0.0052345097,False
16958,-0.13226306,0.025930643,False
16959,-0.0004197955,-0.08543366,False
16960,-0.24426842,-0.20717955,False
16961,-0.13212132,-0.089823484,False
16962,0.02606821,-0.20903587,False
16963,-0.02084291,-0.14070493,False
16964,0.04480493,-0.14761937,False
16965,-0.1540649,-0.02580154,False
16966,-0.021107674,-0.15457106,False
16967,-0.02024085,-0.042607144,False
16968,-0.39392543,-0.04549098,False
16969,-0.05377774,-0.0034996867,False
16970,-0.10301471,-0.16340183,False
16971,-0.069959454,-0.0034940243,False
16972,0.05462061,0.016924292,False
16973,-0.053020716,-0.04000914,False
16974,-0.001129806,0.019925117,False
16975,-0.10311815,-0.085137814,False
16976,0.08096546,0.0004838705,False
16977,-0.030391544,-0.047275245,False
16978,0.072155,-0.11391795,False
16979,-0.12734008,-0.056979388,False
16980,0.07377112,0.06913054,False
16981,-0.23591381,-0.1486919,False
16982,0.099444926,0.061725855,False
16983,-0.12991595,-0.034208775,False
16984,-0.056337595,0.0006890297,False
16985,-0.1425876,-0.14674693,False
16986,0.031466484,0.047975004,False
16987,0.058562413,0.009419035,False
16988,0.045441866,0.043539047,False
16989,-0.6937909,-0.088927746,False
16990,-0.42063248,-0.14159071,False
16991,-0.6695016,-0.06402707,True
16992,-0.08993077,-0.013656855,False
16993,0.07120149,0.03197668,False
16994,0.0257767,-0.033827312,False
16995,-0.16106117,-0.114171445,False
16996,-0.0556069,-0.1058287,False
16997,-0.1390644,0.11097455,False
16998,0.0060550943,-0.016981661,False
16999,0.011678431,-0.005001223,False
17000,-0.10974288,0.03654653,False
17001,0.10328555,-0.022918224,False
17002,0.024379805,-0.04369904,False
17003,-0.03794591,-0.0063646734,False
17004,-0.21252471,-0.105168164,False
17005,0.029919343,-0.012271642,False
17006,-0.100038484,-0.040265083,False
17007,0.0,0.0,False
17008,0.0073952507,-0.009428399,False
17009,0.041764744,-0.02337747,False
17010,0.08833587,-0.01287055,False
17011,-0.09691763,-0.038426876,False
17012,0.024418721,0.0025622826,False
17013,-0.024707422,0.058153793,False
17014,-0.17306608,-0.063946635,False
17015,-0.060089678,0.034852594,False
17016,0.072571725,-0.087542534,False
17017,-0.0031180084,0.045327544,False
17018,0.061695307,0.023857608,False
17019,-0.06543405,-0.07382016,False
17020,0.03251116,-0.0334132,False
17021,-0.013412535,-0.068802044,False
17022,-0.07410216,-0.027727246,False
17023,0.00065224804,-0.030287303,False
17024,-0.0495528,-0.111285865,False
17025,-0.013185024,-0.20039481,False
17026,-0.05134269,-0.04532324,False
17027,0.042936116,0.030329853,False
17028,-0.11774287,-0.04304181,False
17029,0.18073097,0.07702455,False
17030,-0.002233047,0.00092607737,False
17031,0.029054321,-0.0013776012,False
17032,-0.06601596,0.012032509,False
17033,0.027641058,0.032944024,False
17034,0.1994443,0.08057642,False
17035,-0.16150367,0.029228866,False
17036,-0.08493044,0.030126795,False
17037,-0.0962373,-0.016409278,False
17038,-0.004317239,-0.01274626,False
17039,0.010654867,-0.009774212,False
17040,0.040094733,0.050793886,False
17041,0.079591244,0.019421905,False
17042,-0.035503328,-0.026885524,False
17043,-0.10039632,-0.052432433,False
17044,-0.036366224,-0.005787492,False
17045,-0.13975075,-0.027475417,False
17046,0.13204098,0.12640238,False
17047,-0.105991125,-0.041576177,False
17048,-0.010352492,-0.008246422,False
17049,-0.15047991,-0.042161405,False
17050,-0.20212603,-0.13818443,False
17051,-0.17338622,-0.04470682,False
17052,0.0,0.0009065358,False
17053,-0.047599703,-0.01615265,False
17054,0.09827232,0.07363236,False
17055,-0.03604664,0.04301986,False
17056,0.23869619,0.016022742,False
17057,0.19120455,-0.25973463,False
17058,-0.051701196,0.025884844,False
17059,0.041284442,-0.043298192,False
17060,-0.13680315,0.010856628,False
17061,-0.052040398,0.015630603,False
17062,0.069635004,0.0036292374,False
17063,-0.81582177,-0.1900928,False
17064,-0.16001555,-0.0017440319,False
17065,-0.047890425,-0.07828903,False
17066,-0.010114894,-0.008858802,False
17067,-0.2829802,-0.13026619,False
17068,-0.14012086,-0.095585644,False
17069,-0.033699572,-0.023026302,False
17070,-0.01386337,-0.024063732,False
17071,0.0008982979,-0.030508561,False
17072,-0.048326526,-0.018502796,False
17073,-0.024583746,0.019080285,False
17074,-0.027931333,-0.15781164,False
17075,0.039941385,0.05108826,False
17076,-0.08949956,-0.079530954,False
17077,0.04529053,-0.005762607,False
17078,-0.00456959,-0.041632414,False
17079,-0.038660705,-0.12849781,False
17080,0.08641875,0.025761604,False
17081,0.0,0.0,False
17082,0.015214497,-0.00054020993,False
17083,0.0301238,-0.014776498,False
17084,-0.05324292,0.03210485,False
17085,0.11194211,0.02460736,False
17086,0.05694887,0.021703154,False
17087,-0.38384795,-0.20952368,False
17088,0.0,0.0,False
17089,0.0041476563,-0.037048627,False
17090,-0.012245477,-0.012245477,False
17091,-0.026296616,-0.0473938,False
17092,-0.08363891,-0.014957309,False
17093,0.008351312,-0.011047218,False
17094,-0.037449956,0.047407404,False
17095,-0.20725489,-0.055960536,False
17096,-0.00483229,-0.00483229,False
17097,0.032206893,-0.024578989,False
17098,0.23346436,-0.051187336,False
17099,-0.062568486,-0.08998752,False
17100,-0.1170516,-0.12514657,False
17101,-0.0022178441,-0.027846448,False
17102,-0.016387068,-0.013843194,False
17103,-0.32778072,-0.07690859,False
17104,0.1438992,0.013840258,False
17105,-0.1092405,-0.042375714,False
17106,0.028750625,-0.009431054,False
17107,0.0,0.0,False
17108,0.0,0.0,False
17109,-0.101967275,-0.08426827,False
17110,0.0,0.0,False
17111,-0.2898963,-0.06879723,False
17112,0.011093229,-0.018967792,False
17113,-0.012918351,-0.005154219,False
17114,0.023961008,-0.021369219,False
17115,-0.0039062053,-0.010494545,False
17116,-0.019121286,-0.016104495,False
17117,-0.2457695,-0.03331399,False
17118,0.008893885,-0.03809279,False
17119,-0.02501705,-0.02501705,False
17120,0.0,0.0,False
17121,0.20633355,-0.006167829,False
17122,-0.3782025,-0.0930233,False
17123,0.6473346,-0.12712717,False
17124,0.018762171,-0.027913123,False
17125,0.07245237,0.071182966,False
17126,-0.14890742,-0.039581805,False
17127,-0.56688094,-0.21178985,False
17128,0.037739754,-0.0054089725,False
17129,-0.116967246,0.00067707896,False
17130,-0.005003959,-0.019943148,False
17131,-0.059969246,-0.08414012,False
17132,0.13666826,0.030579567,False
17133,0.084019914,-0.02675943,False
17134,0.016855357,-0.029286763,False
17135,-0.20463511,-0.093045294,False
17136,0.12969828,0.046920776,False
17137,-0.122754335,-0.10073519,False
17138,0.24203765,0.05783993,False
17139,0.119121864,0.0049246773,False
17140,-0.019539338,-0.018712353,False
17141,-0.06706607,-0.16751814,False
17142,-0.044093654,0.013472438,False
17143,0.056159854,-0.052757382,False
17144,-0.16812259,-0.009896785,False
17145,-0.14150077,0.026005834,False
17146,-0.038086403,0.00068698823,False
17147,-0.05009818,-0.08762011,False
17148,0.070305645,-0.046577692,False
17149,0.04507485,-0.032782227,False
17150,0.022383928,-0.03772229,False
17151,-0.01667738,-0.10929489,False
17152,-0.13870707,-0.0058367252,False
17153,0.1095742,-0.05039072,False
17154,-0.007281892,0.021201596,False
17155,-0.20172697,-0.01914519,False
17156,-0.077084854,-0.0515507,False
17157,-3.1352043e-05,0.028205961,False
17158,0.016979873,0.059147745,False
17159,0.06111382,0.0066606216,False
17160,-0.17958075,-0.17514485,False
17161,-0.38568044,-0.18667924,False
17162,-0.12426692,0.015624106,False
17163,0.0063753463,-0.02788577,False
17164,0.010671649,0.03234384,False
17165,0.030583918,0.0002983166,False
17166,-0.009329236,-0.0065136924,False
17167,0.0,0.0,False
17168,0.09448564,0.040083528,False
17169,0.0,3.0835916e-05,False
17170,-0.032425005,-0.032425005,False
17171,0.05244088,-0.0061009526,False
17172,-0.07790941,-0.090073764,False
17173,0.006316781,0.057127476,False
17174,-0.07450128,-0.02522619,False
17175,-0.024129817,-0.0029435866,False
17176,0.017331071,-0.013784297,False
17177,0.065187424,-0.011134058,False
17178,0.0,0.0,False
17179,-0.01877741,-0.01877741,False
17180,0.0,0.0,False
17181,-0.29587543,-0.0038045645,False
17182,0.18207419,0.032476187,False
17183,-0.011498451,-0.08025956,False
17184,-0.7160944,-0.096568346,False
17185,-0.03298086,-0.025518447,False
17186,-0.18888855,-0.011816382,False
17187,-0.017183214,0.006881155,False
17188,0.15508747,0.122736216,False
17189,-0.009021534,0.01595363,False
17190,-0.0052667856,0.010474745,False
17191,0.120099366,0.06175132,False
17192,0.15583414,0.021303758,False
17193,0.059742123,-0.0014669001,False
17194,0.04835948,0.0063256733,False
17195,0.1798569,0.039327502,False
17196,-0.027273387,-0.0075247586,False
17197,-0.10016915,-0.09593898,False
17198,-0.46830964,-0.19844866,False
17199,-0.13080657,-0.13484788,False
17200,-0.052099705,-0.06757444,False
17201,0.03867721,-0.051527884,False
17202,0.12786147,0.05908832,False
17203,0.0065998137,-0.038596332,False
17204,-0.18610251,-0.035051465,False
17205,-0.04828176,-0.021564752,False
17206,0.10310835,-0.036851883,False
17207,-0.007694356,-0.0979532,False
17208,0.0019446015,-0.011819065,False
17209,-0.0096063465,-0.008844987,False
17210,-0.23418272,0.055775225,False
17211,0.101162314,0.005280584,False
17212,-0.0048942682,-0.0025278023,False
17213,-0.38583696,-0.14283192,False
17214,0.052132044,0.03672227,False
17215,0.009313747,-0.0045705587,False
17216,-0.061668456,0.060782135,False
17217,-0.0061674714,-0.011587024,False
17218,0.02572096,-0.019671129,False
17219,-0.03929609,-0.030141637,False
17220,0.21752954,-0.067977935,False
17221,-0.027235527,-0.027235527,False
17222,-0.30648863,-0.07995331,False
17223,-0.012233645,-0.010683745,False
17224,-0.16916436,-0.025431037,False
17225,0.006237425,-0.03439621,False
17226,0.057249635,-0.011302456,False
17227,0.03002441,0.0758425,False
17228,-0.015618607,-0.01074329,False
17229,-0.07157749,0.024279073,False
17230,0.005309337,-0.0099523505,False
17231,-0.24791002,0.03709185,False
17232,0.038653195,-0.033392906,False
17233,0.0006396696,-0.034086958,False
17234,-0.11370841,-0.004045248,False
17235,-0.02767545,0.0217603,False
17236,-0.017672516,-0.009180911,False
17237,-0.040737033,0.031144142,False
17238,-0.15943766,-0.045335114,False
17239,-0.14221367,-0.0074935257,False
17240,0.06128615,-0.075078875,False
17241,-0.010787845,0.0022018552,False
17242,-0.013440311,0.0159446,False
17243,-0.04485762,-0.004074782,False
17244,-0.05267471,0.021336019,False
17245,-0.0757092,-0.05306019,False
17246,0.08397415,-0.002580732,False
17247,-0.09243977,-0.055823743,False
17248,0.07146639,0.009624064,False
17249,-0.03945069,0.01216808,False
17250,-0.033987254,-0.0031156987,False
17251,-0.033425927,-0.057425857,False
17252,-0.089457095,0.08735657,False
17253,0.055945992,-0.059280396,False
17254,0.038688723,0.0062996526,False
17255,-0.004122912,-0.004122912,False
17256,-0.023808192,-0.023808192,False
17257,-0.08704573,-0.10927064,False
17258,0.030979916,-0.038924396,False
17259,-0.1164853,-0.039943457,False
17260,-0.33637363,-0.025383353,False
17261,0.0018751621,-0.095795155,False
17262,0.11422148,-0.08971521,False
17263,-0.019821554,0.043992415,False
17264,-0.16320159,-0.079960346,False
17265,0.016679654,0.0093057975,False
17266,0.097811975,0.032295696,False
17267,-0.11214042,0.09973633,False
17268,-0.04558763,-0.053765774,False
17269,0.05412619,-0.013640257,False
17270,-0.009721173,-0.008586585,False
17271,0.018873468,-0.0009539325,False
17272,-0.1382438,-0.11152041,False
17273,-0.0041881576,-0.038780853,False
17274,-0.050206244,-0.0065020397,False
17275,0.04324186,-0.010807991,False
17276,-0.02193626,-0.02193626,False
17277,-0.052075654,0.029350221,False
17278,-0.06403643,0.01707381,False
17279,0.020875573,-0.007648051,False
17280,0.021326035,-0.01198101,False
17281,-0.017648568,-0.016939681,False
17282,0.013181195,0.03295736,False
17283,-0.016319076,-0.016319076,False
17284,-0.08939183,-0.020476103,False
17285,0.06549452,-0.014618134,False
17286,-0.0038033873,0.027770072,False
17287,0.004809469,-0.0053044297,False
17288,-0.70238435,-0.09846139,False
17289,-0.21450362,-0.05178219,False
17290,0.0,0.0,False
17291,-0.05820765,-0.016595572,False
17292,0.015608072,0.11501467,False
17293,-0.033465527,0.00372006,False
17294,0.017074456,0.00020783328,False
17295,-0.05295849,0.058876872,False
17296,-0.02327213,-0.02327213,False
17297,-0.2868068,-0.5838998,False
17298,0.0,0.0,False
17299,-0.21055429,-0.33806512,False
17300,-0.076223165,-0.037502524,False
17301,-0.011990296,-0.011990296,False
17302,0.063823014,-0.059858564,False
17303,0.0,0.0008753253,False
17304,0.04301153,0.03650382,False
17305,-0.009504676,-0.09857261,False
17306,0.033646464,-0.03271541,False
17307,-0.10116203,-0.075240135,False
17308,0.12911233,0.024283826,False
17309,-0.55446076,-0.12767458,False
17310,0.002656132,-0.016593933,False
17311,0.020237803,-0.05415845,False
17312,-0.008757924,-0.008757924,False
17313,0.0,0.0023300764,False
17314,-0.1805642,0.035623193,False
17315,-0.01840958,-0.04639165,False
17316,-0.029466331,0.076108396,False
17317,-0.0016101301,0.06371072,False
17318,0.02530681,-0.017148364,False
17319,0.120765865,0.049262255,False
17320,-1.406217,-0.08985938,True
17321,-0.31471115,-0.05105281,False
17322,-0.011420609,-0.013725696,False
17323,0.030537134,-0.004849959,False
17324,-0.113346934,0.010131955,False
17325,-0.028445074,-0.028445074,False
17326,0.07784712,-0.070414305,False
17327,-0.04798381,-0.0037379563,False
17328,0.014005452,-0.015207529,False
17329,-0.004717735,-0.004160059,False
17330,0.29215407,-0.115320206,False
17331,0.2953698,-0.027330875,False
17332,-0.004634112,-0.018948048,False
17333,-0.15231113,-0.0014683306,False
17334,-0.22511697,-0.07185614,False
17335,-0.09934756,-0.06853306,False
17336,0.032771498,-0.020165682,False
17337,0.05724603,-0.016823947,False
17338,0.052411705,-0.0375216,False
17339,-0.013851672,0.046773434,False
17340,0.0028691143,0.029909268,False
17341,0.0898903,-0.010796964,False
17342,-0.034489673,-0.010072034,False
17343,-0.005173035,-0.010915816,False
17344,-0.02613601,-0.08272645,False
17345,-0.2436428,-0.087772846,False
17346,-0.13289404,-0.18968558,False
17347,-0.8158256,-0.0744977,False
17348,0.3122276,-0.012576461,False
17349,0.05920434,0.050958306,False
17350,-0.005306538,0.027058639,False
17351,0.12863037,-0.100770496,False
17352,0.0,0.0010786079,False
17353,0.062040046,0.03550984,False
17354,0.041470915,0.036446385,False
17355,0.17753899,0.0522224,False
17356,0.06674665,0.05896628,False
17357,-0.09074333,0.008497775,False
17358,-0.0019881725,0.022589058,False
17359,-0.11486024,-0.044157088,False
17360,0.02492237,-0.11957836,False
17361,0.049045492,0.020923812,False
17362,0.029156681,-0.014916112,False
17363,-0.025150787,-0.025150787,False
17364,0.41697645,-0.07306671,False
17365,-0.23140603,-0.02513659,False
17366,-0.19072545,-0.061079353,False
17367,-0.0035024756,-0.0035024756,False
17368,0.05558473,0.012574494,False
17369,0.023649279,0.011872753,False
17370,-0.041401453,-0.005296439,False
17371,-0.041540325,-0.023107171,False
17372,0.069586486,0.0023263097,False
17373,-0.08579233,-0.03523308,False
17374,-0.062636,-0.044217125,False
17375,-0.07492149,-0.00023299456,False
17376,-0.18406212,-0.03326869,False
17377,0.032845616,0.061232507,False
17378,0.0921953,0.034578145,False
17379,0.051709894,0.0079263635,False
17380,0.10149565,0.040630072,False
17381,-0.053719327,-0.019543573,False
17382,-0.13071722,0.057857275,False
17383,-0.17893386,0.08762717,False
17384,-0.03058131,0.015220761,False
17385,0.02980493,0.04198943,False
17386,-0.07872197,-0.065429926,False
17387,0.5515013,-0.10076594,False
17388,0.061725132,-0.008733795,False
17389,-0.08925676,-0.0022205114,False
17390,-0.088338286,0.016788721,False
17391,-0.21988404,-0.0658201,False
17392,0.04332596,0.028127432,False
17393,-0.1016539,0.018484235,False
17394,0.09861636,0.11217761,False
17395,-0.18316123,0.05260852,False
17396,0.003774114,0.011371013,False
17397,-0.17551184,-0.12765741,False
17398,-0.024003744,-0.10791516,False
17399,0.019748092,0.04196298,False
17400,-0.10849041,-0.036320567,False
17401,-0.35824287,0.017426968,False
17402,0.0,0.00079997344,False
17403,-0.37853193,-0.07655287,False
17404,0.015884345,-0.0043655983,False
17405,0.14131951,-0.050064802,False
17406,-0.090672165,0.028844178,False
17407,-0.012213759,0.004004203,False
17408,0.0,0.0,False
17409,-0.010079092,-0.010079092,False
17410,0.0,0.0,False
17411,0.00792905,-0.014550279,False
17412,-0.031313322,0.023144253,False
17413,0.01892785,-0.006232895,False
17414,0.0,0.0,False
17415,-0.014589142,-0.03630772,False
17416,-0.02203986,-0.00078846514,False
17417,0.029626623,-0.014012858,False
17418,-0.0050101043,-0.0050101043,False
17419,0.09132983,0.019554205,False
17420,0.0,0.0,False
17421,-0.01425229,0.019468926,False
17422,0.005459577,-0.03285128,False
17423,0.013224335,-0.00938338,False
17424,-0.019035578,-0.019035578,False
17425,0.019042341,-0.025712648,False
17426,-0.0061391965,-0.008185964,False
17427,0.0060816314,-0.015004881,False
17428,-0.010102449,-0.03163681,False
17429,0.048568446,-0.033358354,False
17430,-0.043513317,0.012512162,False
17431,0.064398676,0.014518186,False
17432,0.0,0.0,False
17433,0.13863087,0.037822705,False
17434,0.0,0.0,False
17435,-0.019498527,0.033399686,False
17436,0.005604578,-0.017846124,False
17437,-0.014437865,-0.014437865,False
17438,0.018041663,-0.018673033,False
17439,0.008838231,-0.01435579,False
17440,0.0040524285,-0.017908838,False
17441,-0.04077008,-0.022163361,False
17442,-0.029191384,-0.029191384,False
17443,-0.008234978,-0.008200366,False
17444,-0.014928771,-0.014928771,False
17445,-0.008061159,-0.008061159,False
17446,-0.09849709,0.0074367523,False
17447,0.031772174,-0.015243425,False
17448,0.12564138,0.09366909,False
17449,0.04231441,-0.04112748,False
17450,0.014131492,0.0027459841,False
17451,0.020943528,0.0007742606,False
17452,0.09516241,0.025554925,False
17453,-0.0630008,-0.06558192,False
17454,0.11641452,0.029493392,False
17455,-0.028634198,-0.05041581,False
17456,0.012658779,-0.029166467,False
17457,-0.018675186,-0.0086951,False
17458,-0.30899465,-0.11255288,False
17459,-0.0044505596,-0.053168178,False
17460,-0.14429404,-0.0571146,False
17461,-0.0030100346,-0.052053988,False
17462,-0.03256698,-0.035463363,False
17463,0.20218915,0.0733445,False
17464,0.008162682,0.016359393,False
17465,0.005310178,0.010656357,False
17466,-0.12139654,-0.017969012,False
17467,-0.035445884,-0.018504843,False
17468,-0.30034387,-0.039562106,False
17469,-0.008445253,-0.008445253,False
17470,0.0053853616,0.03734427,False
17471,-0.013787296,-0.013787296,False
17472,-0.052057967,-0.021176428,False
17473,0.11761698,-0.04380572,False
17474,-0.21636021,0.06243944,False
17475,-0.08269763,0.020040512,False
17476,-0.018766485,0.026888825,False
17477,0.096840784,-0.03246921,False
17478,0.007331297,-0.15106289,False
17479,0.11472744,0.024859488,False
17480,0.03652505,-0.013428066,False
17481,0.05150196,0.047146082,False
17482,0.021553755,-0.05587679,False
17483,-0.034571216,-0.002477385,False
17484,-0.1298084,0.07641423,False
17485,0.026437223,-0.08032432,False
17486,0.1324425,-0.038591415,False
17487,0.015529938,-0.026329156,False
17488,0.05571699,0.0535433,False
17489,0.017225146,0.07610732,False
17490,-0.0818958,-0.035659656,False
17491,-0.0050458326,-0.0050458326,False
17492,0.0,0.0,False
17493,0.0012190938,-0.015278459,False
17494,-0.014575258,0.0011503845,False
17495,-0.09942973,-0.03281389,False
17496,-0.01255402,0.0049666464,False
17497,0.1647296,0.07663739,False
17498,0.0014041364,0.039991617,False
17499,0.02218756,-0.027541691,False
17500,-0.0037567792,-0.0037567792,False
17501,0.15351963,0.17491996,False
17502,-0.053984463,0.02861926,False
17503,-0.00037615,-0.06477141,False
17504,0.051494837,0.018798575,False
17505,0.043201312,0.047970116,False
17506,0.062392265,-0.03480719,False
17507,-0.009665849,0.00039036572,False
17508,0.0,0.002500062,False
17509,0.0014361739,-0.04250568,False
17510,0.18579865,0.1159904,False
17511,0.28953886,0.01890862,False
17512,0.023496628,-0.0065000057,False
17513,0.006682813,0.03957206,False
17514,0.0015451014,0.01983279,False
17515,0.10115227,0.034906447,False
17516,-0.051632524,-0.13588035,False
17517,-0.343845,-0.16932845,False
17518,0.033572093,0.015811265,False
17519,-0.08346939,-0.18143833,False
17520,-0.28368592,-0.0012190342,False
17521,-0.0131532755,-0.0131532755,False
17522,0.051371887,-0.029225677,False
17523,0.014122076,0.0016844422,False
17524,-0.054998517,-0.0033925772,False
17525,0.010639507,-0.029439135,False
17526,-0.13180023,-0.15031612,False
17527,-0.0026584566,-0.13790974,False
17528,-0.39123937,-0.07178843,False
17529,-0.0098063415,0.02018439,False
17530,-0.12718049,0.031037629,False
17531,0.08691145,-0.0032422692,False
17532,-0.05663228,-0.31596446,False
17533,0.1542145,-0.045660675,False
17534,-0.21633875,-0.03203088,False
17535,-0.14092278,0.010403395,False
17536,0.09116459,-0.038128257,False
17537,0.0,0.0,False
17538,-0.15828104,-0.009096652,False
17539,-0.03982097,-0.11364764,False
17540,0.020321608,-0.005257994,False
17541,0.27435946,0.007453561,False
17542,0.015261687,0.0,False
17543,-0.025665045,0.027788669,False
17544,0.13700745,0.0072163045,False
17545,0.17362432,0.022217795,False
17546,0.06785804,-0.12408383,False
17547,-0.06013906,0.06461263,False
17548,-0.062381238,0.042740464,False
17549,0.0,0.0,False
17550,0.27873647,-0.06182778,False
17551,-0.013959825,0.004928261,False
17552,0.008423358,0.06223321,False
17553,0.11993483,-0.014341891,False
17554,0.14271647,-0.009676099,False
17555,0.24613595,0.07868016,False
17556,-0.17759213,-0.00010871887,False
17557,0.0044220984,0.032620564,False
17558,-0.021343462,-0.0100936815,False
17559,0.023248415,0.015620053,False
17560,-0.053159475,0.07139963,False
17561,0.026112318,-0.007110715,False
17562,-0.38207757,0.04516852,False
17563,-0.0530949,-0.07462926,False
17564,-0.050455585,0.00044067204,False
17565,0.14403075,-0.01532805,False
17566,-0.05008793,-0.0021743774,False
17567,0.13954335,-0.024553299,False
17568,-0.28386605,-0.11322498,False
17569,-0.039814115,-0.024344563,False
17570,-0.26005965,0.052785516,False
17571,0.04123783,-0.05553341,False
17572,0.07695389,-0.21694422,False
17573,-0.061034,-0.036952272,False
17574,0.037050724,-0.19003719,False
17575,-0.010047767,-0.010047767,False
17576,-0.097468376,-0.06501332,False
17577,-0.0031675398,0.03289759,False
17578,-0.00052040815,-0.018877394,False
17579,0.14931428,0.08130896,False
17580,0.033939023,-0.034336787,False
17581,-0.0034190565,-0.012499586,False
17582,0.23595613,0.017292514,False
17583,-0.2655685,-0.21075523,False
17584,-0.16682792,-0.10922217,False
17585,0.37867546,0.08951831,False
17586,-0.06432332,-0.03954855,False
17587,0.018801104,0.0060413033,False
17588,-0.009521563,0.005083774,False
17589,0.022542417,0.02530542,False
17590,0.032434873,0.0064158514,False
17591,0.0025311075,-0.010630075,False
17592,-0.027871847,0.0046644136,False
17593,-0.09381041,0.011396855,False
17594,-0.051968068,0.020560235,False
17595,0.09019816,0.0517444,False
17596,-0.0046175816,-0.0046175816,False
17597,-0.047973186,-0.07447752,False
17598,0.051025897,0.09341642,False
17599,0.12312913,0.03595388,False
17600,0.0,0.0,False
17601,-0.070079684,0.046450198,False
17602,-0.03649947,-0.058788657,False
17603,0.022282366,0.0,False
17604,-0.050366707,-0.041961916,False
17605,-0.07218853,0.014339477,False
17606,-0.07860084,-0.018211693,False
17607,0.08495483,-0.046260834,False
17608,-0.05019994,0.008040637,False
17609,-0.04908088,-0.0263592,False
17610,0.0043659844,-0.024745591,False
17611,-0.009869278,-0.009869278,False
17612,-0.012819187,-0.012819187,False
17613,-0.004976383,-0.0040839966,False
17614,-0.013128836,-0.033487044,False
17615,-0.027028203,-0.033593193,False
17616,0.16189796,0.034532547,False
17617,-0.0111714415,0.011986695,False
17618,0.088700026,-0.008310229,False
17619,-0.10172166,0.02298697,False
17620,-0.012185916,-0.019071117,False
17621,0.0,0.0,False
17622,-0.08576512,-0.08472562,False
17623,-0.008378897,-0.0065916963,False
17624,-0.08726312,-0.041651875,False
17625,-0.05880294,-0.016051903,False
17626,-0.030752689,-0.017484881,False
17627,0.02034343,-0.013200417,False
17628,0.04553833,-0.019764267,False
17629,0.008181989,0.010170788,False
17630,-0.200863,-0.053357482,False
17631,-0.25820732,-0.17514265,False
17632,0.019694686,-0.015965521,False
17633,-0.10263723,-0.035900563,False
17634,0.007518664,-0.017291814,False
17635,0.0,0.0,False
17636,0.092690736,0.0410845,False
17637,0.08997455,-0.015896738,False
17638,0.10060646,0.004390329,False
17639,0.09348625,0.10108775,False
17640,-0.033915915,0.042143613,False
17641,-0.20977592,-0.020480692,False
17642,0.0053945184,0.047735423,False
17643,0.026639163,-0.074095696,False
17644,0.011496363,-0.029737843,False
17645,-0.014858216,0.039225847,False
17646,0.0,0.0,False
17647,-0.009493707,-0.008999884,False
17648,-0.012806505,0.021827191,False
17649,-0.28262734,-0.080349445,False
17650,-0.048363473,-0.0064026117,False
17651,-0.076701075,-0.032393515,False
17652,-0.08577028,-0.0005313158,False
17653,0.03742907,-0.0036221,False
17654,-0.049562335,-0.07425082,False
17655,-0.064172626,-0.10156441,False
17656,-0.0037837327,-0.049120408,False
17657,0.033503905,0.026233673,False
17658,-0.14105913,-0.060942233,False
17659,0.14040604,-0.011046112,False
17660,0.05719912,0.012774423,False
17661,0.042399526,-0.04918903,False
17662,-0.011234922,-0.031488825,False
17663,-0.0040125996,-0.071977265,False
17664,-0.1574913,-0.053486347,False
17665,-0.06681983,-0.011500865,False
17666,0.05955401,0.00398314,False
17667,0.0,0.0,False
17668,0.060812533,-0.069874585,False
17669,0.09375203,-0.0094432235,False
17670,-0.10199808,0.047095254,False
17671,-0.09752464,-0.021423817,False
17672,-0.05860165,-0.020011418,False
17673,0.1975531,0.058694243,False
17674,0.071566105,-0.08838707,False
17675,0.01841247,0.041944265,False
17676,-0.047342673,0.016357213,False
17677,0.029526463,0.040590353,False
17678,0.07396428,-0.1367803,False
17679,-0.27709606,-0.05250466,False
17680,-0.00626871,0.012555294,False
17681,-0.045744672,0.054565832,False
17682,-0.03565228,-0.025815725,False
17683,0.043113083,0.011157095,False
17684,-0.015019998,-0.049350113,False
17685,-0.05605151,-0.0059165135,False
17686,-0.03994461,0.033893988,False
17687,-0.031857833,0.0774726,False
17688,0.013571963,0.0026222318,False
17689,-0.03255801,-0.037418574,False
17690,-0.020149158,-0.019505618,False
17691,-0.018872872,0.026177123,False
17692,-0.035923444,0.009521447,False
17693,-0.008105844,-0.008105844,False
17694,-0.0078054965,-0.01332894,False
17695,-0.0074792355,-0.056414887,False
17696,0.031665854,-0.020506203,False
17697,-0.019081894,-0.019081894,False
17698,-0.11709081,-0.056951463,False
17699,-0.043974698,-0.06728962,False
17700,-0.016562875,-0.03935627,False
17701,-0.0049688914,-0.0046413536,False
17702,-0.13433802,-0.014726162,False
17703,-0.012169123,-0.02809538,False
17704,-0.029255882,-0.15382218,False
17705,-0.008732468,-0.021449454,False
17706,-0.024062859,0.020229142,False
17707,0.07801156,-0.18065856,False
17708,0.015375903,-0.004155696,False
17709,0.006799221,-0.120387316,False
17710,0.018027535,-0.0053671906,False
17711,0.0059201717,-0.014657259,False
17712,-0.036640882,-0.036640882,False
17713,0.008907571,0.038236775,False
17714,-0.04712097,-0.10253157,False
17715,-0.29705453,-0.063463986,False
17716,-0.04681292,-0.033840895,False
17717,-0.15721786,0.011035264,False
17718,-0.14352392,-0.037090927,False
17719,-0.030110266,-0.050539345,False
17720,0.045191698,-0.021706948,False
17721,-0.09085566,-0.017510206,False
17722,-0.0986987,-0.006436184,False
17723,0.009576964,-0.01391123,False
17724,-0.052461028,0.026767522,False
17725,0.04150179,-0.00943663,False
17726,0.025344566,-0.0026637912,False
17727,0.029505014,-0.055825435,False
17728,0.03518345,-0.03269856,False
17729,-0.28208005,-0.19832802,False
17730,0.017534882,0.037076324,False
17731,-0.06699605,-0.03167443,False
17732,0.012322515,0.028593749,False
17733,-0.018437162,-0.058893472,False
17734,-0.15915939,-0.048701555,False
17735,-0.025567772,-0.025567772,False
17736,0.29566965,0.022243947,False
17737,0.040194124,-0.0075446665,False
17738,0.019071348,-0.016892828,False
17739,0.07007639,-0.05783592,False
17740,-0.0109626055,0.06692895,False
17741,-0.0498814,-0.002593249,False
17742,0.13698936,-0.03551033,False
17743,0.17488527,0.06696856,False
17744,0.0055648386,-0.10831371,False
17745,-0.3870325,-0.11708045,False
17746,0.05379428,-0.003765434,False
17747,0.11982441,0.10442132,False
17748,-0.08237538,-0.4076479,False
17749,0.07958293,0.084463656,False
17750,0.13134387,0.051876903,False
17751,-0.0319359,0.015959173,False
17752,0.027107596,-0.07510829,False
17753,0.05735509,0.00061775744,False
17754,-0.013783634,-0.016986266,False
17755,0.0011584461,-0.1307597,False
17756,0.25005972,0.025614679,False
17757,0.12365401,-0.0374133,False
17758,0.022851232,0.014423724,False
17759,0.025164306,0.035601676,False
17760,0.02821603,0.012235746,False
17761,-0.04789918,-0.04789918,False
17762,-0.0012284406,-0.045923192,False
17763,-0.0149027705,-0.0149027705,False
17764,0.02807986,-0.021645218,False
17765,-0.46080446,-0.19671082,False
17766,0.17163849,-0.112487495,False
17767,0.02105391,-0.055464894,False
17768,-0.0077597015,0.011417471,False
17769,-0.022954382,-0.066610254,False
17770,0.009954333,-0.13632596,False
17771,0.010431651,0.015479457,False
17772,0.0,0.0,False
17773,-0.005754009,-0.01328744,False
17774,-0.09216763,-0.024451762,False
17775,-0.05921209,0.026103973,False
17776,-0.038403228,-0.010903705,False
17777,0.019753098,0.029688776,False
17778,-0.009313867,-0.009313867,False
17779,0.02407565,-0.060315996,False
17780,-0.13503641,-0.056230664,False
17781,-0.062634245,-0.035220012,False
17782,0.074279234,-0.07754853,False
17783,0.009585917,-0.15107691,False
17784,-0.059716165,-0.05346419,False
17785,-0.19052279,0.025866091,False
17786,0.10264325,0.04772058,False
17787,-0.07572557,-0.037313893,False
17788,-0.013875551,-0.013875551,False
17789,-0.016569898,-0.017293438,False
17790,-0.0399101,-0.014578,False
17791,-0.022595398,-0.0609174,False
17792,-0.2021389,-0.0045853853,False
17793,0.2419334,-0.033632517,False
17794,0.013054535,0.004967451,False
17795,0.01884805,-0.048404623,False
17796,-0.080399685,-0.10296115,False
17797,-0.01556392,0.041090637,False
17798,-0.017639562,0.043531522,False
17799,0.13600408,0.017925128,False
17800,-0.09865456,-0.013311654,False
17801,0.063571274,-0.02217415,False
17802,0.017339636,-0.0046501895,False
17803,0.044127956,0.018911585,False
17804,0.047438562,0.025582254,False
17805,-0.032726206,-0.10161276,False
17806,-0.092404135,-0.055029586,False
17807,-0.01810309,0.043922417,False
17808,0.0,0.0,False
17809,0.0,0.0,False
17810,-0.039754465,-0.039754465,False
17811,-0.1013692,0.028834462,False
17812,0.03818816,-0.04733807,False
17813,-0.043944858,0.005479872,False
17814,0.07167551,-0.02019921,False
17815,0.08503401,0.047756225,False
17816,-0.08103204,-0.017650746,False
17817,-0.004793924,-0.004793924,False
17818,-0.0074642505,-0.029836264,False
17819,0.10734928,-0.015480518,False
17820,-0.09738171,0.029707491,False
17821,0.051528364,0.023030736,False
17822,0.015673399,0.037208438,False
17823,0.0643598,0.016384214,False
17824,0.046098273,-0.060715664,False
17825,-0.074019164,-0.06772682,False
17826,0.007417217,-0.019566044,False
17827,-0.053410046,-0.0727094,False
17828,-0.01917012,-0.014531262,False
17829,-0.07949202,0.019125164,False
17830,-0.12420681,-0.038915515,False
17831,-0.018291144,-0.018291144,False
17832,-0.09055286,-0.022986643,False
17833,-0.028343908,-0.03277287,False
17834,-0.050330155,-0.13983712,False
17835,-0.11952291,0.02756624,False
17836,0.1866413,0.063155204,False
17837,0.04382179,-0.013403532,False
17838,0.1535069,0.041041568,False
17839,0.0,0.0,False
17840,0.021669626,-0.112614095,False
17841,0.033623397,0.06516996,False
17842,-0.0355736,-0.101511836,False
17843,-0.26885712,-0.20921189,False
17844,0.00566262,-0.009216547,False
17845,-0.016031414,0.006670162,False
17846,-0.022154994,-0.04797285,False
17847,0.35039765,-0.11239576,False
17848,-0.029096587,0.006039748,False
17849,0.022736996,-0.026243266,False
17850,-0.0115272105,-0.0033661425,False
17851,0.23406655,-0.055591762,False
17852,0.10334638,-0.089084476,False
17853,0.10533297,-0.07462232,False
17854,0.09777734,-0.011561215,False
17855,0.0180844,-0.011980791,False
17856,0.06285336,0.0059533287,False
17857,-0.010395691,0.052270427,False
17858,-0.062129974,-0.007078737,False
17859,0.027048394,-0.04939971,False
17860,-0.03358571,-0.023183193,False
17861,0.015553705,-0.071497224,False
17862,-0.012565792,-0.020293474,False
17863,-0.01807569,-0.02837585,False
17864,-0.015490327,-0.0005207956,False
17865,-0.020365339,0.029260986,False
17866,0.0,0.0,False
17867,-0.033778273,-0.03197585,False
17868,-0.0846811,-0.004522115,False
17869,-0.03230314,-0.03230314,False
17870,-0.030000143,-0.018579878,False
17871,-0.038407777,-0.039349414,False
17872,-0.009295978,-0.019600287,False
17873,0.030274287,-0.075208336,False
17874,-0.07581204,-0.011326015,False
17875,-0.023077855,-0.023077855,False
17876,-0.057098188,-0.14347932,False
17877,-0.052285463,-0.038879246,False
17878,-0.25762257,0.006502837,False
17879,0.087013446,0.02068708,False
17880,-0.007529475,0.014035374,False
17881,0.0,0.0,False
17882,-0.033548195,-0.033548195,False
17883,0.16996592,-0.062770545,False
17884,0.040598117,0.024164163,False
17885,-0.024595728,-0.024595728,False
17886,0.091388434,0.001411587,False
17887,-0.04816955,-0.10250761,False
17888,-0.0012351274,-0.13723268,False
17889,0.0,0.00014503498,False
17890,0.0,0.0,False
17891,0.032750905,-0.04145354,False
17892,0.045428634,-0.057369202,False
17893,-0.08981949,-0.04131201,False
17894,0.04992062,-0.15382385,False
17895,-0.12582037,-0.02218154,False
17896,-0.01701377,-0.010156795,False
17897,-0.06467631,-0.039058097,False
17898,-0.095940396,-0.020630479,False
17899,-0.08349389,-0.016041696,False
17900,0.0041587763,0.015779503,False
17901,-0.057249665,-0.060289383,False
17902,-0.19882348,-0.08537611,False
17903,-0.03421223,-0.06663011,False
17904,-0.15342015,-0.07240087,False
17905,-0.021077007,-0.016723394,False
17906,0.08617444,-0.043914653,False
17907,0.021459214,0.02241432,False
17908,-0.20367962,-0.054027796,False
17909,-0.03737575,-0.041615725,False
17910,0.01017803,0.035798237,False
17911,0.0026795715,-0.037943624,False
17912,-0.025431085,-0.0018550828,False
17913,-0.0054299235,-0.082045764,False
17914,0.03916955,0.036946148,False
17915,0.13833289,0.063487515,False
17916,-0.027419187,-0.11467176,False
17917,0.02306375,0.03208193,False
17918,0.009588987,-0.015502647,False
17919,0.028248243,-0.061543196,False
17920,-0.055062965,0.016244367,False
17921,0.036844015,-0.013066605,False
17922,-0.032935843,-0.02008669,False
17923,0.070541024,0.00092460215,False
17924,0.06930973,-0.004679501,False
17925,-0.004127044,-0.055010688,False
17926,-0.04801761,-0.0035078228,False
17927,0.008276581,-0.008966309,False
17928,-0.04492995,-0.026011914,False
17929,0.050351366,0.008658357,False
17930,-0.035885155,0.055686653,False
17931,0.03633769,0.051857784,False
17932,-0.106338575,-0.074902005,False
17933,0.09567401,0.06264904,False
17934,-0.05483377,0.01983124,False
17935,0.13283782,0.0081857145,False
17936,-0.0250018,-0.047505695,False
17937,-0.047334135,-0.012186497,False
17938,0.17690581,0.024687469,False
17939,0.012747437,0.059227064,False
17940,0.063180685,-0.04274872,False
17941,-0.036891606,-0.01106704,False
17942,-0.0931326,-0.041887537,False
17943,-0.0035045594,-0.024749756,False
17944,-0.012035465,-0.0344199,False
17945,0.0486848,-0.033860162,False
17946,0.02840124,-0.019473687,False
17947,0.079279676,0.039788157,False
17948,-0.01113154,0.00616917,False
17949,-0.1866872,-0.019664794,False
17950,-0.005714968,0.005949609,False
17951,0.029459044,-0.07842345,False
17952,-0.10343948,-0.045779787,False
17953,-0.06977844,-0.071341455,False
17954,0.09065318,0.0181036,False
17955,0.01023335,-0.00127092,False
17956,0.056901887,0.03424771,False
17957,0.15258563,-0.022661567,False
17958,-0.022759512,-0.0109978765,False
17959,0.12504439,0.016176254,False
17960,0.0720893,0.027507558,False
17961,-0.0048192292,0.025611505,False
17962,0.003924966,-0.018922776,False
17963,0.03691466,0.04497151,False
17964,-0.03132569,-0.013478771,False
17965,-0.15712057,-0.031345993,False
17966,-0.16622174,-0.06571674,False
17967,-0.073954865,0.025818199,False
17968,-0.04055229,-0.06738499,False
17969,0.024790138,-0.050390344,False
17970,-0.06907149,-0.026493926,False
17971,-0.12837781,-0.11138576,False
17972,-0.006812714,0.011282489,False
17973,-0.01513958,-0.0010486543,False
17974,-0.18373373,0.0030540824,False
17975,0.16035631,-0.0061084926,False
17976,-0.013206016,0.0015872344,False
17977,0.0974565,-0.16875915,False
17978,-0.011870176,-0.009085178,False
17979,0.016976006,0.007722702,False
17980,0.1262145,0.039503306,False
17981,0.018247984,-0.0038029477,False
17982,0.023898035,-0.034598306,False
17983,-0.038168903,0.042383067,False
17984,-0.005886346,-0.022403933,False
17985,0.06972086,0.02936699,False
17986,-0.12960918,-0.1876854,True
17987,-0.026683055,-0.007873192,False
17988,-0.03511396,-0.043328896,False
17989,0.12070233,-0.051989138,False
17990,-0.014174789,0.010673851,False
17991,0.09408042,0.025002941,False
17992,-0.0022819042,-0.039815307,False
17993,0.02606342,0.035009764,False
17994,0.027665548,-0.00020325556,False
17995,-0.03283607,0.024632644,False
17996,-0.0313306,-0.0313306,False
17997,0.24510312,-0.017607927,False
17998,0.18965274,0.03055042,False
17999,0.068503976,0.024495512,False
18000,0.05816555,-0.05643773,False
18001,-0.068469726,-0.020972945,False
18002,0.19940372,0.029371798,False
18003,-0.08780408,-0.016549826,False
18004,-0.01666829,-0.030702978,False
18005,-0.11887103,-0.06541628,False
18006,-0.18188393,-0.07925594,False
18007,-0.008503981,-0.027986212,False
18008,-0.0019082054,0.010307858,False
18009,0.057201505,-0.066323966,False
18010,0.09730112,-0.068961166,False
18011,0.054928094,-0.026046008,False
18012,-0.0020824075,-0.023300871,False
18013,-0.044306666,-0.16777335,False
18014,-0.15951511,-0.036359906,False
18015,-0.03875038,0.0073047653,False
18016,-0.15374857,-0.0009783804,False
18017,-0.006352417,-0.018676117,False
18018,-0.13580006,-0.001309678,False
18019,-0.20441926,-0.04067117,False
18020,-0.02751096,-0.009125806,False
18021,-0.017356616,-0.04069083,False
18022,-0.04160106,-0.15143406,False
18023,-0.052986592,0.021003902,False
18024,0.11810459,0.015089348,False
18025,-0.085207224,0.02794671,False
18026,0.14458159,0.013346553,False
18027,0.05025743,-0.009538926,False
18028,-0.008000669,-0.003782635,False
18029,-0.034405023,-0.013921149,False
18030,-0.12540913,-0.034346834,False
18031,-0.051699936,-0.05102867,False
18032,0.017423019,-0.0019563586,False
18033,0.013271108,-0.02697624,False
18034,0.049496397,0.021903038,False
18035,0.01728084,-0.0021862835,False
18036,-0.008130338,0.032191243,False
18037,0.0,0.00065007247,False
18038,0.12993215,0.09367353,False
18039,0.1713076,0.0457536,False
18040,-0.077101216,-0.061813105,True
18041,-0.00838615,-0.053144976,False
18042,-0.054136336,-0.043150187,False
18043,0.0015713833,-0.022241117,False
18044,0.023333007,0.0004982613,False
18045,-0.027538404,-0.027538404,False
18046,0.25392985,-0.15576053,False
18047,-0.0031966344,-0.02449704,False
18048,-0.0800035,0.08548212,False
18049,-0.014575173,-0.014575173,False
18050,-0.055864543,-0.059909806,False
18051,-0.02571895,0.012173764,False
18052,0.029874228,0.0077179745,False
18053,-0.013288416,-0.084661454,False
18054,0.007937542,-0.014799611,False
18055,-0.008785352,-0.0051947236,False
18056,0.042480856,-0.023822725,False
18057,-0.093679294,-0.045059502,False
18058,0.16207087,0.04191065,False
18059,-0.17631274,-0.023166537,False
18060,-0.07988324,-0.07988324,False
18061,0.008516222,-0.11784141,False
18062,-0.014168179,-0.014168179,False
18063,0.066792786,-0.027849823,False
18064,-0.11441496,-0.07072589,False
18065,0.06608382,-0.035459608,False
18066,0.009062603,0.0048614517,False
18067,0.054838568,0.01910606,False
18068,0.13108417,0.00019674003,False
18069,0.042963445,0.0006593466,False
18070,-0.019458132,-0.041847356,False
18071,-0.11658239,-0.17653513,False
18072,-0.007557541,-0.005001873,False
18073,-0.03564337,-0.03752777,False
18074,-0.059054717,0.03436345,False
18075,0.01529146,-0.02941503,False
18076,-0.0938953,-0.024615645,False
18077,0.027807564,-0.009757519,False
18078,-0.3443573,0.08883488,False
18079,-0.12316417,-0.0144248605,False
18080,0.0091267675,-0.02141358,False
18081,0.009710111,0.020736173,False
18082,0.22688162,0.026909292,False
18083,-0.002102673,0.001897879,False
18084,0.011378393,-0.095234044,False
18085,0.08868195,-0.04864259,False
18086,0.0,0.0,False
18087,0.09834194,0.044521436,False
18088,-0.07993102,-0.0137706995,False
18089,-0.029510751,-0.019448213,False
18090,-0.032250173,-0.095686294,False
18091,0.07401623,0.046978965,False
18092,0.07446244,-0.0013923049,False
18093,-0.003957361,-0.0033394322,False
18094,-0.106051184,0.004296693,True
18095,0.028471887,0.00029600412,False
18096,-0.06392822,-0.03322491,False
18097,0.072085604,-0.029681802,False
18098,0.06596528,0.04366514,False
18099,-0.18587035,-0.010298073,False
18100,0.021650909,0.0,False
18101,0.10538234,0.0076078475,False
18102,-0.0056983475,0.00835483,False
18103,0.07697898,0.005560845,False
18104,-0.10607764,-0.056745023,False
18105,-0.28185993,-0.10131395,False
18106,0.0037833452,-0.01204703,False
18107,0.011467084,-0.0036964267,False
18108,0.0047263354,0.00452026,False
18109,-0.06947158,-0.015886337,False
18110,-0.014193878,0.01606217,False
18111,0.007871457,-0.0052865194,False
18112,-0.2039156,-0.023991108,False
18113,0.053756803,-0.0013193414,False
18114,-0.06314483,-0.01608222,False
18115,-0.04075399,-0.035327375,False
18116,0.037753496,0.009441271,False
18117,0.042589672,0.0248897,False
18118,-0.0942308,0.044296205,False
18119,0.037688516,0.028580587,False
18120,0.045651704,0.016313925,False
18121,0.081570566,-0.023206472,False
18122,0.08383662,-0.0248313,False
18123,0.07812311,0.0023759902,False
18124,-0.017234854,-0.00572896,False
18125,0.08249152,-0.19863331,False
18126,0.23807085,-0.13702852,False
18127,0.26550198,0.025113225,False
18128,-0.021268997,0.013240986,False
18129,0.0048332587,0.005858667,False
18130,-0.06532496,-0.062357917,False
18131,-0.027650326,-0.109923474,False
18132,0.043623947,-0.012195669,False
18133,0.1310978,0.114289224,False
18134,-0.030067675,0.029981293,False
18135,-0.004934801,-0.004934801,False
18136,-0.13408951,-0.06134203,False
18137,-0.035534978,-0.020519227,False
18138,-0.025459498,-0.009676792,False
18139,-0.07565606,-0.0546332,False
18140,-0.018248528,-0.04283033,False
18141,-0.0632481,-0.05302997,False
18142,0.048995998,0.022066485,False
18143,0.14913729,-0.31220654,False
18144,0.13650423,0.0015534163,False
18145,0.08036946,7.211417e-05,False
18146,0.021640072,-0.023783578,False
18147,-0.027457148,-0.010016285,False
18148,0.10623789,-0.015865535,False
18149,-0.072013445,-0.0027572736,False
18150,0.0,0.0,False
18151,-0.117076814,-0.022856057,False
18152,0.030342072,-0.07613646,False
18153,-0.029953627,-0.029953627,False
18154,-0.07556963,-0.12146509,False
18155,0.18988466,-0.10350633,False
18156,0.040007234,-0.053144827,False
18157,-0.51504385,-0.0074719787,False
18158,-0.00046992302,-0.13260114,False
18159,0.07431497,-0.031350538,False
18160,0.12652314,0.15483999,False
18161,0.30945164,0.09246904,False
18162,-0.11262822,-0.19404256,False
18163,0.10075554,0.024057716,False
18164,0.0029261727,-0.022774296,False
18165,-0.036912203,-0.036331713,False
18166,-0.0043765544,-0.0043765544,False
18167,0.03248876,-0.0051550153,False
18168,0.040240392,-0.0042970665,False
18169,-0.049852073,0.059878826,False
18170,-0.026114762,-0.020447522,False
18171,0.21109438,-0.06444216,False
18172,0.012679444,-0.0093034385,False
18173,-0.003780745,-0.050920445,False
18174,-0.07097158,-0.059648164,False
18175,-0.0040956736,0.05409676,False
18176,-0.059276037,-0.04450438,False
18177,-0.013196468,-0.10107294,False
18178,-0.058542848,0.0037763715,False
18179,0.17644334,-0.049693048,False
18180,0.092825145,0.03131897,False
18181,0.01570031,0.0122825205,False
18182,-0.06928377,-0.016429737,False
18183,-0.03868663,-0.00058409944,False
18184,0.0,0.0,False
18185,0.04541947,-0.030372016,False
18186,-0.004338801,0.00052419305,False
18187,-0.114141546,-0.056009665,False
18188,0.12611568,0.01382792,False
18189,0.013341628,-0.02011042,False
18190,0.12870921,0.0118588805,False
18191,0.025183495,0.028313126,False
18192,0.17808276,0.0055449903,False
18193,-0.08821923,0.03814786,True
18194,0.033976205,-0.016890526,False
18195,-0.028224112,-0.009405186,False
18196,-0.0099956235,-0.0099956235,False
18197,0.037246644,0.029998511,False
18198,0.32497966,0.15336603,False
18199,-0.10539022,0.024630189,False
18200,0.029729083,0.0074319392,False
18201,-0.06978911,-0.009844005,False
18202,-0.024777994,-0.028302237,False
18203,-0.069092244,-0.027879,False
18204,-0.022224938,-0.022224938,False
18205,0.0407029,-0.031250358,False
18206,0.06765922,0.020257123,False
18207,0.09180345,0.043247998,False
18208,-0.09600937,-0.06689155,False
18209,-0.23278402,-0.12142688,False
18210,-0.07978079,-0.020354092,False
