gene_index,gt,pred,de
0,0.011145622,-0.072329074,False
12126,-0.09038544,0.034731984,False
12127,0.0806986,-0.0059503987,False
12128,0.05450228,-0.15700197,False
12129,0.09240115,0.0627493,False
12130,-0.10652179,-0.06315168,False
12131,-0.010247977,-0.010247977,False
12132,-0.0045059593,-0.0045059593,False
12133,0.021928143,0.0,False
12134,0.0,0.00074673665,False
12135,-0.06483975,-0.03268805,False
12136,0.1594119,0.09181404,False
12137,0.020622097,-0.023047596,False
12138,0.030886099,-0.072830856,False
12139,0.0,0.0,False
12140,-0.011636369,-0.026829896,False
12141,-0.007314056,0.04323788,False
12142,0.0,0.0,False
12157,0.08720032,-0.0499283,False
12156,0.03252642,-0.04521704,False
12155,0.0,0.0,False
12154,0.061200902,-0.04507747,False
12153,0.023846611,0.0,False
12152,-0.02457267,0.109293014,False
12125,0.05650419,0.068523824,False
12151,0.020190483,-0.0033912933,False
12149,0.054711223,0.034451783,False
12147,-0.7866852,-1.0198873,False
12146,0.0026941318,-0.018898953,False
12145,-0.022837669,0.11574623,False
12144,-0.25382417,-0.10728836,False
12143,0.02890589,-0.039747495,False
12150,0.09468806,-0.20562327,False
12124,-0.11677152,-0.20531946,False
12123,-0.14908254,-0.07660735,False
12122,0.11078499,-0.078301236,False
12103,0.26147962,-0.10483897,False
12102,0.040094554,0.20607436,False
12101,0.2855955,0.0980483,False
12100,-2.3782253e-05,-0.15792432,False
12099,-0.012190737,-0.07854765,False
12098,-0.26661563,-0.14886379,False
12104,-0.29944968,-0.07058418,False
12097,-0.021172836,-0.012801889,False
12095,-0.023440756,0.013654664,False
12094,-0.00830636,-0.006839754,False
12093,-0.023296874,-0.023296874,False
12092,-0.19960195,0.4717046,False
12091,0.008085495,-0.013130878,False
12090,0.18003422,0.7158517,False
12096,0.14159004,0.14989087,False
12158,0.015319228,-0.059413463,False
12105,-0.16151369,-0.08445847,False
12107,0.06948589,0.024791718,False
12121,0.01992484,-0.0015285315,False
12120,0.024456669,0.0,False
12119,0.0,0.0,False
12118,0.15137784,-0.037908457,False
12117,0.019193739,0.07893345,False
12116,-0.054174185,-0.056556433,False
12106,-0.01824388,-0.02856296,False
12115,0.0020258129,-0.020860016,False
12113,-0.036478415,-0.035222143,False
12112,-0.04702741,-0.04514675,False
12111,-0.027108788,0.07824898,False
12110,0.058139384,-0.024561584,False
12109,-0.017748222,-0.02637354,False
12108,0.0021717884,-0.017124847,False
12114,-0.124375105,-0.4120093,False
12089,-0.17002162,-0.0822455,False
12159,-0.005143561,-0.002929238,False
12161,-0.013590224,-0.022031154,False
12198,0.16717952,0.40366846,False
12199,-0.47021878,-0.3071159,False
12200,-0.14898813,-0.11049354,False
12201,0.034368806,-0.07720843,False
12202,0.0072230548,-0.0055685975,False
12203,0.010099307,-0.011816915,False
12204,-0.0071310466,-0.0062288367,False
12205,-0.012414634,-0.014207542,False
12206,-0.061159924,-0.061293077,False
12207,0.014766473,-0.014748592,False
12208,-0.12711269,0.1107077,False
12209,-0.004802211,-0.004802211,False
12210,0.07465912,0.045733266,False
12211,-0.46684837,-0.40601766,False
12212,0.1645934,-0.22645551,False
12213,-0.025968254,-0.07058131,False
12214,-0.0033912933,-0.00052319025,False
12228,-0.4854715,-1.0601349,False
12227,0.008107199,-0.014160032,False
12226,0.056305133,0.036184467,False
12225,0.0060904324,0.12395045,False
12224,0.032252595,-0.0118756,False
12223,0.07685,0.15006156,False
12197,0.0,0.0,False
12222,0.10986364,-0.39083004,False
12220,-0.0050021075,-0.0050021075,False
12219,0.021916222,0.0,False
12218,0.088540584,-0.049778424,False
12217,0.0,0.0,False
12216,0.021665297,0.0,False
12215,0.022586912,0.00022347383,False
12221,-0.029078152,-0.029078152,False
12196,-0.7158121,-0.67209536,False
12195,0.06511602,0.05839184,False
12194,-0.006226631,-0.028743431,False
12175,-0.02359479,-0.0038540512,False
12174,0.0,0.0,False
12173,-0.030438036,-0.017257221,False
12172,-0.004503161,-0.004377074,False
12171,0.007992078,-0.05933736,False
12170,0.014227441,-0.01914922,False
12176,-0.0028657522,-0.023499195,False
12169,0.05597523,-0.010865603,False
12167,-0.066161156,-0.08176279,False
12166,0.09780289,-0.021242127,False
12165,-0.7930262,-1.3115416,False
12164,-0.18925211,-0.093107566,False
12163,-0.0015889406,-0.045445345,False
12162,-0.035895266,-0.04475829,False
12168,-0.017166913,-0.04824251,False
12160,0.0,0.00013178702,False
12177,-0.010007545,-0.10403702,False
12179,0.042406846,-0.0199773,False
12193,0.03196256,-0.09965201,False
12192,-0.41427135,-0.2682623,False
12191,-0.070383534,0.10192904,False
12190,-0.01932742,-0.023118846,False
12189,-0.010486238,-0.009603681,False
12188,-0.017591326,-0.022846041,False
12178,0.014128553,-0.0072701466,False
12187,-0.076765835,-0.10040002,False
12185,0.0,6.4649525e-05,False
12184,0.014163799,-0.008799179,False
12183,-0.15618229,-0.3752346,False
12182,0.06494778,0.03430438,False
12181,-0.12078641,-0.118638575,False
12180,-0.009961537,-0.009961537,False
12186,0.062170804,0.091037214,False
12229,-0.069916144,-0.13859043,False
12088,-0.021795083,-0.022461133,False
12086,0.156295,0.07629502,False
11984,-0.025682077,0.12910384,False
11985,0.15437824,-0.04223317,False
11986,-0.09332287,-0.1049439,False
11987,-0.9742022,-0.48319852,False
11988,0.08104794,0.40245765,False
11989,0.117213726,0.120930314,False
11990,-0.365929,-0.2672435,False
11991,-0.42784536,-0.39434326,False
11992,-0.4134934,-0.3875606,False
11993,-0.041551564,-0.015989441,False
11994,0.038142115,-0.04480076,False
11995,-0.1196374,-0.10103968,False
11996,-0.23365068,0.1371665,False
11997,-0.033887923,-0.0329856,False
11998,0.009163409,-0.014424308,False
11999,-0.0076346584,-0.033242278,False
12000,0.13747627,-0.01793176,False
12014,-0.4002961,-0.19615895,False
12013,-0.10131729,-0.23681062,False
12012,0.14881754,0.023818493,False
12011,-0.11990976,-0.13306594,False
12010,0.047041416,-0.30787438,False
12009,0.034115434,-0.07974166,False
11983,-0.1504732,-0.14916489,False
12008,0.03868544,-0.06270969,False
12006,-0.17427793,0.03035441,False
12005,-0.08177233,-0.007878184,False
12004,-0.031675257,-0.10259985,False
12003,0.0792793,0.04807073,False
12002,-0.3793466,-0.92583084,False
12001,-0.049651474,0.121795684,False
12007,0.10231307,0.09240539,False
11982,0.21051031,0.14539105,False
11981,-0.03439641,-0.052099586,False
11980,0.07308766,-0.06346649,False
11960,0.018640898,-0.050425645,False
11959,-0.0012047887,-0.019315977,False
11958,0.0024066474,-0.016695898,False
11957,-0.60245895,0.068947315,False
11955,0.03741844,0.07565373,False
11954,-0.18524623,-0.10868281,False
11962,-0.011326591,-0.033428673,False
11952,-0.09011231,-0.011944413,False
11950,-0.4800651,-0.4851557,False
11949,0.07851601,-0.16764784,False
11948,-0.109791696,0.20170426,False
11947,-0.48454928,-0.6253474,False
11946,-0.4055736,-0.2571144,False
11945,0.039128527,-0.030077593,False
11951,0.07241103,-0.027836557,False
12015,-0.022806533,0.14562437,False
11963,-0.0057557076,-0.04768929,False
11965,-0.036023274,-0.12716556,False
11979,0.089945614,-0.10139951,False
11978,-0.26364872,-0.09033206,False
11977,-0.0033912933,-0.0031301423,False
11976,-0.44975245,-0.32002664,False
11975,-1.5312958,-1.1195099,False
11974,0.008188963,-0.08831036,False
11964,0.0797212,0.104077,False
11973,-0.020727307,-0.20155129,False
11971,0.035773546,-0.0992939,False
11970,-0.061234362,-0.022412144,False
11969,0.06592518,0.053773463,False
11968,0.0014861133,-0.02450361,False
11967,0.003794007,-0.05210689,False
11966,-0.082405716,-0.10714659,False
11972,-0.009039648,-0.009039648,False
12087,-0.04759366,-0.04759366,False
12016,0.06849763,0.040466428,False
12018,0.050733447,0.23124206,False
12055,-0.04044099,0.01832679,False
12056,-0.037149914,-0.028029822,False
12057,0.0058596786,-0.018207835,False
12058,0.0015817061,0.022322536,False
12059,0.016809195,-0.051676318,False
12060,0.013423204,-0.055964053,False
12061,0.021116972,-0.009703219,False
12062,-0.1616044,-0.045988977,False
12063,-0.037600875,-0.07244253,False
12064,-0.17834666,-0.19817394,False
12065,-0.045297235,0.06561047,False
12066,-0.015097186,0.002109468,False
12067,0.012157738,-0.13291568,False
12068,0.10066226,0.0036702752,False
12069,-0.075616874,0.009735748,False
12070,0.0687561,-0.12766933,False
12071,0.12161958,-0.028535167,False
12085,-0.05212091,-0.10370763,False
12084,0.23761469,0.07120329,False
12083,0.17724264,0.08628619,False
12082,-0.0061385036,0.07259825,False
12081,-0.07128289,-0.03247583,False
12080,-0.6047988,-0.6910914,False
12054,0.038760945,0.037267834,False
12079,0.045191884,0.11970091,False
12077,0.00053554773,-0.19886784,False
12076,-0.062580444,-0.018224388,False
12075,0.054792956,0.1685393,False
12074,0.055755638,0.0502638,False
12073,0.1962539,0.09360224,False
12072,-0.1565072,-0.2737222,False
12078,0.018834455,-0.022834813,False
12053,-0.004784322,-0.0044325693,False
12052,-0.04257649,-0.122733615,False
12051,-0.0361014,-0.017854929,False
12032,-0.6568903,-0.060518265,False
12031,-0.057804734,-0.014608361,False
12030,0.11229846,-0.07594822,False
12029,0.046178572,0.03107357,False
12028,-0.10329558,-0.14996792,False
12027,-0.03702933,-0.059326045,False
12033,-0.083798885,-0.057344973,False
12026,-0.004728931,-0.004728931,False
12024,-0.008782454,-0.008782454,False
12023,-0.019092541,-0.018847713,False
12022,0.043047488,-0.107709974,False
12021,0.002792783,0.16961987,False
12020,-0.08148754,-0.07600665,False
12019,-0.025185227,0.017910562,False
12025,0.014325641,-0.009988271,False
12017,-0.042256266,-0.093559235,False
12034,-0.04319969,-0.07093739,False
12036,0.047685206,0.1272288,False
12050,-0.12386179,-0.09729612,False
12049,-0.1350746,-0.105871156,False
12048,-0.022381455,-0.013858646,False
12047,-0.23255008,0.074588716,False
12046,0.17598557,0.00097477436,False
12045,-0.009375231,-0.009375231,False
12035,-0.0417642,0.016313136,False
12044,-0.009439945,0.12176031,False
12042,-0.070760325,-0.07089068,False
12041,0.13591212,-0.23680428,False
12040,0.011494443,0.053510338,False
12039,-0.0050767665,-0.005060775,False
12038,0.124396086,-0.04741621,False
12037,0.012432514,-0.0045995875,False
12043,0.031698015,-0.023625597,False
11944,-0.027236901,0.021684498,False
12230,-0.29963988,-0.15494436,False
12232,-0.15884373,0.04316941,False
12411,0.067721784,-0.042185977,False
12412,0.0,0.0017216135,False
12413,-0.04445214,-0.05357618,False
12414,-0.21401507,0.00082466006,False
12415,0.0,0.0,False
12416,-0.038853943,-0.034308985,False
12417,-0.3194641,-0.30306613,False
12418,-0.85099983,-0.29786086,False
12419,0.048399895,-0.017107368,False
12420,-0.007782849,-0.007782849,False
12421,-0.047251627,-0.018940192,False
12422,-0.1446001,-0.019157141,False
12423,-0.04743293,-0.08745913,False
12424,-0.2812636,0.20368898,False
12425,-0.004386425,-0.15249825,False
12426,0.032516856,0.00051322207,False
12427,0.0,0.0,False
12441,-0.22120076,-0.22430122,False
12440,-0.4486208,-0.22431183,False
12439,-0.19136836,-0.11581427,False
12438,-0.011691887,0.0072527453,False
12437,0.021864772,-0.09580636,False
12436,0.054889202,-0.20089203,False
12410,0.005189359,-0.038894445,False
12435,0.0,0.0,False
12433,-0.018469416,-0.018469416,False
12432,0.00841029,-0.0598754,False
12431,0.0,0.0,False
12430,0.004109077,-0.039037354,False
12429,-0.0044077365,-0.0044077365,False
12428,-0.021056473,-0.021056473,False
12434,-0.7691517,-0.25427413,False
12409,-0.12742874,-0.26854485,False
12408,-0.05490291,0.032811582,False
12407,-0.14357436,-0.011527538,False
12388,0.068153635,-0.030635806,False
12387,0.05908224,0.050759785,False
12386,-0.015222137,-0.011891144,False
12385,-0.04884225,-0.0069934726,False
12384,-0.6593201,-0.75697565,False
12383,-0.002634665,-0.022803312,False
12389,-0.0760034,0.054059356,False
12382,-0.0052376054,-0.028618252,False
12380,0.037311077,-0.30553174,False
12379,-0.29734668,0.05362773,False
12378,0.059167743,-0.094454825,False
12377,-0.020743743,-0.05886385,False
12376,-0.026379228,0.071059465,False
12375,-0.122060746,-0.10096811,False
12381,0.05391194,-0.107307605,False
12442,-0.12492502,-0.16236733,False
12390,-0.2930646,-0.08449304,False
12392,-0.10658389,-0.09518093,False
12406,-0.03872497,0.045946483,False
12405,-0.015529953,0.024193794,False
12404,-0.013417126,-0.013417126,False
12403,0.0142750535,-0.009608442,False
12402,0.0139531465,-0.008657173,False
12401,0.012377894,-0.010210887,False
12391,-0.16641128,-0.2883861,False
12400,-0.6759789,-0.42036748,False
12398,0.34941566,-0.32879555,False
12397,-0.015751274,-0.039382175,False
12396,0.05416307,-0.002874896,False
12395,-0.03241558,-0.004765058,False
12394,-0.026629478,0.030879796,False
12393,0.038936548,-0.026460769,False
12399,0.004918337,-0.042853832,False
12374,-0.47017276,-0.14070594,False
12443,-0.0082808435,0.16426831,False
12445,-0.3302375,0.060153604,False
12482,-0.07753372,-0.13577652,False
12483,-0.028916359,0.11648026,False
12484,-0.017592447,-0.012390376,False
12485,0.0032777712,-0.019087391,False
12486,-0.10314655,0.21734786,False
12487,-0.018512167,-0.04714611,False
12488,-0.07573973,-0.06058252,False
12489,0.042270407,-0.119141,False
12490,-0.07956344,0.021307707,False
12491,-0.038712926,-0.009434633,False
12492,-0.0004355684,-0.02417223,False
12493,-0.5812123,-0.13636315,False
12494,-0.041270524,-0.15138641,False
12495,0.07957756,-0.054518566,False
12496,-0.09177795,0.08528438,False
12497,0.082158566,-0.061124682,False
12498,-0.113541424,-0.012088001,False
12512,0.112207174,-0.3079852,False
12511,-0.23977876,-0.1433,False
12510,-0.013639122,-0.029442057,False
12509,0.30505323,0.2971089,False
12508,-0.04003621,-0.07238385,False
12507,0.25482464,0.28002423,False
12481,-0.49790812,-0.20439398,False
12506,-0.13979656,-0.17282611,False
12504,-0.03462358,-0.017240968,False
12503,-0.04176283,-0.16457063,False
12502,0.014061937,0.023758776,False
12501,-0.3730384,-0.3046769,False
12500,-0.15921716,-0.0036573857,False
12499,-0.36741835,-0.26513475,False
12505,0.09239441,0.051837653,False
12480,-0.1476003,-0.05122578,False
12479,-0.016701289,-0.032069493,False
12478,0.032200903,0.078528106,False
12459,-0.010240406,0.07216109,False
12458,0.039240107,-0.034084246,False
12457,0.45907664,-0.911922,False
12456,-0.010829227,-0.03323887,False
12455,0.0,0.0,False
12454,-0.05030501,0.23105133,False
12460,-0.11824841,-0.057736516,False
12453,-0.052933604,0.053290963,False
12451,0.0625298,0.10960543,False
12450,0.16071579,-0.06991845,False
12449,-0.018292006,0.01962271,False
12448,-0.17239445,-0.013332903,False
12447,0.048180334,-0.027674604,False
12446,0.003035657,-0.018695125,False
12452,-0.15378347,0.010912016,False
12444,-0.19955969,-0.10154021,False
12461,-0.088805825,-0.1570632,False
12463,-0.5313196,-0.4268582,False
12477,0.20098692,-0.07720029,False
12476,0.0,0.0,False
12475,-0.15642726,-0.11652899,False
12474,0.17095888,-0.11506277,False
12473,0.029627081,-0.05922969,False
12472,-0.0663019,0.041148387,False
12462,0.14926526,0.043741167,False
12471,-0.031153306,-0.024053395,False
12469,0.014876913,-0.024476755,False
12468,0.05402255,0.115748644,False
12467,-0.32322526,-0.21106505,False
12466,-0.036593437,-0.097313404,False
12465,-0.117111444,-0.3195083,False
12464,0.06515479,-0.2346797,False
12470,0.09470099,0.035917148,False
12231,-0.091751486,-0.097073615,False
12373,-0.014954586,-0.0645165,False
12371,-0.06290388,0.0347614,False
12269,-0.21105564,-0.36108467,False
12270,-0.13579214,-0.09275937,False
12271,-0.005140978,-0.0034264291,False
12272,-0.18133962,-0.7251668,False
12273,0.11637786,0.10150176,False
12274,-0.07129222,-0.1671074,False
12275,0.057167638,0.000824878,False
12276,-0.113779694,-0.09587976,False
12277,0.13256788,-0.13830137,False
12278,-0.038558483,0.041091084,False
12279,-0.08547987,-0.031787857,False
12280,-0.07763974,-0.027873993,False
12281,0.049593806,-0.14207081,False
12282,-0.034691185,-0.024010397,False
12283,-0.012856208,-0.052555718,False
12284,-0.04590159,-0.04590159,False
12285,-0.0050052092,-0.0050052092,False
12299,0.31459987,0.09440756,False
12298,-0.3577019,-0.43617755,False
12297,-0.5986926,-0.42139012,False
12296,-0.2889733,-0.22908932,False
12295,0.05271721,-0.23776102,False
12294,-0.0046966965,-0.0046966965,False
12268,0.0,0.1579088,False
12293,0.047865424,0.0583287,False
12291,0.16370958,0.07427132,False
12290,-0.0866552,-0.066262126,False
12289,0.3525635,0.034852743,False
12288,-0.002225399,-0.007880688,False
12287,-0.30973879,-0.008082986,False
12286,0.003167726,-0.0131910555,False
12292,-0.004801857,-0.0045697475,False
12267,0.11088371,-0.61657095,False
12266,0.047451288,0.10840613,False
12265,0.09699689,-0.012374189,False
12246,-0.022031546,-0.017328922,False
12245,-0.009420799,-0.009420799,False
12244,0.018612549,0.010054208,False
12243,-0.17447716,0.015885174,False
12242,-0.2007711,-0.21251869,False
12241,-0.1145761,-0.12255296,False
12247,-0.6465258,-0.48787308,False
12240,0.0,0.0,False
12238,0.003247587,-0.014277289,False
12237,-0.012261026,-0.010620597,False
12236,0.026382476,-0.054178596,False
12235,-0.01432303,-0.01432303,False
12234,-0.016926292,-0.016926292,False
12233,-0.004931114,-0.004931114,False
12239,-0.025751205,-0.0246136,False
12300,-0.03665267,-0.1143184,False
12248,0.15668882,0.06442751,False
12250,-0.009370013,0.011100269,False
12264,-0.20706266,-0.1456614,False
12263,0.09325607,0.0036543012,False
12262,0.0,0.0,False
12261,0.013706863,-0.002938509,False
12260,-0.004699221,-0.004699221,False
12259,-0.030256705,-0.016860627,False
12249,-0.0205837,-0.0205837,False
12258,0.05328452,-0.0015876256,False
12256,0.0018224418,-0.034818403,False
12255,0.0,0.0,False
12254,-0.028313972,-0.028313972,False
12253,-0.4452561,-1.7155951,False
12252,0.060644515,-0.005090565,False
12251,-0.05598998,-0.23836082,False
12257,0.0,0.0,False
12372,-0.015919596,-0.13807026,False
12301,0.005857855,0.07065897,False
12303,0.062239647,-0.18805349,False
12340,0.12962562,0.042675555,False
12341,-0.015219212,-0.032878637,False
12342,-0.01326314,-0.012126268,False
12343,-0.033661444,-0.025770701,False
12344,-0.058971033,-0.060901664,False
12345,-0.013609409,-0.007336676,False
12346,-0.23516083,0.09685516,False
12347,-0.12030333,0.031933695,False
12348,0.10826707,-0.0052054524,False
12349,0.054121375,-0.09325254,False
12350,0.1204834,-0.16513783,False
12351,-0.27133623,-0.093027085,False
12352,-0.42501885,-0.3956058,False
12353,-0.15463054,0.046221733,False
12354,-0.49851972,0.003309846,False
12355,-0.8127266,-0.40988547,False
12356,-0.046899915,0.19959033,False
12370,-0.010062968,-0.03183033,False
12369,-0.13043463,-0.13694474,False
12368,0.018789321,-0.08616115,False
12367,-0.032104455,0.036510393,False
12366,-0.07425529,-0.18442108,False
12365,-0.19341671,-0.16052389,False
12339,-0.021870196,-0.054336652,False
12364,-0.042746305,0.26242614,False
12362,0.010649279,-0.010834366,False
12361,0.012461713,-0.009168638,False
12360,0.072375774,-0.21495926,False
12359,0.014708765,-0.030437458,False
12358,-0.01844616,-0.01844616,False
12357,0.31339478,-0.08573544,False
12363,-0.38938546,-0.28577995,False
12338,-0.22136974,-0.21159792,False
12337,-0.034613773,0.09606381,False
12336,-0.08150616,-0.0131801665,False
12317,-0.05154538,-0.10700866,False
12316,-0.07624654,-0.041639023,False
12315,-0.005611211,-0.02683037,False
12314,0.016294252,-0.018262792,False
12313,0.050517246,-0.01880119,False
12312,0.0,0.0,False
12318,0.05917269,-0.07729635,False
12311,-0.024995163,0.09679355,False
12309,0.1172024,-0.09908834,False
12308,0.0017251689,-0.020733641,False
12307,0.1626699,-0.59148,False
12306,0.13678932,0.052173138,False
12305,-0.0816713,-0.23439181,False
12304,-0.038893595,-0.050764777,False
12310,0.097767025,-0.09073967,False
12302,0.06630857,-0.03874533,False
12319,0.010573894,0.037846953,False
12321,-0.027700096,0.011938587,False
12335,0.0143998265,-0.04769826,False
12334,0.07573797,0.10180341,False
12333,0.10475743,-0.2759279,False
12332,-0.32636905,-0.028093457,False
12331,-0.009026483,-0.023912527,False
12330,-0.076496474,-0.09392419,False
12320,0.08396155,0.13221276,False
12329,-0.09330705,-0.18706799,False
12327,-0.25007993,-0.24361438,False
12326,-0.090876,0.09072977,False
12325,0.2078039,-0.19103563,False
12324,0.047185197,-0.10673823,False
12323,-0.14831504,-0.065716356,False
12322,-0.066834345,0.012612611,False
12328,0.04677528,-0.021154255,False
12513,-0.023444474,-0.04091221,False
11943,0.0026212186,-0.008611329,False
11941,-0.057821274,-0.0467816,False
11554,-0.012115307,-0.012115307,False
11555,-0.004629196,-0.004629196,False
11556,-0.10706091,0.004965067,False
11557,0.31116796,-0.6169028,False
11558,-0.109338075,-0.019382715,False
11559,-0.0102720745,-0.0102720745,False
11560,0.017941087,0.03341219,False
11561,-0.060008883,0.007179737,False
11562,-0.11039609,-0.07926506,False
11563,-0.06877141,-0.0389954,False
11564,-0.027089313,-0.08618256,False
11565,-0.13213801,0.27977633,False
11566,-0.09570527,-0.30903083,False
11567,-0.12655008,0.035764277,False
11568,0.13255048,0.03384465,False
11569,-0.1726535,-0.013302118,False
11570,0.0,0.0,False
11584,0.00034987926,-0.22725081,False
11583,-0.013055552,-0.013055552,False
11582,0.008283154,-0.0053656464,False
11581,0.010889351,-0.09974635,False
11580,-0.23142278,0.026104927,False
11579,-0.02072879,0.08845904,False
11553,-0.009916324,-0.009916324,False
11578,0.0,0.0,False
11576,0.110115424,-0.13355088,False
11575,0.011327118,0.10760543,False
11574,-0.024692923,0.028964698,False
11573,0.11688876,0.04635465,False
11572,0.09352377,-0.15640807,False
11571,0.4188037,-0.19115746,False
11577,0.0,0.00079342944,False
11552,-0.00854031,-0.00854031,False
11551,-0.025426382,-0.04380895,False
11550,0.0041639954,-0.053419188,False
11531,0.0031767488,-0.027406782,False
11530,0.04431522,-0.14234495,False
11529,0.013717107,0.0014106627,False
11528,0.0,0.002521029,False
11527,-0.09310603,-0.051359862,False
11526,0.035286844,0.052247763,False
11532,-0.0070317388,0.1835615,False
11525,-0.0049597723,-0.0049597723,False
11523,-0.015080163,-0.03464993,False
11522,-0.10843436,-0.09953246,False
11521,0.0,0.0,False
11520,0.0,0.0,False
11519,0.0,0.0009438769,False
11518,-0.004671073,-0.004671073,False
11524,-0.08070886,0.012208581,False
11585,0.038040504,0.05732681,False
11533,0.0,0.0,False
11535,-0.009691102,-0.009691102,False
11549,-0.010044636,-0.010044636,False
11548,0.04378888,0.0,False
11547,-0.038217258,-0.038217258,False
11546,0.013358859,-0.009357022,False
11545,-0.034439042,-0.06433062,False
11544,0.0,0.008122007,False
11534,-0.012981322,0.016104981,False
11543,0.00024354644,-0.023466079,False
11541,-0.015903484,-0.03948526,False
11540,0.037076518,-0.029772907,False
11539,-0.0049393275,-0.0049393275,False
11538,-0.061756533,-0.061756533,False
11537,0.038820002,0.037405502,False
11536,-0.057956886,0.042673174,False
11542,-0.009426285,-0.009426285,False
11517,-0.003413568,-0.0032845335,False
11586,-0.49107707,-0.44862783,False
11588,-0.042006213,-0.042006213,False
11625,-0.045703664,-0.081645854,False
11626,0.34136105,-0.45926434,False
11627,0.044297025,-0.042484418,False
11628,-0.15288462,-0.12683716,False
11629,-0.005134296,-0.0047281943,False
11630,0.47490907,0.08696401,False
11631,-0.055087823,-0.059169516,False
11632,0.0,0.0,False
11633,-0.001463756,-0.023506092,False
11634,-0.2384912,-0.3424253,False
11635,-0.004898398,-0.004898398,False
11636,-0.0028289128,-0.018616635,False
11637,-0.12607396,-0.07070804,False
11638,-0.0027111545,0.06224946,False
11639,0.0,0.0,False
11640,0.037001144,-0.008528819,False
11642,-0.03302438,-0.029266957,False
11656,0.0019459985,-0.015111424,False
11655,0.14120007,-0.08775759,False
11654,0.20646262,0.1122762,False
11653,-0.049616016,-0.0458908,False
11652,-0.005148229,-0.005148229,False
11651,-0.07310195,-0.05364038,False
11624,0.029264525,-0.08405748,False
11650,0.3198638,0.07275009,False
11648,-0.112680554,-0.048528194,False
11647,0.007881299,-0.037617907,False
11646,-0.39195466,0.11977649,False
11645,0.09555286,-0.0029174984,False
11644,0.064006805,-0.08903229,False
11643,-0.024185697,-0.03666814,False
11649,0.09461254,0.042157054,False
11623,-0.029858824,-0.050744247,False
11622,-0.10235864,-0.06274611,False
11621,-0.17145583,-0.056052923,False
11602,0.07678962,-0.011921823,False
11601,0.0,0.0,False
11600,0.0031172037,-0.13709426,False
11599,0.019102545,0.027260764,False
11598,-0.0050258595,0.019020261,False
11597,0.009193189,-0.05520893,False
11603,0.01849772,0.0823836,False
11596,-0.101976454,0.018705547,False
11594,-0.31927073,-0.38784373,False
11593,-0.18641043,-0.13946438,False
11592,-0.0039614746,-0.0039614746,False
11591,-0.037282184,-0.037282184,False
11590,-0.13282901,-0.18905883,False
11589,-0.008328776,-0.008328776,False
11595,0.006934881,0.043709517,False
11587,-0.08910762,0.19184518,False
11604,-0.17751178,-0.08941212,False
11606,0.089862585,-0.10689992,False
11620,0.035327256,-0.0164392,False
11619,0.055263296,0.2338099,False
11618,-0.08991039,0.16740048,False
11617,0.017375592,-0.0045406297,False
11616,-0.028778493,-0.05826035,False
11615,0.17918134,-0.06247759,False
11605,-0.015376051,-0.015376051,False
11614,0.016037017,-0.073181376,False
11612,-0.116283655,-0.090919614,False
11611,0.0022883415,-0.004571762,False
11610,0.014428653,-0.047120508,False
11609,-0.23203528,0.2275461,False
11608,-0.22315636,-0.010191709,False
11607,0.0,0.0,False
11613,-0.026893552,0.2787903,False
11657,0.20259017,0.30837053,False
11516,0.0,0.00020074398,False
11514,0.2057848,0.4914571,False
11412,0.0,0.0,False
11413,0.05332449,0.07008585,False
11414,0.05642043,0.027321026,False
11415,-0.06667116,-0.10763902,False
11416,-0.07267098,-0.0800308,False
11417,-0.07838127,-0.06925106,False
11418,0.18225455,0.19631004,False
11419,-0.028265703,-0.027620489,False
11420,-0.007824715,-0.06964914,False
11421,-0.28030246,-0.2419715,False
11422,0.045837775,0.0037015975,False
11423,0.0,0.0,False
11424,-0.15430868,0.20836413,False
11425,-0.049775064,-0.1374045,False
11426,-0.17022407,-0.3152529,False
11427,-0.02179724,-0.041333497,False
11428,0.1177212,-0.041986704,False
11442,-0.14484034,-0.1347836,False
11441,-0.16581619,-0.28422958,False
11440,-0.040495325,0.023206513,False
11439,0.35545838,-0.080711186,False
11438,-0.023555577,0.22282648,False
11437,-0.031269357,-0.019027885,False
11411,-0.33180475,-0.14062345,False
11436,-0.07686579,0.038384557,False
11434,-0.0062577073,-0.026180621,False
11433,-0.046083182,-0.033741355,False
11432,-0.13605028,-0.077189356,False
11431,-0.09630808,-0.09767121,False
11430,-0.056061957,-0.046030868,False
11429,-0.1542275,0.3764317,False
11435,-0.061240047,-0.120029435,False
11410,-0.13243794,-0.20091414,False
11409,-0.16591823,-0.07409644,False
11408,-0.17040735,-0.32261693,False
11389,0.03358939,0.0149916345,False
11388,-0.06524959,-0.13993046,False
11387,0.031091869,-0.00057056453,False
11386,0.022819735,-0.0041215494,False
11385,0.0697429,-0.011659369,False
11384,0.055103183,-0.37611634,False
11390,-0.07326853,0.038428783,False
11383,0.023985177,-0.095787644,False
11381,0.01769635,-0.07478449,False
11380,-0.064353466,-0.046736002,False
11379,0.23618871,-0.0019045807,False
11378,0.16695583,0.20961636,False
11377,-0.01643601,-0.13177742,False
11376,0.19145453,0.1387794,False
11382,-0.6228452,-1.1020315,False
11443,-0.01871407,-0.056295514,False
11391,-0.005866958,-0.01604395,False
11393,-0.18890613,-0.12619156,False
11407,-0.3523034,-0.16130495,False
11406,-0.40404987,0.06736946,False
11405,0.016580462,0.32895413,False
11404,-0.23607904,-0.051986575,False
11403,-0.008068562,-0.057199553,False
11402,0.06453401,0.18474734,False
11392,-0.04022363,0.18425664,False
11401,-0.5577991,-0.3626775,False
11399,0.14860827,-0.0414719,False
11398,0.0,0.0,False
11397,-0.09576365,-0.00951308,False
11396,-0.0035581887,-0.03349538,False
11395,0.0,0.0,False
11394,0.0,0.0,False
11400,-0.4813366,-1.0942085,False
11515,0.11336708,0.0928185,False
11444,-0.0747896,-0.070766404,False
11446,0.027843446,-0.007070005,False
11483,0.21305451,-0.4085467,False
11484,0.028108537,0.051285267,False
11485,0.23624182,-0.20071459,False
11486,-0.06522784,0.0697574,False
11487,0.0,0.0,False
11488,0.007111609,-0.038017705,False
11489,0.0,0.0,False
11490,0.15062034,0.07214737,False
11491,0.021344185,-0.063014746,False
11492,-0.1675657,0.31148386,False
11493,0.012337467,-0.009292884,False
11494,0.024820268,-0.06485851,False
11495,0.0,0.0,False
11496,-0.0023025628,-0.015228583,False
11497,-1.1886404,-0.2826004,False
11498,-0.022585515,-0.022585515,False
11499,0.022795007,-0.07890807,False
11513,0.028857974,-0.028945265,False
11512,0.19640744,0.3667978,False
11511,-0.0058650076,-0.01002726,False
11510,0.29171175,-0.15897241,False
11509,0.050502896,-0.37065625,False
11508,0.07782939,-0.00094896555,False
11482,-0.013193846,-0.7108895,False
11507,0.008239921,-0.03155079,False
11505,0.12770957,0.13133591,False
11504,-0.13779867,-0.038770914,False
11503,-0.41507053,-0.44473124,False
11502,-0.045792907,0.08627355,False
11501,-0.4448583,-0.3340918,False
11500,-0.11418855,0.1493479,False
11506,-0.006494105,-0.033063322,False
11481,-0.20946658,-1.0443859,False
11480,-0.11351228,-1.3793079,False
11479,0.042719603,-0.0595541,False
11460,-0.09019476,-0.12367445,False
11459,0.009737283,-0.09319711,False
11458,-0.013708089,0.058157515,False
11457,-0.01116401,-0.17101794,False
11456,-0.12653062,-0.15400568,False
11455,0.03184873,-0.21915877,False
11461,-0.0054192543,-0.04012689,False
11454,0.054897137,-0.015053142,False
11452,0.042998463,0.06270409,False
11451,-0.06484741,-0.012067795,False
11450,-0.07730834,-0.12730023,False
11449,0.019230276,-0.01409179,False
11448,-0.21374977,-0.076675236,False
11447,0.076458335,-0.17867485,False
11453,-0.124004245,0.07669264,False
11445,-0.21306571,-0.12104422,False
11462,-0.026752412,-0.0575971,False
11464,-0.004365054,0.0020486042,False
11478,-0.013238455,-0.007921532,False
11477,-0.049524784,0.004112184,False
11476,-0.39606488,-0.2767923,False
11475,-0.009857677,-0.04502619,False
11474,-0.11186737,0.008811593,False
11473,-0.009237675,-0.009237675,False
11463,-0.10531306,-0.061048925,False
11472,0.100355,0.08747035,False
11470,0.01855135,-0.06890249,False
11469,0.014454454,-0.2772106,False
11468,-0.4440391,-0.3391366,False
11467,-0.028916676,-0.04758559,False
11466,-0.21729326,-0.10825291,False
11465,0.0,0.0,False
11471,0.121396005,0.061834633,False
11942,0.030224752,-0.046148255,False
11658,0.0849316,-0.017796066,False
11660,-0.043589264,-0.063953996,False
11839,0.057411253,-0.039934456,False
11840,-0.028115835,-0.028115835,False
11841,-0.0101312725,-0.0101312725,False
11842,-0.19536644,-0.11455876,False
11843,0.040471196,-0.0036918141,False
11844,0.55416226,0.48824576,False
11845,-0.008751864,0.076051265,False
11846,0.56946814,0.19277155,False
11847,0.25258657,-0.34002846,False
11848,-0.009051323,-0.14358997,False
11849,-0.02357423,-0.018136807,False
11850,-0.009752841,-0.009718482,False
11851,-0.1132861,-0.0061321855,False
11852,-0.117673844,-0.011850953,False
11853,-0.028600112,-0.028071474,False
11854,0.0,0.0,False
11855,-0.08388817,-0.14581239,False
11869,-0.06932327,-0.07394984,False
11868,-0.2075237,-0.117378235,False
11867,0.04221016,-0.10221267,False
11866,0.0,0.0,False
11865,-0.034928083,-0.03473082,False
11864,0.0,0.0,False
11838,-0.3362479,0.018945754,False
11863,0.03031483,0.06497605,False
11861,-0.0097756935,-0.009483418,False
11860,-0.009559896,-0.006583916,False
11859,0.08006706,-9.894371e-05,False
11858,-0.01008209,-0.01008209,False
11857,-0.13276139,-0.02907826,False
11856,0.061218664,-0.0014010966,False
11862,-0.0049530454,-0.0013988027,False
11837,0.054175735,-0.15510035,False
11836,0.023611575,0.007371957,False
11835,-0.12291014,0.17206371,False
11816,-0.004047248,-0.004047248,False
11815,-0.0006799735,0.007438004,False
11814,0.06541666,-0.0047386168,False
11813,-0.008453209,-0.008453209,False
11812,0.016601129,-0.025311973,False
11811,-0.18691242,0.17300433,False
11817,-0.004554102,0.01431427,False
11810,-0.064679444,-0.009051606,False
11808,0.16712654,-0.06873882,False
11807,-0.06947397,-0.022602528,False
11806,-0.0050029927,-0.0050029927,False
11805,-0.20246017,0.25008202,False
11804,0.06657207,-0.09343287,False
11803,0.14903435,0.071317345,False
11809,0.050653264,-0.07911496,False
11870,-1.314704,-0.8020985,False
11818,-0.28165543,0.07294965,False
11820,0.12755436,0.14335704,False
11834,-0.25167656,-0.25959468,False
11833,-0.30930424,-0.22561634,False
11832,-0.022499263,-0.029029548,False
11831,0.6058893,-0.64586616,False
11830,-0.055695772,-0.11459318,False
11829,-0.054262757,-0.098721504,False
11819,0.014737405,0.0384999,False
11828,-0.022506822,-0.022118384,False
11826,-0.13471007,-0.22364831,False
11825,0.030080851,-0.0034506328,False
11824,-0.17885709,-0.26487386,False
11823,-0.082828015,-0.12925385,False
11822,-0.06265432,-0.040673077,False
11821,-0.004763823,-0.008481711,False
11827,-0.0970318,-0.007844359,False
11802,0.49915195,-0.024734974,False
11871,0.027510613,-0.07955314,False
11873,-0.008561358,-0.036093198,False
11910,0.34692702,0.011396736,False
11911,-0.010489449,-0.12074049,False
11912,0.08240551,-0.14578056,False
11913,0.09058219,-0.05021511,False
11914,0.026663335,-0.009612871,False
11915,-0.0067192614,0.000333786,False
11916,0.08903584,-0.03992824,False
11917,-0.034400266,-0.07438664,False
11918,-0.07426509,-0.12846446,False
11919,-0.07983875,-0.20879541,False
11920,0.051321816,-0.036897656,False
11921,0.055406213,-0.34581742,False
11922,0.0022380203,-0.08891389,False
11923,-0.09309586,-0.12710345,False
11924,0.04710631,-0.0055514425,False
11925,-0.013627334,0.09969086,False
11926,-0.0076351613,-0.08628443,False
11940,0.005836278,-0.03823605,False
11939,0.14041215,-0.021927059,False
11938,-0.18024413,-0.11869967,False
11937,0.006070137,-0.010232866,False
11936,0.09642245,-0.00216344,False
11935,0.04212925,0.10544327,False
11909,0.07004397,-0.045088895,False
11934,-0.05639617,-0.05477986,False
11932,-0.057748735,-0.04789415,False
11931,-0.019349933,-0.02518526,False
11930,-0.024327874,-0.07224666,False
11929,0.12696141,0.08643609,False
11928,-0.10835132,0.021503866,False
11927,0.02191639,0.46625924,False
11933,-0.008578102,-0.008578102,False
11908,-0.22010654,0.039303005,False
11907,0.3113358,0.12296486,False
11906,0.0,0.0,False
11887,0.24441326,0.11460966,False
11886,0.028864376,0.019538686,False
11885,0.30244341,0.17754969,False
11884,-0.03796129,-0.041675672,False
11883,-0.14551197,-0.06294519,False
11882,0.0,0.0,False
11888,0.046759296,0.0,False
11881,-0.32161468,-0.16004342,False
11879,0.07006883,0.0063182157,False
11878,-0.100603074,-0.11136547,False
11877,0.10714719,-0.077678874,False
11876,-0.3478911,0.033937037,False
11875,0.026493937,0.100363344,False
11874,-0.8206172,-0.50635695,False
11880,-0.4505608,-1.0816343,False
11872,-0.17067811,-0.098220825,False
11889,-0.117300585,-0.04297793,False
11891,0.0073332787,0.14851421,False
11905,-0.081626296,-0.006649196,False
11904,-0.33548966,-0.13697928,False
11903,0.061019957,0.04693398,False
11902,-0.005160007,-0.005160007,False
11901,0.0,1.9483496e-05,False
11900,-0.004857551,-0.004857551,False
11890,-0.21293321,-0.081425965,False
11899,-0.096514285,0.06958282,False
11897,-0.03763498,-0.06458889,False
11896,0.11367926,0.0025967034,False
11895,-0.0403156,-0.019053578,False
11894,-0.06925519,-0.05727391,False
11893,-0.028756171,-0.042036608,False
11892,-0.021090329,-0.12565857,False
11898,0.00084489584,0.09587592,False
11659,0.0,0.0,False
11801,-0.21676147,0.008481145,False
11799,-0.041112,-0.07158593,False
11697,0.03052384,-0.036487848,False
11698,0.0,0.0,False
11699,-0.3027203,-0.17318809,False
11700,-0.0049450938,-0.027916262,False
11701,-0.52736807,-0.32447696,False
11702,0.08753413,-0.018081844,False
11703,-0.009655123,-0.0014260644,False
11704,-0.07620084,-0.0559901,False
11705,-0.015374201,-0.012491264,False
11706,-0.030328766,-0.041064575,False
11707,0.0,0.003990818,False
11708,0.03271792,-0.0072771613,False
11709,-0.019147865,-0.019147865,False
11710,0.06459924,-0.06858299,False
11711,0.0,0.0,False
11712,0.029738575,0.0056529045,False
11713,0.033947445,-0.0039808825,False
11727,-0.46910667,-0.21486926,False
11726,-1.1020381,-1.5293455,False
11725,-0.18646663,-0.34005484,False
11724,-0.4885458,-0.5922489,False
11723,-0.07491803,-0.29639906,False
11722,-0.48704886,-0.035585165,False
11696,0.0039018653,-0.018858567,False
11721,-0.09071165,0.061736017,False
11719,0.070923924,-0.09561646,False
11718,-0.431293,-0.2650869,False
11717,-0.061067715,-0.028629087,False
11716,0.054822892,-0.0337241,False
11715,0.023357552,0.0,False
11714,-0.0040039783,-0.0040039783,False
11720,-0.038666528,-0.03489885,False
11695,-0.07820879,-0.049224004,False
11694,0.044327796,-0.019154936,False
11693,0.014974654,-0.13744688,False
11674,0.0,0.0,False
11673,-0.0049436693,0.00066488003,False
11672,-0.43122563,-0.34465915,False
11671,-0.088154465,0.01842866,False
11670,-0.003665166,0.01247693,False
11669,-0.21842764,0.26681787,False
11675,0.11695856,0.06965059,False
11668,-0.01921086,-0.024109207,False
11666,0.2699594,0.077650726,False
11665,-0.5232744,-0.27446377,False
11664,0.11790818,-0.013334364,False
11663,-0.010000607,-0.034332987,False
11662,-0.00888503,-0.008786235,False
11661,0.023942681,0.0,False
11667,0.03599003,0.2083852,False
11728,-0.025992095,0.037003726,False
11676,-0.014799892,-0.014799892,False
11678,0.09710191,0.07677518,False
11692,0.052257128,-0.031813733,False
11691,0.08542817,0.03853208,False
11690,0.20527714,0.015354872,False
11689,-0.045609355,0.080905676,False
11688,0.045420717,-0.03917735,False
11687,-0.16679937,-0.092700616,False
11677,-0.22048879,-0.051276922,False
11686,-0.014323432,0.0013061613,False
11684,-0.0013428777,0.004795715,False
11683,-0.048072577,-0.054718923,False
11682,-0.004862651,-0.004862651,False
11681,-0.22457218,0.11906457,False
11680,-0.17806709,-0.2525328,False
11679,-0.1604478,0.022666335,False
11685,-0.016646514,-0.016632034,False
11800,-0.20032048,0.09227538,False
11729,-0.041308433,-0.016067445,False
11731,0.1793524,-0.028170824,False
11768,-0.16335791,0.038109303,False
11769,0.07797377,0.16588302,False
11770,-0.33628917,0.1286962,False
11771,0.07527915,-0.032069206,False
11772,0.05766058,0.008256197,False
11773,-0.021405209,-0.02110679,False
11774,0.0,0.0,False
11775,-0.009606123,-0.04614133,False
11776,-0.013966121,0.024275951,False
11777,-0.026383698,-0.07037978,False
11778,-0.0049480326,-0.0049480326,False
11779,-0.005172207,-0.005172207,False
11780,0.32472312,-0.31745625,False
11781,-0.009364938,-0.033871792,False
11782,0.00942516,-0.013434807,False
11783,0.022159427,-0.014061533,False
11784,-0.009336144,-0.009336144,False
11798,-0.098697096,-0.15302041,False
11797,0.07230812,-0.0040275156,False
11796,-0.03976369,0.0412848,False
11795,-0.06560275,0.10194177,False
11794,0.34573054,-0.3869084,False
11793,-0.19591376,-0.031204894,False
11767,0.0,0.0,False
11792,-0.004652436,-0.004652436,False
11790,-0.023956865,-0.048430294,False
11789,-0.14327121,0.072511315,False
11788,-0.49705076,0.74874043,False
11787,-0.20694643,0.31045258,False
11786,-0.03611031,-0.07268737,False
11785,-0.009631242,-0.009631242,False
11791,-0.04666896,-0.19271173,False
11766,-0.04058012,-0.04058012,False
11765,-0.022244386,-0.067659825,False
11764,0.009674015,-0.013545246,False
11745,-0.29641497,-0.46602905,False
11744,0.005368829,-0.040989906,False
11743,-0.3296728,0.036971986,False
11742,0.082356036,0.012442499,False
11741,0.017365962,-0.10122556,False
11740,0.08561216,-0.034582287,False
11746,-0.77749705,-0.7794658,False
11739,-0.17191362,-0.38939118,False
11737,-0.00215072,-0.024169795,False
11736,0.01868489,-0.0018927585,False
11735,-0.029083045,-0.035206445,False
11734,-0.8171667,-0.9897051,False
11733,0.21759611,-0.21942276,False
11732,-0.013518631,-0.15404412,False
11738,-0.10200256,-0.305648,False
11730,-0.028462544,-0.13272193,False
11747,-0.0049804756,-0.0049804756,False
11749,0.09237462,0.027241766,False
11763,0.6085296,0.64603215,False
11762,-0.030461678,0.032796398,False
11761,-0.2500834,-0.11134046,False
11760,0.095067054,0.15128595,False
11759,0.0,0.0,False
11758,0.13236809,0.031014562,False
11748,-0.0016321167,0.011319675,False
11757,-0.022733402,-0.021469893,False
11755,-0.091008306,-0.015273333,False
11754,0.12399575,0.07166538,False
11753,0.08119351,0.12575692,False
11752,-0.09564988,-0.039214864,False
11751,0.10304585,-0.009538116,False
11750,-0.12663668,0.042663276,False
11756,-0.3752001,-0.30598414,False
12514,-0.088371694,0.011102617,False
12515,0.035046577,-0.13304943,False
12516,-0.068492204,0.020441443,False
13266,-0.009869169,-0.009869169,False
13267,0.044465538,0.0006625466,False
13268,-0.012837427,-0.011331956,False
13269,-0.012423294,-0.015991949,False
13270,-0.0036848104,-0.0036038202,False
13271,-0.014706399,-0.014706399,False
13272,-0.009569388,-0.009569388,False
13273,0.034379933,-0.017965073,False
13274,-0.004415072,-0.004415072,False
13275,-0.014569119,-0.014569119,False
13276,-0.065558,-0.07209499,False
13277,0.0,0.0,False
13278,-0.009943173,-0.009943173,False
13279,-0.009737853,-0.009737853,False
13280,0.0096799005,-0.01368328,False
13281,-0.012189867,-0.020474555,False
13282,-0.022358708,-0.06395739,False
13296,0.004107408,-0.019111853,False
13295,0.014351398,-0.00514901,False
13294,0.017871805,-0.0047300747,False
13293,0.027412724,-0.038399953,False
13292,-0.013401571,-0.013401571,False
13291,0.016418677,-0.028256066,False
13265,-0.019083664,-0.019083664,False
13290,-0.004047248,-0.004047248,False
13288,0.011821302,-0.009946059,False
13287,-0.009845898,-0.009845898,False
13286,-0.009101028,-0.009101028,False
13285,0.014072621,-0.009585872,False
13284,-0.014752807,-0.014752807,False
13283,-0.004883735,-0.004883735,False
13289,0.0,0.0,False
13264,0.023883495,0.0,False
13263,-0.0046622367,-0.0046622367,False
13262,-0.018985214,-0.018718427,False
13243,-0.03988129,-0.09014511,False
13242,0.031155586,0.1923356,False
13241,0.02403152,-0.023994327,False
13240,-0.3331293,-0.13798511,False
13239,-0.072882354,-0.05386126,False
13238,0.07490325,0.1266109,False
13244,0.0,0.0,False
13237,-0.036839318,0.05272807,False
13235,0.008897901,-0.15195334,False
13234,0.08306441,0.16393349,False
13233,0.0,0.0,False
13232,-0.12504375,-0.12479854,False
13231,-0.05086136,-0.25542164,False
13230,-0.6286615,-0.17728245,False
13236,-0.0011701882,0.29842135,False
13297,-0.009410307,-0.009410307,False
13245,-0.020499136,-0.0052302387,False
13247,-0.009579335,-0.009579335,False
13261,-0.03744129,0.101388484,False
13260,0.013006374,-0.008133151,False
13259,0.017932039,-0.004564375,False
13258,0.031220175,-0.014212462,False
13257,0.0,1.995479e-06,False
13256,-0.031945232,-0.031945232,False
13246,-0.113060154,-0.12083004,False
13255,-0.022065971,-0.022065971,False
13253,-0.009522529,-0.009522529,False
13252,0.053472504,-0.0072298036,False
13251,0.043475576,-0.023848671,False
13250,-0.014208386,-0.014208386,False
13249,-0.0032441933,-0.025278756,False
13248,-0.037296675,-0.03153386,False
13254,0.01278497,0.0024684817,False
13229,-0.025815248,-0.06860885,False
13298,-0.011326866,-0.033894457,False
13300,-0.01713061,-0.01713061,False
13337,0.022402782,0.096456066,False
13338,-0.0739125,-0.060356222,False
13339,0.014525017,-0.009326663,False
13340,0.02949515,-0.025850892,False
13341,-0.28508437,0.40025675,False
13342,0.029257271,0.039246056,False
13343,-0.14051533,-0.003306985,False
13344,0.013145037,-0.04095359,False
13345,0.011754921,-0.009876171,False
13346,0.0720579,-0.074064165,False
13347,0.021571536,0.0064663216,False
13348,-0.786627,-0.35774505,False
13349,0.42154884,-0.14678735,False
13350,-0.050350904,-0.13474031,False
13351,0.035465904,-0.0047455756,False
13352,-0.035097763,-0.053804293,False
13353,-0.018126788,-0.041808832,False
13367,0.013750201,-0.009701798,False
13366,0.033023506,-0.06026084,False
13365,-0.20116568,-0.48443508,False
13364,-0.10262182,-0.008189529,False
13363,-0.07798797,-0.13945496,False
13362,-0.049032748,-0.027660027,False
13336,0.15508693,-0.13562879,False
13361,0.055421114,-0.16808522,False
13359,0.013736116,-0.0085606,False
13358,0.038646907,-0.01780558,False
13357,-0.14770865,-0.17470396,False
13356,0.032245055,-0.049711987,False
13355,0.12264857,0.1495386,False
13354,-0.24604383,-0.21334189,False
13360,-0.024251794,-0.04691884,False
13335,-0.04398536,0.033609845,False
13334,-0.0077134483,0.16399436,False
13333,-0.115334496,-0.0070560575,False
13314,0.05314122,0.11776765,False
13313,-0.04653868,-0.04930395,False
13312,-0.08886235,-0.010805115,False
13311,0.01328209,-0.027349144,False
13310,-0.011078984,-0.061766446,False
13309,-0.23686314,-0.27192575,False
13315,-0.16540524,0.048544794,False
13308,-0.15270758,-0.25270784,False
13306,-0.034671027,-0.03467015,False
13305,-0.014105277,-0.014105277,False
13304,-0.0006797351,-0.022789296,False
13303,-0.022965912,-0.022965912,False
13302,-0.018103117,-0.03691622,False
13301,-0.009213906,-0.02613422,False
13307,-0.0094153285,-0.0094153285,False
13299,0.017074786,-0.0288186,False
13316,0.0027912296,0.14263217,False
13318,-0.0150528345,-0.0150528345,False
13332,-0.018650195,-0.0101518445,False
13331,-0.040622488,0.41823953,False
13330,0.07512531,-0.0057468265,False
13329,-0.060783803,-0.047176182,False
13328,0.21971217,0.049764246,False
13327,-0.21487308,-0.38962528,False
13317,0.045223936,0.08172886,False
13326,0.0032647979,-0.019583322,False
13324,0.041451745,-0.038197793,False
13323,0.04769951,-0.010971665,False
13322,-0.017048538,-0.027233988,False
13321,-0.015101806,-0.015101806,False
13320,-0.17456347,-0.052422106,False
13319,-0.03820555,-0.16243473,False
13325,-0.0076195,-0.027039528,False
13368,-0.016419977,-0.06267598,False
13228,-0.078777134,-0.084962144,False
13226,-0.019409642,-0.030656658,False
13124,-0.036723908,-0.059088007,False
13125,0.13087508,-0.052970946,False
13126,0.059850633,0.070886254,False
13127,-0.16234568,0.0010754168,False
13128,-0.022749504,-0.046573386,False
13129,-0.17372869,-0.11476973,False
13130,0.007296428,-0.015011616,False
13131,0.025569975,0.095935345,False
13132,-0.2572838,-0.3060274,False
13133,-0.0032650828,-0.023398213,False
13134,0.0013526976,0.0043729544,False
13135,-0.06155783,0.0079342425,False
13136,-0.087963104,-0.09830916,False
13137,0.017263543,-0.0046867696,False
13138,-0.08086622,-0.030459166,False
13139,-0.28768206,-0.26527333,False
13140,0.2676624,-0.072660804,False
13154,0.023846611,0.0,False
13153,0.0,0.0,False
13152,0.029983878,-0.16862503,False
13151,-0.067127466,-0.22048932,False
13150,0.091676205,0.05324295,False
13149,-0.10690111,-0.0039634705,False
13123,0.064816594,0.09138906,False
13148,-0.51660395,-0.23109007,False
13146,-0.02661106,-0.036708593,False
13145,-0.14623916,-0.11466122,False
13144,-1.2299887,-0.6284592,False
13143,-0.013744414,0.0023972392,False
13142,-0.07061306,-0.020946085,False
13141,0.03223838,-0.04698565,False
13147,0.39177704,0.038145423,False
13122,-0.14224797,0.4553864,False
13121,-0.24506924,-0.02057004,False
13120,0.015493788,-0.060666155,False
13101,-0.0051805233,-0.0051805233,False
13100,-0.22718245,-0.13227507,False
13099,0.14075561,-0.011413351,False
13098,-0.01345247,0.16813797,False
13097,-0.02170197,0.0021264441,False
13096,-0.059333205,0.28690922,False
13102,0.0,0.0,False
13095,-0.3163467,-0.22985941,False
13093,-0.0086526275,0.022342503,False
13092,-0.008526362,-0.008526362,False
13091,-0.0044247913,-0.0043713646,False
13090,-0.005035676,-0.0010253219,False
13089,-0.36428475,-0.35847384,False
13088,0.2028122,-0.22012293,False
13094,0.096642874,-0.019994855,False
13155,0.12179349,-0.010025069,False
13103,0.00016702712,-0.06898822,False
13105,-0.4385165,-0.64298904,False
13119,-0.0050516543,0.010609601,False
13118,0.0,0.0,False
13117,-0.022608865,-0.022608865,False
13116,-0.06310648,0.069749266,False
13115,-0.14866328,-0.9823475,False
13114,-0.0048806667,0.044110805,False
13104,-0.01769736,-0.01769736,False
13113,-0.12674588,-0.21040004,False
13111,-0.03623414,0.034518123,False
13110,0.049134344,-0.04605347,False
13109,-0.2726364,-0.21844721,False
13108,-0.066419,0.008967668,False
13107,0.20813489,0.2774378,False
13106,-0.02341656,-0.02341656,False
13112,-0.05143881,-0.2652601,False
13227,-0.041220307,-0.07843661,False
13156,-0.014354608,-0.014354608,False
13158,-0.016495526,-0.019038916,False
13195,0.04653147,5.2460186e-05,False
13196,-0.17499268,-0.09014064,False
13197,-0.036865473,0.14274776,False
13198,0.85288954,-0.31103826,False
13199,-0.008557413,0.055066,False
13200,-0.15431273,-0.116033256,False
13201,0.043918177,0.0405259,False
13202,0.22220433,-0.37768525,False
13203,-0.008921783,-0.008921783,False
13204,0.03517124,0.008963957,False
13205,-0.00905683,-0.008924917,False
13206,-0.08532041,0.02583626,False
13207,-0.034526438,-0.12549552,False
13208,0.060179695,-0.072658665,False
13209,0.0072613955,-0.050629377,False
13210,-0.016625285,-0.016625285,False
13211,-0.008471981,-0.03889104,False
13225,-0.026249785,-0.073694475,False
13224,-0.27873498,-0.22708547,False
13223,-0.057295993,-0.027749099,False
13222,0.043663997,-0.010351054,False
13221,0.027622819,-0.016937137,False
13220,-0.296489,-0.725667,False
13194,-0.0807935,0.23029208,False
13219,-0.23675525,-0.054466546,False
13217,-0.0048913304,0.010191051,False
13216,0.0,0.008922737,False
13215,-0.10821819,0.022613049,False
13214,0.010386936,-0.018365074,False
13213,-0.1898374,0.029124945,False
13212,-0.0031268876,-0.025148405,False
13218,-0.06781626,-0.4788916,False
13193,-0.0050043217,-0.0050043217,False
13192,-0.15641701,-0.123666056,False
13191,0.0031946301,-0.05482614,False
13172,0.0,0.00555733,False
13171,0.0,0.0,False
13170,-0.024692595,0.03472671,False
13169,-0.023016127,-0.023016127,False
13168,-0.06199056,-0.08888453,False
13167,-0.16372895,0.08237362,False
13173,-0.5413386,-0.21938157,False
13166,0.03894283,-0.08174348,False
13164,-0.7714093,-0.7693765,False
13163,-0.17454457,-0.39154804,False
13162,0.16855323,-0.07489395,False
13161,0.016309358,-0.06963812,False
13160,0.2648574,0.1604228,False
13159,0.015618384,-0.07985407,False
13165,0.055268586,-0.32434815,False
13157,-0.058544524,-0.027756236,False
13174,-0.014083033,-0.038213946,False
13176,-0.5155251,-0.5550606,False
13190,-0.14420289,-0.0504722,False
13189,0.03409946,0.0011948347,False
13188,0.039637595,0.016231984,False
13187,-0.21862987,-0.16506827,False
13186,0.16128936,-0.027897686,False
13185,0.050965935,0.0122382045,False
13175,0.0088882,0.011756033,False
13184,0.08016965,0.12236595,False
13182,-0.13874108,0.47489196,False
13181,0.046835735,0.0,False
13180,-0.04701359,-0.06834178,False
13179,-0.25159195,-0.17372257,False
13178,0.09340448,-0.01013577,False
13177,-0.05800873,-0.027787387,False
13183,0.080531865,0.042236164,False
13087,0.05787927,0.48459855,False
13369,-0.107839815,-0.055207625,False
13371,-0.0054362975,-0.0224684,False
13550,0.15395477,-0.04396242,False
13551,-0.084103644,-0.2539423,False
13552,0.0966886,0.04811257,False
13553,-0.051246755,-0.005758047,False
13554,-0.0073046237,0.02399908,False
13555,0.088288665,-0.06450218,False
13556,0.0115611935,0.045739662,False
13557,-0.014326302,-0.014326302,False
13558,0.0716477,-0.063804716,False
13559,-0.40411592,-0.035354376,False
13560,0.24262637,-0.12425387,False
13561,0.15761757,-0.10744643,False
13562,-0.0073014684,-0.006028793,False
13563,0.0,0.0,False
13564,0.0,0.0,False
13565,-0.13946861,0.15475571,False
13566,-0.05566305,-0.052785635,False
13580,-0.0155681055,-0.03705768,False
13579,-0.004523841,-0.004523841,False
13578,0.016755434,-0.005140204,False
13577,0.041031897,-0.050612926,False
13576,-0.013309658,-0.16473174,False
13575,-0.018605292,-0.18508437,False
13549,0.13745376,-0.057146996,False
13574,-0.1560967,-0.21991885,False
13572,0.04164596,0.02212298,False
13571,-0.94821274,-0.65257215,False
13570,0.0,0.0,False
13569,0.07757473,-0.10845101,False
13568,0.1296888,0.17138761,False
13567,-0.06598556,-0.0027796626,False
13573,-0.39751044,-0.09368545,False
13548,0.47604012,-0.02222526,False
13547,-0.037604988,0.032431602,False
13546,0.18818021,0.3825972,False
13527,0.10355234,-0.49900317,False
13526,-0.007218763,0.041686654,False
13525,0.0059282184,-0.04214835,False
13524,0.017771006,-0.031561643,False
13523,0.41905636,-0.0278517,False
13522,-0.0047549387,-0.0047549387,False
13528,-0.0029675998,-0.024690801,False
13521,0.0,0.0,False
13519,-0.0050570443,-0.0050570443,False
13518,0.019625146,-0.0047300747,False
13517,0.0,0.0,False
13516,0.0,0.0,False
13515,0.026440203,-0.056069985,False
13514,0.04832959,-0.035654582,False
13520,-0.015347753,-0.035744283,False
13581,-0.78124046,-0.7615216,False
13529,-0.48485327,-0.7869811,False
13531,-0.009286357,-0.009286357,False
13545,-0.0027872976,0.026603736,False
13544,-0.024095953,-0.04756826,False
13543,-0.08678286,-0.13125607,False
13542,-0.11338174,-0.31883514,False
13541,0.1195451,-0.17158568,False
13540,-0.30861175,-0.11978656,False
13530,-0.17872757,-0.06141144,False
13539,0.0007303953,0.06163764,False
13537,0.035588205,0.10650179,False
13536,-0.26065263,-0.10903138,False
13535,0.004538147,-0.019283218,False
13534,-0.0067569744,-0.02877605,False
13533,-0.31270242,-0.32111526,False
13532,0.09848198,0.032399297,False
13538,0.011811569,0.16033919,False
13513,0.12223105,0.08328386,False
13582,-0.08613688,-0.0029346645,False
13584,-0.05194503,-0.0023955703,False
13621,-0.026973091,-0.026973091,False
13622,-0.0099137435,-0.0099137435,False
13623,0.03410537,-0.009819326,False
13624,0.0,0.0016457171,False
13625,0.019956434,-0.0048346743,False
13626,-0.017657716,-0.03531714,False
13627,0.038542733,-0.004912503,False
13628,0.0033826642,-0.018726896,False
13629,0.019161165,-0.15979755,False
13630,-0.01998537,-0.01998537,False
13631,0.008281328,-0.014471322,False
13632,-0.0834857,-0.10287643,False
13633,-0.019007664,-0.019007664,False
13634,0.005756229,-0.018566195,False
13635,0.0,0.0,False
13636,-0.07313098,-0.011153266,False
13637,0.04016514,-0.023041548,False
13651,-0.0036482764,-0.0036482764,False
13650,-0.023915695,-0.023915695,False
13649,0.0,0.0,False
13648,-0.014836851,-0.014836851,False
13647,-0.037895735,-0.035306152,False
13646,0.0,0.0,False
13620,-0.0081656305,-0.0081656305,False
13645,-0.008289204,-0.008289204,False
13643,0.0,0.0,False
13642,-0.0051178043,-0.0051178043,False
13641,0.013546111,-0.008421216,False
13640,-0.020808905,-0.038093347,False
13639,-0.1426664,-0.03371544,False
13638,-0.024194717,-0.0667187,False
13644,0.0,0.0,False
13619,0.018843042,0.0,False
13618,0.017477635,-0.004857551,False
13617,-0.13063872,0.0077147484,False
13598,-0.2598903,-0.0145151615,False
13597,-0.057897925,-0.1797331,False
13596,0.008390874,0.11813441,False
13595,0.006177634,-0.036906518,False
13594,0.0071691237,-0.010097778,False
13593,-0.034149006,0.04710193,False
13599,-0.056147754,-0.027702853,False
13592,-0.017318994,-0.020108305,False
13590,-0.03471411,0.025127225,False
13589,-0.03750688,-0.22960398,False
13588,-0.16324621,-0.019636929,False
13587,0.0,0.0,False
13586,-0.004495575,0.0053261155,False
13585,-0.047193646,-0.016325712,False
13591,0.09508252,-0.038477957,False
13583,0.0002418235,0.040463634,False
13600,0.3343587,0.09454036,False
13602,0.09618211,0.019269407,False
13616,-0.03258878,0.32205504,False
13615,0.02052629,-0.13736612,False
13614,0.039732635,0.037664175,False
13613,-0.83651114,-0.2560264,False
13612,0.005597107,-0.040569715,False
13611,-0.12570965,-0.14011717,False
13601,0.0030819625,-0.09424498,False
13610,0.14417559,-0.14727902,False
13608,-0.004758813,-0.004758813,False
13607,-0.064691246,-0.063661665,False
13606,0.10378617,-0.12686229,False
13605,-0.61364746,-0.12429881,False
13604,-0.16939932,-0.21238112,False
13603,-0.4700148,-0.16711426,False
13609,0.09454844,0.018567156,False
13370,0.10534704,-0.21458222,False
13512,-0.034674518,-0.020457119,False
13510,0.021901928,-0.017537072,False
13408,0.026430845,0.0868606,False
13409,0.01574859,-0.20245844,False
13410,-0.2272731,-0.48423105,False
13411,0.040999353,-0.054529913,False
13412,-0.03685966,-0.02969402,False
13413,0.426754,-0.44394112,False
13414,0.022513002,-0.022715114,False
13415,-0.07831177,-0.2022498,False
13416,-0.06666866,0.058059037,False
13417,-0.13369298,-0.19641984,False
13418,-0.12814423,0.24500453,False
13419,0.00017230958,-0.033818483,False
13420,0.0151000535,-0.004887038,False
13421,0.005184967,-0.012597164,False
13422,-0.005336091,-0.06419405,False
13423,0.011364788,-0.03930056,False
13424,0.03217274,0.045111716,False
13438,-0.022974292,-0.022974292,False
13437,-0.015038893,0.009706989,False
13436,-0.0047905953,-0.0047905953,False
13435,-0.004503161,-0.004503161,False
13434,0.0,0.0,False
13433,0.0232378,0.0,False
13407,0.04420224,-0.052597374,False
13432,-0.01781635,-0.052884758,False
13430,-0.04439172,-0.030002683,False
13429,-0.24218595,-0.031086087,False
13428,-0.051110536,-0.1391673,False
13427,0.038521796,-0.03332573,False
13426,-0.13247105,-0.1804556,False
13425,-0.14258502,-0.13509917,False
13431,0.03317684,-0.14366266,False
13406,-0.28864038,-0.03927529,False
13405,-0.22711304,-0.22383383,False
13404,0.09096426,-0.1479356,False
13385,0.052669644,-0.10069594,False
13384,-0.10969508,-0.16539323,False
13383,0.06914437,-0.010084987,False
13382,-0.027431276,-0.04972799,False
13381,0.034741152,0.00071735866,False
13380,0.011929222,-0.00896665,False
13386,-0.030967966,0.032547604,False
13379,-0.12546751,-0.17135718,False
13377,0.0,0.0,False
13376,-0.023416713,-0.06508826,False
13375,0.00339669,-0.11775684,False
13374,-0.5129068,0.036125183,False
13373,-0.24024665,0.18651986,False
13372,-0.4386748,-0.02244097,False
13378,-0.15032221,-0.07010442,False
13439,0.0344854,-0.00984535,False
13387,0.25597358,-0.059585214,False
13389,-0.10546863,-0.19073433,False
13403,-0.07334602,-0.01068534,False
13402,-0.1936652,-0.057295382,False
13401,0.0033296049,-0.14651656,False
13400,0.035837233,0.13346434,False
13399,0.025804624,-0.012413867,False
13398,0.03616524,-0.0045462074,False
13388,0.0114474,0.0064809322,False
13397,-0.009703321,-0.009703321,False
13395,-0.07325663,-0.11869292,False
13394,-0.014216905,-0.014216905,False
13393,-0.0044222353,-0.0044222353,False
13392,-0.08765137,-0.019771576,False
13391,0.026344676,-0.024196748,False
13390,0.08025089,-0.06356027,False
13396,-0.009835035,0.0015738085,False
13511,0.01563552,-0.007337698,False
13440,-0.014237912,-0.014237912,False
13442,0.03550031,-0.010212729,False
13479,-0.021959716,-0.021959716,False
13480,0.008128673,-0.015384784,False
13481,-0.004685581,-0.004685581,False
13482,-0.003648024,-0.027506048,False
13483,0.0027398393,-0.019556876,False
13484,0.009956828,-0.014365596,False
13485,-0.042928454,-0.042928454,False
13486,0.0,0.0,False
13487,-0.019392395,-0.016445871,False
13488,-0.05491106,-0.05491106,False
13489,-0.014016908,-0.014016908,False
13490,0.012961282,-0.009099499,False
13491,0.0099549815,-0.012638472,False
13492,-0.019135382,-0.05831225,False
13493,0.007768197,-0.0073678643,False
13494,0.008154918,-0.012780118,False
13495,0.0,0.0,False
13509,0.026963167,-0.019904196,False
13508,0.046191975,0.0,False
13507,0.0,0.0,False
13506,-0.009773128,-0.009773128,False
13505,-0.0036848104,-0.0036848104,False
13504,-0.0098509975,-0.031797487,False
13478,-0.01596871,-0.01596871,False
13503,0.0,0.0,False
13501,0.0015552305,-0.01987355,False
13500,0.0,0.0,False
13499,0.0,0.0,False
13498,-0.009964798,-0.009964798,False
13497,0.0,0.0,False
13496,-0.012125786,-0.03375688,False
13502,-0.009507211,-0.009507211,False
13477,-0.0032752343,-0.0453129,False
13476,-0.032954343,-0.013935968,False
13475,-0.004047248,-0.004047248,False
13456,-0.0014700629,-0.016603328,False
13455,-0.024111848,-0.024111848,False
13454,0.052990366,-0.00843166,False
13453,0.035547674,-0.030101612,False
13452,-0.027906481,-0.026995886,False
13451,0.005207848,-0.013449173,False
13457,-0.0044944426,-0.0044944426,False
13450,0.037182152,0.2622881,False
13448,0.018960863,-0.07009911,False
13447,-0.032623224,0.012968913,False
13446,-0.013639601,-0.013639601,False
13445,-0.0043655983,-0.0043655983,False
13444,-0.014306098,-0.014306098,False
13443,-0.013917318,-0.013917318,False
13449,0.03858736,0.0,False
13441,-0.0009552315,-0.020942323,False
13458,0.013539951,-0.008230172,False
13460,0.014953712,-0.008375809,False
13474,0.0,0.0,False
13473,-0.004968039,-0.004968039,False
13472,-0.009685544,-0.009685544,False
13471,-0.0043808636,-0.0043808636,False
13470,-0.004356498,-0.004356498,False
13469,-0.04777754,-0.070519514,False
13459,0.013061555,-0.009356147,False
13468,0.0011616796,-0.04544265,False
13466,0.0,0.0,False
13465,-0.0074247625,-0.024220273,False
13464,-0.046085827,-0.046085827,False
13463,-0.047134597,-0.039657526,False
13462,0.009150326,-0.014508167,False
13461,0.009216021,-0.014453377,False
13467,-0.034082983,-0.034082983,False
13086,0.0,0.0,False
13085,-0.008891855,0.028607234,False
13084,0.05928594,-0.06283617,False
12695,0.009530321,-0.0743034,False
12696,-0.05106333,-0.08637303,False
12697,0.25727236,0.118810534,False
12698,-0.048367716,-0.13683553,False
12699,-0.16381067,-0.21682018,False
12700,0.1809237,0.18869495,False
12701,0.00037825108,0.069101945,False
12702,-0.4337759,-0.46141934,False
12703,-0.5921471,-0.6836419,False
12704,-0.40691733,-0.71169937,False
12705,-0.12197304,0.07187605,False
12706,-0.69877553,-1.0589879,False
12707,-0.27911305,-0.49362993,False
12708,-0.21799192,-0.24652049,False
12709,-0.027741147,-0.027741147,False
12710,-0.37371826,-0.3381076,False
12711,-0.0075416397,-0.03090482,False
12725,-0.2728896,-0.19059682,False
12724,-0.022229027,-0.022229027,False
12723,-0.17567027,-0.28874993,False
12722,-1.0777578,-1.1346283,False
12721,0.49337113,0.25770938,False
12720,-1.2126942,-0.99839115,False
12694,-0.0068795066,-0.026016414,False
12719,-0.41088796,-0.46648347,False
12717,-0.254292,-0.2930311,False
12716,-0.46068525,-0.28607154,False
12715,-0.8572345,-0.58781123,False
12714,-0.27804852,-0.47792745,False
12713,-0.85942984,-0.99713933,False
12712,-0.41405702,-0.3571105,False
12718,-0.37924957,-0.2915759,False
12693,-0.055817544,-0.05134049,False
12692,-0.47438753,0.043059587,False
12691,0.06467605,-0.051731408,False
12672,-0.03734284,-0.032211818,False
12671,0.0,5.2593954e-05,False
12670,-0.7313385,-0.22538137,False
12669,0.17661452,0.1631515,False
12668,-0.024524152,0.026557267,False
12667,-0.11112121,0.16865328,False
12673,-0.010760259,-0.031258408,False
12666,-0.0092736,-0.03352561,False
12664,0.0011150651,0.036771607,False
12663,0.10370289,0.08142118,False
12662,-0.12716717,-0.102399945,False
12661,-0.012888373,-0.012854577,False
12660,-0.01872005,-0.01872005,False
12659,-0.08896603,0.025671303,False
12665,-0.103649154,0.02608791,False
12726,-0.2054187,-0.07558787,False
12674,-0.022754217,-0.019573249,False
12676,-0.025268827,-0.047376726,False
12690,-0.12133169,-0.04496634,False
12689,0.052054703,-0.15474738,False
12688,0.018016983,-0.005092763,False
12687,-0.0042173397,-0.0042173397,False
12686,-0.13858423,0.063742176,False
12685,0.019311545,-0.0027495748,False
12675,0.0,0.0010231946,False
12684,-0.0051389164,0.0036607455,False
12682,0.0,0.0009817878,False
12681,-0.019306011,-0.019306011,False
12680,0.0,0.3666157,False
12679,-0.023311349,-0.015772462,False
12678,-0.011331933,-0.01027087,False
12677,-0.0068176836,-0.070269585,False
12683,0.0,0.0024836757,False
12658,0.008532882,-0.009126544,False
12727,-0.04519604,0.03212627,False
12729,-0.494601,-0.009320259,False
12766,0.06696651,-0.023308575,False
12767,0.068712234,0.13317055,False
12768,-0.29524833,-0.22698432,False
12769,0.107559025,-0.053605467,False
12770,-0.13381076,0.013857365,False
12771,-0.064235404,-0.017329201,False
12772,-0.045261085,0.044237822,False
12773,-0.27356237,-0.12327832,False
12774,-0.004478542,0.058611363,False
12775,0.031266846,-0.014330346,False
12776,-0.0040650247,-0.0040650247,False
12777,-0.13699871,-0.17179191,False
12778,-0.05514869,-0.09621148,False
12779,0.037325263,0.025531054,False
12780,-0.02765444,-0.02765444,False
12781,-0.018726826,0.083417386,False
12782,-0.0033912933,0.047700956,False
12797,-0.045231923,-0.09141585,False
12795,-0.00990173,-0.009433957,False
12794,0.019596472,0.09449747,False
12793,0.0,0.011101321,False
12792,-0.003376223,-0.003357365,False
12791,-0.024429852,0.036836594,False
12765,-0.056366358,-0.045567848,False
12790,-0.751364,-0.16489792,False
12788,-0.20866278,-0.062281907,False
12787,0.032904297,-0.019902013,False
12786,0.0,0.0,False
12785,0.0115676485,0.28463733,False
12784,-0.0053632967,0.009169516,False
12783,0.0,0.0,False
12789,-0.009985121,0.018232774,False
12764,0.07050273,0.19124952,False
12763,0.06684732,0.104643025,False
12762,0.0,0.0,False
12743,0.058944426,0.013885997,False
12742,0.0315492,-0.03470537,False
12741,-0.29372656,-0.10771406,False
12740,0.018019468,0.12831828,False
12739,-0.20768714,-0.23178113,False
12738,-0.22350514,-0.34392196,False
12744,-0.29959047,-0.21083426,False
12737,-0.28968287,-0.24436688,False
12735,-0.47448707,-0.27118468,False
12734,0.016561091,-0.034532905,False
12733,-0.31072098,-0.27621132,False
12732,-0.083646715,-0.09200695,False
12731,-0.11337161,-0.13195002,False
12730,-0.04699719,-0.44477236,False
12736,-0.46153975,-0.21523881,False
12728,-0.46552622,-0.4763962,False
12745,-0.51345253,-0.34294677,False
12747,-0.6506057,-0.9747491,False
12761,0.030045241,-0.03079702,False
12760,-0.011375904,-0.011375904,False
12759,0.0026709214,0.007843308,False
12758,0.261317,-0.0025427341,False
12757,0.04716134,-0.089642346,False
12756,-0.051005647,-0.00072592497,False
12746,-0.08440027,0.0028235316,False
12755,0.11478889,0.03330058,False
12753,-0.15654239,-0.13170248,False
12752,-0.2624598,-0.21227902,False
12751,0.013724983,0.024124265,False
12750,-0.06400862,0.019352078,False
12749,0.0045549497,-0.033366967,False
12748,-1.341593,-1.0824611,False
12754,0.018731236,-0.20260489,False
12798,0.0,0.0,False
12657,0.0043762717,-0.019549597,False
12655,-0.008925113,-0.008925113,False
12553,0.6934252,0.058410406,False
12554,0.06494269,0.076018214,False
12555,0.01685434,0.0,False
12556,0.116593614,-0.018188745,False
12557,-0.98131514,-0.15467525,False
12558,-0.37979805,0.3341651,False
12559,-0.16389239,0.04895425,False
12560,-0.46274704,-0.34313864,False
12561,-0.6580882,-0.61041355,False
12562,0.11577034,-1.21593475e-05,False
12563,0.03451574,-0.06657381,False
12564,-0.9984908,-0.5718138,False
12565,-0.019916378,-0.08792506,False
12566,-0.0046034134,-0.0046034134,False
12567,-0.11581653,-0.13086206,False
12568,-0.113911375,-0.08644407,False
12569,-0.122029185,0.047795117,False
12583,-0.21374148,0.50982785,False
12582,-0.006078437,-0.0055898577,False
12581,0.04607752,0.06186445,False
12580,-0.008324385,-0.07150258,False
12579,0.008048534,0.10356468,False
12578,-0.10138022,0.035038322,False
12552,0.0410036,-0.039645597,False
12577,-0.06747916,-0.09740612,False
12575,-0.043014262,0.027701907,False
12574,-0.18195415,-0.21950582,False
12573,-0.041859508,-0.04160577,False
12572,-0.012755834,-0.011657985,False
12571,0.08143015,0.28526032,False
12570,0.216853,0.23896912,False
12576,-0.034927845,0.13088846,False
12551,0.029969469,-0.059508238,False
12550,0.030036103,-0.048066653,False
12549,-0.07184459,0.46750075,False
12530,-0.0009125173,-0.042744733,False
12529,-0.12279695,0.043432474,False
12528,0.12747657,0.09873104,False
12527,-0.14389202,-0.078617334,False
12526,-0.057892203,-0.02047664,False
12525,0.0048931614,-0.03490062,False
12531,-0.07978997,0.14008984,False
12524,-0.059568956,0.032247603,False
12522,0.026596546,0.04665792,False
12521,-0.11023581,-0.12084234,False
12520,0.012253642,-0.119339764,False
12519,0.013951205,0.04026846,False
12518,0.059663206,0.025464013,False
12517,-0.40816593,-0.07047331,False
12523,0.0,0.0,False
12584,-0.03850913,-0.06367868,False
12532,0.024313912,0.0,False
12534,-0.20048365,-0.18468177,False
12548,-0.08869308,-0.2040357,False
12547,0.06953006,-0.050367065,False
12546,0.024615914,-0.00695619,False
12545,0.037979133,-0.008399035,False
12544,-0.009503056,0.026998207,False
12543,-0.008721001,-0.10532471,False
12533,-0.009316331,-0.009316331,False
12542,-0.1833382,-0.20279965,False
12540,-0.03692303,-0.058711443,False
12539,0.075645685,0.06983763,False
12538,-0.050807163,-0.09700079,False
12537,-0.0825727,-0.31374267,False
12536,0.039499402,-0.098781824,False
12535,0.028688312,-0.076002836,False
12541,0.07184376,0.12410991,False
12656,0.00825527,-0.012401131,False
12585,0.14025712,-0.12752497,False
12587,0.056925535,0.0069485903,False
12624,-0.05225884,-0.08762566,False
12625,0.016338725,-0.0094431145,False
12626,-0.00403199,0.03962174,False
12627,-0.05359921,-0.043280065,False
12628,0.0,0.0,False
12629,-0.025889054,0.014391243,False
12630,0.0,0.0,False
12631,-0.08384582,0.00618805,False
12632,0.08466226,0.08364004,False
12633,-0.22971138,-0.04949498,False
12634,-0.15260074,-0.1756557,False
12635,-0.033875346,-0.069894195,False
12636,-0.12663424,-0.06523061,False
12637,0.02564621,-0.049498677,False
12638,-0.02438125,-0.12843204,False
12639,-0.18396392,-0.08106217,False
12640,-0.18363762,-0.052362204,False
12654,-0.17629063,-0.005148232,False
12653,0.15683743,-0.047844157,False
12652,-0.0026323441,-0.025297487,False
12651,-0.2513535,-0.3049233,False
12650,-0.086174145,0.106303126,False
12649,-0.0004507266,-0.034231026,False
12623,0.010771687,-0.0043615783,False
12648,-0.216721,-0.124320686,False
12646,-0.165739,-0.11284977,False
12645,0.24565315,0.018268228,False
12644,0.113870025,-0.08283067,False
12643,-0.086643934,-0.16330051,False
12642,-0.43972468,-0.25974822,False
12641,-0.028726041,-0.068398975,False
12647,0.14807251,0.04545358,False
12622,0.022243418,-0.018268205,False
12621,-0.011965293,-0.011965293,False
12620,0.09738079,0.0858933,False
12601,0.13398695,0.019653365,False
12600,-0.023234725,0.094575405,False
12599,0.020765007,0.57204944,False
12598,0.011470434,0.20679107,False
12597,0.06435992,-0.02793841,False
12596,0.0028317273,0.46634898,False
12602,-0.2532665,-0.35853106,False
12595,0.26276195,-0.1681858,False
12593,0.8025582,-0.47156453,False
12592,-0.013793513,0.10871061,False
12591,-0.03175471,-0.023493608,False
12590,0.004286114,-0.018156756,False
12589,-0.049989074,0.15546042,False
12588,-0.03430277,-0.080649294,False
12594,-0.00024676323,0.013534576,False
12586,-0.036730528,-0.07529324,False
12603,-0.0789454,-0.069662094,False
12605,-0.005575989,-0.005575989,False
12619,-0.023262024,-0.041399106,False
12618,-0.0506825,0.034903288,False
12617,-0.026055306,0.06816362,False
12616,0.0644927,0.023274392,False
12615,0.023283571,-0.003000483,False
12614,-0.056241587,0.0037230104,False
12604,-0.28574038,-0.12972558,False
12613,-0.25225794,0.9941168,False
12611,-0.004350482,-0.002648594,False
12610,-0.12589455,0.07121259,False
12609,-0.12531167,-0.026717246,False
12608,-0.08977026,-0.24418873,False
12607,0.05588579,-0.0009242296,False
12606,0.0078052245,-0.013825867,False
12612,-0.36690176,-0.53297615,False
12799,-0.27841666,-0.23933741,False
12800,-0.1802401,-0.10484278,False
12801,-0.010015583,-0.031463444,False
12982,0.0060696676,-0.05579441,False
12983,-0.06535524,-0.0639848,False
12984,0.08843906,0.09872919,False
12985,0.2034846,-0.23015428,False
12986,0.008181274,-0.1888321,False
12987,-0.038732566,0.0007624775,False
12988,0.09703049,-0.04283303,False
12989,-0.16361132,0.03417477,False
12990,0.046872437,-0.013335347,False
12991,0.3193636,-0.026367903,False
12992,-0.014694601,-0.014694601,False
12993,-1.3861647,-0.70673347,False
12994,0.0,0.0,False
12995,0.016604647,-0.0008270331,False
12996,0.14501047,-0.17540407,False
12997,-0.058907777,0.006030977,False
12998,-0.054594576,-0.13655597,False
13012,0.113710955,0.03415127,False
13011,0.029947177,0.06006144,False
13010,-0.24175182,-0.044695497,False
13009,-0.041676298,-0.051142618,False
13008,1.6406178e-05,-0.02371182,False
13007,-0.11459999,-0.09773872,False
12981,0.26188684,-0.2072475,False
13006,0.2505084,0.28015414,False
13004,-0.08877063,0.12628841,False
13003,-0.060047984,-0.057094574,False
13002,-0.010268965,-0.010268965,False
13001,0.24340868,0.25334358,False
13000,-0.08346878,0.025261968,False
12999,0.04930301,-0.062070437,False
13005,-0.13704231,-0.058193073,False
12980,-0.1615816,-0.027928293,False
12979,-0.03930948,0.12228848,False
12978,-0.27541184,-0.4913264,False
12959,0.091078654,-0.054482974,False
12958,-0.0074428525,0.01782158,False
12957,-0.05282867,-0.08974889,False
12956,0.0,0.0,False
12955,-0.1599108,-0.25203133,False
12954,-0.052836955,-0.10866594,False
12960,-0.004365054,-0.00017748121,False
12953,-0.0140005015,-0.041036922,False
12951,-0.0075544566,-0.063582376,False
12950,-0.013612052,-0.03064695,False
12949,0.0,0.00053580286,False
12948,0.1642259,0.2136989,False
12947,-0.012855262,-0.12142536,False
12946,-0.12907062,-0.25113025,False
12952,0.018684378,-0.027443297,False
13013,0.03321374,0.0065770335,False
12961,0.017659426,0.0,False
12963,-0.026625752,0.056320697,False
12977,-0.18608177,-0.18255544,False
12976,0.44045162,-0.14429235,False
12975,0.009298102,-0.014411523,False
12974,0.22197187,0.077457845,False
12973,-0.33105576,-0.26840222,False
12972,-0.6323054,-0.45398867,False
12962,-0.064233184,0.30303955,False
12971,0.0,0.00103424,False
12969,-0.0047551068,-0.0047218017,False
12968,-0.18630135,-0.038660884,False
12967,-0.06159997,0.067441225,False
12966,-0.3373363,-0.14148653,False
12965,0.12588495,0.16556257,False
12964,0.027898729,-0.026682794,False
12970,-0.122606754,-0.17406368,False
12945,-0.05042985,0.030500352,False
13014,-0.101592444,0.05388069,False
13016,-0.009868009,-0.009868009,False
13053,-0.053211883,0.24744117,False
13054,-0.050482213,0.25299674,False
13055,-0.0669536,-0.094831645,False
13056,-0.0002937019,-0.027303152,False
13057,0.2680378,-0.05341482,False
13058,-0.093080014,-0.0570893,False
13059,-0.011947498,-0.12581202,False
13060,-0.023138463,-0.18545364,False
13061,-0.013658516,-0.013658516,False
13062,-0.004762195,-0.0003810767,False
13063,0.0,0.0,False
13064,0.060699493,-0.14241005,False
13065,0.096668534,-0.019883832,False
13066,0.024676392,-0.019800467,False
13067,-0.012171697,0.033979278,False
13068,-0.013196252,-0.0042797923,False
13069,-0.5909362,-0.14726996,False
13083,0.21705163,-0.40737617,False
13082,-0.017665803,-0.017664714,False
13081,-0.2948489,-0.20454586,False
13080,-0.042487398,-0.03761803,False
13079,-0.0011314563,-0.02131983,False
13078,0.02400712,0.044755794,False
13052,-0.21651739,-0.09201616,False
13077,-0.014263444,-0.014263444,False
13075,0.14589927,0.5881574,False
13074,-0.003665166,-0.0036405965,False
13073,-0.2820803,0.23018694,False
13072,0.11193204,-0.14622954,False
13071,-0.09770438,-0.07595727,False
13070,-0.29266962,-0.31943157,False
13076,0.039317578,-0.015071224,False
13051,0.006383054,-0.013933068,False
13050,0.1320374,-0.14285469,False
13049,-0.12953174,0.27456594,False
13030,0.02881758,0.027947947,False
13029,-0.09450987,-0.08723703,False
13028,-0.0028753132,0.096374065,False
13027,-0.0011027958,-0.022150679,False
13026,0.04612571,-0.13529995,False
13025,0.027554631,0.30335128,False
13031,0.0052110106,-0.06454166,False
13024,-0.08663833,-0.3376307,False
13022,0.0,0.0,False
13021,0.0,0.0,False
13020,0.07454193,-0.025665123,False
13019,0.0,0.0,False
13018,0.006346822,-0.11109227,False
13017,-0.0117326975,-0.021155328,False
13023,-0.055063248,-0.13820148,False
13015,-0.017188191,-0.30676824,False
13032,-0.83067083,-1.407598,False
13034,0.039069176,-0.05804787,False
13048,-0.35553706,-0.14853215,False
13047,0.10551661,0.036433846,False
13046,0.009039342,0.14418608,False
13045,-0.036459982,0.12566584,False
13044,0.14595404,0.0792267,False
13043,0.05322188,-0.04732251,False
13033,-0.15995586,-0.23142588,False
13042,0.0,0.0,False
13040,0.025393248,-0.30001223,False
13039,-0.38514233,-0.7248025,False
13038,0.013409209,-0.008256088,False
13037,0.06440854,-0.007933315,False
13036,-0.0036848104,-0.0036848104,False
13035,0.043561935,-0.16505107,False
13041,-0.0032996237,-0.080507874,False
12944,-0.04838943,0.19476444,False
12943,0.007413918,0.03897015,False
12942,0.09050059,-0.24310178,False
12839,-0.019209549,-0.10243916,False
12840,-0.11531174,-0.09167656,False
12841,0.17353225,0.036067247,False
12842,0.008178949,-0.10748169,False
12843,-0.47202826,-0.026561558,False
12844,-0.17351761,0.020939767,False
12845,0.027160957,-0.019216936,False
12846,0.0,0.0,False
12847,0.057922266,-0.013518453,False
12848,0.09136844,-0.06374514,False
12849,0.09758878,0.14278817,False
12850,0.4400922,0.101344526,False
12851,-0.26672685,-0.3657686,False
12852,0.09175658,-0.068452716,False
12853,-0.0032915473,-0.027604222,False
12854,-0.09978789,-0.0961715,False
12855,-0.014325216,-0.020851001,False
12869,-0.0019991845,-0.065839216,False
12868,-0.046783656,-0.050625995,False
12867,0.1387245,-0.009458721,False
12866,-0.004266426,-0.048636727,False
12865,-0.09942436,-0.08450639,False
12864,0.024049148,0.055743337,False
12838,0.016699862,-0.004892896,False
12863,-0.043203928,0.04079607,False
12861,-0.023363288,-0.023363288,False
12860,0.0,0.000116931675,False
12859,-0.10205193,-0.055228814,False
12858,-0.3783968,-0.060816646,False
12857,-0.06324566,-0.117253095,False
12856,-0.16422248,-0.39372754,False
12862,-0.004151061,-0.058336187,False
12837,-0.20484146,-0.14610204,False
12836,0.021335483,-0.100700244,False
12835,0.01336144,-0.0042979857,False
12815,-0.74424505,-0.40805745,False
12814,-0.052530766,-0.06362492,False
12813,0.023475543,-0.06042828,False
12812,-0.037478924,-0.00082209706,False
12811,-0.007213939,-0.026324622,False
12810,0.039640665,0.21464324,False
12816,-0.18659854,-0.00081944466,False
12809,0.023286404,-0.02443975,False
12807,-0.08255634,-0.13656516,False
12806,-0.008220762,-0.03516319,False
12805,0.025321433,0.0,False
12804,-0.012381081,-0.02939044,False
12803,-0.092256546,-0.4370494,False
12802,0.0,3.280555e-06,False
12808,-0.13131338,-0.036485136,False
12870,-0.08535528,-0.21899676,False
12817,0.19574592,-0.15520109,False
12819,-0.0023700893,-0.043189503,False
12834,-0.16458103,-0.07367976,False
12833,-0.2442131,-0.10087654,False
12832,-0.019710898,-0.019673077,False
12831,0.046647012,0.015640885,False
12830,-0.37167883,0.19023275,False
12829,-0.3639813,0.12094176,False
12818,0.023709625,6.03676e-06,False
12828,0.06274688,-0.068746224,False
12825,-0.09602964,0.53540695,False
12824,0.0023229122,-0.013382971,False
12823,-0.5535578,0.03399241,False
12822,-0.019436983,-0.019436983,False
12821,-0.10715222,-0.16970444,False
12820,0.02875197,0.12180966,False
12827,-0.3228979,-0.13274378,False
12871,0.095287405,-0.04404725,False
12872,0.035600856,0.015010431,False
12873,-0.002750203,0.18369795,False
12923,-0.0050101043,-0.0050101043,False
12922,-0.460693,-0.41996324,False
12921,-0.28973183,-0.3416423,False
12920,0.017104879,-0.110044904,False
12919,0.035749953,-0.0028785896,False
12918,-0.20033789,-0.14241552,False
12924,-0.23108488,-0.13285065,False
12917,0.040094923,0.029195499,False
12915,0.007910901,-0.014799205,False
12914,-0.052850842,0.35775745,False
12913,-0.032161415,0.063035,False
12912,0.035547495,0.21967274,False
12911,-0.30769753,-0.36387956,False
12910,-0.09273052,-0.06226647,False
12916,0.0569022,0.010806948,False
12909,0.13295639,0.023565054,False
12925,0.0,0.0040637963,False
12927,-0.12799865,-0.050063968,False
12941,-0.19181067,-0.3386461,False
12940,0.54431057,-0.095143795,False
12939,-0.25138378,-0.09746662,False
12938,-0.35139966,-0.20128417,False
12937,-0.59733146,-0.1388855,False
12936,-0.012470156,0.05931261,False
12926,-0.13667977,-0.1139915,False
12935,0.013620284,-0.0039801123,False
12933,-0.008140995,-0.007412943,False
12932,-0.022801355,-0.06904927,False
12931,-0.013573913,-0.013573913,False
12930,-0.04550308,-0.09319162,False
12929,-0.41614187,-0.17012453,False
12928,-0.0017480254,-0.081735276,False
12934,0.14969212,0.0064920783,False
11375,-0.09553748,-0.09567553,False
12908,-0.24205017,0.08362293,False
12906,-0.092711985,-0.024668336,False
12887,-0.29667205,0.04449463,False
12886,0.17562705,0.06799638,False
12885,0.12537056,0.9022478,False
12884,-0.09979853,-0.052836746,False
12883,0.008570265,-0.038000517,False
12882,-0.004955982,0.010035034,False
12888,-0.0009076409,-0.036366053,False
12881,-0.054727737,0.04854042,False
12879,0.17504752,-0.13415629,False
12878,-0.06911074,-0.06911074,False
12877,-0.15501006,-0.091721535,False
12876,-0.04940629,-0.28947842,False
12875,-0.007057423,-0.024742732,False
12874,-0.07507053,0.07147383,False
12880,0.1570673,0.0056795776,False
12907,-0.10199335,-0.170383,False
12889,0.1735282,-0.07292771,False
12891,0.10038096,0.14292192,False
12905,-0.14935821,-0.17554784,False
12904,-0.022345006,-0.2059291,False
12903,-0.035005122,-0.17039575,False
12902,0.11913395,-0.004340142,False
12901,0.04781671,-0.069003165,False
12900,0.10384324,0.045597643,False
12890,0.017685309,0.0,False
12899,0.27447176,-0.17941332,False
12897,-0.02686134,0.117001235,False
12896,0.014975075,-0.0010087988,False
12895,0.058455784,-0.028456844,False
12894,0.0054332614,-0.0866247,False
12893,-0.28101915,-0.29965413,False
12892,0.021561652,-0.03784746,False
12898,0.009298208,-0.008483923,False
11374,-0.1037164,0.01885295,False
11373,0.05763215,0.0425981,False
11372,0.010432273,-0.18234095,False
9846,0.0,0.0,False
9847,-0.32441044,-0.28528547,False
9848,0.01949367,0.0261347,False
9849,0.082926065,-0.108520985,False
9850,0.054197095,-0.050905272,False
9851,0.021365657,-0.04943216,False
9852,-0.28682595,-0.5445757,False
9853,0.010738596,-0.034016404,False
9854,0.017660549,0.11878506,False
9855,0.0,0.0,False
9856,-0.09263135,0.0022718608,False
9857,0.042563662,0.027383495,False
9858,-0.083100446,-0.019687608,False
9859,-0.011980057,-0.2295616,False
9860,-0.004661479,-0.004661479,False
9861,-0.3356889,0.03319013,False
9862,0.27026343,-0.3993503,False
9876,-0.47396827,-0.12204862,False
9875,-0.009172298,-0.009172298,False
9874,-0.15435171,-0.06782341,False
9873,0.73281336,-0.33831692,False
9872,-0.58842146,-0.52754056,False
9871,-0.33267343,-0.28433073,False
9845,-0.056490496,-0.011006549,False
9870,-0.13576162,-0.05051303,False
9868,-0.066109896,-0.18277037,False
9867,-0.016378254,0.045740277,False
9866,-0.31837022,-0.011608601,False
9865,0.01685957,-0.0042173397,False
9864,-0.058705032,-0.03270787,False
9863,0.005595386,0.017322332,False
9869,-0.5020306,-0.40581512,False
9844,-0.19924891,-0.01801616,False
9842,-0.046781853,0.025787413,False
9841,0.062017,-0.019788906,False
9822,-0.03364539,-0.19415116,False
9821,0.08375451,0.014717191,False
9820,-0.011337241,-0.034900058,False
9819,0.008233056,-0.013946966,False
9818,-0.0051983595,0.016924828,False
9817,0.026808828,0.08251131,False
9823,-0.043832608,-0.045406766,False
9816,-0.009923771,-0.009923771,False
9814,0.21352986,-0.005035296,False
9813,0.041308917,-0.063075125,False
9812,-0.038333714,-0.030144356,False
9811,-0.05279237,-0.03834112,False
9810,-0.009698762,-0.033394933,False
9809,0.027476497,-0.05482089,False
9815,0.0,0.0,False
9877,-0.009909244,-0.009909244,False
9824,0.023239918,0.0106546655,False
9826,-0.007603053,-0.052760486,False
9840,0.02390787,0.03934388,False
9839,0.0,0.0,False
9838,0.01417459,-0.008764936,False
9837,0.533257,0.18369627,False
9836,0.07690078,0.090051144,False
9835,-0.0036233715,-0.0036233715,False
9825,-0.043470293,-0.12289734,False
9834,0.06902449,0.110031396,False
9832,0.0,0.0,False
9831,0.008382633,0.019288614,False
9830,0.017009359,0.0,False
9829,-0.2039918,-0.11663872,False
9828,-0.2728826,0.02800566,False
9827,0.04831989,-0.022943288,False
9833,-0.06907154,-0.087447226,False
9808,-0.02778721,-0.024912164,False
9878,0.18566965,0.024709761,False
9880,-0.041793764,0.060679793,False
9917,0.012788547,-0.008555012,False
9918,-0.004707792,-0.004707792,False
9919,-0.28653646,-0.04963696,False
9920,0.028797865,-0.040746212,False
9921,0.014782846,-0.21435958,False
9922,-0.24738967,-0.20490801,False
9923,-0.3366462,-0.12552547,False
9924,-0.3266868,-0.13816059,False
9925,-0.012596459,-0.012596459,False
9926,-0.24567273,-0.13044566,False
9927,0.04501465,0.002214253,False
9928,-0.033379424,-0.033379424,False
9929,-0.42030215,-1.19027,False
9930,-0.21829486,0.021065295,False
9931,-0.052954447,0.01731221,False
9932,0.4069329,-0.62519,False
9933,0.5050144,0.7160003,False
9947,0.24474639,0.5294215,False
9946,-0.43330422,-0.38959903,False
9945,0.009240553,0.11391379,False
9944,-0.03582844,0.006191522,False
9943,-0.43996453,-0.054001093,False
9942,0.059392944,-0.05505091,False
9916,0.0,0.0,False
9941,-0.3857671,-0.39554954,False
9939,-0.010292506,-0.010292506,False
9938,0.032617047,-0.06380523,False
9937,0.0,0.0,False
9936,0.028039746,0.04150466,False
9935,-0.016109765,-0.03989789,False
9934,-0.21685505,0.021095216,False
9940,0.0,0.0,False
9915,-0.31447148,-0.8935313,False
9914,-0.7541746,-0.5421232,False
9913,-0.043622732,-0.042642646,False
9894,-0.22446054,-0.34824836,False
9893,-0.06620142,-0.023775905,False
9892,-0.25626945,-0.24196815,False
9891,-0.004685425,-0.0039333077,False
9890,0.0151545955,0.0004943479,False
9889,-0.04178759,-0.041301582,False
9895,-0.16922075,-0.06534207,False
9888,0.035108164,-0.07446545,False
9886,0.0,0.0,False
9885,-0.0143976435,-0.0143976435,False
9884,0.0008077584,-0.051964913,False
9883,0.38866568,-0.27926207,False
9882,0.29071116,-0.07276094,False
9881,-0.2338909,-0.24731238,False
9887,-0.04866618,-0.02062726,False
9879,-0.045311254,-0.009062327,False
9896,0.18759012,-0.012562394,False
9898,-0.01911728,-0.018982498,False
9912,0.022335187,0.0,False
9911,0.028446019,-0.32605654,False
9910,-0.14257538,-0.027255118,False
9909,-0.031214893,-0.042881906,False
9908,0.0033503287,-0.018314969,False
9907,-0.71609783,-0.96048117,False
9897,-0.2970264,0.023960114,False
9906,-0.107132286,-0.056867093,False
9904,-0.02405373,-0.02405373,False
9903,-0.059641764,-0.10117725,False
9902,-0.33611798,-1.6740096,False
9901,-0.0026968718,0.14590162,False
9900,-0.082472056,-0.3163658,False
9899,0.023658494,0.0,False
9905,-0.00305094,0.0048262365,False
9948,-0.092821844,-0.04526046,False
9807,0.018225526,-0.02786653,False
9805,0.014379978,-0.046251625,False
9703,-0.021528713,0.0748646,False
9704,-0.0561321,-0.026126012,False
9705,-0.24420428,-0.024664551,False
9706,-0.020942278,0.034273237,False
9707,-0.18901753,0.28256428,False
9708,0.05459176,-0.020455493,False
9709,0.05293049,-0.08697873,False
9710,-0.066295385,0.0957312,False
9711,-0.054816745,-0.029683754,False
9712,0.0019441508,-0.013189115,False
9713,0.0030480232,-0.016505545,False
9714,-0.12231186,0.013982743,False
9715,0.1795795,-0.07359028,False
9716,-0.36930144,-0.07485902,False
9717,-0.0020945072,-0.17369819,False
9718,0.014639899,-0.032558728,False
9719,-0.17316175,-0.07606287,False
9733,-0.04852411,-0.090869755,False
9732,-0.24193275,-0.6533588,False
9731,-0.05939412,-0.4537061,False
9730,0.017781809,-0.0453026,False
9729,-0.08070355,-0.09368193,False
9728,-0.18599343,-0.2919875,False
9702,0.0,0.00042848324,False
9727,-0.004721254,0.047256045,False
9725,0.08464724,-0.19146444,False
9724,0.0033307,0.06911523,False
9723,-0.011353614,-0.000512925,False
9722,-0.0031844378,-0.042153955,False
9721,0.59063745,-0.28119922,False
9720,0.0012087226,0.1414566,False
9726,0.027791662,0.007745307,False
9701,0.007541001,0.030934632,False
9700,0.06225443,0.046470106,False
9699,-0.038628213,0.035862185,False
9680,-0.021498218,-0.020490969,False
9679,0.01955618,-0.05292222,False
9678,0.0,0.0,False
9677,-0.013248117,-0.013248117,False
9676,-0.006914852,0.05675426,False
9675,0.037834022,-0.0034862934,False
9681,0.08782029,-0.6399684,False
9674,0.12131015,0.029305786,False
9672,-0.014499619,-0.014499619,False
9671,-0.053653333,-0.088173345,False
9670,-0.0046121166,-0.0036559734,False
9669,-0.0093522025,-0.0093522025,False
9668,0.0081612915,-0.037556775,False
9667,0.030151311,0.085643366,False
9673,-0.009490543,-0.009490543,False
9734,-0.008114008,-0.008114008,False
9682,0.0013813302,-0.06320303,False
9684,0.0,5.9943573e-05,False
9698,0.0,0.0,False
9697,0.02081851,0.025309505,False
9696,0.12493808,-0.0040140674,False
9695,-0.0049564024,-0.0049564024,False
9694,0.0,0.0,False
9693,-0.013656797,-0.013656797,False
9683,0.034917355,-0.133088,False
9692,-0.012906162,-0.033562563,False
9690,0.0,0.0,False
9689,-0.009648245,-0.009648245,False
9688,0.050638787,0.05805137,False
9687,0.02701255,0.028993115,False
9686,-0.015949061,-0.032415845,False
9685,-0.011414281,0.060110524,False
9691,0.0,0.019770063,False
9806,-0.0054455474,-0.029226836,False
9735,0.11306015,-0.1756782,False
9737,-0.01849706,-0.01849706,False
9774,0.09402014,-0.007710904,False
9775,0.0042388346,-0.01846466,False
9776,-0.009078706,-0.009078706,False
9777,-0.018251788,0.005696958,False
9778,-0.022375304,-0.02188797,False
9779,-0.17307806,-0.21015769,False
9780,0.14408305,0.09093459,False
9781,0.036195874,0.09067255,False
9782,0.0,0.0044484697,False
9783,-0.28872615,-0.43377608,False
9784,0.02173983,-0.00386706,False
9785,-0.2876171,-0.08134043,False
9786,0.0,4.2034144e-06,False
9787,-0.0051453733,-0.0049822656,False
9788,-0.032086514,0.0740631,False
9789,0.0,0.0,False
9790,-0.013981218,-0.013981218,False
9804,0.07509788,0.081313916,False
9803,-0.06395471,-0.09221488,False
9802,0.022430493,-0.024523059,False
9801,0.03507611,-0.11726096,False
9800,0.0,0.0,False
9799,0.017634315,0.010685797,False
9773,-0.119503915,0.097099245,False
9798,0.04379064,-0.05239729,False
9796,-0.09815104,-0.08406718,False
9795,-0.108020365,-0.14119136,False
9794,0.11775851,0.1319431,False
9793,-0.007963628,-0.042264547,False
9792,0.013629933,-0.008265705,False
9791,-0.003441222,-0.034117382,False
9797,0.016421683,-0.04645709,False
9772,-0.119702935,-0.04126832,False
9771,-0.030367613,-0.08967298,False
9770,-0.49098802,-0.10839772,False
9751,0.011456443,0.03092396,False
9750,0.0,0.0,False
9749,0.02049369,-0.01574402,False
9748,-0.009305624,-0.009286768,False
9747,-0.22703737,-0.13414012,False
9746,-0.15686053,-0.014012575,False
9752,-0.028487772,-0.028487772,False
9745,-0.035475165,-0.19289637,False
9743,0.0137912035,-0.063788556,False
9742,-0.04561878,-0.053000025,False
9741,-0.027770042,0.054665834,False
9740,-0.23779976,-0.04975319,False
9739,0.013229545,-0.009356027,False
9738,0.0,0.0,False
9744,-0.0049748793,-0.0049748793,False
9736,0.01675599,-0.01597884,False
9753,-0.01396019,-0.013358859,False
9755,-0.0043615783,-0.0034586939,False
9769,-0.04140502,0.005939245,False
9768,-0.3376363,0.1253277,False
9767,0.0,0.0,False
9766,-0.2807371,-0.43475628,False
9765,-0.26219082,0.04272926,False
9764,-0.17344451,-0.3317299,False
9754,-0.013829437,-0.013829437,False
9763,0.060981408,-0.012737393,False
9761,-0.011529107,-0.020369276,False
9760,-0.09788209,-0.07252869,False
9759,-0.0024263412,0.5079946,False
9758,-0.025184155,-0.06618905,False
9757,0.0,0.0,False
9756,0.061504066,0.06378783,False
9762,0.00034549832,-0.099310376,False
9666,0.1091817,-0.027523965,False
9949,0.08772981,-0.18378136,False
9951,-0.03967024,-0.032283522,False
10131,-0.04762473,-0.06579299,False
10132,0.0,0.0,False
10133,-0.008696701,-0.008530395,False
10134,-0.014925554,-0.03753122,False
10135,0.03190372,-0.008594641,False
10136,0.03755361,-0.01765573,False
10137,-0.11099073,0.1425066,False
10138,-0.031293005,-0.008803278,False
10139,0.0,0.0,False
10140,0.01713952,-0.004731711,False
10141,-0.01073296,0.02328327,False
10142,0.0020270813,-0.016589701,False
10143,-0.00846805,-0.0068894187,False
10144,-0.28872812,-0.27156675,False
10145,-0.3779502,-0.326707,False
10146,-0.031176813,-0.040566638,False
10147,0.27072173,0.050120056,False
10161,0.028891265,-0.053389788,False
10160,0.0,0.0,False
10159,-0.060919136,-0.21158366,False
10158,-0.073954485,-0.047650307,False
10157,0.0,0.0,False
10156,0.054413915,0.053281188,False
10130,0.18862969,0.069438696,False
10155,0.061339438,0.031231195,False
10153,0.2237967,0.024097532,False
10152,-0.07860085,-0.052496344,False
10151,0.18807423,-0.014186919,False
10150,-0.024151437,-0.0519548,False
10149,-0.0025586188,0.0014641434,False
10148,-0.006256014,0.070735484,False
10154,0.080805704,0.045248,False
10129,-0.059042588,0.027083337,False
10128,0.85731053,0.5409448,False
10127,0.011606023,0.053068995,False
10108,-0.10977727,0.007820547,False
10107,0.05470097,-0.14328556,False
10106,0.008971214,-0.029882997,False
10105,0.04080299,-0.0050920295,False
10104,0.048222154,-0.00026386976,False
10103,0.014166411,-0.045652475,False
10109,-0.24116576,-0.25122368,False
10102,0.3443427,0.2881229,False
10100,0.063014895,-0.096286446,False
10099,0.084556416,0.17241804,False
10098,-0.14325508,0.10204321,False
10097,0.043281287,-0.024254043,False
10096,0.013653019,-0.010005474,False
10095,0.041428544,0.0,False
10101,-0.11499262,-0.12962222,False
10162,-0.013815665,-0.013815665,False
10110,-0.089954734,0.16112787,False
10112,-0.23888177,-0.06877825,False
10126,0.0,0.003308054,False
10125,-0.021926869,-0.021926869,False
10124,-0.21845615,-0.2796744,False
10123,0.59927076,0.21937561,False
10122,0.040238798,0.023456506,False
10121,-0.26470017,-0.22631311,False
10111,-0.0089661945,-0.0089661945,False
10120,0.03822474,0.034161493,False
10118,0.12453273,0.1674259,False
10117,0.039191857,-0.02581212,False
10116,-0.24574822,0.14555633,False
10115,-0.13343453,-0.30752182,False
10114,-0.021202832,-0.05006796,False
10113,-0.34226465,-0.17210269,False
10119,0.0033521652,-0.05242712,False
10094,0.025621904,-0.009800198,False
10163,0.046263695,0.08295858,False
10165,0.11243904,-0.038480133,False
10203,0.0633688,-0.13806826,False
10204,-0.17048624,-0.121741116,False
10205,-0.02817545,-0.02679316,False
10206,-0.005367458,0.019955039,False
10207,-0.080326796,-0.011398777,False
10208,-0.111771375,-0.12588218,False
10209,-0.087947175,0.0013756603,False
10210,0.0054351687,-0.018262357,False
10211,0.12969048,-0.062153816,False
10212,-0.11264026,-0.055447042,False
10213,-0.25341034,-0.47844017,False
10214,-0.31591946,-0.18084437,False
10215,0.06081915,-0.11229086,False
10216,-0.25404269,-0.18978068,False
10217,-0.026341915,-0.07149851,False
10218,0.03488612,0.07974315,False
10219,-0.19445759,0.021831572,False
10233,-0.015495757,-0.032350097,False
10232,0.055230916,0.08386588,False
10231,0.13512206,0.061926216,False
10230,0.04827197,-0.0741571,False
10229,0.056414362,0.031497363,False
10228,0.022667045,0.0,False
10202,-0.0037155747,0.03520128,False
10227,-0.0018115379,0.074269086,False
10225,-0.056678623,-0.029605716,False
10224,-0.019005626,-0.1891596,False
10223,-0.26166534,-1.2291443,False
10222,-0.07832217,-0.45737994,False
10221,-0.052638218,0.067645654,False
10220,-0.1229732,-0.22106767,False
10226,-0.0052485066,-0.0052485066,False
10201,0.18856016,-0.10013807,False
10200,-0.09790677,0.19194546,False
10199,-0.055729784,-0.01616063,False
10180,-0.020769954,0.08687335,False
10179,0.07990727,0.12739184,False
10178,0.013887815,-0.067475155,False
10177,0.02781272,-0.14684415,False
10176,-0.521425,-0.22663653,False
10175,-0.054388642,-0.043103725,False
10181,-0.37080336,-0.58111215,False
10174,-0.116203785,0.25429404,False
10172,-0.008587375,-0.008587375,False
10171,-0.12511164,-0.12413728,False
10170,-0.15894163,-0.0647192,False
10168,-0.41827476,-0.3913734,False
10167,0.03348732,-0.057923645,False
10166,-0.020596925,-0.0379586,False
10173,-0.028189883,-0.0059255213,False
10164,-0.037495315,-0.15685022,False
10182,-0.1735044,-0.035375863,False
10184,0.070535846,-0.002622638,False
10198,-0.061118722,0.050019413,False
10197,0.073010445,-0.19411814,False
10196,-0.007659614,0.017315924,False
10195,-0.004470864,-0.004470864,False
10194,-0.049421526,0.114736035,False
10193,-0.08314443,-0.1691091,False
10183,-0.09067661,-0.053667545,False
10192,-0.062246323,-0.20537853,False
10190,-0.044111453,0.054864243,False
10189,-0.25569564,0.34895003,False
10188,0.21058309,0.010921717,False
10187,-0.20235157,-0.027636409,False
10186,-0.041952252,-0.50126,False
10185,-0.01950685,-0.019316664,False
10191,-0.070465,-0.011219382,False
9950,-0.014921308,-0.11391565,False
10093,-0.009146087,-0.009146087,False
10091,0.0012183227,0.0015677921,False
9988,0.31394875,-0.08993673,False
9989,-0.053979278,0.19968283,False
9990,0.110672176,0.019602895,False
9991,0.014597155,-0.02411901,False
9992,-0.009950972,-0.009935854,False
9993,-0.15940404,0.056644082,False
9994,-0.022077218,0.03199351,False
9995,-0.131425,-0.053474724,False
9996,0.015788615,-0.0060925186,False
9997,-0.07657102,0.08154675,False
9998,0.2857024,-0.019901276,False
9999,-0.044217348,0.0016609728,False
10000,-0.049669445,0.07214172,False
10001,-0.14659119,0.031301618,False
10002,-0.01737999,-0.0421711,False
10003,-0.14269859,-0.4591174,False
10005,-0.00470827,-0.00470827,False
10019,0.101317346,0.026676416,False
10018,0.08390755,-0.020304896,False
10017,-0.0027963817,0.07253915,False
10016,-0.13889094,-0.067718536,False
10015,0.0322634,-0.17647585,False
10014,-0.20719075,-0.4111427,False
9987,-0.033726342,0.042251185,False
10013,0.07916647,-0.056078136,False
10011,0.19518775,-0.08906387,False
10010,-0.008119851,-0.030931981,False
10009,0.08989763,0.10223317,False
10008,0.049413975,-0.045150146,False
10007,0.0,0.0,False
10006,0.0663252,-0.04747791,False
10012,0.010292336,-0.053339824,False
9986,-0.004972522,-0.004972522,False
9985,0.15856531,0.061628558,False
9984,0.35784304,-0.1111871,False
9965,0.020722777,0.20715746,False
9964,0.13716406,-0.04449898,False
9963,-0.008363903,-0.016545624,False
9962,0.27029002,-0.09437108,False
9961,-0.044190094,0.01652287,False
9960,0.022801176,0.027307287,False
9966,0.0032469407,-0.05708022,False
9959,0.017881189,-0.0050920295,False
9957,-0.083026566,-0.10372997,False
9956,0.02948657,0.048030555,False
9955,0.245368,0.028108835,False
9954,-0.007676091,0.38401622,False
9953,-0.23757797,-0.020376623,False
9952,-0.097823545,0.1387865,False
9958,0.032375187,0.067460954,False
10020,0.031192064,0.33632982,False
9967,0.0,0.02140174,False
9969,-0.042847518,-0.042847518,False
9983,-0.16406968,0.0070700347,False
9982,-0.02310574,-0.02310574,False
9981,-0.2867924,-0.19982862,False
9980,0.05676365,0.028452337,False
9979,0.024264222,-0.022936905,False
9978,-0.08046341,-0.21887207,False
9968,0.031217387,-0.008832091,False
9977,0.036823608,0.33991554,False
9975,0.006177092,-0.015042067,False
9974,-0.02063179,-0.118959576,False
9973,-0.27814192,-0.20020232,False
9972,-0.3800047,-0.19715321,False
9971,0.043148424,-0.047755294,False
9970,-0.009259224,-0.43869936,False
9976,-0.16132598,-0.21680906,False
10092,-0.0045670983,0.0070065665,False
10021,0.019428696,0.05231716,False
10023,-0.08942932,-0.044810295,False
10060,0.036297232,0.031711787,False
10061,0.07179585,0.0022530556,False
10062,-0.059732318,-0.070498526,False
10063,-0.12604824,-0.106840044,False
10064,0.045237154,-0.16502526,False
10065,-0.06378773,-0.04875624,False
10066,0.0034558773,0.17273581,False
10067,0.09668437,-0.04032746,False
10068,-0.2559057,-0.2095179,False
10069,-0.076897204,0.022863626,False
10070,0.022586651,-0.019803312,False
10071,0.023398252,0.0,False
10072,-0.004680616,-0.004680616,False
10073,-0.083596766,-0.08052958,False
10074,-0.39329553,-0.8315376,False
10075,0.0,0.0,False
10076,0.07458034,0.043820053,False
10090,-0.091257095,-0.12992992,False
10089,0.12823424,0.0019081682,False
10088,-0.25820905,-0.1788603,False
10087,-0.0362401,-0.0031723976,False
10086,0.15624547,0.13457978,False
10085,-0.0048651174,-0.0025729989,False
10059,0.018398285,-0.0047263224,False
10084,-0.54782814,-0.66921455,False
10082,-0.030635476,0.03839445,False
10081,-0.104340196,-0.055562556,False
10080,-0.23798311,0.014720917,False
10079,0.18180943,-0.049179792,False
10078,0.0023760796,-0.31382328,False
10077,0.08337051,-0.22493649,False
10083,-0.6060151,-1.0314932,False
10058,0.08490953,-0.09154564,False
10057,-0.06049893,5.2183867e-05,False
10056,-0.096873015,0.15466131,False
10037,0.030888483,-0.01622073,False
10036,-0.24033183,-0.33823282,False
10035,-0.0849161,-0.033258185,False
10034,0.19645584,0.1004183,False
10033,0.032071922,-0.04185373,False
10032,-0.037658125,0.036621213,False
10038,-0.2093637,-0.11442304,False
10031,0.20774633,-0.11180329,False
10029,-0.040436454,-0.04032295,False
10028,-0.040310517,-0.0049153417,False
10027,0.10722315,0.16540313,False
10026,-0.04174427,-0.041045975,False
10025,0.0021215081,-0.092115164,False
10024,-0.26330614,-0.29085815,False
10030,0.012209654,0.061596006,False
10022,0.05921167,-0.05292201,False
10039,-0.044326127,-0.023011565,False
10041,-0.010089189,0.06332916,False
10055,-0.032241806,-0.013749614,False
10054,-0.16984344,0.16119754,False
10053,-0.14672777,0.018873692,False
10052,-0.19869028,0.19457176,False
10051,-0.004784495,-0.004784495,False
10050,0.010508319,-0.028839663,False
10040,0.18221992,0.18200576,False
10049,0.040181234,-0.11195186,False
10047,0.026335686,-0.11107227,False
10046,-0.2102271,-0.22751242,False
10045,-0.015416175,0.09678489,False
10044,0.0045347437,-0.016400293,False
10043,-0.07838276,-0.113520145,False
10042,-0.3238951,-0.36014974,False
10048,0.025628805,-0.23240662,False
9665,-0.02877095,-0.0721158,False
9664,-0.010258351,-0.010258351,False
9663,-0.0147422105,0.024863705,False
9273,-0.0052190633,-0.0052190633,False
9274,6.943941e-05,-0.087827384,False
9275,-0.0040186113,0.16379766,False
9276,0.018460833,-0.004502146,False
9277,0.07459933,-0.042469256,False
9278,0.028463282,-0.039604314,False
9279,-0.004879865,-0.004879865,False
9280,-0.00428287,-0.00428287,False
9281,0.07621065,-0.061683748,False
9282,0.3123331,0.058876395,False
9283,-0.11398661,-0.1603337,False
9284,0.044025347,-0.14930767,False
9285,-0.037595373,-0.03695086,False
9286,-0.3487692,-0.6031611,False
9287,-0.2853346,-0.18989074,False
9288,-0.2750886,-0.07536417,False
9289,0.0025889874,0.022883892,False
9303,-0.2524114,-0.08522552,False
9302,-0.021492973,0.057067692,False
9301,0.048579812,-0.03308177,False
9300,0.051060393,-0.08445456,False
9299,0.03573814,-0.082559645,False
9298,0.0887866,-0.45408297,False
9272,-0.2915033,-0.19397867,False
9297,-0.01876067,-0.024211515,False
9295,-0.47228825,-1.0142131,False
9294,-0.0044916803,-0.0028859326,False
9293,-0.008866057,-0.011301659,False
9292,0.013693988,-0.0504283,False
9291,-0.012608454,-0.018290468,False
9290,0.14045906,-0.84283495,False
9296,0.17997396,-0.15120935,False
9271,0.06510399,-0.02029204,False
9270,0.0,0.0,False
9269,-0.03772583,-0.0060746185,False
9250,0.019486517,-0.004921645,False
9249,0.005532488,-0.047038604,False
9248,0.02221904,-0.042616326,False
9247,0.3230809,0.27911186,False
9246,0.017782131,0.0,False
9245,-0.01842895,-0.01842895,False
9251,-0.33764768,-0.050243855,False
9244,0.0,0.0,False
9242,0.023316134,0.0029131174,False
9241,0.0,0.005495045,False
9240,0.0,9.229898e-07,False
9239,-0.004424326,-0.004424326,False
9238,0.0,0.0,False
9237,-0.004832107,-0.0040793396,False
9243,-0.014115496,-0.014115496,False
9304,0.031734288,0.097997725,False
9252,-0.004747407,-0.003981655,False
9254,0.008249044,0.1253658,False
9268,0.027087808,0.0911645,False
9267,-0.1818769,-0.63121265,False
9266,-0.052744538,-0.08066112,False
9265,0.0,0.0,False
9264,-0.049622625,-0.12065897,False
9263,-0.046792448,-0.10206312,False
9253,-0.03188795,-0.06637806,False
9262,-0.24256298,-0.11255619,False
9260,-0.15671183,-0.13438222,False
9259,-0.0235326,-0.00944344,False
9258,-0.053550795,-0.053550795,False
9257,0.020801915,-0.024930881,False
9256,-0.455101,-0.56630886,False
9255,0.24424118,-0.04643944,False
9261,-0.10248791,-0.0258331,False
9236,-0.015299145,-0.015299145,False
9305,-0.0034174668,-0.0034174668,False
9307,-0.25568426,-0.16059303,False
9345,-0.06643772,0.6561756,False
9346,0.0,0.0,False
9347,-0.07631832,-0.08422833,False
9348,0.0,0.0,False
9349,-0.059792787,0.062889576,False
9350,-0.02009011,0.3061959,False
9351,-0.024193801,-0.01851374,False
9352,0.10021724,0.02906318,False
9353,0.017556245,0.6230503,False
9354,0.0,0.00030686718,False
9355,-0.01699856,-0.061241783,False
9356,-0.123457626,-0.033766717,False
9357,0.047257543,-0.0027829409,False
9358,-0.24864393,0.07165992,False
9359,0.23279059,0.14233112,False
9360,-0.011064738,-0.005740285,False
9361,-0.08091975,-0.0725708,False
9375,-0.16211002,-0.25749236,False
9374,0.028739989,0.62327766,False
9373,0.083264075,-0.016684823,False
9372,-0.0050669704,-0.0050669704,False
9371,-0.1234225,0.30803227,False
9370,0.16352779,0.1682105,False
9344,-0.01948558,-0.01948558,False
9369,0.0,0.0,False
9367,-0.013223276,-0.014069986,False
9366,-0.15507503,-0.07379776,False
9365,-0.1593861,0.6911348,False
9364,0.19169593,0.11069065,False
9363,-0.00083109364,0.0032660998,False
9362,-0.11902505,0.09889883,False
9368,-0.020074666,-0.106303275,False
9343,-0.018810814,-0.018810814,False
9341,0.0,0.0,False
9340,0.013930619,-0.059560224,False
9321,0.0,0.0,False
9320,0.20618176,0.30456805,False
9319,0.007886887,-0.0010197908,False
9318,0.019244432,0.039770603,False
9317,0.0,0.084610164,False
9316,-0.04513824,0.19610414,False
9322,-0.009698128,-0.009698128,False
9315,0.024322424,0.0,False
9313,-0.20922396,-0.16990659,False
9312,-1.1250865,-1.0955306,False
9311,0.019867543,0.06296264,False
9310,-0.04082495,0.1283232,False
9309,-0.2080643,-0.066874534,False
9308,0.042899266,-0.04413063,False
9314,-0.0073553324,-0.053546693,False
9306,-0.22955048,-0.28575492,False
9323,0.03184843,-0.01024112,False
9325,-0.04192455,-0.041705225,False
9339,-0.006814912,0.0061933845,False
9338,0.007014257,-0.014204902,False
9337,-0.088242844,0.30958283,False
9336,-1.1469913,-0.4736464,False
9335,-0.028620064,-0.111059576,False
9334,-0.025058448,-0.026268065,False
9324,0.013879357,-0.009096939,False
9333,0.0,0.0,False
9331,-0.0482395,0.004881896,False
9330,-0.005006542,-0.005006542,False
9329,0.030570997,-0.009910385,False
9328,0.016343296,-0.0071505904,False
9327,0.029052928,0.013268605,False
9326,0.035874754,1.1450554,False
9332,0.19529264,0.030776039,False
9376,-0.0340865,-0.0340865,False
9235,-0.013342263,-0.013342263,False
9233,0.0,0.0,False
9131,-0.27140978,-0.23013294,False
9132,0.078126065,-0.05437526,False
9133,0.11214709,0.12540895,False
9134,0.007156372,-0.009195089,False
9135,-0.013540862,-0.013540862,False
9136,-0.11722167,-0.08191675,False
9137,0.8525758,1.3732505,False
9138,0.5336862,0.76377577,False
9139,0.12942588,0.028217226,False
9140,0.009412585,-0.013256364,False
9141,0.032965876,-0.006624037,False
9142,0.019360194,-0.013432497,False
9143,0.0806967,0.07550359,False
9144,-0.04400678,0.14815255,False
9145,-0.02732816,-0.02732816,False
9146,0.19566244,0.03203234,False
9147,-0.023026347,0.1090374,False
9161,-0.025255706,-0.025248708,False
9160,-0.0064920485,0.02035015,False
9159,0.07707274,-0.113451794,False
9158,-0.04377544,0.057941422,False
9157,0.04486806,-0.019677093,False
9156,-0.019620039,-0.019620039,False
9130,0.0,0.0,False
9155,0.021518718,-0.027153831,False
9153,-0.082307845,-0.2144375,False
9152,0.110822916,0.19982594,False
9151,0.075057,0.16962752,False
9150,0.056476653,0.16810572,False
9149,0.006487608,-0.03315714,False
9148,-0.051757604,-0.03007625,False
9154,-0.014786549,-0.01451084,False
9129,-0.044242866,-0.061730385,False
9128,-0.017211564,-0.033345114,False
9127,0.0669198,0.051186264,False
9108,-0.007456295,-0.07662532,False
9107,0.011994004,-0.015445726,False
9106,0.12903483,-0.04952765,False
18209,-0.26281947,-0.1254572,False
9104,0.0,0.0,False
9103,0.031951122,-0.013314558,False
9109,-0.0029582083,0.030404776,False
9102,-0.03150457,0.05494821,False
9100,-0.003376223,-0.0033201706,False
9099,-0.22496676,0.27367187,False
9098,0.032983817,-0.061361995,False
9097,-0.0051013622,-0.0051013622,False
9096,-0.0043838597,-0.0030434257,False
9095,0.10806307,0.02074106,False
9101,0.069915086,0.011774808,False
9162,-0.06894168,-0.0036972463,False
9110,0.01262057,-0.008054264,False
9112,-0.0043711695,0.015502576,False
9126,-0.0034352988,-0.023872558,False
9125,0.011786252,-0.01057891,False
9124,-0.015331984,0.014446259,False
9123,0.0,0.0,False
9122,0.0,0.0005004303,False
9121,-0.07481776,-0.07218073,False
9111,-0.04440803,0.006085664,False
9120,-0.009240469,-0.009240469,False
9118,0.0,0.0013357906,False
9117,0.0,0.0027626785,False
9116,-0.004841865,-0.0048297653,False
9115,0.0,0.006349256,False
9114,0.0,0.00065775303,False
9113,-0.19558245,-0.06831366,False
9119,0.0,0.002043744,False
9234,0.02034815,-0.01742107,False
9163,0.06373006,0.055216163,False
9165,0.06777985,0.049725957,False
9202,-0.008795172,0.0930517,False
9203,-0.50981736,-0.23189855,False
9204,0.12530887,0.0069821477,False
9205,-0.11560239,0.03137487,False
9206,0.09738666,0.03732121,False
9207,0.036695715,-0.047915068,False
9208,0.017156638,0.0017962009,False
9209,-0.10885167,0.042735457,False
9210,0.12860563,0.07753668,False
9211,0.08281192,-0.058682643,False
9212,0.1225594,-0.041488588,False
9213,-0.10636076,-0.14892676,False
9214,-0.20075727,0.05923432,False
9215,0.22047043,-0.23307317,False
9216,-0.293734,-0.18471348,False
9217,-0.09242734,0.1331369,False
9218,-0.42450368,-0.44803238,False
9232,-0.074562065,-0.05878654,False
9231,0.027529001,-0.1430955,False
9230,0.0,0.00012800086,False
9229,-0.23985374,-0.15847564,False
9228,-0.21184352,0.015441179,False
9227,-0.12254813,-0.079185545,False
9201,-0.04539478,-0.0029866695,False
9226,-0.014617923,-0.014617753,False
9224,-0.05368918,-0.050121903,False
9223,-0.018446164,-0.018446164,False
9222,-0.04798843,-0.0022840798,False
9221,-0.008592198,0.005684441,False
9220,-0.11588311,-0.30268776,False
9219,0.06502389,0.054923683,False
9225,-0.3086884,-0.31065202,False
9200,-0.26725534,-0.14006236,False
9199,0.12987673,0.31092167,False
9198,-0.516903,-0.33782613,False
9179,0.20002663,-0.10194844,False
9178,-0.034182474,0.1330461,False
9177,0.0012142658,-0.0627625,False
9176,0.0,7.963453e-06,False
9175,0.03292807,0.021276224,False
9174,0.017044319,-0.004990244,False
9180,-0.122930676,-0.30542693,False
9173,-0.04647267,-0.039518226,False
9171,-0.08295217,-0.014440864,False
9170,-0.04611081,-0.06462878,False
9169,-0.009325076,-0.009108052,False
9168,0.4257372,0.2593568,False
9167,0.017338907,-0.02300647,False
9166,0.026112653,0.097520016,False
9172,-0.013357103,-0.013357103,False
9164,0.047243178,-0.079730004,False
9181,-0.015784591,-0.014297798,False
9183,0.052300125,-0.14682414,False
9197,-0.010297345,0.0117807165,False
9196,0.029762872,-0.029837951,False
9195,0.009279873,-0.018285502,False
9194,-0.00026345998,0.20835766,False
9193,0.0,0.0,False
9192,0.013601756,0.084490664,False
9182,-0.09626661,0.061804473,False
9191,0.0,0.00051165395,False
9189,-0.014147087,-0.011269728,False
9188,-0.042781033,0.2468862,False
9187,0.08646592,-0.00967324,False
9186,0.047445968,0.0,False
9185,-0.005439315,-0.005439315,False
9184,-0.063414186,-0.18370403,False
9190,0.023781288,0.00051930035,False
9377,0.065332174,-0.20890924,False
9378,-0.019101478,-0.019101478,False
9379,-0.18659377,-0.89539385,False
9560,0.094269216,0.036017016,False
9561,0.017778842,-0.0048277224,False
9562,-0.0093899,-0.0093899,False
9563,0.0,0.0,False
9564,-0.047033772,-0.09174107,False
9565,-0.009809809,-0.009809809,False
9566,-0.00378165,0.09684338,False
9567,-0.023000978,-0.023000978,False
9568,0.1192016,0.05741313,False
9569,-0.14385647,-0.14029822,False
9570,0.013536305,-0.008881397,False
9571,0.0018126033,-0.020793024,False
9572,-0.0077998713,0.034140706,False
9573,-0.014952345,-0.014952345,False
9574,-0.0049911174,-0.0049911174,False
9575,-0.04575764,-0.03990278,False
9576,0.0,0.0,False
9590,-0.011110634,-0.027050894,False
9589,0.048526153,-0.043383263,False
9588,0.07642871,0.07888721,False
9587,0.0,0.0,False
9586,0.022011366,0.007461395,False
9585,0.043435097,-0.02422222,False
9559,-0.008125258,-0.008125258,False
9584,0.0,0.0,False
9582,0.0,0.0072334097,False
9581,-0.007613547,-0.022746813,False
9580,0.1317639,-0.06182757,False
9579,-0.2691692,-0.085336894,False
9578,-0.00889679,-0.08329269,False
9577,0.017543133,-0.01927222,False
9583,-0.0055530295,-0.03804316,False
9558,0.039362684,-0.0047543277,False
9557,-0.005091785,-0.005091785,False
9556,-0.024917379,-0.018891383,False
9537,0.05066193,0.013253048,False
9536,0.022859966,0.0071290443,False
9535,0.046215713,0.5766916,False
9534,-0.019154746,-0.019152196,False
9533,0.05981943,-0.030095719,False
9532,0.04757516,-0.11177625,False
9538,-0.019818569,-0.038488816,False
9531,0.015312832,-0.006601123,False
9529,0.0,0.0,False
9528,-0.04263851,0.05834797,False
9527,-0.015115265,-0.022754524,False
9526,0.056694448,0.047707617,False
9525,-0.004599022,-0.004599022,False
9524,-0.015219018,-0.0559304,False
9530,0.008102246,-0.016052708,False
9591,0.029981997,-0.0023502074,False
9539,0.0,9.497404e-06,False
9541,-0.0036918141,-0.0036918141,False
9555,0.05625116,-0.029256374,False
9554,0.025588993,-0.03796409,False
9553,0.02244287,0.0,False
9552,-0.14985567,-0.106422246,False
9551,-0.009102384,-0.009102384,False
9550,-0.2653916,-0.154472,False
9540,-0.022919722,-0.088838235,False
9549,-0.024623083,-0.024208114,False
9547,-0.013161431,-0.013160375,False
9546,-0.0017185062,-0.060840867,False
9545,0.14187664,-0.39167225,False
9544,0.0516088,-0.018203601,False
9543,-0.02297792,-0.02297792,False
9542,0.048596844,-0.014786141,False
9548,-0.018245187,-0.018245187,False
9523,-0.02476576,-0.0075489487,False
9592,0.023450572,-0.014698312,False
9594,0.02037023,0.046012387,False
9631,0.013559133,0.009925172,False
9632,0.0,0.0,False
9633,-0.010138914,0.014249958,False
9634,0.28160092,-0.08781895,False
9635,0.037029188,0.02063665,False
9636,-0.011981767,0.0715231,False
9637,0.017375186,-0.0050676838,False
9638,0.0,0.0,False
9639,-0.015550146,-0.036640793,False
9640,0.007659573,-0.013571443,False
9641,0.06275475,0.016685069,False
9642,-0.06933596,-0.063211925,False
9643,-0.013382725,-0.013300095,False
9644,0.02396895,-0.020551138,False
9645,0.006877098,-0.015497809,False
9646,0.07778628,0.083602406,False
9647,0.0037597623,-0.013925547,False
9662,0.0,0.0,False
9661,0.0,0.16873936,False
9660,0.006247729,-0.0075085685,False
9659,0.0,0.0018520758,False
9658,-0.03689785,0.0107884705,False
9657,0.022358973,0.0,False
9630,0.0,0.0,False
9656,0.0,0.0,False
9653,0.0,0.0,False
9652,0.0059996117,0.018221337,False
9651,-0.01948763,-0.019403419,False
9650,0.027027382,-0.018001677,False
9649,-0.042734873,-0.04219839,False
9648,-0.00024965778,-0.01660844,False
9654,-0.009775015,-0.009775015,False
9629,-0.004842421,-0.004842421,False
9628,0.04310947,0.5518525,False
9627,-0.09201586,-0.09910789,False
9608,-0.2043339,-0.039209187,False
9607,-0.046381265,-0.06774221,False
9606,-0.24497172,-0.15826276,False
9605,-0.03130641,-0.03130641,False
9604,0.0,0.0,False
9603,-0.013721531,-0.012684419,False
9609,0.0,0.0,False
9602,0.0,0.0,False
9600,-0.006104,0.004285611,False
9599,-0.07281046,0.0048406795,False
9598,-0.05123827,-0.023403227,False
9597,-0.17021537,-0.15822291,False
9596,-0.017221477,-0.038046766,False
9595,-0.018175565,-0.047892887,False
9601,-0.014820252,-0.014820252,False
9593,0.04465502,0.0,False
9610,-0.008557296,-0.008557296,False
9612,0.0025643203,-0.019556902,False
9626,-0.43088484,-0.52743626,False
9625,0.0,0.0,False
9624,0.0,0.0,False
9623,0.0,0.0,False
9622,0.015884224,-0.03140874,False
9621,-0.0280363,-0.025369551,False
9611,-0.005043514,-0.005043514,False
9620,0.0,0.0,False
9618,0.018297955,-0.033580936,False
9617,-0.008969475,-0.008969475,False
9616,0.0,0.0,False
9615,0.005929552,-0.049462706,False
9614,0.017659426,0.0,False
9613,0.0,0.040233742,False
9619,0.29139435,-0.22895014,False
9522,-0.0050964383,-0.0050964383,False
9521,-0.013397269,0.014783479,False
9520,0.0997459,0.034953598,False
9416,0.020445848,0.011328453,False
9417,0.078664266,0.029282793,False
9418,-0.050528362,0.063724816,False
9419,-0.0047401586,-0.0041011577,False
9420,0.024979547,-0.014867112,False
9421,-0.08899623,-0.0513618,False
9422,0.07695586,0.014154427,False
9423,0.10680224,-0.012386918,False
9424,0.4754734,0.37553513,False
9425,0.0,0.0,False
9426,-0.0067592543,-0.028390346,False
9427,-0.040839747,0.049185388,False
9428,-0.038030513,-0.022898048,False
9429,0.025888916,-0.017849844,False
9430,-0.083240956,-0.0922556,False
9431,-0.1134664,-0.032795563,False
9432,-0.004155696,-0.004155696,False
9446,0.0,0.0,False
9445,-0.050652653,0.036996327,False
9444,-0.058938533,-0.03898716,False
9443,-0.06690055,0.009684503,False
9442,0.0,0.0,False
9441,0.03266236,-0.06275111,False
9415,-0.041674994,-0.03956551,False
9440,-0.057096835,-0.07962442,False
9438,-0.009571566,-0.0049196216,False
9437,0.025493525,0.25088778,False
9436,-0.009432869,-0.009432869,False
9435,-0.004915913,-0.004915913,False
9434,0.009828657,-0.009671751,False
9433,-0.08102159,0.06521869,False
9439,-0.009248797,-0.029905198,False
9414,-0.13023967,-0.16988468,False
9413,-0.026252411,-0.0047680438,False
9412,-0.007930428,-0.11709094,False
9393,-0.048001856,-0.068139024,False
9392,-0.063392654,-0.02018401,False
9391,0.0,0.0,False
9390,0.005204022,0.0048226714,False
9389,-0.060956664,0.015662238,False
9388,0.57827616,-0.12661767,False
9394,-0.13783562,-0.083146065,False
9387,-0.012960645,-0.012960645,False
9385,0.059588775,-0.1147081,False
9384,-0.009582129,-0.0045415526,False
9383,0.024363821,0.0,False
9382,0.038482696,-0.119623445,False
9381,0.0,0.0,False
9380,-0.00953428,-0.009423955,False
9386,0.027955,-0.027346343,False
9447,0.017782131,0.0,False
9395,-0.0034862934,-0.0024253658,False
9397,-0.056154065,-0.09319938,False
9411,0.0,0.0,False
9410,0.06694937,-0.39011478,False
9409,-0.054147117,-0.09944073,False
9408,-0.10466218,-0.029952943,False
9407,-0.044246323,0.16145685,False
9406,-0.0047382866,0.0035529998,False
9396,-0.006616883,-0.052218933,False
9405,0.0,0.0,False
9403,0.08041973,-0.021536388,False
9402,0.033455558,0.01971384,False
9401,-0.03901524,-0.04506266,False
9400,-0.07489872,-0.28918254,False
9399,-0.020230891,-0.019619346,False
9398,-0.004683405,-0.004683405,False
9404,-0.0050021075,-0.004416555,False
9448,0.034783304,0.121016875,False
9449,-0.073796704,0.091716394,False
9450,-0.008346711,-0.008346711,False
9500,-0.009338995,-0.009331613,False
9499,-0.010194035,-0.0041299947,False
9498,0.16645202,-0.11063969,False
9497,0.046298392,-0.023928866,False
9496,-0.013104603,-0.03446555,False
9495,-0.014426699,-0.014426699,False
9501,-0.023148503,-0.023148503,False
9494,-0.023898758,1.2476686,False
9492,-0.0045572463,-0.028636942,False
9491,-0.1495026,-0.012427777,False
9490,-0.009331286,0.023349166,False
9489,0.0,0.0,False
9488,0.0,0.0,False
9487,0.057364583,-0.04220617,False
9493,0.0,0.0,False
9486,0.021266714,-0.035332352,False
9502,0.11939278,0.010767899,False
9504,0.014857825,-0.008321679,False
9519,-0.036770627,-0.04275331,False
9518,-0.028212674,-0.061398912,False
9517,0.0,0.0,False
9516,0.015259752,-0.0027024457,False
9514,0.014558189,-0.00494222,False
9513,0.060743675,0.15264891,False
9503,-0.0036848104,0.15460518,False
9512,-0.019243848,0.0033426862,False
9510,0.052184165,0.08681178,False
9509,0.0,4.799392e-06,False
9508,-0.06009005,-0.06009005,False
9507,-0.0042979857,-0.0042979857,False
9506,0.025810048,-0.01705311,False
9505,0.061103344,0.07160205,False
9511,0.04863911,0.017975561,False
10234,-0.014870755,-0.014870755,False
9485,0.01792872,0.04293807,False
9483,-0.041095614,0.046160817,False
9464,-0.03740359,-0.020085609,False
9463,-0.0083894,-0.007963862,False
9462,-0.0073878765,-0.043117728,False
9461,-0.006688037,-0.006688037,False
9460,0.020124815,-0.057070002,False
9459,0.013056263,-0.07203651,False
9465,0.0,0.0,False
9458,0.0,0.0,False
9456,-0.0046922965,-0.0046922965,False
9455,0.043240134,-0.022522662,False
9454,0.11449757,-0.022433765,False
9453,0.07475403,-0.059056073,False
9452,-0.008821208,-0.008821208,False
9451,-0.057412654,-0.14675055,False
9457,0.0652408,0.1678459,False
9484,0.013339683,-0.11676243,False
9466,0.019322732,-0.004929276,False
9468,0.0,0.0,False
9482,-0.056915015,-0.1466222,False
9481,0.08461887,-0.07688132,False
9480,0.028006494,-0.07881534,False
9479,-0.0078587765,-0.0078587765,False
9478,0.0,0.0,False
9477,0.015491817,0.6597792,False
9467,0.0,0.0,False
9476,0.05570689,-0.026998967,False
9474,0.050531596,-0.009489818,False
9473,0.026476035,0.006010577,False
9472,-0.022221604,-0.00673566,False
9471,0.05169065,0.009425785,False
9470,0.022180023,0.0,False
9469,-0.004901953,-0.004901953,False
9475,-0.004704736,-0.028741788,False
13652,-0.03492713,-0.03492713,False
10235,0.0,0.0,False
10237,-0.0048231785,-0.0048231785,False
10986,0.0,0.0,False
10987,-0.06155622,-0.050777078,False
10988,-0.035046026,-0.014704764,False
10989,0.011187166,-0.078899175,False
10990,0.13510352,-0.0074386597,False
10991,-0.049176514,-0.15409072,False
10992,0.056830406,0.35708785,False
10993,-0.0003159009,-0.022641893,False
10994,-0.013062967,-0.011270817,False
10995,0.09020209,-0.04299018,False
10996,-0.06880003,0.16021053,False
10997,-0.009547608,-0.02949127,False
10998,-0.15060785,0.006942421,False
10999,-0.0106941145,-0.024857622,False
11000,0.01042556,-0.03389354,False
11001,-0.16259623,0.07522631,False
11002,-0.097387195,-0.22967553,False
11016,-0.6722411,-0.42736316,False
11015,-0.023486733,-0.4307114,False
11014,-0.33539516,-0.19613683,False
11013,-0.11066896,0.025085866,False
11012,-0.0039043594,-0.020374456,False
11011,-0.40893567,-0.04584968,False
10985,-0.00449974,-0.00449974,False
11010,-0.49464452,0.05121064,False
11008,-0.45759392,-0.24681711,False
11007,-0.33590174,0.15188932,False
11006,-0.6211548,-0.24075127,False
11005,-0.48745036,0.09099221,False
11004,-0.4717002,-0.21927714,False
11003,-0.48587656,-0.20392466,False
11009,-0.03383025,-0.050818224,False
10984,0.065209985,-0.14270103,False
10983,-0.0048075407,0.050152775,False
10982,0.06791699,-0.031449497,False
10963,-0.064783394,-0.092605084,False
10962,-0.53027093,-0.6393517,False
10961,-0.19635591,-0.22279337,False
10960,-0.14376307,-0.24491376,False
10959,0.03773646,-0.072443664,False
10958,0.027361587,-0.04669065,False
10964,0.058572054,-0.11165774,False
10957,-0.07789594,0.07041788,False
10955,-0.10445881,-0.20994377,False
10954,-0.22709705,-0.0046994984,False
10953,-0.058847338,0.0062102973,False
10952,-0.013993029,-0.005948662,False
10951,-0.004941599,-0.004941599,False
10950,0.012653582,0.008661896,False
10956,-0.18456447,-0.029193878,False
11017,0.025912404,-0.018750638,False
10965,0.34179956,0.08145273,False
10967,0.18072844,0.06576872,False
10981,-0.39936304,0.18063307,False
10980,-0.07074463,-0.057660937,False
10979,-0.11108065,0.08532897,False
10978,0.06908402,-0.12998874,False
10977,-0.06580192,-0.06421733,False
10976,0.047971725,-0.56200516,False
10966,0.068437606,-0.043199882,False
10975,0.057941377,-0.023858309,False
10973,-0.009974465,-0.103655785,False
10972,-0.45955896,-0.24852657,False
10971,-0.09787282,-0.05132597,False
10970,-0.03586807,-0.0419116,False
10969,-0.6164972,-0.24072993,False
10968,-0.004901953,-0.004901953,False
10974,0.056246936,0.01639542,False
10949,-0.024490498,-0.022680221,False
11018,-0.03318557,0.08205122,False
11020,-0.68935966,-0.32390368,False
11057,0.0,0.0,False
11058,0.003020659,-0.020219326,False
11059,0.07999329,0.00014391541,False
11060,-0.048229396,0.12923837,False
11061,-0.33275843,-0.16732413,False
11062,-0.0040386803,-0.0038829455,False
11063,0.007996583,-0.012758132,False
11064,0.014272697,-0.009567589,False
11065,0.0,0.0,False
11066,-0.104579985,-0.0017186403,False
11067,0.0067629423,-0.014829816,False
11068,0.008329734,-0.0032742992,False
11069,-0.44435668,-0.33527207,False
11070,-0.26377654,-0.29103184,False
11071,0.0058855508,-0.01608378,False
11072,0.021571536,0.0,False
11073,0.0,0.0,False
11087,-0.06511614,0.008719355,False
11086,-0.078245014,0.00548023,False
11085,0.11238444,0.061314702,False
11084,0.020707011,-0.07566363,False
11083,0.046976373,-0.0059725046,False
11082,0.0087053925,-0.010163844,False
11056,-0.0111356415,-0.01734043,False
11081,-0.0037069991,-0.060096122,False
11079,0.00047952682,-0.019507565,False
11078,-0.040612757,0.016710043,False
11077,-0.0045020194,-0.0039303256,False
11076,-0.08196269,-0.14416835,False
11075,0.056710154,-0.110495746,False
11074,-0.0050488557,-0.0050488557,False
11080,-0.023453455,-0.023453455,False
11055,0.008906841,0.21511078,False
11054,-0.047760606,-0.08534002,False
11053,0.012183987,-0.029568214,False
11034,0.022779953,0.0,False
11033,-0.2693479,-0.096218824,False
11032,-0.3167832,-0.14829016,False
11031,0.004264578,-0.0094150985,False
11030,-0.26582575,-0.20675659,False
11029,-0.77864575,-0.10196042,False
11035,-0.3373108,-0.34107375,False
11028,0.29573798,0.10895467,False
11026,-0.23665547,-0.13264692,False
11025,-0.022756755,0.02493143,False
11024,0.05478117,-0.12693426,False
11023,0.0861399,0.022358283,False
11022,-0.014339175,-0.014339175,False
11021,-0.24087125,-0.13358104,False
11027,-0.27982306,0.09153223,False
11019,-0.19272888,0.15263772,False
11036,-0.09152079,0.02132523,False
11038,-0.48370337,-0.059387684,False
11052,0.071452975,0.019553289,False
11051,0.49651158,-0.23449552,False
11050,-0.23642492,-0.003754437,False
11049,-0.19336545,-0.040077806,False
11048,-0.1916889,-0.12501371,False
11047,-0.032617092,0.029106855,False
11037,-0.23560667,0.056664467,False
11046,-0.2490952,0.10749745,False
11044,-0.06041336,-0.031838298,False
11043,0.032685995,-0.035330653,False
11042,-0.13546562,0.18045849,False
11041,-0.11590099,-0.18593097,False
11040,-0.25517368,-0.06659007,False
11039,-0.18834782,0.19743836,False
11045,-0.19822234,-0.05754888,False
11088,-0.060118794,0.147809,False
10948,-0.014536753,-0.028181106,False
10946,-0.0045096604,-0.004439767,False
10844,-0.05039215,-0.011769533,False
10845,-0.047911882,0.06666732,False
10846,0.1764999,-0.4301052,False
10847,0.06661391,0.1288861,False
10848,-0.107554436,0.02320826,False
10849,-0.28592825,-0.00097608566,False
10850,0.05656585,0.023737073,False
10851,0.17976677,-0.10318938,False
10852,0.08861403,0.09124899,False
10853,-0.115188956,-0.047113895,False
10854,-0.13108945,-0.008277237,False
10855,-0.015808016,-0.056241125,False
10856,-0.35544944,-0.33992535,False
10857,-0.045258403,-0.23740456,False
10858,-0.020325541,-0.0691846,False
10859,-0.076487705,-0.011800796,False
10860,-0.40079105,0.2604897,False
10874,0.032439828,0.10096465,False
10873,-0.03456038,-0.031363945,False
10872,-0.024723362,0.0065194387,False
10871,0.01482439,-0.08279371,False
10870,0.021065801,-0.1423504,False
10869,-0.08014035,-0.008756697,False
10843,-0.008261323,-0.1638521,False
10868,0.013428256,-0.019238994,False
10866,-0.04852529,-0.082608156,False
10865,0.028384328,0.16370434,False
10864,0.012291826,0.030596733,False
10863,0.043168157,0.1422508,False
10862,0.11716807,-0.33341074,False
10861,0.0022985786,-0.01030501,False
10867,0.02051843,0.021560252,False
10842,-0.030283429,-0.06763233,False
10841,-0.17106266,0.006078005,False
10840,-0.41478848,-0.6500014,False
10821,-0.0628085,-0.054975107,False
10820,-0.025420591,-0.11780855,False
10819,-0.0921908,-0.13673586,False
10818,-0.0036233715,-0.0036233715,False
10817,-0.04950445,0.058259726,False
10816,-0.016886055,-0.04473798,False
10822,-0.08705807,-0.18840876,False
10815,0.0,0.0,False
10813,0.012626991,-0.009301152,False
10812,0.0070384014,-0.012044181,False
10811,-0.07566047,-0.060848117,False
10810,0.120297186,-0.013034777,False
10809,-0.014819273,-0.014819273,False
10808,0.11761646,-0.03239327,False
10814,-0.09555313,-0.09918213,False
10875,-0.14127842,-0.14626658,False
10823,-0.024159372,0.121007174,False
10825,0.049460918,0.07537246,False
10839,-0.011598883,-0.035370212,False
10838,-0.009657972,-0.009657972,False
10837,0.08743811,0.122068584,False
10836,-0.04215035,-0.07344109,False
10835,0.0,0.0,False
10834,-0.06174345,-0.06113608,False
10824,-0.4164136,-0.002215743,False
10833,-0.012560604,-0.028500864,False
10831,0.1274988,0.018555045,False
10830,-0.027827412,-0.19215551,False
10829,0.0,0.0,False
10828,0.005479146,-0.0010006567,False
10827,0.008155594,0.099058054,False
10826,-0.008360412,-0.008360412,False
10832,-0.009935655,-0.046262998,False
10947,0.0070025176,-0.024479687,False
10876,-0.03128304,-0.027681587,False
10878,-0.052885342,0.016290247,False
10915,-0.020292908,-0.14860272,False
10916,-0.00038083643,0.03875316,False
10917,0.0,0.0,False
10918,-0.021107256,-0.1999068,False
10919,-0.0039766673,-0.019641334,False
10920,-0.020204825,-0.041190792,False
10921,0.01372291,-0.019143287,False
10922,-0.12191258,-0.12155793,False
10923,0.06763673,0.09226477,False
10924,-0.08231509,-0.027970493,False
10925,-0.09452605,-0.041705966,False
10926,-0.028851964,-0.10139616,False
10927,-0.052547038,0.020246208,False
10928,0.0023338795,0.030879185,False
10929,0.0,0.0,False
10930,-0.38200164,-0.36051702,False
10931,-0.019491076,0.04380949,False
10945,0.054940425,-0.009342775,False
10944,0.011661962,-0.021291062,False
10943,0.04357201,0.23360446,False
10942,0.040658757,-0.037275612,False
10941,0.04696536,0.038468152,False
10940,-0.015333062,0.03261616,False
10914,-0.09443044,-0.050747037,False
10939,-0.0014622137,0.008270495,False
10937,0.0011143982,-0.21495648,False
10936,0.010541588,-0.062373526,False
10935,-0.19571246,-0.14989114,False
10934,0.038184956,0.05993639,False
10933,0.050678626,0.039831422,False
10932,0.013642564,-0.06231055,False
10938,0.10332556,0.04204711,False
10913,-0.194911,-0.7249713,False
10912,-0.07077333,-0.06378637,False
10911,0.0013839006,0.012957573,False
10892,0.0075803846,-0.013867477,False
10891,-0.019730546,-0.018474495,False
10890,-0.19989917,-0.3328991,False
10889,0.017782131,0.0,False
10888,0.008695781,0.15283975,False
10887,-0.016558409,-0.050113045,False
10893,-0.046321217,-0.046127755,False
10886,-0.057009924,-0.035842575,False
10884,0.07872656,0.028821632,False
10883,-0.31066453,-0.67052186,False
10882,0.02031809,-0.022615224,False
10881,0.051523387,-0.03569752,False
10880,-0.14152116,-0.13447452,False
10879,0.14596215,-0.07216784,False
10885,0.15334308,0.13403198,False
10877,-0.027626753,-0.08537695,False
10894,-0.15801048,-0.1763883,False
10896,0.005188031,0.04952539,False
10910,-0.3880958,-0.20978564,False
10909,-1.0861692,-1.3336625,False
10908,-0.028197099,-0.028197099,False
10907,-0.120221704,0.19557959,False
10906,-0.09415144,0.06532502,False
10905,-0.121726856,-0.07939464,False
10895,-0.14285898,-0.037504196,False
10904,-0.08834961,-0.023974136,False
10902,-0.054983072,-0.13251798,False
10901,-0.009691559,-0.009691559,False
10900,0.0018306505,0.007650025,False
10899,-0.035804182,-0.02113988,False
10898,-0.3352679,0.5051911,False
10897,-0.0076374346,-0.0043858853,False
10903,-0.0010816157,-0.018313512,False
10807,-0.045914464,0.039067425,False
11089,-0.055144727,-0.05622351,False
11091,-0.30332154,-0.2202149,False
11270,0.01401867,-0.034627624,False
11271,0.013197685,-0.004584446,False
11272,0.0,0.00035345793,False
11273,-0.017625034,0.107501805,False
11274,0.0,0.0,False
11275,-0.014666617,-0.120728604,False
11276,-0.56571484,-0.5112674,False
11277,-0.026836414,-0.023915952,False
11278,0.058579393,-0.031834006,False
11279,-0.19420618,-0.0982334,False
11280,-0.0034174668,-0.0034174668,False
11281,-0.046592847,-0.06987505,False
11282,-0.103957534,0.13994604,False
11283,0.012392287,-0.005487407,False
11284,0.15160692,0.0030370727,False
11285,-0.0069836443,-0.0069836443,False
11286,0.018735822,-0.0048269946,False
11300,-0.035272066,-0.051630847,False
11299,-0.0049393275,-0.0049393275,False
11298,0.07211583,-0.018623142,False
11297,-0.050390273,-0.044810206,False
11296,-0.1276644,-0.14939064,False
11295,0.02466011,-0.07929134,False
11269,-0.011186213,-0.011186213,False
11294,0.041237652,-0.1307815,False
11292,0.02556631,-0.020724496,False
11291,0.0886226,-0.06856009,False
11290,-0.0033393204,0.0061710477,False
11289,0.040551227,-0.015307104,False
11288,0.009371072,0.0018628091,False
11287,-0.0046868264,-0.0046868264,False
11293,0.015344091,0.0035908408,False
11268,-0.030317955,-0.100916535,False
11267,-0.066777214,-0.13733721,False
11266,-0.46554384,-0.21346998,False
11247,-0.10002771,-0.19843231,False
11246,0.08071756,-0.18800631,False
11245,-0.056013316,0.12455839,False
11244,-0.13685846,-0.067059994,False
11243,-0.98382974,-0.5365374,False
11242,-0.06582944,-0.05396437,False
11248,-0.011316724,-0.039208964,False
11241,0.03692148,-0.0043510944,False
11239,-0.071565285,0.07834174,False
11238,-0.22345889,-0.10494274,False
11237,-0.0394091,-0.13312787,False
11236,0.0,0.08869983,False
11235,0.041054033,-0.053202927,False
11234,-0.0028699785,0.037961006,False
11240,-0.003592351,-0.0035639994,False
11301,0.03250084,-0.009593023,False
11249,0.010374144,-0.012599075,False
11251,0.07644248,-0.030492783,False
11265,-0.124694996,-0.010446176,False
11264,-0.0012513399,0.11389089,False
11263,-0.0051456327,-0.0051456327,False
11262,-0.1223554,0.09750378,False
11261,-0.039053254,-0.037585564,False
11260,-0.5412274,0.069357395,False
11250,-0.021728463,-0.017376263,False
11259,-0.14454651,0.022938132,False
11257,-0.032268636,-0.032508284,False
11256,-0.14763632,0.052009612,False
11255,-0.00663393,0.03804312,False
11254,-0.36153215,0.09903747,False
11253,-0.7213452,-0.46904087,False
11252,0.025134858,-0.010006624,False
11258,0.35494566,-0.39116955,False
11233,0.025639925,0.0017950404,False
11302,-0.039720193,-0.17308247,False
11304,0.06687513,0.10297325,False
11341,-0.012916271,-0.046531912,False
11342,-0.31086093,-0.37188286,False
11343,-0.019207492,-0.019207492,False
11344,-0.013475051,-0.013475051,False
11345,-0.033514287,-0.033514287,False
11346,-0.035256036,-0.028505899,False
11347,-0.15576424,-0.16940168,False
11348,-0.01334673,-0.01334673,False
11349,-0.014992936,-0.0072657573,False
11350,-0.095782034,-0.06264988,False
11351,0.010305852,-0.04200709,False
11352,0.020692552,-0.025052859,False
11353,-0.072886154,-0.114391275,False
11354,0.0,8.989918e-06,False
11355,-0.225039,-0.19324303,False
11356,-0.068730354,-0.040113688,False
11357,0.08674756,0.0085323155,False
11371,-0.06745151,0.07165812,False
11370,-0.015848994,-0.06997156,False
11369,-0.031954315,-0.008105658,False
11368,-0.0962764,-0.04310006,False
11367,0.28304982,-0.017392516,False
11366,0.006793678,0.012199044,False
11340,0.02290313,-0.044597767,False
11365,-0.05556786,-0.41573507,False
11363,0.15716851,-0.11069751,False
11362,0.02171988,0.011381518,False
11361,0.14418769,-0.28490114,False
11360,0.06568915,0.059135437,False
11359,-0.11913382,-0.10616222,False
11358,-0.25610566,0.19917727,False
11364,0.07705513,0.115267724,False
11339,-0.039545853,-0.03887852,False
11338,0.0,0.0,False
11337,0.06373766,-0.010153323,False
11318,-0.08350834,-0.20516935,False
11317,0.01690811,0.04157716,False
11316,-0.09138483,-0.04445067,False
11315,-0.031780466,-0.011891853,False
11314,-0.14071476,-0.29873395,False
11313,0.20755005,0.21665847,False
11319,-0.02406328,-0.02406328,False
11312,-0.0076993816,0.056336947,False
11310,0.015357539,0.014238525,False
11309,0.018337028,-0.019528333,False
11308,-0.0039994186,-0.0026852097,False
11307,0.031484384,0.015077669,False
11306,0.09455648,0.09705329,False
11305,0.123863995,-0.021843761,False
11311,-0.071763515,-0.13377246,False
11303,-0.019913942,-0.019913942,False
11320,0.06265512,0.08665891,False
11322,0.054446816,-0.07489105,False
11336,-0.19759682,-0.13224864,False
11335,-0.07662022,-0.11769503,False
11334,-0.19945228,-0.088760495,False
11333,0.0085335625,-0.0063673053,False
11332,0.059839353,0.03031253,False
11331,-0.15313351,-0.2590924,False
11321,-0.18414724,-0.22844434,False
11330,-0.02454412,-0.02454412,False
11328,-0.025787828,-0.025787828,False
11327,-0.14705521,-0.07916114,False
11326,-0.011976076,-0.011976076,False
11325,-0.017116312,-0.017116312,False
11324,-0.025933344,-0.03641652,False
11323,-0.0038406514,-0.043124236,False
11329,-0.36841094,-0.43569964,False
11090,0.15997446,-0.01561296,False
11232,-0.11694692,-0.13568217,False
11230,-0.2881785,0.09001559,False
11128,-0.12898755,-0.48773268,False
11129,-0.23911154,-0.8706069,False
11130,-0.10059667,-0.12381628,False
11131,-0.14318568,-0.1984244,False
11132,-0.16053483,-0.25030562,False
11133,-0.15977567,-0.22216249,False
11134,-0.20582741,-0.061070144,False
11135,-0.034663826,-0.041881517,False
11136,0.0491423,-0.013382316,False
11137,0.021704435,0.10485762,False
11138,-0.13001472,-0.15945733,False
11139,0.033525348,-0.10911062,False
11140,-0.019496158,-0.12988026,False
11141,-0.16882563,-0.034311235,False
11142,0.030200303,-0.029526472,False
11143,-0.055680558,-0.06603998,False
11144,-0.17378426,-0.0630725,False
11158,-0.21480656,-0.14635944,False
11157,-0.18288356,-0.1631526,False
11156,0.0,0.00040445293,False
11155,0.015241869,-0.018950954,False
11154,-0.0038334213,-0.0038334213,False
11153,0.0,0.00018260536,False
11127,-0.20585525,-0.58435607,False
11152,-0.3244263,-0.29570007,False
11150,0.08583969,-0.017237961,False
11149,-0.04304138,-0.12229076,False
11148,-0.019895326,-0.019895326,False
11147,0.017685309,0.0,False
11146,-0.041422755,0.085680604,False
11145,-0.13351071,-0.38792884,False
11151,-0.012817886,-0.055473257,False
11126,-0.1594507,-0.1282092,False
11125,0.024069369,-0.15368702,False
11124,-0.076800376,-0.026477784,False
11105,-0.011984216,-0.011984216,False
11104,0.0,0.0,False
11103,-0.07909007,0.011755981,False
11102,-0.007866591,-0.075731605,False
11101,-0.044074208,-0.04051998,False
11100,0.024411365,-0.038503006,False
11106,0.0,0.0,False
11099,-0.057447486,-0.027761295,False
11097,0.06813204,-0.043905113,False
11096,-0.20561534,-0.038302064,False
11095,0.062035397,-0.040753014,False
11094,-0.039327472,-0.010879576,False
11093,-0.39134967,-0.009284139,False
11092,0.031454127,0.037896525,False
11098,-0.0156210065,-0.12938964,False
11159,-0.07306236,-0.13231242,False
11107,-0.050955817,-0.0570156,False
11109,0.03764745,-0.0025507552,False
11123,0.02003488,-0.016992843,False
11122,-0.023483552,0.019700833,False
11121,-0.25076818,0.19375348,False
11120,-0.31081507,-0.06406602,False
11119,0.0,4.961765e-06,False
11118,-0.20928603,-0.18541694,False
11108,-0.004906715,-0.004906715,False
11117,-0.16529506,-0.13858896,False
11115,-0.10482383,-0.026966155,False
11114,-0.09392366,-0.10464665,False
11113,0.018562334,0.008983707,False
11112,-0.104172446,-0.124389715,False
11111,-0.07292777,0.0035643578,False
11110,-0.29432845,-0.52381015,False
11116,-0.015318304,-0.0412983,False
11231,-0.58098716,-0.2537387,False
11160,-0.2851026,-0.08966398,False
11162,0.012110278,-0.014507171,False
11199,-0.47602773,-0.07017529,False
11200,0.24521533,0.21616921,False
11201,-0.012677023,-0.012677023,False
11202,-0.025050458,0.05046684,False
11203,-0.017375767,-0.016575824,False
11204,-0.0052438695,-0.0052438695,False
11205,0.0150909275,0.001566723,False
11206,-0.0072863847,0.030040786,False
11207,0.122865915,-0.14273426,False
11208,-0.2780253,-0.40036148,False
11209,-0.064859845,-0.0854994,False
11210,-0.039774165,-0.038449436,False
11211,0.10685837,0.3659222,False
11212,0.20498365,-0.000988245,False
11213,-0.06565088,-0.008393437,False
11214,-0.066006914,0.06586838,False
11215,-0.00502133,-0.0042452994,False
11229,0.036216795,-0.059550107,False
11228,0.12222767,0.016530871,False
11227,0.022111654,0.15590096,False
11226,-0.095683604,0.17593884,False
11225,0.0,0.0026600594,False
11224,0.2030566,0.20483091,False
11198,0.008786779,0.0004421305,False
11223,-0.53282845,-0.14638627,False
11221,0.0,0.0,False
11220,0.045877278,-0.010814935,False
11219,0.07148368,0.018098049,False
11218,-0.005415246,0.07223931,False
11217,-0.36031604,-0.7906635,False
11216,-0.010067988,-0.010067988,False
11222,-0.12948632,-0.13677627,False
11197,-0.072364464,0.02102597,False
11196,-0.0358958,-0.016020492,False
11195,-0.020023912,0.015630186,False
11176,0.05361116,-0.0008198768,False
11175,0.005975902,-0.083223924,False
11174,0.083482414,0.0053105652,False
11173,-0.13434792,-0.111695826,False
11172,-0.006625116,-0.039117575,False
11171,0.36728495,0.0966669,False
11177,-0.21997026,-0.19638476,False
11170,-0.19558322,0.020453453,False
11168,-0.043735504,0.017478034,False
11167,-0.0044809636,-0.0044809636,False
11166,-0.36345404,-0.33282006,False
11165,0.031700328,-0.11265138,False
11164,0.0021546483,-0.1450356,False
11163,0.0,0.0,False
11169,-0.013863564,0.03162533,False
11161,-0.07208483,-0.06326097,False
11178,0.037186563,-0.08128399,False
11180,-0.008581936,-0.25185096,False
11194,-0.0035210575,-0.0035210575,False
11193,0.017186057,-0.004938503,False
11192,0.0,0.0,False
11191,0.14583999,-0.032811634,False
11190,-0.029060459,0.007728899,False
11189,-0.032813072,0.11701465,False
11179,-0.18266547,-0.10275686,False
11188,-0.045440674,-0.02885355,False
11186,-0.039273933,-0.04425364,False
11185,0.02125577,-0.02472823,False
11184,0.12670481,-0.12282282,False
11183,-0.014174059,-0.014122845,False
11182,-0.0136862695,0.087987244,False
11181,0.055980597,-0.010719616,False
11187,-0.14928001,-0.14764595,False
10806,-0.29962444,0.005874455,False
10805,0.05926129,-0.019849973,False
10804,0.0765689,-0.034735084,False
10417,0.016428873,0.093988694,False
10418,0.11788547,-0.38189936,False
10419,-0.06737524,0.05090654,False
10420,-0.08477226,0.050839007,False
10421,0.010537475,-0.08952205,False
10422,0.029301837,-0.04869245,False
10423,0.043129653,0.1730293,False
10424,0.16190924,0.018990058,False
10425,-0.15318726,0.27199394,False
10426,-0.11699772,0.1268593,False
10427,-0.0074848533,0.047870815,False
10428,-0.1110422,-0.058721542,False
10429,0.019782782,-0.027543724,False
10430,0.07124302,-0.059850007,False
10431,-0.055959776,0.028447866,False
10432,-0.25151005,-0.023048997,False
10433,-0.010617677,0.010655429,False
10447,0.0,8.122054e-05,False
10446,-0.2901454,-0.0263986,False
10445,0.0,0.00048957363,False
10444,0.0,0.00071165874,False
10443,0.0,0.0,False
10442,-0.009539741,-0.009539741,False
10416,-0.3390829,-0.27886283,False
10441,-0.036452636,-0.058255374,False
10439,-0.009869464,-0.057182547,False
10438,-0.072043896,0.1066103,False
10437,-0.004814338,0.0071731927,False
10436,0.18501708,-0.041838095,False
10435,-0.07656926,-0.1140002,False
10434,0.023552775,-0.15332115,False
10440,-0.0013222247,-0.020484176,False
10415,0.0,4.2322637e-05,False
10414,-0.04621402,-0.039281294,False
10413,0.0,0.0,False
10394,0.024078356,0.0,False
10393,0.0,0.0,False
10392,-0.06572034,-0.06572034,False
10391,0.04548917,-0.044127576,False
10390,0.0,0.00021226595,False
10389,0.016573524,-0.003413568,False
10395,-0.021263935,-0.021263935,False
10388,0.009147719,-0.011736096,False
10386,-0.05863069,0.042906195,False
10385,-0.010605333,-0.013653176,False
10384,-0.08659081,-0.20211169,False
10383,-0.01954402,-0.01954402,False
10382,-0.0047188643,-0.0047188643,False
10381,0.023875155,-0.035662364,False
10387,0.011928111,-0.0015311837,False
10448,-0.053515945,0.0063199773,False
10396,-0.03876275,-0.06684397,False
10398,-0.010290232,-0.029569145,False
10412,0.11344457,0.03445646,False
10411,-0.07659745,-0.14709294,False
10410,-0.1503818,-0.1904819,False
10409,0.021202266,-0.09186533,False
10408,-0.013617039,-0.013617039,False
10407,-0.09209627,-0.07965487,False
10397,0.0072915647,-0.008648695,False
10406,0.052695423,0.08622351,False
10404,0.018111676,0.02883227,False
10403,-0.42998195,-0.22342253,False
10402,-0.0033567138,4.0978193e-05,False
10401,0.47601843,-0.11925912,False
10400,0.037774086,-0.07128826,False
10399,0.033974886,-0.031657517,False
10405,-0.010668654,-0.008032773,False
10380,-0.0045664166,-0.00039792573,False
10449,-0.009692116,-0.0076181,False
10451,0.013212185,-0.009255125,False
10488,-0.02979505,-0.069648474,False
10489,0.11552623,-0.03933087,False
10490,-0.125727,0.00898847,False
10491,0.0037823766,-0.099908866,False
10492,-0.05465883,-0.15882687,False
10493,-0.030889027,-0.077913046,False
10494,0.46476775,0.3595398,False
10495,0.027199268,0.059137106,False
10496,-0.15143543,-0.11702877,False
10497,-0.4373963,-0.76532674,False
10498,-0.009370446,-0.094778895,False
10499,-0.2874118,-0.12934959,False
10500,0.014194727,-0.12612689,False
10501,-0.1352911,-0.11751294,False
10502,0.09141645,0.074208945,False
10503,-0.08767149,0.061981082,False
10504,-0.1679846,-0.10321152,False
10518,-0.1704714,0.11181688,False
10517,0.1610519,-0.010078937,False
10516,-0.026492182,-0.040110663,False
10515,-0.11405361,0.1522538,False
10514,-0.009645272,-0.009482552,False
10513,-0.033095986,0.09717387,False
10487,-0.013589635,-0.013589635,False
10512,0.030109309,0.0073050484,False
10510,0.17065023,0.13260531,False
10509,0.0,0.0,False
10508,0.0,0.0,False
10507,-0.013381332,-0.058439866,False
10506,0.0,0.0,False
10505,0.0092485845,-0.08794201,False
10511,0.0656445,-0.17447671,False
10486,0.048566163,0.09006037,False
10485,-0.025735617,-0.056764178,False
10484,-0.041673426,-0.065741085,False
10465,-0.046449512,-0.003174752,False
10464,-0.07945141,-0.16613409,False
10463,-0.16807157,-0.12011087,False
10462,0.022034943,0.034968078,False
10461,0.07791568,-0.14483044,False
10460,-0.5491071,-0.7613754,False
10466,0.19853091,-0.14268935,False
10459,0.030503064,0.20012286,False
10457,-0.297859,-0.59425795,False
10456,-0.018503668,-0.018355044,False
10455,-0.5638708,-0.118290424,False
10454,0.0,0.0,False
10453,0.051549286,-0.04288256,False
10452,0.0037834644,-0.022966936,False
10458,0.0036230087,0.06926638,False
10450,-0.027583525,-0.10204016,False
10467,-0.013888935,-0.013888935,False
10469,0.09962636,0.021114454,False
10483,0.019880824,0.040312804,False
10482,-0.118489265,-0.029454648,False
10481,0.053635366,-0.012929888,False
10480,-0.0077835433,-0.012064438,False
10479,-0.5588269,-0.38080788,False
10478,0.045850214,-0.0030553564,False
10468,-0.10845709,0.045115173,False
10477,-0.03863454,-0.101336,False
10475,-0.0017233342,0.10531326,False
10474,-0.112558156,-0.085627526,False
10473,0.07605821,0.16020596,False
10472,-0.014292028,0.011488389,False
10471,-0.024417799,-0.024417799,False
10470,-0.058526218,-0.038260788,False
10476,-0.006050013,-0.025846548,False
10519,-0.058401525,-0.058209836,False
10379,-0.0044046603,-0.004152694,False
10377,0.0018065944,0.039752826,False
10274,0.046893716,0.3483615,False
10275,0.0,0.0,False
10276,0.25924978,-0.060707957,False
10277,-0.02500224,-0.024987204,False
10278,-0.015612602,-0.22427279,False
10279,0.028840683,0.07801698,False
10280,-0.004767463,-0.004767463,False
10281,0.18926644,-0.06352484,False
10282,0.065646686,0.054795377,False
10283,0.06648636,0.08301005,False
10284,-0.14824015,-0.2171188,False
10285,-0.058029592,-0.047683716,False
10286,0.04293853,0.2515632,False
10287,-0.019202769,-0.122989565,False
10288,-0.24264187,0.08591682,False
10289,-0.008254588,0.12521124,False
10290,-0.13771829,-0.27273926,False
10304,0.0793373,0.038245976,False
10303,0.015099093,-0.057834014,False
10302,0.20889103,-0.16594177,False
10301,-0.105259225,-0.03841032,False
10300,0.09589894,-0.172097,False
10299,-0.13393922,-0.06930442,False
10273,-0.12141764,-0.07443035,False
10298,-0.049960293,-0.029425215,False
10296,-0.05610883,-0.043278728,False
10295,-0.0184669,-0.0184669,False
10294,0.14885443,-0.034392416,False
10293,-0.06459847,-0.1092954,False
10292,0.049672592,0.0009533614,False
10291,-0.04444364,0.015861139,False
10297,0.07408108,-0.0312664,False
10272,0.0,0.0,False
10271,0.287414,0.101136565,False
10270,-0.23569787,0.004117638,False
10251,-0.049761057,-0.20765106,False
10250,0.46815,0.09503114,False
10249,-0.21296942,-0.23022127,False
10248,-0.029121049,-0.0074040964,False
10247,-0.093790054,-0.03004989,False
10246,0.030423477,-0.02320604,False
10252,-0.09186561,-0.08503322,False
10245,0.016112946,-0.008200965,False
10243,0.0,0.0017603915,False
10242,-0.12338945,-0.08446872,False
10241,0.0,0.01320485,False
10240,-0.11010451,0.014708087,False
10239,-0.06463128,-0.08274016,False
10238,-0.0083749015,-0.0083749015,False
10244,-0.27125168,-0.22886395,False
10305,0.0,0.0,False
10253,0.07715872,0.01760441,False
10255,0.0030980408,-0.14200737,False
10269,-0.15345347,-0.3437842,False
10268,-0.052105725,0.008609712,False
10267,-0.08697957,-0.12160157,False
10266,-0.17528652,-0.01700148,False
10265,-0.09959562,-0.10308416,False
10264,0.013180473,0.0038119517,False
10254,-0.12162152,-0.03805846,False
10263,-0.2587254,-0.14360416,False
10261,-0.3386141,-0.1961081,False
10260,0.0017908812,0.013562918,False
10259,-0.062387586,-0.04445827,False
10258,-0.090139836,0.24608964,False
10257,0.0227108,-0.051836014,False
10256,-0.08626586,-0.16108155,False
10262,0.065852135,0.071246475,False
10378,0.0,0.0,False
10306,-0.036639154,0.0043754578,False
10308,-0.05982101,0.086618096,False
10345,-0.06535065,-0.2271198,False
10346,-0.05975459,-0.064676985,False
10347,-0.07326831,0.02478072,False
10348,-1.3980542,-0.9317043,False
10349,-0.08090939,-0.12086651,False
10350,-0.16499329,0.075332165,False
10351,0.10000861,0.07972586,False
10352,-0.011390433,0.038348228,False
10353,-0.091888726,-0.07310116,False
10354,-0.20142376,-0.19112664,False
10355,-0.03329745,0.041445017,False
10356,-0.0005755946,0.0175104,False
10357,-0.028784305,0.056931555,False
10358,-0.020971492,0.15264182,False
10359,0.06803653,-0.0051305443,False
10360,-0.43208504,0.05390978,False
10361,-0.0023012906,-0.03541635,False
10376,0.29719317,-0.11562115,False
10375,-0.047681805,-0.062273405,False
10374,0.031431273,-0.08177939,False
10372,-0.0049149087,-0.0049149087,False
10371,-0.032960698,-0.032960698,False
10370,0.01172162,-0.009946057,False
10344,-0.17423284,0.04164505,False
10369,-0.055145323,-0.002104327,False
10367,-0.28790614,-0.36279958,False
10366,-0.004685425,-0.004685425,False
10365,-0.019297019,-0.0192914,False
10364,-0.009336332,-0.009336332,False
10363,-0.010199711,-0.09262011,False
10362,-0.05533287,-0.21918666,False
10368,-0.025572788,0.024119034,False
10343,0.017987601,-0.0010051578,False
10342,-0.00062841177,-0.11475888,False
10341,-0.30660072,-0.25795504,False
10322,0.03204578,-0.0094550345,False
10321,0.38043702,0.20758474,False
10320,0.05365789,0.36577845,False
10319,0.040066574,0.17975904,False
10318,0.037632354,-0.008523621,False
10317,0.031723857,0.022692978,False
10323,0.063723564,-0.07126579,False
10316,0.30865538,0.28282297,False
10314,-0.03652679,0.017973214,False
10313,0.005789742,0.03917717,False
10312,-0.00502745,-0.0050088977,False
10311,-0.14285553,-0.071718454,False
10310,0.25035107,0.0069716573,False
10309,0.020449817,0.1885652,False
10315,-0.023539484,0.013007462,False
10307,-0.07736361,-0.017037898,False
10324,-0.12323165,-0.275985,False
10326,-0.029782131,-0.0153865665,False
10340,0.037340906,-0.004432738,False
10339,0.56496876,-0.06513888,False
10338,-0.006140724,-0.0761891,False
10337,-0.023747087,-0.31777847,False
10336,-0.18593347,-0.16762763,False
10335,0.09134787,0.0011460185,False
10325,0.09967659,0.27657568,False
10334,-0.0096121235,-0.0096121235,False
10332,-0.17359394,-0.112127125,False
10331,0.0071047936,0.079343826,False
10330,-0.0063838065,-0.03014858,False
10329,0.05903186,-0.07010144,False
10328,0.012286067,-0.096440405,False
10327,-0.022259086,0.14557493,False
10333,-0.024230652,-0.06884816,False
10520,-0.054060504,0.0064192414,False
10521,0.0044687316,0.016639475,False
10522,0.035193264,-0.03760399,False
10702,-0.2099143,-0.032308638,False
10703,-0.019623615,-0.04418137,False
10704,-0.07547289,-0.15919743,False
10705,-0.033020273,-0.02650558,False
10706,-0.031412095,-0.04854788,False
10707,-0.12281039,0.0579167,False
10708,-0.2010836,-0.10432561,False
10709,-0.054451793,-0.06445484,False
10710,-0.0044749146,-0.0044749146,False
10711,-0.12257841,-0.20287666,False
10712,-0.07873759,-0.1414355,False
10713,-0.21576092,-0.09844214,False
10714,-0.050976276,0.014349282,False
10715,0.08726115,0.052634485,False
10716,0.051528275,0.07454997,False
10717,-0.36000872,0.09224224,False
10718,-0.20073754,-0.1465885,False
10732,-0.00819169,-0.031773467,False
10731,-0.010108804,-0.010108804,False
10730,0.31745753,0.033204734,False
10729,-0.024699494,-0.024699494,False
10728,-0.06482956,-0.09780145,False
10727,-0.047547042,-0.112609506,False
10701,0.018381417,-0.013805434,False
10726,-0.050710067,-0.0095222,False
10724,-0.13288558,-0.06244564,False
10723,0.036313385,-0.005284488,False
10722,0.0,0.0,False
10721,-0.10112484,0.04682246,False
10720,-0.12524362,0.08853352,False
10719,0.03856483,-0.22213446,False
10725,0.012885287,0.14120136,False
10700,-0.15382004,0.018407226,False
10699,-0.02086766,-0.022776082,False
10698,-0.07188666,0.22226202,False
10679,0.11768228,-0.03705372,False
10678,-0.02092892,0.012308985,False
10677,-0.18029305,0.052369922,False
10676,0.0,0.0,False
10675,-0.4355309,-0.78725195,False
10674,-0.014525307,-0.014525307,False
10680,-0.07277042,-0.018985122,False
10673,-0.12384616,0.39538446,False
10671,-0.0033912933,-0.0007676657,False
10670,-0.008078988,-0.0080731455,False
10669,-0.038210765,-0.03531014,False
10668,-0.08881135,-0.07442708,False
10667,-0.029517654,-0.0009758882,False
10666,-0.0070049902,-0.0070049902,False
10672,0.0,0.0,False
10733,-0.13291574,-0.081617445,False
10681,0.14495373,-1.0808051,False
10683,-0.048639543,-0.060259044,False
10697,-0.059565768,-0.078835264,False
10696,-0.013581604,0.12208897,False
10695,-0.0475249,-0.1386334,False
10694,-0.0050290436,-0.005027162,False
10693,-0.009976149,-0.06328392,False
10692,-0.004606257,-0.004606257,False
10682,-0.009426527,-0.009426527,False
10691,0.0,0.0,False
10689,-0.03323903,-0.03323903,False
10688,-0.019643793,-0.019643793,False
10687,-0.03583468,-0.020054106,False
10686,0.011056859,-0.0548606,False
10685,-0.2483063,-0.031027436,False
10684,-0.06496096,0.00012862682,False
10690,-0.03662035,0.034927756,False
10665,-0.045156904,0.0057602376,False
10734,0.011415288,-0.027951658,False
10736,-0.008114163,-0.008114163,False
10773,-0.48939824,-1.9457362,False
10774,-0.1409657,-1.188618,False
10775,-0.07811756,-0.02060777,False
10776,0.010392483,-0.02834479,False
10777,0.06433159,0.27698505,False
10778,-0.040641725,0.041049957,False
10779,0.13363323,-0.06595841,False
10780,-0.14940062,-0.14943552,False
10781,0.019210689,0.0020982993,False
10782,-0.043164045,-0.0810106,False
10783,0.07826963,0.00395333,False
10784,-0.0814468,-0.13452345,False
10785,-0.0050570443,-0.0050570443,False
10786,-0.13416693,0.11605245,False
10787,-0.018593222,-0.05383365,False
10788,-0.3183465,-0.41637087,False
10789,-0.05028531,-0.059758727,False
10803,0.0829649,-0.16005087,False
10802,0.033168346,-0.22252697,False
10801,-0.60104036,-0.18510437,False
10800,-0.22052002,-0.39172363,False
10799,-0.35047543,0.21131682,False
10798,-0.022758055,-0.022758055,False
10772,-0.39668298,-0.24459034,False
10797,-0.0022958405,-0.017429106,False
10795,-0.04795883,-0.04795883,False
10794,0.056717366,0.018234447,False
10793,-0.37825334,-0.2409153,False
10792,-0.21394438,-0.2950673,False
10791,-0.01007629,-0.0095823705,False
10790,-0.008550118,-0.008550118,False
10796,-0.050105587,0.20909286,False
10771,-0.0801545,-0.01594533,False
10770,-0.08600569,0.0111475885,False
10769,-0.0064406004,-0.032955907,False
10750,0.007621443,-0.014104789,False
10749,0.0,0.0,False
10748,-0.040493578,-0.04912156,False
10747,0.05632247,0.11106053,False
10746,-0.055841684,0.033734918,False
10745,-0.22955477,0.004115522,False
10751,-0.005001223,-0.005001223,False
10744,-0.4269097,-0.4055102,False
10742,-0.004380688,-0.12366872,False
10741,-0.07681531,0.011276543,False
10740,-0.021888934,-0.020374691,False
10739,0.0,0.0,False
10738,0.0,0.0,False
10737,-0.004061069,-0.004061069,False
10743,-0.028240234,0.056877553,False
10735,-0.014725758,-0.014725758,False
10752,-0.019410336,-0.019410336,False
10754,-0.14623356,-0.28503454,False
10768,-0.02290921,0.09323102,False
10767,0.047151104,0.060788468,False
10766,0.095764995,-0.0023307502,False
10765,0.10937601,0.082721144,False
10764,0.032649755,0.036528945,False
10763,0.06108339,-0.037935562,False
10753,-0.17258875,0.008577168,False
10762,0.032998204,0.29912734,False
10760,0.02081851,0.0,False
10759,0.011013143,0.063667156,False
10758,-0.17937714,-0.063458174,False
10757,-0.048080385,-0.01710248,False
10756,0.013338376,0.020499345,False
10755,0.2530325,0.11363603,False
10761,-0.01946995,-0.01946995,False
10664,0.00745052,-0.014280262,False
10663,-0.0040494204,-0.003320299,False
10662,0.0,5.5949182e-05,False
10559,-0.19306636,0.00461936,False
10560,-0.124815226,-0.13454002,False
10561,-0.24869007,0.030599356,False
10562,-0.11287759,-0.03799051,False
10563,-0.12678409,-0.3161615,False
10564,-0.16688204,0.17069066,False
10565,0.11616242,0.18022823,False
10566,0.009949863,0.009355783,False
10567,-0.011855643,-0.0312907,False
10568,-0.059439838,-0.061752856,False
10569,-0.076354444,-0.12763253,False
10570,0.011112858,-0.008874234,False
10571,0.07608395,0.093690746,False
10572,-0.2826317,-0.26517463,False
10573,-0.292906,-0.29050046,False
10574,-0.2877946,-0.24786663,False
10575,-0.2516296,0.05790341,False
10589,-0.3971752,-0.26079845,False
10588,0.06940158,-0.019732691,False
10587,-0.07000589,-0.5297725,False
10586,-0.5539508,-0.26710486,False
10585,-0.21066028,-0.1499492,False
10584,-0.10326707,0.086476326,False
10558,-0.19719341,-0.024909437,False
10583,-0.07709503,-0.031918794,False
10581,0.1373603,-0.074976705,False
10580,-0.022060081,0.026262969,False
10579,0.051725537,-0.07922354,False
10578,-0.2995355,-0.40656197,False
10577,-0.19158196,-0.15420175,False
10576,-0.23935533,-0.14799297,False
10582,-0.03558266,-0.1363746,False
10557,-0.4530666,-0.25859368,False
10556,-0.10862124,-0.26633823,False
10555,0.0436213,0.057976604,False
10536,-0.21181774,-0.091775954,False
10535,-0.01482252,0.09975139,False
10534,0.01078105,0.06503117,False
10533,0.074711084,-0.10627541,False
10532,-0.13730508,0.1315642,False
10531,0.11242247,0.28348017,False
10537,-0.030493379,-0.13277572,False
10530,0.008726396,-0.043929335,False
10528,-0.01914706,-0.0151642,False
10527,0.06243833,-0.033868466,False
10526,-0.010208186,0.0019265981,False
10525,-0.2058121,-0.27513313,False
10524,0.0030889716,0.007118756,False
10523,-0.009970309,-0.009956028,False
10529,-0.0035777688,-0.031578183,False
10590,-0.14250672,-0.22685581,False
10538,0.18600845,0.07823151,False
10540,0.015087228,-0.028522931,False
10554,-0.1478982,-0.34358048,False
10553,-0.3154288,-0.07266384,False
10552,0.050861895,-0.17779088,False
10551,-0.10441089,-0.22592175,False
10550,-0.38448995,-0.48511565,False
10549,0.1760602,0.031186104,False
10539,0.042619213,-0.037205562,False
10548,0.0006496906,-0.04505515,False
10546,-0.14621109,-0.34090358,False
10545,-0.04205966,-0.117128074,False
10544,-0.2681619,-0.22073007,False
10543,0.123202145,-0.12449902,False
10542,-0.5004611,-0.13479626,False
10541,-0.0043802317,-0.026632281,False
10547,-0.5579286,-0.48459852,False
10591,-0.2651658,-0.07394791,False
10592,-0.10316306,-0.04173994,False
10593,-0.083442986,-0.1833461,False
10643,-0.07664865,-0.13172653,False
10642,-0.081577346,-0.16776544,False
10641,-0.07536778,-0.06567556,False
10640,-0.0050774873,-0.0050774873,False
10639,-0.09524757,-0.111859486,False
10638,-0.034001116,-0.008413181,False
10644,0.0,0.003346791,False
10637,0.0,0.0,False
10635,0.0,0.0,False
10634,-0.8100624,-2.091031,False
10633,-0.0034737736,-0.06885015,False
10632,-0.30384982,-0.27208322,False
10631,0.10397315,-0.006059602,False
10630,-0.0050674463,-0.0050674463,False
10636,0.0,5.0896346e-05,False
10629,-0.12135305,0.08460972,False
10645,-0.02138142,-0.012827389,False
10647,0.09047142,0.057938337,False
10661,-0.06386328,-0.12858748,False
10660,-0.07121706,-0.17850679,False
10659,-0.00474748,-0.11860725,False
10658,0.042954292,2.0673766e-05,False
10657,-0.112947226,-0.54689777,False
10656,0.045700356,-0.10901533,False
10646,-0.048780084,0.0898045,False
10655,-0.61056584,-0.32433522,False
10653,-0.13028407,-0.120485425,False
10652,0.107195824,0.039907724,False
10651,-0.1450527,0.09357673,False
10650,-0.11228466,0.23741072,False
10649,-0.07051754,0.004477769,False
10648,0.014665112,-0.0073541543,False
10654,-0.018764097,-0.018764097,False
10236,-0.0040186113,-0.003702552,False
10628,-0.006568074,0.02671814,False
10626,0.119589865,-0.04958242,False
10607,-0.25871944,-0.22020912,False
10606,-0.14225197,-0.23131156,False
10605,-0.105083466,-0.17843652,False
10604,0.046696424,-0.07951063,False
10603,-0.70188546,-0.39620614,False
10602,-0.28709948,-0.41470706,False
10608,0.024208806,-0.04496985,False
10601,-0.19381982,-0.09780049,False
10599,-0.21475434,0.033206224,False
10598,0.022940278,-0.0059183836,False
10597,-0.16090292,-0.05441141,False
10596,-0.20405424,-0.42686975,False
10595,-0.059180796,0.06339902,False
10594,-0.2034893,-0.15849495,False
10600,0.0030065477,-0.14112733,False
10627,-0.13528353,-0.06552231,False
10609,-0.14746922,-0.032907903,False
10611,0.040246397,-0.06820005,False
10625,-0.21744013,-0.34139085,False
10624,0.21499014,0.16978359,False
10623,0.08016598,0.14611578,False
10622,0.41835475,-0.46690547,False
10621,-0.21435076,-0.23942429,False
10620,-0.03396678,0.16743338,False
10610,0.01972723,0.055933356,False
10619,-0.007516613,-0.030590488,False
10617,-0.0609468,-0.049523316,False
10616,0.016246628,-0.021136716,False
10615,-0.15357327,-0.13874304,False
10614,-0.009338653,-0.009338653,False
10613,-0.008702159,-0.14154255,False
10612,0.098172784,-0.12724638,False
10618,-0.36259097,-0.35486686,False
9094,0.08357539,-0.040954426,False
13653,-0.024921322,-0.02998803,False
13655,-0.050556473,-0.096682295,False
16683,-0.016229799,0.026096325,False
16684,-0.052246004,-0.07469189,False
16685,-0.025361061,-0.14527816,False
16686,-0.23676276,-0.2540382,False
16687,-0.05382651,-0.11580774,False
16688,-0.07366341,-0.002557531,False
16689,-0.11849621,-0.22961189,False
16690,-0.0051399465,-0.0032357248,False
16691,0.07753466,0.12239911,False
16692,-0.013628174,-0.020573296,False
16693,-0.019861339,-0.019861339,False
16694,-0.06391199,-0.10524051,False
16695,-0.028402716,0.011017814,False
16696,0.006371796,-0.03233707,False
16697,0.09795668,0.053588443,False
16698,0.0077530798,-0.014947418,False
16699,0.0061326725,-0.009807588,False
16714,-0.007402422,-0.028850283,False
16713,-0.77431965,-0.7041695,False
16712,-0.11363554,-0.34145236,False
16711,0.042774983,-0.023080189,False
16710,-0.24788088,-0.30136788,False
16709,-0.61091685,-0.6281271,False
16682,-0.015095703,-0.010200547,False
16708,-0.22145629,-0.051805973,False
16705,-0.009673951,-0.033616632,False
16704,0.086803794,-0.09360179,False
16703,-0.013978198,-0.013978198,False
16702,-0.051720902,-0.06806506,False
16701,-0.05404499,-0.028007925,False
16700,-0.17028695,0.242455,False
16706,-0.0044917874,-0.014686308,False
16681,0.0018371344,-0.22084808,False
16680,-0.044772565,-0.03531891,False
16679,0.02090202,-0.024217727,False
16660,-0.045413148,-0.036857735,False
16659,-0.009359345,0.003545709,False
16658,-0.0050561046,-0.005054001,False
16657,0.027069746,0.062009797,False
16656,-0.019637749,-0.019637749,False
16655,-0.046221435,-0.1969501,False
16661,0.08549887,0.018726408,False
16654,0.0822213,-0.04305002,False
16652,0.08374518,0.16339844,False
16651,-0.007835699,-0.007430371,False
16650,0.272452,0.04784286,False
16649,-0.013545707,-0.008196965,False
16648,-0.07620085,-0.027814463,False
16647,-0.3445598,-0.26803613,False
16653,-0.12336546,-0.0053055286,False
16715,-0.049666304,-0.08587154,False
16662,0.029162012,0.02120258,False
16664,0.03244412,0.30565727,False
16678,0.006574288,0.03616555,False
16677,0.025158957,-0.007757414,False
16676,0.00484116,0.054734915,False
16675,-0.09290111,0.4542842,False
16674,0.043282896,-0.14162266,False
16673,0.0,0.0,False
16663,-0.12388867,0.012667894,False
16672,0.040905207,0.058416933,False
16670,0.017639095,-0.02328368,False
16669,-0.06783879,-0.059059978,False
16668,-0.011211038,0.057889998,False
16667,-0.060684532,-0.039160788,False
16666,-0.032870676,0.029836312,False
16665,0.02378954,-0.03153393,False
16671,-0.23034549,-0.08582622,False
16646,-0.0076977015,0.0020234287,False
16716,0.0031578373,0.013074467,False
16718,-0.07459147,-0.12056289,False
16755,-0.02351284,-0.11006139,False
16756,-0.17148295,-0.21190155,False
16757,0.061492898,0.05361381,False
16758,-0.348158,-0.2145698,False
16759,-0.021029353,-0.03164044,False
16760,-0.26496816,-0.16303432,False
16761,0.38528967,-0.33705568,False
16762,-0.111617565,-0.269969,False
16763,-0.20936632,-0.24676287,False
16764,-0.099492304,-0.017677307,False
16765,-0.05585748,-0.08543038,False
16766,0.08320087,0.0410773,False
16767,0.0,0.0,False
16768,-0.1266647,-0.10314937,False
16769,-1.4371903,-0.9423739,False
16770,-0.022865716,-0.017052468,False
16771,-0.2489466,-0.28008932,False
16785,-0.12929845,-0.2785126,False
16784,0.013245622,-0.009688823,False
16783,0.007528918,-0.01061101,False
16782,-0.009185422,-0.0077506807,False
16781,-0.28310204,-0.11756468,False
16780,0.22127688,-0.058434844,False
16754,-0.106744796,-0.02890858,False
16779,0.071977794,-0.024196569,False
16777,-0.047038786,0.020578623,False
16776,-0.09868282,-0.02383104,False
16775,-0.32899988,-0.20687634,False
16774,-0.0061416104,0.008012325,False
16773,0.11378372,-0.106457785,False
16772,-0.04982789,0.011056095,False
16778,-0.22277448,0.075440526,False
16753,-0.26664436,0.13040304,False
16752,-0.35883093,0.22434926,False
16751,-0.01111871,-0.009004414,False
16732,0.037059963,-0.1970936,False
16731,-0.044769578,0.011468954,False
16730,-0.2840045,-0.08695674,False
16729,-0.004478243,-0.004478243,False
16728,0.09655368,-0.2708254,False
16727,0.064758986,-0.01098866,False
16733,-0.006987836,-0.0480611,False
16726,0.05301386,0.019588023,False
16724,-0.109527916,0.040726155,False
16723,0.28119063,0.12585896,False
16722,-0.001236476,-0.03910488,False
16721,-0.027335003,-0.13066307,False
16720,-0.040481016,-0.059536397,False
16719,-0.057678625,0.08918956,False
16725,0.045512587,0.07965428,False
16717,-0.3272648,-0.2995286,False
16734,0.025689185,-0.090844154,False
16736,0.23530269,0.12597442,False
16750,-0.24337456,0.009907484,False
16749,-0.05485986,-0.06419576,False
16748,-0.24416083,-0.06425476,False
16747,0.01257137,0.090284765,False
16746,-0.043526113,-0.035676274,False
16745,-0.03641192,0.041354902,False
16735,-0.0014888495,-0.12834707,False
16744,-0.30510843,-0.2781589,False
16742,0.03837192,-0.17291152,False
16741,0.07279971,-0.02191475,False
16740,0.07060111,-0.041277632,False
16739,-0.0021170825,0.059573933,False
16738,-0.010049652,-0.010049652,False
16737,0.06858915,-0.11988133,False
16743,0.0,0.0,False
16786,-0.011288945,-0.029071076,False
16645,0.08133312,0.012230456,False
16643,-0.30772614,-0.12153363,False
16541,-0.089269996,0.0028107166,False
16542,0.013476364,-0.009239517,False
16543,0.006899208,-0.14880648,False
16544,-0.113643706,-0.1195395,False
16545,0.11203423,-0.038290143,False
16546,0.042995453,-0.31210232,False
16547,0.07562648,0.013041928,False
16548,-0.07987872,-0.00037753582,False
16549,-0.35539973,-0.04754865,False
16550,-0.039723933,-0.0013217777,False
16551,-0.13628033,-0.2720082,False
16552,-0.21860266,-0.14819837,False
16553,-0.007372141,0.06355238,False
16554,-0.3175776,-0.59586334,False
16555,0.017811239,-0.007976472,False
16556,-0.13161021,0.06733024,False
16557,0.024757802,-0.0332492,False
16571,0.071695015,-0.010047021,False
16570,0.0,0.0,False
16569,-0.14561355,-0.17558467,False
16568,0.16372383,-0.073331416,False
16567,0.036652982,0.074085474,False
16566,-0.04160586,-0.04805699,False
16540,-0.18030727,-0.016466975,False
16565,-0.005180793,-0.005180793,False
16563,-0.046861082,-0.02872099,False
16562,-0.29545453,-0.07297653,False
16561,0.16403174,0.10587728,False
16560,0.00043672323,0.05823143,False
16559,0.07901275,0.023842096,False
16558,-0.11350397,-0.08022134,False
16564,-0.08467698,-0.110256284,False
16539,0.0516605,-0.04651402,False
16538,-0.052318335,-0.0146149695,False
16537,0.22278023,0.046216726,False
16518,-0.022393562,-0.027369566,False
16517,0.030888146,-0.014097968,False
16516,-0.21065533,-0.45801342,False
16515,-0.008333296,0.022480935,False
16514,0.004823804,0.014199734,False
16513,0.04306475,0.03071753,False
16519,0.009672917,-0.0016661882,False
16512,-0.3770442,-0.6059954,False
16510,0.0,0.0,False
16509,-0.007722631,0.0062948912,False
16508,0.017222118,-0.028784923,False
16507,-0.25185263,-0.3406986,False
16506,-0.06987575,-0.011056855,False
16505,0.0,0.0,False
16511,-0.07585354,-0.063654885,False
16572,0.035019934,0.14643556,False
16520,-0.20522177,-0.48042175,False
16522,0.058142543,-0.06254268,False
16536,0.048677266,0.08923918,False
16535,-0.023780584,4.4550747e-05,False
16534,0.017133085,-0.022819646,False
16533,0.03472673,0.0,False
16532,-0.5567591,-0.5774261,False
16531,-0.066017754,-0.016780682,False
16521,-0.043435752,0.17595416,False
16530,0.034144834,-0.004503146,False
16528,0.040324517,-0.027722366,False
16527,-0.015274042,-0.036702823,False
16526,0.0,0.0,False
16525,0.0031092018,-0.020549998,False
16524,0.10779759,-0.047957644,False
16523,-0.02263391,-0.48012424,False
16529,0.18033849,-0.010701358,False
16644,-0.15580839,-0.0031784326,False
16573,0.012077982,0.010156093,False
16575,-0.010002763,-0.009809605,False
16612,-0.031624436,-0.4595517,False
16613,0.031380236,0.27933896,False
16614,0.0,0.021459337,False
16615,-0.024728745,-0.011296794,False
16616,-0.007717296,-0.0075006704,False
16617,0.0072142575,-0.013814915,False
16618,-0.67294586,-0.56701577,False
16619,-0.051561534,-0.30836463,False
16620,-0.0444057,0.11252634,False
16621,-0.043747544,-0.36645675,False
16622,0.008333769,0.020013217,False
16623,0.14241892,0.00913161,False
16624,0.0,0.0,False
16625,0.0,0.0,False
16626,0.29406,0.066468954,False
16627,-0.014339068,-0.013544319,False
16628,-0.03820908,-0.29903996,False
16642,-0.10470623,0.015792012,False
16641,0.13459371,-0.021142602,False
16640,-0.018307691,-0.018307691,False
16639,-0.030571315,-0.052906502,False
16638,-0.12795818,-0.15106052,False
16637,0.015334632,-0.0047984985,False
16611,-0.0007850453,-0.038665872,False
16636,0.22773468,-0.10079807,False
16634,-0.12555522,-0.20872174,False
16633,-0.035949327,-0.10335884,False
16632,-0.014110178,0.070120245,False
16631,0.115154624,0.034864277,False
16630,-0.014524877,0.07996255,False
16629,-0.01421437,-0.01421437,False
16635,-0.23562747,-0.23979425,False
16610,-0.42926055,-0.10337031,False
16609,-0.027372759,-0.027177507,False
16608,0.07025242,-0.11746198,False
16589,0.002048878,-0.0066664815,False
16588,0.038672283,-0.07615112,False
16587,0.042662174,-0.057444513,False
16586,-0.11614056,0.0067535937,False
16585,-0.023464223,-0.023464223,False
16584,0.013297826,0.035426736,False
16590,-0.0308986,0.025670499,False
16583,0.08896753,-0.03608647,False
16581,0.0,0.0,False
16580,-0.031770572,0.021269888,False
16579,0.0037110075,0.0034529045,False
16578,-0.1286856,-0.20472556,False
16577,0.03374031,-0.095751226,False
16576,0.12765932,-0.034609973,False
16582,4.005432e-05,-0.05161822,False
16574,-0.004710347,-0.004710347,False
16591,0.7653794,0.759339,False
16593,0.041727573,-0.14274648,False
16607,0.0,0.0,False
16606,0.0,0.0,False
16605,-0.09905227,-0.07279402,False
16604,-0.0050063194,-0.0050050244,False
16603,-0.0062675774,-0.120224975,False
16602,-0.013952553,0.047745064,False
16592,0.13305902,0.04151219,False
16601,0.0076777525,0.08228448,False
16599,0.07204822,-0.08712345,False
16598,-0.060278177,-0.37075448,False
16597,-0.10069972,-0.020959973,False
16596,-0.064295426,-0.13649541,False
16595,0.03930044,-0.035991132,False
16594,0.011218742,0.02551686,False
16600,0.0075579183,-0.014560803,False
16504,-0.015259758,-0.015259758,False
16787,-0.02659782,-0.02134784,False
16789,-0.023685567,-0.037932392,False
16968,-0.58863544,-0.06537509,False
16969,-0.0034445673,0.024526283,False
16970,-0.002598405,-0.030891642,False
16971,-0.015207052,0.037116364,False
16972,-0.022884391,0.081707686,False
16973,-0.113814354,0.2022959,False
16974,-0.0953027,-0.12780446,False
16975,-0.20375144,-0.11889541,False
16976,-0.19160324,-0.072619796,False
16977,-0.06811716,-0.15561135,False
16978,-0.01160717,-0.11934376,False
16979,0.049773306,-0.14299574,False
16980,0.18178594,0.4468249,False
16981,0.16389728,-0.13318974,False
16982,-0.19498354,-0.049571753,False
16983,-0.20936972,-0.19686604,False
16984,-0.004747033,-0.2619577,False
16998,0.019429125,-0.04748262,False
16997,-0.005859971,0.06346023,False
16996,-0.2332915,-0.21213055,False
16995,-0.24983364,-0.04059726,False
16994,0.012076005,-0.053700835,False
16993,0.0059729666,0.04592914,False
16967,-0.021559265,-0.042607147,False
16992,-0.06542146,-0.050442293,False
16990,-0.4736668,-0.10066652,False
16989,-0.5192261,0.0006916523,False
16988,-0.347391,-0.18041897,False
16987,0.06150776,-0.025883576,False
16986,0.027921975,0.092903316,False
16985,-0.20365733,-0.18500131,False
16991,-0.0054302216,-0.72886163,False
16966,-0.12070465,-0.09382486,False
16965,-0.26468444,-0.087123156,False
16964,-0.34871912,-0.28945255,False
16945,0.0,0.0,False
16944,0.024470806,0.018450499,False
16943,-0.10652462,0.02308482,False
16942,-0.07971825,-0.05380544,False
16941,0.1324408,-0.72777814,False
16940,-0.027251355,-0.0272318,False
16946,-0.02984536,-0.05359932,False
16939,-0.004930297,-0.004930297,False
16937,-0.06583175,-0.09533352,False
16936,-0.020016745,0.10749249,False
16935,-0.009612577,-0.009459242,False
16934,0.0,0.0,False
16933,-0.008324638,-0.044003583,False
16932,-0.34472206,-0.11011726,False
16938,0.3452384,0.094344854,False
16999,-0.005001223,-0.005001223,False
16947,0.062487394,0.06715703,False
16949,0.032670498,0.2849251,False
16963,-0.23488933,-0.26008952,False
16962,-0.14589834,0.19596672,False
16961,-0.69413924,0.19739723,False
16960,-0.70752406,-0.15778685,False
16959,-0.12950194,-0.08599967,False
16958,-0.0503155,-0.008140683,False
16948,-0.26335955,-0.23324633,False
16957,0.006311029,-0.05251482,False
16955,0.05450718,0.23158589,False
16954,0.036398914,0.0,False
16953,-0.003751304,-0.01888457,False
16952,0.094515145,-0.1825971,False
16951,-0.02254624,-0.01796541,False
16950,-0.0028260034,-0.025526501,False
16956,-0.074546725,-0.061579034,False
16931,0.0358499,-0.23598483,False
17000,0.56620973,0.040364563,False
17002,0.02410198,0.013901882,False
17039,0.012533833,-0.009774211,False
17040,-0.14099622,0.02593863,False
17041,-0.14969072,-0.10382861,False
17042,-0.03372021,0.016625665,False
17043,-0.11898464,-0.16730408,False
17044,-0.09617931,-0.038037837,False
17045,-0.13355702,-0.11116481,False
17046,-0.00218606,0.01176697,False
17047,-0.109678924,0.005146086,False
17048,-0.16723299,-0.21877861,False
17049,-0.08862543,-0.10352185,False
17050,-0.4997462,-0.33854413,False
17051,0.16688752,-0.47275817,False
17052,0.0,0.0059974357,False
17053,0.25116903,-0.22444719,False
17054,-0.2142142,-0.10734415,False
17055,-0.03099458,0.026905596,False
17069,-0.16819656,-0.08858687,False
17068,-0.1630438,-0.0763942,False
17067,-0.30468607,-0.123053074,False
17066,-0.010114894,-0.010005358,False
17065,-0.64326715,0.053427458,False
17064,0.17487836,0.020620048,False
17038,-0.034362778,-0.10733471,False
17063,-0.7942357,-0.517202,False
17061,0.12889752,0.02476257,False
17060,0.18329072,0.663234,False
17059,-0.0024901032,0.0047439337,False
17058,0.17058066,-0.060768224,False
17057,-0.21769428,-0.16756678,False
17056,0.08213124,0.428584,False
17062,0.049260467,0.17356578,False
17037,0.017685473,-0.121165454,False
17036,-0.12722404,0.106842816,False
17035,0.06642437,0.008010924,False
17016,-0.17201164,-0.064020246,False
17015,0.11199066,-0.03704965,False
17014,-0.13469373,-0.15307187,False
17013,0.0021450222,-0.08833267,False
17012,-0.013645149,-0.013521787,False
17011,0.09413028,-0.10881984,False
17017,-0.18383703,0.04524213,False
17010,0.0055680275,-0.06419456,False
17008,-0.009428399,-0.009428399,False
17007,0.0,0.0,False
17006,-0.031889856,-0.11697553,False
17005,0.030674553,-0.009920081,False
17004,-0.366127,-0.7318842,False
17003,-0.0368141,-0.0012522116,False
17009,-0.023377469,-0.023377469,False
17001,-0.27342594,-0.16713619,False
17018,-0.031442277,0.06515837,False
17020,-0.033782527,-0.07806595,False
17034,0.27441943,0.024867415,False
17033,0.07117921,-0.04974699,False
17032,0.002348721,-0.25249726,False
17031,-0.02921005,-0.022132019,False
17030,0.047475636,-0.021875584,False
17029,0.11786845,0.17430854,False
17019,-0.019008309,-0.14867298,False
17028,-0.0955386,-0.16050316,False
17026,-0.07732919,-0.0920832,False
17025,-0.10897863,0.003457427,False
17024,0.11997163,-0.111762404,False
17023,0.013750186,-0.030287305,False
17022,0.028823912,-0.15234494,False
17021,-0.04858917,-0.04644251,False
17027,-0.046663046,0.07259385,False
16788,-0.016419236,-0.056852337,False
16930,0.04345724,-0.028381884,False
16928,-0.07623246,-0.0017063394,False
16826,0.17357045,-0.17117041,False
16827,0.056481242,-0.11838329,False
16828,-0.02624929,0.07393384,False
16829,-0.28036946,-0.00026750565,False
16830,0.11114144,-0.19023728,False
16831,-0.56196034,-0.63646245,False
16832,-0.053021073,0.19359434,False
16833,-0.3241955,0.06499624,False
16834,-0.39624512,-0.22900724,False
16835,-1.3823233,-1.5291889,False
16836,-0.27366018,-0.38621664,False
16837,-0.5541024,-0.2112565,False
16838,-0.11048329,-0.039671957,False
16839,-0.014703155,-0.10448775,False
16840,0.21909875,-0.0039381683,False
16841,0.03715968,0.080928944,False
16842,-0.046483885,-0.015537329,False
16856,-0.037486807,-0.034938782,False
16855,-0.0757775,-0.20651434,False
16854,-0.05529292,-0.031244934,False
16853,-0.20233816,-0.05957675,False
16852,-0.0902313,-0.25494796,False
16851,0.006120205,0.018042445,False
16825,0.003232956,-0.07536191,False
16850,0.0,0.0,False
16848,0.0,0.0,False
16847,0.018171178,-0.005102845,False
16846,-0.34367308,-0.1076799,False
16845,0.059497938,0.03421122,False
16844,-0.045360565,-0.040585935,False
16843,0.12970948,-0.03455496,False
16849,-0.2873751,-0.13821614,False
16824,-0.33043104,-0.3118869,False
16823,-0.30589324,-0.25386077,False
16822,-0.053845584,0.009913385,False
16803,-0.001398161,-0.029407468,False
16802,0.11083698,0.028032184,False
16801,-0.17101741,0.016100407,False
16800,-0.05966091,-0.22561675,False
16799,0.04132256,-0.008275017,False
16798,-0.010373712,-0.025545835,False
16804,0.08258419,0.003847167,False
16797,0.041333754,-0.0033567138,False
16795,-0.13892615,-0.19835997,False
16794,-0.14478368,-0.15269321,False
16793,-0.09533334,-0.07463658,False
16792,-0.10570067,0.0027248263,False
16791,0.022976495,0.05968287,False
16790,-0.07946204,-0.06218347,False
16796,0.04216814,-0.27613783,False
16857,-0.15944758,0.0030209422,False
16805,-0.20805931,-0.16067779,False
16807,0.05015385,0.059655502,False
16821,-0.009855973,-0.009855973,False
16820,-0.57550526,-0.5733218,False
16819,0.053626776,0.027424812,False
16818,-0.3705358,-0.49068946,False
16817,-0.0032947345,-0.0017778013,False
16816,0.15530515,0.11836815,False
16806,0.003350094,-0.08540416,False
16815,-0.27583265,-0.4887557,False
16813,-0.032967567,-0.2679758,False
16812,-0.20791769,-0.66697407,False
16811,0.040073812,-0.013983789,False
16810,0.012528678,0.015962455,False
16809,-0.16730732,-0.11945236,False
16808,-0.23363134,-0.004010588,False
16814,0.017943649,-0.004670445,False
16929,0.07034576,-0.04200071,False
16858,0.14042345,-0.08656739,False
16860,-0.15256573,-0.07726619,False
16897,-0.013828397,0.0037805438,False
16898,0.04809794,-0.04455541,False
16899,-0.0015328266,-0.049151637,False
16900,-0.0842109,-0.116876036,False
16901,-0.038209468,-0.028540086,False
16902,-0.0053237043,-0.02861433,False
16903,0.6510389,-0.08073473,False
16904,-0.0141282715,-0.013301528,False
16905,-0.06939116,-0.025933564,False
16906,0.024467945,-0.009943485,False
16907,-0.22249562,0.033064425,False
16908,-0.25785947,-0.078415275,False
16909,-0.342695,-0.27527297,False
16910,-0.019560806,-0.01876432,False
16911,-0.43649575,-0.07168448,False
16912,-0.25639325,0.029251575,False
16913,-0.011223942,-0.041045785,False
16927,0.01507639,0.03409487,False
16926,0.054777563,0.029844157,False
16925,0.0,0.0,False
16924,0.07060498,-0.12083608,False
16923,0.00895977,-0.29138994,False
16922,0.041445076,0.05866903,False
16896,-0.10821295,0.07053906,False
16921,-0.04685489,0.04829678,False
16919,-0.015771985,0.106704235,False
16918,-0.014470696,-0.23217422,False
16917,-0.15850341,0.46707237,False
16916,0.02650864,-0.018207405,False
16915,-0.13526031,-0.09992847,False
16914,-0.028386625,-0.049043026,False
16920,0.010018314,-0.01266784,False
16895,0.013786926,-0.0039952053,False
16894,-0.0011130869,-0.04950404,False
16893,-0.054309875,0.29581362,False
16874,-0.024393212,-0.024393212,False
16873,-0.027162269,0.019312114,False
16872,0.23630765,0.15544662,False
16871,-0.4124003,-0.14030647,False
16870,-0.11320928,0.020562977,False
16869,-0.01952473,0.036313817,False
16875,0.06024486,-0.043887824,False
16868,-0.05147308,0.070607215,False
16866,-0.15574831,-0.3540271,False
16865,0.05290872,-0.094876885,False
16864,0.19978619,0.16835892,False
16863,-0.31096315,-0.07275772,False
16862,-0.21122003,0.019927263,False
16861,0.17310977,0.55066156,False
16867,0.011090219,0.047610223,False
16859,0.01465112,0.0039094985,False
16876,-0.29681677,-0.111726224,False
16878,-0.115324765,-0.053685695,False
16892,0.13348287,0.10962385,False
16891,-0.3342309,-0.22281742,False
16890,0.013527662,-0.024455726,False
16889,0.2702487,0.020268679,False
16888,0.43456054,0.27900165,False
16887,-0.00470827,-0.00470827,False
16877,-0.03509739,-0.10218333,False
16886,0.023174891,0.013407727,False
16884,-0.3386941,0.07159507,False
16883,0.003630802,-0.008890718,False
16882,0.040252324,-0.004676899,False
16881,0.048606902,-0.07957953,False
16880,0.18345192,-0.06506112,False
16879,0.0656032,0.09302515,False
16885,0.4172697,-0.06548643,False
17070,-0.076888286,-0.0038332716,False
16503,0.10531795,-0.1034919,False
16501,-0.22616142,-0.21636799,False
16112,0.023200333,-0.042220265,False
16113,-0.119283944,-0.11689609,False
16114,0.0,0.0,False
16115,-0.07955538,-0.17917292,False
16116,0.07312459,0.15063334,False
16117,0.0,0.0002481549,False
16118,0.1153864,0.18250266,False
16119,0.019943591,-0.0052017923,False
16120,0.0,0.0,False
16121,0.08625697,-0.038855903,False
16122,0.24809626,-0.038665354,False
16123,-0.017273307,-0.085748985,False
16124,-0.12080398,-0.028337821,False
16125,-0.057671532,0.015122548,False
16126,-0.06262475,0.00813365,False
16127,0.16588587,0.15879673,False
16128,0.010907173,-0.027228624,False
16142,-0.10799837,0.026640892,False
16141,-0.005250834,-0.005250834,False
16140,0.05252908,-0.038950004,False
16139,-0.07161645,-0.06910288,False
16138,0.0,0.0,False
16137,0.023562817,0.0,False
16111,0.08377981,0.022103429,False
16136,0.0,0.0,False
16134,-0.006380379,0.21476036,False
16133,-0.15703082,-0.008080006,False
16132,0.0,0.0013935125,False
16131,-0.0048264484,-0.0048264484,False
16130,0.013799809,-0.07332669,False
16129,-0.03679381,-0.03679381,False
16135,0.008070715,-0.0072433585,False
16110,-0.02406922,0.043480247,False
16109,-0.0840497,-0.2347945,False
16108,-0.19023037,0.057038784,False
16089,-0.013252161,-0.06572585,False
16088,-0.0045059593,-0.0045059593,False
16087,-0.018545186,-0.018545186,False
16086,-0.17758489,-0.009848595,False
16085,-0.074875295,-0.1018374,False
16084,-0.0054245424,-0.028322585,False
16090,-0.0052528754,-0.005231408,False
16083,-0.25601882,-0.085874796,False
16081,0.074573256,-0.018978333,False
16080,0.18116921,0.04456675,False
16079,0.08300114,0.08921492,False
16078,-0.080198795,0.0012058616,False
16077,0.02258878,0.0,False
16076,-0.03897974,-0.065556675,False
16082,-0.15715754,-0.13245925,False
16143,0.002654314,0.06661779,False
16091,-0.032226756,0.009932078,False
16093,0.016875196,-0.005325182,False
16107,-0.38346386,-0.31154573,False
16106,0.0122029,-0.03258173,False
16105,0.0,2.564809e-05,False
16104,0.038580596,-0.0051348084,False
16103,-0.094279155,0.01179643,False
16102,-0.08826688,0.014953613,False
16092,0.02207607,0.16895044,False
16101,0.017804652,0.04453042,False
16099,0.28200853,-0.011407971,False
16098,0.17097607,0.16887054,False
16097,-0.0033912933,-0.0033813063,False
16096,0.7281718,-0.3723886,False
16095,0.11863619,-0.10983023,False
16094,-0.032947626,-0.032939803,False
16100,0.005824972,0.010183863,False
16075,-0.15749551,-0.035286427,False
16144,0.058891684,0.029173523,False
16146,-0.031394374,0.06412357,False
16183,-0.01950488,-0.01950488,False
16184,-0.0035210575,-0.00349739,False
16186,-0.05651609,-0.057487596,False
16187,0.004229136,-0.03933995,False
16188,0.0069353934,-0.014112489,False
16190,-0.079734,0.13314989,False
16191,-0.037178315,-0.037178315,False
16192,0.0,0.0,False
16193,0.020799628,-0.022998359,False
16194,-0.026838154,0.009654991,False
16195,-0.016913824,0.007276334,False
16196,0.03199196,-0.1350826,False
16197,-0.004542887,-0.06401035,False
16198,-0.2874483,-0.3538723,False
16199,0.011696458,-0.09065691,False
16200,-0.04586488,-0.072621286,False
16201,0.44447672,0.44613147,False
16215,-0.009417007,-0.008916773,False
16214,-0.088624164,-0.06886954,False
16213,0.0,0.0,False
16212,-0.07364279,-0.07936913,False
16211,-0.008539408,-0.038521856,False
16210,0.0,0.0,False
16182,-0.022617541,-0.022274217,False
16209,0.0438447,0.18555897,False
16207,-0.9985461,-0.5944135,False
16206,0.0,0.0,False
16205,-0.09181699,0.010517597,False
16204,-0.021074919,-0.0205021,False
16203,-0.023051716,0.014101297,False
16202,-0.18340346,-0.21608523,False
16208,-0.089850485,-0.20163015,False
16181,-0.107397854,0.06062138,False
16180,0.19365,0.06763387,False
16179,-0.34453368,-0.017563224,False
16160,-0.04240805,-0.32941324,False
16159,0.061691105,0.11212474,False
16158,0.020254076,-0.07123263,False
16157,-0.0051307185,-0.0007061162,False
16156,0.015429659,-0.008851778,False
16155,-0.033034444,-0.07370001,False
16161,-0.003730193,-0.003730193,False
16154,-0.06268717,0.03350822,False
16152,-0.32038754,-0.28925294,False
16151,-0.022102982,-0.07778755,False
16150,0.13871226,-0.102681965,False
16149,-0.04038652,-0.042858213,False
16148,0.071971476,0.020757616,False
16147,-0.05036488,-0.067286044,False
16153,0.19010434,-0.05207938,False
16145,0.17880529,0.39215422,False
16162,-0.048199058,-0.2033969,False
16164,0.023598433,-0.08272624,False
16178,0.06598705,0.0018219948,False
16177,-0.020636372,-0.04831171,False
16176,0.0,0.0,False
16175,-0.076401785,0.01587914,False
16174,0.0,0.0,False
16173,0.027424252,0.054654457,False
16163,0.015470065,-0.047550067,False
16172,0.0,0.0,False
16170,-0.02813999,-0.02813999,False
16169,-0.012342811,-0.27119726,False
16168,-0.119806886,-0.012919843,False
16167,-0.10614937,0.00012288988,False
16166,-0.01833073,-0.027621701,False
16165,0.036671188,0.05361115,False
16171,-0.21513927,-0.17919946,False
16216,0.014014846,-0.025353314,False
16074,0.108908474,-0.16296926,False
16072,-0.102484226,-0.019786656,False
15970,0.023360461,-0.06608032,False
15971,-0.044484824,0.0840687,False
15972,0.10231358,-0.08111444,False
15973,-0.22247362,-0.43084252,False
15974,0.16735184,-0.18886316,False
15975,-0.25242555,-0.020245135,False
15976,-0.32081187,-0.16272318,False
15977,-0.15310389,0.08011037,False
15978,-0.0049733785,-0.0049733785,False
15979,-0.25343046,-0.15939456,False
15980,-0.003754735,-0.059803605,False
15981,-0.15512168,-0.2524321,False
15982,-0.07746011,0.0444116,False
15983,0.012830809,0.07833548,False
15984,0.018375413,-0.01424039,False
15985,-0.06804934,-0.15365544,False
15986,0.18971366,-0.13226354,False
16000,-0.14436936,-0.21213406,False
15999,0.8371997,-0.096945524,False
15998,0.0,0.0002331462,False
15997,-0.04069087,-0.04051871,False
15996,-0.16979754,0.016574323,False
15995,0.051963195,0.1478615,False
15969,-0.08272402,-0.05760376,False
15994,0.101640254,0.024674907,False
15992,0.14963269,0.0058306456,False
15991,0.0,0.0,False
15990,0.068160534,-0.09247553,False
15989,-0.30607986,-0.27444667,False
15988,-0.1113559,0.048363805,False
15987,-0.102902874,-0.06030044,False
15993,0.07440883,-0.08239467,False
15968,-0.07681358,-0.090180755,False
15967,-0.08421649,-0.09074049,False
15966,0.03205157,-0.017849108,False
15947,-0.0091175325,-0.019080684,False
15946,-0.010005947,-0.010005947,False
15945,-0.0013090298,-0.02325552,False
15944,0.0,0.0,False
15943,-0.04998213,-0.2382245,False
15942,-0.053024918,-0.07307154,False
15948,-0.046385407,-0.050265566,False
15941,-0.32327896,-0.026924968,False
15939,-0.13896829,-0.20911044,False
15938,-0.27905998,-0.17992067,False
15937,0.0373113,0.04066066,False
15936,-0.032797217,-0.038804464,False
15935,0.013718144,-0.003967165,False
15934,-0.062370308,-0.052256986,False
15940,-0.018873846,-0.007384981,False
16001,-0.12332022,-0.077626586,False
15949,-0.10595316,0.15201181,False
15951,-0.17299491,-0.09460026,False
15965,-0.028055096,-0.047015484,False
15964,0.062352344,0.10227735,False
15963,-0.20157683,0.07804239,False
15962,-0.13453496,0.061101794,False
15961,0.0,0.0,False
15960,0.0,0.0,False
15950,-0.11135123,0.024044633,False
15959,0.004686175,-0.019009996,False
15957,-0.40491867,-0.3337493,False
15956,0.1415917,0.03319353,False
15955,-0.09955597,0.03166008,False
15954,-0.25160086,-0.46698958,False
15953,0.02391988,-0.16561905,False
15952,-0.13993412,0.13557887,False
15958,0.07050276,-0.09830284,False
16073,-0.61514634,-0.39245343,False
16002,0.15384105,-0.05234459,False
16004,0.11058554,0.030697763,False
16041,-0.003642188,-0.003642188,False
16042,0.010318872,0.4320788,False
16043,-0.05726005,-0.05010727,False
16044,-0.040887937,0.0006175488,False
16045,0.00564602,-0.058395226,False
16046,0.040469684,0.0044561327,False
16047,0.040534973,-0.21437693,False
16048,-0.035752416,0.104555845,False
16049,-0.14376928,0.024478257,False
16050,-0.013742406,-0.039966777,False
16051,0.0266186,-0.16045696,False
16052,-0.023757648,-0.022322735,False
16053,0.0038739778,-0.04169792,False
16054,-0.026883036,-0.04480326,False
16055,0.11313523,0.10035944,False
16056,-0.09491014,-0.115277864,False
16057,0.09613107,0.07045244,False
16071,-0.36126488,-0.1109032,False
16070,0.002952218,0.11788379,False
16069,0.10505867,-0.050692797,False
16068,-0.024689382,-0.04754935,False
16067,-0.009670802,-0.002186363,False
16066,-0.003413568,-0.003413568,False
16040,-0.036944352,-0.051134776,False
16065,0.043821514,-0.08890754,False
16063,-0.14817011,0.030837268,False
16062,-0.007103719,-0.04622788,False
16061,-0.079410076,-0.10283621,False
16060,-0.07085121,-0.33596575,False
16059,-0.033745676,0.0690195,False
16058,0.018920839,-0.040854394,False
16064,-0.04568088,0.05457732,False
16039,0.042718172,-0.12924176,False
16038,-0.034577236,0.108974874,False
16037,0.11691934,0.076221555,False
16018,0.0044282377,0.07456687,False
16017,-0.030348875,-0.040416867,False
16016,0.08870661,-0.04434681,False
16015,0.0,0.00032573644,False
16014,-0.038912497,-0.0725485,False
16013,-0.38672096,-0.21481723,False
16019,-0.16980147,-0.0843637,False
16012,0.07345617,-0.5866625,False
16010,0.008277833,-0.055262513,False
16009,0.012539029,-0.10442698,False
16008,0.0,0.0,False
16007,-0.021021167,-0.017149054,False
16006,-0.31888002,-0.22986573,False
16005,-0.025673687,-0.18309146,False
16011,-0.048719466,0.038341463,False
16003,-0.1337114,-0.03702593,False
16020,0.10563409,0.10741711,False
16022,-0.0065605342,-0.08667244,False
16036,-0.22583234,-0.013884783,False
16035,-0.04651785,-0.097994804,False
16034,-0.26913,-0.22759032,False
16033,-0.03061384,-0.009020336,False
16032,0.012820748,-0.0030075177,False
16031,-0.019974828,0.09142029,False
16021,0.005420327,-0.024685837,False
16030,-0.042238772,-0.10311374,False
16028,-0.24259484,-0.14851165,False
16027,0.019104332,0.05129254,False
16026,-0.005547842,-0.005547842,False
16025,0.21915936,-0.246099,False
16024,-0.12218475,-0.4456998,False
16023,-0.010152049,-0.010152049,False
16029,-0.049147084,0.0898155,False
16502,0.085545,-0.10554463,False
16217,-0.29582524,-0.5084895,False
16219,-0.2986846,-0.52865434,False
16399,-0.085391365,-0.074967176,False
16400,-0.29822016,0.0018808842,False
16401,-0.0039934516,-0.04157251,False
16402,-0.06846857,-0.06771129,False
16403,-0.0038706958,-0.055227518,False
16404,0.04021827,0.0065436997,False
16405,0.0,0.0,False
16406,0.0,0.0,False
16407,-0.0036848104,-0.0036848104,False
16408,0.0,0.0,False
16409,0.0,0.00045042176,False
16410,0.0,0.011550564,False
16411,0.0,0.009891,False
16412,0.0,0.018873231,False
16413,-0.0044606337,0.059189014,False
16414,0.0,0.0,False
16415,0.0,0.012409084,False
16429,0.0,0.0,False
16428,0.0,8.447212e-06,False
16427,0.0,0.011916359,False
16426,0.0,0.0043350826,False
16425,0.0,0.0,False
16424,0.0,0.0034080064,False
16398,-0.39420253,-0.14456463,False
16423,0.0,0.05624411,False
16421,0.0,1.9777737e-05,False
16420,0.0,0.0,False
16419,0.0,0.0008726265,False
16418,0.0,0.00016520907,False
16417,0.0,0.0,False
16416,-0.00403199,-0.0017194157,False
16422,0.0,0.0,False
16397,-0.04536569,-0.3883363,False
16396,-0.13899934,-0.20711231,False
16395,-0.14678222,-0.2261303,False
16376,-0.10615468,-0.2306037,False
16375,-0.32756385,-0.116781116,False
16374,0.24481821,0.44284058,False
16373,0.0034065694,0.03604731,False
16372,0.009474248,-0.06041915,False
16371,0.056063466,-0.028627768,False
16377,-0.0075745583,-0.042203397,False
16370,-0.29992867,-0.095615506,False
16368,-0.13597482,0.13724166,False
16367,-0.019606233,-0.47367287,False
16366,-0.3568372,1.3522716,False
16365,-0.061267346,-0.09934874,False
16364,0.28783804,-0.025341034,False
16363,-0.2933693,-0.15860605,False
16369,-0.09689991,-0.18242142,False
16430,-0.009131921,-0.009115579,False
16378,0.07221389,-0.018803582,False
16380,-0.03495883,-0.034493342,False
16394,-0.13695675,-0.036715865,False
16393,-0.04255256,-0.10013022,False
16392,-0.02495924,-0.02495924,False
16391,0.15894854,0.16512269,False
16390,0.04976031,0.014193773,False
16389,0.09075093,0.03336227,False
16379,-0.48133135,-0.3615762,False
16388,-0.33062696,-0.19455433,False
16386,-0.27050543,-0.4696728,False
16385,-0.07404702,0.017664723,False
16384,-0.023334228,-0.00033821166,False
16383,0.005084276,-0.1982956,False
16382,0.052136093,0.10618523,False
16381,0.038061738,-0.092224896,False
16387,0.17496896,0.026476324,False
16362,0.008453846,-0.052806616,False
16431,0.0,0.0,False
16433,0.0,0.047543645,False
16470,-0.0050290436,-0.0050290436,False
16471,-0.10429338,-0.22006515,False
16472,-0.022052843,0.022775542,False
16473,-0.0027617067,0.18190162,False
16474,0.013141494,0.16142525,False
16475,0.024974804,0.24156842,False
16476,0.0,0.0008645049,False
16477,0.0,4.119592e-05,False
16478,-0.024227511,-0.011175252,False
16479,0.0,0.016578624,False
16480,0.013939014,-0.008206651,False
16481,0.0,0.0,False
16482,0.0,0.0,False
16483,0.0,1.24328835e-05,False
16484,0.0,0.05239449,False
16485,0.123009264,-0.018534124,False
16486,0.026945174,-0.04481253,False
16500,-0.05451256,-0.42160875,False
16499,-0.09583467,-0.11844936,False
16498,0.17172119,0.046328157,False
16497,-0.72096586,-1.2157483,False
16496,-0.32683814,-0.47564718,False
16495,0.07841207,-0.012926385,False
16469,-0.0052389684,-0.0038091824,False
16494,-0.003376223,-0.003376223,False
16492,-0.05961638,0.052692994,False
16491,-0.010666579,0.09075233,False
16490,-0.13384068,-0.161443,False
16489,0.087825,0.052844495,False
16488,0.030532435,-0.05791363,False
16487,-0.102806196,0.055635512,False
16493,0.05537328,-0.024220817,False
16468,-0.013123098,-0.013123098,False
16467,0.0,0.068630524,False
16466,0.0,0.0,False
16447,0.0,0.0,False
16446,0.018843042,0.0,False
16445,0.0,0.00023265489,False
16444,-0.0039994186,-0.0039994186,False
16443,0.5972836,0.74979806,False
16442,0.05698991,1.3660344,False
16448,0.0,0.0,False
16441,0.0,0.0071416344,False
16439,0.0,0.0,False
16438,-0.004047248,0.046232108,False
16437,-0.0032744692,0.016917245,False
16436,0.0,0.010341679,False
16435,0.0,0.001963686,False
16434,0.0,0.0037303434,False
16440,0.0,0.0,False
16432,0.0,0.0,False
16449,0.0,0.0,False
16451,0.0,0.0,False
16465,-0.0031575412,0.13646553,False
16464,0.031072108,0.12481567,False
16463,0.0,0.0,False
16462,-0.00378165,-0.00378165,False
16461,0.017659426,0.0,False
16460,0.0,3.3001288e-05,False
16450,0.0,0.0,False
16459,0.0128831435,0.0029410217,False
16457,0.0,0.0006847807,False
16456,0.0,0.0,False
16455,0.014447646,-0.008950606,False
16454,0.0,0.0,False
16453,0.0,2.7217607e-06,False
16452,0.01963581,0.20252834,False
16458,0.0,0.0,False
16218,0.2673936,-0.56162024,False
16361,-0.012485934,-0.0005500233,False
16359,-0.0108284205,-0.093705274,False
16256,-0.0032744692,-0.0032744692,False
16257,-0.038219973,-0.042815834,False
16258,-0.0847429,-0.0977512,False
16259,0.006235346,0.069086194,False
16260,0.1070621,-0.06695962,False
16261,-0.14014053,0.11452246,False
16262,0.0078032315,0.1774064,False
16263,-0.04837671,-0.028963149,False
16264,0.014365703,-0.0035228278,False
16265,-0.0048796716,-0.0048796716,False
16266,0.052499413,-0.069997996,False
16267,-0.004513249,-0.004513249,False
16268,-0.11883767,0.35960323,False
16269,-0.01854001,0.12629217,False
16270,-0.15959364,-0.0043230653,False
16271,-0.16336659,-0.026262313,False
16272,0.049043566,0.08048117,False
16286,-0.09559107,0.07223177,False
16285,-0.39454573,-0.15741241,False
16284,-0.021101851,-0.04238657,False
16283,-0.15076685,-0.1578297,False
16282,0.035517573,-0.0032136887,False
16281,-0.42657363,-0.34959567,False
16255,0.055137515,-0.026875257,False
16280,0.014158066,-0.017027888,False
16278,0.115087844,0.06941515,False
16277,0.012765624,-0.009711651,False
16276,-0.052414194,-0.03482701,False
16275,-0.016654642,-0.037422568,False
16274,-0.2509557,-0.25006807,False
16273,-0.003642188,-0.0035732696,False
16279,0.35108995,0.08930421,False
16254,-0.0046034134,-0.0031575938,False
16253,0.017123919,-0.0025619154,False
16252,-0.027556151,-0.10947166,False
16233,0.22505099,-0.47161782,False
16232,-0.008387524,-0.008387524,False
16231,-0.01887238,0.29609078,False
16230,-0.61644375,-1.4137472,False
16229,0.006229531,0.039782714,False
16228,-0.014143677,-0.014143677,False
16234,0.0,0.028263662,False
16227,-0.0003598407,0.07755362,False
16225,-0.004992648,-0.004992648,False
16224,0.07015538,0.8756676,False
16223,-0.0049029253,0.09235667,False
16222,-0.0094901845,0.04579725,False
16221,-0.1859923,-0.18235233,False
16220,0.16750589,-0.025177538,False
16226,0.016073644,0.24335837,False
16287,-0.25443068,0.013518751,False
16235,-0.01435714,-0.01435714,False
16237,-0.028297115,-0.028181244,False
16251,-0.028733136,-0.049389537,False
16250,0.01267158,-0.004987846,False
16249,-0.01625514,-0.09107754,False
16248,-0.06228596,-0.0048015118,False
16247,-0.027741326,-0.027602335,False
16246,-0.14749074,-0.05041644,False
16236,-0.008674357,-0.028587984,False
16245,-0.013117126,-0.013117126,False
16243,-0.00988685,-0.026313644,False
16242,0.03197826,-0.007408213,False
16241,-0.19146359,-0.1371947,False
16240,-0.29408127,-0.33481306,False
16239,0.002694793,0.25933176,False
16238,-0.017891478,-0.03957436,False
16244,0.09163767,-0.059419423,False
16360,-0.15262115,-0.22464305,False
16288,0.07963198,-0.0712849,False
16290,0.26289004,-0.028567351,False
16327,0.028240502,0.20519531,False
16328,0.08326222,-0.027563464,False
16330,0.012965407,-0.01059741,False
16331,-0.086402625,-0.056420177,False
16332,0.039293572,0.025413021,False
16333,0.025252575,-0.019524423,False
16334,-0.67323494,-0.51739216,False
16335,-0.009136111,-0.009136111,False
16336,-0.005090565,-0.005090565,False
16337,-0.009298854,0.043726645,False
16338,-0.34678972,-0.24694002,False
16339,-0.0221923,-0.17107715,False
16340,0.2178948,0.12943506,False
16341,0.07484043,0.33474064,False
16342,0.0,0.0,False
16343,-0.48347723,0.19476485,False
16344,0.09673198,-0.008305043,False
16358,-0.051414013,-0.07434541,False
16357,0.0026137084,-0.018580329,False
16356,0.060554057,0.054727018,False
16355,0.14690971,-0.202137,False
16354,0.006036639,0.17307362,False
16353,-0.032619238,-0.093688615,False
16326,0.066727936,0.09372425,False
16352,-0.0049313186,-0.00045562256,False
16350,-0.02609165,-0.012550198,False
16349,-0.015238909,-0.037614703,False
16348,-0.044949055,-0.30411422,False
16347,0.16530505,0.059565157,False
16346,0.0,0.0,False
16345,0.0060530137,-0.010047316,False
16351,0.0,0.0,False
16325,0.0673804,0.104456484,False
16324,-0.023536913,-0.023536913,False
16323,-0.50874865,-0.8481126,False
16304,-0.015479229,0.15941274,False
16303,0.036766276,-0.031394593,False
16302,-0.0038062334,-0.17865437,False
16301,-0.031763524,0.07340576,False
16300,-0.11153579,-0.105002545,False
16299,-0.091064095,-0.21975744,False
16305,-0.012147836,0.037863385,False
16298,0.03797275,-0.03798008,False
16296,-0.04721439,0.07079321,False
16295,-0.28651518,0.041107476,False
16294,0.007205248,0.04161705,False
16293,-0.0042770654,-0.008014306,False
16292,-0.033014894,-0.015549183,False
16291,-0.008918382,-0.028538413,False
16297,-0.056856602,-0.098109126,False
16289,-0.28135562,-0.6694155,False
16306,-0.14377153,0.06755507,False
16308,-0.15756851,0.071208596,False
16322,-0.038659412,-0.037985474,False
16321,0.037269652,0.07005003,False
16320,0.0,0.0,False
16319,0.007715374,0.010093898,False
16318,-0.0012268629,-0.02417777,False
16317,-0.19429371,0.112775326,False
16307,0.0,0.0,False
16316,-0.12849367,0.077408016,False
16314,-0.035048008,-0.081799805,False
16313,-0.032450207,-0.02096048,False
16312,0.050382912,-0.0020447373,False
16311,-0.30147105,-0.2047409,False
16310,-0.09454936,-0.27965853,False
16309,-0.16310377,0.015289664,False
16315,0.011544265,-0.004814517,False
17071,-0.0117052775,-0.023178356,False
17072,-0.048326522,-0.048326522,False
17073,0.046220805,-0.024583746,False
17821,0.031335343,0.004230967,False
17822,-0.101814866,-0.10357404,False
17823,0.033966422,-0.009580597,False
17824,-0.03818532,-0.06071567,False
17825,-0.10673165,-0.046268553,False
17826,-0.04205361,0.044676587,False
17827,-0.10026364,-0.0120958835,False
17828,-0.014226042,-0.010675557,False
17829,0.09681289,-0.025049597,False
17830,-0.102941975,-0.06752618,False
17831,-0.018291146,-0.018291146,False
17832,0.0015424863,-0.103763424,False
17833,-0.038661808,-0.025510825,False
17834,-0.06941652,-0.03927964,False
17835,0.0038838089,0.0044027567,False
17836,0.016949505,0.12902397,False
17837,0.008704368,-0.00035256892,False
17851,0.01563096,-0.039453268,False
17850,-0.027989335,-0.06296618,False
17849,0.0056925453,-0.024767838,False
17848,-0.007046476,0.06491442,False
17847,-0.10799271,-0.15919286,False
17846,-0.004064597,-0.04785618,False
17820,-0.078142345,-0.051168084,False
17845,0.008901268,0.08795965,False
17843,-0.32408154,-0.19919324,False
17842,-0.19204256,-0.14989603,False
17841,-0.059388638,0.116018176,False
17840,-0.33093905,0.0033599138,False
17839,0.0,0.0,False
17838,0.005432144,0.06258027,False
17844,-0.19032419,-0.12324238,False
17819,0.05806744,-0.023804426,False
17818,0.014562555,-0.029004121,False
17817,-0.004793924,-0.004793924,False
17798,0.018512085,0.021142334,False
17797,0.03772144,0.06835994,False
17796,0.0094120875,0.0040866807,False
17795,0.040929448,-0.0073137544,False
17794,-0.051110223,-0.0034796447,False
17793,-0.05243182,-0.048972845,False
17799,-0.0036715418,0.074940264,False
17792,-0.18051922,0.12339997,False
17790,0.002615407,0.06472695,False
17789,-0.011995658,0.034592554,False
17788,0.008483423,-0.01387555,False
17787,-0.041604444,0.009958178,False
17786,0.03035152,0.06150958,False
17785,-0.31468678,-0.051456988,False
17791,0.04198218,0.03254319,False
17852,-0.054509103,0.048232824,False
17800,-0.12498074,-0.029496506,False
17802,-0.0046501895,-0.0046501895,False
17816,-0.056158938,-0.1074241,False
17815,-0.05283913,0.0015295893,False
17814,0.15685329,0.035740227,False
17813,-0.062141813,0.009922266,False
17812,0.23491412,0.00044125319,False
17811,0.05569911,0.12080395,False
17801,-0.0011069775,-0.099770516,False
17810,-0.03975446,-0.03721685,False
17808,0.0,0.0015481868,False
17807,0.012000471,-0.026068885,False
17806,-0.11294062,-0.06854461,False
17805,-0.033525184,0.01226604,False
17804,0.05800593,0.11704922,False
17803,0.1930637,-0.009553283,False
17809,0.0,1.2391372e-05,False
17784,-0.113262914,-0.09957247,False
17853,-0.008086771,0.026753217,False
17855,-0.03184299,-0.046527486,False
17893,-0.08962393,-0.057937577,False
17894,-0.2124393,-0.22278619,False
17895,0.018647105,-0.00526461,False
17896,-0.045003906,0.04875864,False
17897,-0.096868224,-0.017402217,False
17898,0.086917594,0.07700677,False
17899,-0.12386127,-0.026969217,False
17900,0.07139798,-5.0079077e-05,False
17901,0.1002633,0.0006058216,False
17902,-0.00073352456,-0.02837354,False
17903,-0.089699954,0.005208999,False
17904,-0.050004244,0.039699018,False
17905,-0.055240452,-0.036182404,False
17906,0.04269561,-0.0151108205,False
17907,0.027208604,0.013562769,False
17908,-0.054080427,-0.086797446,False
17909,-0.1223132,-0.10216507,False
17923,-0.0020141453,0.0011309981,False
17922,0.098899156,-0.02682048,False
17921,0.045129344,0.008247405,False
17920,-0.034065574,0.05767566,False
17919,-0.039441116,-0.05562119,False
17918,-0.030762732,-0.011300415,False
17892,-0.058044374,0.041517287,False
17917,-0.07917127,0.08432904,False
17915,-0.09549596,-0.019823402,False
17914,0.10545296,0.10898634,False
17913,-0.29066503,-0.20467624,False
17912,-0.087088116,-0.048888616,False
17911,0.11300349,-0.0756466,False
17910,0.07284899,0.063858315,False
17916,0.0049542785,0.027776383,False
17891,0.1630429,-0.1657294,False
17890,0.0,0.0,False
17889,0.0,9.113521e-05,False
17869,-0.012014303,-0.03230314,False
17868,0.09082122,-0.024628162,False
17867,-0.033778276,-0.03367406,False
17866,0.0,0.0,False
17865,-0.024836957,0.023886934,False
17864,0.017718483,-0.037969656,False
17870,-0.051281765,-0.04038874,False
17863,-0.08660075,-0.057605848,False
17861,-0.002284363,-0.039928846,False
17860,0.013026506,-0.02479571,False
17859,-0.06240882,-0.020156287,False
17858,0.024240792,0.065974295,False
17857,0.11532454,0.15466587,False
17856,0.038363222,-0.018428449,False
17862,0.060430348,-0.025484502,False
17854,0.08846307,0.047284603,False
17871,-0.014096171,-0.06973915,False
17873,-0.0074708164,-0.18798567,False
17888,-0.041815482,-0.11402845,False
17887,0.030642077,-0.10250762,False
17886,-0.041393764,0.020936191,False
17885,-0.024595728,-0.024595728,False
17884,0.084002085,-0.02182071,False
17883,-0.20215255,-0.09599662,False
17872,0.022185273,-0.01902473,False
17882,0.007597115,-0.033548195,False
17880,-0.02395393,-0.03166439,False
17879,0.0018120483,0.08904581,False
17878,-0.014926761,-0.06351116,False
17876,-0.098923214,0.02995953,False
17875,0.03491947,-0.0010587163,False
17874,-0.19426745,-0.11195266,False
17881,0.0,0.0,False
17924,0.14839482,-0.054728836,False
17783,-0.09121138,-0.18901807,False
17781,-0.01751031,-0.016068354,False
17679,-0.21927375,-0.04455459,False
17680,-0.028975418,-0.04963182,False
17681,0.066406906,0.14932589,False
17682,-0.09755168,-0.048687026,False
17683,0.031104133,0.03441271,False
17684,-0.044949234,-0.104295634,False
17685,0.03411348,0.006509863,False
17686,0.0112926215,0.028480753,False
17687,0.0896852,0.12525067,False
17688,0.023561701,0.015066013,False
17689,-0.12660056,0.047831863,False
17690,-0.02014916,0.0015767254,False
17691,-0.07925601,0.048265785,False
17692,0.005974114,-0.018651195,False
17693,-0.008105844,-0.008105844,False
17694,0.040153146,0.17324865,False
17695,-0.12453941,-0.019985855,False
17709,-0.21171021,-0.29568672,False
17708,-0.004155696,-0.004155696,False
17707,0.08874595,0.054646537,False
17706,0.061508767,-0.0012939051,False
17705,0.07797521,-0.016522408,False
17704,-0.0727891,0.045295164,False
17678,-0.1097381,-0.012656592,False
17703,-0.093221694,-0.02139619,False
17701,-0.0049688914,-0.0049688914,False
17700,0.0018966645,-0.008011788,False
17699,0.00061351806,0.035664737,False
17698,-0.07629074,-0.02973327,False
17697,0.01954412,-0.019081894,False
17696,0.011688948,-0.06962895,False
17702,0.08742237,-0.090266466,False
17677,-0.0054311734,-0.028159965,False
17676,-0.01453495,-0.030260026,False
17675,-0.20454323,-0.032334447,False
17656,-0.024093699,-0.0491204,False
17655,0.12032783,-0.3645848,False
17654,-0.23303986,-0.062069654,False
17653,-0.0036221,-0.0036221,False
17652,0.075479686,0.6074336,False
17651,-0.01660034,-0.13680434,False
17657,0.00093126297,0.033856362,False
17650,0.02128771,-0.017986163,False
17648,0.17019501,-0.032347053,False
17647,0.012337683,-0.008431065,False
17646,0.0,0.0,False
17645,0.29258308,0.23622039,False
17644,-0.029737843,-0.029737843,False
17643,-0.050991744,-0.05607137,False
17649,-0.21828574,-0.10768014,False
17710,0.04470455,0.028442448,False
17658,-0.05732,-0.044644028,False
17660,0.013253018,0.04490374,False
17674,0.047596574,-0.13600099,False
17673,-0.108542174,-0.044650435,False
17672,-0.006892942,-0.005812168,False
17671,-0.16154033,-0.19584483,False
17670,0.09218651,0.061728656,False
17669,-0.008426651,-0.06631639,False
17659,-0.059255898,-0.026121497,False
17668,-0.0024255514,-0.08622992,False
17666,0.0968526,-0.05350688,False
17665,-0.022423446,-0.03535299,False
17664,-0.081314385,-0.04884395,False
17663,-0.054317832,0.015043311,False
17662,-0.031488825,-0.031488825,False
17661,0.11852914,0.025384665,False
17667,0.0,0.0,False
17782,0.006949298,-0.077548526,False
17711,-0.0830704,-0.19078064,False
17713,0.01625745,0.080786474,False
17750,0.01741071,0.16283228,False
17751,-0.12764227,0.20573327,False
17752,0.05217731,-0.099221766,False
17753,0.016621739,-0.06643922,False
17754,-0.10233711,-0.09729281,False
17755,-0.019126028,-0.006451644,False
17756,0.08593339,0.057260334,False
17757,0.017047644,-0.009592712,False
17758,0.05860259,-0.02424633,False
17759,-0.01812771,0.022558987,False
17760,0.004839182,-0.020478934,False
17761,-0.02414398,-0.04789918,False
17762,0.038963526,-0.01042068,False
17763,-0.01490277,-0.01490277,False
17764,-0.08193649,-0.057221383,False
17765,-0.780753,-0.3514626,False
17766,-0.3837624,-0.3462623,False
17780,-0.27853546,-0.07052696,False
17779,0.0085735805,-0.060315993,False
17778,0.03571544,-0.009313868,False
17777,0.15019655,0.047819376,False
17776,-0.015381083,-0.052050788,False
17775,-0.1713357,-0.05278635,False
17749,0.36065465,-0.021858215,False
17774,0.101093024,0.07267079,False
17772,0.0,0.0,False
17771,-0.055915833,-0.039871894,False
17770,-0.15681493,-0.16816652,False
17769,0.022719309,-0.06661025,False
17768,0.0619554,0.043088578,False
17767,-0.01719156,0.017327666,False
17773,-0.001220569,-0.012146637,False
17748,-0.07577944,-0.15265495,False
17747,0.1484003,0.19316703,False
17746,0.026406243,-0.06492536,False
17727,-0.035732232,-0.05487008,False
17726,-0.02025491,-0.11576204,False
17725,-0.07037279,-0.057012778,False
17724,0.052651137,-0.005750969,False
17723,-0.0139112305,-0.0139112305,False
17722,-0.04492338,0.11372556,False
17728,-0.011013798,-0.032694343,False
17721,-0.010842383,0.053477257,False
17719,-0.050539345,-0.050539345,False
17718,-0.09602541,-0.03664875,False
17717,-0.14193493,-0.08481127,False
17716,-0.004603043,-0.019489683,False
17715,-0.1531285,-0.101668715,False
17714,-0.10253157,0.03660494,False
17720,-0.02170695,-0.02170695,False
17712,0.01275751,-0.036640882,False
17729,-0.22211921,-0.2817142,False
17731,-0.036126345,-0.03825698,False
17745,-0.34820724,-0.47851318,False
17744,-0.16561007,0.07498503,False
17743,0.056598067,0.093539655,False
17742,-0.1168133,-0.019401431,False
17741,-0.08182266,-0.04689789,False
17740,-0.01672241,0.04184121,False
17730,0.11632192,0.06833184,False
17739,0.042359173,-0.0016506016,False
17737,0.21316522,0.09221017,False
17736,0.098724276,0.011983216,False
17735,-0.02556777,-0.0028805975,False
17734,0.033478558,-0.016362548,False
17733,-0.03875953,-0.061686672,False
17732,0.050331146,-0.013838716,False
17738,-0.0026008487,-0.01874274,False
17642,0.007522166,0.1549711,False
17925,-0.030879779,-0.05501069,False
17927,0.013300923,-0.008966309,False
18107,-0.09639575,-0.15905322,False
18108,-0.05037157,-0.027286429,False
18109,-0.004793778,-0.050734565,False
18110,0.06237334,-0.03453261,False
18111,-0.008506138,0.16090298,False
18112,0.22336209,-0.045121074,False
18113,0.0127645135,-0.04840549,False
18114,-0.0056693405,-0.061898306,False
18115,0.009308428,-0.07002874,False
18116,0.024392132,-0.0045146123,False
18117,0.011528067,-0.061800256,False
18118,0.09077594,0.019807637,False
18119,0.080796,0.048091862,False
18120,-0.0055707097,-0.024595842,False
18121,0.15507239,-0.047412604,False
18122,0.020342464,0.0034074206,False
18123,0.030710429,0.01387243,False
18137,-0.12247546,-0.02088973,False
18136,-0.07446465,-0.1069058,False
18135,-0.004934801,-0.004934801,False
18134,-0.0051344186,0.05006426,False
18133,-0.019557714,0.08138165,False
18132,-0.033472367,0.0019306988,False
18106,-0.014237657,0.051396333,False
18131,-0.020394221,-0.021170571,False
18129,-0.040177014,0.09690772,False
18128,-0.025116645,0.1961523,False
18127,0.24445164,0.07330048,False
18126,-0.1123898,-0.042324603,False
18125,0.00091284513,-0.008211106,False
18124,-0.070282444,-0.013314821,False
18130,-0.034767747,0.02635111,False
18105,-0.32366002,-0.26907456,False
18104,-0.019833729,-0.06886932,False
18103,-0.05903338,-0.031280518,False
18084,-0.007941,-0.011288531,False
18083,-0.028156392,-0.06365795,False
18082,-0.16722172,-0.035983145,False
18081,-0.0214626,0.046858452,False
18080,0.0145404935,-0.073278,False
18079,0.15941778,-0.030824512,False
18085,-0.07012798,-0.09081845,False
18078,-0.17857748,0.014829218,False
18076,-0.01784335,-0.060569115,False
18075,0.062040374,0.0027732048,False
18074,-0.009479836,0.07683915,False
18073,-0.010871708,-0.046492293,False
18072,0.06867351,0.047451764,False
18071,-0.2182777,-0.40327668,False
18077,0.00062534213,-0.07575005,False
18138,-0.085041195,0.021648772,False
18086,0.0,0.0,False
18088,0.01611939,-0.0831331,False
18102,-0.005263835,-0.023945212,False
18101,-0.0064557344,-0.042339385,False
18100,0.0,0.0,False
18099,0.08202958,-0.120093346,False
18098,0.121436626,0.0026566088,False
18097,-0.044051632,-0.0014396608,False
18087,0.04788424,0.06531693,False
18096,-0.04534179,-0.047076616,False
18094,-0.06899368,0.024156012,False
18093,0.023388393,-0.072107576,False
18092,0.07019517,0.0914323,False
18091,0.15456395,0.058978096,False
18090,-0.010675095,0.020331196,False
18089,-0.07298238,-0.06792425,False
18095,-0.06943846,-0.031352423,False
18070,0.026961211,-0.032590363,False
18139,-0.019970924,-0.017331064,False
18141,0.10773209,-0.037654087,False
18178,0.13265425,0.24798626,False
18179,0.03387916,-0.15585163,False
18180,0.036176562,0.032682315,False
18181,-0.0047287676,-0.0047287676,False
18182,0.07857227,-0.02246838,False
18183,0.025348723,-0.003136389,False
18184,0.0,0.0,False
18185,-0.095140874,0.008399457,False
18186,-0.017522603,-0.05642721,False
18187,-0.06440875,-0.010704115,False
18188,-0.093753606,-0.088356644,False
18189,0.0029993225,-0.020110423,False
18190,-0.06012857,0.014990538,False
18191,-0.017483886,-0.018881064,False
18192,0.00034473836,-0.0028610826,False
18193,0.01741755,0.0066878945,False
18194,-0.019001663,-0.039311253,False
18208,0.035123646,0.024413913,False
18207,0.011441782,0.028655723,False
18206,0.10489972,0.010750584,False
18205,-0.057570145,-0.035836212,False
18204,-0.022224938,-0.014571106,False
18203,-0.07811637,-0.060570955,False
18177,-0.059086293,-0.09949744,False
18202,-0.13242784,-0.06758274,False
18200,0.05754757,0.018315509,False
18199,0.028919667,-0.09590009,False
18198,0.16283,0.071115434,False
18197,0.036545575,0.06327067,False
18196,0.013456374,-0.009995624,False
18195,0.01834156,-0.02772546,False
18201,-0.16202149,-0.083553374,False
18176,0.036185145,-0.14616716,False
18175,-0.041834295,-0.10385901,False
18174,-0.079518564,-0.10129884,False
18155,0.6671716,-0.17337644,False
18154,0.14837575,-0.22604471,False
18153,-0.029953629,-0.022349808,False
18152,-0.008633599,0.066238865,False
18151,-0.095585674,-0.1303844,False
18150,0.0,6.030517e-06,False
18156,0.09576362,-0.05064574,False
18149,0.08336497,-0.018006831,False
18147,-0.04444907,0.054491542,False
18146,-0.023783578,-0.023783578,False
18145,0.07284051,0.14946705,False
18144,-0.020439036,0.008143447,False
18143,0.1599366,-0.106373996,False
18142,0.07303578,-0.056126002,False
18148,0.039730906,-0.12314111,False
18140,-0.01875197,-0.042830326,False
18157,-0.06089759,-0.45114556,False
18159,-0.15282215,-0.04074207,False
18173,-0.028354948,-0.05092044,False
18172,-0.009303438,-0.009303438,False
18171,-0.0990417,-0.22288942,False
18170,-0.043239534,0.020161062,False
18169,-0.10222131,-0.111353695,False
18168,0.008910138,-0.042614385,False
18158,-0.13284361,-0.15368891,False
18167,-0.0051550153,-0.0051550153,False
18165,-0.15185475,-0.052680552,False
18164,-0.012091855,-0.028899582,False
18163,-0.07589075,0.11079994,False
18162,-0.3979032,-0.35186267,False
18161,-0.061940253,0.14214003,False
18160,-0.043645978,0.19915581,False
18166,-0.0043765544,-0.0043765544,False
17926,-0.002899021,-0.011091843,False
18069,-0.021201909,0.0371774,False
18067,-0.056194797,-0.048092052,False
17964,-0.05230005,-0.05094007,False
17965,-0.08921808,-0.07185134,False
17966,-0.28325933,-0.11980897,False
17967,0.1102086,-0.0666728,False
17968,-0.10427189,-0.19830206,False
17969,-0.06043034,-0.06955511,False
17970,0.001158759,-0.08737959,False
17971,-0.004698068,-0.10794531,False
17972,0.068807974,-0.04215841,False
17973,0.028918475,0.09009358,False
17974,0.07657862,0.04444158,False
17975,-0.039571494,-0.007876068,False
17976,0.023886926,0.009855442,False
17977,-0.04406704,-0.06575016,False
17978,-0.038309976,0.07948725,False
17979,0.06186525,-0.042790223,False
17980,-0.09415352,-0.01813966,False
17995,0.059086744,-0.020596616,False
17994,-0.014774062,-0.059545945,False
17993,0.051521502,0.0117562115,False
17992,-0.04144889,-0.21155924,False
17991,0.05415318,0.08449445,False
17990,0.0938237,0.090396285,False
17963,-0.01878839,4.4479966e-06,False
17989,-0.0853979,-0.1840412,False
17987,0.13225937,0.00055129826,False
17985,0.0039741974,-0.019149618,False
17984,-0.042231724,0.0018946975,False
17983,0.059745006,0.0287043,False
17982,-0.0943589,-0.06097669,False
17981,0.049965218,-0.019386515,False
17988,-0.053980783,0.00020447373,False
17962,-0.057241827,-0.003033638,False
17961,-0.14590086,0.050320283,False
17960,-0.010216594,-0.009043321,False
17941,-0.04032568,-0.005267501,False
17940,-0.046587735,-0.046457037,False
17939,0.1568739,0.12579481,False
17938,0.12989396,-0.16525719,False
17937,-0.13528237,0.032137245,False
17936,0.042470228,-0.024387086,False
17942,-0.10906041,0.044824183,False
17935,-0.012407348,0.015494421,False
17933,0.03455484,0.11395809,False
17932,-0.0046352446,-0.15114665,False
17931,0.07230957,0.106368914,False
17930,-0.094655424,0.08471131,False
17929,0.014046773,-0.013188954,False
17928,-0.10380137,-0.05534801,False
17934,0.051520042,0.043551736,False
17996,-0.0313306,-0.02886417,False
17943,-0.016576424,0.0074646175,False
17945,0.07358418,-0.033860162,False
17959,0.05239874,0.067914516,False
17958,0.01236812,-0.051343784,False
17957,-0.1261962,-0.036480978,False
17956,-0.017092794,0.05685845,False
17955,-0.031526815,0.0034631193,False
17954,0.05490291,-0.19416982,False
17944,-0.011346027,-0.0344199,False
17953,-0.061796546,-0.26042575,False
17951,0.03391491,-0.009926543,False
17950,-0.06950567,-0.043613486,False
17949,-0.11174101,-0.19166952,False
17948,0.015222162,-0.0013856106,False
17947,0.040922165,0.06804474,False
17946,-0.068106025,0.022350833,False
17952,-0.03353776,-0.11575426,False
18068,-0.07182537,0.115912795,False
17997,0.05513823,0.17196894,False
17999,-0.039484322,0.02006577,False
18036,0.0615655,-0.017788637,False
18037,0.0,0.002156761,False
18038,0.01798667,0.109554544,False
18039,-0.019706726,0.057479084,False
18040,-0.03385961,-0.042911958,False
18041,-0.13362771,-0.056679852,False
18042,-0.09327546,-0.12743184,False
18043,-0.0017476045,-0.023457104,False
18044,0.0,0.0007941978,False
18045,0.108002126,-0.027538408,False
18046,-0.022702217,-0.17544508,False
18047,0.027404845,0.010160834,False
18048,0.26285797,0.118738115,False
18049,0.009555739,-0.014575173,False
18050,-0.060317248,0.015718535,False
18051,-0.026297756,-0.0429947,False
18052,0.03821464,-0.02770744,False
18066,-0.036254834,-0.035265274,False
18065,-0.11797625,0.01810819,False
18064,-0.19841337,-0.018881857,False
18063,-0.04989931,-0.022928774,False
18062,0.00742458,-0.014168179,False
18061,-0.020855933,-0.09868805,False
18035,-0.0071860105,-0.09478186,False
18060,-0.05975011,-0.011313409,False
18058,-0.23236099,-0.050106287,False
18057,-0.038585633,-0.06124051,False
18056,0.022194967,-0.025911987,False
18055,-0.12392206,0.025485307,False
18054,0.031622034,-0.01479961,False
18053,0.0011023283,-0.084661454,False
18059,0.15201223,0.065009356,False
18034,0.09796013,-0.044842582,False
18033,0.05388285,-0.016624887,False
18032,0.0110385865,0.10869667,False
18013,-0.05507841,-0.0123307705,False
18012,0.0072155297,-0.024233148,False
18011,-0.11903263,0.05918689,False
18010,-0.04686407,-0.06896117,False
18009,-0.088319555,-0.0052576363,False
18008,0.04360348,-0.017516062,False
18014,-0.20630449,-0.19564918,False
18007,-0.0059785116,-0.026258085,False
18005,-0.25094327,-0.21706918,False
18004,-0.05381669,-0.07130022,False
18003,-0.058012843,-0.14549649,False
18002,0.019266397,0.06346582,False
18001,-0.051443934,-0.047207132,False
18000,-0.04838431,-0.28454685,False
18006,-0.035253882,-0.076021194,False
17998,0.086238384,0.0017217398,False
18015,-0.031089023,0.052719206,False
18017,0.0072305948,-0.10370282,False
18031,-0.08588278,-0.09037131,False
18030,-0.10539368,-0.07092552,False
18029,-0.072386995,-0.04804579,False
18028,-0.008000668,0.043361947,False
18027,0.07447156,0.03811197,False
18026,0.060345322,0.05090359,False
18016,-0.006439239,-0.10152948,False
18025,0.044074357,0.020408273,False
18023,-0.07794139,-0.033296913,False
18022,-0.026350677,-0.28981382,False
18021,0.044664945,0.0055647753,False
18020,-0.009851536,-0.027510962,False
18019,-0.20606974,-0.17053288,False
18018,-0.024852797,0.09070338,False
18024,-0.027631566,-0.004669398,False
17641,-0.10470712,-0.1463463,False
17640,0.015352011,0.045837924,False
17639,0.18927586,0.0532766,False
17252,-0.032086372,0.11171991,False
17253,0.09872669,-0.19351274,False
17254,-0.0040033977,-0.0040033977,False
17255,-0.004122912,-0.004122912,False
17256,-4.431419e-05,-0.02380819,False
17257,0.053979337,-0.025505655,False
17258,0.011259347,-0.070766576,False
17259,-0.14961088,-0.09624529,False
17260,-0.24225697,0.13276285,False
17261,-0.036617875,-0.103734255,False
17262,0.035863936,-0.10027555,False
17263,0.025294065,0.053173825,False
17264,-0.05393645,-0.20388909,False
17265,0.0,0.0028501581,False
17266,-0.033805598,0.025392115,False
17267,-0.0662781,0.15357679,False
17268,-0.05381137,-0.07653776,False
17282,0.12873746,-0.10690306,False
17281,0.0049383435,-0.017648568,False
17280,0.043903336,0.027937725,False
17279,-0.107228756,-0.021949723,False
17278,-0.080855444,0.0052095354,False
17277,0.060237825,-0.066644,False
17251,0.0095335245,-0.093096495,False
17276,-0.021936262,-0.021936262,False
17274,0.0363224,-0.04034195,False
17273,0.007855248,-0.038780853,False
17272,-0.17071405,-0.031707376,False
17271,0.0142458575,-0.0033384084,False
17270,-0.009721173,-0.009518045,False
17269,-0.0136402575,-0.0136402575,False
17275,-0.039399832,0.029348165,False
17250,-0.022965983,0.044477686,False
17249,0.099429324,-0.11864416,False
17248,-0.009794235,-0.081765145,False
17229,-0.14312772,0.04432684,False
17228,-0.06767759,-0.056945473,False
17227,0.19291174,0.09530246,False
17226,0.012399673,-0.018129304,False
17225,0.010785587,-0.057734177,False
17224,-0.082318306,-0.034564584,False
17230,-0.00995235,-0.00995235,False
17223,0.102700755,0.024644583,False
17221,0.010817988,-0.027235528,False
17220,0.06643224,-0.03329891,False
17219,-0.09324202,0.017013058,False
17218,-0.019671129,-0.019671129,False
17217,-0.03361261,0.020405054,False
17216,-0.20317584,0.0067183375,False
17222,-0.14381474,-0.08838016,False
17283,0.005128786,-0.016319076,False
17231,-0.41019142,0.08899045,False
17233,-0.030638628,-0.080769375,False
17247,-0.31136823,-0.35855466,False
17246,0.0013939589,-0.09089178,False
17245,-0.022312403,-0.12748215,False
17244,0.17707902,0.089178145,False
17243,-0.020261563,0.059409373,False
17242,-0.11795497,-0.22908276,False
17232,0.048404813,-0.09511016,False
17241,-0.06375641,-0.15013933,False
17239,-0.059187308,0.10780966,False
17238,-0.2919566,-0.16333067,False
17237,-0.05246389,-0.08333242,False
17236,-0.07134196,-0.11193498,False
17235,0.19297986,0.11737491,False
17234,-0.23803625,-0.1511353,False
17240,-0.027457356,-0.0958679,False
17215,-0.093896665,0.0065390915,False
17284,0.0034186244,-0.05012721,False
17286,0.005644828,0.06158805,False
17323,-0.00026099384,-0.022757709,False
17324,-0.24049538,-0.038432717,False
17325,-0.008457983,-0.028445074,False
17326,-0.10576582,0.015936017,False
17327,0.011555731,-0.021859959,False
17328,-0.09374359,-0.060884744,False
17329,-0.004717735,-0.004717735,False
17330,-0.27125835,0.039560676,False
17331,0.047380924,0.0993706,False
17332,-0.114353955,-0.11906412,False
17333,-0.07180196,-0.017820418,False
17334,-0.32552195,-0.19504547,False
17335,-0.027720898,-0.13857785,False
17336,-0.043178916,-0.081948094,False
17337,-0.03162247,-0.07722843,False
17338,0.020514965,-0.035848707,False
17339,-0.092494726,0.17366967,False
17353,0.14921114,0.09330751,False
17352,0.0,0.0,False
17351,0.06776789,-0.03421337,False
17350,-0.021888329,0.0062835254,False
17349,0.13899139,0.18456623,False
17348,0.013032556,-0.25099206,False
17322,0.016822923,-0.027509417,False
17347,-0.4240396,-0.63596725,False
17345,-0.22298717,-0.24225736,False
17344,-0.103150785,-0.1308626,False
17343,-0.019299954,-0.05355688,False
17342,0.013001937,-0.012901589,False
17341,0.032182902,-0.14763758,False
17340,0.00036863983,0.13480586,False
17346,-0.43513227,-0.45372987,False
17321,-0.45106667,-0.36937946,False
17320,-1.0640974,-1.5399973,False
17319,0.10980746,-0.048086077,False
17300,-0.09341667,-0.024912514,False
17299,-0.2483692,-0.123197466,False
17298,0.0,0.0019250313,False
17297,-0.4941196,-0.27703622,False
17296,-0.02327213,-0.023145229,False
17295,0.15714562,0.31732213,False
17301,0.0031429697,-0.011990296,False
17294,0.0,0.0013571708,False
17292,0.38163453,0.39438468,False
17291,-0.0057349354,-0.06964454,False
17290,0.0,0.0,False
17289,-0.10180062,0.08690238,False
17288,-0.028983831,-0.23139215,False
17287,0.05494807,-0.040009875,False
17293,0.060307346,0.026840873,False
17285,-0.019579528,0.004297916,False
17302,-0.03601195,-0.04173687,False
17304,-0.06610929,-0.019004367,False
17318,0.0044532083,-0.017148364,False
17317,-0.021829948,-0.021024764,False
17316,-0.0599328,0.31420043,False
17315,0.17158593,-0.0034802556,False
17314,-0.3556459,-0.054896057,False
17313,0.0,4.893934e-05,False
17303,0.0,0.0,False
17312,-0.008757923,-0.008757923,False
17310,-0.11599162,-0.13337874,False
17309,-0.47955465,-0.3053546,False
17308,-0.024688125,-0.14950633,False
17307,-0.0406273,0.030015707,False
17306,0.026922524,0.033866435,False
17305,-0.15967709,0.010308117,False
17311,0.09778714,-0.09101117,False
17354,0.043114465,0.027069118,False
17214,-0.010147225,-0.022613844,False
17212,-0.0048942682,0.004700517,False
17110,0.0,0.0,False
17111,-0.3672368,-0.10117507,False
17112,0.01909247,-0.086618185,False
17113,-0.012918351,-0.012918351,False
17114,-0.26097095,-0.09858835,False
17115,0.064764366,-0.022479802,False
17116,0.0014638603,-0.011963244,False
17117,-0.22179997,0.0674274,False
17118,0.05276709,-0.038092785,False
17119,-0.0033866987,-0.02501705,False
17120,0.0,0.0,False
17121,-0.04353848,-0.034210026,False
17122,-0.0074578524,-0.040956497,False
17123,-0.0035076141,-1.1287928,False
17124,0.05098352,0.03193474,False
17125,0.105018556,0.018439114,False
17126,-0.13632068,-0.059688568,False
17140,0.0033920612,-0.018108001,False
17139,-0.06926568,0.0051187947,False
17138,-0.11115372,0.014955968,False
17137,-0.040177703,-0.014543295,False
17136,0.09888077,0.19549894,False
17135,-0.21106961,-0.12896806,False
17109,-0.16068417,-0.07118231,False
17134,0.011063691,-0.028639844,False
17132,-0.19607258,0.041266203,False
17131,-0.06831372,-0.08971751,False
17130,0.03251326,-0.09754108,False
17129,-0.06743941,0.029522628,False
17128,-0.122152224,0.13381302,False
17127,-0.22490525,-0.22156215,False
17133,0.08212799,0.1341924,False
17108,0.0,0.00033954254,False
17107,0.0,0.0,False
17106,0.0057022125,-0.00750528,False
17087,-0.76491165,-0.48981965,False
17086,-0.03410527,0.096158326,False
17085,-0.11887735,0.12534982,False
17084,-0.35757577,0.031559944,False
17083,0.044146866,0.21289244,False
17082,0.017144576,-0.0034468232,False
17088,0.0,0.0,False
17081,0.0,0.0,False
17079,-0.06609156,-0.0085852295,False
17078,-0.13616359,-0.048839092,False
17077,0.20913953,-0.035726145,False
17076,-0.15206346,-0.1882627,False
17075,0.29056722,0.19137233,False
17074,-0.65312016,-0.5380397,False
17080,-0.13128412,0.011548758,False
17141,-0.09506667,-0.28672767,False
17089,-0.015687682,-0.03704863,False
17091,0.013227463,-0.2689302,False
17105,-0.13349734,-0.15884167,False
17104,0.00818795,-0.014544964,False
17103,-0.96751356,-0.14627934,False
17102,0.014483817,0.020836823,False
17101,-0.02412335,-0.047989793,False
17100,-0.062592745,-0.12327671,False
17090,-0.012245478,-0.012245478,False
17099,-0.4680593,-0.28117645,False
17097,0.024258256,0.1492461,False
17096,-0.00483229,-0.00483229,False
17095,-0.010680437,-0.43737245,False
17094,-0.1803738,-0.19001964,False
17093,-0.013182275,-0.008303462,False
17092,-0.20642465,0.17984104,False
17098,0.08128053,-0.016350985,False
17213,-0.32522106,-0.43230247,False
17142,0.13230926,0.049202323,False
17144,0.0041279793,-0.2932388,False
17181,0.040913463,0.14664364,False
17182,0.010066807,0.12255412,False
17183,-0.26304936,0.059384704,False
17184,-0.6911435,-0.81420827,False
17185,-0.12711772,-0.0104644,False
17186,-0.4310423,-0.29823983,False
17187,0.07087757,-0.10883406,False
17188,0.10273886,0.29065347,False
17189,-0.009021534,-0.009021534,False
17190,-0.026642803,-0.043019354,False
17191,-0.038626388,0.06266907,False
17192,0.15981501,0.100643516,False
17193,-0.04586381,-0.052320875,False
17194,-0.034015846,-0.034015846,False
17195,0.11051214,0.021342844,False
17196,-0.013211638,0.042208552,False
17197,-0.15563136,-0.10771325,False
17211,0.086241156,0.053602487,False
17210,-0.08831394,-0.24211371,False
17209,-0.08013516,-0.026975185,False
17208,0.009628594,-0.10224539,False
17207,0.029556558,-0.015542693,False
17206,-0.083801866,0.023902655,False
17180,0.0,0.0,False
17205,-0.063685656,0.083814174,False
17203,0.004837785,-0.028163085,False
17202,0.073262185,-0.08498661,False
17201,-0.029520178,-0.051527876,False
17200,0.11479297,-0.03624022,False
17199,0.67343867,-0.38742697,False
17198,-0.33371925,-0.12200856,False
17204,-0.17251253,-0.060620785,False
17179,0.0031722803,-0.018777408,False
17178,0.0,0.0,False
17177,-0.07798597,-0.016635716,False
17158,0.16398591,0.09912622,False
17157,0.065954864,-0.06758565,False
17156,-0.07151793,-0.07210483,False
17155,-0.064376,0.02689603,False
17154,0.036507927,0.02133321,False
17153,0.63578236,0.036782026,False
17159,-0.0060487892,-0.018930897,False
17152,-0.13687068,0.01564774,False
17150,-0.14602846,-0.22370163,False
17149,-0.024231046,0.023918033,False
17148,0.03569728,-0.09484458,False
17147,0.039905638,-0.017151296,False
17146,-0.0380864,-0.035456136,False
17145,-0.102760985,0.0800778,False
17151,-0.24489081,-0.14507723,False
17143,-0.30600905,0.001155138,False
17160,-0.14139783,-0.110551715,False
17162,0.11304587,0.019322515,False
17176,0.12794152,-0.059391692,False
17175,-0.019882558,0.055609148,False
17174,-0.0037516356,-0.07599181,False
17173,-0.26626378,0.094062805,False
17172,-0.102066755,-0.34110966,False
17171,-0.13095134,-0.16726172,False
17161,-0.7021741,-0.7413843,False
17170,-0.015392903,-0.031839844,False
17168,0.16371572,0.13314,False
17167,0.0,0.0,False
17166,-0.009329235,-0.0062046135,False
17165,0.0040679416,-0.012183286,False
17164,0.0061159246,0.020046346,False
17163,-0.013882367,0.08799172,False
17169,0.0,0.0,False
17355,-0.042380646,0.088395566,False
17356,0.14294243,0.0626241,False
17357,-0.19574068,-0.13863002,False
17537,0.0,0.0,False
17538,-0.058120504,0.23103094,False
17539,-0.14524454,-0.34400982,False
17540,-0.09727228,-0.030867934,False
17541,0.21447897,0.030914575,False
17542,0.017032102,6.112202e-05,False
17543,0.021920502,-0.030676067,False
17544,-0.042651355,-0.004460573,False
17545,-0.019346714,0.111343816,False
17546,0.109470844,-0.06770474,False
17547,0.037289858,-0.03772378,False
17548,0.048984647,0.15377498,False
17549,0.0,0.0,False
17550,-0.13674676,-0.18198425,False
17551,0.2434542,-0.042010576,False
17552,0.2270439,0.07508209,False
17553,-0.054774284,-0.11829305,False
17567,0.22609639,0.09199673,False
17566,-0.07252425,-0.27702835,False
17565,-0.05839908,0.0043622255,False
17564,0.12398978,-0.014924049,False
17563,-0.0109518245,-0.058602113,False
17562,0.35825145,0.010440111,False
17536,-0.11291209,-0.13782644,False
17561,0.042973727,-0.050298527,False
17559,-0.014145672,-0.02911214,False
17558,0.05000151,-0.010264099,False
17557,0.013244256,-0.0077344626,False
17556,-0.13962886,-0.051243246,False
17555,0.1380623,0.011450589,False
17554,-0.10187885,-0.09535888,False
17560,0.14805084,0.023527265,False
17535,-0.17687404,0.011693716,False
17534,-0.02377075,0.07674956,False
17533,-0.39576223,-0.031102061,False
17514,-0.0329149,0.061119743,False
17513,0.0044028163,0.1667772,False
17512,-0.43554425,-0.271487,False
17511,0.11489415,-0.0070483983,False
17510,0.059194803,0.18900478,False
17509,0.011122227,-0.0031027198,False
17515,0.017390817,-0.016228646,False
17508,0.02258878,0.002779756,False
17506,0.06965685,-0.02271846,False
17505,0.004499905,-0.057705104,False
17504,0.027001545,-0.0035498738,False
17503,-0.04218263,0.013616778,False
17502,0.13221893,0.22301936,False
17501,-0.039714336,0.2252984,False
17507,-0.013123602,0.013110016,False
17568,-0.18991822,-0.16424221,False
17516,-0.11687684,0.05610788,False
17518,0.05539541,-0.03367874,False
17532,-0.54474115,-0.63891375,False
17531,0.047660634,0.021330893,False
17530,0.33935225,0.08996111,False
17529,0.012636527,-0.008762341,False
17528,0.056092203,-0.35914952,False
17527,0.11139408,-0.01634556,False
17517,-0.31804526,-0.018051267,False
17526,-0.299621,-0.16905326,False
17524,0.13910842,-0.21900356,False
17523,0.021481954,0.039556243,False
17522,0.061954334,-0.1592218,False
17521,-0.0131532755,-0.012998737,False
17520,0.048994303,-0.18580925,False
17519,-0.35138106,-0.028520525,False
17525,-0.03335927,-0.008298004,False
17500,0.020280272,-0.0037567792,False
17569,-0.112035364,-0.03477805,False
17571,0.37452793,-0.3087046,False
17608,0.0399753,-0.014145374,False
17609,-0.001962334,0.008274287,False
17610,0.00028443336,-0.060749482,False
17611,0.011207632,-0.009863354,False
17612,0.0049629444,-0.009737296,False
17613,0.018949486,-0.004913626,False
17614,-0.01059805,-0.032422084,False
17615,0.039950937,-0.06781036,False
17616,0.11908069,-0.05394736,False
17617,-0.008592274,-0.032856055,False
17618,0.12987307,0.018233985,False
17619,-0.06351529,0.015807167,False
17620,-0.010848284,-0.03305112,False
17621,0.0,0.0,False
17622,-0.1550734,-0.0470953,False
17623,-0.029514505,-0.053329583,False
17624,-0.076493695,-0.00613901,False
17638,0.0015308857,-0.0071141273,False
17637,-0.049640298,-0.19009729,False
17636,-0.034383178,-0.07878673,False
17635,0.0,0.0,False
17634,-0.028380126,0.07296619,False
17633,0.085291475,-0.020439684,False
17607,0.054767728,-0.05927807,False
17632,-0.08087161,-0.040507317,False
17630,0.039581895,-0.18610919,False
17629,-0.048106357,-0.01585406,False
17628,0.0035518669,-0.019731063,False
17627,-0.011910513,-0.0028387383,False
17626,-0.11565522,-0.00372535,False
17625,-0.059258733,-0.02194313,False
17631,-0.27643895,-0.34564626,False
17606,0.005610436,-0.13206805,False
17605,0.07938075,-0.19526902,False
17604,0.0730626,-0.043231145,False
17585,1.2738624,0.37107444,False
17584,-0.233006,-0.3269205,False
17583,-0.2650038,-0.11678696,False
17582,-0.046276554,0.021007016,False
17581,-0.0930226,-0.026738688,False
17580,0.009893179,0.061760668,False
17586,-0.02579534,-0.046772227,False
17579,0.12626684,0.06857127,False
17577,-0.041319937,-0.0039956123,False
17576,-0.13517494,0.012915492,False
17575,-0.010047766,-0.010047766,False
17574,-0.21689558,-0.20642644,False
17573,0.004283592,0.007745117,False
17572,0.5825505,0.0572114,False
17578,-0.060663287,-0.011469521,False
17570,0.12530822,-0.04734677,False
17587,-0.030404896,-0.020146944,False
17589,-0.0013719201,0.02161616,False
17603,0.02244287,0.0,False
17602,-0.105413765,-0.16649981,False
17601,0.13003612,0.01671344,False
17600,0.0,1.168308e-05,False
17599,0.03038776,-0.056568027,False
17598,0.022646606,0.012171745,False
17588,-0.009521563,-0.009519048,False
17597,0.050435185,-0.14560652,False
17595,-0.052004784,0.047125965,False
17594,0.058055997,0.10149169,False
17593,-0.10114035,-0.02359584,False
17592,0.016717078,-0.00046204217,False
17591,-0.019712176,-0.035704378,False
17590,-0.026665822,-0.014425613,False
17596,-0.0046175816,-0.0046175816,False
17499,-0.035475153,-0.057201385,False
17498,-0.1287095,-0.034828335,False
17497,0.043473125,0.12660766,False
17394,-0.09221578,0.20283663,False
17395,0.12657294,0.04707536,False
17396,-0.013349831,-0.033804405,False
17397,-0.31183243,0.08983135,False
17398,-0.18244636,0.07222104,False
17399,-0.38000965,-0.010129869,False
17400,-0.26306653,0.09027076,False
17401,-0.27147412,-0.12217605,False
17402,0.0,0.0015171296,False
17403,-0.44222116,0.04809475,False
17404,-0.0043655983,-0.0043655983,False
17405,-0.044535637,-0.17253852,False
17406,-0.052701354,0.121040344,False
17407,0.009663828,-0.034695584,False
17408,0.0,0.0,False
17409,-0.010079092,-0.010079092,False
17410,0.023942681,0.0,False
17424,-0.019035578,-0.019035578,False
17423,-0.00938338,-0.00938338,False
17422,0.022682458,-0.077887,False
17421,-0.036072034,-0.033442248,False
17420,0.0,0.0,False
17419,0.042402253,-0.016051415,False
17393,0.062407076,-0.14566408,False
17418,-0.0050101043,-0.0050101043,False
17416,0.005796686,-0.06397992,False
17415,-0.036307715,-0.029951368,False
17414,0.0,0.0,False
17413,-0.021712111,0.0014993288,False
17412,0.10030707,0.0035339408,False
17411,0.005232974,-0.014550277,False
17417,0.007717924,-0.014012858,False
17392,-0.13690668,-0.11701596,False
17391,0.11206436,-0.013538241,False
17390,-0.112314075,-0.0037336051,False
17371,-0.04988116,-0.23823184,False
17370,0.022286586,-0.04287035,False
17369,-0.014568664,-0.009532918,False
17368,-0.07105297,0.102775574,False
17367,-0.0035024756,-0.0035024756,False
17366,-0.14778581,-0.27803645,False
17372,-0.042724922,0.059585184,False
17365,-0.28353816,-0.09170145,False
17363,0.012034932,-0.01978432,False
17362,0.0052170185,-0.014825509,False
17361,-0.0114493705,-0.03484186,False
17360,0.020934582,-0.16322327,False
17359,0.07044327,-0.051011324,False
17358,-0.012005419,-0.12168372,False
17364,1.3401104,-0.58874154,False
17425,0.020290812,-0.025712648,False
17373,-0.006070733,-0.1443001,False
17375,-0.069642544,-0.07394457,False
17389,0.44795907,-0.16892695,False
17388,-0.008733795,-0.006510822,False
17387,1.2871456,0.72581697,False
17386,0.11450434,0.1956774,False
17385,0.11960454,0.006644428,False
17384,-0.036875583,0.00019466877,False
17374,-0.04469596,-0.077359065,False
17383,-0.17416716,-0.0612278,False
17381,-0.048012897,-0.013417065,False
17380,0.0076731145,-0.042463988,False
17379,-0.03579113,-0.04089566,False
17378,0.1866155,-0.14602616,False
17377,-0.27440402,-0.04005766,False
17376,-0.08269429,0.087130904,False
17382,-0.041758716,0.20505369,False
17426,-0.04578176,-0.03944844,False
17427,-0.015004882,-0.015004882,False
17428,-0.031636808,-0.031636808,False
17478,-0.01909478,-0.04602641,False
17477,0.099147104,0.05225783,False
17476,0.03448715,-0.003942892,False
17475,-0.0449301,0.1071282,False
17474,-0.08067495,-0.014434576,False
17473,0.08820388,-0.028575972,False
17479,0.03909847,0.029479265,False
17472,0.06357947,-0.022947386,False
17470,-0.033182368,0.06947764,False
17469,-0.008445253,-0.008445253,False
17468,-0.06928766,-0.090243936,False
17467,0.00790824,0.02957654,False
17466,0.002301395,-0.05542746,False
17465,0.07193148,0.030429289,False
17471,-0.013787296,-0.013787296,False
17464,0.008399619,-0.014851185,False
17480,0.024511732,-0.05006056,False
17482,0.22037768,0.30819023,False
17496,-0.18550065,-0.037079185,False
17495,-0.06842475,-0.073716134,False
17494,-0.014840439,-0.028712992,False
17493,0.056603,-0.03340204,False
17492,0.0,0.0,False
17491,-0.0050458326,-0.0043116873,False
17481,0.0415186,0.13773507,False
17490,-0.086941674,-0.08296263,False
17488,0.1548155,0.024700284,False
17487,-0.026329156,-0.00056224875,False
17486,0.028771251,-0.085045725,False
17485,-0.14854772,-0.121390596,False
17484,0.26535362,0.20176792,False
17483,-0.04710906,-0.029521048,False
17489,0.00413239,0.16623312,False
15933,-1.2543637,-0.8507519,False
17463,-0.00407438,0.04503949,False
17461,-0.08715749,-0.09973258,False
17442,0.007207526,-0.02910838,False
17441,-0.057147674,-0.046692356,False
17440,-0.017908838,-0.017908838,False
17439,-0.01435579,-0.01435579,False
17438,0.024057237,-0.018673034,False
17437,0.009516498,-0.014437864,False
17443,-0.03215351,0.10703132,False
17436,-0.017846124,-0.017846124,False
17434,0.0,0.0,False
17433,0.026584513,0.06048642,False
17432,0.0,0.0,False
17431,0.083159626,-0.04453128,False
17430,0.027085535,-0.07217363,False
17429,0.03377361,-0.033358358,False
17435,0.09062517,0.11323322,False
17462,-0.06920615,-0.090997,False
17444,-0.014928771,-0.014928771,False
17446,-0.18281423,0.16062486,False
17460,-0.103727326,-0.106491,False
17459,-0.05809766,-0.13484848,False
17458,-0.3006991,-0.51500446,False
17457,-0.018675186,-0.018675186,False
17456,-0.02916647,-0.02916647,False
17455,0.01634498,-0.04930485,False
17445,-0.008061159,-0.0076311864,False
17454,-0.10849142,-0.051742584,False
17452,-0.0687044,0.038769394,False
17451,-0.01772329,-0.016428735,False
17450,0.013922796,-0.026383577,False
17449,0.018669222,-0.041127477,False
17448,0.12922212,-0.030816138,False
17447,0.023902278,0.076298475,False
17453,-0.22847676,-0.24911356,False
15932,-0.27634043,-0.10293621,False
15931,-0.17016885,0.049143374,False
15930,0.017195754,-0.0051122904,False
14404,0.10917726,0.005074829,False
14405,0.0,0.005080669,False
14406,-0.1362201,-0.20823169,False
14407,-0.4005897,-0.32708597,False
14408,-0.08399761,-0.14643812,False
14409,0.043515563,-0.07503772,False
14410,-0.23013633,-0.006282568,False
14411,0.056835435,-0.0459984,False
14412,0.026025355,-0.028807878,False
14413,-0.1283938,-0.20812525,False
14414,0.010440238,0.04423084,False
14415,-0.04653626,-0.06941271,False
14416,0.0,0.00073792116,False
14417,-0.036079913,-0.12589411,False
14418,-0.026475847,0.05891484,False
14419,0.020442843,-0.027454704,False
14420,-0.16553648,0.033136576,False
14434,0.109644964,0.032735333,False
14433,0.04468718,-0.049920794,False
14432,0.032937378,-0.00990586,False
14431,0.07611918,-0.036518812,False
14430,-0.015202431,-0.0054658595,False
14429,-0.10704997,-0.008602351,False
14403,-0.25539398,-0.31026483,False
14428,-0.0057103187,-0.06075114,False
14426,-0.020610342,-0.020610342,False
14425,-0.08496274,-0.014310226,False
14424,0.0,3.77921e-05,False
14423,0.005830124,-0.04568161,False
14422,0.1155881,0.21108228,False
14421,-0.0013748705,-0.002390489,False
14427,-0.15625837,0.023787856,False
14402,-0.09919359,-0.14091413,False
14401,0.0070111156,-0.07387476,False
14400,0.0014890134,-0.1356009,False
14381,-0.042644955,0.17642707,False
14380,-0.12807214,-0.08989843,False
14379,0.019851744,-0.078817844,False
14378,-0.04827483,0.10724187,False
14377,-0.04400432,0.042832106,False
14376,-0.1308831,-0.12974179,False
14382,-0.00082006305,-0.047979638,False
14375,0.04198979,0.21453364,False
14373,-0.45993602,-0.20189768,False
14372,-0.7869048,-0.3717041,False
14371,0.016871512,-0.24513295,False
14370,0.1971749,0.102610946,False
14369,-0.035870407,-0.07246582,False
14368,0.13889185,-0.15908037,False
14374,0.0443182,0.015124023,False
14435,-0.07607727,-0.021609902,False
14383,-0.01854977,-0.031032532,False
14385,-0.040050663,0.04381451,False
14399,-0.4620781,-0.22030258,False
14398,-0.028800726,0.08335185,False
14397,-0.05330199,-0.08376467,False
14396,-0.012052178,-0.14174944,False
14395,-0.39834952,-0.4554317,False
14394,0.10949826,0.0742743,False
14384,0.05600792,-0.043530196,False
14393,-0.118014395,-0.021259665,False
14391,0.0045690536,-0.03277445,False
14390,0.055503607,0.057766676,False
14389,-0.009072695,-0.05470942,False
14388,-0.3814006,-0.4565134,False
14387,-0.009759872,-0.009759872,False
14386,0.00878815,-0.014188146,False
14392,0.15218359,-0.11889386,False
14367,-0.1519081,-0.28928158,False
14436,0.11350247,0.106731206,False
14438,0.016176552,-0.15285426,False
14475,0.15693234,-0.04962665,False
14476,-0.1657396,-0.25286353,False
14477,-0.058985412,-0.17682713,False
14478,-0.03271374,-0.15221204,False
14479,-0.042453885,0.08969021,False
14480,-0.030691773,-0.029680435,False
14481,-0.005957015,-0.10028106,False
14482,0.027138233,0.06739706,False
14483,0.036226153,0.1693114,False
14484,-0.078657985,-0.36743248,False
14485,-0.011166817,-0.031070273,False
14486,0.06451464,0.1555109,False
14487,-0.020791158,-0.03721632,False
14488,-0.0011218004,-0.02021419,False
14489,-0.029843483,-0.0052483436,False
14490,-0.033903208,-0.04312807,False
14491,0.35803753,-0.000685513,False
14505,-0.004874474,0.08392507,False
14504,0.0,0.0,False
14503,-0.009904066,-0.009522526,False
14502,-0.102475986,-0.19329521,False
14501,-0.004707792,-0.004707792,False
14500,-0.0043144925,-0.0043144925,False
14474,-0.12512052,-0.30783498,False
14499,-0.04204765,-0.11074715,False
14497,-0.104990244,0.20652008,False
14496,-0.084436595,-0.069779515,False
14495,0.062141508,-0.0691832,False
14494,0.06170225,-0.18860333,False
14493,0.0,0.0,False
14492,-0.019444525,-0.33540654,False
14498,0.007080633,-0.0394294,False
14473,0.0,2.0933578e-05,False
14472,-0.021116827,-0.014675915,False
14471,0.017782131,0.0,False
14452,-0.6867791,-0.16561592,False
14451,-0.019192338,-0.019192338,False
14450,-0.09449178,-0.19614005,False
14449,-0.1601432,-0.06917423,False
14448,-0.1022706,0.07193279,False
14447,0.0,0.00051213126,False
14453,0.061251387,0.013830833,False
14446,-0.11524534,-0.23634076,False
14444,-0.09130293,-0.033448488,False
14443,-0.14372912,-0.004380673,False
14442,-0.021388749,0.21846244,False
14441,-0.009574836,-0.007938261,False
14440,0.034160115,0.24932775,False
14439,-0.08356376,-0.123042524,False
14445,0.0,0.0,False
14437,0.13348702,-0.036747813,False
14454,0.040619604,-0.017369807,False
14456,0.018058337,-0.048272822,False
14470,-0.08895761,-0.15723395,False
14469,0.016828906,-0.0050625717,False
14468,-0.009635568,0.041534424,False
14467,-0.05287555,0.1686584,False
14466,0.24654126,-0.022749215,False
14465,0.0,0.0,False
14455,0.0,0.0,False
14464,-0.033152528,-0.02166773,False
14462,0.08651443,0.03702505,False
14461,0.02348733,0.23765671,False
14460,0.004734874,-0.1992721,False
14459,-0.17785716,-0.1828202,False
14458,-0.014507148,-0.014160383,False
14457,-0.26274884,-0.04940152,False
14463,0.0,3.987302e-05,False
14506,0.003811743,-0.017824331,False
14366,-0.38811082,-0.17676592,False
14364,-0.022232294,-0.047655046,False
14262,0.19447666,0.05482194,False
14263,-0.016801149,0.010820504,False
14264,-0.030778974,-0.08770497,False
14265,-0.057276025,-0.09395255,False
14266,-0.18537688,0.031517386,False
14267,0.0034800544,0.0066390187,False
14268,0.074104846,-0.19525474,False
14269,0.025758922,-0.04386257,False
14270,-0.518486,-0.63411975,False
14271,-0.9779675,-0.58612466,False
14272,-0.30498695,-0.35824776,False
14273,-0.16057312,-0.040810406,False
14274,0.0111850705,-0.010175878,False
14275,-0.010908008,-0.09095943,False
14276,0.3280939,-0.16746318,False
14277,0.0024494678,-0.0144940745,False
14278,-0.26169077,-0.1221413,False
14292,0.74556804,-0.019794703,False
14291,-0.059204817,0.35863543,False
14290,-0.35354877,-0.3246386,False
14289,-0.13764107,-0.279696,False
14288,-0.013600258,-0.01126648,False
14287,0.022123456,0.09667951,False
14261,-0.011962369,-0.051444642,False
14286,-0.03682281,-0.07733041,False
14284,-0.4899763,-0.25921416,False
14283,-0.19313478,-0.081826,False
14282,-0.37951756,-0.74769187,False
14281,0.42838955,-0.42607427,False
14280,-0.48326272,-0.16177297,False
14279,-0.096340895,-0.10462731,False
14285,0.29679054,0.34050548,False
14260,-0.18050778,-0.0038241148,False
14259,-0.12535673,-0.1679248,False
14258,0.11110294,-0.024398059,False
14239,-0.0057760477,-0.08624983,False
14238,0.0832845,-0.22548437,False
14237,-0.1624918,0.0595845,False
14236,0.022263056,-0.01935994,False
14235,0.06836889,0.034081362,False
14234,-0.01935704,0.04586266,False
14240,-0.012998074,-0.18507573,False
14233,-0.28497374,0.03323996,False
14231,-0.0011688471,-0.18446332,False
14230,-0.2293905,-0.1095283,False
14229,0.015261471,0.108127356,False
14228,-0.34184933,-0.21112925,False
14227,-0.14712578,0.1281395,False
14226,0.17993483,-0.042376995,False
14232,-0.02894932,-0.15251249,False
14293,0.029586527,0.050823946,False
14241,-0.1119023,0.05731803,False
14243,-0.0687625,0.034343965,False
14257,0.15596616,0.07732928,False
14256,-0.0032198727,-0.022516508,False
14255,-0.32914138,-0.0751847,False
14254,-0.09809081,0.03760627,False
14253,-0.0049009644,-0.0049009644,False
14252,-0.16028932,-0.05181694,False
14242,-0.0052920133,-0.02505833,False
14251,0.036843017,-0.009799601,False
14249,-0.11005807,0.12448275,False
14248,-0.17973447,-0.06152761,False
14247,-0.33368695,-0.17175412,False
14246,-0.18008208,-0.20713615,False
14245,-0.005076046,0.01060935,False
14244,0.022358973,0.000737795,False
14250,0.09698623,-0.0044401633,False
14365,-0.35795355,-0.294223,False
14294,-0.031016216,0.98762333,False
14296,-0.0045379857,-0.0045379857,False
14333,-0.15257022,0.09249997,False
14334,-0.027391683,-0.0017585326,False
14335,-0.016264796,0.4345349,False
14336,-0.033398986,-0.051497214,False
14337,-0.15102577,0.030953884,False
14338,-0.0050472263,-0.0050472263,False
14339,-0.009566368,-0.009566368,False
14340,0.009178414,0.017648611,False
14341,-0.009372501,-0.009091036,False
14342,-0.0652132,-0.16844702,False
14343,-0.03213063,0.01718545,False
14344,-0.034579426,-0.08015375,False
14345,-0.003227353,0.24660063,False
14346,-0.019411251,-0.011777958,False
14347,-0.033939242,0.39435768,False
14348,-0.0063897073,-0.0865487,False
14349,-0.08376455,-0.29632616,False
14363,-0.03547372,-0.057589423,False
14362,0.01835006,-0.02837863,False
14361,-0.014642986,-0.014474922,False
14360,-0.0019064285,-0.03519406,False
14359,0.019858167,-0.031072263,False
14358,0.022374908,0.0,False
14332,-0.005111042,-0.005111042,False
14357,-0.08275521,-0.102090836,False
14355,-0.036362603,-0.070003554,False
14354,-0.036769867,-0.009711385,False
14353,0.01820056,-0.005071258,False
14352,-0.5388379,-0.12713075,False
14351,0.0058396533,-0.034691747,False
14350,0.022563051,-0.0043983124,False
14356,0.030509114,-0.19979686,False
14331,0.03398524,-0.031713333,False
14330,-0.14531946,-0.23582983,False
14329,-0.5066972,0.012300491,False
14310,-0.0804836,-0.06687833,False
14309,0.0,0.0,False
14308,-0.044572204,-0.043361064,False
14307,-0.005893253,-0.028609134,False
14306,0.003890764,-0.018774379,False
14305,0.0,0.0,False
14311,0.063900344,0.006975496,False
14304,-0.019714534,-0.045811392,False
14302,0.009812094,-0.008514124,False
14301,0.06259611,-0.18787184,False
14300,-0.034316257,-0.098918855,False
14299,0.037261344,-0.008921531,False
14298,-0.067059934,-0.067059934,False
14297,-0.0052249893,-0.0034587882,False
14303,0.05767268,-0.08576733,False
14295,-0.41686535,0.022650242,False
14312,-0.17023546,-0.072491944,False
14314,0.0037450492,-0.006080363,False
14328,-0.018897219,-0.018897219,False
14327,-0.22147071,-0.2852664,False
14326,0.0,0.0,False
14325,-0.13491085,-0.05263178,False
14324,-0.008601159,-0.0042644385,False
14323,-0.35857224,-0.06884122,False
14313,-0.1448645,-0.05923447,False
14322,0.077122554,0.0395032,False
14320,0.029429674,-0.035991073,False
14319,-0.07620542,-0.050024956,False
14318,-0.027113693,-0.026958039,False
14317,0.12678272,0.06400645,False
14316,-0.14977872,-0.05385673,False
14315,0.032282382,0.087825984,False
14321,-0.03099686,0.08111592,False
14225,0.07486045,-0.045667052,False
14507,-0.004784495,0.024311163,False
14509,-0.08075459,0.0067420453,False
14689,0.07969698,-0.0764187,False
14690,-0.052904047,-0.10490668,False
14691,-0.052949738,-0.05272221,False
14692,0.19254506,0.15134725,False
14693,-0.061520547,-0.053601786,False
14694,0.010179877,-0.010916956,False
14695,0.029100955,0.037140608,False
14696,0.028069913,-0.1753386,False
14697,0.0035702586,-0.047211707,False
14698,-0.10163322,-0.19090828,False
14699,-0.0718717,-0.08338243,False
14700,-0.043507308,-0.025478244,False
14701,0.025393516,8.428097e-05,False
14702,-0.04467359,-0.0013498515,False
14703,0.11572564,-0.19586009,False
14704,-0.09405804,0.062256604,False
14705,0.21913093,0.07142517,False
14719,-0.10067794,-0.13122696,False
14718,0.0103774555,0.035504002,False
14717,0.017159581,-0.0049591395,False
14716,0.012937758,-0.024319787,False
14715,0.0069385003,-0.0047198883,False
14714,-0.09883891,0.03150429,False
14688,-0.19687782,-0.13084128,False
14713,0.046638638,-0.009765178,False
14711,-0.030761614,-0.039909117,False
14710,0.008806229,-0.012986132,False
14709,0.27686316,0.122217655,False
14708,-0.0046670437,0.03050384,False
14707,0.074037865,0.022914454,False
14706,-0.0076053143,-0.13884535,False
14712,0.0,0.012916279,False
14687,-0.04002914,0.010815099,False
14686,0.055637926,0.018813819,False
14685,0.048668385,-0.1309162,False
14666,0.026487067,-0.06104601,False
14665,0.04534163,-0.035443332,False
14664,-0.063714735,-0.09233842,False
14663,0.020114645,-0.0035958944,False
14662,0.018366609,0.020740014,False
14661,0.026844986,-0.013666734,False
14667,0.011162728,-0.0356774,False
14660,-0.008179514,-0.008179514,False
14658,-0.02759163,0.11023021,False
14657,0.044381574,0.15933293,False
14656,0.034909338,-0.004864738,False
14655,0.31683397,-0.42301083,False
14654,0.0039545745,0.09344737,False
14653,0.049512766,-0.049708486,False
14659,0.0409124,-0.0049313186,False
14720,-0.18536738,-0.15908071,False
14668,0.0,0.0,False
14670,9.408593e-05,-0.04205182,False
14684,-0.037209507,0.020888671,False
14683,0.008919692,-0.012509089,False
14682,0.031387366,0.043770567,False
14681,0.019474268,-0.2091524,False
14680,0.2589186,-0.01632896,False
14679,-0.09935456,0.16577576,False
14669,0.0022734161,-0.014304765,False
14678,-0.59728587,-0.2484628,False
14676,-0.018647112,-0.094076484,False
14675,0.060682386,-0.04852277,False
14674,0.048456788,-0.044850737,False
14673,0.079686046,0.0021197796,False
14672,0.0,0.0,False
14671,0.06602299,-0.018423496,False
14677,-0.005005653,-0.005005653,False
14652,0.022519942,-0.04773477,False
14721,-0.01129663,-0.03304922,False
14723,0.03537103,0.114132,False
14760,-0.28387302,-0.10558039,False
14761,-0.007964083,-0.007964083,False
14762,0.17316432,-0.004529983,False
14763,0.029453881,-0.0054406635,False
14764,0.0,0.0,False
14765,-0.058372766,0.123835,False
14766,0.07663993,-0.01322449,False
14767,0.0,7.9876714e-05,False
14768,0.02304856,-0.023826053,False
14769,0.017558873,0.18075836,False
14770,-0.004053112,-0.041348394,False
14771,-0.44069976,-0.3007592,False
14772,-0.03324605,-0.031943932,False
14773,-0.004879865,-0.004870732,False
14774,0.025486082,-0.033600003,False
14775,0.03258055,0.002591746,False
14776,0.084386915,0.20101655,False
14790,-0.042609394,0.06597495,False
14789,-0.22608468,-0.031413704,False
14788,0.0,0.0,False
14787,-0.020918192,-0.020833181,False
14786,0.0,0.0,False
14785,-0.021799207,-0.021799207,False
14759,0.0,0.0,False
14784,-0.10587589,-0.11928239,False
14782,-0.05178094,-0.055163264,False
14781,-0.019976482,-0.019974425,False
14780,0.18260233,-0.012611814,False
14779,0.0,0.0,False
14778,0.008553967,-0.044444464,False
14777,-0.0048698788,-0.0048698788,False
14783,0.0,0.00027501993,False
14758,-0.027598726,-0.026921816,False
14757,-0.035980485,-0.03249961,False
14756,-0.038601026,-0.038601026,False
14737,0.06202793,-0.17828912,False
14736,0.048954822,-0.010183871,False
14735,0.031517923,-0.026006177,False
14734,-0.01481691,-0.051527098,False
14733,0.20297253,0.21526659,False
14732,-0.10787275,-0.073794685,False
14738,0.008019,0.013667375,False
14731,0.0014812648,0.057338893,False
14729,-0.10731982,-0.0030166656,False
14728,0.018059924,-0.07939808,False
14727,0.104863524,-0.20150256,False
14726,-0.22378676,-0.19806266,False
14725,0.031048566,-0.15527973,False
14724,-0.46715617,-0.026440144,False
14730,0.06379831,-0.007992972,False
14722,0.055223294,-0.055550266,False
14739,0.020566493,-0.03946975,False
14741,-0.09429671,-0.11447956,False
14755,0.0,0.0,False
14754,0.020328354,-0.022648666,False
14753,0.24850267,0.16492933,False
14752,-0.086584374,-0.020519942,False
14751,-0.058564853,-0.08066764,False
14750,0.2441454,-0.32089904,False
14740,-0.08809014,-0.043182433,False
14749,0.019987091,0.05500226,False
14747,0.042733356,-0.013482142,False
14746,-0.09255341,-0.092255086,False
14745,-0.004905125,-0.002939324,False
14744,-0.2916665,-0.00685215,False
14743,0.014493621,-0.0026217285,False
14742,-0.024542004,0.0032041967,False
14748,0.1604121,-0.119058385,False
14508,-0.014336081,-0.0134407,False
14651,0.34552765,-0.48237944,False
14649,-0.07919851,0.10948321,False
14546,-0.21854174,-0.5688642,False
14547,-0.048521906,-0.017262667,False
14548,-0.18008327,0.04175663,False
14549,-0.050148323,-0.07653874,False
14550,0.22579932,0.061814427,False
14551,-0.017024627,0.00091055967,False
14552,0.020550981,0.051333264,False
14553,-0.054671824,-0.059538662,False
14554,-0.71189785,-0.36899507,False
14555,-0.25191897,-0.06651902,False
14556,-0.07384589,-0.23074068,False
14557,-0.005822856,-0.00961489,False
14558,0.0,0.0,False
14559,-0.306037,-0.31303138,False
14560,0.06567617,-0.018166095,False
14561,0.04980144,0.09149997,False
14562,0.015245289,-0.052555982,False
14576,-0.24462055,-0.18667905,False
14575,0.0066098683,-0.033512373,False
14574,-0.011749521,0.08710725,False
14573,0.0020937417,-0.018724767,False
14572,-0.037689127,-0.03767812,False
14571,0.029457942,0.100348815,False
14545,-0.12187006,-0.123816326,False
14570,0.0035540983,-0.019056221,False
14568,0.18838704,0.010003388,False
14567,-0.0049826372,-0.0049826372,False
14566,0.012725087,-0.0050570443,False
14565,-0.013984114,0.037938714,False
14564,-0.057279736,-0.0023733974,False
14563,-0.021055743,-0.06329089,False
14569,0.038491815,-0.05185867,False
14544,-0.71312773,-0.6623683,False
14543,0.023531752,-0.018489901,False
14542,-0.06149882,0.55159503,False
14523,0.011366479,0.016222738,False
14522,0.102933824,0.0019385815,False
14521,0.0,0.0034021034,False
14520,0.5004355,-0.26814795,False
14519,-0.1806624,-0.06027925,False
14518,0.14093816,-0.57251596,False
14524,0.0,0.0,False
14517,0.025501758,-0.029595494,False
14515,0.11272806,0.03117606,False
14514,-0.119152874,0.034492135,False
14513,-0.14488131,-0.028482497,False
14512,0.10601592,-0.22334999,False
14511,0.008840531,0.063112706,False
14510,0.02369368,-0.01871515,False
14516,-0.033307254,-0.15552479,False
14577,-0.0178006,-0.14624129,False
14525,0.0055187885,-0.008754278,False
14527,0.0,0.0,False
14541,-0.013910236,-0.01338452,False
14540,-0.1251848,-0.03754008,False
14539,-0.03103849,-0.029444179,False
14538,-0.014222877,-0.014222877,False
14537,-0.06480408,-0.23312688,False
14536,-0.4688074,-0.0493716,False
14526,0.0,0.00022192289,False
14535,-0.353862,-0.19754326,False
14533,-0.06047526,0.063144505,False
14532,0.022269115,-0.019564245,False
14531,0.059603244,-0.021059364,False
14530,0.112312436,0.024029762,False
14529,0.050353736,0.010030568,False
14528,0.0145957265,0.005271149,False
14534,-0.20494674,-0.070874676,False
14650,0.112583965,-0.11604613,False
14578,-0.07190797,0.00222677,False
14580,-0.10821056,0.16525128,False
14618,-0.023286968,0.05765325,False
14619,-0.047680154,-0.034128346,False
14620,0.02771426,-0.010144224,False
14621,0.07996774,0.15334152,False
14622,-0.013420835,0.12991244,False
14623,-0.2504049,-0.18795145,False
14624,0.09753375,0.018989068,False
14625,-0.005321346,0.047516726,False
14626,-0.06064246,0.034918472,False
14627,-0.08221972,-0.20400488,False
14628,-0.04241194,-0.080599375,False
14629,-0.06737186,-0.009564191,False
14630,0.15200272,0.099879295,False
14631,-0.00505376,-0.00505376,False
14632,0.121542156,-0.1647684,False
14633,-0.10178903,-0.107983164,False
14634,0.003679514,-0.0014083385,False
14648,0.030675635,-0.0014566183,False
14647,-0.10869379,-0.046025604,False
14646,0.32122082,0.1851887,False
14645,0.0033933222,-0.015291169,False
14644,-0.080462635,-0.072122544,False
14643,-0.05201322,0.04195118,False
14617,0.0025503188,-0.07910256,False
14642,-0.19367221,0.09969199,False
14640,0.007309675,-0.05559337,False
14639,0.10392961,-0.031960703,False
14638,-0.008310385,-0.008310385,False
14637,-0.06850436,-0.18373427,False
14636,0.006063424,-0.011354484,False
14635,0.023869634,0.019851595,False
14641,-0.3599304,-0.11941922,False
14616,-0.050188422,-0.28807884,False
14615,0.0035302695,-0.015766365,False
14614,-0.1497499,-0.20401326,False
14595,-0.0033912933,-0.0033912933,False
14594,-0.002280105,-0.023377368,False
14593,-0.03784447,-0.036173206,False
14592,0.14145869,-0.016992867,False
14591,0.0,0.0,False
14589,0.0154213235,0.054592833,False
14596,0.034795035,0.0184246,False
14588,-0.027396679,0.12069416,False
14586,0.0022599772,-0.014060494,False
14585,0.08824617,0.035962567,False
14584,-0.29628992,-0.4155607,False
14583,0.07581927,-0.019282682,False
14582,0.20090353,0.028295215,False
14581,-0.0049804756,0.0028206902,False
14587,-0.016074944,-0.004600648,False
14579,-0.031219833,0.00053916126,False
14597,-0.02798146,-0.096699424,False
14599,0.0,0.053111963,False
14613,-0.008531013,-0.007644177,False
14612,0.014194503,-0.04133723,False
14611,0.029962003,-0.03835579,False
14610,0.06333042,0.028400712,False
14609,-0.011050273,-0.00843716,False
14608,0.0,0.0,False
14598,-0.11076513,-0.1399876,False
14607,-0.014934724,-0.014934724,False
14605,0.0021540448,-0.033474706,False
14604,-0.0051597436,-0.0047712335,False
14603,0.0,0.0,False
14602,0.022024035,-0.008946342,False
14601,-0.0885678,0.024324834,False
14600,-0.019594103,-0.08894701,False
14606,-0.004425956,0.0008438346,False
14224,0.0027174056,0.016966462,False
14223,0.054960884,-0.013772743,False
14222,-0.22421372,0.102161646,False
13834,0.009186832,-0.014191018,False
13835,0.010382105,-0.051686477,False
13836,0.048427355,-0.037634525,False
13837,-0.014950953,0.059762318,False
13838,-0.19942498,-0.034328103,False
13839,0.0,5.0478786e-05,False
13840,0.077557966,0.032158278,False
13841,-0.024857396,-0.024857396,False
13842,0.029798806,-0.088957,False
13843,0.008989537,-0.014084337,False
13844,-0.020043423,-0.017873626,False
13845,0.0123405475,-0.007906801,False
13846,0.048995018,-0.40226984,False
13847,0.04668808,-0.15114784,False
13848,0.0,0.0,False
13849,-0.01793006,0.09695422,False
13850,-0.07625294,-0.49919605,False
13864,0.09658909,-0.09479004,False
13863,-0.17067206,-0.06785178,False
13862,0.049815416,-0.04498744,False
13861,-0.07169931,0.02566456,False
13860,-0.059242934,0.008119926,False
13859,-0.15690954,-0.20335585,False
13833,0.06114769,-0.2344737,False
13858,-0.21698117,0.038850307,False
13856,0.025362968,-0.38124323,False
13855,0.038274344,-0.037835386,False
13854,0.049942017,-0.3999586,False
13853,-0.027343519,-0.027343519,False
13852,-0.030587122,0.02811794,False
13851,0.088392735,-0.40639496,False
13857,0.037431538,0.1433376,False
13832,0.020575523,-0.06625128,False
13831,0.012860727,-0.010048716,False
13830,0.00776311,-0.02895196,False
13811,-0.11445451,0.0053069293,False
13810,0.02823022,-0.14286952,False
13809,-0.0141530745,-0.0141530745,False
13808,-0.17965822,-0.03670673,False
13807,0.061668396,-0.18460083,False
13806,0.017949637,-0.015014693,False
13812,0.099292755,-0.08602142,False
13805,0.06862116,-0.13117266,False
13803,-0.0016215406,-0.023517178,False
13802,-0.0048134406,-0.0048134406,False
13801,0.04941988,-0.074103355,False
13800,0.091817856,-0.09939098,False
13799,0.020637425,-0.023650406,False
13798,-0.023236275,-0.019221306,False
13804,-0.010133814,-0.010133814,False
13865,-0.012109041,-0.04882171,False
13813,0.06158638,-0.23737335,False
13815,0.0,0.0,False
13829,0.0061040716,-0.01501317,False
13828,0.09546757,-0.0688715,False
13827,-0.015261369,-0.015261369,False
13826,-0.005205941,-0.005205941,False
13825,0.04078634,-0.041477576,False
13824,-0.02225247,-0.045012902,False
13814,0.015853345,-0.25635698,False
13823,-0.004894072,-0.004894072,False
13821,0.010484636,-0.035682254,False
13820,0.0,0.0,False
13819,-0.010159713,-0.010159713,False
13818,0.12091398,-0.16774511,False
13817,-0.02015367,-0.037220977,False
13816,0.008078823,-0.013586475,False
13822,0.0,0.0,False
13797,-0.06666994,0.32319212,False
13866,-0.02802974,-0.13629505,False
13868,-0.17935687,0.032087147,False
13905,0.1136837,-0.106637955,False
13906,0.078730434,-0.0073191077,False
13907,0.07322693,-0.241889,False
13908,0.09393207,-0.014112644,False
13909,-0.02758047,0.018759817,False
13910,-0.15497494,-0.27235603,False
13911,0.13437843,-0.1595583,False
13912,-0.031733513,-0.76833105,False
13913,-0.009325914,-0.0031702523,False
13914,0.014030373,-0.009043502,False
13915,0.015564856,-0.0044222353,False
13916,-0.008977085,0.07772723,False
13917,0.113633156,-0.16873264,False
13918,0.06989956,-0.2328968,False
13919,-0.01770463,0.017045151,False
13920,-0.04397501,-0.00960575,False
13921,0.102915645,0.0034160614,False
13935,0.041295588,0.0,False
13934,-0.0240747,-0.0240747,False
13933,-0.027583485,-0.027414622,False
13932,-0.013546148,-0.013546148,False
13931,0.0036083534,0.101567306,False
13930,-0.009411054,-0.009411054,False
13904,0.0,9.626516e-05,False
13929,-0.008433023,-0.008433023,False
13927,0.025358155,-0.01931876,False
13926,-0.06282018,-0.0783609,False
13925,0.0064496994,-0.22337532,False
13924,0.03559261,-0.023350948,False
13923,0.07553673,-0.12177563,False
13922,-0.052351475,0.5375488,False
13928,0.0,0.0,False
13903,-0.020500012,-0.043147113,False
13902,0.0073889773,-0.013750548,False
13901,-0.103155136,-0.27013206,False
13882,0.083125114,-0.103775024,False
13881,0.06420612,-0.19157887,False
13880,-0.004155696,-0.004155696,False
13879,0.060214043,-0.24960518,False
13878,-0.01195273,-0.01195273,False
13877,0.107432365,-0.10001373,False
13883,0.032423783,-0.056480866,False
13876,0.14786437,-0.097056806,False
13874,0.023797601,-0.024492607,False
13873,0.0006723404,-0.2563038,False
13872,0.003061317,-0.0395952,False
13871,-0.00077409856,-0.022871202,False
13870,0.041615963,-0.07714939,False
13869,0.0,0.0,False
13875,-0.03189659,-0.3324442,False
13867,0.04280567,-0.06384793,False
13884,0.07759792,-0.01003015,False
13886,-0.014502233,-0.014502233,False
13900,0.016348839,-0.31176758,False
13899,0.025218904,-0.030860398,False
13898,0.018758737,-0.028104842,False
13897,0.0024476051,-0.30134726,False
13896,0.06467819,-0.2764864,False
13895,0.030948684,0.0023418963,False
13885,-0.039046068,-0.039046068,False
13894,0.07593155,-0.18078995,False
13892,0.09403753,-0.14775181,False
13891,0.009089853,-0.009753189,False
13890,-0.010366255,-0.010366255,False
13889,0.0,4.0749865e-06,False
13888,-0.009015027,-0.009015027,False
13887,0.021880662,0.0038541777,False
13893,-0.040118456,0.4125061,False
13936,0.01154561,-0.03225474,False
13796,0.040153027,-0.17049074,False
13794,7.7433884e-05,-0.045618314,False
13692,0.0081272125,-0.31489182,False
13693,-0.06318855,-0.26979876,False
13694,0.0027170237,-0.01941118,False
13695,0.025257085,-0.014329651,False
13696,-0.008282149,-0.008282149,False
13697,0.027435824,-0.013783012,False
13698,-0.037689425,-0.044977468,False
13699,0.0,0.0,False
13700,0.029857872,-0.015126681,False
13701,0.035362806,-0.009480835,False
13702,-0.10712141,0.12466276,False
13703,0.113375664,-0.16628838,False
13704,-0.07111677,-0.0818832,False
13705,-0.042942047,-0.3155198,False
13706,-0.004277427,-0.004277427,False
13707,-0.027367193,0.0023763105,False
13708,0.022192538,0.08932167,False
13722,-0.04634792,-0.029438796,False
13721,0.0215247,-0.014198812,False
13720,0.28341794,-0.044899464,False
13719,-0.0049209516,-0.0049209516,False
13718,0.057627678,-0.2587571,False
13717,0.077901475,0.020791732,False
13691,-0.11634767,-0.07029253,False
13716,0.13328457,-0.2635131,False
13714,0.013271779,-0.14770713,False
13713,-0.09422091,-0.17778224,False
13712,-0.002864441,-0.018501285,False
13711,0.06604797,0.0,False
13710,0.10710716,-0.2466588,False
13709,0.12202835,-0.13924217,False
13715,0.033967577,0.091287136,False
13690,-0.04350847,-0.04350847,False
13689,0.046670426,0.061033998,False
13688,0.15592213,0.0044448525,False
13669,0.04511161,0.9054482,False
13668,-0.039702363,-0.06226136,False
13667,0.0,7.93533e-05,False
13666,-0.5191946,-0.13953424,False
13665,-0.011620441,-0.035811517,False
13664,0.017509416,-0.10960207,False
13670,0.11856508,-0.16805884,False
13663,0.16784433,0.09261444,False
13661,0.008902994,-0.013199088,False
13660,0.017407332,-0.004277427,False
13659,0.007913037,-0.014194862,False
13658,-0.003035225,-0.04121407,False
13657,0.019677453,-0.022847317,False
13656,-0.005174614,-0.004099882,False
13662,-0.1047858,0.06579256,False
13723,0.0025581867,0.042565838,False
13671,-0.023311585,-0.023311585,False
13673,0.056793213,-0.14980409,False
13687,-0.44460136,-0.23206949,False
13686,-0.24478096,-0.1597209,False
13685,-0.17302725,-0.07971969,False
13684,-0.04366216,0.030185223,False
13683,-0.10980618,-0.31967592,False
13682,-0.07765204,0.10100138,False
13672,0.0,0.0,False
13681,-0.011435688,-0.05540654,False
13679,0.009920647,-0.0094812075,False
13678,-0.29226518,-0.6676829,False
13677,-0.16866326,-0.123910904,False
13676,0.003530085,0.10479519,False
13675,-0.020810805,-0.048133586,False
13674,0.09633374,-0.17938197,False
13680,-0.112210155,-0.18580663,False
13795,-0.058019795,-0.054700755,False
13724,-0.023482453,-0.023482453,False
13726,0.10710335,-0.22349453,False
13763,0.09357643,-0.20956421,False
13764,-0.18859005,-0.24405247,False
13765,0.053102233,0.00037898868,False
13766,-0.0050743674,-0.0050743674,False
13767,-0.0014559943,-0.024057873,False
13768,-0.035599414,0.023373231,False
13769,0.13997316,-0.3061247,False
13770,0.024543285,-0.30240726,False
13771,0.0119646555,-0.0050674463,False
13772,-0.07583618,-0.3713522,False
13773,0.056399345,-0.27857685,False
13774,-0.006515013,-0.02793675,False
13775,0.11584759,-0.11408138,False
13776,0.1234436,-0.21945572,False
13777,-0.0050979126,-0.0050979126,False
13778,0.007218074,-0.030345567,False
13779,-0.031095505,-0.24398947,False
13793,0.032691546,-0.014545812,False
13792,0.08947563,-0.15773392,False
13791,0.008956909,-0.21377182,False
13790,-0.009870396,-0.009870396,False
13789,-0.047828585,-0.03782919,False
13788,-0.043890987,0.00028556585,False
13762,-0.005139893,-0.029503714,False
13787,0.019780954,-0.0036918141,False
13785,0.032979548,0.1354683,False
13784,-0.03664331,-0.007813245,False
13783,0.05660057,-0.18860245,False
13782,0.0044574477,-0.018837577,False
13781,0.018047083,-0.0049169185,False
13780,0.034774713,-0.009709755,False
13786,0.12012291,-0.13838673,False
13761,-0.013769537,-0.03583727,False
13760,0.030103147,0.043789387,False
13759,-0.03602934,-0.14852476,False
13740,0.013273366,-0.02872476,False
13739,-0.041457597,-0.041457597,False
13738,0.06752617,-0.041770644,False
13737,0.0034304112,-0.042661138,False
13736,0.0,0.0026584496,False
13735,-0.040600058,-0.040600058,False
13741,-0.017062694,0.010433886,False
13734,-0.02105309,-0.038085192,False
13732,0.10385513,-0.13341141,False
13731,0.06224823,-0.3005743,False
13730,-0.011370145,-0.056280635,False
13729,-0.07924466,0.09139067,False
13728,-0.002059102,0.009845734,False
13727,0.11181927,-0.2552557,False
13733,-0.002339255,-0.024674442,False
13725,-0.00703647,0.02826494,False
13742,-0.031788714,-0.09426019,False
13744,0.0037059914,-0.019153975,False
13758,0.017899241,-0.004047248,False
13757,-0.01892276,-0.04105233,False
13756,0.16442409,0.046914518,False
13755,-0.009877906,-0.009877906,False
13754,0.05702353,-0.023898507,False
13753,0.009438615,-0.007746134,False
13743,-0.014585279,-0.009328328,False
13752,-0.022162132,-0.022162132,False
13750,-0.30887794,-0.10795069,False
13749,-0.0072059613,-0.029764958,False
13748,0.07857442,0.123470545,False
13747,-0.12748122,-0.37347984,False
13746,0.1341672,-0.019747257,False
13745,0.0,0.0,False
13751,0.06512833,-0.24848652,False
13937,0.11618996,-0.14231014,False
13938,0.15362549,-0.17989731,False
13939,0.0043287184,-0.019328564,False
14119,-0.008231044,0.7991828,False
14120,-0.08005595,-0.1378228,False
14121,0.0,0.0,False
14122,0.064462185,0.30255127,False
14123,-0.09960259,-0.09241378,False
14124,-0.45906782,-0.3366754,False
14125,-0.009546576,-0.009546576,False
14126,-0.09162411,-0.040343523,False
14127,-0.19285637,-0.18020195,False
14128,0.056115806,0.03724104,False
14129,0.00972883,-0.014930823,False
14130,0.0,0.0,False
14131,-0.23413879,-0.13008833,False
14132,-0.022528589,-0.10664749,False
14133,0.35762215,0.61582136,False
14134,-0.0075173574,-0.0051618293,False
14135,0.11272531,0.015924111,False
14149,-0.07567483,-0.25122797,False
14148,-0.0045670983,-0.0045670983,False
14147,0.079768926,-0.08965668,False
14146,0.066655815,-0.1545394,False
14145,0.120495796,-0.34308404,False
14144,0.19536972,-0.33120418,False
14118,-0.6736922,-1.5978372,False
14143,-0.029887795,0.024787575,False
14141,0.040173735,-0.004748919,False
14140,-0.00040495396,-0.09414768,False
14139,-0.15011853,-0.08200973,False
14138,-0.056152225,-0.10500969,False
14137,-0.07985115,0.08211684,False
14136,0.12718266,-0.0034764707,False
14142,-0.10956532,-0.0028858185,False
14117,-0.06994939,-0.7227528,False
14116,-0.08030221,0.10557154,False
14115,-0.047133744,0.07162553,False
14096,0.77215785,0.4251868,False
14095,0.059323028,-0.026103975,False
14094,-0.17642549,-0.031366706,False
14093,-0.0051180557,-0.0051180557,False
14092,-0.0047635515,-0.0047635515,False
14091,-0.065326616,-0.18558368,False
14097,-0.0016115941,-0.01921116,False
14090,-0.101522766,-0.080257416,False
14088,-0.009710075,-0.009710075,False
14087,-0.16891193,1.4953384,False
14086,0.0030234456,-0.01829573,False
14085,0.046762712,-0.055199806,False
14084,0.0,5.62721e-05,False
14083,-0.5865524,-0.3265965,False
14089,-0.26397252,0.5422087,False
14150,-0.005193006,-0.005193006,False
14098,-0.0047667813,-0.0047667813,False
14100,0.012474341,0.1268727,False
14114,0.014071137,-0.28856853,False
14113,-0.008403191,0.1941529,False
14112,-0.0047970884,-0.0047970884,False
14111,0.06851576,0.005859971,False
14110,-0.052535225,-0.010346934,False
14109,-0.05239196,0.11360623,False
14099,1.0542328,0.7931006,False
14108,-0.0051597436,-0.0051597436,False
14106,0.18392897,0.117370725,False
14105,-0.27419934,-0.019565225,False
14104,-0.02840902,0.15320791,False
14103,0.048419565,0.02455625,False
14102,0.052641064,0.029958248,False
14101,0.08050458,-0.059734598,False
14107,0.039309323,-0.008492827,False
14082,0.009455681,0.5400517,False
14151,0.018140467,-0.028294927,False
14153,-0.15264696,0.23182678,False
14190,0.0037543997,-0.034920257,False
14191,0.017778933,-0.21840402,False
14192,0.05267832,0.017576788,False
14193,-0.022871248,-0.014104076,False
14194,-0.28496206,-0.30771264,False
14195,0.014021914,-0.008643229,False
14196,0.114964694,-0.23708326,False
14197,0.0046033673,-0.014013415,False
14198,-0.02620247,-0.092232466,False
14199,0.0,0.0,False
14200,-0.24487674,-0.3636663,False
14201,-0.0047635515,-0.0047635515,False
14202,-0.023808217,-0.023808217,False
14203,-0.20245183,-0.06932652,False
14204,-0.3594889,-0.27053243,False
14206,-0.55409634,0.0044203997,False
14207,0.1527062,-0.13202286,False
14221,-0.0013884511,-0.0037680175,False
14220,-0.023464646,-0.023364991,False
14219,0.0,0.0,False
14218,-0.093030535,-0.029742628,False
14217,-0.44017857,-0.10369635,False
14216,-0.020868987,-0.057526827,False
14189,-0.1818012,-0.2662,False
14215,-0.10336119,-0.06982395,False
14213,-0.0070512965,-0.02836541,False
14212,-0.0065544695,-0.043562442,False
14211,0.09103006,-0.0619632,False
14210,0.070115834,-0.106547296,False
14209,0.019259907,0.06276832,False
14208,-0.038750783,-0.038750783,False
14214,0.17421317,-0.12954293,False
14188,0.0,0.0,False
14187,-0.010344349,-0.05603128,False
14186,-0.35816783,-0.14787292,False
14167,-0.11128536,-0.12424934,False
14166,0.03477472,0.077088505,False
14165,-0.45094132,-0.26766396,False
14164,0.030306906,0.10731575,False
14163,-0.0045988807,-0.0045988807,False
14162,-0.2840404,-0.23245895,False
14168,0.05004096,0.12632623,False
14161,-0.0006747097,-0.023609154,False
14159,0.06302333,0.040012956,False
14158,0.0154646225,-0.023030255,False
14157,0.08514166,-0.060045704,False
14156,0.024855524,-0.22200523,False
14155,0.13949236,0.072187096,False
14154,-0.05652771,-0.015700012,False
14160,-0.20644516,-0.17208645,False
14152,0.003317088,-0.26021188,False
14169,-0.056975543,0.0689874,False
14171,-0.04204011,-0.2372601,False
14185,0.0,0.00074898056,False
14184,-0.1552799,-0.14048535,False
14183,0.011086792,-0.12244602,False
14182,-0.0099077,-0.0099077,False
14181,-0.0127453655,-0.0523997,False
14180,-0.0100794975,-0.026863117,False
14170,0.06781906,-0.02537337,False
14179,0.105436385,-0.13280623,False
14177,-0.08386421,-0.16097087,False
14176,0.06090364,-0.020904958,False
14175,0.15552327,-0.06403284,False
14174,-0.14633441,-0.35712135,False
14173,-0.053788364,-0.12547302,False
14172,0.06502703,0.095727205,False
14178,0.021298429,0.018938167,False
14081,-0.019313194,-0.019313194,False
14080,-0.0064204,-0.016159728,False
14079,0.023476124,-0.112437725,False
13976,0.023658494,0.0,False
13977,0.0,0.0,False
13978,0.0070093675,-0.010732325,False
13979,0.09603116,-0.044142853,False
13980,0.00019888394,-0.018644158,False
13981,-0.056657217,-0.052931834,False
13982,0.016949855,-0.003450349,False
13983,0.11945969,0.099654526,False
13984,-0.0047416687,0.03092423,False
13985,0.10552472,0.02595383,False
13986,0.10564169,-0.04110524,False
13987,0.05535209,-0.03959453,False
13988,0.11677936,0.08870718,False
13989,0.082206994,0.04873568,False
13990,-0.04491335,-0.05029928,False
13991,-0.1924727,-0.21767811,False
13992,-0.09348494,-0.48850936,False
14006,-0.3433849,-0.04625362,False
14005,-0.3608846,-0.16946018,False
14004,0.023195133,-0.035532266,False
14003,-0.21048814,-0.17174056,False
14002,-0.103486896,-0.040240675,False
14001,0.027998,-0.052205995,False
13975,-0.011013031,-0.13957214,False
14000,-0.024046287,-0.020975174,False
13998,-0.1763534,-0.025054395,False
13997,0.11089498,-0.033062965,False
13996,-0.008175604,-0.0071791904,False
13995,-0.041607887,0.006400436,False
13994,-0.19600445,0.04734817,False
13993,0.5253717,-0.068232894,False
13999,-0.051485598,0.30352765,False
13974,0.03967476,-0.5346141,False
13973,-0.011234283,-0.22448635,False
13972,-0.015082531,-0.03880504,False
13953,0.031300068,-0.3338871,False
13952,-0.08910608,0.4046979,False
13951,0.02458322,-0.018843055,False
13950,-0.0067022927,-0.049090404,False
13949,-0.0050575146,-0.0050575146,False
13948,0.0,0.0,False
13954,0.016519904,-0.0064534694,False
13947,0.014203072,-0.17431307,False
13945,0.003752551,-0.013581046,False
13944,0.0,0.0,False
13943,-0.009127181,-0.009127181,False
13942,0.0,0.0001466732,False
13941,0.043558493,0.0,False
13940,-0.01869678,-0.01869678,False
13946,0.058753524,-0.019929305,False
14007,-0.24055082,-0.15424562,False
13955,0.04870224,-0.15262032,False
13957,-0.015395489,0.004620198,False
13971,0.017685309,0.0,False
13970,0.056593448,-0.0643449,False
13969,0.004169286,-0.0128628155,False
13968,-0.042780507,-0.056137573,False
13967,0.100762844,-0.17271185,False
13966,0.03688429,-0.054560214,False
13956,-0.022236526,0.12234348,False
13965,0.013167245,-0.008942315,False
13963,0.0023563933,-0.021464972,False
13962,0.050545335,0.012550116,False
13961,-0.0051694512,-0.022818565,False
13960,0.21612287,0.104649305,False
13959,-0.005476661,0.1255811,False
13958,-0.37960976,-0.23128486,False
13964,0.022806823,-0.046268836,False
14008,-0.35884202,-0.4318725,False
14009,-0.035936654,-0.050257564,False
14010,-0.04415983,-0.0026724637,False
14060,0.0015296936,0.15813184,False
14059,0.024349516,-0.022869792,False
14058,-0.14105341,-0.08405009,False
14057,-0.028414719,-0.027915543,False
14056,0.05424434,-0.13871056,False
14055,-0.10488546,0.026218623,False
14061,0.0139448745,0.0148218,False
14054,0.043961465,-0.08445871,False
14052,0.17791635,-0.03321308,False
14051,-0.053165853,-0.06250531,False
14050,-0.16462588,-0.24563885,False
14049,-0.11743927,-0.46453387,False
14048,0.0,0.0,False
14047,0.013798125,-0.0043092384,False
14053,0.4698888,-0.42331743,False
14046,-0.054218262,0.029700011,False
14062,-0.019943673,-0.019943673,False
14064,0.019661903,0.05173029,False
14078,-0.11539668,-0.12060523,False
14077,-0.22841763,-0.13538712,False
14076,0.07234976,0.07179546,False
14075,0.030476607,-0.0410522,False
14074,0.004334422,-0.018554572,False
14073,0.06784737,-0.05843413,False
14063,-0.22411174,-0.12942815,False
14072,0.036821067,0.05558218,False
14070,-0.026556015,-0.025341753,False
14069,-0.25414622,0.07928157,False
14068,-0.10439965,-0.15106642,False
14067,-0.23528552,-0.217386,False
14066,-0.0051786387,-0.0051786387,False
14065,-0.037428185,-0.037428185,False
14071,-0.14895831,-0.113253504,False
14791,-0.050090134,-0.16100669,False
14045,-0.13978755,0.2168982,False
14043,-0.018047009,-0.018047009,False
14024,-0.033549935,0.04509282,False
14023,-0.036518425,-0.003685601,False
14022,-0.09837842,0.100544214,False
14021,-0.36645508,-0.296108,False
14020,-0.010314648,-0.010314648,False
14019,-0.01949146,-0.01949146,False
14025,-0.4818173,-0.19659472,False
14018,-0.12114096,-0.281829,False
14016,-0.15590274,0.0061227083,False
14015,-0.17561644,-0.9120487,False
14014,0.0022383928,-0.083546,False
14013,-0.0020995867,-0.023316532,False
14012,-0.082939476,-0.08345446,False
14011,-0.12951678,-0.250511,False
14017,-0.25997257,-0.025439978,False
14044,0.16826808,0.0059853196,False
14026,-0.027872562,-0.06489658,False
14028,0.09476668,0.007141292,False
14042,0.03694692,-0.0090108495,False
14041,-0.022919774,0.20777646,False
14040,0.0,0.0,False
14039,-0.08746132,0.12629285,False
14038,-0.0047039688,-0.046076983,False
14037,0.04146723,-0.02774764,False
14027,0.108834505,-0.05377531,False
14036,0.0165691,-0.06015443,False
14034,0.016098138,-0.04748747,False
14033,-0.30071533,-0.2314291,False
14032,0.21671224,-0.32674456,False
14031,0.012894988,-0.17618561,False
14030,-0.009644231,-0.033157688,False
14029,-0.02140367,-0.23721829,False
14035,-0.0141111715,1.1619765,False
13654,-0.010848865,-0.06401442,False
14792,-0.0094902795,-0.0055987006,False
14794,0.0,0.0,False
15544,0.031279206,0.09370406,False
15545,-0.009453839,-0.03206416,False
15546,-0.07362011,-0.101897255,False
15547,-0.35611832,-0.1748085,False
15548,0.01944367,0.034706756,False
15549,0.02067414,0.34164172,False
15550,-0.0049564024,-0.0049564024,False
15551,-0.20745915,-0.13327858,False
15552,-0.39186013,-0.33964658,False
15553,-0.009495169,0.019744456,False
15554,-0.120210186,0.007495448,False
15555,0.11017901,0.27926886,False
15556,0.019301921,-0.08171888,False
15557,-0.0608643,0.17568833,False
15558,-0.02824369,0.11862211,False
15559,-0.11862159,-0.05873519,False
15560,0.0,0.0,False
15574,0.07220615,0.051444627,False
15573,-0.11768478,0.12356335,False
15572,-0.04784966,0.04917613,False
15571,-0.041871876,-0.009046525,False
15570,-0.111694574,-0.092490196,False
15569,0.012464181,-0.10719736,False
15543,-0.057027973,-0.086928956,False
15568,-0.010890365,-0.05259657,False
15566,-0.07563263,-0.11012256,False
15565,-0.0870806,-0.0072758794,False
15564,-0.33972782,-0.105525255,False
15563,-0.04002115,-0.009128481,False
15562,0.022348583,0.021843493,False
15561,-0.05442544,-0.08243334,False
15567,-0.107949674,-0.06421274,False
15542,-0.24460399,-0.12663615,False
15541,-0.30905056,-0.5854833,False
15540,0.016279649,-0.054496158,False
15521,0.005561173,0.06849283,False
15520,-0.067991644,-0.007579088,False
15519,0.58003867,-0.4180839,False
15518,0.0,0.0,False
15517,0.20255113,-0.10189247,False
15516,-0.013547471,-0.013525602,False
15522,-0.2748685,-0.27258766,False
15515,0.10964993,-0.07382567,False
15513,-0.005160007,-0.005160007,False
15512,0.06136866,0.051038004,False
15511,-0.009420435,-0.009420435,False
15510,0.036224592,-0.029431503,False
15509,-0.13207245,-0.17313278,False
15508,0.06812417,0.1514461,False
15514,-0.016382614,0.04809202,False
15575,0.118360996,-0.26931024,False
15523,-0.044083178,0.40015733,False
15525,0.13099271,0.010309398,False
15539,-0.41465616,-0.02150464,False
15538,-0.008656209,-0.008656209,False
15537,0.0056409836,-0.018714238,False
15536,-0.05921577,-0.046356186,False
15535,-0.009429066,-0.009429066,False
15534,-0.0036233715,-0.0036233715,False
15524,0.35463345,0.9208827,False
15533,-0.008285522,0.0020103455,False
15531,-0.0263794,-0.022761352,False
15530,0.07475032,-0.007819371,False
15529,-0.79367113,-0.63915837,False
15528,-0.045342505,0.13265854,False
15527,-0.0036036968,-0.06613521,False
15526,0.09445874,0.020054989,False
15532,-0.114113875,-0.07286101,False
15507,-0.11936024,-0.028366774,False
15576,0.07168424,0.036990047,False
15578,-0.026499823,0.018350735,False
15615,-0.029607382,-0.029607382,False
15616,-0.02740134,-0.02740134,False
15617,-0.03844635,-0.06751552,False
15618,-0.0016066581,-0.021987347,False
15619,-0.020919248,0.049367994,False
15620,-0.020934701,-0.20003736,False
15621,0.11937459,0.08848125,False
15622,0.083320856,-0.030318856,False
15623,-0.09500265,0.04374671,False
15624,0.11282185,0.031401426,False
15625,0.13084045,0.0125539005,False
15626,-0.10107422,-0.49708664,False
15627,0.13677058,0.016587049,False
15628,-0.11667241,-0.09630744,False
15629,0.21121788,0.2451334,False
15630,-0.023965742,0.010608941,False
15631,0.14358145,0.03075552,False
15645,-0.011724129,-0.09600729,False
15644,-0.055577718,-0.076999456,False
15643,0.02091004,0.0023170859,False
15642,0.024177164,-0.024725743,False
15641,-0.085350245,-0.10038623,False
15640,0.034123167,0.043379538,False
15614,0.0,0.0,False
15639,-0.34799606,-0.2277481,False
15637,-0.026110124,0.021016482,False
15636,0.053984106,0.019109607,False
15635,-0.18827264,-0.025557876,False
15634,0.01587446,-0.005060577,False
15633,0.309637,0.110218406,False
15632,0.09701425,0.1892401,False
15638,0.09270397,-0.023926407,False
15613,0.08611803,0.06267982,False
15612,-0.05894929,0.09374356,False
15611,-0.033927426,-0.04992391,False
15592,0.06152478,0.109868705,False
15591,0.3448894,0.06824279,False
15590,0.72542,-0.37620306,False
15589,-0.040700495,0.109441996,False
15588,0.29108107,-0.11470467,False
15587,0.1103698,-0.06691323,False
15593,0.0,0.0,False
15586,-0.22740126,-0.139925,False
15584,-0.10270476,-0.20594525,False
15583,-0.028699815,-0.088169135,False
15582,-0.052853346,0.09356506,False
15581,0.036119953,0.02069512,False
15580,-0.013540909,0.05600281,False
15579,-0.2391395,-0.091338515,False
15585,0.14206356,-0.035907805,False
15577,-0.18979156,-0.21975124,False
15594,-0.09503058,-0.013684429,False
15596,-0.0021737963,0.022710644,False
15610,-0.41400486,-0.12585413,False
15609,-0.06878275,0.13040352,False
15608,-0.01404357,-0.08743657,False
15607,0.076232105,-0.17175996,False
15606,0.06974802,-0.014606941,False
15605,0.43525916,-0.10400772,False
15595,-0.04117392,-0.016566917,False
15604,-0.27918863,-0.21346271,False
15602,-0.21791518,-0.38884497,False
15601,-1.0679696,-0.69061923,False
15600,-0.69700754,-0.08328605,False
15599,-0.085137725,0.0042340904,False
15598,-0.017237782,-0.00035452843,False
15597,0.3221178,-0.3422929,False
15603,-0.9091072,-0.85394263,False
15646,0.011203828,-0.0134323165,False
15506,0.03700182,0.04390338,False
15504,-0.06910324,0.2185142,False
15401,-0.0020482354,-0.017919125,False
15402,0.013842203,0.0006332621,False
15403,-0.15131508,-0.02485469,False
15404,0.07213685,-0.13392977,False
15405,0.23002529,-0.06698346,False
15406,-0.2897818,-0.5872896,False
15407,-0.0097685605,0.01804085,False
15408,-0.0042199194,0.10209918,False
15409,0.2227616,-0.050646275,False
15410,0.027625144,0.006817892,False
15411,-0.055917256,-0.07325085,False
15412,-0.08303064,-0.05850908,False
15413,-0.052191496,-0.08185154,False
15414,0.27739275,-0.052317142,False
15415,0.09021413,-0.03991443,False
15416,0.015658453,-0.07254682,False
15417,-0.092354834,-0.16967106,False
15431,-0.085255355,-0.04299581,False
15430,0.011716068,-0.20374304,False
15429,-0.16004556,-0.10845739,False
15428,0.061545536,-0.083068244,False
15427,0.040973127,0.0062548816,False
15426,0.012801988,-0.0086458735,False
15400,0.0,0.0,False
15425,-0.004696539,-0.004696265,False
15423,-0.00368765,-0.0039883405,False
15422,-0.101019174,-0.029730469,False
15421,0.011838964,-0.009562944,False
15420,-0.22386843,-0.22221643,False
15419,0.023171663,0.0,False
15418,-0.12002906,-0.026798844,False
15424,-0.0097020995,-0.0097020995,False
15399,-0.008821854,-0.008821854,False
15398,-0.39893943,-0.13311112,False
15397,-0.033115856,-0.041622207,False
15378,-0.08853257,-0.17798662,False
15377,0.068145156,0.043720484,False
15376,0.0072267093,-0.014870394,False
15375,0.2966206,-0.117323875,False
15374,0.15952209,-0.059623927,False
15373,-0.728184,-0.33463335,False
15379,0.0074511915,-0.15378074,False
15372,0.08705783,-0.7785578,False
15370,-0.040435456,-0.07412067,False
15369,-0.16356629,-0.19007054,False
15368,-0.29519314,0.08502364,False
15367,-0.47970116,-0.20444322,False
15366,-0.03032333,-0.040314134,False
15365,0.021309614,-0.22410548,False
15371,0.15190917,-0.0812172,False
15432,-0.37215447,-0.7404058,False
15380,-0.014987687,-0.014987687,False
15382,-0.012206871,-0.045289274,False
15396,-0.06701133,-0.345623,False
15395,-0.045864522,0.059313983,False
15394,0.12395644,0.080299854,False
15393,0.29714945,-0.019879013,False
15392,0.0047150776,-0.018459814,False
15391,0.67216575,0.4916842,False
15381,0.010169387,0.120131224,False
15390,-0.0049173213,-0.0049173213,False
15388,-0.107815266,0.09300876,False
15387,-0.11747673,-0.060650527,False
15386,-0.11349416,-0.12005372,False
15385,0.20883152,0.45586756,False
15384,-0.014573811,-0.014270086,False
15383,0.031690218,0.03688465,False
15389,-0.08063364,0.014630318,False
15505,-0.34053302,-0.76227903,False
15433,-0.16422397,0.06964934,False
15435,-0.0013762712,-0.1990669,False
15472,-0.012330662,-0.012330662,False
15473,-0.22550106,0.11097205,False
15474,0.057837084,0.03633964,False
15475,-0.05847597,0.02972126,False
15476,0.16081351,0.08094722,False
15477,0.018574376,-0.004741758,False
15478,-0.01856439,0.015681377,False
15479,-0.1167649,-0.10802829,False
15480,-0.04087794,-0.066731274,False
15481,-0.012941197,0.04256469,False
15482,-0.028478868,-0.05738336,False
15483,-0.11205405,-0.035869837,False
15484,0.006663084,-0.028284073,False
15485,-0.1128225,-0.08936486,False
15486,0.0037133694,0.026477605,False
15487,-0.03620708,-0.2468282,False
15488,-0.2793346,0.032874048,False
15503,-0.021456253,-0.015166478,False
15502,-0.019192629,-0.018114813,False
15501,0.1965552,0.02960211,False
15500,-0.012109688,-0.012094269,False
15499,-0.06069088,-0.10974535,False
15498,-0.03576088,-0.31737185,False
15471,-0.12183237,-0.15947151,False
15497,-0.043432027,-0.03442215,False
15495,-0.10658836,-0.13004938,False
15494,-0.019282661,-0.019282661,False
15493,0.0,0.0,False
15492,0.0119121075,0.13894832,False
15490,-0.22268265,0.047042787,False
15489,-0.1278697,-0.012262583,False
15496,0.01753485,-0.024050694,False
15470,-0.004584724,-0.004584724,False
15469,-0.30818486,-0.0865376,False
15468,-0.09755957,0.09982276,False
15449,-0.25353274,-0.10894984,False
15448,-0.0047551068,-0.0047551068,False
15447,0.030986931,0.03361167,False
15446,-0.30058247,-0.13376641,False
15445,0.015286684,-0.2054534,False
15444,-0.009775341,-0.15779224,False
15450,0.018327832,-0.105014265,False
15443,-0.6377773,-0.3495431,False
15441,-0.044908613,0.18704528,False
15440,0.0,2.54389e-05,False
15439,0.023252068,-0.019736404,False
15438,0.05052542,-0.010003328,False
15437,0.03548377,0.0606665,False
15436,0.03280008,0.06300837,False
15442,-0.19912872,-0.05417168,False
15434,-0.003967165,-0.003967165,False
15451,-0.013839692,-0.013839692,False
15453,-0.00462337,-0.00462337,False
15467,-0.07238904,-0.032142907,False
15466,0.0,0.0,False
15465,0.0,0.0,False
15464,0.0,0.05079768,False
15463,0.038730696,0.023508325,False
15462,-0.005046529,-0.005046529,False
15452,0.0031702332,0.019367237,False
15461,-0.03232242,-0.0056606866,False
15459,-0.008272,-0.030689701,False
15458,0.0064612776,-0.056910336,False
15457,-0.018972784,-0.018414285,False
15456,-0.21455431,-0.18176782,False
15455,0.10267979,0.0029241443,False
15454,-0.10992506,-0.0655072,False
15460,0.066319615,0.095734745,False
15364,0.0875704,0.09600815,False
15647,-0.039939135,-0.077810064,False
15649,0.0937921,0.6273205,False
15828,0.017634615,0.035099134,False
15829,-0.1210109,-0.03995347,False
15830,-0.077415615,-0.036121607,False
15831,-0.22532415,-0.03199923,False
15832,0.0101468265,0.022048011,False
15833,-0.07472701,-0.113121636,False
15834,0.067147,-0.042704936,False
15835,0.07633534,-0.26056838,False
15836,-0.008302844,-0.008299759,False
15837,-0.009375281,-0.006349782,False
15838,-0.0024944209,-0.023914646,False
15839,-0.067006275,0.44546428,False
15840,-0.0063925013,-0.09122857,False
15841,0.024973791,-0.010949883,False
15842,-0.082791656,-0.07682949,False
15843,-0.031989098,-0.06697667,False
15844,0.10574596,-0.045027614,False
15858,0.012014855,-0.009752506,False
15857,-0.028405858,-0.028405858,False
15856,0.21255827,-0.43431568,False
15855,-0.009722302,-0.009722302,False
15854,0.120677605,0.09891735,False
15853,0.0,0.0,False
15827,0.014148891,-0.100954205,False
15852,-0.09773355,-0.12727709,False
15850,-0.18400791,-0.11357677,False
15849,-0.046344236,-0.030753598,False
15848,-0.05205357,-0.028882205,False
15847,-0.08552396,-0.13120914,False
15846,-0.2330339,0.016634166,False
15845,0.039445654,-0.028426098,False
15851,-0.27030802,-0.33002722,False
15826,-0.16778669,-0.11911172,False
15825,-0.020337477,-0.030002438,False
15824,0.08565551,0.08893627,False
15805,-0.017860668,-0.017860668,False
15804,0.0,0.0,False
15803,-0.18410182,-0.077757716,False
15802,0.0,0.0004540279,False
15801,-0.11432806,-0.011831045,False
15800,-0.16670173,0.28062055,False
15806,-0.00453614,-0.00453614,False
15799,-0.018314857,-0.018314857,False
15797,-0.004716768,-0.004716768,False
15796,-0.18175785,0.028718293,False
15795,-0.086731076,-0.3177799,False
15794,0.017135888,-0.12930511,False
15793,-0.27476096,-0.2571473,False
15792,0.011096515,0.017341703,False
15798,-0.0328981,-0.015631333,False
15859,-0.024381427,-0.024381427,False
15807,-0.056599904,-0.052776024,False
15809,0.0021727085,-0.1791501,False
15823,-0.13242364,-0.09775454,False
15822,0.0,0.0,False
15821,-0.12268445,0.14751315,False
15820,-0.13071063,-0.10717794,False
15819,-0.30099446,-0.091345906,False
15818,-0.3476305,0.34755397,False
15808,-0.087367475,0.060610592,False
15817,-0.004436502,-0.004436502,False
15815,0.0036515947,-0.018878754,False
15814,-0.081047475,-0.007974833,False
15813,0.24615854,-0.2412147,False
15812,0.03466314,-0.122540504,False
15811,-0.0036918141,-0.00049272063,False
15810,-0.009341277,0.11357018,False
15816,0.043472134,-0.05949685,False
15791,-0.1578902,0.056244075,False
15860,-0.30146897,-0.04723978,False
15862,-0.23494682,-0.15742427,False
15899,-0.01589179,0.059553206,False
15900,0.103978634,-0.22432932,False
15901,0.029447824,-0.03705232,False
15902,0.02244395,-0.023089662,False
15903,-0.10852373,-0.2670015,False
15904,-0.07085723,0.0345715,False
15905,0.036246642,-0.09102558,False
15906,0.01250051,0.02473016,False
15907,-0.39822817,-0.241727,False
15908,-0.044628087,0.04867793,False
15909,0.009806961,-0.015083313,False
15910,0.0,0.0,False
15911,0.0012854505,-0.0064248405,False
15912,-0.03843895,-0.03843895,False
15913,-0.019611761,-0.03654689,False
15914,-0.048310295,-0.0055625886,False
15915,-0.20130944,0.11634946,False
15929,-0.36532223,-0.23325539,False
15928,-0.014163312,-0.036810413,False
15927,0.0,0.0,False
15926,0.25947404,-0.020454109,False
15925,0.075980425,0.07530165,False
15924,-0.0027860403,0.19590127,False
15898,-0.1741069,-0.2516204,False
15923,-0.09865415,-0.14367148,False
15921,0.15790199,0.045147136,False
15920,-0.0082958825,-0.0082958825,False
15919,-0.032197073,-0.084373035,False
15918,-0.036106985,-0.036106985,False
15917,-0.026050946,-0.025907796,False
15916,0.0,0.05594813,False
15922,0.043149322,-0.004363071,False
15897,-0.59932005,-0.45134687,False
15896,-0.08540523,-0.1421177,False
15895,-0.082837045,-0.2432743,False
15876,-0.024018869,0.05573105,False
15875,0.028722733,-0.042915687,False
15874,0.017730568,-0.028295938,False
15873,-0.023762293,-0.007417433,False
15872,-0.3100649,-0.47612113,False
15871,-0.018763643,0.003647551,False
15877,0.033318125,0.117569014,False
15870,0.02161266,-0.024000444,False
15868,-0.011155085,0.05496356,False
15867,0.27667975,0.05514264,False
15866,-0.017266875,-0.017219935,False
15865,-0.07707846,-0.114519715,False
15864,0.20261258,0.23690718,False
15863,-0.12670255,-0.29901254,False
15869,-0.023453832,0.036943406,False
15861,-0.12440047,-0.13766214,False
15878,-0.04865417,-0.009205282,False
15880,0.057592094,-0.037466303,False
15894,-0.01324892,-0.23562756,False
15893,0.18000385,0.054398865,False
15892,0.11137326,-0.07567312,False
15891,-0.045139223,-0.18668598,False
15890,-0.041267753,-0.30729425,False
15889,-0.05193767,0.041012853,False
15879,-0.03287796,0.046232924,False
15888,-0.19447899,-0.41117585,False
15886,-0.26287895,-0.3173632,False
15885,-0.3760295,-0.14535028,False
15884,-0.19815415,-0.36341757,False
15883,0.111782596,0.042498842,False
15882,0.0055678617,-0.009565404,False
15881,0.051900186,1.000465,False
15887,-0.2693279,-0.078392744,False
15648,-0.14983547,-0.015200824,False
15790,-0.031979322,0.011565745,False
15788,-0.062093407,0.17580804,False
15686,0.022075886,-0.017356584,False
15687,-0.13601899,0.066933155,False
15688,0.04536499,-0.03848198,False
15689,-0.024054201,-0.047688566,False
15690,0.1662054,0.041669607,False
15691,0.017725958,0.0036165228,False
15692,0.04287085,0.038360834,False
15693,-0.0039994186,-0.0021984496,False
15694,0.028007746,0.027908862,False
15695,0.06502682,0.18378949,False
15696,-0.034803987,0.35390288,False
15697,-0.0021764822,-0.02175109,False
15698,-0.016222388,-0.0025706291,False
15699,0.1460436,-0.11400585,False
15700,0.02831763,-0.122467756,False
15701,-0.11558503,-0.13616756,False
15702,-0.061645105,-0.06671646,False
15716,0.026856847,0.0037924917,False
15715,0.083961576,-0.11071643,False
15714,-0.36618137,-1.5333724,False
15713,-0.1831105,-0.33297357,False
15712,-0.18744165,0.05490923,False
15711,0.0,0.0,False
15685,-0.16732974,0.043646872,False
15710,-0.073649,0.025224552,False
15708,-0.0043214094,-0.0043214094,False
15707,-0.077068835,0.06841788,False
15706,0.2861488,-0.90910375,False
15705,0.29274154,-0.23115379,False
15704,-0.23546648,-0.0036230087,False
15703,-0.03440711,0.04125662,False
15709,-0.012721423,-0.012624198,False
15684,-0.009428883,-0.009428883,False
15683,-0.2077664,-0.21959001,False
15682,0.05905488,-0.117598206,False
15663,0.06656431,-0.08019848,False
15662,-0.01714024,-0.05780992,False
15661,-0.030350417,-0.05791205,False
15660,-0.082890324,-0.0012184307,False
15659,-0.4054458,-0.072838664,False
15658,0.06617236,0.06627107,False
15664,0.035536423,0.012466349,False
15657,-0.42816663,-0.03369093,False
15655,0.5916337,-0.1302017,False
15654,0.0401723,-0.0709474,False
15653,0.0130776055,-0.008922799,False
15652,-0.0045285313,-0.0025795943,False
15651,-0.036995992,-0.0266788,False
15650,-0.3467335,-0.13703668,False
15656,-0.03610632,0.030760914,False
15717,0.11352378,-0.26661575,False
15665,-0.084035456,-0.022453517,False
15667,-0.02148958,-0.040474553,False
15681,0.14182393,0.02005586,False
15680,0.008982539,0.045444608,False
15679,0.0353716,-0.049647756,False
15678,0.0035255607,-0.01810479,False
15677,0.0017001182,-0.07215674,False
15676,0.019612834,-0.03346246,False
15666,-0.25779325,-0.12886125,False
15675,-0.08485484,-0.10269788,False
15673,-0.024890065,-0.05191827,False
15672,0.15766841,-0.05805275,False
15671,-0.037865147,0.092080444,False
15670,-0.13347912,0.017491251,False
15669,0.076002836,0.057597876,False
15668,0.008616209,-0.062315285,False
15674,0.11628866,0.04295969,False
15789,0.0,0.0,False
15718,-0.16421163,-0.17759025,False
15720,0.5282944,0.39141518,False
15757,-0.03364159,-0.02577369,False
15758,0.061739057,0.06015666,False
15759,-0.004049537,-0.004049537,False
15760,-0.033621073,-0.27372617,False
15761,-0.2781951,0.017164886,False
15762,0.1381197,0.47038078,False
15763,-0.30825567,0.02882874,False
15764,0.06519144,-0.023974903,False
15765,0.04309611,-0.035600275,False
15766,-0.10090658,-0.12953311,False
15767,0.0028308183,-0.043108925,False
15768,0.010831118,-0.06345406,False
15769,-0.0063587,0.0022099055,False
15770,0.008651435,-0.006616533,False
15771,-0.062311143,0.06660284,False
15772,-0.0960069,-0.055864066,False
15773,-0.0045857676,-0.0045857676,False
15787,0.16554114,0.08368927,False
15786,-0.13181677,-0.014535844,False
15785,0.06729549,0.009223744,False
15784,-0.018118223,-0.01810677,False
15783,-0.4609635,-0.13631475,False
15782,0.011190914,-0.009885997,False
15756,-0.03480643,0.015236169,False
15781,-0.07214472,-0.1299928,False
15779,-0.12885672,-0.05906558,False
15778,0.00061935186,-0.14766061,False
15777,-0.0019297823,-0.046472043,False
15776,-0.022596985,-0.04582496,False
15775,-0.047115244,-0.049132522,False
15774,0.017065555,-0.005291652,False
15780,0.0052660853,-0.004846573,False
15755,0.21777177,-0.14283782,False
15754,-0.029431164,-0.3837462,False
15753,-0.0050437152,0.026129454,False
15734,0.0899165,-0.18731096,False
15733,0.0,0.0,False
15732,-0.09654772,0.009136379,False
15731,-0.009193588,-0.009193588,False
15730,0.011308491,-0.1567381,False
15729,-0.09586692,-0.21432686,False
15735,0.0,0.0,False
15728,-0.018349417,-0.018349417,False
15726,0.026428401,0.0048187375,False
15725,0.0051830225,-0.03708505,False
15724,0.059011966,-0.056619346,False
15723,-0.08638176,0.04333085,False
15722,0.014955267,-0.01861991,False
15721,-0.11011438,-0.08440673,False
15727,-0.19337854,0.21945369,False
15719,0.061924115,-0.026827991,False
15736,-0.05652674,-0.04465652,False
15738,0.03400501,-0.077659294,False
15752,0.098427325,-0.021175146,False
15751,-0.1831252,0.04821199,False
15750,-0.0035024756,-0.0035024756,False
15749,0.030942753,-0.035518676,False
15748,0.076982245,-0.09193191,False
15747,-0.13147277,-0.02773273,False
15737,-0.018395698,0.0213551,False
15746,0.0007598046,-0.014661719,False
15744,-0.05391611,-0.1083366,False
15743,0.02299422,0.16908568,False
15742,-0.0019010752,-0.03269201,False
15741,-0.05075097,0.06846313,False
15740,-0.017023355,-0.013465688,False
15739,-0.0033912933,-0.0033912933,False
15745,-0.00052164495,-0.02253172,False
15363,0.0022522826,-0.016368063,False
15362,-0.05869204,-0.05660711,False
15361,-0.0046749087,-0.0043582553,False
14973,-0.0048735146,-0.0048735146,False
14974,0.011232136,-0.0101896,False
14975,-0.031644225,-0.031644225,False
14976,0.0,0.0,False
14977,0.0,0.0,False
14978,-0.0049688914,-0.0049688914,False
14979,-0.014785072,-0.014785072,False
14980,-0.014519291,-0.014519291,False
14981,0.00968042,-0.013771579,False
14982,0.022395339,-0.021849018,False
14983,-0.36801732,-0.12000415,False
14984,-0.027674241,-0.02504818,False
14985,-0.015851662,-0.06607384,False
14986,-0.004547674,-0.004547674,False
14987,-0.009202419,-0.009202419,False
14988,-0.004470864,-0.004470864,False
14989,-0.008880455,-0.008880455,False
15003,-0.34781325,-0.09133887,False
15002,-0.5318742,-0.316602,False
15001,-0.45229292,-0.27727032,False
15000,-0.06542182,-0.07014978,False
14999,-0.13476467,0.0041802526,False
14998,-0.014240742,-0.32704115,False
14972,-0.024288064,-0.024288064,False
14997,0.0061727166,0.013206959,False
14995,-0.06713128,0.015348911,False
14994,-0.17050588,-0.20003486,False
14993,-0.23654729,-0.03454709,False
14992,-0.12234241,0.1889165,False
14991,0.008703984,-0.035152342,False
14990,0.11032468,0.075018704,False
14996,0.02246797,-0.07741952,False
14971,0.06256201,-0.008249915,False
14970,-0.003628571,-0.003628571,False
14969,-0.009915533,-0.009915533,False
14950,-0.2142604,-0.034165382,False
14949,-0.29956102,-0.085333884,False
14948,0.07996395,0.14321536,False
14947,0.05929464,0.31311774,False
14946,0.119369805,-0.007678807,False
14945,-0.020898297,0.02609998,False
14951,-0.022994608,0.1556738,False
14944,-0.1613009,-0.047587395,False
14942,0.027801577,0.015415523,False
14941,-0.017951652,-0.06754208,False
14940,-0.019572735,-0.25884768,False
14939,0.0093514025,-0.00377075,False
14938,-0.33858907,-0.33840293,False
14937,-0.10382807,-0.20046532,False
14943,-0.58924174,-0.4120363,False
15004,-0.531613,-0.22660112,False
14952,0.0,0.0,False
14954,-0.06356929,0.06442359,False
14968,-0.003374517,-0.13833335,False
14967,-0.061949283,-0.070085615,False
14966,0.022823334,0.38683164,False
14965,-0.117609024,0.040447474,False
14964,1.0058813,-0.26200867,False
14963,0.3924632,0.2700591,False
14953,-0.05902672,0.040413097,False
14962,-0.1626277,0.19492722,False
14960,-0.07688302,-0.095965564,False
14959,0.0,0.0,False
14958,-0.024660975,-0.048616506,False
14957,0.023417234,0.2728743,False
14956,-0.024057657,0.015134059,False
14955,0.004960738,-0.047071658,False
14961,-0.037941486,-0.027812228,False
14936,-0.01007662,0.025739811,False
15005,-0.28208494,-0.096735,False
15007,-0.59930277,-0.38682747,False
15044,-0.24276641,-0.07955241,False
15045,-0.001475066,-0.085391715,False
15046,-0.5064316,-1.1479199,False
15047,0.02908267,-0.04279353,False
15048,0.0,0.0,False
15049,-0.14449686,0.006472796,False
15050,0.041057944,-0.057378292,False
15051,-0.14990711,-0.42493176,False
15052,-0.004640963,-0.004640963,False
15053,-0.1722781,-0.27816606,False
15054,0.12039298,-0.043280423,False
15055,-0.12309176,-0.10576397,False
15056,0.07235098,-0.13513507,False
15057,-1.1836331,-0.64014506,False
15058,0.017659426,0.015925365,False
15059,0.0,0.00086536276,False
15060,-0.3215623,-0.23183477,False
15074,0.0,0.0040364275,False
15073,0.6394354,0.6369082,False
15072,0.012916595,-0.051155787,False
15071,0.07428554,-0.040360484,False
15070,0.021117242,0.0,False
15069,-0.2866602,-0.022206783,False
15043,-0.15147956,-0.085873395,False
15068,0.02823291,-0.072708055,False
15066,-0.20964837,0.49157262,False
15065,0.14298087,-0.00030515343,False
15064,-0.024724837,-0.016908063,False
15063,0.0036628284,-0.014119303,False
15062,-0.034259737,-0.017639756,False
15061,0.174847,-0.04102829,False
15067,0.07333434,-0.060085237,False
15042,-0.22200018,-0.11746937,False
15041,0.07960731,-0.17923322,False
15040,0.0,0.0,False
15021,-0.0057992376,0.007476039,False
15020,-0.13363028,0.025971472,False
15019,-0.37463522,-0.18555117,False
15018,0.05152014,-0.14324322,False
15017,0.0028285757,-0.08770411,False
15016,0.24980256,0.013557762,False
15022,-0.49422646,-0.12108421,False
15015,-0.16612935,-0.0034960508,False
15013,0.0040855557,-0.015370586,False
15012,-0.016937457,-0.016052594,False
15011,-0.039170273,-0.048150796,False
15010,-0.66240025,-0.16285944,False
15009,-0.23483872,-0.025434017,False
15008,-0.0279761,-0.0279761,False
15014,-0.0100163,-0.009931338,False
15006,-0.19432807,-0.41990042,False
15023,-0.10714626,-0.09844661,False
15025,-0.15979666,-0.11230254,False
15039,0.077292114,-0.09377089,False
15038,-0.04534706,0.006898217,False
15037,-0.2486825,-0.041492373,False
15036,-0.01859986,-0.01859986,False
15035,0.031613052,0.16908771,False
15034,0.29400873,-0.9450002,False
15024,-0.18130946,-0.7136705,False
15033,0.09531605,0.020792574,False
15031,0.032194138,-0.26733446,False
15030,-0.10342823,0.025488198,False
15029,0.035068635,-0.008339326,False
15028,-0.04622048,-0.00515455,False
15027,-0.0044784546,-0.02025342,False
15026,0.013987303,-0.053308524,False
15032,-0.099347055,-0.14077169,False
15075,-0.16048765,0.09206444,False
14935,-0.08228055,-0.07812071,False
14933,-0.15943994,-0.051995218,False
14831,-0.11208567,-0.100997105,False
14832,-0.0052511254,-0.0052511254,False
14833,0.31777155,0.4176755,False
14834,-0.17873937,-0.06194216,False
14835,0.27857977,-0.0017741919,False
14836,0.09133369,-0.18110779,False
14837,-0.0130427815,-0.0130427815,False
14838,0.0,0.0,False
14839,0.13454187,-0.023776852,False
14840,-0.14970832,-0.004985988,False
14841,-0.17276692,-0.13944715,False
14842,0.13880086,-0.16101527,False
14843,0.0,0.0,False
14844,-0.0887562,-0.009912014,False
14845,-0.10936707,-0.02081135,False
14846,-0.3979336,-0.21515203,False
14847,-0.09802711,-0.100595474,False
14861,-0.17684743,0.21586728,False
14860,0.09339571,-0.034353256,False
14859,-0.008045554,0.033326328,False
14858,-0.47542423,-0.17896044,False
14857,0.0,0.0,False
14856,0.013322435,-0.031445697,False
14830,0.047312066,-0.04908287,False
14855,-0.3027792,-0.30084264,False
14853,-0.098164946,-0.041006327,False
14852,0.30342138,-0.03717512,False
14851,0.2599637,0.09859717,False
14850,-0.11401427,0.012400746,False
14849,-0.25381613,-0.47227633,False
14848,-0.0929804,-0.0075431466,False
14854,-0.023950577,-0.062164865,False
14829,0.0393529,-0.044998117,False
14828,-0.15319133,0.016967297,False
14827,-0.42941952,-0.44093907,False
14808,-0.005111791,-0.0022107642,False
14807,0.013817549,0.024337694,False
14806,-0.041821063,-0.041821063,False
14805,-0.033343554,-0.19267894,False
14804,-0.061332688,-0.052415445,False
14803,0.022647101,0.0,False
14809,-0.010763807,0.07690507,False
14802,0.09159157,0.0070114136,False
14800,0.02080242,-0.022546457,False
14799,0.075746685,0.5444294,False
14798,-0.0099186655,0.0069712326,False
14797,-0.004937267,-0.004937267,False
14796,0.08210038,-0.010423277,False
14795,0.01562807,-0.059027903,False
14801,0.10363707,-0.061221663,False
14862,0.09580886,0.094846845,False
14810,0.049958553,-0.010989164,False
14812,-0.0010787994,-0.038831424,False
14826,-0.015690863,0.02074188,False
14825,-0.17159799,0.030395538,False
14824,0.0,0.0,False
14823,0.0,0.0,False
14822,0.0,0.0,False
14821,-0.27416432,0.044567347,False
14811,0.011113977,-0.009120857,False
14820,-0.009720163,-0.009720163,False
14818,-0.019993782,-0.03586179,False
14817,0.07382755,0.029784784,False
14816,-0.05900298,-0.178363,False
14815,-0.007628724,-0.030695677,False
14814,-0.05345595,-0.06870264,False
14813,0.11645889,0.021738231,False
14819,-0.35120934,0.4168197,False
14934,0.010175407,-0.016591787,False
14863,-0.0058115516,-0.02765019,False
14865,0.012488365,-0.21652007,False
14902,0.0,0.00049315474,False
14903,-0.02750355,0.020641118,False
14904,-0.22112107,-0.30793214,False
14905,-0.1541323,-0.14847004,False
14906,0.040588517,0.0077620745,False
14907,-0.081914544,-0.04242204,False
14908,-0.002188541,0.008795708,False
14909,-0.2541967,-0.13977164,False
14910,0.0,0.00057928596,False
14911,-0.0015013069,-0.018526658,False
14912,-0.10093552,-0.02274555,False
14913,-0.004061069,0.031708367,False
14914,-0.015861943,0.03455174,False
14915,0.0,0.0,False
14916,-0.014101176,-0.013798679,False
14917,-0.24967855,0.09898049,False
14918,-0.0050395867,-0.0050395867,False
14932,0.022017956,-0.086815834,False
14931,0.0937525,0.14766222,False
14930,-0.21405637,-0.4091984,False
14929,-0.009109404,-0.05013804,False
14928,-0.036174007,-0.024930209,False
14927,-0.09448325,-0.005862385,False
14901,-0.11143708,-0.009963214,False
14926,0.07575351,0.04496053,False
14924,0.001229465,-0.15441132,False
14923,-0.025151648,-0.025151648,False
14922,-0.11736128,-0.1345439,False
14921,-0.05234979,-0.07023665,False
14920,-0.048350453,0.069505304,False
14919,-0.14628696,-0.39683986,False
14925,-0.16666365,0.017065048,False
14900,0.012191105,-0.0043288074,False
14899,-0.13858134,-0.14704251,False
14898,0.08778554,0.4007944,False
14879,-0.14466545,0.04559976,False
14878,-0.05849783,-0.026465476,False
14877,0.063472524,-0.019354008,False
14876,-0.01900258,0.012628019,False
14875,-0.014770746,-0.037329845,False
14874,0.05462695,0.049004517,False
14880,0.020533979,0.0074412227,False
14873,0.042454276,-0.04341431,False
14871,-0.009727597,0.08163035,False
14870,-0.116809845,0.014110088,False
14869,0.027209371,-0.031991333,False
14868,-0.059840605,-0.04246691,False
14867,-0.03059639,-0.10346258,False
14866,0.0,0.0,False
14872,0.106009305,-0.018659491,False
14864,-0.6890415,-0.4283092,False
14881,0.01070403,-0.012747969,False
14883,-0.0029959232,-0.06943853,False
14897,-0.17139387,-0.056127787,False
14896,-0.0074216463,-0.025425056,False
14895,-0.029401064,-0.17207885,False
14894,-0.14850116,-0.091030955,False
14893,-0.28271765,0.03732711,False
14892,-0.8399775,-0.83238125,False
14882,-0.05837924,-0.066073805,False
14891,0.0622767,0.05554367,False
14889,0.01709738,-0.004350482,False
14888,0.01812213,-0.003966883,False
14887,-0.0051165484,-0.0051165484,False
14886,0.04936719,0.095386386,False
14885,0.0,0.0,False
14884,0.08450498,-0.073218346,False
14890,-0.26197106,-0.24157077,False
15076,0.04261558,-0.034311403,False
15077,0.099547416,-0.13991958,False
15078,-0.004061069,-0.0036990608,False
15258,-0.09156513,-0.58815956,False
15259,-0.06620073,0.060266137,False
15260,0.16653156,-0.15125275,False
15261,-0.051701665,0.047787666,False
15262,-0.26591468,-0.24819398,False
15263,0.1227504,0.3697393,False
15264,-0.5931368,-0.40993857,False
15265,0.0,0.0,False
15266,-0.27778697,-0.12364888,False
15267,0.13949314,-0.03326803,False
15268,-0.60668564,-0.4723575,False
15269,-0.4788375,-0.37403393,False
15270,-0.5003071,-0.1664939,False
15271,-0.20116502,-0.17140168,False
15272,0.12641877,0.1580765,False
15273,-0.5802076,-0.18802762,False
15274,0.0,0.0,False
15288,-0.0056118667,-0.06601122,False
15287,-0.44210178,-0.252914,False
15286,-0.060256302,0.070629895,False
15285,-0.017226376,-0.017226376,False
15284,-0.54729915,-0.3850689,False
15283,-0.016937256,-0.027983189,False
15257,-0.40937543,-0.52267265,False
15282,-0.2280767,-0.09696603,False
15280,0.01501891,-0.019390196,False
15279,-0.11596072,-0.13680601,False
15278,-0.0050029927,0.0015345588,False
15277,0.1039114,-0.14597857,False
15276,-0.007831842,0.01761794,False
15275,0.0,0.0,False
15281,0.08935499,0.07560313,False
15256,0.0010115951,-0.0153471865,False
15255,-0.03769064,0.10068059,False
15254,0.10165906,-0.2572558,False
15235,-0.019483449,-0.019483449,False
15234,-0.035054058,0.0057297647,False
15233,-0.0906229,-0.26732588,False
15232,-0.27598453,-0.14169902,False
15231,-0.7180176,-0.3545394,False
15230,-0.104762554,0.7400756,False
15236,-0.25149953,-0.06850302,False
15229,-0.0228731,0.021322962,False
15227,-0.024571449,0.08041422,False
15226,0.10268119,-0.05988285,False
15225,-0.021677345,0.0074198022,False
15224,-0.19509244,-0.31198782,False
15223,-0.010718256,-0.013517916,False
15222,0.021112561,0.111616135,False
15228,0.062004656,0.04987353,False
15289,-0.007138118,-0.029172681,False
15237,-0.58813614,-0.53896785,False
15239,-0.3322412,-0.02913928,False
15253,0.13596654,-0.11165005,False
15252,-0.03521377,-0.13352257,False
15251,-0.012852184,-0.012852184,False
15250,-0.056039333,-0.23286581,False
15249,-0.08189583,-0.12518,False
15248,-0.08186138,-0.14189377,False
15238,0.035334453,0.09961799,False
15247,-0.007889964,-0.03317061,False
15245,-0.032210976,-0.08306676,False
15244,-0.13516057,0.0034911633,False
15243,0.26576483,0.23491085,False
15242,-0.21397799,-0.087893546,False
15241,0.12804508,-0.19146442,False
15240,-0.021615982,-0.16523468,False
15246,0.0,0.0,False
15221,-0.10242963,-0.03854382,False
15290,0.0040522367,-0.017404934,False
15292,0.09123668,-0.057690486,False
15329,0.047774523,-0.06296286,False
15330,0.084690765,-0.021109909,False
15331,0.019146532,-0.052863643,False
15332,0.08752011,0.54500806,False
15333,-0.020738259,-0.064365774,False
15334,-0.014972568,0.01869145,False
15335,-0.13752884,0.07729083,False
15336,-0.33164856,-0.08823395,False
15337,-0.08945322,-0.7026476,False
15338,-0.0040890537,-0.0040890537,False
15339,-0.09874007,-0.20850646,False
15340,-0.009632015,-0.009607945,False
15341,0.025610536,0.004162401,False
15342,-0.09303826,-0.22138433,False
15343,-0.13077337,-0.34069195,False
15344,-0.06543824,-0.10852051,False
15345,-0.041701563,0.029252939,False
15360,-0.13088493,-0.10451219,False
15359,-0.009568887,-0.009568887,False
15358,-0.010150582,-0.102294564,False
15357,-0.09839177,0.032459736,False
15356,-0.40750015,-0.055411458,False
15355,0.13737375,0.18491456,False
15328,-0.021474898,-0.14404944,False
15354,-0.16976431,-0.055705726,False
15352,-0.66738033,-0.43280673,False
15351,-0.24166656,-1.0541385,False
15349,0.10411444,-0.0032097846,False
15348,-0.00796053,-0.0064645098,False
15347,-0.02971406,-0.02827316,False
15346,0.04258704,0.06446028,False
15353,0.025386661,-0.075458,False
15327,0.07615945,0.081720114,False
15326,0.020656401,0.0,False
15325,-0.22743183,-0.22121036,False
15306,0.0,0.0,False
15305,-0.0025390033,-0.022339847,False
15304,-0.0051480606,-0.02719817,False
15303,-0.12825793,-0.33644342,False
15302,-0.005136603,-0.0044159526,False
15301,-0.061533436,0.008733988,False
15307,0.0,0.0,False
15300,-0.0835212,0.08071971,False
15298,0.020162914,-0.04164394,False
15297,0.009910822,-0.1012937,False
15296,0.0,0.0,False
15295,0.10580152,-0.044922397,False
15294,-0.006167166,-0.0245988,False
15293,-0.056485653,-0.15969586,False
15299,-0.33480656,-0.1211496,False
15291,0.10041928,-0.22630477,False
15308,0.0984323,0.09751272,False
15310,0.015613422,-0.067740746,False
15324,0.2970798,0.027343035,False
15323,-0.20704305,-0.086052895,False
15322,-0.046326812,-0.054128964,False
15321,0.022357207,0.00068082975,False
15320,-0.0014667511,0.009988427,False
15319,0.0,0.12039584,False
15309,0.0,0.0,False
15318,-0.25886494,-0.10522598,False
15316,0.055455893,-0.026386559,False
15315,-0.0083000865,-0.0083000865,False
15314,-0.0032373075,-0.0032373075,False
15313,-0.030888306,0.010733331,False
15312,0.013895489,-0.059488535,False
15311,0.12043476,-0.1525102,False
15317,0.013887525,-0.0046592182,False
15220,-0.11528671,-0.08585639,False
15219,-0.0758217,-0.1613735,False
15218,-0.040930852,-0.14057907,False
15115,0.05321341,0.058435388,False
15116,-0.018792843,-0.018792843,False
15117,-0.001453042,-0.023760036,False
15118,-0.04574889,-0.1306214,False
15119,0.03324756,-0.034307256,False
15120,0.0,0.0,False
15121,-0.12382423,-0.0044294,False
15122,0.009328723,-0.11025583,False
15123,0.021154389,0.032591514,False
15124,0.02336318,0.0002129304,False
15125,0.05807223,-0.036650583,False
15126,0.022050109,0.0,False
15127,-0.0099889245,-0.0099889245,False
15128,-0.048601463,-0.044955432,False
15129,-0.1768331,-0.16433638,False
15130,-0.11209755,-0.1652903,False
15131,-0.29226232,-0.36534595,False
15145,0.0,0.0,False
15144,0.040084925,0.0027402546,False
15143,-0.081370145,0.016758785,False
15142,-0.020255953,-0.06351587,False
15141,0.025942847,-0.018792916,False
15140,-0.009978788,0.009058401,False
15114,0.008800454,-0.049271252,False
15139,-2.4396926e-05,-0.04620954,False
15137,0.008004956,-0.032595582,False
15136,-0.014231022,-0.014231022,False
15135,-0.021196783,0.062363237,False
15134,-0.5244559,-0.22748649,False
15133,-0.004987564,-0.000532439,False
15132,-0.6141019,-0.4212296,False
15138,-0.009765217,-0.009765217,False
15113,0.0,0.0,False
15112,-0.049691767,0.16789636,False
15111,0.0,0.0,False
15092,-0.08291884,0.006968081,False
15091,-0.23596656,-0.49501193,False
15090,-0.334836,-0.98406076,False
15089,-0.70449066,-1.134901,False
15088,-0.12292361,-1.1204848,False
15087,-0.20886096,-0.024335682,False
15093,-0.01838263,-0.01838263,False
15086,0.0,0.0,False
15084,0.040292323,-0.06766669,False
15083,-0.040898174,-0.07808411,False
15082,-0.0209393,-0.0007003676,False
15081,0.016757535,0.00055891834,False
15080,0.08743107,-0.09113797,False
15079,-0.083001494,-0.08291891,False
15085,0.022647684,-0.01827714,False
15146,-0.39821196,0.11131966,False
15094,0.02574277,-0.17849588,False
15096,0.03817211,-0.025619421,False
15110,-0.0043517947,-0.083227426,False
15109,0.037311673,0.16961077,False
15108,-0.3125369,0.11942595,False
15107,0.0,0.010882696,False
15106,-0.14665395,-0.010015726,False
15105,0.008319957,-0.012251963,False
15095,0.099197626,0.04413247,False
15104,-0.18271911,-0.019132137,False
15102,-0.026090143,-0.025125401,False
15101,0.013782359,-0.007789177,False
15100,0.07686132,-0.11614655,False
15099,-0.002559483,-0.122553885,False
15098,0.05644333,-0.051144365,False
15097,0.0053861886,-0.09967255,False
15103,-0.02246427,-0.021810982,False
15147,-0.024720492,-0.024720492,False
15148,0.06859946,-0.08489722,False
15149,-0.235771,-0.05713123,False
15199,0.26321626,0.07624388,False
15198,0.0,0.0,False
15197,0.007674217,0.24447131,False
15196,0.26420486,0.12650299,False
15195,0.038679957,-0.052112184,False
15194,-0.0139276385,-0.04830395,False
15200,0.0,0.0,False
15193,-0.22193086,-0.18371913,False
15191,-0.011740968,0.056307375,False
15190,0.016358782,0.0,False
15189,-0.013102861,-0.013102861,False
15188,-0.056711018,-0.056902304,False
15187,0.09477258,-0.10955539,False
15186,-0.013217386,-0.013217386,False
15192,-0.031556636,0.019551694,False
15185,-0.004804872,-0.004804872,False
15201,0.11955935,0.06317216,False
15203,-0.004938297,-0.004938297,False
15217,0.01193429,-0.013387144,False
15216,-0.016862862,-0.044119377,False
15215,-0.012900636,-0.030124247,False
15214,-0.010474667,-0.0511686,False
15213,0.01895451,-0.018809613,False
15212,-0.1748262,-0.043183863,False
15202,-0.03752482,-0.34120536,False
15211,-0.42566478,-0.42105407,False
15209,-0.27241638,-0.4293697,False
15208,-0.680309,-0.42990988,False
15207,-0.02865559,-0.02865559,False
15206,-0.052392364,-0.15197444,False
15205,0.0,0.0,False
15204,-0.17157438,-0.16736665,False
15210,0.30752683,0.35009313,False
14793,0.0028192103,-0.009519586,False
15184,-0.032946557,-0.022488598,False
15182,0.21909526,-0.09037599,False
15163,-0.032529064,-0.070683144,False
15162,-0.09178591,-0.021305434,False
15161,-0.030250542,-0.07081594,False
15160,0.039827593,0.044202484,False
15159,0.11022639,0.013310134,False
15158,-0.04932966,0.037546463,False
15164,0.08320293,-0.06484818,False
15157,0.014668703,-0.035063952,False
15155,-0.010139987,0.06955999,False
15154,-1.0698617,-0.7174002,False
15153,0.36259925,-0.51522076,False
15152,-0.021930248,0.019599974,False
15151,0.021601573,0.00378279,False
15150,-0.11493945,0.12474382,False
15156,-0.10193738,-0.031277567,False
15183,-0.008765785,-0.008743565,False
15165,0.08288743,-0.044723663,False
15167,0.0,0.020634528,False
15181,0.016526997,-0.14749438,False
15180,-0.36735755,-0.285617,False
15179,-0.012664333,-0.13821128,False
15178,-0.08635768,-0.01768595,False
15177,0.0270603,-0.02234447,False
15176,0.05380261,-0.09616625,False
15166,-0.05294895,-0.4027437,False
15175,-0.07225891,-0.09379109,False
15173,0.6631447,0.9938538,False
15172,0.0,0.0,False
15171,-0.0074190125,-0.024873208,False
15170,-0.0017621219,0.019260995,False
15169,0.046397485,0.73062176,False
15168,0.022606565,0.0,False
15174,-0.019658118,-0.0715307,False
9093,-0.02510905,0.02118802,False
9105,-0.45533532,-0.008053541,False
9091,0.08156927,0.006844461,False
3030,0.048395596,-0.086448796,False
3031,-0.0025058072,-0.019515166,False
3032,0.10486202,0.019228026,False
3033,-0.024269272,-0.024269272,False
3034,0.0,0.0,False
3035,-0.02037505,-0.02037505,False
3036,-0.052757323,-0.075499296,False
3037,0.00584992,-0.03524546,False
3038,0.054794833,-0.15382412,False
3039,0.015899904,-0.032977145,False
3040,-0.032000087,-0.050081488,False
3041,-0.012847014,-0.075466245,False
3042,-0.04249929,-0.061551984,False
3043,0.02358534,0.0,False
3044,0.0,0.0,False
3045,-0.004983937,-0.004983937,False
3046,-0.019420456,-0.019420456,False
3060,-0.004025647,-0.004025647,False
3059,0.022180023,0.0,False
3058,-0.022798553,-0.040088423,False
3057,-0.023608953,-0.10369968,False
3056,-0.028337382,-0.086794086,False
3055,-0.038963187,-0.038963187,False
3029,-0.013930894,-0.013930894,False
3054,0.006921282,-0.015258741,False
3052,-0.008348929,-0.008348929,False
3051,-0.0045746295,0.0027613966,False
3050,-0.00958499,-0.00958499,False
3049,-0.013609807,-0.013609807,False
3048,0.0040132897,-0.014829752,False
3047,0.008848717,0.019669559,False
3053,-0.010271175,-0.010271175,False
3028,-0.03531988,-0.03366457,False
3027,0.008394849,0.0035567172,False
3026,0.0,0.0,False
3007,0.040045254,0.045962125,False
3006,0.023587717,0.0,False
3005,-0.018465493,-0.018465493,False
3004,0.0,0.0,False
3003,0.020556595,0.061339848,False
3002,0.017222574,-0.029795311,False
3008,0.0,0.0,False
3001,0.031006841,-0.014932325,False
2999,-0.0048698788,-0.004177062,False
2998,-0.10688171,-0.0861344,False
2997,0.022939526,0.0,False
2996,-0.009527922,-0.009527922,False
2995,0.04065969,-0.0042532887,False
2994,0.17933655,0.183465,False
3000,-0.025737973,-0.029480983,False
3061,-0.0052289614,-0.0052289614,False
3009,0.026093272,-0.010151515,False
3011,-0.009877757,-0.009877757,False
3025,0.01926604,-0.0045919847,False
3024,-0.0629228,-0.042690556,False
3023,0.021615192,-0.01501504,False
3022,0.0043779854,-0.019432068,False
3021,0.020881161,0.024192214,False
3020,0.018643122,-0.0040039783,False
3010,0.0,0.0005851103,False
3019,-0.0059951562,-0.023772486,False
3017,-0.012399416,-0.05543816,False
3016,0.037468623,-0.03247873,False
3015,-0.011698993,-0.035754938,False
3014,-0.005097175,-0.005097175,False
3013,-0.023029359,-0.023029359,False
3012,0.0944414,0.05617869,False
3018,0.017009359,0.0,False
2993,0.008660659,-0.013771929,False
3062,0.0136662945,0.05565469,False
3064,0.021385727,-0.009047487,False
3101,-0.04637717,-0.044135917,False
3102,-0.004784322,-0.004784322,False
3103,-0.058050614,-0.05294836,False
3104,-0.013938733,-0.013938733,False
3105,0.02609054,-0.03346456,False
3106,-0.03174523,-0.03174523,False
3107,-0.008114366,-0.031284954,False
3108,-0.041659083,-0.060996827,False
3109,-0.0048027425,-0.0048027425,False
3110,-0.009135598,-0.009135598,False
3111,5.169213e-05,0.1235259,False
3112,-0.0698387,-0.2592153,False
3113,0.04377371,-0.08044222,False
3114,0.116675615,-0.0041587353,False
3115,-0.025908232,-0.11232499,False
3116,-0.023959335,0.0029263292,False
3117,0.0,0.0,False
3132,0.1195789,0.039384022,False
3130,0.02013313,0.0,False
3129,-0.47997898,-0.32165593,False
3128,0.040887535,0.05303067,False
3127,0.0,0.0,False
3126,0.11662933,0.073953345,False
3100,0.009860915,-0.013434109,False
3125,0.08423169,0.06280582,False
3123,-0.0039407616,-0.0039392947,False
3122,-0.010838103,-0.025687365,False
3121,-0.060329594,0.13458137,False
3120,0.22116745,-0.09322104,False
3119,0.0,0.0,False
3118,-0.0066698007,-0.030918265,False
3124,-0.07112083,-0.004623145,False
3099,-0.0101491455,-0.0101491455,False
3098,-0.011285478,-0.0344636,False
3097,0.0,0.0,False
3078,-0.0049436693,-0.0049436693,False
3077,-0.0048137996,-0.0048137996,False
3076,0.03614272,-0.009845687,False
3075,0.18904832,-0.10001731,False
3074,-0.019603873,-0.019603873,False
3073,-0.02566892,-0.0065632463,False
3079,-0.009401978,-0.009401978,False
3072,-0.00996813,-0.00996813,False
3070,-0.001164563,0.021977723,False
3069,0.021409817,-0.01937484,False
3068,-0.043565147,-0.064522415,False
3067,-0.08676818,-0.09995225,False
3066,0.0,0.0,False
3065,0.003348194,-0.004848391,False
3071,-0.0141922245,-0.0141922245,False
3063,-0.033044577,5.55031e-05,False
3080,0.043264866,0.0009844042,False
3082,-0.03816378,-0.03485743,False
3096,0.015817981,-0.028508294,False
3095,0.018726591,-0.049953576,False
3094,0.013399141,-0.029504774,False
3093,-0.014923796,-0.014923796,False
3092,0.018130738,-0.025810357,False
3091,0.045297757,0.051320635,False
3081,0.020183712,-0.018371265,False
3090,0.06582524,-0.046447955,False
3088,-0.014583966,-0.031651273,False
3087,-0.013949996,-0.013949996,False
3086,-0.012380935,-0.056094788,False
3085,0.016081717,-0.021078594,False
3084,0.0077517293,-0.009581868,False
3083,0.048871964,-0.067458294,False
3089,0.018608876,0.047236018,False
3133,0.063229084,-0.049370993,False
2992,0.002971992,-0.014810139,False
2990,0.0033290945,-0.03597698,False
2888,-0.0070264973,-0.029693542,False
2889,-0.004491555,0.019564047,False
2890,-0.030467695,-0.052590366,False
2891,0.060854267,-0.026151447,False
2892,-0.007739881,-0.024098663,False
2893,0.0,0.0,False
2894,0.0,0.0,False
2895,-0.00088783354,0.052855812,False
2896,-0.008874429,-0.008874429,False
2897,-0.01878542,-0.01878542,False
2898,0.05778171,-0.009090304,False
2899,0.0,0.024641125,False
2900,0.0,0.0,False
2901,0.0,0.0,False
2902,-0.016102828,-0.035430662,False
2903,-0.03513844,-0.035109583,False
2904,-0.005509902,-0.047603764,False
2918,-0.017547648,-0.017547648,False
2917,0.0,0.0,False
2916,-0.009701528,-0.009701528,False
2915,-0.0047549387,0.0027291672,False
2914,-0.014488287,-0.014488287,False
2913,-0.008392123,-0.008392123,False
2887,-0.040071696,-0.063523695,False
2912,0.46895677,-0.02446419,False
2910,-0.015032748,-0.015032748,False
2909,-0.0034862934,0.046292383,False
2908,0.06431683,-0.055840738,False
2907,0.042743944,0.0011730175,False
2906,0.001046747,-0.019046452,False
2905,-0.032490827,-0.032490827,False
2911,-0.004554102,-0.004554102,False
2886,0.0,0.0,False
2885,-0.011102397,-0.03316318,False
2884,-0.013795397,-0.013795397,False
2865,0.0,0.0,False
2864,-0.0046622367,-0.0046622367,False
2863,-0.0043857507,-0.0043857507,False
2862,-0.0106132375,-0.0106132375,False
2861,-0.046515346,-0.0071587265,False
2860,-9.8884106e-05,-0.051721238,False
2866,0.025348442,0.022104705,False
2859,0.08078787,0.01700376,False
2857,0.15665175,0.039331988,False
2856,-0.018353928,-0.017060168,False
2855,-0.014481565,-0.014481565,False
2854,0.016947187,-0.00494845,False
2853,-0.024971664,0.1408148,False
2852,0.024991263,-0.028948704,False
2858,0.00647211,-0.015099426,False
2919,-0.009192793,-0.028489428,False
2867,0.08015412,0.060786508,False
2869,0.036094382,0.000667084,False
2883,0.0,0.0,False
2882,-7.0717186e-05,0.058365937,False
2881,0.17032456,-0.11890012,False
2880,-0.001584731,-0.024504982,False
2879,0.013194079,-0.028269408,False
2878,-0.0016821641,0.07118659,False
2868,-0.0038334213,-0.0038334213,False
2877,-0.015074933,-0.015074933,False
2875,0.03661177,-0.008942362,False
2874,0.0,0.0,False
2873,-0.01030859,-0.01030859,False
2872,-0.010250846,-0.010250846,False
2871,0.012361959,-0.009523427,False
2870,0.044380188,-0.057891414,False
2876,-0.0049591395,-0.004948112,False
2991,-0.004746907,-0.004746907,False
2920,0.015133265,0.0,False
2922,-0.018428288,-0.042713836,False
2959,0.03114646,-0.07577721,False
2960,-0.026360162,0.007401161,False
2961,0.056312643,-0.03365615,False
2962,0.0,0.0,False
2963,-0.060889825,-0.014625117,False
2964,0.022019075,0.0,False
2965,-0.0039407616,-0.0039407616,False
2966,0.005946383,-0.09674011,False
2967,-0.0011432227,-0.01904551,False
2968,0.010547876,-0.01153207,False
2969,-0.0037769224,-0.0037769224,False
2970,-0.009804783,-0.009804783,False
2971,0.035159014,-0.009966584,False
2972,0.010189597,-0.0049436693,False
2973,0.031996332,-0.009267552,False
2974,-0.04313649,-0.04313649,False
2975,0.076652855,-0.025589295,False
2989,-0.013663654,-0.013082987,False
2988,-0.01379839,-0.03717624,False
2987,-0.014368311,-0.036931932,False
2986,-0.01057763,0.03080304,False
2985,0.0,0.0,False
2984,0.052338183,-0.018557439,False
2958,-0.06236562,0.006383151,False
2983,-0.034489192,0.048684888,False
2981,0.042588048,-0.0048964294,False
2980,0.0,0.0,False
2979,-0.09820626,-0.1403342,False
2978,-0.026123304,-0.04125657,False
2977,-0.026132718,0.10484494,False
2976,-0.001178056,-0.024079876,False
2982,-0.009833231,-0.009833231,False
2957,-0.012963901,-0.012963901,False
2956,-0.024429109,0.0051856283,False
2955,0.0,0.0003367338,False
2936,-0.012734876,-0.012734876,False
2935,-0.048003234,-0.048003234,False
2934,-0.09099901,-0.12844142,False
2933,-0.047822252,0.040206134,False
2932,-0.0033912933,-0.0033912933,False
2931,0.0,0.0,False
2937,0.021871231,0.0,False
2930,-0.09497541,-0.05074048,False
2928,-0.0049740216,-0.0049740216,False
2927,-0.004425956,-0.004425956,False
2926,0.03327098,-0.013438584,False
2925,0.036701262,0.11156517,False
2924,0.03142876,-0.014090374,False
2923,-0.0040659606,-0.06813192,False
2929,-0.050178148,-0.050178148,False
2921,0.018960046,-0.0050770068,False
2938,-0.0027034134,-0.011039853,False
2940,0.019262668,-0.0032695183,False
2954,-0.009885786,-0.009885786,False
2953,-0.014364845,-0.014364845,False
2952,0.018827531,-0.004841865,False
2951,0.012434902,-0.012181557,False
2950,-0.017036473,-0.039184798,False
2949,-0.00070600584,-0.023590984,False
2939,0.020454574,0.0,False
2948,0.0007763356,-0.03524667,False
2946,0.01321777,-0.0037076646,False
2945,0.09186679,-0.041112363,False
2944,-0.004230254,-0.004230254,False
2943,0.023628356,0.008495802,False
2942,0.0,0.0,False
2941,0.0,0.0,False
2947,-0.0012015998,0.041462168,False
2851,-0.0032087676,-0.028850574,False
3134,-0.026080966,-0.062665045,False
3136,-0.018372864,-0.047769163,False
3315,0.013025542,-0.009913984,False
3316,0.019944798,-0.022647921,False
3317,-0.004987846,-0.004987846,False
3318,0.0,0.0,False
3319,-0.023469955,-0.04315319,False
3320,-0.008760305,-0.02389357,False
3321,0.05569612,0.03321408,False
3322,0.0,0.0,False
3323,0.0,0.0,False
3324,-0.024812547,-0.024812547,False
3325,0.034816027,-0.009897297,False
3326,0.010397345,-0.03357949,False
3327,0.031441234,-0.03091444,False
3328,-0.008460385,-0.008460385,False
3329,-0.013921598,-0.036153294,False
3330,0.0,0.0,False
3331,0.012190983,0.008128829,False
3345,-0.0124918865,-0.0124918865,False
3344,0.0028119124,-0.03852075,False
3343,0.014762994,-0.055359386,False
3342,0.03904385,-0.0014355283,False
3341,0.1193347,0.09340708,False
3340,-0.42477486,-0.08445072,False
3314,0.0,0.0,False
3339,0.011581108,0.059295088,False
3337,0.018676564,0.07841179,False
3336,-0.0147006335,-0.0147006335,False
3335,0.0,0.0,False
3334,0.006840246,-6.808154e-05,False
3333,0.029537909,-0.015545727,False
3332,0.0061579533,-0.05881017,False
3338,-0.0055447854,-0.02815135,False
3313,-0.017476592,-0.017476592,False
3312,0.03683375,0.11989413,False
3311,-0.005950464,-0.027379245,False
3292,-0.34988952,0.1950121,False
3291,-0.49665546,-0.29898095,False
3290,0.0,0.0,False
3289,0.017087907,-0.037974823,False
3288,-0.004681545,-0.004681545,False
3287,0.0,0.0,False
3293,-0.84496737,-0.22341144,False
3286,0.022121223,0.0,False
3284,0.0,0.0,False
3283,0.004775863,0.015971806,False
3282,-0.38038635,-0.060844123,False
3281,0.0061160885,-0.050179277,False
3280,-0.067410395,-0.05656667,False
3279,-0.004681545,0.0143046845,False
3285,0.14881113,0.18343174,False
3346,0.01615277,-0.02840122,False
3294,-0.009733317,0.015579766,False
3296,0.0,0.0,False
3310,0.0,0.0,False
3309,-0.07187638,0.016520582,False
3308,0.0,0.0,False
3307,0.0,0.0,False
3306,0.03521927,0.1167403,False
3305,-0.35857117,-0.3912121,False
3295,0.26800892,0.1681228,False
3304,-0.4848256,-0.02754569,False
3302,-0.26389825,-0.05632186,False
3301,-0.4672864,0.0052706003,False
3300,0.0,0.0,False
3299,-0.14780962,0.32400095,False
3298,-0.03356731,0.021662831,False
3297,0.016255975,-0.26218218,False
3303,-0.21609366,0.16517127,False
3278,-0.015671708,-0.023579214,False
3347,0.00954926,-0.07157792,False
3349,0.013338016,-0.0043214094,False
3386,-0.004418567,-0.035479546,False
3387,0.0,0.0,False
3388,0.052069858,-0.014544694,False
3389,0.0009222105,-0.01501805,False
3390,0.0,0.0,False
3391,-0.019811595,-0.019811595,False
3392,-0.0051040817,-0.0051040817,False
3393,-0.014056595,-0.014056595,False
3394,0.0,0.0,False
3395,-0.0039443076,0.0810601,False
3396,-0.014566645,-0.02969991,False
3397,-0.042114273,-0.083346985,False
3398,-0.009510893,-0.009510893,False
3399,0.013294967,-0.008621255,False
3400,0.015004627,-0.04103227,False
3401,-0.010250543,-0.010250543,False
3402,0.23636404,-0.12324464,False
3416,-0.007231742,-0.0749231,False
3415,-0.0336679,-0.0336679,False
3414,0.0,0.0,False
3413,0.0,0.0,False
3412,0.031035222,-0.013954827,False
3411,-0.060062334,-0.09580381,False
3385,0.004030183,-0.05197686,False
3410,0.0128949545,-0.009847019,False
3408,0.013262488,-0.024125949,False
3407,0.0,0.057496466,False
3406,0.08586214,-0.027085293,False
3405,0.0036328733,-0.019839896,False
3404,0.024883606,-0.06469631,False
3403,0.025612945,-0.019560037,False
3409,-0.033783533,-0.033783533,False
3384,0.0,0.0,False
3383,-0.010032423,-0.010032423,False
3382,-0.0041037896,-0.0041037896,False
3363,-0.115597434,-0.12559177,False
3362,-0.030699134,-0.053972054,False
3361,-0.008247882,0.0051108673,False
3360,0.01797317,-0.0049898075,False
3359,0.0,0.0,False
3358,0.0,0.0,False
3364,0.053934798,0.05552949,False
3357,0.046054475,0.010592706,False
3355,-0.004887038,-0.004887038,False
3354,0.12829645,-0.015199408,False
3353,-0.0033912933,-0.0033912933,False
3352,-0.008287234,-0.031834997,False
3351,0.0,0.0,False
3350,0.017849617,-0.004717735,False
3356,-0.014406246,-0.014406246,False
3348,0.015452355,0.09966241,False
3365,0.09187639,-0.12253946,False
3367,-0.010004349,-0.010004349,False
3381,-0.06755963,-0.15748698,False
3380,0.0024451986,-0.020494327,False
3379,0.058713205,-0.052364267,False
3378,-0.0021205787,-0.024370957,False
3377,-0.009943292,0.048949026,False
3376,0.01807857,-0.004631537,False
3366,-0.0055212546,-0.027897049,False
3375,-0.0018140096,-0.024078343,False
3373,0.0,0.0,False
3372,-0.029636726,-0.05194477,False
3371,0.012804931,-0.004227171,False
3370,0.038019948,-0.04894748,False
3369,0.0023803487,-0.037771028,False
3368,-0.00891087,-0.00891087,False
3374,-0.0035814513,-0.019521711,False
3135,-0.040496603,0.0061496347,False
3277,0.016184617,-0.020988677,False
3275,0.0,0.0,False
3173,-0.018609595,-0.018609595,False
3174,-0.17458043,-0.083471,False
3175,-0.020039886,-0.020039886,False
3176,-0.0030344948,0.0042865537,False
3177,-0.04493797,0.21220458,False
3178,-0.0047487416,-0.0047487416,False
3179,0.06084287,0.008079618,False
3180,-0.02306272,-0.0430709,False
3181,0.41744757,0.07133508,False
3182,-0.005027678,-0.0032302,False
3183,-0.14704761,-0.2422392,False
3184,-0.016460255,0.017271042,False
3185,-0.029757485,-0.012414053,False
3186,0.11247979,-0.05149897,False
3187,-0.10515317,-0.0024901628,False
3188,-0.027555764,-0.053862542,False
3189,0.0,0.0,False
3203,0.06374693,-0.08339447,False
3202,0.36564553,-0.14290768,False
3201,-0.033361793,-0.06683934,False
3200,0.005575061,-0.16772312,False
3199,-0.036932826,0.14894314,False
3198,-0.0045059593,-0.0045059593,False
3172,0.0,0.0,False
3197,0.02159084,-0.013550103,False
3195,-0.05739733,-0.07124088,False
3194,-0.013365962,-0.053533074,False
3193,-0.01737837,0.0775003,False
3192,0.012994504,-0.004787627,False
3191,-0.02413699,-0.10547061,False
3190,0.044091985,-0.0021441877,False
3196,0.009395361,0.04329148,False
3171,-0.022870004,-0.035020404,False
3170,-0.295016,-0.44921142,False
3169,-0.6532798,-0.123811245,False
3150,0.0,0.0,False
3149,-0.019336132,-0.019336132,False
3148,-0.0014642626,-0.06483626,False
3147,-0.10808739,-0.027645826,False
3146,0.0008250177,-0.0650986,False
3145,-0.11534548,-0.16779101,False
3151,-3.0193478e-06,-0.025554007,False
3144,-0.08586228,0.030633032,False
3142,-0.008769425,-0.008769425,False
3141,0.019247733,0.021145009,False
3140,-0.014451295,-0.014380679,False
3139,-0.059162885,-0.10264612,False
3138,-0.015256577,-0.015256577,False
3137,-0.5973131,-0.21766186,False
3143,0.022806376,-0.13182521,False
3204,-0.6884632,-0.4547429,False
3152,0.02615419,-0.04752393,False
3154,-0.12554516,-0.1399726,False
3168,-0.020431042,-0.5513302,False
3167,0.020533785,-0.017985463,False
3166,0.0,0.00045910038,False
3165,-0.014766209,0.017973505,False
3164,-0.0109499395,-0.009265333,False
3163,0.012745859,-0.009923089,False
3153,-0.11651507,0.050633103,False
3162,0.021312378,-0.024089348,False
3160,0.017357513,0.04935983,False
3159,0.13375211,-0.14420283,False
3158,-0.04429838,-0.107937604,False
3157,-0.07378501,0.017317355,False
3156,0.03859958,0.0016930699,False
3155,-0.032578904,-0.032578904,False
3161,-0.05837117,0.018957585,False
3276,-0.03287712,-0.029551325,False
3205,-0.05981305,-0.07251522,False
3207,-0.2092936,0.054698706,False
3244,-0.009717714,-0.009690613,False
3245,-0.009745601,-0.009743202,False
3246,0.03903098,-0.004681545,False
3247,0.0,0.0,False
3248,-0.04525411,-0.0003052354,False
3249,-0.00010986626,-0.04286038,False
3250,-0.005037054,-0.005037054,False
3251,0.12298584,-0.019416332,False
3252,-0.096480906,0.048078418,False
3253,-0.049004085,0.11326924,False
3254,-0.017619455,-0.017141568,False
3255,0.020093199,0.0,False
3256,-0.074779525,-0.08828548,False
3257,-0.019531902,-0.019106705,False
3258,-0.003967165,-0.003967165,False
3259,0.08817437,0.112455815,False
3260,0.030253753,0.036256745,False
3274,0.061270505,0.07737169,False
3273,-0.022438735,-0.039979212,False
3272,0.014362147,-0.0051370226,False
3271,-0.2802782,-0.09076619,False
3270,-0.078498796,-0.049758464,False
3269,0.11359453,-0.0057448447,False
3243,-0.009247998,-0.009247998,False
3268,-0.019261718,0.10707462,False
3266,0.13904831,0.04102063,False
3265,-0.13346776,-0.0022774339,False
3264,-0.3820902,-0.62455326,False
3263,-0.07670218,0.07855332,False
3262,-0.114987016,-0.22557157,False
3261,-0.01890397,-0.30413556,False
3267,-0.027580827,-0.12959945,False
3242,0.0,6.6518805e-05,False
3241,0.0,0.0,False
3240,-0.33240783,-0.1674794,False
3221,-0.056826413,-0.3026365,False
3220,-0.03327106,0.0685167,False
3219,-0.0075443387,-0.01735378,False
3218,-0.019101977,-0.21309999,False
3217,0.13650444,-0.15776739,False
3216,-0.25783944,-0.15842013,False
3222,0.11339429,0.13335207,False
3215,-0.084785715,-0.070697874,False
3213,-0.13268748,-0.09148428,False
3212,0.11062825,0.10521531,False
3211,-0.09878498,-0.073874116,False
3210,0.024284974,0.044095293,False
3209,-0.0021008942,-0.025271483,False
3208,-0.14688691,-0.03998983,False
3214,-0.004478243,-0.004478243,False
3206,-0.10614988,-0.112066984,False
3223,-0.06898637,-0.027082399,False
3225,-0.14925992,-0.12027177,False
3239,-0.03320524,-0.016624957,False
3238,0.07277018,-0.086227775,False
3237,0.0718644,-0.05650045,False
3236,0.021916222,0.0,False
3235,-0.58248496,-0.3374691,False
3234,-0.28410077,0.010649681,False
3224,-0.032154206,-0.029266095,False
3233,0.08880687,0.097519875,False
3231,0.19390392,0.02644217,False
3230,0.07357776,-0.08759454,False
3229,0.026505917,0.07127313,False
3228,-0.0745594,-0.058952257,False
3227,-0.14698839,-0.02288425,False
3226,0.01620844,-0.02316662,False
3232,-0.022970222,-0.030354358,False
2850,-0.004631537,-0.004631537,False
2849,0.011316158,-0.035987176,False
2848,0.0,0.0,False
2461,0.018139575,-0.0035961804,False
2462,0.13470012,0.23485023,False
2463,0.04378061,-0.024242846,False
2464,0.039188128,-0.05329853,False
2465,0.0165551,-0.004664058,False
2466,-0.012720231,-0.012720231,False
2467,0.03358823,-0.010161277,False
2468,0.0023944583,-0.01352203,False
2469,-0.009801881,-0.009801881,False
2470,-0.021398965,-0.03800358,False
2471,0.0,0.0,False
2472,0.1388771,-0.18976027,False
2473,0.0021093544,-0.019771308,False
2474,0.035041492,-0.013383982,False
2475,-0.0063009337,-0.051536202,False
2476,0.0,0.0,False
2477,0.0043136477,-0.030149367,False
2491,-0.009884536,-0.009884536,False
2490,0.023945829,-0.016756551,False
2489,0.02751489,-0.043762386,False
2488,0.011490263,-0.044446938,False
2487,-0.016425833,0.06995367,False
2486,0.046489622,-0.018653069,False
2460,0.028604269,-0.12646273,False
2485,0.007949804,-0.009832327,False
2483,-0.00453614,-0.00453614,False
2482,-0.004578764,-0.0038123108,False
2481,0.0060641468,-0.0359923,False
2480,-0.01851472,-0.01851472,False
2479,-0.009134175,-0.009134175,False
2478,0.035238765,-0.009860441,False
2484,-0.03335344,-0.0552341,False
2459,-0.03608162,-0.03608162,False
2458,-0.0039614746,-0.0039614746,False
2457,-0.01692377,-0.04532543,False
2438,0.0,0.0,False
2437,0.0,0.0009844028,False
2436,0.017031368,0.10544452,False
2435,0.18205583,0.118955344,False
2434,0.025066586,-0.013268124,False
2433,-0.050901547,-0.03563594,False
2439,-0.003592351,-0.00027069217,False
2432,0.04305964,-0.012306789,False
2430,0.0,1.6867125e-05,False
2429,0.0,1.8246315e-05,False
2428,0.012787161,-0.009877982,False
2427,-0.0035954954,-0.0035954954,False
2426,-0.030715246,-0.0027894434,False
2425,0.0,0.0,False
2431,-0.019963115,-0.019963115,False
2492,0.003483206,-0.021990074,False
2440,-0.018555399,-0.018555399,False
2442,0.0027217474,-0.02058104,False
2456,0.02653366,-0.014406484,False
2455,0.0,0.0,False
2454,-0.047568075,-0.037295602,False
2453,0.08803023,-0.038516782,False
2452,0.02955719,0.029774815,False
2451,-0.027862774,-0.05046934,False
2441,0.0062371045,0.009628117,False
2450,-0.004858116,-0.004858116,False
2448,-0.004931114,-0.004931114,False
2447,-0.0028028116,0.012574792,False
2446,0.059785426,0.0011400878,False
2445,0.052081548,-0.04212103,False
2444,0.0,0.0,False
2443,-0.009151107,-0.009151107,False
2449,-0.038020924,-0.09872244,False
2424,0.0031670388,-0.018463312,False
2493,-0.014007762,-0.014007762,False
2495,-0.0095830085,0.047010835,False
2532,-0.015904427,-0.06427631,False
2533,-0.0043214094,-0.0043214094,False
2534,-0.016851665,-0.016851665,False
2535,-0.057347894,0.047722585,False
2536,-0.000839293,-0.03482613,False
2537,-0.068251416,-0.072410166,False
2538,-0.01525384,-0.01525384,False
2539,-0.014681973,-0.014681973,False
2540,-0.023419045,-0.023419045,False
2541,0.005547354,0.034900673,False
2542,-0.004683405,-0.004683405,False
2543,-0.0035954954,-0.0035954954,False
2544,0.018429756,-0.0045929668,False
2545,0.06973316,0.06229861,False
2546,0.0,0.0,False
2547,-0.004356498,-0.004356498,False
2548,-0.040687993,-0.08889316,False
2562,0.012241829,-0.033636563,False
2561,-0.0080214515,-0.0080214515,False
2560,-0.09453488,-0.09044491,False
2559,0.01870578,-0.0047623646,False
2558,-0.028214004,-0.052667722,False
2557,-0.019601338,-0.019025132,False
2531,-0.0072789835,-0.0072789835,False
2556,0.019869983,-0.06772053,False
2554,0.022517022,-0.048553847,False
2553,-0.004356498,-0.004356498,False
2552,-0.019301064,-0.019301064,False
2551,-0.13232282,-0.035567686,False
2550,0.03124249,0.041003436,False
2549,0.0,0.0,False
2555,-0.03058353,-0.051631413,False
2530,0.009628747,-0.056145195,False
2529,-0.03316174,-0.03316174,False
2528,-0.004629196,-0.004629196,False
2509,0.06769652,0.0009323433,False
2508,-0.009659838,-0.009659838,False
2507,0.04901685,-0.01921154,False
2506,-0.009602324,-0.009602324,False
2505,-0.009703178,-0.009703178,False
2504,0.01440667,-0.009433616,False
2510,-0.019232228,-0.019232228,False
2503,-0.05228251,-0.060322903,False
2501,0.013396993,-0.018152406,False
2500,-0.03801146,-0.040957034,False
2499,0.012326807,-0.010032166,False
2498,-0.0022042487,-0.024579156,False
2497,0.0,0.0,False
2496,-0.018701347,-0.018701347,False
2502,0.037861682,0.06488598,False
2494,0.01674284,-0.04285427,False
2511,0.0,0.0,False
2513,0.03096444,-0.014001222,False
2527,0.0,0.0,False
2526,-0.015001396,-0.015001396,False
2525,-0.018845558,-0.0568822,False
2524,-0.009311311,-0.009311311,False
2523,-0.01244086,-0.059301175,False
2522,0.039180428,-0.06678034,False
2512,-0.036245592,-0.036245592,False
2521,0.0035156421,-0.020337973,False
2519,-0.0050774873,-0.0050774873,False
2518,0.01169819,-0.03010441,False
2517,0.021285335,-0.01932689,False
2516,0.016863812,-0.03896836,False
2515,-0.018847538,-0.018847538,False
2514,0.017949436,-0.0036221,False
2520,0.054264657,-0.0062031,False
2563,0.08976655,-0.028252319,False
2423,-0.0046792245,-0.0046792245,False
2421,0.036386363,-0.004685581,False
2318,0.23051155,-0.047747433,False
2319,-0.024705604,0.012549236,False
2320,-0.012893997,-0.082518,False
2321,-0.0397183,-0.22165588,False
2322,0.2125057,0.4763286,False
2323,-0.052078202,-0.021759495,False
2324,-0.018441113,-0.008634127,False
2325,-0.2546494,-0.2928685,False
2326,0.07692492,-0.16168076,False
2327,0.41766858,-0.106651545,False
2328,-0.12011489,-0.09866676,False
2329,0.034204036,0.046391368,False
2330,0.0038866103,-0.06566826,False
2331,-0.009101484,-0.009101484,False
2332,-0.044823915,-0.016054243,False
2333,0.023547292,-0.3823908,False
2334,-0.61457586,-0.07761514,False
2348,-0.045330744,-0.045330744,False
2347,-0.20737243,-0.20784444,False
2346,-0.0051378873,0.045131657,False
2345,-0.09011561,-0.13046324,False
2344,0.049356252,0.07949898,False
2343,-0.49123323,-0.32042718,False
2317,-0.003466159,-0.27557835,False
2342,0.010011602,0.011088887,False
2340,-0.013921309,-0.032388497,False
2339,0.03238663,-0.032370195,False
2338,-0.0049358276,-0.0049358276,False
2337,-0.009205138,-0.009205138,False
2336,-0.07612479,-0.06432128,False
2335,-0.22424531,-0.32535356,False
2341,-0.0049597723,-0.0049597723,False
2316,0.011427196,-0.009712329,False
2315,0.1250118,-0.060050458,False
2314,-0.08574773,-0.07340437,False
2295,-0.022680148,0.042224213,False
2294,0.029511135,-0.035289697,False
2293,0.29673398,-0.032013357,False
2292,-0.0552265,0.0405967,False
2291,0.009048756,-0.04599852,False
2290,-0.051333502,-0.051285125,False
2296,-0.014870554,-0.014870554,False
2289,-0.001355011,-0.024755536,False
2287,-0.014442146,-0.07016381,False
2286,0.032042198,-0.058424573,False
2285,-0.032686286,-0.013944995,False
2284,0.0,0.0,False
2283,-0.03921108,0.006944895,False
2282,-0.0044944426,-0.0044944426,False
2288,0.0002896823,-0.0050813872,False
2349,0.14558554,-0.11557022,False
2297,0.06032388,-0.031249724,False
2299,-0.07439622,0.012916565,False
2313,0.02272959,0.08364634,False
2312,-0.05729597,-0.057164457,False
2311,-0.115201846,-0.17015356,False
2310,-0.07015002,-0.21458876,False
2309,0.011814747,-0.03329112,False
2308,-0.01372008,0.0021303147,False
2298,-0.004285753,0.015861854,False
2307,-0.22957323,-0.095611215,False
2305,-0.05359398,-0.09721947,False
2304,-0.05363138,0.06832364,False
2303,-0.10188848,0.069049,False
2302,0.042108,-0.028360784,False
2301,-0.01578328,-0.0250327,False
2300,-0.028170884,-0.0611798,False
2306,-0.044094622,-0.083373904,False
2422,0.0074479375,-0.01856141,False
2350,-0.008906476,0.01316487,False
2352,0.11543125,-0.04280162,False
2389,-0.00453614,-0.00453614,False
2390,-0.04441897,-0.04441897,False
2391,-0.0413304,-0.041313898,False
2392,0.0,0.0,False
2393,-0.012519546,-0.044234872,False
2394,-0.014111321,-0.013765661,False
2395,-0.031496882,0.009296685,False
2396,-0.0462764,-0.04627318,False
2397,-0.0046660346,-0.0046660346,False
2398,-0.0048913304,-0.0048913304,False
2399,0.014426522,-0.061327044,False
2400,-0.039031316,-0.009376958,False
2401,0.033968173,-0.008194903,False
2402,0.0060283616,0.007930353,False
2403,0.0,0.017948214,False
2404,0.007937957,-0.05866797,False
2405,-0.0024202038,-0.023594048,False
2420,0.0025727637,-0.019269705,False
2419,0.009837531,-0.014227457,False
2418,0.060332384,0.0011019763,False
2417,-0.0052176584,-0.0052176584,False
2416,0.09068498,0.042708416,False
2415,0.014102992,-0.009606633,False
2388,0.058838733,-0.031814363,False
2414,-0.015533564,-0.015533564,False
2412,-0.004801857,-0.004801857,False
2411,0.019598093,-0.018451728,False
2410,0.0,0.0,False
2409,0.05914387,-0.009885533,False
2408,0.1236255,-0.033054918,False
2407,-0.07596934,-0.07435341,False
2413,-0.0052432916,-0.0052432916,False
2387,-0.009313649,-0.009313649,False
2386,-0.006143555,-0.020031363,False
2385,-0.0017316397,-0.024666084,False
2366,0.16983402,-0.17695004,False
2365,-0.014767885,-0.04535091,False
2364,0.15703632,0.11981793,False
2363,-0.007059574,0.1995213,False
2362,0.3281896,-0.015832245,False
2361,0.0034627318,-0.28800112,False
2367,0.0002849102,0.14221168,False
2360,0.13106892,-0.0065078437,False
2358,0.01252196,0.0052046105,False
2357,0.0004033856,-0.042911723,False
2356,-0.1161321,-0.1046261,False
2355,0.025129676,-0.16671711,False
2354,-0.28780293,0.14376259,False
2353,-0.010358337,-0.010358337,False
2359,-0.059469853,-0.047440078,False
2351,-0.041549265,0.12185508,False
2368,-0.13493192,-0.3667221,False
2370,0.0,1.635979e-05,False
2384,0.049250927,-0.014435325,False
2383,-0.02270564,-0.02270564,False
2382,0.0,0.0,False
2381,0.011892324,-0.008909803,False
2380,-0.16620018,-0.081715,False
2379,-0.0055344235,-0.028294856,False
2369,0.08094674,-0.072600365,False
2378,0.10653928,-0.17317164,False
2376,-0.068818405,-0.018188357,False
2375,-0.008962691,0.021786362,False
2374,-0.033495545,0.036435604,False
2373,0.0,0.0,False
2372,0.0,0.0,False
2371,0.015598822,0.006559702,False
2377,-0.011884809,0.012687981,False
2564,-0.001714725,-0.024089633,False
2565,-0.049072795,-0.016975544,False
2566,-0.00812537,-0.00812537,False
2746,-0.068795055,-0.050945003,False
2747,-0.008152405,-0.008152405,False
2748,-0.036858074,0.038157374,False
2749,-0.050434582,-0.095245,False
2750,-0.02365235,-0.02365235,False
2751,0.0072723813,-0.029255968,False
2752,0.0,0.0,False
2753,0.066206574,-0.12816268,False
2754,0.0,0.0,False
2755,-0.096663326,0.08339459,False
2756,-0.006741332,-0.029184202,False
2757,-0.012829389,-0.012829389,False
2758,0.0,0.0,False
2759,-0.033360317,-0.033360317,False
2760,-0.008557328,-0.008388161,False
2761,0.0,0.0,False
2762,0.0032079555,-0.019814767,False
2776,-0.014808271,-0.034104906,False
2775,0.021707203,-0.02399733,False
2774,0.0028045774,-0.072733134,False
2773,0.05378575,-0.032201163,False
2772,0.0,0.0029032202,False
2771,0.015363941,-0.0047292574,False
2745,-0.0050043217,-0.0050043217,False
2770,-0.008671634,-0.008671634,False
2768,0.0,6.274845e-06,False
2767,-0.010109052,-0.05314494,False
2766,0.07002099,-0.043253064,False
2765,0.048893794,-0.02787625,False
2764,-0.028604725,-0.028604725,False
2763,-0.014290623,-0.014278581,False
2769,-0.009393626,-0.009393626,False
2744,0.0,0.0,False
2743,0.0,0.0,False
2742,0.020454574,0.0,False
2723,0.0,0.0,False
2722,-0.0032947345,0.0033128953,False
2721,-0.0019595474,-0.045426786,False
2720,-0.030057134,-0.030057134,False
2719,-0.0053600036,-0.0053600036,False
2718,0.021421736,0.0,False
2724,0.0,0.0,False
2717,-0.026704952,-0.107886456,False
2715,-0.014217463,-0.014217463,False
2714,0.007871712,-0.015059687,False
2713,-0.03699285,-0.029946264,False
2712,0.013295591,-0.009680705,False
2711,-0.0020444319,-0.01905379,False
2710,0.049585447,-0.06133847,False
2716,-0.017652161,-0.03872907,False
2777,-0.02965595,-0.05261893,False
2725,0.0,0.00087643176,False
2727,0.014000118,-0.0073286183,False
2741,-0.0045162076,-0.0045162076,False
2740,0.010502169,-0.012580119,False
2739,-0.0017649718,-0.024182674,False
2738,-0.008811414,0.017934538,False
2737,0.017354196,-0.0042173397,False
2736,-0.009931056,-0.009931056,False
2726,-0.011278987,-0.020101689,False
2735,-0.009560819,-0.009560819,False
2733,0.019031733,0.0376324,False
2732,0.0,0.0,False
2731,0.022180457,-0.019811083,False
2730,0.01099545,-0.006502252,False
2729,-0.028895412,-0.05048817,False
2728,0.02768118,-0.023857154,False
2734,-0.005046529,-0.005046529,False
2709,-0.014868487,-0.014868487,False
2778,-0.019035626,-0.006976364,False
2780,-0.0044247913,-0.0044247913,False
2817,0.018680058,-0.0036166578,False
2818,0.010256999,-0.009876131,False
2819,0.05034016,-0.03931149,False
2820,0.037713863,-0.024019856,False
2821,0.06382582,-0.018372342,False
2822,0.017400127,-0.028994132,False
2823,0.022001227,-0.020247387,False
2824,0.018564358,-0.045804035,False
2825,0.009791177,-0.013566375,False
2826,0.0,0.0,False
2827,-0.0332909,0.022889078,False
2828,-0.06770308,0.0327947,False
2829,0.031144373,0.073462,False
2830,0.017659426,0.00015232024,False
2831,-0.024415273,-0.024415273,False
2832,0.007618472,-0.0031477837,False
2833,-0.050849438,-0.15220103,False
2847,0.027233263,-0.017995553,False
2846,0.0,0.0010804124,False
2845,-0.019128505,-0.019128505,False
2844,-0.011991642,0.12570825,False
2843,-0.019409886,-0.019409886,False
2842,0.0,0.021866594,False
2816,0.0808285,-0.07853452,False
2841,-0.0064164046,-0.026825864,False
2839,0.066812,0.0,False
2838,0.0,0.0,False
2837,0.020175114,-0.0035210575,False
2836,0.03103311,-0.014905874,False
2835,-0.034648165,-0.055505004,False
2834,-0.028370246,-0.014165357,False
2840,0.0022629015,-0.018784981,False
2815,-0.010071155,-0.010071155,False
2814,0.0,0.0,False
2813,0.001324702,-0.014092151,False
2794,0.0121832285,-0.009729819,False
2793,0.0,0.0,False
2792,0.031160522,-0.058030847,False
2791,0.01930701,-0.004274767,False
2790,-0.010042809,-0.015122108,False
2789,-0.015087787,-0.011987854,False
2795,-0.027102742,-0.027066054,False
2788,-0.0048921127,-0.0048921127,False
2786,0.030101437,0.006469939,False
2785,-0.00593812,0.009561054,False
2784,0.0,0.0,False
2783,-0.0010717213,-0.024706086,False
2782,0.019783251,0.0,False
2781,-0.124359414,-0.074116945,False
2787,0.0,0.0,False
2779,-0.004703655,-0.004703655,False
2796,-0.032154337,0.043135397,False
2798,-0.020539712,-0.040383905,False
2812,-0.023650313,-0.023650313,False
2811,-0.0093977265,-0.0093977265,False
2810,-0.017695785,-0.05590032,False
2809,-0.18553095,0.0018753111,False
2808,-0.025191952,-0.025191952,False
2807,-0.028047241,-0.028047241,False
2797,0.09345633,-0.015520275,False
2806,-0.15126514,-0.1560943,False
2804,0.0,0.0,False
2803,-0.014638422,-0.0145926885,False
2802,-0.023665171,-0.023665171,False
2801,-0.0013192091,-0.024490872,False
2800,0.013512548,0.051519018,False
2799,0.035319015,-0.01018212,False
2805,0.016528307,0.0060256366,False
2708,-0.10349797,-0.05480031,False
2707,-0.0101193115,-0.0101193115,False
2706,0.004077714,-0.018633015,False
2603,-0.00839122,-0.02303572,False
2604,-0.027612774,-0.027612774,False
2605,0.0,0.0,False
2606,-0.019717608,0.04383358,False
2607,0.028191596,0.013869211,False
2608,0.0,0.0,False
2609,0.0092990305,-0.009825206,False
2610,-0.30298004,-0.089401126,False
2611,0.05019874,-0.09341064,False
2612,0.020185266,-0.02458458,False
2613,-0.004693512,-0.022011211,False
2614,0.04898784,-0.03783725,False
2615,0.031931505,0.02300696,False
2616,-0.021756552,0.03696467,False
2617,-0.0046837158,-0.0046837158,False
2618,-0.0077267047,-0.0077267047,False
2619,0.021885386,0.0,False
2633,-0.013557134,-0.013557134,False
2632,0.019172886,-0.0051085497,False
2631,0.04436557,0.0085398555,False
2630,-0.11273339,-0.13033083,False
2629,-0.1224068,-0.118142344,False
2628,0.03416087,-0.009302159,False
2602,0.08159301,-0.09487112,False
2627,-0.023500606,-0.044577517,False
2625,0.023038313,-0.017505718,False
2624,0.01231163,-0.027819064,False
2623,-0.013597757,-0.013597757,False
2622,0.008734155,-0.013836915,False
2621,-0.044960696,-0.053415816,False
2620,0.109692916,-0.013712838,False
2626,-0.008521769,-0.008521769,False
2601,0.04342603,-0.045527622,False
2600,-0.09229376,-0.017993867,False
2599,0.013250351,-0.077389024,False
2580,-0.06042037,-0.1149513,False
2579,-0.004335512,-0.0042008697,False
2578,0.0097669065,0.03222598,False
2577,-0.11346467,-0.1032044,False
2576,-0.004365054,-0.004365054,False
2575,-0.020017978,-0.020017978,False
2581,0.016078707,-0.007077926,False
2574,0.0,0.0,False
2572,0.04940182,-0.0005661212,False
2571,0.0,9.944514e-06,False
2570,0.062442224,-0.02752596,False
2569,-0.003175309,-0.024597045,False
2568,0.0,0.0037491,False
2567,-0.009630399,-0.009630399,False
2573,0.0,0.0,False
2634,-0.009663554,-0.009663554,False
2582,-0.011998933,-0.011998933,False
2584,-0.032659538,-0.043567214,False
2598,-0.008744627,0.026959412,False
2597,4.440546e-05,0.02205173,False
2596,-0.11304047,0.037569016,False
2595,-0.01362326,-0.09470351,False
2594,0.022888994,0.0,False
2593,-0.0013508052,-0.013766816,False
2583,-0.028618766,-0.028618766,False
2592,-0.001833437,-0.019518746,False
2590,-0.004955982,-0.004955982,False
2589,-0.00949287,-0.00949287,False
2588,-0.014126241,-0.014126241,False
2587,0.03996994,0.008281802,False
2586,-0.00943495,-0.00943495,False
2585,0.0033414215,0.05596149,False
2591,-0.022786288,-0.022638017,False
2635,0.016506616,-0.027483448,False
2636,0.0,0.0,False
2637,0.03382606,-0.010064383,False
2687,-0.004778782,-0.004778782,False
2686,-0.018923597,-0.018923597,False
2685,-0.023604125,-0.012344316,False
2684,0.028042957,0.064409375,False
2683,0.07615071,-0.061987825,False
2682,0.022180023,0.0,False
2688,-0.013194227,-0.013194227,False
2681,-0.019041076,-0.019041076,False
2679,-0.03540218,-0.5172854,False
2678,0.018258117,-0.0050148023,False
2677,-0.008717086,-0.008717086,False
2676,0.01772768,-0.029352672,False
2675,0.041932147,-0.028248895,False
2674,-0.008326601,-0.02997075,False
2680,-0.009675654,-0.009675654,False
2673,-0.0047542667,-0.0046732705,False
2689,-0.005014578,-0.005014578,False
2691,0.0006048158,-0.0034622252,False
2705,-0.0046302197,-0.0046302197,False
2704,0.012849994,-0.0049321367,False
2703,0.0,0.00032785474,False
2702,-0.013427132,-0.013427132,False
2701,0.06932401,-0.022801599,False
2700,0.012917267,-0.009646284,False
2690,0.0059832176,-0.011798914,False
2699,-0.020580553,-0.023352113,False
2697,-0.03773676,-0.03101884,False
2696,0.025631156,-0.02226739,False
2695,0.020335129,-0.005872624,False
2694,-0.04512419,-0.04512419,False
2693,-0.046888743,-0.04638162,False
2692,-0.12014991,0.035312027,False
2698,0.024026588,-0.034222607,False
3417,-0.13435787,0.19468573,False
2672,0.019468792,-0.0040039783,False
2670,0.036926813,-0.056721255,False
2651,-0.00534394,-0.047975957,False
2650,-0.019135911,-0.018976301,False
2649,0.03296692,-0.009856721,False
2648,0.03450714,-0.010573611,False
2647,-0.009314057,-0.009314057,False
2646,0.04309254,-0.024074035,False
2652,-0.0064502526,-0.028217614,False
2645,-0.0068625165,0.020577341,False
2643,0.01780288,-0.027225599,False
2642,-0.0047710487,-0.0047710487,False
2641,0.020253478,-0.02472088,False
2640,0.0,0.0,False
2639,0.0,0.0,False
2638,0.05991146,-0.008711746,False
2644,0.016358782,8.2484876e-05,False
2671,-0.02469669,-0.02469669,False
2653,-0.070093565,-0.012837045,False
2655,0.018218046,-0.0046765343,False
2669,0.007853769,-0.01467658,False
2668,-0.0033893958,-0.049692474,False
2667,0.0,2.4817122e-05,False
2666,0.05255764,-0.04614336,False
2665,-0.023371618,-0.022432968,False
2664,0.02013313,0.0,False
2654,-0.03170331,-0.03170331,False
2663,-0.0053511714,-0.0053511714,False
2661,-0.037699595,-0.037699595,False
2660,-0.019853413,-0.019853413,False
2659,-0.024001641,-0.041783772,False
2658,0.0,0.0,False
2657,0.0,0.0,False
2656,-0.03568552,-0.039162703,False
2662,-0.08323019,-0.11190881,False
2281,0.0,0.004156112,False
3418,0.011006765,0.03634362,False
3420,-0.02410736,-0.08981172,False
4169,-0.034113914,-0.052565485,False
4170,0.080269575,0.109335124,False
4171,-0.1250912,-0.16787648,False
4172,0.08403966,0.11736351,False
4173,0.072495595,0.0043948144,False
4174,0.12613547,-0.24163425,False
4175,-0.2429806,-0.23581553,False
4176,-0.027509049,-0.027431276,False
4177,-0.09287664,-0.015517592,False
4178,-0.025891304,0.24135941,False
4179,-0.00028208643,-0.0089362115,False
4180,0.020606652,-0.05877646,False
4181,-0.040965676,-0.040446505,False
4182,0.33997142,0.25617683,False
4183,-0.16067809,0.014218181,False
4184,0.00042550266,-0.042674318,False
4185,0.0031894315,-0.014856675,False
4199,-0.05986154,0.09777653,False
4198,-0.00940939,-0.009374307,False
4197,-0.04382634,-0.14883554,False
4196,0.01352388,-0.010134613,False
4195,-0.014320353,-0.014320353,False
4194,-0.09223765,0.16779077,False
4168,0.18638918,-0.043435097,False
4193,-0.0091213565,-0.00878707,False
4191,0.0001963824,-0.02956187,False
4190,0.1167959,0.010488927,False
4189,-0.04751704,-0.04297571,False
4188,0.058950186,-0.06694847,False
4187,-0.30839968,-0.58144903,False
4186,-0.15365243,-0.29070735,False
4192,0.065491915,-0.031533636,False
4167,0.12636799,0.067428194,False
4166,-0.036958694,0.100331604,False
4165,-0.1538409,0.05567953,False
4146,0.0,0.0,False
4145,-0.153059,-0.18735719,False
4144,-0.07970923,-0.036456943,False
4143,-0.01831994,-0.01831994,False
4142,0.011973143,-0.12875988,False
4141,0.006049961,-0.014752166,False
4147,0.039388567,0.10343069,False
4140,-0.010779997,-0.033480495,False
4137,-0.18046391,-0.071353674,False
4136,-0.11992436,-0.04255168,False
4135,0.0,0.00014173807,False
4134,-0.015231013,-0.082265526,False
4133,0.01857641,-0.028103184,False
4132,-0.02303474,-0.020196162,False
4139,-1.2330217,-0.887807,False
4200,0.14270747,-0.17097509,False
4148,0.0136071285,-0.009139693,False
4150,-0.0042025894,-0.19815157,False
4164,-0.21561015,-0.1763885,False
4163,0.6262939,0.072156906,False
4162,-0.2080672,-0.10737911,False
4161,0.0,0.0,False
4160,-0.094238505,0.05284804,False
4159,0.08567852,-0.0066170394,False
4149,-0.039678477,-0.028520264,False
4158,-0.16845554,-0.1982862,False
4156,0.30856043,-0.052377462,False
4155,0.053676188,-0.11701001,False
4154,-0.030302227,-0.0855467,False
4153,0.0066651106,-0.111953236,False
4152,-0.008584522,0.115466245,False
4151,0.075373024,-0.030726045,False
4157,0.02240789,-0.14418805,False
4131,-0.020079102,0.010760147,False
4201,-0.0052366713,-0.0052366713,False
4203,-0.7889674,-1.9651284,False
4240,-0.004857551,-0.004857551,False
4241,0.009094834,-0.020241704,False
4242,-0.22495621,-0.05617398,False
4243,-0.020905994,-0.06613634,False
4244,-0.009610141,-0.009599005,False
4245,-0.01784895,-0.01784895,False
4246,-0.18125696,-0.20471811,False
4247,0.0,0.0,False
4248,0.00855995,-0.013500832,False
4249,0.0,0.0,False
4250,-0.042991843,0.06268452,False
4251,-0.010010645,0.029765382,False
4252,-0.068091445,-0.1679869,False
4253,-0.5629078,-0.5699804,False
4254,-0.0022500996,-0.026908178,False
4255,-0.17775354,-0.21114397,False
4256,-0.054391533,-0.06531383,False
4270,-0.028370738,-0.016198158,False
4269,-0.019590199,-0.1147964,False
4268,-0.73140335,-0.40043736,False
4267,-0.17727897,-0.1331257,False
4266,0.043404415,0.06707202,False
4265,-0.008400315,-0.0059936605,False
4239,-0.454808,-0.30023074,False
4264,-0.10794148,-0.13905409,False
4262,-0.051953107,-0.03562489,False
4261,-0.0018419027,-0.031246945,False
4260,0.023174891,0.0,False
4259,0.0050311685,-0.06624779,False
4258,0.0,0.0,False
4257,0.027158495,-0.018227097,False
4263,0.09191977,0.047307648,False
4238,-0.2881838,-0.20761478,False
4237,-0.017987669,-0.025190264,False
4236,-0.26119387,0.14336395,False
4217,-0.067007065,-0.1802659,False
4216,0.17546672,0.08915314,False
4215,0.049411654,0.0277858,False
4214,0.06458644,-0.014349154,False
4213,-0.016566064,-0.03389966,False
4212,-0.16676715,-0.03423214,False
4218,-0.06615949,-0.077129245,False
4211,0.17022218,0.10086186,False
4209,0.2449806,0.15410888,False
4208,-0.013043633,-0.013043633,False
4207,0.0,0.00011461071,False
4206,-0.044322386,-0.06419429,False
4205,0.04129228,-0.013369769,False
4204,0.05629623,-0.09602103,False
4210,0.013363689,-0.0093855,False
4202,0.040753394,0.014403079,False
4219,0.0,0.0,False
4221,-0.014926672,-0.32283163,False
4235,0.022693308,-0.01671217,False
4234,-0.028851056,-0.025897002,False
4233,-0.06623981,-0.021984294,False
4232,-0.016244702,-0.057275392,False
4231,-0.113765955,0.13727134,False
4230,-0.016816616,0.011510253,False
4220,0.1511507,-0.09694004,False
4229,0.08165473,0.12818223,False
4227,-0.44073248,-0.3093838,False
4226,-0.006966114,-0.13595098,False
4225,-0.17930782,-0.5217681,False
4224,0.08045077,-0.5603137,False
4223,0.014403325,-0.004699221,False
4222,-0.0911057,-0.087058365,False
4228,-0.05663991,0.012419015,False
4271,-0.006692469,0.041321173,False
4130,0.013180412,0.017132804,False
4128,0.16755348,0.04047379,False
4026,-0.34506303,-0.31350088,False
4027,0.0342834,-0.048463255,False
4028,-0.03278174,-0.03278174,False
4029,-0.015048746,-0.058813736,False
4030,-0.024959505,0.044094503,False
4031,-0.1298153,-0.083396226,False
4032,-0.17058134,-0.24685764,False
4033,0.010945559,-1.252265,False
4034,0.015814148,0.98104554,False
4035,-0.26001167,0.35337877,False
4036,-0.30513376,-0.577857,False
4037,-0.037482094,0.045129053,False
4038,-0.02659142,-0.043212652,False
4039,-0.050370306,-0.08094016,False
4040,-0.06203112,0.10021806,False
4041,0.02392184,-0.06239234,False
4042,-0.021997515,-0.037642423,False
4056,-0.023432277,0.021567218,False
4055,-0.07449639,-0.29900745,False
4054,0.0083661275,-0.014181224,False
4053,-0.07216807,0.01992324,False
4052,-0.029269217,-0.029269217,False
4051,-0.13036668,-0.2426883,False
4025,-0.06898102,-0.14097424,False
4050,-0.018764019,0.13671038,False
4048,-0.1575104,-0.15190327,False
4047,-0.088681996,-0.07592642,False
4046,0.35552752,-0.16085511,False
4045,-0.011574149,-0.20743869,False
4044,-0.17337719,-0.2375256,False
4043,-0.058428675,-0.091107085,False
4049,-0.012696415,0.030070916,False
4024,-0.066969745,-0.061678,False
4023,0.22316766,-0.049484134,False
4022,0.077156216,0.10586108,False
4003,0.022071332,0.10471538,False
4002,0.28394496,-0.26400292,False
4001,-0.21864218,0.04422009,False
4000,-0.31862366,-0.6592635,False
3999,-0.28376424,0.1021862,False
3998,-0.04220745,-0.26261166,False
4004,0.04912274,0.024235819,False
3997,-0.033053413,-0.09770747,False
3995,-1.3322728,-1.1957388,False
3994,0.14005458,-0.211411,False
3993,0.010408729,-0.11963686,False
3992,-0.18222296,-0.021892488,False
3991,-0.18818045,-1.6977129,False
3990,-0.37537146,-0.5664593,False
3996,-0.16869202,0.11433157,False
4057,-0.0034862934,-0.0034862934,False
4005,-0.1736275,0.066446185,False
4007,-0.021106705,-0.04427837,False
4021,0.0,0.0,False
4020,-0.5934587,-0.23114586,False
4019,-0.016913073,-0.016872244,False
4018,-0.1801011,-0.18336932,False
4017,0.11582899,-0.07246101,False
4016,-0.13228303,-0.055165768,False
4006,-0.028207945,-0.0046208818,False
4015,-0.09282184,-0.32431746,False
4013,0.015050307,-0.16863784,False
4012,0.0049516745,0.0487351,False
4011,-0.119265005,-0.0740149,False
4010,0.00065778196,0.04237543,False
4009,-0.024587747,0.060559932,False
4008,-0.008606181,0.008166432,False
4014,0.045307547,0.033043742,False
4129,0.21030807,-0.008712351,False
4058,0.21427739,-0.066554144,False
4060,-0.04726295,0.029911086,False
4097,-0.3398651,-0.04430425,False
4098,-0.27433956,0.79531354,False
4099,-0.05884862,-0.05807206,False
4100,0.10037094,0.19581997,False
4101,0.24922585,-0.05888152,False
4102,-0.009945298,-0.009881947,False
4103,-0.30906224,0.050572395,False
4104,-0.04151386,-0.36246413,False
4105,-0.02688453,-0.026815465,False
4106,0.5957494,0.038694024,False
4107,-0.017238379,-0.4345553,False
4108,-0.08230332,0.037618026,False
4109,-0.043076143,-0.18866886,False
4110,-0.24983907,-0.77198803,False
4111,-0.5041313,-0.4040587,False
4112,-0.013303977,-0.013303977,False
4113,0.10025787,-0.4140532,False
4127,0.061845984,0.04504129,False
4126,-0.022220159,-0.022220159,False
4125,0.049109757,-0.12562722,False
4124,0.031511255,-0.0130038485,False
4123,0.17555094,-0.19081041,False
4122,0.18154599,-0.03638369,False
4096,0.012116443,-0.014451716,False
4121,0.0,0.0,False
4119,-0.14572775,-0.23013052,False
4118,-0.07090734,-0.07695639,False
4117,-0.01527977,-0.025850534,False
4116,-0.08712286,0.04805273,False
4115,0.06868994,0.15175211,False
4114,0.044202253,-0.020224787,False
4120,0.014283478,0.06454912,False
4095,-0.37567997,-0.17588264,False
4094,0.038809925,0.07240853,False
4093,0.016597003,-0.035684668,False
4074,-0.006973088,-0.1561963,False
4073,0.012522793,-0.0033828488,False
4072,0.047869224,-0.035602815,False
4071,-0.012486957,-0.04437395,False
4070,-0.2798295,-0.10363746,False
4069,-0.04254727,-0.0659834,False
4075,-0.005185634,0.022171319,False
4068,0.01266583,-0.010094603,False
4066,-0.06392622,-0.12304056,False
4065,-0.38767064,-0.05569613,False
4064,-0.028411448,-0.013534442,False
4063,0.0061568916,0.14746025,False
4062,-0.004466906,0.06085047,False
4061,0.025717549,0.0004939977,False
4067,0.012032859,-0.0100115165,False
4059,0.019296635,0.0,False
4076,0.019102545,0.0,False
4078,0.019707005,0.26272225,False
4092,0.0,0.0,False
4091,-0.01079566,-0.030565359,False
4090,0.100427,-0.10106671,False
4089,0.02392742,0.0014033318,False
4088,-0.16491109,-0.22095971,False
4087,-0.0012736823,0.0076859184,False
4077,-0.034878194,-0.14052457,False
4086,-0.23082519,-0.28723282,False
4084,0.022779953,0.0,False
4083,-0.05767403,-0.022039384,False
4082,0.0,0.0,False
4081,-0.18204087,-0.035861194,False
4080,0.01357051,-0.020278826,False
4079,0.041203022,0.14778745,False
4085,0.0,0.00080022396,False
3989,-0.1970967,-0.15263173,False
4272,0.05784699,-0.002505825,False
4274,-0.028155817,-0.028155817,False
4453,0.0,0.0,False
4454,0.1055786,0.1003969,False
4455,-0.11545661,0.034327507,False
4456,0.37688768,0.31136584,False
4457,-0.0036848104,-0.0036848104,False
4458,-0.30863214,-0.22349298,False
4459,-0.037494004,-0.07211387,False
4460,-0.0046762936,-0.0046762936,False
4461,-0.17555445,0.042117417,False
4462,0.0038541257,-0.04223807,False
4463,-0.07075922,-0.0048511624,False
4464,-0.28494573,-0.3553052,False
4465,-0.009401139,-0.008283475,False
4466,-0.009386048,-0.009386048,False
4467,0.029060185,0.076117754,False
4468,0.043283857,-0.005321,False
4469,-0.012817809,-0.012817809,False
4483,0.0,0.00013194389,False
4482,0.04144387,-0.009045762,False
4481,0.16905928,0.21405911,False
4480,0.0171716,-0.0048891813,False
4479,-0.010454046,-0.032472935,False
4478,0.024067834,0.08032646,False
4452,-0.066734254,-0.03998995,False
4477,0.0,0.0,False
4475,-0.01995475,-0.04312534,False
4474,-0.15124732,-0.2807573,False
4473,0.20974308,-0.033647418,False
4472,-0.550581,-0.094150305,False
4471,0.007162079,-0.05263395,False
4470,-0.06268041,-0.044686347,False
4476,0.0,0.00030446184,False
4451,0.0038598832,-0.013922217,False
4450,-0.040973887,0.05934319,False
4449,-0.014827859,-0.032513168,False
4430,0.13893142,-0.08494752,False
4429,-1.3053658,-1.1049323,False
4428,-0.019586695,-0.019586695,False
4427,-0.03534945,-0.033296682,False
4426,-0.04486245,-0.25250143,False
4425,0.009089732,-0.01486463,False
4431,-0.09420706,-0.088011354,False
4424,-0.01328202,-0.01328202,False
4422,0.028416397,-0.014814245,False
4421,0.02021148,0.021548804,False
4420,0.04789343,-0.0069053313,False
4419,-0.029295899,-0.038865067,False
4418,0.013606511,-0.029545594,False
4417,-0.004584724,-0.004584724,False
4423,0.20663595,-0.122207165,False
4484,0.014034808,-0.12120661,False
4432,-0.019925525,-0.019925525,False
4434,0.049012125,-0.015168471,False
4448,0.12682551,0.08748728,False
4447,-0.10223514,-0.1781995,False
4446,-0.014123102,-0.014123102,False
4445,-0.03398025,-0.043777466,False
4444,-0.31812584,-0.7445605,False
4443,0.18140185,0.03773606,False
4433,0.13392419,0.32460302,False
4442,-0.036854297,0.03731381,False
4440,0.07211453,0.11890596,False
4439,-0.00018200278,-0.03373137,False
4438,-0.004968465,-0.004968465,False
4437,-0.34718746,-0.25245118,False
4436,0.018482225,-0.004013994,False
4435,0.032504037,-0.016265271,False
4441,-0.0062138215,-0.032255724,False
4416,0.0022118837,-0.019382855,False
4485,-0.07599445,-0.07366669,False
4487,-0.028871395,-0.028871395,False
4524,-0.13085291,0.06613845,False
4525,-0.21894944,-0.1943624,False
4526,0.013707124,0.04917928,False
4527,0.00655389,0.1014978,False
4528,0.0,0.0,False
4529,-0.01868832,-0.01868832,False
4530,-0.04490073,-0.08195178,False
4531,-0.033458054,0.03392148,False
4532,-0.55042493,-0.47021902,False
4533,-0.0048921127,-0.0035801288,False
4534,0.030965865,-0.07257046,False
4535,0.06849274,0.32811937,False
4536,0.30595362,-0.67581165,False
4537,-0.124601364,0.4739604,False
4538,-0.3312235,-0.21318817,False
4539,-0.30888093,0.0065336227,False
4540,0.011400597,-0.009676313,False
4554,-0.014285564,0.082716376,False
4553,-0.065677494,0.10624643,False
4552,-0.027541265,-0.046913333,False
4551,0.03355744,0.35090435,False
4550,0.0,0.0,False
4549,0.14691812,0.09142115,False
4523,-0.028179683,0.017547302,False
4548,0.037336588,0.060717046,False
4546,-0.004508894,-0.004508894,False
4545,-0.11963999,-0.32006043,False
4544,-0.003144741,-0.03861643,False
4543,0.0,0.0,False
4542,-0.033949107,0.087567985,False
4541,-1.2050517,-0.6471274,False
9092,-0.4146647,-0.05193472,False
4522,0.055655673,-0.008020045,False
4521,0.018116191,-0.0045843073,False
4520,-0.0002150666,-0.018128924,False
4501,-0.12974486,-0.0009495616,False
4500,0.0,0.0015732426,False
4499,0.021726668,-0.12769863,False
4498,0.025447056,0.09647882,False
4497,-0.0023142155,-0.019168556,False
4496,0.021117242,0.0,False
4502,-0.113300204,0.08023083,False
4495,-0.039056517,-0.10261511,False
4493,0.18014155,0.15778501,False
4492,0.21788159,0.07862052,False
4491,0.00010621548,0.13704598,False
4490,0.10468891,0.0018036067,False
4489,-0.08031549,-0.08231293,False
4488,-0.065874435,-0.006133139,False
4494,0.01602561,-0.027736127,False
4486,0.02246366,0.0,False
4503,0.06755386,0.059683606,False
4505,0.05722365,-0.032359704,False
4519,-0.0123691885,-0.01215514,False
4518,0.035004333,-0.02292617,False
4517,-0.0048429766,-0.003534615,False
4516,0.017015966,0.0015335213,False
4515,-0.0045291847,-0.0043874066,False
4514,0.021380186,-0.023247175,False
4504,0.020817965,-0.1619487,False
4513,0.0,0.0,False
4511,-0.38721985,-0.7265101,False
4510,0.0,0.0,False
4509,-0.016047124,-0.03098496,False
4508,0.042118095,-0.0051218364,False
4507,-0.028095879,-0.028095879,False
4506,-0.03903496,-0.045276765,False
4512,0.0,0.0,False
4273,-0.11053419,-0.18713592,False
4415,-0.03636839,-0.02815292,False
4413,0.021496713,-0.029868513,False
4311,0.0061160214,-0.014931861,False
4312,0.025273472,-0.024890497,False
4313,-0.0046636024,-0.0046636024,False
4314,-0.0342659,-0.0342659,False
4315,-0.14964822,-0.1911562,False
4316,0.00045046955,-0.0282159,False
4317,-0.018566407,-0.052463915,False
4318,0.18826169,-0.06899497,False
4319,-0.114010096,-0.02371195,False
4320,-0.01614371,0.04590422,False
4321,-0.050806057,-0.03242553,False
4322,0.009791484,-0.0117800515,False
4323,0.0839912,-0.091649234,False
4324,-0.09232879,0.0062600374,False
4325,0.012641966,0.097213686,False
4326,-0.0060790777,-0.031050922,False
4327,0.0,0.0,False
4341,-0.22726667,-0.2694384,False
4340,0.0005785227,-0.5703668,False
4339,-0.015077231,-0.015077231,False
4338,-0.053801384,-0.024175383,False
4337,-0.49208975,-0.3447075,False
4336,-0.1118533,-0.2021035,False
4310,-0.00591287,-0.2917828,False
4335,-0.049480498,-0.06147561,False
4333,-0.22089118,-0.35172272,False
4332,0.010000418,-0.012529931,False
4331,-0.27275276,-0.078042984,False
4330,-0.121747494,-0.23265219,False
4329,-0.004803024,-0.024665203,False
4328,-0.04862228,-0.09658691,False
4334,0.009897932,-0.00942664,False
4309,-0.2808684,-0.049683034,False
4308,0.060222447,0.039047047,False
4307,1.3731135,0.049324155,False
4288,-0.29016745,0.015582681,False
4287,-0.073978454,-0.08949609,False
4286,0.015592709,-0.10230768,False
4285,-0.071088076,0.17253757,False
4284,0.007407643,-0.06283645,False
4283,-0.5156195,0.8837428,False
4289,-0.16660362,-0.025510728,False
4282,0.08794516,-0.017469674,False
4280,-0.061757535,-0.0663186,False
4279,0.5375743,-0.19755381,False
4278,0.047512114,-0.06805636,False
4277,0.14374483,0.008613646,False
4276,0.15407133,0.028550029,False
4275,0.011869788,0.029541478,False
4281,-0.0061867237,-0.07809633,False
4342,-0.01917417,-0.04913743,False
4290,0.16959274,0.11449325,False
4292,0.009060487,-0.09245889,False
4306,-0.113002926,0.058472842,False
4305,-0.0322659,0.037641093,False
4304,-0.023462906,-0.05135341,False
4303,-0.08387315,0.08351511,False
4302,0.018048897,-0.0046395073,False
4301,-0.03278558,0.097813234,False
4291,0.004462935,-0.017589474,False
4300,0.00054116175,-0.02187654,False
4298,-0.009071162,0.19276935,False
4297,-0.098662555,-0.26774475,False
4296,0.023289599,-0.07759004,False
4295,-0.074514985,-0.14932275,False
4294,-0.14079037,-0.034248263,False
4293,0.022767477,0.049456462,False
4299,0.17858624,0.31711477,False
4414,-0.025888762,-0.04815081,False
4343,-0.009635335,-0.009635335,False
4345,-0.0046121166,-0.0046121166,False
4382,-0.080641165,-0.031987235,False
4383,-0.09260467,-0.11300242,False
4384,-0.009415481,-0.0049042474,False
4385,0.0010878146,-0.013020368,False
4386,-0.0048046946,-0.0048046946,False
4387,-0.029061094,-0.049731128,False
4388,-0.0052087167,-0.0052087167,False
4389,0.0,0.0004813424,False
4390,-0.051528126,0.12305221,False
4391,-0.026370533,-0.07584297,False
4392,-0.09514243,-0.08937292,False
4393,0.023736661,0.0,False
4394,-0.017927665,-0.054973863,False
4395,-0.23362368,-0.2138241,False
4396,-0.014784072,-0.014784072,False
4397,-0.011244383,0.006048441,False
4398,-0.16042548,-0.007795632,False
4412,0.0919698,0.0303597,False
4411,-0.21934998,0.02163598,False
4410,-0.00022470951,-0.06346735,False
4409,0.11619669,-0.031510234,False
4408,0.051246613,-0.029416323,False
4407,0.0,0.0030358285,False
4381,-0.010317912,-0.010317912,False
4406,0.010081723,0.019874904,False
4404,-0.060912937,0.0046600103,False
4403,0.013105324,-0.002792202,False
4402,-0.0014891177,0.006339401,False
4401,0.00020316243,-0.023319911,False
4400,0.04353846,0.017882459,False
4399,-0.06955299,-0.1820906,False
4405,0.009123899,-0.033176593,False
4380,-0.004562474,-0.004562474,False
4379,0.028046355,0.0081619695,False
4378,-0.002636997,-0.02475822,False
4359,0.052004933,-0.10384336,False
4358,-0.72408557,-0.66201293,False
4357,0.013146512,0.012240402,False
4356,0.0052651167,-0.018618379,False
4355,-0.1176672,0.016781807,False
4354,0.03222412,0.18928754,False
4360,0.031106874,-0.019416958,False
4353,0.15521187,0.14115113,False
4351,-0.011049315,0.01470853,False
4350,-0.07556334,-0.049807698,False
4349,0.011078937,-0.010038305,False
4348,0.1460824,0.09892577,False
4347,-0.41042495,-0.5368512,False
4346,0.0034142025,-0.019548776,False
4352,-0.012271807,-0.13458946,False
4344,0.03612411,-0.107186675,False
4361,-0.0088082,0.25023255,False
4363,0.005779803,-0.17852643,False
4377,-0.004897807,-0.004897807,False
4376,0.005409483,-0.019359754,False
4375,-0.8326118,-0.32026625,False
4374,6.993115e-05,-0.06796098,False
4373,0.004078623,-0.060219374,False
4372,0.025525361,-0.036860473,False
4362,-0.018639266,0.059440754,False
4371,-0.006916657,-0.006916657,False
4369,-0.037018687,-0.031374574,False
4368,0.0104730725,-0.012713676,False
4367,-0.033762276,-0.10931921,False
4366,-0.019014873,0.0073271543,False
4365,-0.27854824,-0.1247797,False
4364,0.053368807,0.07852566,False
4370,0.17486894,0.2613238,False
3988,0.0037590377,-0.014021365,False
3987,0.04264138,-0.0045291847,False
3986,0.033890434,-0.0140964445,False
3599,-0.3604077,-0.11688924,False
3600,-0.052529514,-0.10653119,False
3601,0.19590959,-0.10080205,False
3602,-0.01379583,0.024877343,False
3603,-0.29106987,-0.07191551,False
3604,0.00056573004,-0.03341788,False
3605,0.067839436,-0.02213151,False
3606,0.024671964,0.0,False
3607,0.005022362,-0.12005955,False
3608,-0.11513448,0.069624126,False
3609,-0.011610508,-0.08132023,False
3610,-0.018231023,-0.0019528326,False
3611,0.052567244,-0.05255294,False
3612,-0.0019515157,-0.24402899,False
3613,0.0793896,-0.009803223,False
3614,0.038732562,-0.045450274,False
3615,0.06480676,0.003082335,False
3629,-0.009646453,-0.036929704,False
3628,0.0043728948,0.01601392,False
3627,0.007185269,-0.03261996,False
3626,0.12251687,0.0033964515,False
3625,-0.0018673539,-0.020472564,False
3624,0.0076123234,-0.016742898,False
3598,0.15715766,-0.72508323,False
3623,0.0,0.0,False
3621,0.022833211,-0.0054590264,False
3620,-0.0010639671,-0.010788109,False
3619,0.050474558,-0.018573482,False
3618,-0.03926909,0.2599579,False
3617,0.24790859,0.035407066,False
3616,-0.6422393,-0.18896198,False
3622,0.017182529,-0.10875812,False
3597,-0.004968465,-0.004968465,False
3596,-0.033395957,-0.042016633,False
3595,-0.013790466,-0.03657405,False
3576,-0.022421718,-0.34092933,False
3575,0.11194885,0.008105829,False
3574,-0.9195876,-0.32691836,False
3573,-0.08985174,-0.23734403,False
3572,-0.01619931,-0.06138224,False
3571,-0.3295735,-0.38885546,False
3577,-0.19089413,-0.28373832,False
3570,-0.22270846,-0.1444,False
3568,0.055041224,-0.08125056,False
3567,-0.060896296,-0.0608928,False
3566,-0.42555815,-0.13839483,False
3565,-0.008825574,-0.008813479,False
3564,0.010382533,-0.016715884,False
3563,0.013817487,-0.008775966,False
3569,-0.18830466,-0.22421265,False
3630,-0.019119412,-0.038625795,False
3578,0.009730339,0.24440879,False
3580,0.026156187,-0.26964217,False
3594,0.063377604,-0.05120356,False
3593,0.08176142,0.11071943,False
3592,-0.22798528,-0.26565802,False
3591,-0.5089385,-0.13856971,False
3590,-0.16151536,-0.23209667,False
3589,0.29165462,0.027071774,False
3579,-0.20232335,0.024619043,False
3588,0.0094199255,0.0018119048,False
3586,-0.009812126,-0.0020909575,False
3585,0.098140776,0.06620303,False
3584,0.23856997,0.030580997,False
3583,0.0040716976,-0.019396447,False
3582,0.03084743,0.0025811791,False
3581,-0.04932043,0.011932671,False
3587,0.079686746,0.104887195,False
3562,-0.053671747,-0.03181365,False
3631,0.011915071,-0.009716021,False
3633,-0.004865498,-0.0009286939,False
3670,-0.13328671,0.14594173,False
3671,0.030732691,-0.21431029,False
3672,-0.0074772835,0.07759553,False
3673,0.02783531,-0.04218793,False
3674,0.11042631,-0.013102055,False
3675,-0.20024952,-0.06088668,False
3676,-0.022471359,-0.022471359,False
3677,0.027919795,-0.021532815,False
3678,-0.05986844,-0.0704487,False
3679,0.0037963688,0.10077895,False
3680,0.114564836,-0.13995284,False
3681,0.015158853,-0.022279212,False
3682,0.007855793,-0.004358045,False
3683,-0.035480402,-0.052644387,False
3684,-0.15829611,-0.034353673,False
3685,-0.04191909,-0.056717325,False
3686,-0.045306507,0.04219657,False
3700,-0.53764486,-0.16374588,False
3699,-0.7146988,-0.3579409,False
3698,-0.2019614,-0.10159975,False
3697,-0.03827821,-0.026117908,False
3696,0.10066183,0.2002916,False
3695,-0.012880292,-0.012880292,False
3669,-0.24548888,-0.34205663,False
3694,-0.04558353,-0.060914055,False
3692,-0.014691086,-0.014456672,False
3691,-0.06665385,-0.05784534,False
3690,0.101525635,-0.024668753,False
3689,-0.25780773,-0.24148902,False
3688,-0.0184839,-0.08500373,False
3687,0.017082505,-0.0045069605,False
3693,-0.2117953,-0.11803624,False
3668,-0.26307464,0.014723778,False
3667,-0.025226004,-0.04543133,False
3666,0.033023387,0.01273495,False
3647,0.07860607,0.07921517,False
3646,0.6701746,0.4420638,False
3645,-0.03363508,-0.18923172,False
3644,-0.6359761,-0.23361468,False
3643,0.050296664,-0.0035073757,False
3642,-0.052197546,-0.06077659,False
3648,0.20916694,0.13561678,False
3641,-0.096960545,-0.050597146,False
3639,-0.0973537,-0.22503924,False
3638,-0.2370714,-0.04213786,False
3637,0.078728974,0.100806355,False
3636,0.02653101,-0.021966457,False
3635,0.013547003,0.0042999387,False
3634,-0.05036457,-0.062114816,False
3640,-0.19631565,0.0692057,False
3632,0.0,1.1894174e-05,False
3649,-0.1048557,-0.05653216,False
3651,0.009854794,-0.15275124,False
3665,-0.03952372,0.030707002,False
3664,0.08017301,-0.024218202,False
3663,-0.5025539,1.3232397,False
3662,-0.18239164,-0.22671157,False
3661,0.14076456,0.10412818,False
3660,0.07180196,0.18643379,False
3650,-0.40758198,0.04217595,False
3659,-0.25749737,-0.3407693,False
3657,-0.028566897,-0.073984295,False
3656,0.06217742,-0.09117371,False
3655,-0.015074104,0.03671126,False
3654,-0.04256618,-0.22393048,False
3653,-0.08353503,0.004300311,False
3652,-0.029429257,-0.25477993,False
3658,0.06497602,0.021694303,False
3701,-0.13825417,-0.5687461,False
3561,0.051628023,-0.018964738,False
3559,-0.004678143,-0.004678143,False
3457,0.094106406,0.06572667,False
3458,-0.013631856,-0.013631856,False
3459,0.041344836,-0.046632178,False
3460,-0.0149548715,-0.014065014,False
3461,0.0030002836,0.008232549,False
3462,-0.024105083,-0.024105083,False
3463,-0.0038334213,-0.0038334213,False
3464,-0.004716768,-0.004715379,False
3465,0.04213304,-0.022965766,False
3466,0.010315359,-0.08705765,False
3467,-0.008719188,-0.008719188,False
3468,0.0,0.011283945,False
3469,0.012090374,-0.009026868,False
3470,0.0,0.0,False
3471,-0.010180384,-0.010180384,False
3472,0.0744,-0.029380247,False
3473,0.07955086,-0.009934086,False
3487,-0.23386478,0.22044647,False
3486,0.063732,0.165066,False
3485,-0.015547663,-0.015950799,False
3484,0.05494152,-0.0299806,False
3483,-0.21714556,0.0013465881,False
3482,-0.21492326,-0.32737848,False
3456,-0.013548534,-0.013548534,False
3481,0.120945394,0.06942409,False
3479,-0.06885159,-0.12723613,False
3478,-0.009423435,-0.19166729,False
3477,-0.05801812,-0.0075715184,False
3476,-0.009895721,-0.009895721,False
3475,-0.0459634,0.06894477,False
3474,-0.014421633,-0.014421633,False
3480,0.23767614,-0.05002433,False
3455,-0.014553592,-0.104564816,False
3454,0.0,0.0,False
3453,-0.0048509818,-0.0048509818,False
3434,-0.019880977,-0.019880977,False
3433,0.0,0.0017153502,False
3432,-0.002142813,-0.023773164,False
3431,0.0184398,-0.00492338,False
3430,0.012364551,-0.11983441,False
3429,-0.0240928,-0.0240928,False
3435,0.020635366,-0.036739066,False
3428,-0.016368564,-0.059645735,False
3426,-0.05155932,-0.05155932,False
3425,0.023838937,-0.050877716,False
3424,0.0,0.0,False
3423,0.09249349,0.03305094,False
3422,0.023055673,0.06717056,False
3421,-0.022955075,0.030008025,False
3427,-0.033683974,-0.033683974,False
3488,0.07319629,-0.027029753,False
3436,-0.018370561,-0.018370561,False
3438,-0.04847236,0.0220927,False
3452,0.06636956,-0.047560293,False
3451,0.018843042,0.0,False
3450,-0.009160463,-0.009160463,False
3449,-0.059233993,0.025229275,False
3448,-0.03839175,0.07562809,False
3447,-0.008611485,-0.056389987,False
3437,-0.014945213,-0.014945213,False
3446,0.012657929,0.014773872,False
3444,0.011674434,-0.028759565,False
3443,-0.026550312,-0.045825765,False
3442,-0.009650093,-0.0032381266,False
3441,-0.003413568,-0.003413568,False
3440,0.03301553,-0.03355818,False
3439,-0.017149854,-0.034159213,False
3445,0.0,0.0,False
3560,-0.19728467,0.006803632,False
3489,-0.42700565,-0.29357982,False
3491,0.06927079,-0.09317899,False
3528,0.0,0.0,False
3529,-0.45370436,-0.5468041,False
3530,-0.15925737,-0.046582744,False
3531,-0.08661389,-0.24980874,False
3532,-1.070424,-1.4805521,False
3533,-0.011059649,-0.03407677,False
3534,-0.009523351,-0.028458748,False
3535,-0.0244454,-0.12678309,False
3536,0.0,0.0,False
3537,0.0,1.5085536e-05,False
3538,0.050443754,-0.07318645,False
3539,-0.11354479,-0.39611685,False
3540,0.040728033,-0.4396789,False
3541,0.06531072,-0.3975649,False
3542,-0.006297916,-0.077041216,False
3543,-0.9291837,-0.59794176,False
3544,0.22768906,0.298367,False
3558,-0.008009642,0.40443647,False
3557,-0.005207883,-0.0009280434,False
3556,0.0,0.0,False
3555,-0.08752754,0.0041686594,False
3554,0.041506827,-0.06676335,False
3553,-0.4739051,-0.22712469,False
3527,-0.004857174,-0.004857174,False
3552,0.094645485,0.10038622,False
3550,0.040360272,-0.009114236,False
3549,0.12816012,0.007799804,False
3548,-0.06117755,-0.031562567,False
3547,-0.1532957,-0.14657612,False
3546,-0.06374749,-0.028686501,False
3545,0.020762786,-0.08659474,False
3551,-0.47775352,-0.3995111,False
3526,0.014214382,-0.028870812,False
3525,-0.009328781,-0.009328173,False
3524,0.035575986,-0.058163762,False
3505,-0.041939586,-0.04911259,False
3504,-0.07590644,0.046629697,False
3503,0.13362703,0.077724546,False
3502,0.024726868,0.0250566,False
3501,-0.008892007,-0.014618076,False
3500,-0.0069313645,-0.07897861,False
3506,0.0,0.0,False
3499,0.00075342506,0.060001083,False
3497,0.006623611,-0.061426334,False
3496,-0.027355596,-0.0021435246,False
3495,0.014234334,-0.12855566,False
3494,-0.27391875,-0.2100349,False
3493,-0.14235686,0.16335364,False
3492,-0.14677349,-0.020412505,False
3498,-0.079855815,-0.05096154,False
3490,-0.052315235,-0.47374177,False
3507,0.007913083,-0.012837377,False
3509,-0.053394996,-0.06352684,False
3523,0.2617588,-0.10082626,False
3522,0.0,0.0,False
3521,0.03137116,-0.076839164,False
3520,0.15324217,-0.1622951,False
3519,-0.1616534,0.016468644,False
3518,0.0809578,0.026638538,False
3508,-0.043321073,0.0057312697,False
3517,-0.1382947,-0.18979454,False
3515,-0.011440992,-0.30973017,False
3514,0.07305835,0.045881882,False
3513,-0.074067414,0.05409926,False
3512,0.034541458,0.065826565,False
3511,0.071884684,-0.034667894,False
3510,-0.057361603,0.5180795,False
3516,0.01197803,0.031469673,False
3702,-0.6921973,-0.06084466,False
3703,-0.39743924,-0.49089766,False
3704,-0.8730756,-0.19958127,False
3884,0.036881417,-0.048677117,False
3885,-0.3314401,-0.28581083,False
3886,0.0,0.00019676889,False
3887,-0.112667024,-0.2722955,False
3888,-0.062892936,0.14252076,False
3889,-0.0044247913,-0.0044247913,False
3890,-0.009535255,-0.0076537747,False
3891,0.01835519,-0.0048315576,False
3892,-0.004882378,-0.0048635677,False
3893,-0.097410634,0.14727521,False
3894,-0.16283919,-0.0054739416,False
3895,-0.18815462,-0.025823474,False
3896,-0.23305406,-0.123161644,False
3897,-0.3875047,0.013429999,False
3898,-0.10749622,-0.019825697,False
3899,-0.029405609,-0.009606335,False
3900,-0.2258923,0.22474599,False
3914,0.07772535,0.028921843,False
3913,0.17030574,0.15632792,False
3912,-0.07059538,0.106361985,False
3911,-0.006695211,-0.15164933,False
3910,0.06543174,0.00032422878,False
3909,-0.0642541,0.01833333,False
3883,0.030705154,-0.15089595,False
3908,0.02360557,-0.031757012,False
3906,-0.28933853,-0.2605474,False
3905,-0.28548378,-0.0063709617,False
3904,-0.007460475,-0.0695284,False
3903,-0.16468094,0.0015246272,False
3902,-0.237921,-0.20629007,False
3901,0.00836733,0.27670896,False
3907,-0.024627546,-0.048215263,False
3882,-0.019554004,-0.019554004,False
3881,-0.61259794,-0.28726912,False
3880,0.08251667,-0.16154695,False
3861,0.115505755,-0.063931316,False
3860,0.03624618,-0.21996123,False
3859,-0.35392404,-0.18023252,False
3858,-0.64169335,-0.17476058,False
3857,-0.19538784,0.008641243,False
3856,-0.026794557,-0.02679396,False
3862,-0.0067666136,-0.049833484,False
3855,-0.57952666,-0.22066545,False
3853,-0.042459056,-0.042459056,False
3852,-0.16313553,-0.04737568,False
3851,-0.017543994,-0.02439389,False
3850,-0.034712024,-0.057077184,False
3849,-0.56683874,-0.17666388,False
3848,0.041081667,0.41569972,False
3854,-0.4950087,-0.0333066,False
3915,-0.009367473,-0.027441636,False
3863,0.010488629,-0.18876934,False
3865,0.16018337,0.06723395,False
3879,-0.00653477,0.052626476,False
3878,-0.0804292,0.018289208,False
3877,0.058279455,0.0861696,False
3876,0.0073945206,-0.008964261,False
3875,-0.011750221,-0.16272372,False
3874,0.006168723,-0.08614883,False
3864,-0.040578216,-0.028891325,False
3873,0.17428315,-0.122614324,False
3871,0.09117204,0.40757215,False
3870,-0.7870822,-0.6082053,False
3869,0.0,0.0,False
3868,-0.24105239,-0.17741203,False
3867,-0.03804473,-0.03269685,False
3866,-0.09985089,-0.052517176,False
3872,0.0,0.018657124,False
3847,-0.29386854,0.18303704,False
3916,-0.12652993,-0.046496868,False
3918,-0.0081200795,-0.0070936866,False
3955,0.022448953,-0.021977779,False
3956,0.0025427798,-0.013943305,False
3957,0.08393276,0.09082812,False
3958,0.04452756,-0.19733152,False
3959,-0.03711295,-0.09751937,False
3960,-0.0051132906,-0.0047568493,False
3961,-0.23310223,-0.13549519,False
3962,-0.023545153,0.055448037,False
3963,-0.016907793,-0.016907793,False
3964,0.062861025,0.06779006,False
3965,-0.004335512,-0.004335512,False
3966,-0.077317595,-0.004692495,False
3967,-0.14489236,-0.06944153,False
3968,0.009317126,-0.0019164234,False
3969,-0.032883387,0.0045868605,False
3970,-0.008157805,-0.10041567,False
3971,0.14640665,0.004876733,False
3985,-0.013374852,0.032147467,False
3984,-0.035033762,-0.06448237,False
3983,0.02258878,0.0,False
3982,-0.09224963,-0.2292946,False
3981,0.14821762,-0.055011272,False
3980,-0.0759407,-0.058931142,False
3954,0.44495344,-0.14931095,False
3979,0.06736327,-0.019877426,False
3977,0.04417932,-0.4756074,False
3976,-0.15727022,-0.17844415,False
3975,0.09320283,-0.30727255,False
3974,0.030990757,-0.0140928775,False
3973,0.027594566,-0.019207723,False
3972,-0.016126238,-0.038388826,False
3978,-0.07659799,-0.029018015,False
3953,0.014396636,-0.009511204,False
3952,-0.043242723,0.0068166703,False
3951,-0.004907511,-0.004907511,False
3932,0.0,0.0,False
3931,0.044111587,0.060096227,False
3930,-0.03466347,-0.10709643,False
3929,-0.07409328,-0.1591829,False
3928,-0.004854167,-0.0048211343,False
3927,-0.010400042,-0.010400042,False
3933,0.0,0.0,False
3926,0.15418734,0.05903262,False
3924,-0.024630103,-0.024630103,False
3923,-0.11018571,-0.118090004,False
3922,-0.06014679,0.016901616,False
3921,-0.03386891,-0.12128845,False
3920,-0.21910322,-0.17325303,False
3919,-0.0047422554,-0.0047422554,False
3925,0.009429853,-0.0041138064,False
3917,-0.048074156,-0.04781824,False
3934,-0.13217735,-0.35547924,False
3936,-0.0047054025,-0.0047054025,False
3950,-0.004470864,-0.0034816617,False
3949,0.0042212587,-0.017546102,False
3948,-0.0052438695,-0.0052438695,False
3947,-0.009568434,-0.009568434,False
3946,-0.17532203,-0.25392964,False
3945,0.07106977,0.018273141,False
3935,-0.05411674,-0.052806117,False
3944,-0.024536032,-0.022652267,False
3942,-0.039737493,-0.014903337,False
3941,0.0,0.024831232,False
3940,-0.11368245,-0.08881754,False
3939,0.06735951,0.047603607,False
3938,0.009426901,-0.008088084,False
3937,-0.018078178,-0.07363404,False
3943,0.030910313,0.04515046,False
3846,-0.599756,-0.20737982,False
3845,-0.03755814,-0.03755814,False
3844,-0.4182191,-0.26125765,False
3741,-0.12795466,0.13618469,False
3742,0.017442908,-0.016205959,False
3743,-0.014227655,0.00028695818,False
3744,0.0,0.00022151812,False
3745,-0.19115222,-0.077762246,False
3746,0.047172546,0.055432335,False
3747,-0.11760935,-0.07431656,False
3748,0.106625184,0.034039542,False
3749,-0.011181619,-0.011181619,False
3750,-0.073797256,-0.07296568,False
3751,0.008512052,-0.014376942,False
3752,-0.03690684,-0.03905654,False
3753,-0.024830485,-0.032204073,False
3754,-0.011994898,-0.073473394,False
3755,0.08207278,-0.064080924,False
3756,-0.005129954,-0.005129954,False
3757,-0.05739084,-0.13521416,False
3771,-0.027724225,-0.027463406,False
3770,0.015008897,0.018663824,False
3769,-0.016706474,-0.043521583,False
3768,-0.113331765,-0.02032876,False
3767,0.0644916,0.0019037724,False
3766,-0.050468087,-0.11878985,False
3740,-0.040432744,-0.103546284,False
3765,0.0066507757,0.24178666,False
3763,0.050907746,-0.0035177534,False
3762,-0.022023499,0.13321638,False
3761,-0.008217281,-0.008217281,False
3760,0.004148824,0.032829527,False
3759,0.04818952,-0.04539159,False
3758,-0.0047958563,-0.001940253,False
3764,0.08628702,0.14212286,False
3739,-0.510651,-0.33572203,False
3738,-0.19461769,0.124251306,False
3737,-0.0065217614,-0.15941834,False
3718,-0.05554878,-0.09604266,False
3717,-0.086031,-0.051452808,False
3716,-0.047076166,-0.07189046,False
3715,-0.05215067,0.06173011,False
3714,0.016570792,-0.026644569,False
3713,0.014830567,-0.09840392,False
3719,0.087996505,-0.03789466,False
3712,-0.1931178,0.03521049,False
3710,-0.034578428,-0.036035523,False
3709,-0.09343985,0.0018982887,False
3708,0.28178537,0.10126495,False
3707,-0.009341804,0.0240188,False
3706,-0.18944383,-0.06626439,False
3705,0.0,0.013358955,False
3711,0.49691778,0.06506908,False
3772,-0.053393856,0.0017348528,False
3720,0.099318564,-0.0057464764,False
3722,0.0,0.0,False
3736,-0.0802232,0.08298826,False
3735,0.023925558,0.07840888,False
3734,-0.009502903,-0.0023094863,False
3733,0.10917531,-0.031585023,False
3732,-0.016511781,-0.011056848,False
3731,0.0027670711,0.0022202432,False
3721,-0.051894575,-0.04057738,False
3730,0.019118667,-0.004636532,False
3728,-0.1539076,0.012809992,False
3727,0.0,0.0,False
3726,-0.009905668,-0.0073617296,False
3725,-0.080590755,-0.13794988,False
3724,-0.025523948,-0.025523948,False
3723,0.44815874,0.028306484,False
3729,0.016992033,0.006864801,False
3773,0.037175007,-0.01978875,False
3774,0.0,0.0,False
3775,-0.008271128,-0.12333524,False
3825,-0.009237085,-0.0010163989,False
3824,0.004783027,-0.04247479,False
3823,-0.15523037,0.25453755,False
3822,0.031824887,-0.014137983,False
3821,-0.06840271,0.1353564,False
3820,-0.028548963,0.05857987,False
3826,0.03500291,0.0669995,False
3819,-0.018727139,0.015984386,False
3817,0.02891481,0.107323706,False
3816,-0.009702889,-0.009702889,False
3815,0.019471943,0.11519158,False
3814,-0.32701296,-0.42719615,False
3813,-0.013361683,-0.012218713,False
3812,-0.576548,-0.24853253,False
3818,-0.038666785,-0.025993794,False
3811,-0.08380432,-0.033665404,False
3827,-0.004428873,-0.004428873,False
3829,-0.083755285,0.015899777,False
3843,-0.64511275,-0.21655273,False
3842,-0.67248464,0.05315256,False
3841,0.0009636879,-0.123394966,False
3840,0.07924366,-0.1318934,False
3839,-0.5192131,-0.18898869,False
3838,0.12502241,-0.045916557,False
3828,0.02212423,-0.0733276,False
3837,-0.047941446,-0.14607263,False
3835,0.014346212,0.2214809,False
3834,0.30602396,-0.14685225,False
3833,-0.022957563,-0.11696231,False
3832,-0.11987275,-0.14462,False
3831,-0.039971918,-0.024055362,False
3830,-0.004654955,-0.026890766,False
3836,-0.09128654,-0.027923614,False
3419,0.0,0.0,False
3810,0.18463215,0.045039326,False
3808,0.05205095,0.14809346,False
3789,-0.15314639,-0.04261613,False
3788,-0.118481636,-0.19099754,False
3787,-0.029172152,-0.1477713,False
3786,0.093075514,-0.14795417,False
3785,-0.021680474,0.23449028,False
3784,0.18742472,0.06690544,False
3790,-0.10447456,0.11713615,False
3783,-0.07278496,-0.1146512,False
3781,-0.17796044,-0.25985417,False
3780,0.13068259,-0.032393336,False
3779,0.045706477,-0.044377927,False
3778,-0.16472405,-0.11116874,False
3777,0.06900716,-0.3073801,False
3776,0.00402011,-0.017875528,False
3782,0.19848287,-0.005114138,False
3809,0.113967896,0.15541458,False
3791,-0.041597426,-0.16528167,False
3793,0.08248776,0.0915989,False
3807,0.16307154,0.06441212,False
3806,-0.034749515,-0.057114676,False
3805,-0.3495105,-0.19256222,False
3804,-0.022933766,-0.008491371,False
3803,0.009068702,-0.013490294,False
3802,-0.03394687,0.0029987097,False
3792,-0.0526354,-0.0815242,False
3801,0.008120537,-0.17086786,False
3799,-0.0680393,-0.07646352,False
3798,-0.045969784,0.1258364,False
3797,0.03998962,0.1091371,False
3796,-0.0023169518,-0.15484631,False
3795,-0.07298811,0.057536185,False
3794,0.05753748,0.011680096,False
3800,0.06883706,0.036872804,False
2280,0.013834804,-0.27639684,False
2279,-0.5153504,-0.11810517,False
2278,-0.05266921,-0.051279206,False
749,-0.0121804215,-0.0121804215,False
750,-0.038767874,-0.05561382,False
751,0.017940212,-0.0014920644,False
752,-0.03753918,-0.03753918,False
753,-0.004603271,-0.004603271,False
754,0.0,0.0145513965,False
755,0.018616783,0.0,False
756,-0.010102486,-0.010102486,False
757,0.017333893,-0.02969777,False
758,0.019592375,-0.03900361,False
759,-0.01357825,-0.01357825,False
760,0.021720465,0.045718618,False
761,-0.019292682,-0.019292682,False
762,-0.018426858,-0.033360448,False
763,0.014407735,-0.02185785,False
764,0.0,0.0,False
765,0.019770287,-0.023101302,False
779,0.010587493,-0.0289862,False
778,0.023249904,-0.013384605,False
777,-0.014933031,-0.014933031,False
776,0.03373543,-0.095384456,False
775,-0.0068194903,-0.055005252,False
774,0.013813466,-0.04484296,False
748,-0.08487828,0.037929475,False
773,0.058930352,-0.009674551,False
771,0.036837697,0.015914038,False
770,-0.004763212,-0.004763212,False
769,0.032479644,-0.013534443,False
768,-0.00871682,-0.00871682,False
767,0.0020178463,-0.018436728,False
766,0.005601056,-0.018712856,False
772,0.03774755,-0.009186417,False
747,0.021412514,0.026010677,False
746,0.042879067,-0.023838682,False
745,0.008955046,-0.014800153,False
726,0.02226205,0.0,False
725,-0.032176916,-0.032176916,False
724,-0.02238242,-0.044393923,False
723,0.0013112165,-0.04612175,False
722,-0.018961545,-0.018961545,False
721,-0.019306865,-0.019217143,False
727,-0.013784096,-0.018898338,False
720,0.08345608,0.04746265,False
718,0.013781842,-0.009138409,False
717,-0.032529406,-0.032529406,False
716,0.0,0.0,False
715,-0.004825721,-0.004825721,False
714,0.017979123,-0.028968304,False
713,0.004778972,-0.018392691,False
719,0.0,0.0,False
780,0.0,0.0,False
728,-0.0045059593,-0.0045059593,False
730,-0.0037567792,-0.0037567792,False
744,-0.010035761,-0.010035761,False
743,-0.02201702,-0.02201702,False
742,-0.004547674,0.010279237,False
741,-0.00929494,-0.00929494,False
740,-0.004817793,-0.027385145,False
739,-0.029040845,-0.029040845,False
729,0.02493146,-0.019176692,False
738,0.014797903,-0.004320625,False
736,0.07803425,-0.1002446,False
735,0.0,0.0,False
734,-0.007042613,0.01963453,False
733,-0.05225002,-0.009386025,False
732,0.017030105,-0.005088615,False
731,-0.009353461,-0.009343128,False
737,-0.018767297,-0.018767297,False
712,-0.04413443,-0.044117812,False
781,0.06436117,-0.024282213,False
783,0.012124315,-0.009770346,False
820,0.06755485,-0.01616659,False
821,-0.007987034,-0.007987034,False
822,-0.02679374,-0.02679374,False
823,-0.017857485,-0.037640736,False
824,-0.019559205,-0.013541654,False
825,0.0,0.0,False
826,0.0,0.0,False
827,0.054199927,-0.0023708101,False
828,-0.019753493,-0.019753493,False
829,-0.027187899,-0.008534782,False
830,-0.02683541,-0.02683541,False
831,-0.024396557,-0.024396557,False
832,0.09379307,-0.055402584,False
833,0.007992852,-0.014927399,False
834,0.063103825,-0.0055618286,False
835,0.043879323,-0.046618417,False
836,0.019202922,-0.05279075,False
850,0.0268365,-0.065197945,False
849,0.022980921,-0.08800851,False
848,-0.0047798185,-0.0047798185,False
847,-0.008198114,-0.032255102,False
846,-0.008441571,-0.008441571,False
845,0.0,0.0,False
819,0.06433066,-0.005072931,False
844,0.027036171,-0.012444858,False
842,-0.053594235,-0.06427571,False
841,0.06887938,0.0,False
840,-0.014494648,-0.014494648,False
839,0.0,0.0,False
838,-0.005101609,-0.005062865,False
837,-0.008575756,-0.027498586,False
843,0.042548362,-0.024605121,False
818,0.030113887,-0.038989674,False
817,-0.23364723,0.02537167,False
816,0.0,0.0,False
797,0.12892678,0.06912774,False
796,0.08928847,-0.14049706,False
795,-0.013193255,0.008067418,False
794,-0.13286912,-0.18976182,False
793,0.07452647,-0.0682625,False
792,-0.09618583,-0.025104135,False
798,0.037972562,0.06622403,False
791,-0.008613516,-0.008613516,False
789,0.018694818,-0.10425785,False
788,-0.04046929,-0.04046929,False
787,0.03463951,-0.00982653,False
786,0.007618146,-0.009391213,False
785,0.018548422,-0.0037583224,False
784,0.01341255,-0.009194015,False
790,-0.024044685,-0.024044685,False
782,0.0,0.0,False
799,0.0041695237,0.053937733,False
801,-0.019589188,-0.037089713,False
815,0.020864874,-0.049209137,False
814,-0.0048942682,-0.0048942682,False
813,-0.0048277224,-0.0048277224,False
812,0.0055628717,-0.0231198,False
811,-0.015032053,0.042313024,False
810,-0.10039769,-0.008383006,False
800,-0.10520581,-0.08970323,False
809,0.042235322,-0.030140942,False
807,0.026383743,-0.057083033,False
806,-0.04301487,-0.04172439,False
805,0.017272085,-0.050519407,False
804,0.0,0.0352399,False
803,0.0021830127,-0.029144712,False
802,0.04346244,0.0058859214,False
808,-0.023868928,-0.023868928,False
851,-0.008499421,0.07601009,False
711,0.0,0.0,False
709,0.05509928,-0.38734254,False
607,0.00019773096,-0.026374998,False
608,-0.000617601,-0.024199378,False
609,-0.004127486,-0.004127486,False
610,0.0051158667,-0.18412316,False
611,0.0,0.0,False
612,-0.09864883,-0.029999502,False
613,0.20964196,0.020911366,False
614,0.03394273,-0.025678454,False
615,-0.009629369,-0.009629369,False
616,-0.022706887,-0.008450279,False
617,0.02819948,-0.013312576,False
618,-0.03403455,-0.033044543,False
619,-0.011315143,-0.03398409,False
620,-0.034412056,-0.034412056,False
621,0.0049963947,-0.01865002,False
622,0.07673207,-0.057051603,False
623,0.0044224244,-0.018330226,False
637,-0.004915913,-0.004915913,False
636,0.023274023,0.0,False
635,-0.022723202,-0.022723202,False
634,0.0,0.0,False
633,0.03188761,-0.0147372745,False
632,0.011959333,-0.009462403,False
606,0.0020507332,-0.013889527,False
631,0.0,0.0005249676,False
629,-0.0047287676,-0.0047287676,False
628,0.05425645,-0.022660306,False
627,0.01840467,-0.0119774565,False
626,0.02081851,0.0,False
625,-0.024393328,-0.027410368,False
624,-0.017720073,-0.017720073,False
630,0.0,0.0,False
605,-0.008749577,-0.008749577,False
604,0.043993957,0.019484064,False
603,-0.008690344,-0.008690344,False
584,-0.022111725,-0.038470507,False
583,-0.019329472,-0.019329472,False
582,0.034802727,-0.016728513,False
581,-0.11146563,-0.19854403,False
580,-0.018900141,-0.018026447,False
579,-0.009681441,-0.009681441,False
585,0.03946181,-0.022437405,False
578,-0.1470782,-0.17315683,False
576,0.014288306,-0.009492982,False
575,-0.0077162087,0.010647841,False
574,0.120460615,-0.123877995,False
573,0.017685309,4.9282244e-05,False
572,0.0,0.0,False
571,-0.059804767,-0.08515963,False
577,-0.0048315576,-0.0048315576,False
638,-0.005553281,-0.029631637,False
586,0.0039272923,-0.018536368,False
588,-0.004478243,-0.004478243,False
602,-0.0065057054,-0.02911227,False
601,-0.004715158,-0.004715158,False
600,-0.013326423,-0.034755204,False
599,0.06082741,-0.04805004,False
598,-0.004552625,-0.004552625,False
597,0.0,0.0,False
587,-0.0038712695,-0.06532816,False
596,0.086672515,-0.045399323,False
594,-0.008243293,0.06260037,False
593,0.01739304,-0.005200414,False
592,-0.008134969,-0.008134969,False
591,0.009340333,-0.012761749,False
590,0.049502566,0.022458099,False
589,-0.0045929668,-0.0045929668,False
595,0.0043055993,-0.014311183,False
710,0.022159563,-0.024333721,False
639,-0.026515912,-0.026143681,False
641,-0.0060567316,-0.028236754,False
678,-0.043293387,-0.043293387,False
679,0.013930469,-0.008671409,False
680,0.013417942,-0.008956965,False
681,0.025306366,-0.037646707,False
682,0.0,0.0,False
683,0.033073157,-0.010131316,False
684,-0.013203627,-0.013203627,False
685,0.060667522,-0.04173276,False
686,-0.038976558,-0.01886335,False
687,-0.05444616,0.07504347,False
688,0.035988495,-0.03763267,False
689,-0.049636375,-0.020553019,False
690,0.0,0.00020732442,False
691,-0.023741858,-0.023741858,False
692,-0.09275446,0.00066518784,False
693,0.0,0.010717699,False
694,0.01041553,-0.004717735,False
708,0.11100884,-0.010071039,False
707,-0.0045843073,-0.0045843073,False
706,0.044433706,-0.0645741,False
705,-0.02232955,-0.021137625,False
704,-0.009765357,-0.009765357,False
703,-0.0020643715,-0.024188932,False
677,0.0641147,-0.07275805,False
702,0.038985595,-0.09908485,False
700,0.038866863,-0.03667187,False
699,-0.0023351684,-0.066878036,False
698,-0.0040348396,-0.08424479,False
697,-0.04321882,0.12986115,False
696,0.0404033,-0.06164872,False
695,-0.008713504,-0.008713504,False
701,-0.025917113,0.010783128,False
676,-0.056764796,-0.056764796,False
675,-0.019112447,-0.04147761,False
674,-0.013995604,-0.013788712,False
655,-0.0037512553,-0.0037512553,False
654,0.0,0.0,False
653,0.06701472,-0.020240702,False
652,-0.0015473366,-0.02448178,False
651,-0.030092523,-0.054000363,False
650,0.005958408,-0.01287738,False
656,-0.052425414,-0.052425414,False
649,0.0,0.008937591,False
647,0.08978254,-0.022960553,False
646,-0.033487603,-0.03946984,False
645,-0.018375037,-0.018375037,False
644,0.0,0.0,False
643,0.042830564,-0.021282637,False
642,0.008713856,0.04503119,False
648,-0.009869091,-0.009869091,False
640,-0.049274497,-0.049274497,False
657,-0.063635245,-0.004719414,False
659,-0.01042745,-0.01042745,False
673,-0.0051165484,-0.0051165484,False
672,-0.0048277224,-0.0048277224,False
671,0.03405477,-0.008055352,False
670,-0.008630766,-0.032687753,False
669,-0.03725554,-0.1426803,False
668,-0.0034862934,-0.0034862934,False
658,0.034324236,0.06822766,False
667,-0.055758346,-0.036130957,False
665,-0.005174614,-0.005174614,False
664,0.06615776,-0.024593765,False
663,0.004010072,-0.013772059,False
662,0.022593454,0.0,False
661,0.0,0.0004966925,False
660,0.015052211,-0.033749588,False
666,-0.035626553,0.035938635,False
570,-0.011593806,-0.029279115,False
852,-0.013753679,-0.013753679,False
854,-0.00234228,-0.024609512,False
1033,0.051022753,0.0117483735,False
1034,0.039113894,-0.018648893,False
1035,0.067413956,0.093497664,False
1036,-0.017905027,0.005035475,False
1037,0.028310757,-0.038873468,False
1038,0.0,0.0,False
1039,0.025129743,-0.033493742,False
1040,-0.019532973,-0.019532973,False
1041,0.017591631,-0.0047050845,False
1042,0.0,0.0,False
1043,0.0037875809,-0.01956997,False
1044,0.018063594,-0.0016296317,False
1045,-0.01211003,0.015693687,False
1046,0.009563938,0.12358196,False
1047,-0.0047054025,-0.0047054025,False
1048,0.08588202,-0.011839462,False
1049,0.008799352,-0.027902901,False
1063,-0.028114043,0.04148662,False
1062,-0.023107598,-0.022507273,False
1061,0.0,0.0007213415,False
1060,-0.05607971,-0.05559659,False
1059,0.015527125,-0.001081381,False
1058,-0.012540886,-0.036483567,False
1032,0.0077531356,-0.013973096,False
1057,0.069796264,-0.12745738,False
1055,-0.005728921,-0.028733525,False
1054,-0.008720428,-0.073674284,False
1053,0.0,0.0,False
1052,-0.17145105,-0.1452829,False
1051,-0.2661934,-0.16054326,False
1050,-0.0017985869,-0.023679249,False
1056,0.005370671,-0.01784859,False
1031,0.004233578,-0.019129602,False
1030,-0.021891287,-0.018968938,False
1029,0.022019075,0.0,False
1010,-0.029486202,-0.09471977,False
1009,-0.04697194,-0.04697194,False
1008,-0.005208995,-0.005208995,False
1007,-0.02354567,-0.022750326,False
1006,0.03639268,-0.00995736,False
1005,-0.009468,-0.009468,False
1011,-0.0050479244,-0.0050479244,False
1004,0.010217495,-0.037344284,False
1002,-0.021962354,-0.0052452087,False
1001,-0.047432598,-0.016976489,False
1000,0.049638715,-0.0059732515,False
999,0.08782483,-0.022653148,False
998,0.01071544,-0.066400655,False
997,0.014208019,-0.042658538,False
1003,0.018814843,-0.028093286,False
1064,0.05776392,-0.009580629,False
1012,0.034855835,-0.074017875,False
1014,0.025655992,-0.008330864,False
1028,0.050896432,-0.018994838,False
1027,-0.07060328,-0.09372682,False
1026,-0.0010780822,-0.023158118,False
1025,0.03268611,-0.02823881,False
1024,-0.013566837,-0.013566837,False
1023,0.011834137,-0.03306269,False
1013,-0.16180755,0.020530716,False
1022,0.03566605,-0.032921843,False
1020,-0.05208166,-0.05208166,False
1019,-0.009914068,-0.009914068,False
1018,-0.062076844,-0.014233135,False
1017,-0.019291662,-0.06291353,False
1016,0.0,0.039621916,False
1015,0.0,0.0,False
1021,0.017728984,-0.0048579276,False
996,0.0,0.0,False
1065,0.018904962,-0.0049785348,False
1067,0.06279468,-0.025246965,False
1104,0.021313809,-0.051965505,False
1105,-0.019041147,0.02153996,False
1106,6.4056367e-06,-0.023118202,False
1107,-0.0045988807,-0.0045988807,False
1108,0.0,0.0,False
1109,-0.00932058,-0.00932058,False
1110,0.0,0.0,False
1111,-0.009568617,-0.009568617,False
1112,-0.0026304852,-0.024315244,False
1113,0.032769635,-0.009473932,False
1114,0.019396588,-0.023883497,False
1115,0.0,0.0,False
1116,-0.0050840024,-0.0050840024,False
1117,0.015919482,-0.005007431,False
1118,-0.009430963,-0.009430963,False
1119,0.020370722,-0.059609488,False
1120,0.067383096,0.014823191,False
1134,0.009631595,-0.014322767,False
1133,0.004931893,-0.018654926,False
1132,0.09420603,-0.07696369,False
1131,-0.038220778,-0.08316221,False
1130,-0.004525751,0.13473007,False
1129,-0.005019524,-0.005019524,False
1103,0.27777112,0.07570875,False
1128,0.006232463,-0.008900803,False
1126,0.1494551,-0.033006623,False
1125,0.3979724,0.27766246,False
1124,0.017191054,-0.0049389564,False
1123,0.052773766,0.0390322,False
1122,-0.0165188,-0.011629308,False
1121,-0.0048385393,-0.0048385393,False
1127,0.01406268,-0.004554102,False
1102,0.0,0.0,False
1101,0.025786888,0.048761234,False
1100,0.0048740674,-0.019439844,False
1081,-0.022723824,-0.049189456,False
1080,-0.23863932,0.053183794,False
1079,-0.009915402,-0.009915402,False
1078,0.0,0.0,False
1077,0.008501172,-0.029552344,False
1076,-0.0047591506,-0.0047591506,False
1082,0.0,0.0006523316,False
1075,0.02327292,0.0,False
1073,-0.014549112,-0.014549112,False
1072,0.016971592,-0.0036848104,False
1071,0.020256942,-0.02511255,False
1070,0.0150529,-0.05023945,False
1069,0.041378275,-0.18493435,False
1068,0.037917733,-0.023697576,False
1074,0.0,0.0,False
1066,-0.011871725,0.012363255,False
1083,0.07577786,-0.05344993,False
1085,-0.037342835,0.041225847,False
1099,0.15418077,-0.1060563,False
1098,0.0,0.0,False
1097,-0.012989789,-0.04611505,False
1096,0.062427092,0.018022174,False
1095,-0.03575363,-0.03575363,False
1094,0.024037052,0.0,False
1084,0.017406479,-0.01698005,False
1093,0.006796941,-0.031479806,False
1091,0.020650562,-0.023481874,False
1090,-0.0036848104,-0.0036848104,False
1089,-0.043049976,-0.043049976,False
1088,-0.024193615,-0.041337054,False
1087,-0.037582226,-0.077968515,False
1086,0.0,0.0,False
1092,-0.10375817,-0.07213781,False
853,0.0074132215,-0.013465071,False
995,0.076024055,-0.5818636,False
993,0.036341637,-0.04971213,False
891,0.008908682,-0.0010450147,False
892,0.018323777,-0.004428873,False
893,-0.013631696,-0.013626003,False
894,0.06545291,0.06929993,False
895,-0.0792796,-0.05585918,False
896,-0.023462245,-0.023462245,False
897,-0.011825897,-0.021735348,False
898,-0.015658172,-0.03532212,False
899,0.0097145215,-0.054673605,False
900,0.020685699,-0.009736361,False
901,-0.009857116,-0.009857116,False
902,-0.013781963,-0.013781963,False
903,-0.014075479,-0.014075479,False
904,0.062079646,-0.02491634,False
905,-0.0045455415,-0.0045455415,False
906,-0.013645407,-0.013645407,False
907,-0.007910939,0.033927053,False
921,-0.0092242295,-0.0092242295,False
920,0.0,0.0,False
919,-0.019204479,-0.019204479,False
918,0.02484642,-0.040834676,False
917,0.0,0.0,False
916,0.07589809,0.021544494,False
890,-0.027081136,-0.022453424,False
915,0.08783039,-0.02275278,False
913,0.0,0.0,False
912,0.018616783,0.0,False
911,0.042853158,-0.004901953,False
910,0.037160486,-0.023632932,False
909,-0.017709037,-0.044498272,False
908,0.028920569,-0.064561285,False
914,-0.014907144,-0.014895686,False
889,0.007557828,-0.014327558,False
888,0.027870681,-0.015050713,False
887,-0.01420284,-0.01420284,False
868,0.007608245,-0.014341443,False
867,0.02427604,-0.023644056,False
866,0.017725987,-0.021890348,False
865,0.01330269,-0.010406935,False
864,0.039101522,0.041702982,False
863,-0.022235516,-0.022235516,False
869,-0.04105247,-0.03072524,False
862,0.039210252,-0.021515414,False
860,0.0,0.0,False
859,0.007175655,-0.015004505,False
858,0.0,0.0,False
857,0.0044253096,-0.018168144,False
856,0.0,8.018777e-05,False
855,0.03971889,-0.004876203,False
861,-0.105529785,-0.17942023,False
922,0.01782005,-0.045397323,False
870,0.0,0.0,False
872,0.030690089,0.058153167,False
886,-0.022605393,-0.03242272,False
885,0.0077627376,-0.054409277,False
884,-0.01313944,-0.01313944,False
883,-0.042534128,-0.042534128,False
882,0.0,0.0,False
881,-0.016733147,-0.08160172,False
871,-0.007760262,-0.028416663,False
880,-0.000754945,-0.02425698,False
878,0.0147945285,-0.009523153,False
877,-0.02829475,-0.02829475,False
876,-0.012595633,-0.012595633,False
875,-0.055104278,-0.055104278,False
874,-0.009938179,-0.009938179,False
873,-0.0062826537,-0.029645834,False
879,0.008653939,-0.009681255,False
994,0.0,0.0,False
923,0.0,0.0,False
925,-0.004223634,-0.004223634,False
962,0.005747877,-0.03547133,False
963,-0.008966396,-0.008966396,False
964,0.0017710626,-0.056220166,False
965,-0.015382188,-0.015204407,False
966,0.043545395,0.0,False
967,0.009473905,-0.040143803,False
968,-0.020528125,-0.042822387,False
969,0.07102884,-0.009566238,False
970,-0.0044606337,-0.0044606337,False
971,-0.009495785,-0.009495785,False
972,-0.007741712,-0.074663125,False
973,0.015587017,-0.09419041,False
974,-0.004277982,-0.05258014,False
975,0.09311966,0.08944946,False
976,0.019468274,0.039231043,False
977,-0.00971966,-0.00971966,False
978,0.030451385,-0.0095861945,False
992,0.0,0.0,False
991,0.0069106035,-0.038920242,False
990,0.055417508,-0.03572339,False
989,0.004483763,-0.028386883,False
988,0.011020195,-0.032794125,False
987,-0.013804856,-0.013804856,False
961,-0.034453686,-0.034453686,False
986,0.008920157,-0.014478095,False
984,-0.012787938,-0.012787938,False
983,0.010251069,-0.009249339,False
982,0.1676085,-0.07632911,False
981,0.0023221113,-0.019727997,False
980,-0.018635534,-0.018635534,False
979,0.18091416,0.037973166,False
985,0.023295024,0.0,False
960,-0.0048932876,-0.0048757265,False
959,-0.014978378,-0.014978378,False
958,0.0094991,-0.012918602,False
939,-0.013223279,-0.013223279,False
938,-0.035272744,-0.058033176,False
937,-0.033660494,0.058656707,False
936,-0.13866363,-0.007272005,False
935,0.0054514464,-0.018616213,False
934,-0.0045462074,-0.0045462074,False
940,-0.009374203,-0.009374203,False
933,0.011683402,-0.008449729,False
931,0.014566474,-0.028241102,False
930,-0.016967757,-0.016967757,False
929,-0.024016635,-0.018397305,False
928,-0.1733654,-0.19517758,False
927,0.060782224,-0.033504367,False
926,0.03591985,-0.008564569,False
932,0.025296204,0.0042578983,False
924,-0.005287716,-0.027304491,False
941,0.024793494,0.0,False
943,0.050946783,-0.052422103,False
957,-0.01837964,-0.01837964,False
956,0.13742729,0.010022283,False
955,0.04785941,-0.019125085,False
954,-0.005091785,-0.005091785,False
953,-0.004955982,-0.004955982,False
952,-0.009242909,-0.007332143,False
942,0.016425904,-0.0051456327,False
951,0.01594026,0.0,False
949,-0.025065798,-0.040199064,False
948,0.015228005,-0.004905125,False
947,0.0,0.0,False
946,0.0097720865,-0.014182275,False
945,0.0048041567,-0.018817145,False
944,-0.036324445,0.0568933,False
950,-0.034124263,0.008194324,False
569,0.011682123,-0.06460619,False
568,-0.0047674626,-0.004493036,False
567,-0.004936444,-0.004936444,False
179,-0.015141755,0.08037123,False
180,0.047289126,-0.0012958646,False
181,0.0,0.0,False
182,-0.023311302,-0.040738776,False
183,-0.03489846,-0.066967286,False
184,0.0,0.00059602933,False
185,0.01012649,-0.013436327,False
186,-0.0029042866,-0.025656937,False
187,0.0,0.0,False
188,-0.0067951214,-0.027184479,False
189,-0.022605056,-0.022605056,False
190,-0.04183072,0.038435645,False
191,-0.0069451723,-0.026734177,False
192,-0.018403914,-0.041069057,False
193,0.013720321,-0.008576395,False
194,-0.032207124,-0.032207124,False
195,0.0,0.049334664,False
209,0.046270475,-0.020062387,False
208,-0.004932341,-0.004932341,False
207,0.0,0.0,False
206,0.0,0.0,False
205,-0.11454998,-0.09302595,False
204,0.102990985,-0.019159501,False
178,-0.017222505,-0.014725622,False
203,0.047269285,-0.12442714,False
201,-0.0063995942,-0.03277587,False
200,-0.0050123385,-0.0050123385,False
199,0.07791005,0.040556278,False
198,-0.034305368,-0.034305368,False
197,0.0,0.0,False
196,0.031131458,-0.014497685,False
202,0.108513996,0.038177103,False
177,-0.016816536,-0.016816536,False
176,-0.030093193,0.037070036,False
175,-0.011272458,0.0019541942,False
156,0.018648434,-0.0040186113,False
155,0.022668948,0.0,False
154,-0.020060498,-0.03641928,False
153,0.10563921,-0.010556206,False
152,-0.03445845,-0.03445845,False
151,-0.0049393275,-0.0049393275,False
157,0.010458771,-0.010126375,False
150,0.0008888431,-0.039415237,False
148,0.014524397,-0.008876127,False
147,-0.8461795,-1.1536021,False
146,0.080673665,-0.002593875,False
145,-0.08494944,-0.08494944,False
144,-0.014735036,-0.014735036,False
143,-0.008724628,-0.008724628,False
149,-0.023288144,-0.023288144,False
210,0.050373614,-0.11097658,False
158,-0.023670228,-0.046555206,False
160,-0.038184382,-0.009380072,False
174,0.0,0.0,False
173,0.017853534,-0.0048932876,False
172,0.029135093,-0.016191782,False
171,-0.032886654,-0.011419095,False
170,-0.015338708,-0.015338708,False
169,0.063378684,-0.0008158814,False
159,-0.0036166578,-0.0036166578,False
168,0.013144288,-0.031392597,False
166,0.021613047,-0.015543193,False
165,0.015890328,-0.028724896,False
164,0.018245077,-0.0047312197,False
163,-0.06780358,0.045408785,False
162,-0.024342055,-0.024342055,False
161,0.00751902,-0.013654824,False
167,0.02210956,0.0,False
142,-0.010212669,-0.010212669,False
211,0.0007246882,-0.010513205,False
213,0.024930116,-0.029792398,False
250,0.008047476,0.015295006,False
251,0.024653528,-0.014283973,False
252,0.0,0.00097435474,False
253,0.0011157729,-0.038546704,False
254,-0.051767554,-0.040792502,False
255,-0.0055889264,-0.0023030508,False
256,-0.0049009644,-0.0049009644,False
257,0.15106282,-0.09350492,False
258,0.0,0.0,False
259,-0.050994053,0.038696557,False
260,0.07794913,0.04554674,False
261,0.04238941,0.0055210292,False
262,0.0,0.0,False
263,-0.12644932,-0.14416894,False
264,0.020944605,-0.0046034134,False
265,-0.009667703,-0.009667703,False
266,-0.019100469,-0.019100469,False
280,0.004697215,-0.018660337,False
279,-0.010975903,-0.0283095,False
278,0.023010164,-0.0378867,False
277,-0.12241042,-0.024311215,False
276,-0.009719061,-0.009719061,False
275,0.055868097,0.0009794012,False
249,-0.027263075,-0.0035631955,False
274,0.022281623,-0.020574026,False
272,-0.004814158,-0.004814158,False
271,0.0,0.0,False
270,-0.04458855,0.035155416,False
269,0.008946523,-0.04257205,False
268,0.0,0.0001325405,False
267,-0.0050306404,-0.0050306404,False
273,0.017097436,-0.029105263,False
248,-0.046615932,-0.04613618,False
247,-0.036493894,0.003402792,False
246,0.0,0.0,False
227,0.006656036,0.06632507,False
226,-0.0146518955,-0.0146518955,False
225,0.0057550743,-0.018063776,False
224,-0.006321486,-0.014320648,False
223,0.04285343,-0.08292396,False
222,-0.020009222,-0.020009222,False
228,-0.003112601,-0.018245867,False
221,0.030753538,-0.036375277,False
219,-0.033793475,-0.03377033,False
218,-0.0044247913,-0.0044247913,False
217,0.0073876902,-0.09654108,False
216,0.14128913,0.08054529,False
215,0.0044518765,-0.014391165,False
214,0.054946244,-0.016559452,False
220,0.01461648,-0.0048839287,False
212,0.07074849,-0.039289445,False
229,0.027593391,-0.019188685,False
231,-0.009947132,-0.009947132,False
245,0.0,1.451602e-05,False
244,0.0019222721,-0.06100672,False
243,-0.004356498,-0.004356498,False
242,0.0,0.0,False
241,0.03161059,0.08055489,False
240,0.022601878,0.0,False
230,0.023468144,0.0,False
239,-0.030203179,-0.050619014,False
237,-0.014426589,-0.014426589,False
236,-0.0050598695,-0.0050598695,False
235,0.01651522,-0.004906516,False
234,-0.010939255,-0.020981852,False
233,-0.06487079,-0.070251256,False
232,0.012381504,-0.009953682,False
238,-0.00948537,-0.03266349,False
281,0.03631396,-0.060351297,False
141,0.012935322,-0.026610207,False
139,0.018686963,-0.004690887,False
37,0.09301692,-0.06325245,False
38,0.101373404,0.04747972,False
39,-0.04568147,-0.027532395,False
40,0.081180125,0.050808847,False
41,0.011298552,0.043584183,False
42,0.021774244,-0.006386024,False
43,0.008969653,0.006345013,False
44,0.030201025,0.037228502,False
45,-0.039636947,0.17150097,False
46,-0.05037695,-0.080892414,False
47,-0.031357594,0.054317266,False
48,-0.2036819,-0.06614077,False
49,0.2296134,0.033259183,False
50,-0.5001686,-0.118715405,False
51,-0.37942588,-0.16944396,False
52,0.16578811,0.010778397,False
53,-0.064762294,-0.14284615,False
67,0.038822968,-0.049151685,False
66,-0.00508667,-0.00508667,False
65,0.30682614,-0.0019380897,False
64,-0.14133245,0.0005174875,False
63,-0.0148625,0.016617008,False
62,0.16970909,0.4425575,False
36,0.14161527,-0.09003547,False
61,-0.17719954,-0.046876967,False
59,-0.0714107,0.05380869,False
58,-0.13065183,0.11083439,False
57,0.0018081572,-0.01985714,False
56,-0.042430837,-0.042430837,False
55,0.0,0.007908369,False
54,0.2446329,0.02270098,False
60,0.015605077,-0.054527633,False
35,0.041021965,-0.0043241084,False
34,0.0013978593,0.039073996,False
33,-0.058098912,-0.14501338,False
14,0.028645433,0.058057196,False
13,-0.20212968,-0.11068338,False
12,0.07661958,0.052972376,False
11,0.020741284,-0.105400324,False
10,-0.07883711,-0.07848334,False
9,-0.049484685,1.0144167,False
15,-0.07257098,-0.015465975,False
8,-0.13654357,0.08683282,False
6,-0.027047992,-0.15716818,False
5,0.011578249,-0.012413971,False
4,0.0,0.0001558151,False
3,0.017316554,0.04751542,False
2,0.015046284,-0.027197933,False
1,-0.029521123,-0.053656757,False
7,0.04729969,-0.0865918,False
68,0.19849169,0.2630682,False
16,-0.08291292,-0.031279266,False
18,0.02573565,-0.006215293,False
32,0.0,0.0,False
31,-0.006131269,0.025730714,False
30,0.005211897,-0.022088151,False
29,0.02433841,0.10367064,False
28,-0.0041037896,-0.0041037896,False
27,-0.024333244,0.037126586,False
17,-0.13072932,-0.1996721,False
26,-0.029263683,-0.025657311,False
24,0.17265576,-0.09556185,False
23,-0.0070141256,0.024150074,False
22,0.013878051,-0.00876905,False
21,0.0,0.0,False
20,0.124135256,-0.099643946,False
19,-0.0044401633,0.0019687954,False
25,0.021928143,0.0,False
140,-0.0048105754,-0.0048105754,False
69,0.12564805,0.0054584444,False
71,-0.022962332,0.052141488,False
108,0.0071529597,-0.036600202,False
109,0.0,0.0,False
110,-0.03772474,0.019801963,False
111,-0.018115608,-0.041410632,False
112,-0.004631537,-0.004631537,False
113,-0.01937278,-0.01937278,False
114,0.047349464,-0.042384215,False
115,-0.023143385,-0.023143385,False
116,0.008267578,-0.03463705,False
117,0.017265648,0.003865838,False
118,0.01251326,-0.009821926,False
119,0.008236267,-0.021917008,False
120,-0.11179149,0.031585068,False
121,-0.10908816,0.1543519,False
122,-0.0048964294,-0.0048964294,False
123,-0.0053045438,-0.0053045438,False
124,-0.009865335,-0.009865335,False
138,-0.029064937,-0.017049523,False
137,-0.005069112,-0.005069112,False
136,-0.14170942,0.017137498,False
135,0.060134143,-0.029673062,False
134,-0.0045988807,-0.0045988807,False
133,-0.038195334,-0.026380356,False
107,-0.01494799,-0.01494799,False
132,0.033328116,0.031118684,False
130,-0.0023808256,0.0027085766,False
129,0.035815693,-0.008638322,False
128,0.04779114,-0.019142034,False
127,-0.020681856,-0.020681856,False
126,0.013506196,-0.0088507505,False
125,0.0,0.0,False
131,-0.004676602,-0.004676602,False
106,-0.011951655,0.057543695,False
105,-0.00915765,-0.00915765,False
104,0.0,0.0,False
85,0.024671964,0.0,False
84,0.033098165,-0.034342,False
83,-0.2480849,-0.059905767,False
82,-0.11195305,-0.12683205,False
81,-0.123602115,-0.047893174,False
80,-0.10999659,-0.30412924,False
86,0.088441044,0.078807265,False
79,0.25524983,0.13360548,False
77,0.1859537,-0.09656885,False
76,-0.093248546,-0.10947509,False
75,-0.004859656,0.031294078,False
74,0.023900855,-0.019745415,False
73,0.022220343,0.11709505,False
72,-0.15811613,-0.05145304,False
78,-0.33607554,-0.09819901,False
70,-0.0051135407,-0.0051135407,False
87,-0.65061843,-0.43319952,False
89,-0.05206427,-0.081912816,False
103,0.010063468,-0.028404875,False
102,0.02788002,0.0844152,False
101,0.056025904,-0.03587887,False
100,0.040881194,-0.0048224535,False
99,-0.0044749146,-0.0044749146,False
98,0.0,0.0,False
88,0.11686832,0.01603502,False
97,0.0107925385,0.013315208,False
95,0.039884165,-0.02581416,False
94,0.023382004,-0.021930547,False
93,-0.004631537,-0.004631537,False
92,-0.0048446464,-0.0048446464,False
91,0.40313488,0.19939983,False
90,-0.08044481,-0.21988988,False
96,0.0,0.0,False
282,-0.004358008,-0.004358008,False
283,0.035452805,-0.009741105,False
284,-0.0048993845,-0.0043838653,False
464,-0.048471175,-0.0679055,False
465,-0.04253783,-0.08955265,False
466,-0.10679573,0.0027822554,False
467,0.015358657,-0.008567212,False
468,-0.01864255,-0.01864255,False
469,-0.005218501,-0.005218501,False
470,0.014464885,0.0005800575,False
471,-0.005915476,-0.028290384,False
472,-0.024794545,-0.024794545,False
473,-0.019094959,-0.019094959,False
474,0.0,0.0,False
475,0.021139525,0.0,False
476,-0.022646733,-0.022646733,False
477,0.026159983,0.0313084,False
478,-0.052336924,0.021273762,False
479,0.0232378,0.0,False
480,-0.005026541,-0.005026541,False
494,0.012419202,-0.0034618294,False
493,0.008116387,-0.015155431,False
492,0.012166578,-0.004687762,False
491,-0.029725112,-0.042472385,False
490,0.03344475,-0.009474363,False
489,-9.75281e-05,-0.009014327,False
463,-0.005461106,-0.005461106,False
488,0.10368794,-0.051027834,False
486,0.017160676,-0.005137883,False
485,0.033160288,-0.027530927,False
484,0.0,0.0,False
483,0.000711713,-0.019421417,False
482,-0.019514136,-0.019514136,False
481,-0.00056451187,-0.0038249567,False
487,-0.0034136213,-0.047347087,False
462,-0.055762462,-0.06120538,False
461,0.0,0.0,False
460,0.005394833,-0.01949119,False
441,-0.010043405,-0.03362491,False
440,0.080131784,-0.027271587,False
439,0.0,0.0,False
438,-0.008035049,-0.008035049,False
437,-0.0048509818,-0.0035992968,False
436,-0.023938434,-0.032813553,False
442,0.03497737,-0.044793386,False
435,-0.008949109,-0.008949109,False
433,-0.0031722821,-0.044980932,False
432,-0.01896298,-0.018962871,False
431,0.019187987,-0.0048796716,False
430,-0.010394555,-0.032120787,False
429,0.04512161,-0.019369535,False
428,-0.020976659,-0.04292315,False
434,0.0,0.0,False
495,0.04358833,-0.004503161,False
443,-0.008896086,-0.008896086,False
445,-0.03589764,-0.03589764,False
459,0.008069244,-0.0139915375,False
458,0.0,0.0,False
457,-0.019791692,-0.019791692,False
456,0.0,0.0,False
455,0.021501921,-0.013296094,False
454,0.014009684,-0.024525175,False
444,-0.03012351,-0.062203698,False
453,0.038412504,-0.019710522,False
451,-0.01308886,-0.01308886,False
450,0.011669835,-0.009257078,False
449,-0.04591001,-0.08814926,False
448,0.048880972,-0.06231486,False
447,0.013357464,-0.009540578,False
446,-0.0049199415,-0.0049199415,False
452,-0.027681291,-0.012080964,False
427,-0.004912503,-0.004912503,False
496,-0.102340296,-0.024368644,False
498,-0.029905096,-0.029905096,False
536,-0.009438606,-0.009438606,False
537,-0.004650339,-0.004650339,False
538,-0.058294997,-0.058294997,False
539,0.0,0.0,False
540,0.02169633,-0.03159085,False
541,-0.007774988,-0.029667355,False
542,0.023781288,0.0,False
543,-0.0074005257,-0.029018546,False
544,-0.009482071,-0.007306278,False
545,0.0,0.0,False
546,0.0091520045,-0.014544167,False
547,-0.0093440525,-0.033162903,False
548,-0.041990593,-0.041990593,False
549,0.0118542425,-0.020109357,False
550,-0.009793426,-0.009793426,False
551,0.0024539903,-0.019272242,False
552,0.040101916,-0.013789125,False
566,0.009563897,-0.011553345,False
565,-0.025707005,-0.0074123256,False
564,0.048169337,-0.03880812,False
563,-0.014548384,-0.0877772,False
562,0.022588365,-0.030436441,False
561,0.023123544,0.0,False
535,-0.004695786,-0.024394331,False
560,0.0074763633,-0.017550338,False
558,-0.009557309,-0.009557309,False
557,0.008267207,-0.008062951,False
556,-0.009649474,-0.009649474,False
555,0.018537968,-0.0051193144,False
554,0.0021432862,-0.019803204,False
553,0.06638332,-0.03831424,False
559,0.11121151,0.0043918937,False
534,-0.009889547,-0.009889547,False
533,-0.004513249,-0.004513249,False
532,0.018113181,-0.050370157,False
513,-0.023510557,-0.023510557,False
512,0.058900848,0.05260499,False
511,-0.010847058,-0.010781118,False
510,-0.0042015244,-0.0036161563,False
509,0.0,0.0,False
508,-0.018607302,-0.018526083,False
514,0.07238915,-0.0050655864,False
507,0.05449591,0.024708346,False
504,-0.0036115283,-0.0036115283,False
503,-0.014671359,-0.014671359,False
502,-0.01916347,-0.018728215,False
501,0.0032682437,-0.019671282,False
500,0.033321008,-0.027329909,False
499,-0.19235677,0.06995341,False
505,0.0,0.0,False
497,0.011720918,-0.010002283,False
515,0.0062067155,-0.013926415,False
517,-0.045654014,0.055051863,False
531,0.022000404,0.0,False
530,0.0,0.0,False
529,0.005140668,-0.01830017,False
528,0.014440717,-0.009032052,False
527,0.0,0.0,False
526,-0.023277583,-0.023206351,False
516,0.02034853,-0.0131169595,False
525,-0.0040275306,-0.02416066,False
523,0.00456398,-0.019314284,False
522,-0.1026469,-0.13214637,False
521,0.016531222,0.034326293,False
520,-0.009095605,-0.009095605,False
519,-0.013489594,-0.013489594,False
518,0.027884234,-0.010259982,False
524,0.018243263,-0.0053911023,False
426,-0.037250623,-0.0557027,False
425,-0.06525834,-0.065120675,False
424,-0.009678927,0.0063435705,False
321,-0.00502133,-0.0050023496,False
322,-0.004478243,-0.004478243,False
323,-0.019799173,-0.06673125,False
324,-0.018762562,-0.018762562,False
325,-0.0039587812,-0.0039587812,False
326,-0.009033311,-0.009033311,False
327,-0.020229746,-0.020229746,False
328,-0.017081644,-0.017081644,False
329,0.0076582897,-0.013222619,False
330,0.020656401,0.0,False
331,0.025174936,2.3997207e-05,False
332,0.0,8.499382e-05,False
333,0.015765658,-0.0048907436,False
334,-0.015082982,-0.015082982,False
335,-0.0050698267,-0.0050698267,False
336,-0.033184104,-0.033184104,False
337,-0.019533511,-0.019533511,False
351,-0.08307849,-0.060548738,False
350,0.015088518,-0.009275303,False
349,0.002553448,-0.043622907,False
348,-0.014602497,0.06626883,False
347,-0.03375818,-0.03375818,False
346,0.0,0.0,False
320,0.009436898,0.046199195,False
345,-0.022818763,-0.022818763,False
343,0.0,0.0,False
342,0.0,0.0008190952,False
341,0.0,0.0,False
340,-0.010093773,-0.010093773,False
339,0.0,0.0,False
338,0.0,7.5083226e-06,False
344,-0.014813204,-0.014239664,False
319,0.0,0.0,False
318,0.0085149035,-0.012506954,False
317,0.05920179,-0.02221289,False
298,-0.01921523,-0.01921523,False
297,0.009759705,-0.01317474,False
296,-0.0208512,-0.0208512,False
295,0.017330214,0.06270662,False
294,0.027226795,-0.013983873,False
293,-0.009339796,-0.009339796,False
299,-0.17365803,-0.04303269,False
292,-0.044785146,-0.03910836,False
290,0.013185187,-0.009421377,False
289,-0.0034174668,-0.0034174668,False
288,0.04024797,-0.00474491,False
287,0.019235602,0.15424384,False
286,0.023415484,-0.042918034,False
285,0.0011982955,-0.022616783,False
291,0.055040002,-0.07899397,False
352,0.0029338095,-0.019087708,False
300,0.032392014,-0.013936705,False
302,-0.021331204,-0.021331204,False
316,-0.007953124,-0.02937486,False
315,-0.057571508,0.10420019,False
314,0.019947752,0.071341544,False
313,-0.00038067997,-0.007067904,False
312,-0.027165605,-0.02092403,False
311,0.0,0.0,False
301,-0.041146025,-0.041146025,False
310,0.011287555,-0.045639932,False
308,0.040625647,-0.0053586895,False
307,-0.020822346,-0.0030518472,False
306,0.01574267,-0.008028659,False
305,0.034238074,-0.031705316,False
304,0.0281021,-0.033135094,False
303,-0.027337085,-0.027337085,False
309,-0.008390801,-0.008390801,False
353,0.10241309,0.05995077,False
354,-0.00212349,-0.034321696,False
355,0.02639091,-0.075504854,False
405,0.45035183,-0.2614932,False
404,0.033370383,-0.043103795,False
403,0.0,0.0,False
402,-0.013291223,-0.013291223,False
401,-0.031319227,-0.026768072,False
400,-0.0011201724,-0.04598475,False
406,-0.04008784,-0.05580876,False
399,-0.059623085,-0.03974144,False
397,-0.004047248,-0.004047248,False
396,-0.008564574,-0.008564574,False
395,-0.013821214,-0.016171485,False
394,0.013858356,-0.052691936,False
393,0.031841494,-0.009719694,False
392,-0.012611318,-0.012611318,False
398,-0.009633751,-0.009633751,False
391,-0.008746296,-0.05304935,False
407,0.0,0.0,False
409,0.0016342625,-0.008456986,False
423,-0.033891335,-0.033891335,False
422,0.07134641,-0.054417886,False
421,0.003259167,-0.018741237,False
420,0.024731584,-0.022588097,False
419,-0.019201858,-0.019201858,False
418,-0.0013486762,-0.020451222,False
408,-0.11519687,-0.07658646,False
417,-0.0049974755,-0.0049974755,False
415,-0.010203272,-0.010203272,False
414,-0.033678666,0.050296977,False
413,0.20056254,0.012779295,False
412,-0.0073781386,-0.03065299,False
411,0.0312565,-0.009302978,False
410,0.00087364763,0.009370029,False
416,0.07727456,0.073884964,False
1135,0.08829013,0.015261665,False
390,0.017961456,-0.029364714,False
388,0.007774057,-0.014756292,False
369,0.0,0.0,False
368,-0.0050840024,-0.0050840024,False
367,0.015215792,-0.006893769,False
366,-0.0241407,-0.0241407,False
365,-0.057739735,-0.17135318,False
364,0.018747928,-0.004967826,False
370,0.02096827,-0.024303112,False
363,-0.00032414496,-0.023070967,False
361,-0.0050758063,-0.0016548657,False
360,0.0,0.0,False
359,-0.0040650247,-0.003979986,False
358,-0.0053355247,-0.04739018,False
357,-0.001755923,-0.018765282,False
356,0.0,0.00013396879,False
362,0.009224666,0.0073597506,False
389,-0.013570032,-0.013570032,False
371,-0.0054335915,-0.0054335915,False
373,0.022598475,-0.069539696,False
387,0.0232378,0.0,False
386,0.0,0.0,False
385,-0.038778327,0.015550714,False
384,-0.009242451,-0.009242451,False
383,0.008708622,-0.02969056,False
382,-0.014861129,-0.014861129,False
372,9.667128e-05,-0.041098285,False
381,0.0,0.0,False
379,-0.107655354,-0.06665295,False
378,-0.009554997,-0.009554997,False
377,-0.030682402,-0.035129655,False
376,-0.028702402,-0.028702402,False
375,-0.004818657,-0.004818657,False
374,0.0069373474,-0.015012341,False
380,0.0,0.0,False
1136,0.017135542,-0.0054318104,False
1137,0.0026331954,-0.037375692,False
1138,0.02067542,-0.015243918,False
1888,-0.04746767,-0.045560487,False
1889,0.0072715115,-0.009737847,False
1890,-0.019627087,0.020264842,False
1891,0.011791231,-0.01203265,False
1892,-0.04721944,-0.055878423,False
1893,-0.0032181684,-0.021151707,False
1894,0.06968494,0.64746773,False
1895,-0.004652436,-0.004652436,False
1896,0.013386718,-0.009280327,False
1897,0.016926005,-0.0552717,False
1898,-0.019058976,-0.019058976,False
1899,-0.023113273,-0.023113273,False
1900,-0.07428466,-0.018676154,False
1901,0.10098499,0.05553614,False
1902,0.043992806,0.0,False
1903,-0.004934801,-0.004934801,False
1904,0.035770886,-0.008304656,False
1918,-0.07215154,-0.112755895,False
1917,0.037732027,-0.051041193,False
1916,0.023138948,-0.08909848,False
1915,-0.13882872,-0.17087758,False
1914,0.0,0.0,False
1913,0.018886523,-0.0046762936,False
1887,0.031210711,-0.01402553,False
1912,-0.024835631,-0.024835631,False
1910,-0.004994401,-0.004994401,False
1909,-0.0097750155,-0.0097750155,False
1908,-0.013020992,0.07039798,False
1907,0.015957318,-0.005090565,False
1906,0.03347831,-0.009432393,False
1905,-0.013893783,-0.013893783,False
1911,0.011109684,-0.030565854,False
1886,0.10677204,-0.007896453,False
1885,-0.022498474,-0.022498474,False
1884,0.029595878,-0.0049480777,False
1865,0.011077171,-0.01064603,False
1864,-0.023459535,-0.046239488,False
1863,-0.0077514388,-0.021956522,False
1862,-0.004905125,-0.004905125,False
1861,-0.008407025,-0.008407025,False
1860,-0.042320326,0.038156934,False
1866,-0.009123782,-0.009123782,False
1859,0.035673257,-0.009781774,False
1857,0.05861149,-0.025219835,False
1856,-0.013794018,-0.013794018,False
1855,-0.024697267,-0.024697267,False
1854,-0.01866028,-0.01866028,False
1853,-0.0023662038,-0.047328133,False
1852,0.089304745,-0.029672999,False
1858,0.17722008,-0.08468589,False
1919,0.07443891,-0.009760991,False
1867,0.057391666,-0.06745835,False
1869,0.05488775,-0.03027377,False
1883,-0.004562474,-0.004562474,False
1882,0.027659547,-0.026249073,False
1881,0.061275892,0.009086989,False
1880,-0.025805617,-0.025916344,False
1879,0.09379034,0.059061706,False
1878,0.029181398,-0.008808476,False
1868,0.050720677,-0.06454319,False
1877,-0.0098760575,-0.0098760575,False
1875,0.008756865,-0.013201893,False
1874,0.025888175,-0.05875799,False
1873,-0.004935622,-0.004935622,False
1872,-0.02668882,-0.023212394,False
1871,-0.04342349,-0.04342349,False
1870,-0.04645789,-0.028873751,False
1876,0.022409642,0.0,False
1851,0.018027972,-0.00487007,False
1920,-0.014793316,-0.014793316,False
1922,0.013615709,0.027162973,False
1959,0.061265044,0.014700267,False
1960,-0.013921641,-0.08055995,False
1961,-0.0014620572,-0.023758773,False
1962,0.019647874,-0.019947022,False
1963,-0.022448659,0.02974549,False
1964,-0.032141272,-0.023391671,False
1965,-0.0049199415,-0.0049199415,False
1966,0.0,0.0,False
1967,-0.0049009644,-0.0049009644,False
1968,-0.13118592,-0.1576359,False
1969,-0.004993962,-0.004993962,False
1970,0.050724283,-0.014058365,False
1971,-0.014827004,-0.014827004,False
1972,0.07490939,-0.03998971,False
1973,0.0030783787,-0.06178011,False
1974,0.055005483,-0.0042676926,False
1975,0.0058891475,-0.02051088,False
1989,0.011224162,-0.05431859,False
1988,0.0,1.913067e-05,False
1987,-0.022461556,0.085043296,False
1986,-0.015045073,-0.015045073,False
1985,-0.004814158,-0.004814158,False
1984,-0.02186906,-0.0052322894,False
1958,-0.034865107,-0.054857094,False
1983,0.019425724,-0.004425956,False
1981,-0.03722187,0.019251235,False
1980,-0.009024881,-0.009024881,False
1979,0.0,0.0,False
1978,-0.0016252697,-0.017553791,False
1977,-0.017479075,-0.012605815,False
1976,-0.0046977997,-0.0046977997,False
1982,-0.0057592727,-0.020892538,False
1957,0.021631092,7.599491e-05,False
1956,-0.014497727,-0.014483644,False
1955,-0.00458389,-0.00458389,False
1936,0.0025705956,-0.020039724,False
1935,0.01792783,-0.0049321367,False
1934,0.10366924,0.13351952,False
1933,-0.0044809636,-0.0044809636,False
1932,0.018431094,-0.0042686323,False
1931,-0.008844063,0.0072942525,False
1937,0.017347144,-0.0047549387,False
1930,0.07605283,0.022337675,False
1928,-0.009744842,-0.009744842,False
1927,0.0575575,-0.012801075,False
1926,0.022358973,0.0,False
1925,0.017848626,-0.0047382866,False
1924,-0.009696566,-0.009696566,False
1923,-0.0005881395,-0.023828125,False
1929,-0.0097881695,-0.0097881695,False
1921,0.0,0.0,False
1938,0.01920449,-0.0044916803,False
1940,-0.0047720764,-0.0047720764,False
1954,-0.06960265,-0.031234503,False
1953,-0.0047529237,-0.0046733674,False
1952,-0.0043765544,-0.0043765544,False
1951,0.0,0.0,False
1950,-0.15836753,-0.06688923,False
1949,0.065104,-0.022351934,False
1939,-0.041753694,-0.037555337,False
1948,-0.004547674,-0.004547674,False
1946,0.031110134,-0.014156401,False
1945,0.007960532,-0.013926211,False
1944,0.047740296,0.005825758,False
1943,0.11436424,-0.057622075,False
1942,-0.012239397,-0.08066381,False
1941,-0.004716768,-0.004716768,False
1947,-0.0294654,-0.014901149,False
1990,0.016682178,0.110498175,False
1850,0.04977531,-0.029110393,False
1848,0.029604282,-0.019400507,False
1745,0.20181543,-0.06461586,False
1746,0.0,0.0001117172,False
1747,0.0077528497,-0.008605932,False
1748,0.02548967,-0.04235017,False
1749,-0.023067998,0.09279552,False
1750,0.010666801,-0.00946633,False
1751,0.0029000584,0.032082636,False
1752,0.013772775,-0.008308129,False
1753,-0.088300146,-0.08361106,False
1754,-0.019357873,-0.014518414,False
1755,0.013775893,-0.024223233,False
1756,-0.009680381,0.053524293,False
1757,-0.0036573242,-0.02459236,False
1758,-0.027610814,-0.027610814,False
1759,-0.009614454,-0.009614454,False
1760,-0.013198107,-0.013198107,False
1761,-0.14945298,0.037866473,False
1775,-0.0046792245,-0.0046792245,False
1774,-0.007857047,-0.007857047,False
1773,-0.0047551068,-0.0039483653,False
1772,0.0,0.0,False
1771,0.0,0.0,False
1770,-0.002580285,-0.04788322,False
1744,-0.009422368,-0.009422368,False
1769,-0.01643302,-0.01643302,False
1767,-0.023202907,-0.023202907,False
1766,-0.010015177,-0.03262174,False
1765,-0.005692287,-0.005692287,False
1764,-0.009818063,-0.009818063,False
1763,0.05707398,-0.009928795,False
1762,0.0,0.0,False
1768,0.005899526,-0.043662198,False
1743,0.008829007,-0.008830419,False
1742,0.003807595,-0.015035447,False
1741,-0.0051789074,-0.0051789074,False
1722,-0.005037054,-0.005037054,False
1721,0.0,0.0,False
1720,-0.017630868,-0.03767752,False
1719,0.0052148327,-0.0763956,False
1718,-0.005447326,-0.02662117,False
1717,0.0065214653,-0.014697693,False
1723,0.018184107,-0.0034174668,False
1716,-0.120142065,-0.11782237,False
1714,0.21399617,-0.04139062,False
1713,-0.006055303,-0.028660646,False
1712,-0.32425362,-0.12489152,False
1711,-0.012495592,0.03759458,False
1710,-0.0154329445,-0.03562298,False
1709,-0.028545866,-0.035447925,False
1715,0.0048611443,-0.017088544,False
1776,0.026102815,-0.018055152,False
1724,0.01872822,0.024205824,False
1726,-0.009922288,-0.009922288,False
1740,0.011203796,-0.006576289,False
1739,0.033449247,0.016379774,False
1738,-0.015342243,-0.015342243,False
1737,0.0,0.0,False
1736,0.001454683,-0.014485577,False
1735,-0.0051013622,-0.0051013622,False
1725,0.016493848,-0.004679997,False
1734,0.04740943,0.0,False
1732,-0.099731654,-0.17933463,False
1731,0.017835112,-0.0042944592,False
1730,0.017573055,-0.0045815646,False
1729,0.03769445,-0.008663949,False
1728,0.0,0.0,False
1727,-0.028671337,-0.028671337,False
1733,0.0059331935,-0.027492898,False
1849,-0.016756132,-0.054635555,False
1777,0.0,0.0,False
1779,0.02387137,-0.008488819,False
1817,-0.0367093,-0.10581378,False
1818,-0.019644395,-0.04271827,False
1819,0.008302263,-0.008729839,False
1820,-0.010009171,-0.033184063,False
1821,-0.0094355345,-0.0094355345,False
1822,0.020926913,0.0,False
1823,0.0038405135,-0.11300195,False
1824,0.10209168,0.046695516,False
1825,0.0,0.0,False
1826,0.017734919,-0.019775365,False
1827,0.1348497,-0.09074788,False
1828,0.09218202,-0.07739967,False
1829,-0.0048343074,-0.0048343074,False
1830,0.050215088,0.13960719,False
1831,0.054512285,-0.023679636,False
1832,0.004180368,0.07502429,False
1833,0.0,0.0,False
1847,-0.02996423,-0.02996423,False
1846,-0.0029337835,-0.027664892,False
1845,-0.0012574382,-0.023850892,False
1844,0.0,0.0,False
1843,-0.024311788,-0.024311788,False
1842,0.091078475,-0.019273587,False
1816,-0.0012317933,-0.023878895,False
1841,-0.021389484,-0.07672412,False
1839,0.0047124587,-0.017203763,False
1838,-0.009673782,-0.009673782,False
1837,0.0073771626,-0.013557874,False
1836,0.031002779,-0.013878497,False
1835,-0.009493137,-0.009493137,False
1834,-0.041558787,-0.036395397,False
1840,-0.029163517,-0.029163517,False
1815,-0.020145815,-0.020145815,False
1814,-0.009487975,-0.046769377,False
1813,0.0,0.0,False
1793,0.03875704,-0.0050572795,False
1792,-0.054042637,0.17274138,False
1791,-0.013943696,-0.036474045,False
1790,-0.03881754,0.021111235,False
1789,0.026266588,-0.014245832,False
1788,0.0,0.0,False
1794,-0.047045402,-0.033461116,False
1787,-0.055938557,0.021808617,False
1785,-0.005037054,-0.005037054,False
1784,0.018257387,-0.00462759,False
1783,-0.09074396,0.19375074,False
1782,0.0,0.0,False
1781,0.005379498,-0.17403764,False
1780,0.0,0.0,False
1786,-0.02278556,-0.02301832,False
1778,-0.0046749087,-0.0046749087,False
1795,0.0,0.0,False
1797,-0.076643586,0.0624741,False
1812,0.0,0.0,False
1811,-0.009968797,-0.009968797,False
1810,0.007379532,-0.020009078,False
1809,-0.02234663,-0.02234663,False
1808,0.035092138,-0.0043615783,False
1807,-0.010217989,-0.010217989,False
1796,-0.01749256,-0.032820456,False
1806,-0.003665166,-0.003665166,False
1804,-0.008357838,-0.09231557,False
1803,-0.003413573,-0.03232786,False
1802,-0.00505376,-0.00505376,False
1801,-0.008739102,-0.008739102,False
1800,0.023988817,0.10409662,False
1799,0.0,0.0,False
1805,-0.009709152,-0.009709152,False
1991,-0.015683021,0.0044259727,False
1992,0.06671023,-0.018836554,False
1993,0.01594026,0.0,False
2174,0.1467939,-0.08376354,False
2175,0.0076095387,-0.014719439,False
2176,-0.04333444,-0.0689143,False
2177,0.0,0.0,False
2178,-0.008022204,-0.0762397,False
2179,-0.115543075,-0.055070996,False
2180,-0.33780622,-0.73874116,False
2181,-0.10499214,-0.104125425,False
2182,0.0,0.0,False
2183,0.106223285,-0.11078809,False
2184,0.041094646,0.25240445,False
2185,0.030499015,-0.008898247,False
2186,-0.02616752,-0.047747776,False
2187,0.01657042,0.0227727,False
2188,-0.032674834,0.019897535,False
2189,0.0418407,-0.0045978925,False
2190,-0.01486668,-0.03255199,False
2204,-0.014539873,-0.014539873,False
2203,-0.043792244,-0.035162438,False
2202,-0.004984804,-0.00408063,False
2201,0.0,0.0,False
2200,0.0,0.0,False
2199,0.0,0.0,False
2173,0.15357569,-0.11022131,False
2198,-0.037154555,0.57981765,False
2196,0.23851645,0.15555298,False
2195,0.03883231,-0.00531148,False
2194,-0.07301679,-0.012443125,False
2193,-0.0053511714,-0.0053511714,False
2192,0.0048449934,-0.0011433624,False
2191,-0.0045970697,-0.029053738,False
2197,-0.07215862,-0.05240658,False
2172,0.011844866,-0.010252237,False
2171,0.0,0.0,False
2170,0.0,0.00047765652,False
2151,0.19175354,-0.096019626,False
2150,0.0,0.0033414392,False
2149,-0.014652073,-0.14042726,False
2148,0.12760448,0.15593594,False
2147,-0.009529543,-0.009529543,False
2146,0.0,5.2203963e-05,False
2152,0.2386638,0.017651439,False
2145,-0.025397157,0.061637007,False
2143,-0.0086847525,-0.0045592845,False
2142,-0.050627932,-0.06612138,False
2141,-0.0122307725,-0.04103561,False
2140,-0.08782947,-0.081002295,False
2139,0.12829173,-0.037535727,False
2138,0.021410175,-0.0010229051,False
2144,0.028390586,-0.061076168,False
2205,-0.004814338,-0.004814338,False
2153,-0.050315514,0.08488813,False
2155,-0.0091611445,0.20173281,False
2169,-0.0048066503,-0.0048066503,False
2168,0.0,5.4034845e-05,False
2167,-0.018201165,-0.035114616,False
2166,-0.018822636,-0.0034569371,False
2165,-0.15640052,-0.038919,False
2164,0.20723629,-0.4594134,False
2154,0.063400984,0.0047961473,False
2163,-0.0050043217,-0.00495198,False
2161,0.020550562,-0.023885125,False
2160,-0.015063098,-0.015063098,False
2159,0.012217157,-0.009591749,False
2158,-0.22314823,-0.27587873,False
2157,0.022787035,-0.1040743,False
2156,-0.0098263845,-0.024978679,False
2162,-0.013829727,-0.009495927,False
2137,0.11391962,0.007341452,False
2206,-0.15865225,-0.18979171,False
2208,-0.0036918141,0.09833383,False
2247,-0.0072825253,-0.024941951,False
2248,0.0,0.0,False
2249,0.04416144,0.0,False
2250,-0.06272018,-0.105266005,False
2251,-0.009949968,-0.009949968,False
2252,-0.010041501,-0.010041501,False
2253,-0.009132348,-0.009132348,False
2254,-0.023789573,-0.023789573,False
2255,-0.025790872,-0.047970895,False
2256,-0.016946055,-0.0063492283,False
2257,0.08618415,-0.09007435,False
2258,-0.053203214,-0.049787153,False
2259,-0.10237272,0.05862856,False
2260,-0.014862409,-0.014862409,False
2261,-0.008096559,-0.008096559,False
2262,0.025683735,-0.019887676,False
2263,0.036272626,-0.004580839,False
2277,-0.08023256,-0.006551385,False
2276,-0.050472915,0.09153418,False
2275,-0.013589002,-0.009487219,False
2274,-0.11705518,-0.12785506,False
2273,0.6561053,-0.46650004,False
2272,0.06356108,-0.00853057,False
2246,1.3444963,0.96031713,False
2271,0.22268492,-0.20066786,False
2269,-0.02250284,-0.04925564,False
2268,0.03381998,-0.0036272472,False
2267,0.012057956,-0.029227953,False
2266,0.0,0.0,False
2265,-0.0050998824,-0.0050998824,False
2264,0.0029900298,-0.04411073,False
2270,0.16070347,0.0141246915,False
2245,0.06300269,-0.095735446,False
2244,0.0996536,0.005832851,False
2243,0.10712579,-0.07667616,False
2224,-0.12382967,-0.0037192702,False
2223,-0.022613065,-0.008365925,False
2222,0.02879554,0.07721424,False
2221,-0.00937782,-0.00937782,False
2220,0.011617709,-0.029366616,False
2218,-0.3516518,0.0039782524,False
2225,-0.11647391,-0.00082845986,False
2217,-0.006973372,-0.006973372,False
2215,0.014288038,-0.14665884,False
2214,0.14400607,0.07679254,False
2213,0.037736185,-0.0028742698,False
2212,-0.31336927,0.030096889,False
2211,0.0045323,-0.013244999,False
2209,0.0,0.0,False
2216,-0.1789559,-0.030602187,False
2207,0.0039652716,-0.017665079,False
2226,-0.03321144,-0.008666109,False
2228,0.0,2.890701e-05,False
2242,0.14087856,0.18699676,False
2241,0.0,0.0,False
2240,-0.36881906,-0.27197093,False
2239,0.05985391,0.05056578,False
2238,-0.1355083,-0.45796967,False
2237,0.0,0.0,False
2227,0.020656401,5.9755297e-05,False
2236,0.056194097,-0.07630004,False
2234,0.23178887,-0.15153715,False
2233,-0.2807899,-0.38966566,False
2232,0.0,0.0,False
2231,-0.061414495,0.0025411546,False
2230,0.05743142,-0.012911891,False
2229,-0.0594126,-0.24570215,False
2235,-0.019541332,-0.01940672,False
2136,-0.05349911,-0.06398013,False
2135,-0.72952914,-0.59333825,False
2134,-0.071195126,-0.35170507,False
2030,0.0,0.0,False
2031,-0.004877109,-0.024377517,False
2032,0.0,0.0,False
2033,-0.032933235,-0.031777706,False
2034,0.009413512,-0.012179246,False
2035,0.009327001,-0.013425649,False
2036,0.017659426,1.6532267e-05,False
2037,-0.0134702325,-0.012757798,False
2038,0.03389898,-0.10502297,False
2039,0.020802127,0.027870117,False
2040,-0.049238347,-0.06907822,False
2041,-0.009807408,-0.1692169,False
2042,0.2997706,0.11330533,False
2043,0.043462425,0.02003333,False
2044,-0.027876943,-0.026023358,False
2045,-0.014147418,0.025259484,False
2046,0.05920136,0.09946501,False
2060,-0.135625,-0.056016564,False
2059,-0.024920067,-0.024477215,False
2058,8.221343e-05,-0.018760828,False
2057,-0.014764665,-0.014764665,False
2056,-0.013887126,-0.013887126,False
2055,0.0068143606,0.030832,False
2029,0.027401272,0.05968107,False
2054,0.012951285,-0.0095785465,False
2052,-0.037587404,0.058084846,False
2051,-0.10023582,-0.07481521,False
2050,-0.05784463,-0.075610004,False
2049,0.0,0.0003475732,False
2048,-0.090204015,-0.060797703,False
2047,-0.0040033977,-0.0040033977,False
2053,0.008046886,-0.029215949,False
2028,-0.004972522,-0.004972522,False
2027,0.0,0.0,False
2026,-0.005066258,-0.005066258,False
2007,-0.058403336,0.05292815,False
2006,0.0,0.0,False
2005,0.0,0.0,False
2004,0.0,0.0,False
2003,-0.0050551663,-0.0050551663,False
2002,0.017198728,-0.022772899,False
2008,-0.018307973,-0.018307973,False
2001,0.009012455,-0.014703298,False
1999,0.011605129,-0.04218044,False
1998,0.0,0.0,False
1997,0.011995901,-0.0050134575,False
1996,-0.0052193445,-0.0052193445,False
1995,-0.009441325,-0.009441325,False
1994,-0.002225764,-0.024524411,False
2000,-0.018437983,-0.018437983,False
2061,0.02836889,0.13522315,False
2009,-0.025052289,-0.025052289,False
2011,0.020005763,-0.0047253463,False
2025,-0.004638302,-0.004638302,False
2024,-0.1210922,0.38801455,False
2023,0.051642444,-0.009474351,False
2022,0.04402098,-0.14628224,False
2021,0.01785805,-0.0047307294,False
2020,0.0,1.1889909e-05,False
2010,0.08020832,0.07093789,False
2019,-0.009749171,-0.0006769169,False
2017,-0.010175802,-0.029278347,False
2016,-0.05095768,-0.09015456,False
2015,0.010627077,-0.012578259,False
2014,0.041325055,-0.00462337,False
2013,-0.012476327,-0.012476327,False
2012,0.035653956,-0.009165268,False
2018,0.01437928,-0.028575635,False
2062,-0.041246533,0.02708374,False
2063,0.018746804,0.03531282,False
2064,-0.025510468,-0.0047414005,False
2114,-0.15762323,-0.35800692,False
2113,0.0011983812,-0.08350866,False
2112,-0.040092915,0.053793013,False
2111,0.06501466,-0.003629446,False
2110,0.00949976,-0.0136869885,False
2109,0.047315605,-0.022330595,False
2115,0.013346612,-0.041368067,False
2108,-0.0049436693,0.0026128022,False
2106,-0.17268765,-0.2025047,False
2105,-0.026628867,-0.032024764,False
2104,-0.071466565,-0.2150122,False
2103,-0.046695553,-0.04676564,False
2102,0.0,0.0,False
2101,-0.084148735,0.07338385,False
2107,-0.00290668,0.015300304,False
2100,-0.028779358,-0.19516373,False
2116,-0.21962036,-0.18165255,False
2118,0.11398061,-0.048857965,False
2133,0.08542982,0.06543344,False
2132,0.03227681,-0.05788201,False
2131,-0.18528908,-0.14732921,False
2130,-0.1841386,0.12021744,False
2129,-0.023937067,0.17190082,False
2128,-0.07105601,-0.12235266,False
2117,0.033894658,-0.023779841,False
2127,-0.019968115,-0.058349796,False
2125,-1.6307931,-0.36225176,False
2123,-0.004746075,-0.004746075,False
2122,-0.055271745,-0.056104153,False
2121,0.027162913,0.003474975,False
2120,-0.07789892,0.004064977,False
2119,0.61500096,-0.17986485,False
2126,0.021851964,-0.017486928,False
1708,-0.009485123,-0.009485123,False
2099,-0.03791842,0.032172233,False
2097,-0.022393014,-0.022393014,False
2078,-0.2280922,-0.22351372,False
2077,-0.37628102,-0.36989903,False
2076,-0.029759347,-0.010238349,False
2075,-0.01962023,0.08855766,False
2074,-0.019282091,-0.019282091,False
2073,0.25901854,-0.058520555,False
2079,-0.16526599,-0.020751864,False
2072,-0.20621622,0.09414601,False
2070,-0.1413787,0.042906642,False
2069,-0.00899408,-0.032346696,False
2068,-0.15962541,-0.49461544,False
2067,-0.10216832,-0.04912211,False
2066,0.13666143,0.04176919,False
2065,0.0018207915,0.021652404,False
2071,0.12731808,-0.10553998,False
2098,0.010035887,-0.031480636,False
2080,-0.13490605,0.09286174,False
2082,-0.05360298,0.037952878,False
2096,0.031172812,0.00086951256,False
2095,-0.2298964,-0.010035992,False
2094,-0.028384762,-0.027423732,False
2093,0.0,0.0,False
2092,-0.24469966,-0.33718562,False
2091,0.070969194,-0.16625293,False
2081,-0.14356148,0.050887883,False
2090,-0.022624373,-0.072906315,False
2088,0.006564227,0.031418376,False
2087,-0.07592547,-0.05775237,False
2086,0.0,0.0,False
2085,-0.034603402,-0.19938144,False
2084,-0.01100811,-0.0076637603,False
2083,0.039159715,0.008423001,False
2089,-0.0088453945,-0.0088453945,False
4555,0.14955866,-0.09901118,False
1707,0.09321736,-0.03264264,False
1705,-0.025127351,-0.047714263,False
1317,0.018367307,-0.004990244,False
1319,0.045083635,0.0,False
1320,0.0,0.0,False
1321,0.006313894,-0.062410634,False
1322,-0.0049021514,-0.0049021514,False
1323,-0.0127769,-0.0127769,False
1324,0.0018727165,-0.020127688,False
1325,0.07482128,0.111966,False
1326,-0.004707792,-0.004707792,False
1327,0.017169857,-0.004880251,False
1328,-0.0018867701,0.056821503,False
1329,0.026861656,-0.033968754,False
1330,0.23566106,0.07455146,False
1331,-0.014789872,0.0360108,False
1332,-0.019234825,0.091558665,False
1333,-0.09792764,-0.07520719,False
1334,0.023840286,0.0,False
1348,-0.0047382866,-0.0047382866,False
1347,-0.0042310026,-0.0042310026,False
1346,-0.020003937,-0.020003937,False
1345,-0.010148835,-0.010148835,False
1344,0.021253377,-0.017386418,False
1343,-0.04421656,-0.08702425,False
1316,-0.00070930645,-0.018368732,False
1342,0.004549267,-0.01868738,False
1340,-0.00506068,-0.017737411,False
1339,0.041157454,-0.004614845,False
1338,0.0,0.0,False
1337,0.03260029,-0.0427609,False
1336,-0.0036255717,-0.020644078,False
1335,0.0,0.0,False
1341,0.003762696,-0.019004557,False
1315,0.006477285,-0.009881496,False
1314,-0.014042983,-0.014042983,False
1313,-0.004865498,-0.004865498,False
1294,0.0047614574,0.0009892583,False
1293,0.01394541,-0.03054654,False
1292,-0.04439356,-0.06627895,False
1291,-0.014050741,0.06984289,False
1290,0.0074108103,-0.014608265,False
1289,-0.0185466,-0.0185466,False
1295,-0.023567373,-0.016282119,False
1288,-0.05236414,-0.075592116,False
1286,-0.0044530053,-0.025255132,False
1285,0.02844062,-0.03550425,False
1284,-0.066707805,-0.05759757,False
1283,0.008923583,-0.033159863,False
1282,0.017019793,-0.0048964294,False
1281,0.0048895404,-0.06297209,False
1287,0.0,1.2734935e-05,False
1349,0.13042316,-0.0023838803,False
1296,0.054152023,-0.010393519,False
1298,-0.0095289815,-0.0095289815,False
1312,-0.009081672,-0.009081672,False
1311,-0.012557782,-0.012557782,False
1310,0.0,0.0,False
1309,-0.004047248,-0.004047248,False
1308,-0.002109453,0.010195669,False
1307,0.0,0.0,False
1297,0.023440585,-0.0445752,False
1306,-0.028412364,-0.028412364,False
1304,0.017623298,-0.0043771057,False
1303,0.10316318,-0.07772845,False
1302,0.0066009285,-0.015329494,False
1301,0.020157583,-0.019017361,False
1300,0.043446586,-0.04590478,False
1299,-0.009831369,-0.009831369,False
1305,0.021116406,0.02374649,False
1280,0.08114162,0.09718147,False
1350,-0.014798325,-0.014798325,False
1352,-0.018305702,-0.018305702,False
1389,-0.023748033,0.04697407,False
1390,0.019296635,0.0025608803,False
1391,0.0057239216,-0.028639374,False
1392,-0.008907519,-0.008907519,False
1393,0.03158719,-0.014540607,False
1394,-0.0048551057,-0.0048551057,False
1395,0.0022078715,-0.020167036,False
1396,-0.03931381,-0.03931381,False
1397,0.0,0.0,False
1398,0.10558221,-0.0018322915,False
1399,0.04076925,0.037277386,False
1400,-0.058918796,-0.06952569,False
1401,-0.03194058,-0.016193658,False
1402,0.050162673,-0.01449438,False
1403,-0.041860763,0.028311238,False
1404,-0.025370501,-0.047898088,False
1405,0.004138848,0.057875805,False
1419,-0.030533245,-0.0025718939,False
1418,0.0,0.0,False
1417,0.10753092,-0.06128654,False
1416,0.019300386,0.004785806,False
1415,0.0,0.0,False
1414,0.0,0.0,False
1388,-0.014704545,-0.013737116,False
1413,0.018784199,-0.0047292574,False
1411,0.017996116,-0.004562881,False
1410,0.20400904,0.039365232,False
1409,0.027686007,-0.022106927,False
1408,0.035434693,-0.009874659,False
1407,0.010810155,-0.010008354,False
1406,-0.007341721,-0.007341721,False
1412,-0.0048313746,-0.0048313746,False
1387,-0.0029132217,-0.02725558,False
1386,-0.044928737,-0.027428852,False
1385,0.0071692765,-0.011176396,False
1366,0.14904691,-0.13182382,False
1365,-0.0025245603,-0.024474248,False
1364,-0.019083163,-0.019083163,False
1363,0.0,0.0,False
1362,0.0,0.0,False
1361,0.0,0.0,False
1367,-0.01049335,-0.01049335,False
1360,-0.0051378873,-0.0051378873,False
1358,-0.007339455,-0.05996885,False
1357,-0.013818627,-0.011175865,False
1356,0.0,0.0,False
1355,0.0,0.0,False
1354,-0.009753348,-0.009753348,False
1353,0.0,0.0,False
1359,0.0,0.0,False
1351,-0.048456937,-0.031525627,False
1368,-0.018978558,-0.018808447,False
1370,-0.010448631,-0.010448631,False
1384,0.015283183,-0.004023079,False
1383,-0.083183974,-0.042271346,False
1382,-0.015159804,-0.057538565,False
1381,0.046219733,0.028586786,False
1380,0.03278657,0.07424282,False
1379,-0.018412786,-0.018412786,False
1369,0.018023118,-0.008439506,False
1378,0.00579131,-0.015135603,False
1376,-0.0047510816,-0.0047510816,False
1375,-0.011547323,-0.052403472,False
1374,0.009837143,-0.0059100315,False
1373,0.025065288,-0.019623175,False
1372,0.039095197,-0.029391859,False
1371,-0.034086637,-0.02613404,False
1377,0.040625095,-0.0051786387,False
1420,0.02403675,-0.042638153,False
1279,0.007063227,-0.014076298,False
1277,-0.008978989,-0.008978989,False
1175,-0.026084531,-0.026084531,False
1176,0.022973219,0.0,False
1177,0.014709449,-0.008564574,False
1178,0.00962673,0.030718815,False
1179,-0.028599603,-0.047442645,False
1180,-0.00517837,-0.00517837,False
1181,0.051768165,0.034086447,False
1182,-0.004814158,-0.004814158,False
1183,0.022005117,-0.019390808,False
1184,-0.038863953,-0.014046298,False
1185,-0.009432081,-0.009432081,False
1186,-0.009628147,-0.009628147,False
1187,0.0087001715,-0.013898023,False
1188,-0.018899336,0.0013774596,False
1189,-0.009169506,-0.009169506,False
1190,-0.004911302,-0.004911302,False
1191,0.058175255,-0.048752572,False
1205,-0.011522223,-0.0048605176,False
1204,0.06608474,-0.02194181,False
1203,0.1930106,0.062758714,False
1202,0.0,0.0,False
1201,-0.005851159,-0.02363329,False
1200,-0.0049033393,-0.0049033393,False
1174,-0.014730007,-0.014730007,False
1199,0.009052668,-0.013323126,False
1197,-0.029659038,-0.029659038,False
1196,0.09660454,0.015381478,False
1195,0.016705029,-0.005018173,False
1194,-0.055912554,-0.077507444,False
1193,-0.015108062,0.009401349,False
1192,-0.056537617,-0.030909704,False
1198,0.013633229,-0.047769077,False
1173,-0.00991185,-0.00991185,False
1172,0.0,0.0,False
1171,-0.047566466,0.029617585,False
1152,0.0,0.0,False
1151,-0.059615865,-0.055913404,False
1150,-0.0134296585,-0.0134296585,False
1149,0.0011142567,-0.020597938,False
1148,-0.009590715,-0.009590715,False
1147,0.033889957,-0.013270842,False
1153,-0.01985497,-0.01985497,False
1146,0.012963085,-0.002892607,False
1144,0.0,0.0,False
1143,-0.0041037896,-0.0041037896,False
1142,0.028385099,-0.01457316,False
1141,-0.030710783,0.004120577,False
1140,-0.014788903,-0.0131226685,False
1139,-0.015395087,-0.015395087,False
1145,-0.09573526,-0.025628082,False
1206,-0.005381394,-0.03782916,False
1154,0.07626079,-0.08900803,False
1156,0.0,0.0,False
1170,-0.040860247,-0.040860247,False
1169,0.02083262,-0.0450619,False
1168,0.030133188,-0.015399754,False
1167,-0.036610164,-0.09687758,False
1166,0.0,0.0,False
1165,-0.024036271,-0.024036271,False
1155,0.1286937,-0.038137726,False
1164,0.0,0.0,False
1162,-0.04514786,-0.06558465,False
1161,-0.009123751,-0.009123751,False
1160,0.01699208,-0.0052699703,False
1159,0.09527839,-0.0012357906,False
1158,-0.019621447,-0.019621447,False
1157,-0.026877232,-0.010252606,False
1163,-0.008283382,-0.008283382,False
1278,-0.004350482,-0.004350482,False
1207,0.0129758,-0.009188599,False
1209,-0.0035009012,-0.0206509,False
1246,-0.2900867,-0.067127824,False
1247,-0.0053577055,-0.0053577055,False
1248,-0.009303021,-0.009303021,False
1249,0.014495588,-0.008393406,False
1250,-0.004983937,-0.004983937,False
1251,0.01297072,-0.008909942,False
1252,-0.02963253,-0.023732595,False
1253,-0.009110781,-0.009110781,False
1254,0.0,0.00018754702,False
1255,-0.038997654,-0.038997654,False
1256,-0.027440999,-0.027440999,False
1257,0.013460766,-0.006929453,False
1258,0.0038535092,-0.018799026,False
1259,-0.009884583,-0.009884583,False
1260,0.013245962,-0.008434421,False
1261,0.007082537,0.00867006,False
1262,-0.0029361825,-0.024013093,False
1276,-0.009255909,0.010739508,False
1275,0.030118074,-0.032342646,False
1274,-0.018763037,-0.036728915,False
1273,-0.0048154155,-0.0048154155,False
1272,0.02556761,-0.025411133,False
1271,-0.02171982,-0.04064218,False
1245,0.01633678,-0.004882378,False
1270,0.0,0.0,False
1268,0.11216762,-0.004335259,False
1267,-0.005006986,-0.005006986,False
1266,0.021726232,0.0,False
1265,0.0018703379,-0.019246904,False
1264,-0.03380837,-0.03380837,False
1263,0.025037318,-0.023669116,False
1269,0.00050894916,-0.086514294,False
1244,0.026863024,0.032090783,False
1243,-0.0049313186,-0.0049313186,False
1242,-0.011134597,-0.03499262,False
1223,-0.0369291,0.033580005,False
1222,-0.0051631737,-0.0051631737,False
1221,-0.018006139,-0.0180054,False
1220,-0.008659581,-0.008659581,False
1219,-0.0047312197,-0.0047312197,False
1218,0.0026214942,-0.019413386,False
1224,-0.03724257,0.06138593,False
1217,0.019102545,0.0,False
1215,-0.0045419186,-0.02823809,False
1214,0.019820645,-0.0040007187,False
1213,-0.058096968,-0.027598836,False
1212,-0.004651537,-0.004651537,False
1211,0.0053605046,-0.009772761,False
1210,0.083213076,0.06468811,False
1216,-0.05179457,-0.07188777,False
1208,-0.007089395,-0.029585809,False
1225,0.0069379807,0.019402757,False
1227,0.19293499,0.07753803,False
1241,-0.014309945,-0.014309945,False
1240,0.012481593,-0.0051778327,False
1239,0.011660295,-0.010062907,False
1238,-0.0054405257,-0.02832952,False
1237,0.0184436,-0.0034606007,False
1236,0.0,0.0,False
1226,0.007543817,-0.06455153,False
1235,-0.0037512553,-0.0037512553,False
1233,0.02929508,-0.016853675,False
1232,0.0586121,-0.029807016,False
1231,0.0054436103,0.014908407,False
1230,0.012193695,-0.026469514,False
1229,0.012370665,-0.009524973,False
1228,0.0064782463,0.0018297024,False
1234,0.044065632,0.09466218,False
1421,-0.0048921127,-0.0048921127,False
1422,0.0,0.0,False
1423,0.017986052,-0.004990244,False
1603,0.028487597,0.02360718,False
1604,-0.004196178,-0.04553719,False
1605,-0.0063563436,-0.003573984,False
1606,-0.014831844,-0.014831844,False
1607,-0.0048264484,-0.0048264484,False
1608,-0.004346788,-0.087446764,False
1609,0.0,0.0,False
1610,-0.004488338,-0.012053482,False
1611,-0.00975324,-0.00975324,False
1612,0.0842092,-0.06667645,False
1613,0.007973462,-0.014966063,False
1614,0.020920524,-0.0049037356,False
1615,0.10083228,-0.009744716,False
1616,-0.01431847,-0.05451065,False
1617,-0.014320629,-0.014320629,False
1618,-0.0038334213,-0.0038334213,False
1619,-0.009922864,-0.009640496,False
1633,-0.013931115,-0.013804242,False
1632,-0.014012521,-0.014012521,False
1631,0.037133034,-0.002533041,False
1630,-0.054646313,-0.09916884,False
1629,0.0,0.010682305,False
1628,0.02851056,0.021864664,False
1602,0.065887555,-0.018776458,False
1627,0.0,0.0,False
1625,-0.07276589,-0.05748031,False
1624,-0.019449629,-0.056506626,False
1623,-0.007948477,-0.029088002,False
1622,-0.00028328225,-0.036815792,False
1621,-0.005140462,-0.005140462,False
1620,0.12889902,0.058040693,False
1626,0.017317323,-0.0043983124,False
1601,0.018616783,0.0,False
1600,-0.014021048,-0.014021048,False
1599,-0.01921045,-0.01921045,False
1580,0.023356345,-0.019710612,False
1579,0.031893205,-0.014638621,False
1578,0.20755953,0.08143914,False
1577,-0.029372819,-0.04054185,False
1576,-0.009899686,-0.009899686,False
1575,-0.009155951,-0.009143141,False
1581,0.026533127,-0.018700093,False
1574,-0.00024807267,-0.015691586,False
1572,-0.0073670316,-0.028506557,False
1571,-0.021614702,-0.044221267,False
1570,-0.018841196,-0.018841196,False
1569,0.014398113,-0.030644782,False
1568,-0.0442682,-0.10355991,False
1567,-0.03677472,-0.030930616,False
1573,0.009184969,0.032952305,False
1634,-0.049725667,-0.017184336,False
1582,-0.004436502,-0.004436502,False
1584,-0.014784876,-0.014784876,False
1598,0.037423737,-0.031939708,False
1597,0.0,0.0,False
1596,0.002795685,-0.014188697,False
1595,0.007515818,-0.037965268,False
1594,0.0135322735,-0.010096082,False
1593,0.03884623,-0.017995879,False
1583,-0.009548647,-0.009548647,False
1592,0.07073775,-0.030464787,False
1590,-0.016329333,0.06528176,False
1589,-0.12003085,0.053446203,False
1588,0.0,0.0,False
1587,0.0,0.0,False
1586,0.019380797,-0.024523664,False
1585,0.08480582,-0.0848425,False
1591,-0.005019524,-0.0048396424,False
1566,0.026664466,-0.0952692,False
1635,-0.018894209,-0.018894209,False
1637,-0.04241893,-0.04241893,False
1674,-0.009655443,-0.009655443,False
1675,0.0,0.0,False
1676,0.0,0.0,False
1677,-0.00977608,-0.00977608,False
1678,0.042251013,-0.014361616,False
1679,-0.014697716,-0.014697716,False
1680,-0.0026467424,-0.023240453,False
1681,-0.0050979126,-0.0050979126,False
1682,-0.029576428,0.026524983,False
1683,0.021970287,-0.06525972,False
1684,-0.023029095,-0.023029095,False
1685,-0.0019613747,-0.023646133,False
1686,0.006850466,-0.06026411,False
1687,-0.043792985,-0.09042614,False
1688,-0.015298881,-0.05349,False
1689,0.0025623888,-0.072321996,False
1690,-0.04452084,-0.024611175,False
1704,-0.00994396,-0.00994396,False
1703,0.0,0.0026198206,False
1702,-0.019102506,-0.019102506,False
1701,0.03162788,-0.013900017,False
1700,0.0,0.0,False
1699,0.01863105,0.1123218,False
1673,-0.0131954895,0.0045716083,False
1698,0.017276851,-0.028342232,False
1696,-0.009950364,-0.009950364,False
1695,0.007219661,-0.017312516,False
1694,0.016057372,-0.0050598695,False
1693,0.0035072193,-0.01919496,False
1692,-0.02397208,-0.02397208,False
1691,0.022606565,0.0,False
1697,-0.0024257526,-0.027157241,False
1672,0.12770948,0.39893046,False
1671,-0.13932748,-0.042700946,False
1670,-0.0049478244,-0.0049478244,False
1651,-0.0053742006,-0.095972426,False
1650,-0.0134163145,-0.0134163145,False
1649,-0.009850631,-0.009850631,False
1648,-0.01884459,-0.010670758,False
1647,0.009919925,-0.014966099,False
1646,0.0055025592,0.023729153,False
1652,-0.009150349,-0.009150349,False
1645,-0.009987907,-0.009987907,False
1643,0.07882415,0.093606025,False
1642,-0.00058616325,-0.04685969,False
1641,-0.020321019,-0.020321019,False
1640,-0.009970706,-0.00934344,False
1639,-0.005070065,-0.005070065,False
1638,0.0,0.0,False
1644,-0.004621811,-0.02809458,False
1636,-0.027259931,-0.049787518,False
1653,-0.023525475,-0.023525475,False
1655,-0.003413568,-0.00054288167,False
1669,0.027258009,-0.040451657,False
1668,0.014727127,-0.02831747,False
1667,0.09647895,0.02818618,False
1666,0.0,0.0,False
1665,-0.004508894,-0.004508894,False
1664,-0.024567379,-0.024567379,False
1654,0.053947397,-0.0130213145,False
1663,-0.01901625,-0.01901625,False
1661,-0.0073256884,-0.0072192377,False
1660,-0.004350482,-0.004350482,False
1659,0.07274172,-0.019087045,False
1658,-0.017052867,-0.03936091,False
1657,0.17681208,0.0037054121,False
1656,0.0,0.0,False
1662,-0.08302945,-0.1009613,False
1565,0.0,0.0,False
1564,-0.0131118335,-0.0131118335,False
1563,-0.04709939,0.07826915,False
1460,-0.0044749146,0.054736003,False
1461,0.032561593,0.017089479,False
1462,-0.009842807,-0.009842807,False
1463,0.0,0.0,False
1464,0.06605193,0.15668184,False
1465,-0.009671537,-0.009671537,False
1466,0.0,0.0,False
1467,0.012970448,-0.009760757,False
1468,0.05263421,0.042640567,False
1469,0.018303974,-0.0022745985,False
1470,-0.023936309,-0.07939584,False
1471,0.044676475,-0.032054253,False
1472,-0.00993498,-0.00993498,False
1473,0.08997905,0.05359621,False
1474,-0.004880251,-0.004880251,False
1475,0.065065056,0.029870957,False
1476,0.036249977,-0.0043983124,False
1490,-0.019429442,-0.019429442,False
1489,0.0026491266,-0.020070609,False
1488,0.051988427,-0.008381564,False
1487,-0.03368265,-0.03368265,False
1486,0.0,0.0,False
1485,-0.0028153881,-0.023104224,False
1459,0.0010374933,-0.0317075,False
1484,0.036045395,-0.040903907,False
1482,0.0034227744,-0.01925877,False
1481,-0.0049317274,-0.0049317274,False
1480,-0.0037029013,-0.070773266,False
1479,-0.009425465,-0.009425465,False
1478,-0.0052940934,-0.0052940934,False
1477,0.015855605,-0.0023953088,False
1483,0.022530349,0.0,False
1458,-0.020559119,-0.020559119,False
1457,0.0,0.0,False
1456,0.02865126,-0.016435485,False
1437,0.0677208,-0.01287654,False
1436,-0.003967165,-0.0026065689,False
1435,0.026839234,-0.040407293,False
1434,-0.0099139605,-0.0099139605,False
1433,0.0,0.0,False
1432,0.0,0.0,False
1438,-0.0032744692,-0.0032744692,False
1431,-0.01497873,-0.01497873,False
1429,9.32347e-05,-0.015040031,False
1428,-0.028866049,-0.028041314,False
1427,0.031742994,-0.03420722,False
1426,0.0,0.0,False
1425,-0.014562951,-0.014562951,False
1424,-0.004061069,-0.004061069,False
1430,-0.0024636611,0.06475744,False
1491,0.0109041445,-0.036758896,False
1439,0.0016500317,-0.01849718,False
1441,0.10028759,0.033293232,False
1455,-0.0144365085,-0.0144365085,False
1454,-0.0014261473,-0.022682779,False
1453,0.0,0.0,False
1452,0.018870767,0.001376072,False
1451,0.0,0.0,False
1450,0.045561243,-0.032705486,False
1440,-0.014225794,-0.014225794,False
1449,0.013916665,-0.009854664,False
1447,-0.012324646,-0.049914308,False
1446,-0.016170725,-0.08255352,False
1445,0.03778938,-0.028428907,False
1444,0.0,0.0,False
1443,0.020369971,-0.022051584,False
1442,-0.008971747,-0.024906185,False
1448,-0.005140462,-0.005140462,False
1492,0.0,5.2068485e-06,False
1493,-0.012711828,-0.012711828,False
1494,-0.0144690685,-0.011384208,False
1544,-0.007986579,-0.0073483037,False
1543,0.0,5.9423883e-06,False
1542,0.03985851,0.02068036,False
1541,0.0,0.0,False
1540,0.018856179,-0.048220735,False
1539,-0.0046152766,-0.0046152766,False
1545,-0.0036918141,-0.0036918141,False
1538,-0.005547842,-0.005547842,False
1536,0.0113962665,-0.008696932,False
1535,0.05577576,-0.061547406,False
1534,-0.20567763,-0.02137193,False
1533,0.0,0.0,False
1532,0.01353737,-0.005079413,False
1531,-0.013627653,-0.013627653,False
1537,0.051009767,-0.039719194,False
1530,-0.01020962,-0.16324705,False
1546,-0.03955684,-0.0614375,False
1548,-0.021507505,-0.014724363,False
1562,-0.13614707,-0.19729449,False
1561,0.016299462,-0.029222464,False
1560,-0.0039614746,-0.0039614746,False
1559,0.0,0.0,False
1558,0.013395468,-0.009493526,False
1557,-0.021972751,-0.04458307,False
1547,-0.004938503,-0.004938503,False
1556,-0.009094968,-0.009094968,False
1554,-0.31650293,-0.17729723,False
1553,-0.014292482,-0.05972842,False
1552,-0.0012127757,-0.018235782,False
1551,0.0,0.0,False
1550,-0.033821814,0.04626459,False
1549,-0.0047158017,-0.0047158017,False
1555,-0.0048942682,-0.0048942682,False
1706,-0.017884355,-0.017884355,False
1529,-0.038188323,-0.021647632,False
1527,-0.06931506,-0.052321244,False
1508,0.009516766,-0.014254563,False
1507,0.024313912,9.188266e-05,False
1506,-0.003665166,-0.003665166,False
1505,-0.019926317,-0.02617601,False
1504,0.0451798,0.0,False
1503,-0.07744339,-0.05812162,False
1509,0.015587812,-0.009070266,False
1502,-0.005007431,-0.005007431,False
1500,0.018166322,-0.045792606,False
1499,0.07091186,0.20988917,False
1498,0.04425617,-0.014656041,False
1497,-0.019051798,-0.019051798,False
1496,-0.01578601,-0.05511693,False
1495,0.031872205,-0.012554667,False
1501,-0.072016,-0.021229342,False
1528,-0.019610815,-0.019610815,False
1510,0.027387792,0.058609217,False
1512,-0.029939193,-0.029939193,False
1526,0.007272668,0.016629912,False
1525,0.010465439,-0.051882267,False
1524,-0.01891579,-0.01891579,False
1523,0.0073352586,-0.014112603,False
1522,-0.037394203,-0.017912172,False
1521,0.12734145,-0.21877858,False
1511,-0.020108482,-0.020108482,False
1520,-0.012588337,-0.057145633,False
1518,0.020926913,0.0,False
1517,0.009382794,-0.0054734293,False
1516,-0.0040650247,0.011208791,False
1515,0.016360901,-0.05129563,False
1514,-0.01913838,-0.01913838,False
1513,-0.048867993,-0.048867993,False
1519,0.003213752,-0.018713593,False
4556,-0.013902701,-0.013902701,False
4547,-0.24149358,-0.30223358,False
4558,0.034557756,-0.008812099,False
7565,-0.06999299,-0.15349698,False
7566,-0.08040234,0.034173995,False
7567,-0.08923674,-0.18124959,False
7568,-0.018740652,-0.018740652,False
7569,0.013744533,-0.1057871,False
7570,0.012933686,0.029554391,False
7571,-0.2733707,-0.10287088,False
7572,0.124811724,-0.046112314,False
7573,0.24517657,-0.08711241,False
7574,-0.06729336,0.065616384,False
7575,-0.06990722,-0.029009998,False
7576,-0.00916167,-0.0052104383,False
7577,0.15078837,0.0042485595,False
7578,0.5598874,-0.21971428,False
7579,0.00025945902,-0.072523475,False
7580,-0.044434063,-0.0499091,False
7581,-0.14046735,-0.041629076,False
7595,-0.0062775314,0.0924322,False
7594,-0.007847786,-0.02714442,False
7593,-0.014048755,-0.048159715,False
7592,-0.31214213,0.039959908,False
7591,-0.004155696,-0.004155696,False
7590,-0.051527172,-0.09247613,False
7564,0.09356052,-0.2355954,False
7589,-0.014471469,0.012020994,False
7587,0.023973724,-0.017309353,False
7586,-0.013392594,-0.013392594,False
7585,-0.3154875,-0.2333824,False
7584,-0.17324531,-0.023848534,False
7583,-0.028195802,-0.0462896,False
7582,-0.0087610185,-0.06623605,False
7588,-0.030901376,-0.038326263,False
7596,-0.38349468,-0.015304089,False
7563,-0.03205985,-0.021697223,False
7561,0.05006677,0.009988248,False
7530,-0.007034125,-0.007034125,False
7531,-0.117460094,-0.025051832,False
7532,-0.08986068,0.07399058,False
7533,-0.06877154,-0.05840227,False
7534,0.030302659,-0.021144494,False
7535,0.16994545,-0.21384102,False
7536,0.06542301,0.18185323,False
7537,-0.069206685,0.13812168,False
7538,-0.015661448,-0.26382712,False
7539,-0.056659937,-0.035240903,False
7540,0.011542261,0.04860567,False
7541,-0.21640775,-0.13221726,False
7542,-0.31262472,-0.21948397,False
7543,-0.0033567138,0.15599877,False
7544,-0.06534383,-0.26736313,False
7545,0.014829278,-0.08255085,False
7546,-0.0046281735,-0.0046281735,False
7560,-0.0049826372,-0.0049826372,False
7559,0.06397158,0.014476284,False
7558,0.0034013968,-0.0034659877,False
7557,-0.012645294,-0.012645294,False
7556,-0.014619157,-0.035290234,False
7555,-0.7920351,-0.6703234,False
7562,-0.092405096,0.034035638,False
7554,0.08660135,0.021521777,False
7552,-0.0051479694,-0.0051479694,False
7551,0.11257872,0.071234554,False
7550,0.0,0.0,False
7549,-0.15619633,0.03607422,False
7548,0.2059182,0.06486586,False
7547,-0.06310663,-0.06297238,False
7553,-0.0356683,-0.058198646,False
7597,0.10970563,-0.13668343,False
7598,0.07756424,-0.033963382,False
7599,0.08305974,0.1109198,False
7636,-0.032720387,-0.04803595,False
7637,-0.027086006,-0.027086006,False
7638,0.3481884,0.0040352345,False
7639,-0.014051825,-0.013843311,False
7640,-0.1171931,-0.3394585,False
7641,0.0,1.5533016e-05,False
7642,0.069477916,0.06269574,False
7643,-0.013932884,0.031741045,False
7644,-0.25308394,-0.37137365,False
7645,0.066215515,0.20356333,False
7646,-0.39360988,-0.00091028214,False
7647,0.015049666,0.06151104,False
7648,0.09825057,0.079618275,False
7649,-0.19435251,-0.20003247,False
7650,-0.3199811,-0.41878343,False
7651,-0.018276934,-0.018276934,False
7652,-0.0050127856,0.0024720933,False
7666,0.05164209,0.017773882,False
7665,-0.13181964,-0.1258317,False
7664,0.105362326,0.028377712,False
7663,-0.09060077,0.02616465,False
7662,-0.03956139,0.27176523,False
7661,-0.11192691,-0.11177409,False
7635,-0.0053336024,0.47463125,False
7660,0.03750658,0.14670289,False
7658,-0.06662089,-0.38438585,False
7657,-0.00776219,-0.00011743605,False
7656,-0.05927837,-0.101475894,False
7655,-0.082794845,-0.023880899,False
7654,-0.0047529237,-0.0047529237,False
7653,-0.17181909,0.18806368,False
7659,-0.019151546,-0.055344522,False
7634,-0.067696944,-0.06940888,False
7633,0.008304991,0.083290935,False
7632,0.015534222,0.14613354,False
7613,-0.097319275,-0.04847382,False
7612,-3.6671758e-05,-0.02219833,False
7611,0.03443174,-0.02687518,False
7610,0.0028905347,-0.0318325,False
7609,-0.004062336,-0.021761814,False
7608,0.3003565,-0.06690478,False
7614,-0.0050395867,-0.0050395867,False
7607,-0.15932488,-0.002732575,False
7605,-0.048818737,1.3596959,False
7604,0.009984141,0.06410802,False
7603,0.05702515,-0.01539406,False
7602,-0.0037376583,0.53666025,False
7601,0.0,0.0,False
7600,0.079199314,-0.40980855,False
7606,0.029250091,-0.022622455,False
7529,-0.32209945,-0.3083638,False
7615,-0.004638302,-0.004638302,False
7617,-0.10782629,0.0044778585,False
7631,-0.0045929668,-0.0045929668,False
7630,0.0,0.0,False
7629,0.010797378,-0.010795411,False
7628,0.0377436,0.18890873,False
7627,-0.060566872,-0.11790744,False
7626,0.40633526,-0.024418384,False
7616,-0.0026365817,-0.106151134,False
7625,-0.040670574,-0.05909241,False
7623,0.0,0.0,False
7622,-0.018386923,-0.02041462,False
7621,-0.028499957,-0.028499957,False
7620,0.021511681,-0.02344226,False
7619,0.0,0.09579149,False
7618,0.0,3.063232e-05,False
7624,0.0,0.0,False
7528,-0.29655612,-0.35618883,False
7527,-0.82658136,-0.5056851,False
7526,-1.3565581,-1.6891599,False
7422,-0.34224594,-0.03426099,False
7423,-0.051951982,-0.005499482,False
7424,0.038789794,-0.09162946,False
7425,0.016753279,-0.035730656,False
7426,0.579082,0.31144714,False
7427,-0.0048235413,-1.206575e-05,False
7428,0.052741036,0.20236154,False
7429,-0.0040105283,1.0335233,False
7430,0.0037250444,0.010064691,False
7431,0.03180045,0.6999587,False
7432,0.13134515,-0.1752342,False
7433,0.04005047,0.0047840998,False
7434,-0.0042354157,-0.0041183815,False
7435,0.03570809,-0.051329073,False
7436,-0.00973412,-0.009694551,False
7437,0.0059947185,-0.050126877,False
7438,0.0,0.0,False
7452,-0.23784995,0.045600176,False
7451,0.1170356,0.17197488,False
7450,0.23411119,0.0055450797,False
7449,-0.11656405,-0.047753066,False
7448,0.08363258,0.033128276,False
7447,-0.16287476,-0.04524891,False
7421,-0.055687845,0.101776004,False
7446,0.03614743,-0.05252467,False
7444,-0.022167027,0.013895199,False
7443,-0.19252467,-0.11073077,False
7442,-0.27907062,0.14905787,False
7441,0.05356133,-0.041046143,False
7440,-0.021360554,-0.03966858,False
7439,-0.099673375,0.015520841,False
7445,-0.06974819,0.08597872,False
7420,0.0735676,0.06588338,False
7419,-0.026982695,-0.04727153,False
7418,-0.12757602,-0.069277704,False
7398,-0.00956467,-0.009562584,False
7397,-0.022220135,-0.1629982,False
7396,0.0,0.0,False
7395,0.0,0.0,False
7394,0.023587717,0.0,False
7393,0.0,0.0,False
7399,0.0231331,0.06321898,False
7392,-0.004879865,-0.004879865,False
7390,0.0,0.0,False
7389,-0.011742592,-0.023279667,False
7388,0.02335031,-0.013368357,False
7387,0.00032487698,-0.008875093,False
7386,-0.0050035464,-0.0050035464,False
7385,0.038754314,-0.01840249,False
7391,0.1436376,-0.02033659,False
7453,0.021307468,-0.0020975769,False
7400,-0.103309974,-0.017068028,False
7402,0.374946,0.2779081,False
7417,-0.070519865,-0.034155548,False
7416,0.027945105,-0.0249416,False
7415,0.042848796,-0.004818657,False
7413,0.014983408,0.017182693,False
7412,-0.48086476,-0.09769058,False
7411,0.03725422,-0.06741375,False
7401,-0.24097532,-0.07197034,False
7410,-0.3739932,-0.1012395,False
7408,0.10861942,0.02643302,False
7407,0.027446795,-0.017696202,False
7406,-0.13724476,-0.16177161,False
7405,-0.064166784,0.07671809,False
7404,-0.012716591,0.014972746,False
7403,-0.49571157,-0.21921682,False
7409,-0.34091878,-0.2864586,False
7667,-0.021008551,-0.0105288625,False
7454,-0.15223113,-0.13398567,False
7456,0.33323336,-0.24898446,False
7494,-0.0149335265,-0.051210858,False
7495,-0.0050979126,-0.0015984655,False
7496,-0.009533556,-0.0029636575,False
7497,0.10201073,0.030595303,False
7498,0.0,0.0,False
7499,0.0027656984,-0.012108972,False
7500,-0.00539881,-0.07831107,False
7501,-0.062089033,-0.06153485,False
7502,0.00079622865,-0.07707763,False
7503,0.0059313085,-0.017536836,False
7504,0.019611541,0.25030527,False
7505,-0.0040650247,-0.0039258427,False
7506,0.0,0.0,False
7507,0.11699206,-0.047256052,False
7508,-0.034231365,-0.11284888,False
7509,0.09067571,0.013780594,False
7510,0.05357799,-0.030826643,False
7525,-0.36202943,-0.18367219,False
7524,-1.2052877,-0.8567133,False
7523,0.011527255,-0.14168714,False
7521,-0.080287024,-0.14143544,False
7520,0.029098034,-0.011385754,False
7519,-0.39492193,-0.28225294,False
7493,0.0,0.0,False
7518,-0.0050830343,-0.003931856,False
7516,-0.03866875,-0.027625192,False
7515,-0.17587437,-0.15777573,False
7514,0.043645583,-0.036416326,False
7513,0.016099652,-0.02929117,False
7512,0.004401535,0.022576839,False
7511,-0.19852576,-0.11519587,False
7517,-0.051369146,-0.07548937,False
7492,-0.055766046,-0.043549895,False
7491,-0.009459585,0.062861025,False
7490,-0.19325909,-0.025739372,False
7470,-0.062129006,0.1695025,False
7469,-0.04523827,0.02920112,False
7468,-0.17368953,-0.17816432,False
7467,-0.0536851,-0.09353411,False
7466,0.010215178,0.07987684,False
7465,0.0,0.0016402458,False
7471,0.06752761,-0.028026707,False
7464,-0.055039704,0.03223151,False
7462,0.034668416,-0.021756876,False
7461,-0.72667134,-0.15899754,False
7460,0.04158619,0.51101947,False
7459,0.011289603,-0.008843527,False
7458,0.0110118985,0.10829714,False
7457,0.19045854,0.02924347,False
7463,-0.11644173,-0.26517653,False
7455,-0.13396043,-0.053843886,False
7472,-0.31030822,-0.2205689,False
7474,-0.047629446,0.026523203,False
7489,0.009900886,-0.00523238,False
7488,-0.15512234,-0.01738447,False
7487,-0.19604826,-0.18565607,False
7486,-0.88730633,-0.7648754,False
7484,-0.0647189,-0.0014792979,False
7483,-0.11117414,-0.022095442,False
7473,-0.20069076,-0.018819422,False
7482,0.13736312,-0.035779633,False
7480,0.037360787,-0.12883687,False
7479,0.0057124197,0.06640023,False
7478,-0.054408774,-0.05183176,False
7477,-0.12558566,-0.027943105,False
7476,0.10815245,-0.040570855,False
7475,-0.02012964,-0.017074496,False
7481,-0.074793085,-0.1014826,False
7668,0.37958097,0.19480371,False
7669,-0.10344952,0.040620625,False
7670,-0.03540302,0.13609971,False
7850,0.010781862,-0.02266077,False
7851,-0.022384912,-0.015932739,False
7852,0.06930417,-0.0009686351,False
7853,0.08718091,0.05140139,False
7854,-0.041219644,-0.05983643,False
7855,0.13889079,-0.095534235,False
7856,0.0,0.0012556495,False
7857,-1.082689,-0.61429596,False
7858,-0.005376925,-0.005376925,False
7859,0.025165576,-0.019075226,False
7860,0.0,0.0,False
7861,0.0,0.0,False
7862,0.30613935,-0.27384865,False
7863,0.015133265,0.0,False
7864,-0.013098786,-0.013098786,False
7865,0.0,0.0,False
7866,-0.0032373075,-0.0032126207,False
7880,0.061111346,-0.06796868,False
7879,-0.23245686,-0.10369921,False
7878,-0.13798153,-0.31608784,False
7877,-0.0044222353,-0.0044222353,False
7876,-0.21338868,-0.01726687,False
7875,-0.037829842,-0.037829842,False
7849,0.32688263,-0.07923815,False
7874,-0.13387555,-0.117308736,False
7872,-0.2705859,-0.34032178,False
7871,0.103642106,0.06750977,False
7870,0.007321179,-0.15510982,False
7869,0.02375396,0.0,False
7868,0.0037151873,0.06575658,False
7867,0.058596015,-0.28675303,False
7873,-0.00068414025,-0.023290705,False
7848,-0.008835634,-0.001971426,False
7847,0.025708556,0.006828159,False
7846,0.022363424,0.114272624,False
7827,0.019233702,-0.004147364,False
7826,0.114684224,-0.061086684,False
7825,-0.0036866323,-0.0036866323,False
7824,0.009114565,0.00013860781,False
7823,-0.18705499,-0.46678233,False
7822,-0.0047905953,-0.0047905953,False
7828,-0.0046937084,-0.0046937084,False
7821,0.021448527,0.064448714,False
7819,-0.007595736,-0.007283286,False
7818,0.0,0.0007792606,False
7817,-0.010164341,-0.010164341,False
7816,0.007304443,0.0037038866,False
7815,0.40358818,-0.47964108,False
7814,-0.038664103,-0.15919124,False
7820,0.01888505,-0.0038639042,False
7881,-0.331725,-0.31973863,False
7829,0.048703194,0.0136579275,False
7831,-0.01594729,-0.06629099,False
7845,-0.04232025,-0.098006725,False
7844,-0.009462459,-0.009458544,False
7843,-0.31987166,-0.19517136,False
7842,-0.018208008,-0.057767566,False
7841,-0.004854167,-0.004854167,False
7840,0.08102441,-0.50101924,False
7830,-0.068389535,-0.15446348,False
7839,0.031281322,0.03971839,False
7837,0.043920994,-0.064035594,False
7836,0.04610449,-0.051902443,False
7835,0.043390036,0.09736599,False
7834,-0.0070818663,-0.026582275,False
7833,-0.005143561,-0.005143561,False
7832,-0.005080136,-0.005080136,False
7838,-0.013723999,-0.013723999,False
7813,-0.32655597,-0.30052364,False
7882,0.056920607,-0.009919565,False
7884,0.086636476,0.08264374,False
7921,-0.16544652,-0.312046,False
7922,-0.12835029,-0.07882619,False
7923,0.05474758,-0.16766325,False
7924,0.01481466,-0.009250328,False
7925,0.04249035,0.053632483,False
7926,0.025805116,-0.08016011,False
7927,0.009805514,-0.009694895,False
7928,-0.5600158,-0.38373446,False
7929,-0.3925783,-0.21789801,False
7930,0.022567352,0.0,False
7931,-0.036284,0.0624772,False
7932,-0.039235655,-0.039235655,False
7933,-0.029681789,-0.04482878,False
7934,0.012756732,-0.009619062,False
7935,-0.0042188875,-0.020159148,False
7936,0.0,0.0,False
7937,-0.1873554,-0.05836466,False
7951,0.01729314,-0.09197088,False
7950,-0.032362297,-0.07024291,False
7949,0.11739606,-0.01993674,False
7948,-0.14225629,-0.27228308,False
7947,-0.27917552,-0.019129515,False
7946,-0.053362295,0.06775954,False
7920,0.035744667,-0.20492935,False
7945,-0.085883886,0.06499629,False
7943,-0.0036221,-0.0036221,False
7942,-0.11705631,0.041645795,False
7941,-0.010820091,-0.038569555,False
7940,-0.08000755,-0.33024597,False
7939,-0.00552514,-0.027833184,False
7938,-0.077137604,0.010844216,False
7944,-0.12782139,-0.015728474,False
7919,-0.32069832,-0.19966698,False
7918,-0.055340663,0.06896363,False
7917,-0.09846485,-0.115306735,False
7898,0.023213018,-0.037436787,False
7897,-0.08973774,-0.2556551,False
7896,-0.004140556,-0.09198874,False
7895,-0.03954217,0.015669197,False
7894,-0.30679467,-0.18059072,False
7893,-0.013525162,-0.013525162,False
7899,0.12004709,0.14366293,False
7892,-0.018408913,-0.018059708,False
7890,0.061023295,-0.07361809,False
7889,-0.3045087,-0.35387778,False
7888,-0.083128445,0.017120808,False
7887,0.0,0.0,False
7886,0.0,0.00024183122,False
7885,0.19059622,-0.3198585,False
7891,0.11915389,-0.10802513,False
7883,0.023269981,-0.06753391,False
7900,-0.025804102,-0.0549995,False
7902,0.0018844306,-0.057539403,False
7916,-0.04248166,-0.48143733,False
7915,0.10781509,-0.026275992,False
7914,-0.0618018,-0.13172075,False
7913,0.041294336,-0.16637808,False
7912,0.34582186,-0.4738269,False
7911,0.02198625,-0.023466367,False
7901,-0.066842735,0.0018215477,False
7910,-0.4783752,-0.3777976,False
7908,-0.028666398,-0.017079517,False
7907,-0.00084803253,-0.022689972,False
7906,0.0,0.0002094035,False
7905,-0.6462445,-0.3268082,False
7904,0.04974269,-0.071146846,False
7903,-0.06386749,-0.06386749,False
7909,0.13037884,0.06613827,False
7384,0.0,0.0,False
7812,-0.13448864,-0.25991166,False
7810,0.0,6.473539e-08,False
7707,0.009434519,-0.0075975824,False
7708,-0.0597592,0.0014339089,False
7709,-0.05505529,-0.10366383,False
7710,-0.12751377,-0.15441391,False
7711,-0.014745697,-0.1300744,False
7712,0.1955272,0.4272567,False
7713,0.16397947,-0.010670394,False
7714,-0.01926258,-0.015472561,False
7715,0.024782658,0.078436345,False
7716,-0.029506907,-0.10018363,False
7717,-0.042495966,0.10158783,False
7718,-0.17031446,0.042802542,False
7719,0.04233345,-0.004706676,False
7720,0.016071968,0.08477598,False
7721,-0.006816251,-0.023326544,False
7722,0.12232536,-0.03665197,False
7723,0.008882165,0.1054225,False
7737,0.033058986,-0.0065639634,False
7736,0.06490712,-0.021551218,False
7735,-0.0047984985,-0.0047984985,False
7734,0.0,1.037819e-05,False
7733,-0.009784816,-0.009784816,False
7732,-0.068290636,0.15458453,False
7706,-0.04033631,0.6303542,False
7731,-0.36426112,-0.15142241,False
7729,0.2317999,0.0045046806,False
7728,-0.004876203,-0.004866101,False
7727,0.0,4.3033673e-05,False
7726,0.018749733,-0.0040951413,False
7725,0.0,0.0,False
7724,0.07395652,0.038686216,False
7730,-0.0033912933,-0.0033912933,False
7705,-0.06070468,0.0606941,False
7704,-0.05701697,-0.16147834,False
7703,-0.12943909,-0.24692011,False
7684,-0.004335512,-0.004335512,False
7683,0.014613301,-0.0028515295,False
7682,-0.47516024,-0.29177713,False
7681,0.0026979446,0.08773732,False
7680,0.0,2.882765e-07,False
7679,-0.014740231,-0.013930625,False
7685,-0.044389807,0.07351565,False
7678,-0.025939822,-0.011572301,False
7676,0.007963531,-0.033476498,False
7675,0.11999154,0.040662646,False
7674,-0.07979554,-0.10233128,False
7673,0.025409475,-0.13101126,False
7672,-0.072700776,-0.08973351,False
7671,-0.009199709,-0.057796568,False
7677,-0.023904115,-0.06624687,False
7738,-0.0022965018,-0.023884257,False
7686,-0.45967007,-0.41778755,False
7688,-0.09883251,-0.12093791,False
7702,-0.011539876,-0.1428017,False
7701,-0.10339676,-0.13121735,False
7700,-0.07367377,-0.1003618,False
7699,0.45291638,-0.5015073,False
7698,0.27256942,-0.30340403,False
7697,-0.02373454,0.37107223,False
7687,-0.014572867,-0.014572867,False
7696,0.012780994,-0.14859107,False
7694,-0.08217366,0.009087309,False
7693,0.16369104,0.0007671118,False
7692,-0.41651654,-0.5933774,False
7691,0.07994676,-0.05450988,False
7690,0.07932772,-0.0114334375,False
7689,-0.10612261,-0.0105416775,False
7695,-0.013850763,-0.043391723,False
7811,0.0055820234,-0.002137076,False
7739,-0.3152206,-0.5373838,False
7741,-0.009014737,-0.008845687,False
7778,-0.004866068,-0.004866068,False
7779,-0.1907196,0.052143335,False
7780,0.013605783,-0.018603314,False
7781,-0.04806094,-0.008755311,False
7783,0.025634937,-0.062958546,False
7784,-0.56207854,-0.2741934,False
7785,0.05780375,-0.08117646,False
7786,-0.033822864,-0.056637816,False
7787,0.08105725,-0.11348504,False
7788,0.24593401,-0.059053063,False
7789,-0.046744585,-0.112430304,False
7790,0.14200461,0.00617221,False
7791,-0.29579186,-0.1683901,False
7792,0.047268942,0.1324498,False
7793,0.010583676,0.056269802,False
7794,-0.14825496,-0.13521752,False
7795,-0.020768493,-0.022073448,False
7809,-0.031666823,-0.031666823,False
7808,-0.003744483,-0.0911718,False
7807,0.047108367,-0.08563033,False
7806,0.38203532,0.1296317,False
7805,0.017782131,2.3565107e-07,False
7804,0.014173132,-0.0034632054,False
7777,0.012429156,0.057179496,False
7803,-0.0013790615,0.058155745,False
7801,0.0,8.5427455e-05,False
7800,-0.0041918815,0.0042783027,False
7799,-0.004872557,-0.004872557,False
7798,0.08199017,-0.08736089,False
7797,0.101956666,-0.11148892,False
7796,0.03366516,-0.032420103,False
7802,-0.15779985,-0.09425184,False
7776,0.016727362,-0.004389881,False
7775,0.07743251,0.02893567,False
7774,-0.1337831,-0.66100717,False
7755,0.008580181,-0.0133209545,False
7754,0.073842704,0.17250338,False
7753,-0.011858001,-0.12521644,False
7752,-0.26181355,-0.12990743,False
7751,-0.18443596,0.030168414,False
7750,-0.06567004,-0.113134354,False
7756,0.0,0.0,False
7749,0.05137779,-0.02108889,False
7747,0.1450162,0.07746792,False
7746,-0.17704755,-0.23576343,False
7745,-0.07295376,-0.0034062862,False
7744,-0.10094163,-0.19644076,False
7743,0.061291844,-0.08701414,False
7742,-0.15001684,0.13948298,False
7748,-0.15136576,-0.13028458,False
7740,0.057355672,-0.08824877,False
7757,-0.0053846617,-0.0053846617,False
7759,-0.099989176,-0.0060521066,False
7773,-0.014161596,-0.01410038,False
7772,-0.029061794,0.07672906,False
7771,-0.19115114,-0.15513289,False
7770,0.037062377,0.095366895,False
7769,0.1428082,0.1718905,False
7768,-0.16228434,-0.08695698,False
7758,0.045577414,0.06531333,False
7767,-0.52767926,-0.13745916,False
7765,0.030051887,-0.03270316,False
7764,-0.008048833,-0.008044992,False
7763,-0.009955883,-0.026987985,False
7762,-0.2497232,-0.25818884,False
7761,-0.054677412,-0.06802662,False
7760,0.082374156,-0.10647416,False
7766,-0.11740744,-0.045561835,False
7383,0.07544012,-0.029743154,False
7382,-0.012273282,-0.07729289,False
7381,-0.009269988,-0.009269988,False
6994,-0.032478154,-0.032478154,False
6995,0.049438328,-0.13656248,False
6996,-0.01868503,-0.017940814,False
6997,-0.06314827,0.035408527,False
6998,0.011208987,-0.0061747916,False
6999,0.0,0.00014745012,False
7000,-0.25480354,-0.44238257,False
7001,-0.070060015,-0.022399902,False
7002,0.0362796,-0.004936444,False
7003,-0.017109662,-0.064872295,False
7004,0.0,0.0,False
7005,-0.069224596,-0.50047576,False
7006,-0.08191237,-0.07601785,False
7007,0.012887079,-0.009222481,False
7008,0.16507769,-0.17759109,False
7009,0.26232985,0.4653788,False
7010,-0.037902743,-0.27220902,False
7024,0.0,0.0,False
7023,0.016622722,-0.018412616,False
7022,0.013109922,-0.008785715,False
7021,-0.0037524558,-0.0037524558,False
7020,0.19171192,-0.16648197,False
7019,-0.052387923,-0.12748376,False
6993,-0.038914792,-0.054791827,False
7018,-0.025519297,-0.025519297,False
7016,-0.04551357,-0.15821369,False
7015,0.15319744,0.03531143,False
7014,0.022496413,0.0,False
7013,0.04042697,0.022239864,False
7012,-0.0861364,0.11646402,False
7011,-0.48319745,-0.23584485,False
7017,-0.019071197,-0.018416323,False
6992,-0.040695272,0.05424714,False
6991,-0.03472598,-0.07539944,False
6990,0.002501376,0.0012007691,False
6971,0.14793879,0.25504732,False
6970,0.02327323,0.16311641,False
6969,-0.12713286,-0.11391574,False
6968,0.0117332265,0.011158599,False
6967,0.06504089,-0.088562965,False
6966,0.018607702,-0.022266522,False
6972,-0.051059708,-0.0597916,False
6965,0.02327292,0.0,False
6963,-0.07226354,-0.15877193,False
6962,0.27148914,-0.0047414303,False
6961,-0.21034831,-0.24675065,False
6960,-0.056202263,-0.009968385,False
6959,0.029907545,-0.008569958,False
6958,-0.16191506,0.13277888,False
6964,-0.008826305,-0.008826305,False
7025,0.0,0.0,False
6973,-0.09707919,0.037865937,False
6975,-0.031748533,0.22543412,False
6989,-0.14086926,-0.030238956,False
6988,0.01365535,0.09862739,False
6987,0.0,0.0,False
6986,-0.010845557,-0.08426997,False
6985,0.0,0.0,False
6984,0.02437535,-0.09593518,False
6974,-0.17518166,-0.18520558,False
6983,0.014583126,-0.009848677,False
6981,0.09731387,0.06984081,False
6980,-0.00072958134,-0.023339901,False
6979,0.008783277,-0.007696977,False
6978,0.1756554,0.08270642,False
6977,0.07847707,0.016979612,False
6976,0.0039710104,-0.0037385784,False
6982,0.098270305,0.027339749,False
6957,0.0,0.0,False
7026,0.09896347,-0.031233072,False
7028,-0.024270892,0.060988307,False
7065,0.0,0.0,False
7066,-0.04521118,0.0022142157,False
7067,-0.046875417,-0.1599631,False
7068,0.013652623,-0.034346968,False
7069,-0.090299904,-0.12634179,False
7070,-0.19659,-0.08596896,False
7071,-0.116797835,0.032559484,False
7072,-0.009133307,-0.009126481,False
7073,-0.0678076,-0.029497318,False
7074,0.22930562,-0.15286085,False
7075,-0.004713565,0.039163858,False
7076,-0.074232936,-0.11335173,False
7077,-0.10450148,-0.03186807,False
7078,0.07165532,-0.05773598,False
7079,0.07065582,-0.3405528,False
7080,-0.0666855,-0.03663997,False
7081,0.07442268,-0.013870441,False
7095,0.032258622,0.011511631,False
7094,0.004368704,-0.040307734,False
7093,-0.003948897,-0.16287884,False
7092,0.07940248,0.10792726,False
7091,-0.09239209,-0.121245265,False
7090,-0.025431141,-0.0065625906,False
7064,-0.0085083125,0.0013354495,False
7089,-0.0046131206,-0.0046131206,False
7087,-0.010581326,0.03756433,False
7086,-0.012617871,-0.0027002394,False
7085,-0.12912893,-0.3225336,False
7084,0.12635612,0.17229629,False
7083,0.020680279,-0.017255858,False
7082,-0.016001945,-0.016001945,False
7088,-0.004991336,-0.0036428017,False
7063,-0.018384421,-0.016377866,False
7062,-0.25069284,-0.075488865,False
7061,-0.007398308,0.20630151,False
7042,0.080396116,-0.017690301,False
7041,-0.09669122,-0.09316282,False
7040,0.0,0.0,False
7039,-0.0040334035,0.037670635,False
7038,0.025739823,0.031275008,False
7037,-0.026193129,-0.026193129,False
7043,0.05141674,0.012047574,False
7036,-0.031372614,-0.031372614,False
7034,0.017062962,-0.0042979857,False
7033,0.031404376,-0.041811764,False
7032,-0.0092988135,-0.0092988135,False
7031,0.0016356297,-0.019684969,False
7030,0.0,0.0,False
7029,-0.009446295,-0.00942225,False
7035,-0.013789993,-0.013763898,False
7027,0.0097026825,-0.086799264,False
7044,0.051030755,-0.20149213,False
7046,-0.004652436,-0.004652436,False
7060,-0.022743344,0.024786532,False
7059,-0.06504768,-0.098293036,False
7058,-0.021091845,-0.03795019,False
7057,-0.06558429,-0.0003111586,False
7056,-0.18785691,-0.29654723,False
7055,-0.04327789,0.00743109,False
7045,0.0070661865,-0.009453068,False
7054,0.09204261,0.106909126,False
7052,-0.0271689,0.06312745,False
7051,0.01563789,-0.15056762,False
7050,-0.13023663,-0.074165195,False
7049,0.08137724,0.14687374,False
7048,0.016196221,0.050735354,False
7047,-0.021799743,-0.039509416,False
7053,0.035782654,-0.03372247,False
7096,-0.22193635,0.008853734,False
6956,0.21854424,0.30992025,False
6954,0.020502307,0.07754966,False
6852,0.02264414,0.088816166,False
6853,-0.018493766,-0.018487934,False
6854,-0.1263619,-0.32219934,False
6855,-0.020295769,0.0136386305,False
6856,-0.00974498,-0.00974498,False
6857,-0.10443157,-0.09222305,False
6858,-0.053122856,-0.082144424,False
6859,-0.015016545,-0.038621902,False
6860,0.10812694,-0.19113761,False
6861,0.055731148,-0.011420906,False
6862,-0.06877285,-0.098383814,False
6863,0.0045449473,-0.0003152024,False
6864,-0.11694819,-0.080440044,False
6865,-0.009982094,-0.0014081672,False
6866,0.008486621,0.06688743,False
6867,0.015124276,0.018820066,False
6868,0.28509158,-0.061797187,False
6882,1.1242425,-0.10375327,False
6881,0.09298284,0.08886106,False
6880,0.117183685,-0.12792063,False
6879,0.0,0.0,False
6878,-0.0048273588,-0.0048273588,False
6877,-0.021926016,0.11430772,False
6851,-0.10852957,-0.32698715,False
6876,0.14510632,0.03493452,False
6874,-0.040546387,0.0035775304,False
6873,-0.13024887,-0.11384547,False
6872,-0.041058406,-0.10726246,False
6871,0.08725983,0.27501497,False
6870,0.01450678,-0.011961505,False
6869,0.0,0.0,False
6875,0.016559085,-0.004862651,False
6850,-0.04865919,-0.088467956,False
6849,0.0,0.0,False
6848,0.0429553,-0.022974225,False
6829,-0.09119308,-0.055009454,False
6828,0.021416195,-0.023843117,False
4557,-0.04005248,0.06695926,False
6826,0.025657795,-0.04096292,False
6825,0.059296787,-0.0071982145,False
6824,-0.29385567,-0.113194704,False
6830,0.04367729,-0.045681812,False
6823,-0.2812375,-0.09638357,False
6821,-0.22441167,-0.030964196,False
6820,-0.02480042,-0.056001455,False
6819,-0.21479797,-0.06904566,False
6818,0.08732584,-0.067851454,False
6817,-0.31771484,-0.19654658,False
6816,-0.0412122,-0.08792937,False
6822,0.009059906,-0.08171022,False
6883,-0.019692488,-0.029440764,False
6831,0.04440711,0.0,False
6833,-0.028352259,0.05425021,False
6847,-0.00015651621,-0.016096776,False
6846,0.007155195,-0.03415043,False
6845,0.17622724,0.15783921,False
6844,-0.032169133,-0.032169133,False
6843,0.00665914,0.114047125,False
6842,0.02852635,-0.009851508,False
6832,0.041567087,0.016959697,False
6841,0.0,1.064522e-06,False
6839,-0.01453123,0.0016873488,False
6838,-0.00484168,-0.00484168,False
6837,-0.049769554,-0.110479444,False
6836,0.41859293,-0.33600974,False
6835,0.014141791,0.038347103,False
6834,0.06221807,0.096506655,False
6840,0.035545208,0.11218705,False
6955,0.00833112,0.08203483,False
6884,-0.095464736,-0.004929006,False
6886,-0.10374355,-0.121910304,False
6923,0.020316135,-0.04317475,False
6924,-1.0937995,-0.10287011,False
6925,0.020657025,-0.06353129,False
6926,0.0072950553,-0.01463229,False
6927,-0.08136413,-0.03611861,False
6928,-0.20475976,0.06372383,False
6929,-0.030545607,0.03228739,False
6930,0.0,0.00068547466,False
6931,-0.023362473,-0.023362473,False
6932,0.0,0.0,False
6933,0.075573266,0.27856177,False
6934,0.0,0.0,False
6935,0.07188654,0.089233994,False
6936,0.09557357,0.07465655,False
6937,-0.05778162,-0.02142679,False
6938,-0.014328591,-0.003517083,False
6939,-0.39920232,-0.04835546,False
6953,-0.0035024756,-0.0032280472,False
6952,-0.25429246,-0.007139474,False
6951,0.0,4.548279e-07,False
6950,-0.009567494,-0.0033170297,False
6949,0.045021042,0.06830305,False
6948,-0.06124389,0.05180037,False
6922,-0.05360794,0.062003896,False
6947,-0.060791314,-0.09462297,False
6945,-0.020029046,-0.020029046,False
6944,-0.034444537,-0.049977787,False
6943,0.10842666,-2.3707747e-05,False
6942,0.0,0.00023968646,False
6941,0.0,0.0,False
6940,0.09290549,-0.06602484,False
6946,0.16140465,0.043850094,False
6921,0.032786623,-0.03089182,False
6920,0.028194472,0.16470163,False
6919,0.06775141,-0.047073044,False
6900,0.0,0.00030183347,False
6899,-0.037876688,0.3930266,False
6898,-0.023258537,-0.042906135,False
6897,-0.028253496,-0.15918005,False
6896,-0.004650339,-0.004650339,False
6895,0.17382276,-0.046562195,False
6901,0.011377215,-0.5249175,False
6894,-0.029914916,0.026849687,False
6892,0.0043727756,-0.06805608,False
6891,-0.119165614,0.027770638,False
6890,0.23995465,0.03876269,False
6889,-0.050551653,0.06402075,False
6888,-0.048545033,-0.11154432,False
6887,-0.025115266,0.07669857,False
6893,0.15748614,0.128366,False
6885,0.28096277,0.05566293,False
6902,-0.07140684,0.0023230761,False
6904,-0.16487217,-0.04735005,False
6918,0.018996254,-0.0032593468,False
6917,-0.009234965,-0.009234965,False
6916,0.0,0.0,False
6915,-0.0053437157,-0.0053437157,False
6914,-0.013915394,-0.013758697,False
6913,-0.0042173397,-0.0034745343,False
6903,0.0,0.0,False
6912,0.025026701,5.8002365e-06,False
6910,-0.00020211935,-0.012309909,False
6909,0.02341643,0.06545872,False
6908,-0.02885068,0.064598955,False
6907,0.09040868,-0.0042280555,False
6906,-0.020316511,-0.014492422,False
6905,-0.06358887,0.011017129,False
6911,-0.038409278,-0.08128905,False
7952,-0.35598034,-0.12544274,False
7097,-0.0010660663,0.040067986,False
7099,-0.051317416,-0.05090862,False
7278,0.17419824,-0.10304714,False
7279,0.017651234,0.011445051,False
7280,0.043549567,-0.07521061,False
7281,-0.022209883,0.053955734,False
7282,-0.104251504,0.14320922,False
7283,-0.0009453632,-0.012399644,False
7284,0.11035216,-0.184515,False
7285,0.05935172,-0.028009355,False
7286,0.010063201,-0.043748498,False
7287,-0.041141126,-0.05228931,False
7288,-0.06925218,0.034842975,False
7289,-0.102223456,-0.06458777,False
7290,-0.009628316,-0.009628316,False
7291,0.06232536,0.030660465,False
7292,-0.010311609,0.009251393,False
7293,-0.008376464,-0.008376464,False
7294,-0.23441745,0.103455424,False
7308,-0.017351067,-0.017351067,False
7307,0.06470883,-0.0029569566,False
7306,-0.062753335,-0.06122319,False
7305,0.2499417,0.028193116,False
7304,-0.013034669,0.021438729,False
7303,0.18475282,-0.03825915,False
7277,-0.08367349,0.012612671,False
7302,-0.009343209,-0.009343209,False
7300,-0.012538552,-0.005594194,False
7299,0.033781625,-0.013068957,False
7298,-0.16154468,-0.3441888,False
7297,-0.103833295,-0.05443738,False
7296,-0.014880694,-0.09386007,False
7295,-0.53431904,-0.4001789,False
7301,-0.011090826,-0.027789604,False
7276,0.0,0.0,False
7275,0.04907164,0.20515443,False
7274,-0.008815837,-0.008815837,False
7255,-0.08794196,-0.06970683,False
7254,0.033029355,-0.004804872,False
7253,0.010052055,0.122295976,False
7252,-0.066135705,-0.055961967,False
7251,0.03120473,-0.011747241,False
7250,0.02875328,-0.037562728,False
7256,-0.009410186,-0.032304205,False
7249,-0.0011120662,-0.09645155,False
7247,0.0340216,-0.040683575,False
7246,0.003487762,-0.018527016,False
7245,0.105710864,0.0063774586,False
7244,-0.034177314,-0.031227035,False
7243,-0.0815475,-0.14306048,False
7242,-0.15313739,-0.026686966,False
7248,-0.029878683,-0.048887275,False
7309,0.0032012295,-0.019095486,False
7257,0.0,0.0,False
7259,0.036579642,-0.028673295,False
7273,-0.076556794,-0.13190232,False
7272,0.0,0.0,False
7271,-0.12613428,0.26869297,False
7270,0.13318354,-0.52832985,False
7269,-0.059927583,0.029487938,False
7268,-0.31129336,0.14542747,False
7258,0.023611575,0.0007955677,False
7267,-0.0039587812,-0.0039587812,False
7265,0.024281437,0.0,False
7264,0.014099948,-0.009558545,False
7263,0.021207009,0.093160704,False
7262,-0.008750873,-0.008750873,False
7261,0.004903063,-0.019460758,False
7260,-0.10674897,-0.02664712,False
7266,-0.012465407,-0.012465407,False
7241,-0.3481102,-0.33912206,False
7310,-0.034925185,-0.05791073,False
7312,0.0,0.0,False
7350,-0.010090812,-0.010067243,False
7351,-0.022777759,-0.009179696,False
7352,-0.06447059,-0.04173112,False
7353,0.18847011,0.02651146,False
7354,0.18335688,0.13865596,False
7355,0.0,0.0,False
7356,-0.26523876,0.16645157,False
7357,0.016782004,-0.004810754,False
7358,-0.10659966,0.11038256,False
7359,-0.011436939,0.11381924,False
7360,0.03408286,0.029326087,False
7361,0.021674968,-0.10605817,False
7362,0.023810053,0.0,False
7363,0.26563275,0.09018433,False
7364,0.0011230744,-0.022458702,False
7365,-0.022056922,-0.10393312,False
7366,-0.03133146,-0.031303182,False
7380,0.016353007,-0.02272354,False
7379,0.0,3.1539737e-05,False
7378,-0.07099521,-0.09762788,False
7377,-0.024167044,-0.023911785,False
7376,-0.016168997,-0.05310583,False
7375,0.039618313,-0.027822943,False
7349,-0.029895259,-0.02900626,False
7374,-0.105055004,-0.16939367,False
7372,-0.005279843,-0.00527251,False
7371,0.02013313,0.0,False
7370,-0.099932745,-0.040062785,False
7369,-0.004652843,-0.02929097,False
7368,0.02244287,0.0,False
7367,-0.003967165,0.11500928,False
7373,-0.01285317,-0.034333143,False
7348,0.0100534735,-0.013419296,False
7347,0.03478826,-0.05876735,False
7346,0.21278054,0.046397865,False
7326,-0.004761348,-0.004136999,False
7325,0.013546675,-0.1517801,False
7324,-0.031301826,0.04838574,False
7323,0.15436256,-0.033918142,False
7322,0.06042984,0.12269868,False
7321,0.0,0.0,False
7327,-0.19737017,0.030124664,False
7320,0.012607453,-0.009654596,False
7318,-0.0032947345,-0.0032947345,False
7317,0.0570022,-0.0037374534,False
7316,0.0,1.5915111e-05,False
7315,0.00729254,0.0029849624,False
7314,-0.047826976,-0.13263632,False
7313,0.25097972,-0.06801334,False
7319,0.011971868,-0.008090332,False
7311,-0.013154618,-0.047935173,False
7328,-0.23197126,0.06740844,False
7330,-0.004896036,-0.004896036,False
7345,0.06037478,0.046464406,False
7344,0.024843177,-0.023516288,False
7343,0.02953235,-0.045281377,False
7342,-0.005169541,-0.005169541,False
7341,0.0025064554,-0.019421687,False
7340,0.01844107,-0.004682475,False
7329,-0.05984567,-0.09016743,False
7339,0.013030814,-0.0067604515,False
7336,0.0,0.69738364,False
7335,0.09904885,-0.05832377,False
7334,0.37351322,0.054260254,False
7333,-0.033893913,-0.05311254,False
7332,-0.02297756,-0.024409205,False
7331,-0.12872934,0.18311447,False
7338,-0.061721414,-0.076896966,False
7098,-0.02410093,-0.036440343,False
7240,-0.075706124,-0.55949426,False
7238,-0.12821889,-0.27873278,False
7136,-0.44746536,-0.9205494,False
7137,-0.35945702,-0.2541151,False
7138,-0.13569048,-0.1179651,False
7139,0.25341833,0.18177831,False
7140,-0.25630987,-0.001555562,False
7141,-0.050814867,-0.015477955,False
7142,-0.07245675,0.011946499,False
7143,0.002696028,-0.018875508,False
7144,-0.17050928,-0.16644418,False
7145,-0.047109306,-0.0073537827,False
7146,-0.13894714,-0.1153678,False
7147,0.004350394,-0.040748764,False
7148,-0.0049898075,-0.004626748,False
7149,-0.004912303,-0.004912303,False
7150,-0.011394888,-0.14199877,False
7151,-0.7412963,-0.40667295,False
7152,-0.1947766,-0.07687712,False
7166,1.0705159,0.08406043,False
7165,-0.490893,-0.6227358,False
7164,0.04939376,0.009574354,False
7163,0.057588004,-0.031410635,False
7162,0.114988476,0.023432434,False
7161,0.7043073,-0.05470729,False
7135,0.23570243,-0.011648983,False
7160,-0.009688266,-0.01998403,False
7158,-0.19948971,-0.7132176,False
7157,0.017157704,-0.099967,False
7156,0.0,0.0,False
7155,-0.00877778,-0.00877778,False
7154,-0.018263375,-0.013905192,False
7153,0.0,0.0,False
7159,-0.060265645,-0.108199015,False
7134,0.051078275,0.104236946,False
7133,-0.10443081,-0.013368815,False
7132,-0.018099621,0.055837974,False
7113,-0.034237802,-0.12590866,False
7112,0.049453057,-0.020016866,False
7111,0.050916612,0.03805399,False
7110,0.0849216,-0.052186325,False
7109,-0.015582141,-0.03415776,False
7108,-0.07515227,-0.061466396,False
7114,-0.11646545,-0.00620538,False
7107,-0.16822588,-0.067429066,False
7105,0.16068244,0.1319493,False
7104,0.0129151605,-0.016463526,False
7103,0.1138961,0.0105701685,False
7102,0.032894608,-0.028666329,False
7101,0.04644555,-0.0137438495,False
7100,-0.00027228147,-0.028209414,False
7106,0.0820128,-0.0672963,False
7167,-0.07994485,0.15978885,False
7115,-0.0727157,-0.23825473,False
7117,-0.009907678,-0.009907678,False
7131,0.024882972,-0.044555694,False
7130,-0.10100019,-0.072223336,False
7129,-0.061881304,-0.02734758,False
7128,-0.01221573,-0.034574702,False
7127,-0.07402958,-0.0005258918,False
7126,0.13602267,0.14419629,False
7116,0.061181247,-0.027364016,False
7125,0.06509345,-0.017964644,False
7123,-0.042063504,-0.046018332,False
7122,0.1348801,0.10683379,False
7121,0.030051269,-0.06415455,False
7120,0.06689206,-0.0329258,False
7119,0.10813984,0.099117965,False
7118,-0.16751063,-0.13231075,False
7124,0.042669833,0.051741004,False
7239,0.035251938,-0.04103964,False
7168,-0.005181074,-0.43151808,False
7170,-0.07388085,0.11257595,False
7207,-0.0090902215,0.00827974,False
7208,0.075317875,-0.05999008,False
7209,-0.17938352,0.14254284,False
7210,-0.016909447,-0.017982144,False
7211,0.014966406,-0.087027304,False
7212,-0.23131055,-0.08410263,False
7213,-0.11635207,-0.16993847,False
7214,-0.15259397,-0.109483,False
7215,-0.0051902775,-0.0051450524,False
7216,0.03588599,0.08646992,False
7217,-0.03370551,-0.06955314,False
7218,0.0,0.0,False
7219,0.06704122,-0.030025017,False
7220,0.030753657,0.0012795404,False
7221,-0.2021066,-0.15371358,False
7222,-0.040646784,-0.090144455,False
7223,0.021705776,-0.11890817,False
7237,-0.26153785,-0.16617471,False
7236,-0.07034336,-0.10007033,False
7235,-0.025481462,-0.124551594,False
7234,-0.009748749,-0.009748749,False
7233,-0.0056506023,-0.02209723,False
7232,-0.007579034,-0.023519294,False
7206,0.0036642402,-0.0522763,False
7231,-0.014704637,-0.014704637,False
7229,-0.03839484,-0.03839484,False
7228,-0.1828053,-0.24190444,False
7227,0.0,0.0,False
7226,-0.024733357,-0.031187471,False
7225,-0.016106058,-0.041930318,False
7224,-0.04657948,-0.002537042,False
7230,0.21939874,0.15872145,False
7205,0.0017435215,0.51266056,False
7204,0.015862687,-0.029108193,False
7203,0.01222761,0.04036674,False
7184,-0.068191096,-0.05843754,False
7183,-0.032919705,0.08260557,False
7182,-0.044900507,0.048169136,False
7181,0.00075093657,-0.029087517,False
7180,-0.008012414,0.12690592,False
7179,-0.04180044,-0.0075366125,False
7185,0.1305649,-0.0018336177,False
7178,-0.050177693,-0.050755233,False
7176,-0.8794944,-0.39855266,False
7175,-0.6533282,-0.5682702,False
7174,-0.028796151,-0.053018786,False
7173,-0.60328543,-0.73808336,False
7172,-0.0035024756,0.09947298,False
7171,-0.38981944,-0.19741878,False
7177,0.17317855,-0.08197689,False
7169,-0.31184912,-0.40468812,False
7186,-0.022066712,-0.07714327,False
7188,-0.37500346,-0.21523333,False
7202,0.02292025,0.0,False
7201,0.04003879,-0.024338584,False
7200,0.04521922,0.025687134,False
7199,-0.010129243,-0.010129243,False
7198,-0.049029063,-0.016417079,False
7197,-0.16539246,-0.13500702,False
7187,-0.0129974615,-0.0129974615,False
7196,-0.015745781,-0.059514355,False
7194,-0.3881442,-0.52997726,False
7193,0.0,0.0,False
7192,0.0,0.0,False
7191,0.23539114,-0.13094339,False
7190,0.0,0.0004613072,False
7189,0.019420475,-0.047186933,False
7195,-0.06413707,0.3981803,False
6815,0.027145505,0.023819923,False
7953,-0.1445232,-0.21337718,False
7955,0.0,0.0027214712,False
8703,0.17185163,-0.061191797,False
8704,-0.06317198,0.06061268,False
8705,-0.065391034,-0.028079674,False
8706,0.0083186105,-0.014791135,False
8707,-0.13158488,0.12887943,False
8708,-0.08501339,-0.15857288,False
8709,0.20168799,-0.17190635,False
8710,0.114370495,-0.04557298,False
8711,-0.16859514,-0.15463808,False
8712,0.26806092,-0.038867593,False
8713,-0.2121729,-0.056041032,False
8714,-0.588549,-0.50337076,False
8715,-0.05086094,0.19076309,False
8716,-0.019340076,0.024867099,False
8717,0.016619653,-0.05718129,False
8718,-0.06597754,-0.06196055,False
8719,-0.03591633,-0.089205384,False
8733,-0.08826172,-0.05110529,False
8732,-0.08135989,-0.18675455,False
8731,-0.08572012,-0.19907522,False
8730,0.058571756,-0.03080082,False
8729,-0.0854543,-9.4503164e-05,False
8728,0.07378499,-0.03717995,False
8702,-0.12765688,0.048151314,False
8727,-0.08862389,-0.057102054,False
8725,-0.014524937,-0.11915171,False
8724,-0.2754671,-0.12387955,False
8723,-0.0144660175,-0.0058303773,False
8722,-0.08898592,-0.13388962,False
8721,0.0101620555,0.081989706,False
8720,-0.014527917,0.056331098,False
8726,-0.022055872,-0.021416597,False
8734,-0.052927375,0.018221974,False
8701,-0.23368281,-0.054163337,False
8699,-0.060021624,-0.003018424,False
8668,-0.0042532887,0.039169878,False
8669,-0.24156451,-0.03038001,False
8670,-0.1747548,-0.069117144,False
8671,0.18431997,-0.18670481,False
8672,0.009078395,-0.013662536,False
8673,-0.15742123,-0.191154,False
8674,0.25955236,-0.11695564,False
8675,-0.096416235,0.02264458,False
8676,-0.31174707,-0.39331818,False
8677,0.29322177,-0.054199457,False
8678,-0.101544306,-0.05497016,False
8679,-0.26519027,0.04102558,False
8680,0.0061487826,-0.009791478,False
8681,-0.05959654,-0.033209622,False
8682,-0.09699255,-0.014949739,False
8683,-0.4056071,-0.1290791,False
8684,-0.15832531,-0.37023294,False
8698,0.008626913,-0.013974966,False
8697,0.085219055,-0.06285838,False
8696,-0.007274788,-0.041204028,False
8695,0.0,0.0,False
8694,-0.0048235413,-0.004568325,False
8693,0.076059744,-0.020455372,False
8700,-0.008297265,-0.18626547,False
8692,-0.070646256,-0.09803593,False
8690,0.05415833,-0.2716354,False
8689,-0.053802595,0.08264086,False
8688,-0.033358365,-0.18702699,False
8687,-0.019994378,-0.101355135,False
8686,0.017881751,0.07320162,False
8685,-0.30293038,-0.16102362,False
8691,-0.009294542,-0.009294542,False
8735,-0.022644758,-0.1338347,False
8736,-0.028494298,-0.007940412,False
8737,-0.009838015,-0.1085974,False
8774,-0.061469793,-0.079941034,False
8775,0.21798873,0.80208373,False
8776,-0.12496489,-0.09439957,False
8777,0.01537752,-0.003994488,False
8778,-0.12398049,-0.17276296,False
8779,-0.03125947,-0.048367426,False
8780,0.021331325,-0.08306216,False
8781,-0.02546531,-0.0641174,False
8782,-0.1682682,-0.15455437,False
8783,-0.14557874,-0.16748923,False
8784,-1.2247419,-1.377429,False
8785,-0.25600362,-0.591105,False
8786,0.1346294,-0.03310512,False
8787,0.014463544,-0.0024245381,False
8788,0.14172786,0.0075500607,False
8789,0.21795583,0.12258291,False
8790,-0.13180673,-0.17241985,False
8804,-0.51417065,-1.5771883,False
8803,0.5162573,-0.057178736,False
8802,-0.11687338,-0.0461843,False
8801,0.02618879,0.17239606,False
8800,-0.026139008,0.0226774,False
8799,0.06713929,0.2779527,False
8773,0.008380301,-0.05520592,False
8798,0.020822246,-0.025995204,False
8796,0.019590577,-0.004941599,False
8795,-0.42839265,-0.6165634,False
8794,0.3405609,-0.86501443,False
8793,-0.683957,-1.4371289,False
8792,0.017013375,-0.0050920295,False
8791,-0.027379632,-0.09348838,False
8797,0.072406,-0.022471592,False
8772,-0.03199914,-0.042598214,False
8771,0.03819894,0.021040283,False
8770,-0.004885482,-0.004885482,False
8751,-0.104735434,-0.11171113,False
8750,0.031223334,0.2617615,False
8749,0.15529138,0.13477218,False
8748,0.27490246,0.09341723,False
8747,0.0027282536,0.05534388,False
8746,0.007533917,-0.015212905,False
8752,-0.045817606,-0.053481236,False
8745,0.013873585,-0.0052289614,False
8743,-0.065633416,-0.048637748,False
8742,0.065143034,0.09066956,False
8741,0.059104055,-0.020296842,False
8740,0.04524505,0.044252932,False
8739,-0.12453967,0.023792744,False
8738,0.03716363,-0.06617831,False
8744,-0.043774113,0.0008197874,False
8667,-0.00014331937,0.052569732,False
8753,-0.05678778,-0.06095781,False
8755,-0.0030058026,0.06127882,False
8769,-0.052279845,-0.054171577,False
8768,-0.030853534,-0.050343215,False
8767,0.016663602,-0.0052637435,False
8766,-0.00034279376,-0.022377357,False
8765,-0.20948768,-0.49159318,False
8764,0.00073949527,-0.009559207,False
8754,-0.03350005,-0.062097196,False
8763,-0.01316826,-0.067604445,False
8761,-0.0138020925,-0.0138020925,False
8760,0.107237846,-0.07425824,False
8759,-0.09635481,-0.039077044,False
8758,-0.08640599,-0.08750707,False
8757,0.019778445,-0.18782437,False
8756,-0.006288603,0.03761798,False
8762,-0.08804339,0.14662325,False
8666,-0.019175962,-0.07499165,False
8665,0.360677,-0.19194669,False
8664,-0.078863814,-0.13931955,False
8562,0.14785564,-0.34671605,False
8563,0.12789065,-0.20178792,False
8564,0.073206425,-1.3101761,False
8565,-0.02408798,-0.05280709,False
8566,-0.0021977164,-0.024303121,False
8567,0.08595103,-0.060808748,False
8568,0.112834066,-0.21094647,False
8569,0.05189389,-0.22711682,False
8570,-0.05604153,-0.0008021891,False
8571,0.01330047,-0.0037316314,False
8572,0.030062199,-2.021933,False
8573,-0.04302816,0.004787728,False
8574,-0.044988662,-0.11689241,False
8575,0.079035774,-0.013772581,False
8576,-0.030620487,-0.030620487,False
8577,-0.044199098,-0.067470916,False
8578,-0.034621872,-0.0845139,False
8592,-0.05117686,-0.113914594,False
8591,-0.063081264,-2.1811557,False
8590,-0.00093426555,0.0021598563,False
8589,-0.012252305,-0.060171448,False
8588,-0.041655354,-0.08759499,False
8587,0.047394283,-0.031217933,False
8561,-0.21658838,-0.115656555,False
8586,-0.0023556724,-0.07116395,False
8584,-0.018546112,-0.066518515,False
8583,-0.028492002,-0.050372664,False
8582,-0.003934413,-0.11837458,False
8581,-0.094842225,-0.14288846,False
8580,-0.0017264187,-0.07043344,False
8579,-0.0035298467,-0.106360056,False
8585,0.005265327,-0.016605904,False
8560,0.03421113,-0.00028422475,False
8559,-0.0036866323,-0.0036290332,False
8558,0.3008144,-0.24926855,False
8539,0.036452293,0.077668905,False
8538,-0.03578966,-0.049232192,False
8537,0.0071703903,-0.034072734,False
8536,0.11013904,0.050321057,False
8535,-0.15853435,-0.18265095,False
8534,0.026691675,-0.038122267,False
8540,0.10254818,-0.025596485,False
8533,-0.013166577,-0.10823431,False
8531,-0.025237322,-0.21180034,False
8530,-0.28288352,-0.6841503,False
8529,0.04695858,-0.1680294,False
8528,-0.03295965,-0.03295965,False
8527,0.06803268,0.3663556,False
8526,-0.24919021,-0.26987648,False
8532,0.0,0.0,False
8593,0.038440973,-0.070004344,False
8541,0.10536006,0.17122608,False
8543,0.079925306,0.038241275,False
8557,-0.007105382,-0.0052377214,False
8556,0.020288836,0.0,False
8555,0.16037467,-0.0043571293,False
8554,0.025667313,-0.03850126,False
8553,-0.009857165,-0.00760734,False
8552,0.08127889,0.0805918,False
8542,0.114967436,-0.006766975,False
8551,-0.013093112,-0.013093112,False
8549,0.032363117,0.103618085,False
8548,0.017693639,-0.06597236,False
8547,0.062637866,-0.008235157,False
8546,0.11198515,-0.00879997,False
8545,0.72367966,-0.3194337,False
8544,-0.07896541,0.045692533,False
8550,0.14332032,-0.06280708,False
8805,-0.13507318,-1.2811489,False
8594,-0.085138276,-0.085138276,False
8596,-0.0068633854,-0.16063258,False
8633,0.058386043,-0.13957962,False
8634,0.08499217,0.2812692,False
8635,-0.013932366,-0.013932366,False
8636,-0.13611351,0.010015637,False
8637,-0.01782411,-0.01782411,False
8638,0.0,3.9991883e-05,False
8639,0.01820843,-0.04226386,False
8640,-0.0388238,-0.07380278,False
8641,-0.057782363,-0.0010688975,False
8642,-0.0046762936,-0.0041327425,False
8643,0.0,0.0,False
8644,0.037151776,-0.047281753,False
8645,0.0,0.058097318,False
8646,-0.004876203,-0.0047068982,False
8647,-0.010894664,-0.07586449,False
8648,0.007183455,-0.027450219,False
8649,-0.005081584,-0.005081584,False
8663,0.13855726,-0.23296095,False
8662,-0.1735552,2.8996663,False
8661,0.017168019,-0.005160432,False
8660,-0.6058059,-0.07460976,False
8659,0.036185026,0.5352698,False
8658,0.062892795,0.78682494,False
8632,0.10185075,-0.23712769,False
8657,-0.35010752,-0.2499378,False
8655,0.116616026,0.019222617,False
8654,0.019987091,0.0,False
8653,0.22600782,-0.10439296,False
8652,-0.018783942,-0.018783942,False
8651,-0.22039567,-0.09454125,False
8650,-0.004753763,-0.004753763,False
8656,0.050317876,-0.009731924,False
8631,0.096935466,-0.08709477,False
8630,-0.00990985,-0.00579057,False
8629,-0.1224491,-0.19955052,False
8610,-0.07392345,-0.07964067,False
8609,0.02810812,-0.034516606,False
8608,-0.0048779356,-0.0048779356,False
8607,-0.0034862934,-0.0034862934,False
8606,-0.028783064,-0.051975593,False
8605,-0.082037166,0.062263563,False
8611,-0.17737162,0.026523203,False
8604,-0.040596675,-0.040596675,False
8602,-0.18832032,-0.09842995,False
8601,0.09923926,-0.052528217,False
8600,0.08913811,-0.101768054,False
8599,0.00017193705,-0.022792578,False
8598,0.007311821,-0.6464809,False
8597,-0.3366983,-0.9914193,False
8603,-0.050391983,0.11068623,False
8595,-0.035007432,-0.08136781,False
8612,0.0,0.0,False
8614,-0.42499304,-0.07365137,False
8628,0.024556756,-0.08138521,False
8627,-0.0027955212,-0.0059159026,False
8626,-0.016276352,0.033960655,False
8625,-0.0029522926,-0.0639094,False
8624,0.26944423,0.66995394,False
8623,0.0,0.0,False
8613,-0.2496674,0.19599938,False
8622,-0.084252015,0.14237022,False
8620,-1.0999625,-0.2404573,False
8619,0.030966565,0.5885072,False
8618,-0.35091877,0.18634796,False
8617,0.01975286,-0.09775452,False
8616,-0.087291226,-0.014191285,False
8615,0.13319588,-0.010499179,False
8621,4.189089e-05,0.0027663372,False
8806,-0.11104122,-0.11997157,False
8807,0.0,0.0,False
8808,0.0,0.0,False
8988,0.021139525,0.0021093497,False
8989,0.03615775,-0.02910184,False
8990,-0.015935492,-0.0116797,False
8991,-0.0046622367,-0.0046622367,False
8992,0.020853162,-0.014731571,False
8993,0.08607405,-0.004034411,False
8994,-0.009055227,7.573515e-05,False
8995,-0.024485677,-0.09772435,False
8996,0.0,0.0,False
8997,-0.022566274,-0.09536158,False
8998,-0.2150413,-0.1905797,False
8999,-0.045418292,0.07489109,False
9000,0.11485708,0.063886106,False
9001,-0.031854875,-0.031854875,False
9002,0.0063436627,0.0067481995,False
9003,-0.0015675183,-0.02313622,False
9004,-0.11618188,-0.07853946,False
9018,-0.13149008,0.116683096,False
9017,0.090099454,-0.108558774,False
9016,-0.13037498,-0.02167748,False
9015,-0.0148537755,0.07030231,False
9014,0.013121095,-0.009658858,False
9013,-0.008747366,-0.008724812,False
8987,-0.025279373,-0.05662533,False
9012,-0.33730888,0.00084137917,False
9010,-0.06802445,-0.0946589,False
9009,0.03472673,0.0,False
9008,0.0,0.0,False
9007,-0.041398868,0.050097957,False
9006,-0.05974835,0.06157595,False
9005,0.22987664,-0.096549764,False
9011,0.16309929,-0.1738975,False
8986,0.0,0.0,False
8985,0.047680438,0.014972508,False
8984,0.13096935,0.10872984,False
8965,-0.01752149,-0.01752149,False
8964,0.013830513,-0.030094527,False
8963,0.0,0.0,False
8962,0.019102545,0.0,False
8961,0.22374222,-0.045532674,False
8960,0.0,0.016614331,False
8966,-0.019212846,-0.01915502,False
8959,0.0,0.0,False
8957,0.014015319,-0.0048277224,False
8956,0.036814697,-0.017358694,False
8955,-0.023650073,-0.04909329,False
8954,0.035056964,0.04578589,False
8953,-0.008461173,-0.008461173,False
8952,0.014113851,-0.0334587,False
8958,-0.020395607,-0.020395607,False
9019,-0.34777498,-0.13417321,False
8967,0.011376486,-0.0037567792,False
8969,0.0,0.0,False
8983,-0.12215182,-0.08970648,False
8982,-0.030929271,-0.030929271,False
8981,-0.0023279786,-0.02405421,False
8980,0.080218315,-0.0111281,False
8979,0.04301285,-0.04865922,False
8978,-0.033573873,-0.032276385,False
8968,0.010441758,-0.011869457,False
8977,-0.009183068,-0.008229308,False
8975,0.0,0.0,False
8974,-0.01268046,-0.029169627,False
8973,-0.013819136,-0.0041675204,False
8972,-0.004841125,-0.004841125,False
8971,0.023451999,0.0,False
8970,0.024456669,5.6860208e-05,False
8976,-0.07894406,-0.011894658,False
8951,-0.08719495,0.192473,False
9020,-0.067984164,0.021870881,False
9022,-0.042997118,-0.010905646,False
9059,-0.009076986,-0.003218539,False
9060,-0.17036347,-0.024268031,False
9061,-0.30368596,0.04943353,False
9062,0.09396517,0.2526719,False
9063,0.10612577,-0.010997295,False
9064,-0.086927086,-0.15639213,False
9065,-0.00914301,-0.00914301,False
9066,0.017147997,0.06536894,False
9067,0.11084041,-0.022470545,False
9068,0.010707259,0.0009293854,False
9069,0.0,0.0,False
9070,0.46183658,0.38317585,False
9071,0.03988242,0.023115069,False
9072,0.017823983,-0.004047248,False
9073,-0.003730193,-0.003730193,False
9074,-0.0035024756,-0.0034894515,False
9075,-0.014423137,-0.013129885,False
9090,-0.08485304,-0.107664526,False
9089,0.09800452,-0.019060731,False
9088,-0.0039994186,-0.0017141225,False
9086,-0.044215396,0.06747024,False
9085,0.04051527,-0.003624552,False
9084,-0.0047686566,-0.0047558458,False
9058,0.0,0.0,False
9083,-0.0811954,-0.087059245,False
9081,0.13459072,-0.017358493,False
9080,-0.17202514,0.02540207,False
9079,-0.08850515,0.01865375,False
9078,-0.1850164,-0.13071245,False
9077,0.039052676,-0.004796208,False
9076,0.0024355873,0.0014810935,False
9082,-0.016643241,-0.07743436,False
9057,-0.00087320246,-0.020904187,False
9056,-0.008626789,0.027901724,False
9055,0.04724765,0.06109178,False
9036,0.013407111,-0.1176351,False
9035,0.044966813,-0.020885814,False
9034,-0.065743044,-0.12520269,False
9033,-0.059846044,0.016097426,False
9032,-0.009122938,0.030493706,False
9031,-0.21131131,-0.06957048,False
9037,-0.030895144,-0.08570351,False
9030,-0.028217524,0.024835438,False
9028,0.06472331,-0.06180501,False
9027,-0.2902019,-0.1697076,False
9026,-0.14978683,0.0020759106,False
9025,-0.018746762,-0.018746762,False
9024,-0.40381372,-0.07280922,False
9023,-0.3799672,-0.44518036,False
9029,-0.00470827,-0.00470827,False
9021,-0.08438246,-0.054094605,False
9038,0.0,0.0,False
9040,-0.20257235,-0.08407831,False
9054,0.016821705,-0.012027636,False
9053,0.04569793,-0.011847401,False
9052,-0.04473775,0.061774313,False
9051,-0.34200782,0.006512046,False
9050,0.14997758,0.061771855,False
9049,-0.056471854,0.041024357,False
9039,-0.048831854,-0.048831854,False
9048,0.22666633,0.08232364,False
9046,0.056869924,-0.08899307,False
9045,0.05158198,-0.055198073,False
9044,0.0025958493,-0.066025846,False
9043,-0.014337424,-0.014337424,False
9042,-0.051353157,-0.14468262,False
9041,-0.33785963,-0.26569557,False
9047,0.16015172,-0.38229775,False
8525,-0.009193854,-0.009193854,False
8950,0.042615704,-0.02234842,False
8948,-0.024656042,-0.089691125,False
8846,0.0,0.00058789237,False
8847,-0.0019952562,0.43810776,False
8848,0.0,0.0,False
8849,-0.0073955953,0.6050031,False
8850,0.42482233,0.111255646,False
8851,-0.42951208,-0.224855,False
8852,-0.2718479,-0.24762899,False
8853,0.1427632,-0.11612615,False
8854,0.086617135,-0.004437563,False
8855,0.0,0.0,False
8856,0.0527575,0.19806647,False
8857,0.09006129,-0.0592596,False
8858,0.019861683,-0.07177954,False
8859,-0.020053938,-0.062367987,False
8860,0.04523301,-0.48831904,False
8861,-0.009870684,-0.009870684,False
8862,-0.0016261935,-0.0075968504,False
8876,-0.016162217,-0.012002468,False
8875,-0.057859063,0.11485684,False
8874,-0.13424732,-0.17382616,False
8873,0.0,0.0,False
8872,-0.121320724,-0.18632156,False
8871,-0.1455608,0.23465693,False
8845,-0.0047713914,-0.0047713914,False
8870,-0.018845707,-0.08711159,False
8868,-0.015221564,-0.011460172,False
8867,0.06578627,-0.0025342815,False
8866,0.029382035,-0.02747113,False
8865,0.0072797835,-0.04822149,False
8864,0.053471714,-0.060553633,False
8863,-0.007813662,-0.07009089,False
8869,-0.23692799,0.09223592,False
8844,0.0,0.0,False
8843,-0.27904317,0.29714757,False
8842,0.0,0.0014522998,False
8822,-0.001561027,-0.022208406,False
8821,-0.0054878797,-0.02807666,False
8820,-0.01631969,-0.01631969,False
8819,0.17722932,0.031630516,False
8818,-0.0006682277,-0.17419982,False
8817,0.17953837,0.043981075,False
8823,-0.019632524,-0.019632524,False
8816,-0.0010384843,-0.018820615,False
8814,0.025608152,0.09923282,False
8813,-0.10446912,-0.004205823,False
8812,-0.003976345,0.1369232,False
8811,0.0,0.0,False
8810,-0.08955979,-0.09922564,False
8809,-0.05008748,-0.09773353,False
8815,-0.04155183,-0.04241973,False
8877,0.04733866,-0.05405671,False
8824,-0.015855901,-0.0319876,False
8826,0.13221629,-0.03609609,False
8841,-0.13191116,-0.11230332,False
8840,-0.13019235,-0.10243122,False
8838,-0.005001223,-0.005001223,False
8837,-0.19178027,0.0397588,False
8836,0.18625665,0.81462705,False
8835,0.09158917,-0.12122937,False
8825,-0.6725683,-0.41603172,False
8834,-0.03383287,-0.01577283,False
8832,-0.1523408,0.49955267,False
8831,0.007146716,-0.25221992,False
8830,0.016889231,-0.0054759304,False
8829,0.0,0.0,False
8828,-0.1800007,-0.12498611,False
8827,-0.011178166,0.0078783035,False
8833,0.08495945,-0.04566282,False
8949,0.0,0.0,False
8878,-0.009572964,-0.009441996,False
8880,0.68759394,0.40169716,False
8917,0.09247934,0.0,False
8918,-0.009219203,-0.009219203,False
8919,0.0441705,-0.0015829802,False
8920,-0.13858557,0.10432047,False
8921,-0.046253905,-0.06653464,False
8922,0.14381948,-0.114539,False
8923,0.063956365,-0.105662934,False
8924,-0.09179675,0.035001382,False
8925,-0.08811569,0.010257006,False
8926,-0.055898644,0.03859722,False
8927,0.07293208,-0.10049218,False
8928,-0.091741845,0.12563846,False
8929,-0.04574895,-0.09520483,False
8930,0.22707546,0.2361741,False
8931,0.14565277,0.07191241,False
8932,-0.011998475,0.076610446,False
8933,-0.027744532,0.10533023,False
8947,-0.22855133,-0.048621774,False
8946,-0.2243605,-0.14359565,False
8945,-0.074499756,0.033662632,False
8944,0.03948738,-0.018291257,False
8943,-0.025448516,-0.049092546,False
8942,0.13564357,-0.032663345,False
8916,0.014701849,0.016829068,False
8941,-0.06514296,-0.13231269,False
8939,0.0,0.0,False
8938,-0.18082893,0.09528792,False
8937,0.04498056,0.029704269,False
8936,-0.027869817,-0.027869817,False
8935,-0.0016903952,0.020785473,False
8934,-0.05129975,-0.13307741,False
8940,-0.023725417,-0.022434743,False
8915,-0.0052479254,0.00989794,False
8914,0.0031800568,-0.048958465,False
8913,0.09722376,-0.8817749,False
8894,-0.14860594,-0.0374043,False
8893,0.0045033544,-0.04307084,False
8892,-0.07649639,-0.1680904,False
8891,-0.017604828,-0.44235706,False
8890,-0.12696737,-0.098296106,False
8889,0.024026461,0.0,False
8895,0.31850576,-0.40818334,False
8888,0.23806155,-0.025864422,False
8886,-0.011949658,0.018311366,False
8885,-0.010615414,-0.03424978,False
8884,0.017323498,-0.018526813,False
8883,-0.0049393275,0.032921564,False
8882,-0.1944291,-0.47031587,False
8881,-0.5205057,-0.59372795,False
8887,0.0016496405,0.41636276,False
8879,-0.41129196,-0.34586966,False
8896,-0.03554403,-0.03554403,False
8898,0.0066057444,-0.10962871,False
8912,-0.45000362,-0.18625951,False
8911,0.63496494,-0.61741704,False
8910,-0.10753298,-0.36916566,False
8909,0.044079408,0.012893334,False
8908,-0.113325655,0.085102946,False
8907,-0.064054966,0.0068645924,False
8897,0.04374805,-0.025906354,False
8906,0.016734838,0.26616275,False
8904,-0.49655008,0.004628539,False
8903,0.0,0.0,False
8902,-0.19290802,-0.10565525,False
8901,-0.027698725,0.36797938,False
8900,0.08808295,0.16659668,False
8899,-0.08602753,-0.04117599,False
8905,-0.08447786,-0.0029542446,False
8524,-0.7627373,-1.3516134,False
8523,-1.2456906,-1.7850261,False
8522,0.0,0.0,False
8134,0.0358971,-0.033731237,False
8135,0.013784183,0.009932024,False
8136,-0.050862215,0.036591098,False
8137,0.008174598,0.0022696853,False
8138,0.18981996,0.11722842,False
8139,0.039285384,-0.043189675,False
8140,-0.09068394,-0.9046643,False
8141,-0.025238574,-0.013768002,False
8142,0.16583231,-0.059277266,False
8143,-0.07409805,-0.12947941,False
8144,0.0068598585,-0.0068687927,False
8145,-0.059096344,0.0072391704,False
8146,-0.004918933,-0.004918933,False
8147,0.24270558,-0.775674,False
8149,-0.06820652,-0.04633817,False
8150,-0.06022644,-0.16855702,False
8151,0.0,0.0,False
8166,-0.0255353,-0.016711205,False
8165,0.15587443,0.030822396,False
8164,-0.008428842,-0.12908345,False
8163,-0.014639512,-0.013677573,False
8162,-0.019020855,-0.073245406,False
8161,0.18885455,-0.13734055,False
8133,0.0,0.0,False
8160,0.018690184,-0.070930675,False
8158,-0.07854165,0.08473386,False
8157,-0.03755617,-0.40120888,False
8156,-0.15168038,-0.05277711,False
8154,-0.2848696,-0.054967284,False
8153,-0.3133738,-0.13765979,False
8152,0.0072847176,-0.01560026,False
8159,-0.011607438,0.021442026,False
8132,0.074020624,-0.088725194,False
8131,0.06410724,0.08011094,False
8130,-0.0055106506,-0.012644403,False
8111,0.10660525,0.1782702,False
8110,0.025892666,-0.019398117,False
8109,0.009994417,0.18259147,False
8108,0.1392644,0.19214904,False
8107,0.089869946,-0.00033348054,False
8106,0.014525354,0.018693,False
8112,-0.0007480327,-0.02312294,False
8105,0.0,0.00067892333,False
8103,-0.09295988,0.041915476,False
8102,-0.2893492,-0.042839825,False
8101,0.023890138,0.017136365,False
8100,-0.011252824,-0.023355737,False
8099,-0.1632618,0.08628595,False
8098,0.17927343,-0.01736164,False
8104,0.074546814,-0.59052855,False
8167,0.059495747,0.085942775,False
8113,0.17926762,0.12577057,False
8115,-0.09716523,-0.13748157,False
8129,-0.2979331,-0.43797225,False
8128,0.064864784,-0.036652178,False
8127,0.0068260515,-0.014125978,False
8126,0.040092587,-0.050502658,False
8125,0.06161927,-0.023380328,False
8124,0.0,0.0,False
8114,-0.23026666,0.08423114,False
8123,-0.030902151,-0.04326856,False
8121,-0.01462972,-0.01462972,False
8120,-0.0025805421,-0.05136387,False
8119,0.22711647,0.047035754,False
8118,-0.008511543,-0.629586,False
8117,0.007745713,-0.3410549,False
8116,0.02132368,-1.3297584,False
8122,-0.008942466,-0.008942466,False
8097,-0.0039475113,-0.042017452,False
8168,-0.005111791,-0.005111791,False
8170,-0.3176391,0.079770565,False
8207,0.03671118,-0.009671489,False
8208,-0.0016180277,-0.049510658,False
8209,0.012508288,-0.027685277,False
8210,-0.027764454,-0.067697614,False
8211,-0.024691857,-0.0625645,False
8212,0.023267005,0.031719256,False
8213,-0.3197328,-0.005570054,False
8214,-0.042859092,-0.037194714,False
8215,0.2136296,-0.019784689,False
8216,-0.0024469942,-0.044070177,False
8217,0.047992855,-0.037578464,False
8218,-0.005642526,-0.029720882,False
8219,0.0075970925,-0.014777815,False
8220,0.024322424,0.0,False
8221,0.13611661,-0.011780128,False
8222,0.020702384,-0.0036115283,False
8223,-0.06322232,-0.15479863,False
8237,0.11787152,-0.28530425,False
8236,-0.10039139,-1.1810436,False
8235,-0.36995268,-1.3029838,False
8234,-0.13027859,-0.5325599,False
8233,-0.023281097,-0.28295946,False
8232,-0.09837961,-0.25090504,False
8206,-0.15127817,-0.01644513,False
8231,-0.118133575,-0.05000949,False
8229,-0.015111199,-0.015010587,False
8228,-0.23787254,-0.16664663,False
8227,-0.058602184,-0.10533753,False
8226,-0.0855425,-0.08906701,False
8225,0.06461954,-0.048968762,False
8224,0.024046242,-0.10941881,False
8230,-0.004948866,-0.0040568067,False
8205,0.014641797,0.0052243117,False
8204,-0.2818787,0.5755992,False
8203,-0.01344483,-0.01344483,False
8184,0.0044009443,-0.0126084145,False
8183,0.012273865,-0.0095192185,False
8182,-0.01457952,-0.011867912,False
8181,0.0012883171,-0.0634505,False
8180,-0.003588751,0.035177916,False
8179,-0.01887361,-0.018461013,False
8185,0.08098386,-0.011848822,False
8178,-0.0055518,-0.021598665,False
8176,0.13539651,-0.04452963,False
8175,-0.02908206,0.031973608,False
8174,0.43024552,-0.32493103,False
8173,-0.014176685,-0.014102867,False
8172,-0.3485688,-0.353027,False
8171,-0.52826774,0.12440789,False
8177,-0.11723124,-0.09047571,False
8169,-0.0054884553,-0.07330138,False
8186,-0.059856743,-0.054000884,False
8188,0.10578519,0.013090581,False
8202,-0.018684518,-0.018684518,False
8201,0.017067308,0.0,False
8200,0.004057059,-0.01847329,False
8199,-0.027710369,-0.04955164,False
8198,-0.008350084,-0.007953336,False
8197,0.0106375255,-0.03391553,False
8187,0.12443738,0.10158537,False
8196,0.08721441,-0.032877132,False
8194,-0.008956298,-0.008956298,False
8193,0.040299,0.0043718778,False
8192,0.123690665,-0.021348085,False
8191,-0.02419475,-0.02419475,False
8190,-0.067571476,-0.05180969,False
8189,-0.012849718,-0.05583684,False
8195,0.027498513,0.042444825,False
8238,-0.15267634,-0.48476565,False
8096,-0.033249773,-0.033249773,False
8094,-0.017644987,-0.039125226,False
7992,-0.010276753,-0.010270716,False
7993,0.18722057,-0.06925058,False
7994,-0.0478602,-0.0478602,False
7995,0.19842204,-0.05848977,False
7996,-0.31999874,-0.25859308,False
7997,0.0075646862,-0.014559874,False
7998,0.04561296,0.03632149,False
7999,0.008144515,-0.00852165,False
8000,0.10095191,0.00806953,False
8001,0.011914613,0.08588707,False
8002,0.053886563,-0.044318438,False
8003,0.068205476,0.16013348,False
8004,-0.19007295,0.10035321,False
8005,0.003448069,0.023920394,False
8006,0.08062559,-0.05203688,False
8007,0.039106995,0.0153953135,False
8008,-0.33935022,-0.24920607,False
8022,-0.16982251,0.08625078,False
8021,-0.014727449,-0.014727449,False
8020,-0.037290484,0.0022093654,False
8019,-0.054213226,-0.22783771,False
8018,-0.0056224912,-0.07432309,False
8017,-0.009772157,-0.009772157,False
7991,-0.21523476,-0.056386232,False
8016,-0.02277115,-0.02277115,False
8014,0.018150765,0.044487968,False
8013,-0.025335616,-0.016451743,False
8012,0.008935876,-0.014532268,False
8011,0.47745928,0.14907175,False
8010,0.3175279,0.20123708,False
8009,-0.009865165,-0.03194809,False
8015,-0.39268667,-0.23617983,False
7990,0.022715881,0.00029470248,False
7989,0.011330366,0.100090146,False
7988,0.05165425,-0.09086676,False
7969,-0.024721235,-0.02071357,False
7968,0.06598994,0.005699247,False
7967,0.078973785,0.0365752,False
7966,-0.04689601,0.025885671,False
7965,0.17511687,0.24366847,False
7964,-0.42664456,-0.17985845,False
7970,-0.22971511,0.047141433,False
7963,-0.007475704,-0.08557652,False
7961,-0.014298749,-0.013989358,False
7960,-0.030358445,-0.0541153,False
7959,0.39074194,-0.1641283,False
7958,-0.024322048,0.043974265,False
7957,0.017453203,-0.0051122904,False
7956,-0.0051789074,-0.0051789074,False
7962,0.076457016,-0.030665044,False
8023,-0.225276,-0.0689708,False
7971,-0.02986528,0.028811835,False
7973,0.13923919,-0.22717127,False
7987,-0.2225529,0.101453304,False
7986,-0.19268596,0.058897853,False
7985,0.017349727,-0.024605555,False
7984,0.070228696,0.39026606,False
7983,-0.0046894792,-0.0033991286,False
7982,0.06384324,0.007629201,False
7972,-0.10530898,-0.19433002,False
7981,0.12065162,-0.06254592,False
7979,-0.032662414,0.17406267,False
7978,0.032940276,0.00992129,False
7977,-0.04732334,0.007450387,False
7976,-0.06192138,-0.056030326,False
7975,-0.03779481,-0.03779481,False
7974,-0.4057138,-0.22431135,False
7980,-0.033528596,0.23507147,False
8095,-0.17341998,-0.10071427,False
8024,0.0032982826,-0.0073661506,False
8026,0.03612657,-0.087118976,False
8063,-0.0074234707,-0.0073561855,False
8064,-0.07731813,-0.32370353,False
8065,-0.10669364,-0.0010988861,False
8066,0.21065402,-0.02843365,False
8067,-0.03332922,-0.03214249,False
8068,-0.10935488,-0.054778308,False
8069,-0.07442814,0.047796905,False
8070,-0.53318787,-0.34124768,False
8071,-0.34926498,-0.3099413,False
8072,-0.2382347,0.08689189,False
8073,-0.039300203,-0.21738887,False
8074,-0.013179123,0.11251795,False
8075,0.012247037,-0.03418809,False
8076,-0.1768201,-0.06441602,False
8077,-0.06582071,-0.058300942,False
8078,-0.15337127,-0.19549805,False
8079,0.0020846184,-0.01492474,False
8093,0.039865732,-0.055215843,False
8092,-0.045700908,-0.2369371,False
8091,-0.04874304,0.2690908,False
8090,0.283067,0.19022834,False
8089,-0.0018268526,-0.10530573,False
8088,0.0,0.0,False
8062,0.09779447,0.0381701,False
8087,-0.09598613,-0.10759446,False
8085,-0.010062605,0.00068915635,False
8084,-0.014686381,-0.014686381,False
8083,-0.04723259,0.04526802,False
8082,-0.13252056,-0.20824274,False
8081,0.005156487,-0.11902806,False
8080,-0.33196747,-0.07580906,False
8086,-0.15950078,-0.08999717,False
8061,-0.032289676,-0.029698018,False
8060,0.07180831,-0.13428682,False
8059,-0.25624883,0.08096528,False
8040,0.018590307,-0.0046827206,False
8039,0.01742889,-0.005136603,False
8038,0.1386661,-0.08771461,False
8037,0.15198016,0.08324385,False
8036,0.006581003,-0.014955346,False
8035,0.0,0.0,False
8041,-0.08623004,-0.05504796,False
8034,0.017096262,-0.0050837602,False
8032,-0.015477121,-0.02701116,False
8031,0.0,0.0,False
8030,-0.01802677,-0.14755253,False
8029,0.015022278,-0.120682165,False
8028,-0.06438199,-0.07118949,False
8027,0.010919876,0.060970075,False
8033,-0.40557444,-0.13657081,False
8025,0.038845837,0.1681908,False
8042,0.015000403,0.06600353,False
8044,-0.2765399,-0.14450186,False
8058,-0.26276645,1.0481192,False
8057,-0.018749699,-0.018749699,False
8056,-0.18431932,-0.06176102,False
8055,-0.007296983,-0.029012619,False
8054,0.008054471,-0.014731929,False
8053,-0.58621883,-0.16300607,False
8043,0.0,0.0,False
8052,0.207739,-0.24368538,False
8050,0.0731208,-0.077789485,False
8049,-0.0012249034,-0.024198122,False
8048,-0.11713135,-0.07060841,False
8047,0.08361012,0.029975116,False
8046,-0.02159983,-0.0289796,False
8045,-0.07394536,0.06825511,False
8051,-0.017357249,-0.017357249,False
7954,0.19884962,-0.21177208,False
8239,-0.353127,-1.2684402,False
8241,-0.016922504,-0.061780438,False
8420,-0.10228683,-0.23841682,False
8421,0.10036662,0.19778633,False
8422,-0.036385268,-0.048267163,False
8423,0.011339162,-0.02508086,False
8424,-0.009997718,-0.009997718,False
8425,-0.32834673,-0.5297893,False
8426,0.002288076,-0.0024239616,False
8427,-0.5637752,-0.41493475,False
8428,0.008545771,-0.03836406,False
8429,0.016248666,-0.0044077365,False
8430,-0.78769016,-0.14676857,False
8431,-0.37369967,-0.25596452,False
8432,-0.1320594,0.10346043,False
8433,-0.19283354,-0.24770737,False
8434,0.05948411,0.052319124,False
8435,0.016767085,-0.056620553,False
8436,-0.73773897,-0.4526925,False
8450,-0.063601315,-0.1170713,False
8449,0.0,0.0,False
8448,0.011069812,-0.0093847625,False
8447,0.0,0.0,False
8446,-0.015141599,-0.059916403,False
8445,0.0,0.0,False
8419,-0.06533938,-0.05423012,False
8444,-0.004471599,-0.004471599,False
8442,-0.22639608,0.09494114,False
8441,-0.18077177,-0.2754056,False
8440,0.036515623,-0.004595356,False
8439,0.0,0.0,False
8438,0.0,0.0,False
8437,-0.73732114,-0.7246103,False
8443,-0.1029681,-0.044056654,False
8418,0.28030366,-0.11945252,False
8417,0.018486563,0.12874727,False
8416,-0.032899424,-0.032899424,False
8397,-0.02328417,-0.02328417,False
8396,0.0038774014,-0.149795,False
8395,0.0,0.0,False
8394,-0.06610044,-0.040363852,False
8393,0.01594026,0.0,False
8392,-0.1250661,-0.30116126,False
8398,-0.22783136,-0.1388048,False
8391,0.5590744,0.02883172,False
8389,-0.051737502,0.07744245,False
8388,-0.04093097,-0.0471546,False
8387,0.0038040578,-0.034710184,False
8386,0.021420658,-0.24249536,False
8385,-0.022577703,0.010711312,False
8384,-0.51767683,-0.23248374,False
8390,-0.05573845,-0.33837008,False
8451,-0.029487878,-0.025110766,False
8399,-0.100081906,-0.036612354,False
8401,-0.03321557,-0.028473113,False
8415,-0.6746409,-0.3977611,False
8414,-0.01012684,-0.033400863,False
8413,-0.004025647,-0.0040216264,False
8412,-0.88394403,-0.79185915,False
8411,-0.004910103,-0.004910103,False
8410,-0.11469364,-0.25283957,False
8400,-0.14896277,-0.15007368,False
8409,0.12161374,-0.97493684,False
8407,-0.004718219,-0.004718219,False
8406,0.0,0.0,False
8405,0.05635953,-0.017376661,False
8404,0.09766358,0.07289931,False
8403,0.14672208,-0.011160314,False
8402,0.072458625,0.08613029,False
8408,-0.042863812,-0.023854326,False
8383,0.00753624,0.046476617,False
8452,-0.35199448,-0.08107877,False
8454,-0.009120033,-0.009120033,False
8491,-0.2312007,-0.26324588,False
8492,-0.13665402,-0.09563112,False
8493,-1.1921766,-0.50705576,False
8494,-0.10209736,0.028378934,False
8495,-0.027530909,-0.3384332,False
8496,-0.0047233966,-0.0047233966,False
8497,-0.15969789,0.13706124,False
8498,0.034262635,-0.009034984,False
8499,-0.9156277,-0.5240178,False
8500,-0.021745853,-0.06289018,False
8501,0.05134525,-0.009797864,False
8502,-0.13399446,-0.02786851,False
8503,-0.19846559,-0.3822801,False
8504,-0.03656169,0.024198461,False
8505,0.050255314,0.05284244,False
8506,-0.029351681,0.0653052,False
8507,-0.33091068,-1.1003728,False
8521,-0.52826667,-1.2265546,False
8520,-0.15743399,-0.56077313,False
8519,-0.47539783,-2.265669,False
8518,-0.07299137,-1.8901975,False
8517,-0.13778758,-1.674678,False
8516,-0.2305144,-0.78238606,False
8490,-0.21775728,-0.2337116,False
8515,-0.900692,-1.9789548,False
8513,-0.29371476,-1.1060404,False
8512,-0.9211081,-1.6718645,False
8511,-0.37945926,-0.39929098,False
8510,-0.11412096,-0.057000756,False
8509,-0.010931417,-0.11871462,False
8508,-0.10279629,-0.11224696,False
8514,-1.1578779,-2.974378,False
8489,-0.4236321,-0.16718793,False
8488,0.018880023,-0.021537216,False
8487,-0.27878085,-0.22387135,False
8468,-0.0694415,-0.043602392,False
8467,0.15522844,0.21258622,False
8466,-0.17585585,-0.2919867,False
8465,0.0010083914,-0.19581354,False
8464,-0.060887463,0.020275697,False
8463,-0.09406756,-0.09508847,False
8469,-0.20602363,0.0069295764,False
8462,0.003436491,-0.008963848,False
8460,-0.008403413,-0.008297364,False
8459,0.048789635,0.061972305,False
8458,-0.008950547,-0.0086846445,False
8457,-0.02920517,-0.040242225,False
8456,-0.41268778,-0.679523,False
8455,0.076634586,0.07198453,False
8461,-0.038146377,0.08919358,False
8453,0.12764224,-0.08599046,False
8470,-0.02027155,0.06870392,False
8472,-0.03823951,-0.11342232,False
8486,-0.049206287,-0.03990549,False
8485,0.75718737,-0.19208527,False
8484,-0.06008196,0.01123853,False
8483,-0.0048385393,-0.0048385393,False
8482,-0.0073495507,-0.10930595,False
8481,-0.01434915,0.06100039,False
8471,0.09026265,-0.09669006,False
8480,-0.0043089837,0.11210421,False
8478,-0.04288119,-0.04686439,False
8477,0.04028833,0.03658122,False
8476,0.0,0.0,False
8475,-0.009432452,-0.009432452,False
8474,-0.19362044,0.14454317,False
8473,0.08720338,0.305207,False
8479,-0.056248903,0.09431082,False
8240,-0.20306778,-0.9937568,False
8382,-0.022050995,0.10900974,False
8380,-0.13625306,-0.269732,False
8278,0.02009628,0.012508884,False
8279,-0.019485723,-0.019485723,False
8280,0.004916262,-0.032810457,False
8281,-0.024569653,-0.017943993,False
8282,-0.0047720764,-0.0047720764,False
8283,-0.0014261864,0.074872136,False
8284,0.3385414,0.45490813,False
8285,0.0,0.0,False
8286,-0.0043655983,-0.003840673,False
8287,0.028463308,-0.011931021,False
8288,0.025473084,-0.014212627,False
8289,-0.035574257,-0.2052429,False
8290,-0.10711877,-0.115550265,False
8291,-0.49851573,-0.26877138,False
8292,-0.7181454,-0.718668,False
8293,0.0072352886,-0.014596101,False
8294,-0.011561366,-0.034799166,False
8308,-0.0050458326,-0.0050458326,False
8307,-0.0035024756,-0.0035024756,False
8306,-0.07020348,0.1261065,False
8305,0.04393463,-0.06675241,False
8304,-0.054054126,-0.058453,False
8303,-0.10265076,0.07473433,False
8277,0.06451705,-0.12438732,False
8302,-0.21450278,-0.04761198,False
8300,-0.037577495,-0.069905356,False
8299,-0.018953517,-0.051981747,False
8298,-0.19668412,-0.503335,False
8297,-0.03318502,-0.03318502,False
8296,-0.018344864,-0.018344864,False
8295,-0.6932602,-0.25301504,False
8301,0.00404606,-0.03605783,False
8276,0.0137875695,-0.009452416,False
8275,0.02121214,-0.0045988807,False
8274,0.0124204885,-0.008235913,False
8255,-0.030755587,-0.09944965,False
8254,-0.08896756,-0.07348647,False
8253,-0.026706511,-0.04830255,False
8252,-0.08092268,-0.016032755,False
8251,-0.54397416,-0.8893113,False
8250,-0.28182745,-0.47806168,False
8256,-0.004872557,-0.004872557,False
8249,-0.9844074,-1.1130302,False
8247,-0.30511093,-1.4220495,False
8246,-0.19671059,-1.189085,False
8245,-0.09034821,-0.1361595,False
8244,-0.46638107,-1.4952488,False
8243,-0.5992625,-0.98299384,False
8242,-0.60530186,-1.6373749,False
8248,-0.58029914,-0.92595744,False
8309,0.006274879,0.0075261034,False
8257,-0.060513586,-0.057712927,False
8259,0.0,0.0,False
8273,0.03308456,-0.0144239105,False
8272,-0.0051155444,-0.0051155444,False
8271,0.17053509,-0.3542137,False
8270,0.0063266754,-0.036867492,False
8269,-0.18355149,-0.29424644,False
8268,-0.11512482,-0.0672757,False
8258,0.085560486,0.039523013,False
8267,-0.122380525,0.05325821,False
8265,-0.0690803,-0.042820364,False
8264,0.03534603,0.043502986,False
8263,0.0,0.0,False
8262,-0.0044012666,-0.15819621,False
8261,-0.08620374,-0.14197247,False
8260,0.13634732,0.11783573,False
8266,-0.048986435,-0.06615347,False
8381,0.0,0.0015742867,False
8310,0.20544553,-0.14134812,False
8312,0.040972523,0.01945261,False
8349,-0.0054696,-0.0054696,False
8350,-0.0139397085,0.083377406,False
8351,0.0,0.0,False
8352,-0.0134342965,-0.0134342965,False
8353,-0.023921322,0.12439987,False
8354,0.014160901,0.25011444,False
8355,-0.013938617,-0.0069438796,False
8356,-0.04158462,0.012269795,False
8357,0.018438524,0.009785987,False
8358,-0.022701211,-0.041997846,False
8359,0.05603218,0.2541628,False
8360,0.27516025,0.017445087,False
8361,0.008536298,0.042915758,False
8362,0.013470292,-0.12190986,False
8363,0.027765924,0.48834443,False
8364,-0.25459594,-0.10474366,False
8365,-0.021398008,0.13932121,False
8379,-0.03400591,-0.053475827,False
8378,0.044116266,0.015874334,False
8377,0.28756732,-0.094429225,False
8376,-0.0051122904,-0.0051122904,False
8375,-0.0049595614,0.08453603,False
8374,-0.005004987,-0.004757454,False
8348,-0.09280382,-0.29893148,False
8373,0.01963767,-0.018912908,False
8371,0.0,0.0,False
8370,0.0335852,-0.03417839,False
8369,-0.089865714,-0.0099641085,False
8368,-0.20887136,-0.08690283,False
8367,0.102068245,-0.0070911646,False
8366,-0.21560729,-0.11657655,False
8372,-0.168971,-0.14398113,False
8347,-0.14588428,-0.010640025,False
8346,0.16086763,-0.082849264,False
8345,0.037651435,-0.13287188,False
8326,-0.09379721,-0.43893528,False
8325,-0.14783263,-0.3212583,False
8324,-0.023341686,-0.023270596,False
8323,-0.33181334,-0.14381003,False
8322,-0.34863853,0.08788359,False
8321,-0.0010830238,-0.07006625,False
8327,-0.51243854,-0.42361498,False
8320,0.0,0.0,False
8318,-0.36632323,-0.5759206,False
8317,-0.12351179,-0.52616787,False
8316,0.011964463,-0.009761769,False
8315,-0.19912687,-0.15857655,False
8314,0.010723367,-0.026021454,False
8313,0.021117242,6.0457405e-06,False
8319,0.07343507,-0.018246904,False
8311,-0.00017166138,-0.21963453,False
8328,0.023009777,0.0798254,False
8330,0.12559605,0.23546028,False
8344,0.0425303,0.0013400465,False
8343,-0.034673534,-0.027374245,False
8342,0.22145396,0.053241774,False
8341,-0.030988764,0.012417644,False
8340,0.04513353,0.015624464,False
8339,-0.14720333,-0.009545803,False
8329,-0.18142772,-0.36136496,False
8338,-0.5179007,-0.30470443,False
8336,-0.6087227,-0.20932817,False
8335,-0.0045929668,-0.0045929668,False
8334,-0.21161866,0.009702444,False
8333,-0.099415354,0.06670706,False
8332,-0.34319782,-0.15165114,False
8331,-0.36473942,-0.26791382,False
8337,0.0,0.0,False
6814,0.046920568,-0.15843406,False
6827,0.12145426,0.0383605,False
6812,0.081173986,0.05397202,False
5309,-0.1335845,-0.04004404,False
5310,-0.018461317,-0.023810357,False
5311,0.008734932,-0.01428779,False
5312,0.0,0.0,False
5313,0.0,0.0,False
5314,0.050693057,-0.07492108,False
5315,-0.36868143,-0.840467,False
5316,0.33614564,-0.4917779,False
5317,-0.05639632,-0.054102257,False
5318,0.0,6.457313e-05,False
5319,-0.027912717,-0.013840681,False
5320,-0.0198159,-0.0198159,False
5321,-0.013271902,-0.037558235,False
5322,-0.0047386168,-0.0047262167,False
5323,0.06386677,-0.023211408,False
5324,-0.20439655,-0.485569,False
5325,0.055530146,-0.058882672,False
5339,0.08798671,0.28619802,False
5338,0.016616464,0.058852077,False
5337,-0.10937004,-0.046581775,False
5336,0.76285076,0.6018412,False
5335,0.023988545,0.0046436787,False
5334,-0.0043838597,-0.0043838597,False
5308,0.0,0.0,False
5333,-0.012180578,-0.032091137,False
5331,-0.30146134,-0.12865102,False
5330,-0.042208254,-0.042052556,False
5329,0.06916767,-0.13988566,False
5328,0.035562262,-0.0755705,False
5327,0.009565683,-0.007693605,False
5326,-0.76672745,-0.7890711,False
5332,-0.167945,0.055175662,False
5307,0.0,0.011443176,False
5306,-0.012258407,0.03676032,False
5305,0.07611549,-0.02726883,False
5286,-0.22499263,-0.17815071,False
5285,-0.3774646,-0.35584134,False
5284,-0.00021641701,0.08369576,False
5283,0.0,0.0,False
5282,0.021686316,0.36309737,False
5281,-0.03964156,-0.014851797,False
5287,0.09867135,-0.07566002,False
5280,0.08545339,0.017933547,False
5278,-0.0048641684,-0.0048081935,False
5277,-0.052675843,0.007871985,False
5276,0.141655,-0.12666902,False
5275,0.016273122,0.26649773,False
5274,-0.070218384,0.011846721,False
5273,-0.014082944,-0.013505582,False
5279,0.055461697,-0.009474829,False
5340,-0.11840431,-0.091208786,False
5288,-0.054480374,-0.050085515,False
5290,-0.0051708734,-0.0051708734,False
5304,0.042499688,-0.0450555,False
5303,0.026730299,0.42646754,False
5302,-0.00048685446,-0.020448927,False
5301,0.04214831,0.0,False
5300,-0.013540678,-0.0500964,False
5299,0.035627738,-0.009681183,False
5289,0.06797853,0.07539314,False
5298,0.11723009,-0.008692682,False
5296,0.019808818,-0.0067589646,False
5295,-0.029138044,-0.052776095,False
5294,-0.13947523,-0.089579016,False
5293,0.0065035783,-0.017805658,False
5292,0.124392465,-0.019797191,False
5291,-0.16266868,-0.011360198,False
5297,-0.1554682,-0.11316599,False
5272,-0.026005715,0.018702686,False
5341,0.049033314,-0.10741958,False
5343,0.039158553,0.100801535,False
5381,-0.0032373075,-0.0032373075,False
5382,0.13940573,0.30434966,False
5383,0.31877136,0.17281467,False
5384,-0.025578097,-0.038210932,False
5385,-0.06581521,-0.2294249,False
5386,-0.02205491,-0.04293281,False
5387,-0.014006907,-0.014006907,False
5388,0.0353717,0.08172058,False
5389,-0.09813261,-0.021354198,False
5390,-0.23904836,-0.35619187,False
5391,-0.014166176,0.029172987,False
5392,0.16973543,-0.046747327,False
5393,-0.009519579,-0.009519579,False
5394,-0.01813376,-0.0060323477,False
5395,0.021373965,-0.018390179,False
5396,0.04821551,-0.048009098,False
5397,0.018115278,0.0059729116,False
5411,-0.0628916,-0.020493388,False
5410,-0.18863666,-0.08919692,False
5409,0.06940466,-0.04737723,False
5408,-0.16535842,0.08029783,False
5407,-0.09839025,0.075470954,False
5406,-0.13193172,-0.13130447,False
5380,0.044249207,0.4421893,False
5405,-0.11352849,-0.086034775,False
5403,0.04574456,0.07392629,False
5402,-0.047702447,-0.086051926,False
5401,0.3508609,-0.22061765,False
5400,-0.34051013,-0.3082018,False
5399,0.033950448,0.004250015,False
5398,-0.16808425,-0.07354328,False
5404,-0.025298245,-0.012705497,False
5379,-0.044119895,-0.06836158,False
5378,0.0752731,-0.73215765,False
5377,0.17660928,-0.009739399,False
5358,0.022099495,0.011489108,False
5357,0.011692375,0.06363687,False
5356,-0.0019172654,-0.01218269,False
5355,0.06373143,0.007881701,False
5354,-0.059272468,-0.026805699,False
5353,0.031818092,-0.15249938,False
5359,-0.58988285,-0.3723035,False
5352,-0.32340813,-0.008307815,False
5350,-0.04668878,0.06713283,False
5349,-0.042773783,0.025693893,False
5348,-0.013985634,-0.32221293,False
5346,0.022594035,0.00043061376,False
5345,-0.07104733,-0.06817114,False
5344,-0.0989663,0.096770346,False
5351,-0.025154173,0.050891668,False
5342,-0.009372596,0.0042296005,False
5360,-0.16266823,0.28539747,False
5362,0.0,0.0,False
5376,-0.0033709388,-0.008970207,False
5375,-0.03483224,0.10195297,False
5374,0.00087124854,-0.0072786137,False
5373,-0.32113832,-0.022902727,False
5372,-0.24895203,-1.0189337,False
5371,-0.00378165,-0.00378165,False
5361,-0.6301842,-0.29251873,False
5370,-0.01919955,-0.08897638,False
5368,-0.17727572,-0.071031585,False
5367,-0.10953671,0.041373402,False
5366,-0.04438433,-0.022853956,False
5365,-0.0793674,0.105374634,False
5364,-0.016730594,-0.016612863,False
5363,0.0,0.0,False
5369,-0.044819593,0.15647222,False
5412,0.1060344,0.18997312,False
5271,-0.20717596,-0.0659067,False
5269,-0.25326023,-0.06778467,False
5167,0.0039578974,-0.020082297,False
5168,-0.020680223,0.004343018,False
5169,-0.21516728,-0.17354777,False
5170,0.14371562,-0.08093476,False
5171,0.20479432,-0.09751043,False
5172,0.034130394,-0.03925596,False
5173,0.0,0.0,False
5174,-0.020385217,-0.020385217,False
5175,-0.043112904,-0.053161904,False
5176,-0.016561985,-0.06926846,False
5177,0.024781153,-0.018299287,False
5178,0.040816963,-0.04788968,False
5179,-0.32166338,-0.25767934,False
5180,-0.7361126,-0.5670035,False
5181,-0.36425304,-0.36829996,False
5182,-0.21870852,-0.21278518,False
5183,-0.010634199,-0.16253446,False
5197,0.0023924354,-0.013913213,False
5196,0.022601878,0.0,False
5195,-0.23301327,-0.6498691,False
5194,0.015039325,0.020290136,False
5193,0.19367617,-0.35471034,False
5192,0.1914407,0.20362312,False
5166,-0.13496971,0.08633995,False
5191,-0.20062828,-0.13909519,False
5189,0.0060796738,-0.10400367,False
5188,-0.0031601489,-0.07150257,False
5187,-0.24646735,-0.086547375,False
5186,-0.051827908,-0.095957756,False
5185,0.06252823,0.0450454,False
5184,-0.03803301,0.05214888,False
5190,-0.14277476,0.2864206,False
5165,-0.0020379424,0.09958121,False
5164,0.007690355,-0.075894766,False
5163,-0.3995161,-0.117996216,False
5144,-0.09626627,-0.19907993,False
5143,0.08816528,0.018594265,False
5142,0.026812613,-0.002193409,False
5141,-0.0038798898,0.11242333,False
5140,-0.017993994,0.0023483485,False
5139,-0.009315696,-0.009315696,False
5145,-0.015740898,-0.015740898,False
5138,-0.09367886,-0.15186875,False
5136,0.024353743,-0.2391358,False
5135,-0.15817636,-0.14517152,False
5134,-0.05396372,-0.010701962,False
5133,-0.032105558,-0.028122906,False
5132,0.12103084,0.1513319,False
5131,-0.014338581,-0.014338581,False
5137,-0.1522671,-0.08247277,False
5198,-0.10417876,-2.4706125e-05,False
5146,0.019159563,-0.055233262,False
5148,-0.3555968,-0.020292044,False
5162,-0.00814111,-0.00814111,False
5161,-0.13907087,0.1976521,False
5160,-0.100800104,-0.11971539,False
5159,-0.009434646,-0.009381088,False
5158,0.0,0.02268593,False
5157,-0.3139016,0.025959373,False
5147,-0.14411679,-0.17938182,False
5156,0.028092165,-0.013510328,False
5154,-0.039772842,-0.039713435,False
5153,-0.0032947345,-0.0032947345,False
5152,0.047840126,0.0008957684,False
5151,-0.057044327,-0.19617912,False
5150,-0.025835335,0.11143571,False
5149,-0.018674407,-0.018674407,False
5155,0.0,0.0,False
5270,-0.3230384,-0.35080922,False
5199,0.033398837,-0.19789773,False
5201,-0.034129374,-0.028254077,False
5238,0.030139018,-0.053325083,False
5239,-0.0036089122,0.06160912,False
5240,-0.06350577,-0.5381037,False
5241,-0.0047054025,-0.0014540567,False
5242,0.034139,0.043868236,False
5243,0.18931991,-0.05017118,False
5244,0.108751625,0.030956805,False
5245,-0.026938692,-0.023926994,False
5246,-0.103034526,-0.10621461,False
5247,0.008111604,-0.05106026,False
5248,-0.1948916,-0.1092996,False
5249,-0.13073212,-0.14638954,False
5250,0.034991518,0.02500604,False
5251,-0.077017546,-0.10711217,False
5252,0.12589246,-0.2353921,False
5253,0.23644602,-0.21482038,False
5254,-0.44680285,-0.3904147,False
5268,0.043601513,0.07259798,False
5267,-0.17120051,-0.3482771,False
5266,0.10238792,0.0013298392,False
5265,-0.055198,0.011847518,False
5264,0.002059698,-0.0265342,False
5263,-0.33543277,-0.35631418,False
5237,0.011821107,-0.010297614,False
5262,0.051493585,-0.0136468485,False
5260,-0.11220707,-0.024384826,False
5259,0.05061376,-0.071746126,False
5258,-0.08064389,-0.051898718,False
5257,-0.019664977,-0.019664977,False
5256,-0.21456522,-0.08356941,False
5255,0.22756495,0.15175124,False
5261,-0.00027941167,-0.02583553,False
5236,-0.054751635,-0.19603422,False
5235,-0.009418638,-0.009389503,False
5234,0.013680892,-0.029093223,False
5215,-0.8521997,-0.42329276,False
5214,0.28710032,0.023952305,False
5213,0.064362824,0.03142768,False
5212,-0.08377075,-0.17007953,False
5211,-0.01630956,-0.080453634,False
5210,0.037108496,-0.08038715,False
5216,-0.18796778,-0.170107,False
5209,-0.01821075,-0.06174357,False
5207,-0.06983538,-0.056767534,False
5206,-0.026180372,-0.026180372,False
5205,-0.079925835,0.0482682,False
5204,0.020215511,0.0033373237,False
5203,0.025475591,-0.021873444,False
5202,-0.31730327,-0.4697115,False
5208,-0.054368988,-0.010380879,False
5200,-0.11376342,-0.08390576,False
5217,-0.28746122,-0.13228655,False
5219,-0.0134830475,-0.044297695,False
5233,-0.01484314,-0.01484314,False
5232,0.0,0.037793882,False
5231,-0.23103923,-0.24137342,False
5230,1.0107752,-0.37182903,False
5229,0.02039966,-0.12593633,False
5228,-0.017832302,0.0023794752,False
5218,0.02548045,-0.14242736,False
5227,-0.011146456,0.02360195,False
5225,0.016576204,-0.0043271505,False
5224,0.0,0.0,False
5223,-0.126724,0.00831598,False
5222,0.031524003,-0.10884115,False
5221,-0.38088834,-0.7503655,False
5220,0.012133392,-0.009227557,False
5226,-0.5157478,-0.18250084,False
5413,0.08688462,-0.11466539,False
5414,-0.17153612,-0.12433326,False
5415,0.063758224,-0.21289694,False
5595,-0.0048289993,-0.0048289993,False
5596,0.0,0.0,False
5597,-0.0030790418,-0.06278192,False
5598,0.0,0.0,False
5599,0.029375523,-0.03623961,False
5600,-0.014615316,-0.037705787,False
5601,-0.033528447,-0.037553057,False
5602,-0.12085334,-0.057736814,False
5603,-0.04768725,-0.040165212,False
5604,0.0013147816,-0.02143301,False
5605,-0.11339867,0.18492961,False
5606,-0.17524993,0.05768031,False
5607,0.21908867,0.12984383,False
5608,-0.00963372,-0.158514,False
5609,0.12366575,0.18109459,False
5610,-0.010294862,-0.07620124,False
5611,0.058370873,0.00020330155,False
5625,-0.06369877,0.07681286,False
5624,-0.02365455,-0.114572085,False
5623,-0.011345681,-0.031954154,False
5622,-0.08884233,0.35592026,False
5621,-0.06410161,-0.013974875,False
5620,-0.013842754,-0.013842754,False
5594,0.04864724,-0.02193617,False
5619,-0.2682835,0.39146197,False
5617,-0.03987047,-0.038527444,False
5616,-0.028972194,-0.0845054,False
5615,0.36696935,-0.0009973049,False
5614,0.13497496,-0.09165704,False
5613,0.068792254,0.008918375,False
5612,-0.07101852,0.12594712,False
5618,-0.2747624,-0.35774785,False
5593,0.016736502,-0.005191641,False
5592,0.012586946,-0.009943403,False
5591,-0.007902237,-0.007902237,False
5572,0.096802026,0.15142724,False
5571,0.056144267,0.0016417056,False
5570,-0.013079196,0.064854145,False
5569,0.0,0.0,False
5568,0.03026259,0.0072130226,False
5567,-0.008722653,-0.00772132,False
5573,-0.0049171196,-0.0049171196,False
5566,-0.36049134,-0.49724105,False
5564,-0.0013319552,0.05290193,False
5563,0.25756502,0.13599598,False
5562,-0.050301947,-0.03513602,False
5561,0.0,0.0,False
5560,0.0009441227,-0.04602158,False
5559,0.15093793,-0.0908227,False
5565,-0.37041104,-0.34979093,False
5626,-0.0051033394,-0.0051033394,False
5574,-0.031646743,-0.004052907,False
5576,-0.28774425,-0.18030146,False
5590,-0.06123984,-0.0595618,False
5589,-0.021171808,-0.06893854,False
5588,-0.06577209,-0.08927016,False
5587,0.044262532,0.0,False
5586,0.12710571,-0.023565471,False
5585,-0.013808643,0.035747997,False
5575,-0.24135768,-0.1495359,False
5584,0.073773906,0.08334145,False
5582,-0.004547674,-0.004547674,False
5581,-0.004789372,-0.004789372,False
5580,0.10298185,-0.009007316,False
5579,0.0019476414,0.057755083,False
5578,-0.25442898,-0.1385653,False
5577,-0.08682573,-0.22250333,False
5583,-0.14144826,0.015282229,False
5558,0.015157934,-0.02600564,False
5627,-0.043684155,0.08005336,False
5629,0.169155,-0.055624127,False
5666,0.3948033,0.23359787,False
5667,0.13521993,-0.10853982,False
5668,-0.60972035,-0.15736961,False
5669,-0.09904456,-0.113119274,False
5670,0.0,0.0,False
5671,0.036140442,-0.049503922,False
5672,-0.06473845,-0.000287354,False
5673,0.0085579455,0.026575387,False
5674,-0.07386905,0.0278233,False
5675,0.19639343,-0.2502632,False
5676,0.34065747,-0.14863718,False
5677,-0.3328569,-0.18636787,False
5678,-0.005245626,-0.11543673,False
5679,-0.0060298555,-0.028993858,False
5680,-0.29479313,-0.3693409,False
5681,-0.01597106,-0.028939102,False
5682,0.0986983,0.00735493,False
5696,-0.019590566,-0.019590566,False
5695,-0.106625885,-0.0073493123,False
5694,-0.044329166,-0.10975534,False
5693,-0.0056291223,0.060627252,False
5692,0.077355534,0.060610324,False
5691,0.023096323,0.23712301,False
5665,0.008278733,0.02517686,False
5690,0.06562002,0.01577275,False
6813,-0.39483774,-0.23862183,False
5687,-0.0945012,0.07592207,False
5686,-0.005172182,-0.029251877,False
5685,-0.10250558,-0.005865276,False
5684,-0.018165577,-0.06443154,False
5683,0.24009223,-0.023365423,False
5689,0.010770239,0.34431523,False
5664,0.085491836,-0.036082536,False
5663,0.033783805,-0.01743678,False
5662,-0.019259846,-0.019259846,False
5643,0.07778795,0.027751591,False
5642,-0.0045168516,-0.0045168516,False
5641,-0.028046906,0.2198199,False
5640,-0.104159474,-0.043156087,False
5639,0.06337468,0.008679271,False
5638,0.1638121,0.12503844,False
5644,-0.029200047,0.00780043,False
5637,0.022614775,-0.014264078,False
5635,-0.032269586,-0.06790206,False
5634,0.05808872,0.071158886,False
5633,-0.027551888,0.098542705,False
5632,-0.016094565,0.043990374,False
5631,-0.025399026,-0.025367402,False
5630,-0.05241117,0.034710824,False
5636,-0.012975991,0.13822667,False
5628,-0.020659953,-0.08273551,False
5645,0.0,0.0,False
5647,0.028958261,-0.27720803,False
5661,-0.046942614,-0.0030380338,False
5660,-0.03660498,-0.036509275,False
5659,0.13122374,0.011887848,False
5658,0.033238173,0.07478428,False
5657,0.09545916,-0.043863297,False
5656,0.009805828,0.064947635,False
5646,0.0646013,-0.058830515,False
5655,-0.0049748793,-0.0032023478,False
5653,-0.020716205,-0.06733279,False
5652,-0.010171637,-0.056100108,False
5651,0.018160835,0.20695142,False
5650,0.0005662758,-0.023091007,False
5649,-0.057962626,-0.096167035,False
5648,-0.0026355013,-0.04220386,False
5654,0.14588109,0.019360334,False
5557,-0.13991258,-0.029620886,False
5556,-0.010170825,-0.03683091,False
5555,-0.027549848,-0.01924365,False
5452,0.060228854,-0.005393449,False
5453,-0.09302616,-0.08707315,False
5454,0.0,0.0035135928,False
5455,-0.004815955,-0.004815955,False
5456,0.0,0.0,False
5457,0.025519006,-0.040355332,False
5458,-0.111540556,-0.0016903877,False
5459,0.034304604,-0.09888246,False
5460,0.0,0.0,False
5461,0.0,0.0,False
5462,0.02142878,0.0067863497,False
5463,-0.009316158,-0.009316158,False
5464,0.0072358707,-0.009831437,False
5465,0.008417726,-0.002438981,False
5466,-0.006785333,-0.019882876,False
5467,0.08326608,-0.102772325,False
5468,0.010863852,-0.03496465,False
5482,-0.24129534,-0.1425482,False
5481,-0.30561,-0.18151975,False
5480,-0.12430066,0.09567857,False
5479,-0.33353567,-0.16130829,False
5478,-0.101151526,-0.2469638,False
5477,-0.15434474,-0.22387636,False
5451,-0.009789182,-0.009789182,False
5476,-0.2262454,-0.08852577,False
5474,-0.11829206,0.0691784,False
5473,-0.19502282,-0.31390357,False
5472,-0.013134631,-0.013134631,False
5471,0.0,0.0059309145,False
5470,0.0861979,0.030464023,False
5469,-0.017313134,-0.036306158,False
5475,-0.12010813,0.017423749,False
5450,0.016348645,-0.005080136,False
5449,-0.251589,-0.048457563,False
5448,-0.10724127,0.0709168,False
5429,0.32845137,-0.040405124,False
5428,-0.01305067,-0.01305067,False
5427,-0.03710207,-0.03710207,False
5426,-0.024823833,-0.020223878,False
5425,0.0071923956,0.024788946,False
5424,-0.008850217,0.1874929,False
5430,-0.5019648,-0.06189084,False
5423,-0.004967613,-0.004967613,False
5421,-0.023616789,-0.023616789,False
5420,0.04259392,-0.018504843,False
5419,-0.08070755,-0.42489004,False
5418,0.28676605,0.3080262,False
5417,-0.21481621,-0.051194727,False
5416,0.08374885,-0.16668627,False
5422,-0.30736163,-0.2949773,False
5483,0.06047243,0.10244894,False
5431,-0.04070273,-0.0064832233,False
5433,-0.16601592,0.10389495,False
5447,0.037960842,0.034834057,False
5446,0.05880359,0.04440376,False
5445,0.0779258,0.04055494,False
5444,-0.025532216,0.045606375,False
5443,0.003175646,-0.006927043,False
5442,-0.10761994,-0.04761076,False
5432,0.41895378,-0.35938156,False
5441,0.0054936707,-0.034913585,False
5439,0.8169962,-0.31775153,False
5438,-0.04998529,-0.080895245,False
5437,0.07308296,0.04936873,False
5436,-0.34710282,0.078696966,False
5435,0.124480546,0.054763615,False
5434,-0.3425355,-0.18412375,False
5440,0.048236445,-0.087455004,False
5484,-0.09253776,-0.021938667,False
5485,-0.09131551,-0.03241858,False
5486,-0.395782,-0.19889736,False
5536,-0.847172,-0.27409124,False
5535,-0.44893277,-0.13594866,False
5534,0.28295946,-0.20588684,False
5533,-0.004277131,-0.004277131,False
5532,-0.57401097,-0.49219668,False
5531,-0.048652053,0.21642315,False
5537,-0.37554193,-0.2738769,False
5530,0.022313058,-0.06259449,False
5528,-0.025457948,0.047178328,False
5527,-0.08863598,-0.12322104,False
5526,-0.16426826,-0.03841877,False
5525,0.20427042,-0.108617306,False
5524,-0.028371006,0.09693658,False
5523,-0.0787785,0.0014296919,False
5529,-0.7579274,-0.44268107,False
5522,-0.71914995,-0.803843,False
5538,0.0,0.0,False
5540,0.0,0.0,False
5554,-0.10963179,-0.08969509,False
5553,-0.022868376,-0.022868376,False
5552,-0.013483042,-0.013483042,False
5551,0.0,0.11064567,False
5550,-0.038514502,0.029351473,False
5549,-0.28327322,0.021030188,False
5539,-0.13538074,-0.2990756,False
5548,0.037794434,-0.018236563,False
5546,-0.008788904,-0.032458097,False
5545,-0.54442286,-0.37197185,False
5544,-0.35221362,-0.18242359,False
5543,-0.46102214,-0.12380409,False
5542,-0.0045843073,-0.0045843073,False
5541,-1.0711911,-0.24102879,False
5547,0.024121761,0.026399612,False
5130,-0.23750699,-0.32526118,False
5521,-0.009872481,0.14427595,False
5519,0.022670273,-0.020069469,False
5500,-0.14498994,-0.16721469,False
5499,-0.23353775,-0.14287609,False
5498,-0.12943429,-0.09710854,False
5497,-0.055274487,-0.35230303,False
5496,-0.121090055,-0.30136597,False
5495,-0.14149731,-0.03534603,False
5501,0.42976785,0.52810025,False
5494,-0.00925076,-0.13998348,False
5492,-0.0024476051,-0.17278874,False
5491,-0.058760542,0.0014558285,False
5490,-0.11125435,0.03475836,False
5489,-0.24342275,-0.31565213,False
5488,-0.047875643,-0.16858435,False
5487,-0.1454941,0.0062823296,False
5493,-0.08625907,-0.022947669,False
5520,0.0,0.0,False
5502,-0.5854199,-0.2488128,False
5504,0.1956749,-0.09014824,False
5518,0.006429285,0.21360506,False
5517,0.27528542,-0.081481874,False
5516,-0.03142613,0.61031365,False
5515,-0.61750054,-0.19863176,False
5514,-0.022336572,-0.12345944,False
5513,0.06085494,0.08661559,False
5503,-0.03482172,-0.057365112,False
5512,0.1071901,0.033447444,False
5510,-0.008829683,-0.04494767,False
5509,-0.19427341,-0.19938743,False
5508,-0.08542931,0.06996524,False
5507,-0.03431362,-0.02294562,False
5506,-0.10072194,0.03575778,False
5505,-0.13200498,-0.07414967,False
5511,-0.016094923,0.010263681,False
5697,0.005183609,-0.0145972045,False
5129,0.09798671,0.06918721,False
5127,0.11729975,0.055882588,False
4737,-0.12580669,-0.10869923,False
4738,-0.043566592,-0.06281662,False
4739,0.30493462,-0.312737,False
4740,0.11913701,0.07982852,False
4741,-0.13904354,-0.036606014,False
4742,-0.07667738,-0.11303437,False
4743,-0.29156852,-0.5348077,False
4744,-0.11750583,-0.08093408,False
4745,0.062284708,-0.049363256,False
4746,-0.15255716,-0.029565752,False
4747,-0.048105955,-0.11352706,False
4748,-0.1576199,-0.03233528,False
4749,-0.072215736,-0.12452063,False
4750,-0.008827316,-0.032002207,False
4751,-0.0133469915,0.041211933,False
4752,0.043527603,0.2046026,False
4753,0.0,0.0,False
4767,-0.1474402,-0.047871977,False
4766,-0.0041237324,-0.0816061,False
4765,-0.04163251,-0.05737322,False
4764,-0.5594361,-0.4610467,False
4763,0.05530548,0.022789001,False
4762,0.117162585,0.021419406,False
4736,0.064103484,0.14789629,False
4761,0.022605628,0.0,False
4759,0.0076468885,-0.014985666,False
4758,0.0,0.0,False
4757,-0.39248013,-0.4274742,False
4756,-0.07497623,-0.063178115,False
4755,-0.030966654,0.11912154,False
4754,-0.119849086,0.1644882,False
4760,0.013804943,-0.008054531,False
4735,-0.004814517,-0.004814517,False
4734,-0.07715207,0.048155546,False
4733,0.0498699,-0.020240216,False
4714,-0.1118941,-0.063100755,False
4713,0.022840904,-0.022551829,False
4712,0.021969337,0.0,False
4711,-0.004245021,-0.004245021,False
4710,-0.07613301,0.041359216,False
4709,0.04006222,-0.028265912,False
4715,0.0830068,-0.02115948,False
4708,0.011677164,-0.0104249185,False
4706,0.0,7.7918165e-05,False
4705,0.002765637,-0.056041617,False
4704,-0.008656072,-0.008656072,False
4703,0.020946681,0.015551053,False
4702,0.0029828493,0.07375931,False
4701,-0.03451012,-0.013701752,False
4707,0.0004574284,-0.008676726,False
4768,-0.08356795,-0.099015236,False
4716,-0.08653429,0.013297319,False
4718,0.010630993,-0.007985789,False
4732,-0.14655006,-0.08028439,False
4731,-0.028015785,-0.028015785,False
4730,0.032848448,-0.009581906,False
4729,0.25859115,-0.081747994,False
4728,0.018633531,-0.0037316314,False
4727,0.025835276,0.23903954,False
4717,-0.023382582,-0.023382582,False
4726,0.0,0.0,False
4724,-0.022889921,-0.022889921,False
4723,-0.48779047,-0.3250389,False
4722,-0.10539672,-0.09824476,False
4721,-0.23064494,0.11004794,False
4720,0.016608378,-0.025242414,False
4719,0.0,0.004603811,False
4725,-0.024042796,-0.024042796,False
4700,-0.11070502,0.1891515,False
4769,-0.22696888,0.1430999,False
4771,-0.026646852,-0.1630956,False
4808,0.31963432,0.43028462,False
4809,-0.017423892,-0.009977,False
4810,-0.02980185,-0.047403928,False
4811,-0.042309932,-0.04097176,False
4812,0.14992613,0.09578955,False
4813,-0.3629768,-0.08656591,False
4814,0.050812602,-0.0664072,False
4815,0.21751928,-0.09141493,False
4816,0.0,0.0,False
4817,-0.0324629,-0.067921355,False
4818,0.0,0.0008849781,False
4819,0.04838991,-0.021911502,False
4820,0.0562284,-0.010618687,False
4821,0.24907553,0.030857563,False
4822,0.05209748,-0.03418817,False
4823,0.09395659,0.022465706,False
4824,-0.1993812,-0.16803867,False
4838,-0.038457435,0.046626676,False
4837,-0.014813085,-0.011892334,False
4836,-0.0101478305,0.32814866,False
4835,0.0,0.0,False
4834,0.022120237,-0.02375799,False
4833,0.0,0.0026807173,False
4807,0.32841647,0.07157928,False
4832,-0.020623347,-0.017743357,False
4830,0.036534145,0.036384612,False
4829,0.14664108,0.0791814,False
4828,-0.05407528,-0.0037792772,False
4827,-0.17723387,0.14421368,False
4826,0.00782923,-0.015373258,False
4825,-0.22234741,-0.18864208,False
4831,-0.04097622,-0.047329664,False
4806,0.014097797,-0.0075675,False
4805,-0.26678464,-0.07600203,False
4804,-0.103736,-0.18455698,False
4785,0.015364908,-0.0066655427,False
4784,-0.00403199,-0.00403199,False
4783,0.12213263,-0.21355121,False
4782,-0.019840766,-0.018699588,False
4781,0.023771329,0.0,False
4780,0.0221158,0.062324423,False
4786,0.0,0.00071245525,False
4779,-0.0080301445,-0.025062246,False
4777,-0.0037316314,-0.0026326599,False
4776,-0.05509913,-0.22940171,False
4775,0.06530604,-0.022375716,False
4774,0.19417405,0.0052570105,False
4773,0.056371927,0.008874893,False
4772,0.08244085,0.109288216,False
4778,-0.10908919,7.864833e-05,False
4770,0.15350486,0.06103091,False
4787,0.0,0.0,False
4789,-0.0668284,-0.1657719,False
4803,0.14004493,-0.09539813,False
4802,0.0,0.0,False
4801,0.008968541,-0.006746375,False
4800,-0.0720067,-0.16504222,False
4799,-0.027653925,0.024514034,False
4798,-0.024255082,-0.05887834,False
4788,-0.22303757,0.10681194,False
4797,-0.0048927,-0.0048927,False
4795,0.020639502,-0.068990745,False
4794,-0.0045843073,-0.0045843073,False
4793,0.025331646,-0.038728118,False
4792,-0.061270334,-0.08157568,False
4791,-0.00018823147,-0.06102015,False
4790,-0.035928946,-0.03582651,False
4796,-0.051819324,0.25902772,False
4839,1.1506033,-0.7822206,False
4699,-0.0021758974,0.12050223,False
4697,-0.0073876977,-0.1411953,False
4595,0.027086377,-0.021582901,False
4596,-0.06580436,0.1719898,False
4597,-0.06630127,-0.056603387,False
4598,-0.06301405,-0.06594969,False
4599,0.042749852,0.0836661,False
4600,-0.004687762,-0.004687762,False
4601,-0.09278351,0.08676231,False
4602,0.019363634,-0.07078926,False
4603,-0.12934437,-0.015941024,False
4604,-0.07895118,-0.28582102,False
4605,-0.0105147865,-0.031159278,False
4606,-0.20184097,0.006390333,False
4607,-0.24718034,-0.10790175,False
4608,0.090165436,0.008869469,False
4609,-0.039066344,-0.07257578,False
4610,-0.2828362,-0.19070816,False
4611,-0.056955755,-0.2979911,False
4625,-0.65090847,-0.087168455,False
4624,0.012920439,-0.00051934086,False
4623,-0.057183437,-0.00096681714,False
4622,-0.0555526,0.030614436,False
4621,-0.2327491,0.08243489,False
4620,0.033123672,-0.19568363,False
4594,0.012169756,-0.010469111,False
4619,-0.010554671,0.0004772395,False
4617,-0.96939087,-0.84168625,False
4616,-0.23161852,0.20737231,False
4615,-0.055172116,0.052714437,False
4614,0.0,0.016631734,False
4613,-0.36589915,-0.18413997,False
4612,0.017381933,-0.0032744692,False
4618,0.0,0.0,False
4593,-0.19489688,-0.40625727,False
4592,0.15943205,0.16471434,False
4591,-0.082811505,-0.06460986,False
4572,-0.08489972,-0.054380067,False
4571,-0.045543373,-0.19131976,False
4570,0.12540364,0.026881948,False
4569,-0.025218278,-0.03133169,False
4568,0.07000357,0.020915985,False
4567,-0.36768854,-0.61850405,False
4573,-0.116363436,0.010001063,False
4566,-0.009641356,-0.009641356,False
4564,-0.20261717,-0.24457288,False
4563,0.15317546,0.12218346,False
4562,-0.008249221,-0.008249221,False
4561,-0.040189266,-0.22649139,False
4560,-0.040825933,-0.09476248,False
4559,-0.260696,0.04776156,False
4565,-0.55314493,-0.33951378,False
4626,-0.029062787,-0.037650086,False
4574,0.03761496,-0.029220369,False
4576,0.002439618,0.0059072375,False
4590,0.010928333,-0.10129644,False
4589,0.0,0.0,False
4588,-0.5226308,-0.0019586086,False
4587,0.028262658,-0.008249699,False
4586,-0.059333324,-0.19448307,False
4585,-0.31458402,-0.07808733,False
4575,0.0,4.473083e-05,False
4584,-0.16567695,-0.3521291,False
4582,0.0051482283,-0.020223867,False
4581,0.034610145,0.07565171,False
4580,0.15555046,0.049766734,False
4579,-0.28237963,-0.09748745,False
4578,0.022308044,0.0,False
4577,0.1688534,0.06454325,False
4583,-0.39699054,-0.18199682,False
4698,0.0069750026,-0.036331594,False
4627,-0.0009881556,-0.036698412,False
4629,-0.073482335,0.03683746,False
4666,-0.03721419,0.13786122,False
4667,0.19483289,0.3250762,False
4668,-0.061723437,0.032232467,False
4669,0.0047884732,0.012242854,False
4670,0.02646707,-0.081813306,False
4671,0.08995347,0.058251217,False
4672,0.0,0.0,False
4673,0.03738226,-0.008327171,False
4674,-0.07280004,0.17460763,False
4675,-0.019875154,-0.02210994,False
4676,0.012843459,-0.009513748,False
4677,0.034847736,-0.1573551,False
4678,-0.05236152,-0.03524912,False
4679,0.013837367,0.02317813,False
4680,-0.28330433,-0.21586883,False
4681,-0.009438051,-0.009438051,False
4682,-0.051733673,-0.15705985,False
4696,-0.030104754,-0.026824873,False
4695,-0.025760382,-0.047812272,False
4694,0.0013361573,-0.18252027,False
4693,-0.004961039,-0.004961039,False
4692,0.07116991,-0.08776578,False
4691,-0.02169311,0.051348656,False
4665,-0.023705177,-0.066846326,False
4690,-0.08012105,0.033087105,False
4688,-0.08200455,-0.09182,False
4687,-0.020102333,-0.03960057,False
4686,-0.010257546,-0.049579993,False
4685,-0.6882857,-0.49190044,False
4684,-0.059297383,-0.13279283,False
4683,0.009562612,-0.30843246,False
4689,-0.20798993,-0.09499216,False
4664,-0.20019853,-0.002955079,False
4663,0.039753586,0.08232084,False
4662,-0.0046968544,-0.0046968544,False
4643,0.093367666,0.067095846,False
4642,-0.16858771,-0.19245441,False
4641,-0.027452499,0.05420655,False
4640,0.012643563,-0.004047535,False
4639,0.019952342,-0.0039994186,False
4638,0.021084175,-0.020008508,False
4644,-0.09514922,-0.09520298,False
4637,0.02877333,0.018824466,False
4635,0.0,0.0,False
4634,-0.0783077,-0.04930772,False
4633,-0.020721197,0.00044674426,False
4632,-0.010088396,-0.0050530904,False
4631,0.007837022,-0.014090324,False
4630,-0.0048343074,-0.0048343074,False
4636,-0.023084357,-0.023084357,False
4628,-0.07317247,0.0008251965,False
4645,-0.118757784,-0.08592421,False
4647,-0.090017654,-0.092015654,False
4661,-0.0141168125,-0.054386523,False
4660,-0.58887863,-0.5219815,False
4659,0.0,0.0,False
4658,-0.41743654,0.17419612,False
4657,-0.02804951,-0.046082232,False
4656,0.14348257,-0.03783697,False
4646,-0.05400139,-0.053965867,False
4655,-0.018293591,-0.018293591,False
4653,0.08060771,-0.03211221,False
4652,0.1882478,-0.2347582,False
4651,-0.066194594,0.025136888,False
4650,-0.025700696,-0.003987372,False
4649,0.019142315,-0.120486334,False
4648,-0.41947258,-0.47342294,False
4654,0.05731699,0.0069283843,False
4840,-0.004741758,-0.004741758,False
4841,-0.05336352,-0.03929259,False
4842,-0.23466718,-0.18053353,False
5025,-0.09136054,0.035845637,False
5026,0.0898965,0.10409212,False
5027,0.026952974,-0.012133451,False
5028,-0.00480292,-0.00480292,False
5029,-0.022559445,0.011730209,False
5030,0.11598396,-0.6029874,False
5031,0.007499364,-0.011459765,False
5032,-0.019840725,-0.019840725,False
5033,0.0,0.0,False
5034,0.021180324,0.032272257,False
5035,0.016096741,0.006955415,False
5036,-0.0047307294,-0.0047307294,False
5037,0.119534135,-0.08308208,False
5038,-0.012202254,-0.010512421,False
5039,-1.1215758,-0.4190085,False
5040,-0.10228878,-0.108808756,False
5041,-0.013742836,-0.0179407,False
5055,-0.015571713,0.0053994656,False
5054,0.13631392,-0.16460198,False
5053,-0.014291219,-0.014291219,False
5052,0.049560484,0.011355594,False
5051,0.016885633,0.033712998,False
5050,-0.11394632,-0.010738492,False
5024,-0.028212376,0.0009496063,False
5049,-0.004784322,-0.004569572,False
5047,0.017753156,-0.004508894,False
5046,-0.0047958563,0.14935783,False
5045,0.0,0.0,False
5044,-0.018716421,-0.018716421,False
5043,-0.063188374,-0.05540225,False
5042,0.047734603,-0.14786367,False
5048,-0.019648995,0.026416551,False
5023,0.009871721,-0.010471353,False
5022,-0.1762904,0.19434357,False
5021,-0.22117268,-0.27634278,False
5002,-0.0084947795,0.009302244,False
5001,-0.23348549,0.0058634877,False
5000,-0.014727319,-0.014727319,False
4999,0.10931975,0.00935477,False
4998,0.010299519,-0.112781964,False
4997,-0.17675209,-0.062342107,False
5003,0.0,0.0,False
4996,0.2346878,-0.044546008,False
4994,0.024200737,-0.035297573,False
4993,-0.004128486,0.10628381,False
4992,0.09326397,-0.06668094,False
4991,0.012645197,-0.0076629193,False
4990,0.044841737,0.16189283,False
4989,0.13094066,0.043657362,False
4995,0.21819508,-0.09689772,False
5056,-0.29217017,-0.006244421,False
5004,0.014069615,-0.008639068,False
5006,-0.2213695,-0.30727646,False
5020,0.13381897,-0.028576529,False
5019,-0.032149576,-0.03137654,False
5018,0.0,0.0,False
5017,-0.04672666,-0.039557636,False
5016,0.06654313,-0.01382345,False
5015,0.042553186,-0.11322385,False
5005,-0.3775102,-0.3108698,False
5014,0.025843978,0.049815863,False
5012,-0.06572595,-0.16864139,False
5011,0.030814916,0.1232685,False
5010,0.05583328,-0.041186005,False
5009,-0.06181544,-0.03393218,False
5008,-0.034943923,-0.018195605,False
5007,0.026160464,0.07519899,False
5013,0.0016290247,-0.05671072,False
4988,0.015485108,0.021011353,False
5057,0.0010749251,-0.04343988,False
5059,0.0,4.1080726e-05,False
5096,-0.050097793,0.057476595,False
5097,0.03240551,-0.031851005,False
5098,-0.013836861,0.033772826,False
5099,0.030720502,0.041437984,False
5100,0.05348608,-0.12056184,False
5101,-0.038254768,0.087602675,False
5102,-0.049286187,-0.08109248,False
5103,0.0,0.0,False
5104,-0.004782067,-0.004782067,False
5105,-0.06827365,0.012859002,False
5106,-0.018157065,0.13988048,False
5107,0.020458817,0.018382877,False
5108,0.058349073,0.012568891,False
5109,0.0147053,-0.13723424,False
5110,0.0,0.0,False
5111,-0.091198206,-0.028368235,False
5112,-0.04268796,-0.023254149,False
5126,-0.1617184,-0.052948117,False
5125,0.01903008,0.049987778,False
5124,-0.0042310026,-0.0042310026,False
5123,-0.08125892,-0.010267302,False
5122,0.13106738,0.31307155,False
5121,0.005838357,0.06844468,False
5095,0.32020304,-0.0027848482,False
5120,-0.013323676,-0.05689822,False
5118,0.024159282,-0.033101767,False
5117,-0.047174275,-0.014503002,False
5116,0.048197865,0.012830883,False
5115,-0.1506083,0.12570179,False
5114,0.0,0.0029387472,False
5113,-0.20281708,-0.058871,False
5119,-0.011480011,-0.021690924,False
5094,0.030337095,0.15133202,False
5093,0.0011939481,-0.061485842,False
5092,-1.3649464e-05,0.19561735,False
5073,0.0017845631,8.4519386e-05,False
5072,-0.043663576,-0.07220428,False
5071,-0.0061026067,0.0048861504,False
5070,-0.018364042,0.037356853,False
5069,0.0,5.7485795e-05,False
5068,0.18432215,0.5093864,False
5074,-0.0011462793,-0.018144099,False
5067,-0.019374644,-0.019374644,False
5065,-0.005438239,-0.005438239,False
5064,-0.020314507,-0.06841996,False
5063,0.035192646,-0.010014094,False
5062,0.022105405,0.0,False
5061,-0.28481877,0.1437223,False
5060,0.05740285,0.01270771,False
5066,-0.0012188163,-0.02381227,False
5058,0.027308684,-0.050991796,False
5075,-0.044979297,-0.047715478,False
5077,-0.0048224535,-0.0048224535,False
5091,-0.25368136,-0.22195023,False
5090,-0.07953097,-0.08651279,False
5089,-0.09004684,-0.037557527,False
5088,0.025775708,-0.033141248,False
5087,0.111028284,0.049147993,False
5086,0.022116952,-0.022191435,False
5076,-0.008187175,0.066473186,False
5085,-0.044404596,-0.02184686,False
5083,-0.036621254,-0.036554724,False
5082,0.022974283,-0.03535494,False
5081,-0.13960335,-0.03657067,False
5080,-0.019474149,-0.0583601,False
5079,0.14065857,0.18784057,False
5078,0.04767652,0.019413948,False
5084,0.011596881,-0.016876262,False
4987,-0.0036848104,-0.0036848104,False
4986,0.0,0.006751685,False
4985,0.018616783,0.0,False
4880,-0.0263573,0.010344002,False
4881,0.35354745,-0.6895059,False
4882,0.006680548,-0.014802531,False
4883,0.04749511,1.8006734,False
4884,-0.0036918141,0.007995303,False
4885,0.19106525,0.32093585,False
4886,0.12769005,-0.10329947,False
4887,-0.07120266,-0.13137414,False
4888,0.027327947,-0.019332543,False
4889,-0.029583883,0.25283608,False
4890,-0.11260861,-0.43412364,False
4891,-0.43559837,-0.26168144,False
4893,-0.0046280283,-0.0018678512,False
4894,0.0,0.00023563954,False
4895,0.0,9.199537e-05,False
4896,0.029468095,-0.008256909,False
4897,-0.06201086,0.04469071,False
4911,0.0,0.0,False
4910,0.5663183,0.28867745,False
4909,-0.010606181,-0.02534158,False
4908,-0.39356923,-1.3065542,False
4907,0.03649718,0.12396245,False
4906,0.031524867,1.5750022,False
4879,-0.5992292,-0.4592904,False
4905,0.12260789,0.0117029995,False
4903,0.15017891,1.9140866,False
4902,-0.21289325,-0.67761284,False
4901,0.2744136,-1.0271282,False
4900,0.009253573,0.038569387,False
4899,0.051170576,0.0145484535,False
4898,0.16069603,0.41145325,False
4904,-0.03191358,1.734647,False
4878,-0.004707792,-0.0046645477,False
4877,-0.032147147,-0.09964286,False
4876,-0.15171239,-0.066038966,False
4856,-0.62722206,-0.38189888,False
4855,-0.08961034,-0.55920684,False
4854,0.08644666,0.12960704,False
4853,-0.029334668,0.017389603,False
4852,0.016858354,-0.0078422455,False
4851,-0.020168066,-0.52567995,False
4857,0.050970063,-0.039946064,False
4850,-0.5183674,-0.17409742,False
4848,-0.591485,-0.6111084,False
4847,-0.30761242,-0.49151635,False
4846,-0.39143157,-0.4221989,False
4845,-0.061219633,-0.049060047,False
4844,-0.3290394,-0.28550026,False
4843,-0.043787584,-0.01244171,False
4849,-0.00466254,-0.004454607,False
4912,0.24669826,-0.11121333,False
4858,-0.011610389,0.18312526,False
4860,0.0,0.09025121,False
4875,-0.015153229,1.3766664,False
4874,-0.004584724,-0.004524442,False
4873,-0.16088757,-0.121147215,False
4872,-0.17529948,-0.17396152,False
4871,-0.0047310563,-0.0047310563,False
4870,-0.03799183,-0.03799183,False
4859,-0.0053661168,-0.1968452,False
4869,-0.5492507,-0.92300934,False
4866,0.0,0.0,False
4865,-0.023021393,-0.0031176228,False
4864,-0.01837806,-0.03974838,False
4863,-0.06268166,-0.0952416,False
4862,-0.0129392035,0.0016128644,False
4861,-0.0049472,-0.0020809069,False
4867,-0.2827239,-0.6838331,False
4913,-0.0046539307,-0.44277954,False
4914,-0.40389347,-0.5986872,False
4915,0.0008264668,0.33713904,False
4966,-0.009288501,-0.009285771,False
4965,0.017765999,0.0201516,False
4964,0.04369392,-0.0050188256,False
4963,0.0045496933,0.10137197,False
4962,0.038719952,-0.18185532,False
4961,-0.14157295,-0.2672403,False
4967,0.036815107,0.21528044,False
4960,-0.019775182,0.123808786,False
4958,-0.15125442,0.10015559,False
4957,-0.03324692,0.009935319,False
4956,-0.06059158,-0.2838136,False
4955,-0.51453054,-0.115956545,False
4954,0.105629444,0.5044455,False
4953,-0.06885727,-0.06468277,False
4959,-0.07450709,0.0112835765,False
4952,-0.1892651,-0.19507763,False
4968,0.0,0.0,False
4970,-0.04514087,0.007841002,False
4984,0.0,0.0,False
4983,-0.024181273,-0.009703694,False
4982,-0.27048695,-0.37630653,False
4981,0.021432163,0.00033952668,False
4980,-0.012839066,-0.012839066,False
4979,0.057351828,-0.0923385,False
4969,-0.004753763,-0.004753763,False
4978,0.019217927,-0.004478243,False
4976,-0.07068968,-0.08473766,False
4975,-0.024433274,-0.018541954,False
4974,-0.007257517,-0.006949066,False
4973,-0.2591647,-0.2611996,False
4972,-0.10579491,-0.005350113,False
4971,-0.032802463,0.0019495487,False
4977,0.0,0.0005866703,False
5128,0.092335045,-0.3070068,False
4951,-0.022089489,0.046823885,False
4949,0.00043153763,-0.02118063,False
4930,0.24502611,-1.2200541,False
4929,0.16271782,-1.9534903,False
4928,-0.21797562,-1.6370797,False
4926,-0.1338565,-0.0127188265,False
4925,-0.0077611804,0.3702801,False
4924,-0.60639614,-1.0868254,False
4931,-0.074093536,-0.07826048,False
4923,-0.008767933,-0.030521104,False
4921,0.04484,0.16711143,False
4920,0.14498591,0.22584611,False
4919,-0.09094015,-0.10841218,False
4918,1.1264257,0.18040562,False
4917,-0.3886006,-0.6153116,False
4916,0.13234615,0.03866768,False
4922,0.26599002,-0.01462245,False
4950,-0.017321557,-0.015423745,False
4932,0.5179591,-0.8848038,False
4934,-0.23418295,-0.5253191,False
4948,0.025429875,0.04499893,False
4947,-0.010004982,0.012829065,False
4946,-0.009430839,0.002606647,False
4945,0.11418256,0.07272062,False
4944,-0.020349585,0.049664266,False
4943,-0.074784756,0.07998586,False
4933,-0.32182658,-0.258362,False
4942,0.18162784,0.16555318,False
4940,0.9560844,-0.060619235,False
4939,-0.00466254,-0.0030441545,False
4938,0.029609058,-0.046229344,False
4937,-0.043021116,-0.0577007,False
4936,-0.0626958,-0.3240579,False
4935,-0.34816203,0.03745091,False
4941,0.0,0.0016968813,False
5698,-0.00978405,-0.00978405,False
5688,-0.00517837,-0.0051738936,False
5700,0.0030535534,-0.0028153434,False
6425,0.0,0.0,False
6426,-0.009678155,-0.009678155,False
6427,0.0,0.0,False
6428,0.0,0.0,False
6429,0.05219391,-0.024050072,False
6430,0.0026022717,-0.037346613,False
6431,0.037514746,-0.008088217,False
6432,0.36492538,-0.20291382,False
6433,-0.09664512,-0.1035431,False
6434,0.013167888,-0.03874047,False
6435,-0.35930824,-0.33076334,False
6436,0.0034479415,-0.013561417,False
6437,0.0,0.0,False
6438,0.049886197,0.073795885,False
6439,-0.16220766,0.046022892,False
6440,-0.30706614,-0.47911355,False
6441,0.0622921,-0.19220161,False
6455,-0.06412268,-0.020379245,False
6454,-0.026936337,-0.026660489,False
6453,0.017017195,-0.0050043217,False
6452,0.037709802,-0.029835243,False
6451,0.10700798,-0.3128724,False
6450,-0.15676048,-0.08555883,False
6424,-0.032963343,-0.045465782,False
6449,-0.006359346,-0.028085578,False
6447,-0.016516112,-0.018802129,False
6446,0.014726622,0.004005556,False
6445,-0.13956544,-0.11901516,False
6444,-0.003837049,0.101310045,False
6443,0.0026832856,0.00045342743,False
6442,0.022794863,-0.021671591,False
6448,-0.08587456,-0.39592648,False
6456,0.021870323,-0.0080744475,False
6423,0.0003835708,-0.053176396,False
6421,-0.13058035,-0.08991578,False
6390,-0.013683278,-0.013683278,False
6391,-0.0044386256,-0.0044386256,False
6392,0.095553756,-0.21476966,False
6393,-0.0745036,-0.46139395,False
6394,0.016820312,-0.014621407,False
6395,-0.08303767,-0.06872675,False
6396,-0.18965888,-0.19746865,False
6397,0.023588285,-0.022173787,False
6398,-1.1581435,-1.2189729,False
6399,0.2393415,0.22242546,False
6400,-0.03909856,-0.08136627,False
6401,-0.01578033,-0.21658576,False
6402,-0.008570966,-0.008121539,False
6403,0.07240677,-0.1721918,False
6404,0.018572573,-0.004990244,False
6405,-0.055795223,-0.11891865,False
6406,0.0032953918,-0.0014630556,False
6420,-0.0046977997,-0.0046977997,False
6419,-0.15139294,-0.02944827,False
6418,0.073834,-0.041205943,False
6417,-0.3415494,-0.18009603,False
6416,0.027021207,-0.031874523,False
6415,-0.049258694,0.13133502,False
6422,-0.06739256,-0.13583568,False
6414,-0.25520897,-0.16225278,False
6412,-0.21899429,-0.29155093,False
6411,-0.0259763,-0.14087671,False
6410,-0.085721046,0.123328745,False
6409,-0.20756847,-0.15066016,False
6408,-0.14052242,-0.15885293,False
6407,0.015829802,-0.3076725,False
6413,-0.22657108,-0.14762759,False
6457,-0.008541172,-0.008541172,False
6458,0.45747566,0.019093513,False
6459,0.018618882,-0.01822491,False
6496,0.08402553,-0.060500473,False
6497,-0.06725532,-0.4398054,False
6498,-0.0051150434,-0.0051150434,False
6499,-0.016995966,-0.016750975,False
6500,0.40521783,-0.01620078,False
6501,-0.05347818,-0.036306232,False
6502,-0.011945039,-0.12444973,False
6503,-0.2777872,0.17869663,False
6504,-0.0121023655,0.07427442,False
6505,-0.12359223,-0.031533703,False
6506,0.081733495,0.037597194,False
6507,-0.0370059,-0.03340292,False
6508,-0.0688394,-0.025413752,False
6509,-0.47916222,-0.37475133,False
6510,0.0099666435,-0.008650139,False
6511,-0.02256918,-0.34464097,False
6512,-0.5218077,-0.3294859,False
6526,-0.79623556,0.102261305,False
6525,-0.29934382,-0.25849646,False
6524,-0.13269544,-0.08666772,False
6523,0.024401546,0.050176322,False
6522,0.2133941,0.01558584,False
6521,-0.07489067,-0.16975565,False
6495,0.101394355,0.024960697,False
6520,-0.10252601,-0.078606635,False
6518,0.15823275,0.05445355,False
6517,0.09560454,-0.03595668,False
6516,-0.20659852,-1.3975118,False
6515,0.29036355,0.09147751,False
6514,-0.24324667,-0.09067106,False
6513,-0.012507446,-0.0014760718,False
6519,0.090813756,0.007706046,False
6494,-0.114462435,-0.12008396,False
6493,-0.0730281,0.003975004,False
6492,-0.05869046,-0.10091409,False
6473,0.0,0.0,False
6472,-0.07354036,0.026683897,False
6471,-0.013732113,-0.013732113,False
6470,0.022267232,2.021121e-05,False
6469,0.015810847,0.010424659,False
6468,-0.0057462156,-0.028984016,False
6474,0.0,0.0,False
6467,0.14516662,-0.056462318,False
6465,-0.10319865,0.005594313,False
6464,0.024410158,-0.011867821,False
6463,0.0,0.0,False
6462,0.013063832,-0.0055351495,False
6461,-0.093042806,-0.024761975,False
6460,-0.12751463,-0.12383365,False
6466,0.12090361,0.13707316,False
6389,0.10054326,0.047896296,False
6475,-0.32649785,-0.32987154,False
6477,0.0,0.00026535342,False
6491,0.0044242106,-0.056152202,False
6490,-0.06573497,-0.106912695,False
6489,-0.04260007,-0.042038728,False
6488,-0.03965369,-0.08234858,False
6487,0.017386008,0.02163561,False
6486,-0.26737005,-0.44459075,False
6476,-0.013047427,-0.096160635,False
6485,-0.009205225,-0.009205225,False
6483,-0.1266478,-0.014710873,False
6482,-0.09188306,-0.11196923,False
6481,-0.01878824,-0.013147462,False
6480,0.0,0.0,False
6479,-0.012735873,-0.07416196,False
6478,-0.03409149,-0.057669874,False
6484,0.0,0.0,False
6388,-0.0149968285,-0.014751965,False
6387,-0.022115909,-0.01950969,False
6386,-0.12520018,-0.022032022,False
6284,-0.020277519,-0.020277519,False
6285,0.030761354,0.07896776,False
6286,0.017396934,0.08603767,False
6287,-0.15489161,0.10714567,False
6288,0.028234154,0.2806594,False
6289,0.0,0.0,False
6290,-0.16931152,0.21631062,False
6291,0.0,0.0,False
6292,0.11141956,0.001403451,False
6293,0.0,0.0,False
6294,-0.042924464,-0.14672191,False
6295,0.12742615,-0.28002596,False
6296,-0.3639896,-1.0390415,False
6297,-0.01390636,-0.013728392,False
6298,-0.055609033,-0.06819883,False
6299,-0.026688099,-0.24265154,False
6300,-0.017579317,-0.02912265,False
6314,-0.024361616,-0.037569083,False
6313,-0.06411582,0.1289782,False
6312,-0.023605555,-0.02330009,False
6311,-0.016737938,-0.1251919,False
6310,-0.049005255,0.035536766,False
6309,-0.010070635,-0.010070635,False
6283,-0.009503207,-0.009503207,False
6308,0.0009694174,-0.022258451,False
6306,-0.005037533,-0.02855099,False
6305,-0.019187815,-0.019143663,False
6304,-0.014984934,-0.03408748,False
6303,0.016017852,0.0065986556,False
6302,0.0,0.0011942621,False
6301,0.04631439,-0.1841352,False
6307,0.09140262,-0.19581369,False
6282,0.043703213,-0.04345592,False
6281,-0.030001326,-0.026573654,False
6280,-0.004047248,-0.004047248,False
6261,0.23218808,0.066737324,False
6260,-0.04253444,-0.012789713,False
6259,0.024683893,-0.025442392,False
6258,-0.09026728,-0.07224591,False
5699,0.1106022,-0.020616949,False
6256,-0.09182832,-0.12721688,False
6262,0.19382203,-0.0043813586,False
6255,0.032719,-0.03381329,False
6253,0.052952234,0.06501809,False
6252,0.05407422,-0.08070541,False
6251,0.0,0.0001583259,False
6250,-0.0050395867,-0.0050395867,False
6249,-0.080043525,-0.20544228,False
6248,0.0064392984,0.46428046,False
6254,-0.029354353,-0.051280454,False
6315,-0.07484262,-0.00869602,False
6263,-0.0068835635,-0.026959242,False
6265,-8.225441e-05,-0.042977452,False
6279,0.0,0.0,False
6278,-0.038116198,-0.038116198,False
6277,-0.01590532,-0.09643918,False
6276,-0.06500071,0.030819595,False
6275,-0.0587734,0.32930398,False
6274,-0.018772649,-0.012175727,False
6264,0.02136012,-0.021885583,False
6273,-0.18042715,-0.20650919,False
6271,-0.02906698,-0.25841743,False
6270,-0.26049954,-0.0030955672,False
6269,-0.057254612,-0.0075428784,False
6268,-0.0024657398,-0.008650124,False
6267,-0.14659172,0.09289467,False
6266,-0.08426994,-0.2630852,False
6272,-0.053105235,0.08830559,False
6527,-0.06892491,-0.09104947,False
6316,-0.16039783,0.010443389,False
6318,0.0,0.011931963,False
6355,0.03740926,0.09629396,False
6356,0.022747792,1.4339729e-05,False
6357,-0.11841893,-0.044530153,False
6358,-0.024296708,-0.024296708,False
6359,-0.01887801,-0.01887801,False
6360,0.0769762,-0.0024465024,False
6361,0.0003017038,-0.053987786,False
6362,0.118344456,-0.12866999,False
6363,-0.028709486,0.017580584,False
6364,0.032507867,-0.06107366,False
6365,-0.07701743,0.019391894,False
6366,-0.22695124,0.18756497,False
6367,-0.0053577055,-0.0020105084,False
6368,0.07083678,-0.12008935,False
6369,0.021457016,0.10053569,False
6370,0.034354478,-0.02488219,False
6371,0.013009727,0.0061029494,False
6385,0.0,0.0,False
6384,0.01247178,-0.026355505,False
6383,0.0,0.0,False
6382,-0.056577682,-0.018709779,False
6381,0.0123953,-0.009397188,False
6380,0.42465436,0.24303758,False
6354,-0.042098656,-0.09036812,False
6379,-0.037613876,-0.0154880285,False
6377,0.0015978813,-0.18615258,False
6376,-0.701355,-0.98772454,False
6375,0.017685309,2.9647523e-05,False
6374,-0.43851995,-0.023328543,False
6373,-0.30804223,-0.05184996,False
6372,-0.7668686,0.10152602,False
6378,-0.11356801,-0.17448425,False
6353,-0.13171548,-0.19236793,False
6352,-0.0041429363,-0.03722433,False
6351,-0.07844406,-0.022298425,False
6332,-0.014100215,-0.013644767,False
6331,0.0450238,-0.007968962,False
6330,0.028710961,0.0069479346,False
6329,-0.6341233,-1.2274799,False
6328,-0.012822162,-0.006252171,False
6327,-0.075326815,-0.0713203,False
6333,0.030809335,-0.0486883,False
6326,-0.013848141,0.032506317,False
6324,0.058458135,0.07728571,False
6323,-0.17408031,-0.182289,False
6322,0.0150078535,-0.6095037,False
6321,0.076633595,0.013459779,False
6320,-0.004584724,-0.004579772,False
6319,0.0,0.0012441401,False
6325,0.08694279,-0.081237555,False
6317,-0.022843152,0.0056891143,False
6334,0.13387483,-0.035734892,False
6336,-0.03107503,-0.031992614,False
6350,0.056926996,0.0956319,False
6349,0.09861258,-0.14895052,False
6348,-0.02208507,-0.0686661,False
6347,-0.15467946,-0.13696472,False
6346,0.0054778755,-0.03342712,False
6345,-0.05556541,0.09094658,False
6335,-0.0893718,-0.13663906,False
6344,0.06795877,0.30602664,False
6342,-0.08564682,-0.0989624,False
6341,0.16908866,0.019192338,False
6340,-0.15574521,0.1678474,False
6339,0.005128816,-0.09075823,False
6338,0.30915624,0.038244024,False
6337,-0.008592188,0.10595496,False
6343,0.01191644,-0.033390753,False
6528,-0.02040929,0.0040258616,False
6529,0.037199736,-0.32613254,False
6530,0.049743246,-0.013817091,False
6710,-1.3312137,-1.795871,False
6711,-0.045411244,-0.08579877,False
6712,-0.20529467,-0.04645288,False
6713,0.118122935,-0.4945203,False
6714,-0.07496234,-0.07331122,False
6715,0.040914953,-0.023491034,False
6716,-0.0619756,-0.019076943,False
6717,-0.087677896,0.046877503,False
6718,-0.44854474,-0.28440285,False
6719,-0.05324983,-0.036146834,False
6720,-0.0029256642,0.005209267,False
6721,-0.03333375,-0.03994885,False
6722,0.021246038,0.010437414,False
6723,-0.030430943,0.035549104,False
6724,0.017865162,0.008817535,False
6725,0.032157183,0.036604404,False
6726,0.034128234,0.08819945,False
6740,-0.089431584,-0.013679802,False
6739,0.002658926,-0.0648435,False
6738,-0.008589571,-0.008589571,False
6737,-0.38092268,-0.21552801,False
6736,-0.041813314,-0.117417544,False
6735,0.030384861,-0.024508007,False
6709,-0.046900287,-0.06855787,False
6734,0.05475536,0.007669091,False
6732,0.2506659,0.17502499,False
6731,-0.15434873,-0.07824719,False
6730,0.1660412,-0.032271564,False
6729,-0.40049624,-0.12741435,False
6728,-0.050065294,-0.042519048,False
6727,-0.014986165,-0.014986165,False
6733,-0.49092293,-0.26245046,False
6708,0.0,0.0013509168,False
6707,0.0070184283,-0.020169077,False
6706,0.18541327,-0.050911516,False
6687,0.036328435,0.054870665,False
6686,-0.014182264,-0.01414178,False
6685,0.24584281,-0.055694044,False
6684,-0.2697115,0.04525113,False
6683,0.10684249,-0.030341163,False
6682,0.5722586,0.1448561,False
6688,-0.014039677,-0.012961518,False
6681,0.07093793,-0.005415857,False
6679,0.03866923,-0.28789937,False
6678,0.74487436,0.7606071,False
6677,-0.010616908,-0.0042753564,False
6676,0.02181539,0.038210496,False
6675,-0.042898357,-0.09045108,False
6674,-0.09251952,-0.08362365,False
6680,-0.02316719,0.007246878,False
6741,0.0668073,-0.14640552,False
6689,-0.09616217,-0.050815806,False
6691,0.0,0.00970768,False
6705,-0.30020428,-0.268098,False
6704,-0.36441517,-0.2895372,False
6703,-0.003413568,-0.003413568,False
6702,-0.029280543,0.0150987655,False
6701,-0.0048743673,-0.028628327,False
6700,0.00542213,-0.014019623,False
6690,0.15468286,-0.08518507,False
6699,-0.08220559,-0.0697456,False
6697,-0.046409465,0.07222329,False
6696,-0.0046749087,0.0026058694,False
6695,-0.03634017,0.01556721,False
6694,0.052536204,-0.03092783,False
6693,-0.04118696,0.10196453,False
6692,0.0,0.0,False
6698,0.06757629,0.043353796,False
6673,0.04556541,-0.016671797,False
6742,-0.08917035,0.027291983,False
6744,-0.018706396,0.009217918,False
6781,-0.03171122,-0.0043376684,False
6782,0.018616783,0.011402513,False
6783,-0.21098733,0.6354017,False
6784,-0.07747649,-0.11380956,False
6785,-0.032188773,-0.047575496,False
6786,0.06844248,-0.08297321,False
6787,-0.004892896,-0.004892896,False
6788,-0.102555215,-0.3946756,False
6789,-0.31670585,-0.34108058,False
6790,0.1010692,0.080788895,False
6791,-0.0076645846,0.010345499,False
6792,0.0,0.0,False
6793,-0.017262056,-0.017262056,False
6794,-0.37068677,-0.031828165,False
6795,-0.15506625,-0.61753845,False
6796,0.072773874,-0.0880885,False
6797,-0.071619466,-0.0711559,False
6811,-0.043499768,-0.29886574,False
6810,-0.22401854,-0.14862907,False
6809,-0.20012736,-0.21014658,False
6808,0.0,0.0,False
6807,0.0,0.0009813885,False
6806,-0.0270084,0.021289393,False
6780,0.1796461,-0.07536778,False
6805,-0.16642767,-0.1606766,False
6803,-0.083309114,-0.051304758,False
6802,-0.0109815225,-0.023578942,False
6801,-0.03389322,0.022610664,False
6800,-0.009549551,-0.033920072,False
6799,-0.14272857,-0.24013948,False
6798,-0.034509182,0.23575115,False
6804,0.07082653,-0.0070438683,False
6779,-0.03516084,-0.07457048,False
6778,-0.021354899,-0.014967084,False
6777,0.03362435,-0.039291196,False
6758,0.0043818206,-0.019361766,False
6757,-0.0087801665,-0.008730381,False
6756,0.0024306178,0.0055043995,False
6755,0.0659634,0.01916404,False
6754,-0.19365859,-0.112165004,False
6753,-0.004049537,-0.004049537,False
6759,0.042121768,0.096924305,False
6752,0.0031313896,-0.37517357,False
6750,-0.014836813,-0.014836813,False
6749,-0.09289616,-0.10728443,False
6748,-0.2986021,-0.18419743,False
6747,-0.02693493,-0.0636043,False
6746,-0.06497841,-0.08579036,False
6745,-0.028645983,0.00916378,False
6751,-0.064838886,-0.49167633,False
6743,-0.035496235,-0.051312815,False
6760,-0.014468566,-0.014468566,False
6762,-0.14110732,-0.051973462,False
6776,-0.08176744,0.05158353,False
6775,0.029216886,-0.1324749,False
6774,-0.04071855,-0.08257838,False
6773,-0.07475513,-0.22625566,False
6772,0.09902245,0.078574985,False
6771,-0.025170445,0.07709965,False
6761,0.055164933,-0.33131897,False
6770,-0.15323403,-0.07224548,False
6768,-0.1493266,-0.23609385,False
6767,0.124015,0.15899062,False
6766,-0.00031981245,-0.015404806,False
6765,-0.0052858796,-0.0052858796,False
6764,-0.004841125,-0.004841125,False
6763,0.0,0.0,False
6769,-0.0016691238,-0.0554932,False
6247,-0.13259605,-0.03721249,False
6672,0.0011487119,-0.012559956,False
6670,-0.04758227,-0.15092969,False
6567,-0.14746213,0.106687784,False
6568,-0.92607045,-0.68037176,False
6569,-0.06376672,-0.02683407,False
6570,0.043958552,-0.020285299,False
6571,-0.39076197,-0.45623863,False
6572,-0.47475243,-0.5295818,False
6573,0.07981786,0.05808541,False
6574,-0.121159434,-0.13125351,False
6575,0.063474774,-0.21304584,False
6576,-0.02076745,-0.11529672,False
6577,0.0,0.0,False
6578,0.21064377,-0.47757578,False
6579,0.46917152,0.047671437,False
6580,-0.0024659336,-0.024394076,False
6581,-0.04743921,-0.09660667,False
6582,-0.087118685,-0.06449182,False
6583,-0.0031098872,-0.02716741,False
6597,-0.09175903,0.009830654,False
6596,-0.25257492,-0.051035702,False
6595,0.030067205,-0.17479992,False
6594,-0.063530594,-0.054453254,False
6593,0.12574735,0.15528235,False
6592,0.01806758,0.03582682,False
6566,-0.12903917,-0.061972976,False
6591,-0.011668734,0.099484794,False
6589,0.07916129,-0.021207035,False
6588,-0.014823917,-0.034324326,False
6587,0.030963138,-0.120659195,False
6586,-0.11611633,-0.106475905,False
6585,-0.10352838,-0.3890394,False
6584,-0.12322295,-0.20257282,False
6590,0.0,0.0,False
6565,-0.07462722,-0.26666296,False
6564,-0.6684692,-0.27246857,False
6563,-0.25843287,-0.2425467,False
6544,-0.3072343,-0.07161355,False
6543,0.40398717,0.07178664,False
6542,-0.0038661957,-0.15027142,False
6541,-0.062921405,0.09437454,False
6540,-0.28171647,0.09810758,False
6539,-0.33867455,-0.22516036,False
6545,-0.12085074,0.09087327,False
6538,-0.44153738,-0.4552946,False
6536,0.17725182,0.017663479,False
6535,0.010511398,-0.2104249,False
6534,-0.2504835,-0.25226521,False
6533,0.007062748,0.10168074,False
6532,-0.098427236,-0.026107669,False
6531,-0.010966301,0.30790257,False
6537,0.18888593,0.18639326,False
6598,-0.35456538,0.17464304,False
6546,-0.0038599067,-0.0038599067,False
6548,0.009518021,-0.013031082,False
6562,-0.038092803,-0.038092803,False
6561,-0.043353826,0.006061971,False
6560,0.014964977,-0.027707094,False
6559,-0.35484484,0.10547036,False
6558,0.06131649,-0.09159106,False
6557,-0.06510942,0.11912604,False
6547,0.023186749,0.0,False
6556,-0.2525791,-0.29373837,False
6554,-0.00294636,-0.022048905,False
6553,-0.018705439,-0.018705439,False
6552,0.4746375,0.23809624,False
6551,0.28942096,0.006922722,False
6550,-0.11965418,-0.10610771,False
6549,-0.0035738442,-0.027310506,False
6555,0.028682113,0.05215609,False
6671,-0.18651938,-0.28144217,False
6599,-0.36508596,-0.2559091,False
6601,0.017021045,-0.07286203,False
6638,-0.029727202,-0.053436827,False
6639,-0.009931173,-0.009917995,False
6640,-0.009962751,-0.009962751,False
6641,-0.22520065,0.18359137,False
6642,-0.03256014,0.08006036,False
6643,-0.03955929,-0.07695328,False
6644,-0.0074082017,-0.007935073,False
6645,-0.28137103,-0.14989442,False
6646,-0.017326385,0.11010304,False
6647,0.13493115,-0.00018563867,False
6648,-0.09698386,-0.12093179,False
6649,-0.042434163,-0.067805275,False
6650,0.0,0.0,False
6651,-0.023583254,-0.047915634,False
6653,-0.043156676,-0.058926746,False
6654,-0.23673004,-0.18544254,False
6655,0.014389029,-0.030860307,False
6669,-0.007576704,-0.02934197,False
6668,0.022689655,-0.013897419,False
6667,-0.0769805,-0.011328891,False
6666,0.18979257,-0.07377303,False
6665,0.028042361,-0.010995999,False
6664,0.12198597,0.026895717,False
6637,0.01463897,-0.023701275,False
6663,-0.28276473,0.11376035,False
6661,-0.013213616,-0.013184577,False
6660,0.0010750443,-0.16343625,False
6659,-0.0003501214,-0.012276332,False
6658,0.037620902,0.011842519,False
6657,0.0013025999,0.15274903,False
6656,-0.10638666,-0.09844351,False
6662,-0.7273313,-0.4644158,False
6636,-0.5519997,-0.16647911,False
6635,-0.0636072,0.035357773,False
6634,-0.026605548,0.022142405,False
6615,0.06988835,0.22602427,False
6614,-0.18619266,-0.06653249,False
6613,-0.0029229522,0.12136161,False
6612,-0.017996192,-0.08505145,False
6611,-0.121726364,-0.0366593,False
6610,0.15109497,0.049563706,False
6616,-0.043100715,-0.057995524,False
6609,0.16075107,0.030918285,False
6607,-0.0039219856,0.06222105,False
6606,0.0,1.04794735e-05,False
6605,0.0,0.0,False
6604,-0.26064068,-0.16229594,False
6603,-0.28679645,-0.07527661,False
6602,-0.005006542,-0.005006542,False
6608,0.038275447,0.0,False
6600,0.02572204,-0.019830743,False
6617,0.008530751,-0.011073247,False
6619,-0.10376084,0.0005738139,False
6633,0.005712658,0.07062657,False
6632,0.02656135,-0.03382221,False
6631,0.022593454,0.0,False
6630,-0.3013332,-0.44150263,False
6629,0.04190871,0.0046874452,False
6628,0.016216325,-0.0048315576,False
6618,-0.09080249,0.07245529,False
6627,-0.20823616,-0.11693096,False
6625,-0.09988168,0.063427925,False
6624,-0.4266724,-0.16014063,False
6623,-0.4608059,-0.23238122,False
6622,-0.26075214,-0.031312585,False
6621,-0.2174004,-0.17694512,False
6620,0.011636019,-0.048586786,False
6626,-0.11069198,-0.120453626,False
6246,-0.123761326,-0.116371095,False
6257,0.091183305,-0.011951983,False
6244,-0.09839735,-0.09181811,False
5882,0.01831798,-0.0050598695,False
5883,-0.004896036,-0.004896036,False
5884,-0.08275007,-0.015172556,False
5885,-0.14286828,-0.55978036,False
5886,0.13498467,0.4713834,False
5887,-0.13038509,0.033231705,False
5888,0.10958564,0.0064104497,False
5889,-0.08453739,-0.09511757,False
5890,0.108156025,-0.00906229,False
5891,-0.15844429,-0.1209895,False
5892,-0.0022117347,0.04157682,False
5893,-0.33573812,-0.16840512,False
5894,-0.008153947,-0.008153947,False
5895,-0.057029456,-0.058703035,False
5896,-3.516674e-05,0.11102265,False
5897,0.04261017,0.03759387,False
5898,-0.07042054,-0.050655395,False
5912,-0.030874256,0.035892185,False
5911,0.030565307,0.03982465,False
5910,-0.009103834,-0.009103834,False
5909,-0.27764225,-0.37181997,False
5908,-0.004497087,-0.004497087,False
5907,0.0,0.0,False
5881,-0.9664216,-0.2767284,False
5906,0.052634623,-0.011529815,False
5904,0.013479985,0.0038889498,False
5903,0.13585311,-0.032108575,False
5902,-0.19956678,0.004310727,False
5901,-0.18235292,0.020044655,False
5900,-0.011554807,-0.0064937472,False
5899,0.014069375,-0.0045474074,False
5905,0.010870405,0.04904332,False
5880,0.0,0.0,False
5879,0.0240319,-0.0040685385,False
5878,-0.028885365,0.08665538,False
5859,0.03139454,0.0339147,False
5858,-0.3619449,0.08789945,False
5857,-0.020307645,-0.020307645,False
5856,-0.02406801,-0.04579424,False
5855,-0.009551138,0.029767424,False
5854,0.0,0.0,False
5860,-0.009050237,-0.008537109,False
5853,0.01736475,-0.005222162,False
5851,0.09054725,-0.038078755,False
5850,-0.081934586,0.29048496,False
5849,-0.004898398,-0.0005334653,False
5848,0.39122367,-0.15725708,False
5847,-0.19676813,0.19428158,False
5846,0.004866749,-0.016812071,False
5852,0.02153027,0.16374594,False
5913,-0.34304076,-0.34373993,False
5861,0.019500986,-0.02346117,False
5863,0.44959593,-0.09320319,False
5877,-0.5598419,-0.30115914,False
5876,-0.26743317,-0.04247445,False
5875,-0.48669076,0.0018785,False
5874,-0.02799289,-0.03523095,False
5873,-0.2599607,-0.25795954,False
5872,-1.2137846,-0.4732896,False
5862,0.07997051,-0.10889652,False
5871,0.079726696,-0.7049546,False
5869,0.09007786,-0.056367476,False
5868,-0.004661479,0.001219451,False
5867,-0.00066258945,-0.0053037293,False
5866,-0.25091684,-0.12735677,False
5865,-0.19466722,-0.3227734,False
5864,-0.004127486,-0.004127486,False
5870,-0.07321377,-0.09512545,False
5845,-0.19584537,-0.059913844,False
5914,-0.095600456,-0.058578968,False
5916,-0.17654753,0.11128986,False
5954,-0.19871894,-0.19552085,False
5955,0.00094414875,-0.01686892,False
5956,0.10492915,-0.17203136,False
5957,-0.009878572,-0.009878572,False
5958,0.45646095,0.20058346,False
5959,-0.73577213,-0.42237115,False
5960,0.0,0.0,False
5961,-0.11670086,0.0064281225,False
5962,-0.20603648,-0.24775624,False
5963,-0.06915502,0.029040515,False
5964,-0.64270437,-0.22894883,False
5965,-0.08877367,-0.015022457,False
5966,-0.84327173,0.016153574,False
5967,-0.1562289,0.028058529,False
5968,0.16248032,-0.026776657,False
5969,-0.010168098,-0.0506564,False
5970,-0.30593008,-0.40104002,False
5984,-0.14366686,-0.035339773,False
5983,0.020533547,-0.053819984,False
5982,0.019706286,-0.016219541,False
5981,-0.09797412,0.053560972,False
5980,-0.09849405,0.004357815,False
5979,0.025194377,0.10038924,False
5953,-0.23033297,0.13510984,False
5978,0.01958476,-0.015624165,False
5976,0.0016255546,-0.020097647,False
6245,-0.03291019,0.031715475,False
5974,-0.09525797,-0.09162152,False
5973,-0.1451214,-0.08719891,False
5972,0.027885199,-0.17491889,False
5971,0.28928256,0.077560306,False
5977,-0.100822926,-0.23195267,False
5952,-0.067443155,-0.024451017,False
5951,-0.25130498,-0.0013226867,False
5950,0.11701733,-0.066099286,False
5930,0.052533023,-0.05593472,False
5929,0.016692542,0.037345245,False
5928,0.005627215,-0.062279195,False
5927,-0.3693064,-0.2612188,False
5926,-0.10962662,-0.14466828,False
5925,-0.073034644,0.06015739,False
5931,-0.060854927,0.02940087,False
5924,-0.0702008,-0.10518162,False
5922,0.2686627,-0.0129185915,False
5921,0.06550673,-0.1329354,False
5920,-0.10187438,-0.018668234,False
5919,-0.005140462,-0.005140462,False
5918,0.015702378,-0.00908873,False
5917,-0.23029387,-0.09823662,False
5923,-0.20695364,0.14150047,False
5915,-0.039304227,0.16262761,False
5932,-0.18011129,-0.26583734,False
5934,-0.10967046,-0.11689091,False
5949,-0.0046281735,-0.0046281735,False
5948,0.025994662,-0.043496046,False
5947,-0.052077413,0.103756785,False
5946,0.0,0.0,False
5945,0.022151425,-0.013161015,False
5944,-0.0011438187,-0.0175026,False
5933,0.16096675,-0.020189762,False
5942,-0.30983555,-0.12538481,False
5940,-0.066927075,-0.118668914,False
5939,-0.016749114,0.2163854,False
5938,-0.4407587,-0.2883532,False
5937,-0.16436258,0.3218543,False
5936,-0.21014136,-0.15698242,False
5935,-0.3029012,-0.33729327,False
5941,0.0014335513,-0.06275832,False
5844,0.23080063,0.30561852,False
5843,0.040705055,-0.008940399,False
5842,-0.009687987,-0.0026233047,False
5737,0.04434458,-0.059866246,False
5738,-0.116423756,-0.08741912,False
5739,-0.3316803,-0.66674924,False
5740,-0.06685154,0.29416752,False
5741,-0.4221599,-0.62839746,False
5742,-0.003592351,-0.003592351,False
5743,-0.004415072,-0.004415072,False
5744,0.061895847,-0.02520965,False
5745,-0.17444512,-0.104053915,False
5747,0.013057407,-0.009508086,False
5748,-0.004825721,-0.004825721,False
5749,-0.024555495,-0.024555495,False
5750,-0.0049733785,0.0010259515,False
5751,-0.20709974,-0.29027182,False
5752,0.018016875,-0.087444544,False
5753,-0.09376669,-0.09662545,False
5754,0.09397769,-0.18180525,False
5768,-0.02778697,0.04020828,False
5767,0.14238381,-0.22095984,False
5766,-0.16067499,-0.02500236,False
5765,-0.31925917,0.04590535,False
5764,-0.024502307,-0.024502307,False
5763,0.08041936,0.05287218,False
5736,-0.015065657,-0.008895503,False
5762,-0.08969337,0.0015360117,False
5760,0.4400282,0.3538475,False
5759,-0.124639496,0.096940026,False
5758,0.05664012,-0.049944736,False
5757,-0.12593257,-0.18986201,False
5756,0.03320071,-0.03456998,False
5755,0.0023462474,0.1175338,False
5761,-0.19380984,0.1291256,False
5735,0.35659766,-0.46061218,False
5734,0.16080734,-0.026448756,False
5733,0.076405585,-0.021469533,False
5714,-0.008461639,-0.030187871,False
5713,-0.14371073,0.0075436234,False
5712,0.0,5.654537e-05,False
5711,0.25742662,0.07080108,False
5710,0.18782526,-0.25107187,False
5709,0.0027125627,-0.09946452,False
5715,-0.006312743,-0.07780402,False
5708,0.15973127,-0.21093857,False
5706,-0.10260582,0.07995677,False
5705,0.014609218,0.060349762,False
5704,0.018340737,0.018126592,False
5703,0.15419865,-0.04386121,False
5702,-0.04361849,-0.023356661,False
5701,0.019439489,0.035834223,False
5707,0.0,0.0,False
5769,-0.0044382513,0.01685825,False
5716,0.039159924,-0.02858433,False
5718,-0.0036115283,0.17077543,False
5732,-0.28361988,0.16284639,False
5731,0.07081771,0.032304525,False
5730,-0.16384265,0.08702302,False
5729,-0.013852173,-0.013852173,False
5728,-0.41599458,-0.20877343,False
5727,0.0122457,-0.016167652,False
5717,0.0100509785,-0.034575302,False
5726,-0.07725813,-0.006246522,False
5724,-0.12032704,-0.121273324,False
5723,0.04433143,-0.2777102,False
5722,-0.0921312,-0.0662556,False
5721,0.20878667,-0.033573985,False
5720,0.04116126,-0.022603996,False
5719,-0.126147,0.069767386,False
5725,0.1278475,-0.083835766,False
5770,-0.20317173,0.0804168,False
5771,-0.0049358276,0.076514095,False
5772,0.0,0.0,False
5823,0.41707963,0.18093193,False
5822,-0.010149768,-0.0068272245,False
5821,0.016498633,0.0195973,False
5820,-0.104680896,0.0914731,False
5819,0.023255765,-0.011458755,False
5818,-0.09793544,0.26015913,False
5824,-0.0043838597,-0.0043838597,False
5817,-0.107385784,-0.036671735,False
5815,0.10023534,-0.11744416,False
5814,0.04583832,0.007891161,False
5813,-0.1944133,-0.41081154,False
5812,-0.4269308,-0.91280425,False
5811,0.07821798,-0.5564327,False
5810,-0.026499461,-0.071392946,False
5816,-0.3219819,-0.2845366,False
5809,-0.20459396,-0.17308736,False
5825,0.019302014,0.07596636,False
5827,-0.0048273588,-0.0048273588,False
5841,-0.019887328,-0.5353293,False
5840,0.040347755,-0.036095455,False
5839,0.0,0.0,False
5838,-0.15099308,-0.14436719,False
5837,-0.012076214,-0.02951844,False
5836,0.0,0.0,False
5826,0.017270654,-0.005193006,False
5835,0.0,7.4140107e-06,False
5833,0.07613946,-0.07940025,False
5832,-0.107372716,-0.097897336,False
5831,-0.0048066503,-0.0048066503,False
5830,-0.0087942,-0.008681284,False
5829,0.15156572,0.07650857,False
5828,0.008886194,-0.014512058,False
5834,0.010241574,-0.009541677,False
5985,0.09040773,-0.06447971,False
5808,-0.004670024,-0.0476048,False
5806,-0.08250862,0.03628981,False
5787,0.13049734,-0.018873394,False
5785,-0.082192264,-0.1573458,False
5784,0.0024979152,-0.019397723,False
5783,-0.004880251,0.040113576,False
5782,0.0,0.0,False
5781,-0.13013265,-0.22269522,False
5788,-0.005083628,-0.009160797,False
5780,0.14130911,-0.098373845,False
5778,-0.015023401,-0.014912669,False
5777,-0.004025647,-0.0037457298,False
5776,0.0073462874,-0.09097728,False
5775,0.03354613,-0.05857433,False
5774,0.13131857,-0.40591666,False
5773,0.0,0.0,False
5779,0.017782131,0.0,False
5807,-0.008523677,-0.04146497,False
5789,0.028584123,-0.19027573,False
5791,0.08043823,0.052398592,False
5805,0.11457956,0.06712818,False
5804,-0.34303004,-0.22088921,False
5803,0.1882714,-0.019445479,False
5802,-0.05032353,0.075818986,False
5801,-0.12799126,-0.0015283823,False
5800,-0.116799794,0.058426738,False
5790,-0.25840217,-0.06904119,False
5799,-0.8038225,-0.59985316,False
5797,-0.018221378,-0.5663662,False
5796,0.0,0.0032344542,False
5795,-0.24365282,-0.2506755,False
5794,-0.023813378,-0.018431168,False
5793,-0.01813434,-0.014537603,False
5792,-0.011578977,-0.05484864,False
5798,0.032645963,-0.028505804,False
5986,-0.15074871,0.010566533,False
5975,0.011054754,-0.3095138,False
5988,0.09057498,-0.67796373,False
6153,0.040701702,-0.038240567,False
6152,-0.041517958,-0.009297654,False
6151,-0.18775451,-0.20714462,False
6150,-0.06484333,0.00032627583,False
6149,0.0,0.00025157182,False
6148,-0.11916685,-0.18022287,False
6154,-0.0042631375,-0.0042631375,False
6147,-0.0014052205,-0.031492427,False
6145,-0.02122188,-0.013305322,False
6144,0.07044119,-0.19153038,False
6143,-0.008404627,-0.008404627,False
6142,-0.14428335,-0.2639508,False
6141,0.17760268,-0.033019096,False
6140,-0.2765293,0.11406505,False
6146,0.040162235,-0.022076508,False
6139,-0.05292934,-0.09548086,False
6155,0.043137223,-0.07343894,False
6157,-0.0367015,0.10188584,False
6171,-0.062472463,-0.123619735,False
6170,0.10458171,-0.07150936,False
6169,0.06490213,-0.241736,False
6168,-0.0691928,-0.0033883452,False
6167,-0.059394777,0.20308673,False
6166,-0.035755042,-0.022820164,False
6156,-0.00799015,-0.00799015,False
6165,0.19346061,-0.05297953,False
6163,-0.12591362,-1.3054874,False
6162,0.0,0.0,False
6161,0.0,0.0,False
6160,0.010532238,-0.032578398,False
6159,-0.019316196,-0.039449327,False
6158,-0.023568418,-0.012248751,False
6164,-0.16019511,-0.30831683,False
6172,0.01664278,-0.032208323,False
6138,-0.033444416,-0.033444416,False
6136,-0.00914659,-0.00914659,False
6117,-0.026472598,-0.016074598,False
6116,-0.0048224535,-0.0048224535,False
6115,0.0,0.0,False
6114,0.023942681,0.0,False
6113,-0.21008599,-0.18094528,False
6112,-0.0035210575,0.00037653302,False
6118,0.0,3.517852e-05,False
5987,-0.025710702,-0.07279658,False
6109,0.014196377,-0.007505228,False
6108,0.010552272,-0.054064125,False
6107,-0.10203807,-0.064424634,False
6106,-0.13730852,-0.002951011,False
6105,-0.16180956,-0.1181255,False
6104,0.006002743,-0.017951619,False
6110,-0.0023246408,-0.062740386,False
6137,0.030806236,-0.01449549,False
6119,-0.20592093,-0.32308453,False
6121,0.011331707,0.15603334,False
6135,0.0414702,-0.046346083,False
6134,0.09163624,-0.37693894,False
6133,0.0011436101,-0.02048674,False
6132,0.07143634,-0.015981808,False
6131,0.11753869,0.14980692,False
6130,0.0,0.0047548194,False
6120,0.018714577,-0.0044635446,False
6129,-0.0056376476,-0.027497122,False
6127,0.034071844,-0.036303077,False
6126,0.0004107952,0.084866285,False
6125,0.013833046,-0.009353703,False
6124,0.009117947,-0.010382461,False
6123,-0.019118136,-0.041711856,False
6122,-0.28515506,-0.192218,False
6128,0.016212424,0.024295663,False
6103,-0.0012546182,0.003415469,False
6173,-0.02307996,-0.02306147,False
6175,0.0038343463,-0.018830797,False
6225,-0.035683807,-0.010558315,False
6224,-0.0035317782,-0.017049663,False
6223,-0.12683004,0.0010833144,False
6222,-0.012915406,-0.012915406,False
6221,-0.01000915,-0.01000915,False
6220,-0.1933825,-0.08123267,False
6226,-0.10818374,0.06050414,False
6219,-0.015261399,-0.015261399,False
6217,0.059107468,0.048787445,False
6216,-0.009926863,-0.027493868,False
6215,0.019103765,0.11625838,False
6214,-0.068965286,-0.068965286,False
6213,0.0,0.0,False
6212,0.115445025,0.0073645413,False
6218,-0.0024971887,-0.021035664,False
6211,-0.22625133,-0.03473583,False
6227,-0.09148068,-0.020005375,False
6229,-0.13396752,0.17411602,False
6243,-0.0609653,-0.16373658,False
6242,-0.014972769,-0.07145778,False
6241,0.0055662617,-0.01442083,False
6240,0.0009257868,-0.014074928,False
6239,0.024309333,-0.012543074,False
6238,0.01808643,-0.0051853876,False
6228,-0.26135564,-0.22225916,False
6237,-0.3001871,-0.022785902,False
6235,-0.2756567,-0.23282957,False
6234,0.0,0.00020374372,False
6233,-0.029794637,-0.029652383,False
6232,0.0,0.0,False
6231,-0.28720152,-0.06867492,False
6230,0.045011103,0.011626661,False
6236,-0.005169034,0.0936228,False
6174,-0.08497739,-0.38489532,False
6210,-0.025652453,0.07645884,False
6208,0.01919692,-0.024145331,False
6189,-0.2432859,-0.17209929,False
6188,-0.009328847,-0.009328847,False
6187,-0.16869473,-0.07222855,False
6186,0.081267886,-0.05891234,False
6185,-0.048521042,-0.07049167,False
6184,-0.095974,-0.20513907,False
6190,-0.26981068,-0.12017059,False
6183,-0.47394192,-0.73363256,False
6181,-0.13413721,-0.03372255,False
6180,0.0,0.0,False
6179,0.0010045767,-0.0737796,False
6178,-0.2737292,-0.28918535,False
6177,-0.22075117,-0.26826936,False
6176,0.17965692,0.02109152,False
6182,-0.023926362,0.0002181232,False
6209,0.010032266,0.06081087,False
6191,-0.034652203,0.10511938,False
6193,-0.02465018,-0.02464189,False
6207,0.03598571,-0.004428873,False
6206,0.067359865,0.26441038,False
6205,-0.21250772,-0.3789959,False
6204,-0.15357733,-0.28334236,False
6203,0.0,0.0,False
6202,0.1554872,-0.034342375,False
6192,-0.033888042,0.03344594,False
6201,0.070679456,0.019592464,False
6199,-0.011464417,-0.16726181,False
6198,0.016628586,0.021553017,False
6197,-0.023902655,-0.0057125688,False
6196,0.02664645,0.02231969,False
6195,-0.019300343,-0.00019836426,False
6194,-0.02641341,0.009242162,False
6200,0.07426828,0.039708197,False
6102,-0.0059314445,-0.04885787,False
6111,-0.034291666,-0.034291666,False
18210,-0.033218175,-0.0374071,False
6037,0.041038077,-0.0011934354,False
6003,0.13318157,-0.3018005,False
6038,0.058657423,0.05617997,False
6039,0.013776075,-0.009963311,False
6040,0.19460872,0.2668819,False
6041,0.035052508,-0.13516515,False
6042,0.0932163,0.4889604,False
6043,-0.20690894,-0.24481702,False
6002,-0.06520584,-0.001964882,False
6044,0.047043443,0.29839745,False
6045,-0.014223017,-0.04827199,False
6001,-0.088873506,-0.1086328,False
6004,-0.12956494,-0.28966618,False
6000,0.0,0.0,False
5999,0.045982122,-0.12748337,False
6047,-0.028789371,-0.10576469,False
5998,-0.27973223,-0.07387489,False
6048,-0.005712837,0.09064022,False
5997,-0.017001927,-0.011963248,False
5996,-0.0919456,-0.13263734,False
6049,-0.005799055,0.0018864274,False
6050,-0.27438736,-0.08298814,False
6051,-0.0033912933,8.202344e-05,False
6052,-0.03285583,-0.09777082,False
6053,-0.07838721,-0.08251232,False
6012,-0.12522757,-0.09305751,False
6046,-0.04314875,0.25709465,False
6036,-0.013964744,-0.03299529,False
6035,-0.0027180612,-0.078533396,False
6034,0.06624484,0.07655187,False
6010,0.11224574,-0.21261278,False
6013,0.056052864,0.032657713,False
6014,0.10517603,0.0035124123,False
6015,-0.06632808,-0.20413399,False
6016,-0.13872647,-0.14682561,False
6017,-0.009527475,0.19340757,False
6009,-0.004990244,-0.004990244,False
6018,-0.038031787,-0.101235375,False
6019,-0.2526046,-0.24287176,False
6020,-0.004701514,-0.004701514,False
6021,0.013647888,-0.02358248,False
6008,-0.019860888,-0.019860888,False
6022,-0.04684268,0.02723609,False
6023,0.0,0.008868923,False
6024,-0.004886454,-0.004886454,False
6007,-0.016462773,0.0471296,False
6025,-0.101358175,-0.1775387,False
6026,0.17282093,-0.21158373,False
6027,0.037435353,-0.12696648,False
6028,0.049361944,-0.11211136,False
6029,-0.12673932,-0.113927126,False
6006,-0.009280026,-0.08482,False
6030,-0.2130639,-0.1087873,False
6031,-0.013802659,-0.015025169,False
6032,-0.0016078055,-0.05960667,False
6005,-0.06727484,-0.07744381,False
6033,-0.20713848,-0.15350181,False
6054,-0.11829366,0.011966914,False
6055,0.0,0.0,False
5995,0.0017613508,0.0036363807,False
6056,0.10116315,-0.0052275956,False
6080,-0.0065044537,-0.021975562,False
6081,0.09758775,0.06745714,False
6083,-0.015702426,-0.0714442,False
6084,-0.09010264,-0.22974175,False
6085,0.014823258,-0.071980685,False
6086,0.0712069,0.06659615,False
6087,0.0140069425,-0.35894164,False
6088,0.121068716,0.04598263,False
6089,0.13512647,-0.15566206,False
6090,0.13958973,0.019676484,False
6091,-0.28130698,0.22958761,False
5992,0.15958846,-0.6543768,False
6092,-0.16984755,-0.066554785,False
6093,-0.0093902415,-0.0093902415,False
6094,-0.06805611,0.016918778,False
6095,0.06652503,0.059821993,False
6096,-0.30368894,-0.08977759,False
6097,-0.34833544,-0.010184526,False
6098,-0.07949278,0.42238438,False
6099,0.0,0.0,False
6100,-0.092558235,0.03579074,False
6101,-0.02289144,-0.056423984,False
5991,-0.21472466,-0.84085715,False
5990,-0.13961744,0.16057396,False
5989,0.0032767057,-0.08305627,False
6079,-0.008402944,0.04295419,False
6078,0.05631438,0.07024154,False
6082,-0.35180056,0.026722193,False
6076,-0.11384845,0.12753284,False
6057,-0.117023125,-0.050559014,False
6058,-0.1555823,-0.13162473,False
6059,-0.13591403,-0.13083076,False
6060,0.074744165,-0.16779909,False
6061,0.0434016,-0.03511534,False
5994,-0.521248,-0.4071921,False
5993,-0.056966484,0.10649702,False
6062,0.0048356354,0.00837183,False
6063,-0.023140162,0.032793358,False
6064,-0.018703036,-0.0015599057,False
6065,-0.06568524,0.02622503,False
6066,0.035610437,-0.16827443,False
6077,-0.1868091,0.08633202,False
6067,-0.10380161,-0.0032579303,False
6011,-0.08028594,-0.06644127,False
6070,-0.016260479,-0.025871221,False
6068,0.05900252,0.18708682,False
6075,-0.06378114,0.028634429,False
6069,0.10780761,0.0696519,False
6074,0.0547536,0.059926987,False
6073,-0.2687574,-0.2714978,False
6072,0.023164943,-0.01990813,False
6071,-0.0076428354,-0.016433775,False
3131,-0.6591513,-0.39007768,True
11961,-1.4452119,-0.7604482,True
16189,-0.43289566,-0.14946651,True
12796,-0.110520795,0.052997917,True
17877,-0.13684931,-0.0132792,True
14205,-0.07392995,-0.06671752,True
9655,-0.10824401,-0.08771591,True
7414,-0.5169674,-0.15769136,True
15350,-1.9520566,-1.8993638,True
9087,-0.10763915,-0.0363023,True
11956,-0.706634,-0.3920176,True
4868,-0.8594553,-0.33796322,True
11953,-0.19809134,-0.17707616,True
6652,-2.3376706,-0.8385892,True
4892,-0.08207814,-0.070243716,True
8155,-0.48261613,-0.13314965,True
8148,-0.13954677,-0.13305363,True
7485,-1.6335554,-0.9539561,True
2406,-0.3297553,-0.0429433,True
14590,-0.098196946,-0.08979158,True
10373,-1.1452892,-0.76346946,True
17986,-0.12960917,-0.112658985,True
9843,-0.12577443,-0.10073703,True
4138,-1.2025121,-0.36312568,True
16329,-2.6005034,-1.3033829,True
7522,-1.831103,-1.3608959,True
2124,-0.90319824,-0.5390787,True
1318,-0.056032933,0.0851037,True
7782,-0.15085912,-0.15085912,True
9515,1.6569929,-0.54793763,True
12148,-1.6019688,-1.1779873,True
1798,-0.15327738,0.0025478005,True
5786,2.113968,0.2630186,True
11641,-1.1229955,-0.8156891,True
5746,-0.15633084,-0.10094222,True
12826,-1.354607,-0.8793247,True
7337,-0.15803243,-0.1315263,True
5943,-1.3616316,-0.72164094,True
8839,-0.88789666,-0.017145634,True
10004,-0.08268969,0.057002395,True
9342,-2.4725888,-1.0643563,True
2219,-0.22296175,-0.19758378,True
16707,-0.11284094,-0.01026883,True
15491,-0.08845399,-0.055830214,True
10169,-0.116086654,0.04162983,True
5347,-0.0690077,0.09162048,True
4927,-1.6436987,-0.9708829,True
506,-0.08052789,-0.065298736,True
16185,-0.36582184,-0.3120365,True
2210,-0.12255608,-0.089698255,True
