gene_index,gt,pred,de
0,-0.05067657,-0.072329074,False
12122,-0.07351753,-0.087036125,False
12123,-0.07250965,-0.018058777,False
12124,-0.18335158,-0.16027802,False
12125,0.32922035,-0.0048010945,False
12126,-0.12887168,0.11071789,False
12127,0.07452557,-0.059488177,False
12128,0.045024335,-0.092135936,False
12129,0.02169599,0.08409293,False
12130,-0.08016708,-0.07601227,False
12131,-0.010247977,-0.010247977,False
12132,-0.0045059593,-0.0045059593,False
12133,0.0,0.0,False
12134,0.0,0.0008608221,False
12135,-0.06261721,-0.084044054,False
12136,-0.03669834,0.13427949,False
12137,-0.0011377465,-0.023047596,False
12138,0.022699758,-0.06117314,False
12153,0.0,0.0,False
12152,-0.017607927,0.16741523,False
12151,-0.0033912933,-0.0033912933,False
12150,-0.034525156,-0.22714269,False
12149,0.07914138,0.098029494,False
12148,-0.70720625,-0.8396685,False
12121,-0.0033912933,-0.0015691487,False
12147,-0.37886477,-0.95059526,False
12145,-0.044443086,0.07730615,False
12144,0.060768187,-0.10039249,False
12143,-0.003170982,-0.052536726,False
12142,0.0,0.0,False
12140,-0.0065354593,-0.01809249,False
12139,0.0,0.0,False
12146,0.0029337108,-0.01877283,False
12120,0.023404937,0.0,False
12119,0.0,0.0,False
12118,0.103175,-0.029200323,False
12098,-0.12940544,-0.14019519,False
12097,0.016499564,-0.015815824,False
12096,0.021953642,0.18705256,False
12095,0.10737485,0.052038684,False
12094,0.027284348,0.0022538118,False
12093,-0.0069641285,-0.023296874,False
12099,-0.0854422,-0.08361319,False
12092,-0.021540761,0.30144095,False
12090,-0.015816987,0.5712299,False
12089,-0.06256923,-0.07158467,False
12088,0.02145512,-0.024886003,False
12087,-0.04759366,-0.04759366,False
12086,0.11122453,0.08950102,False
12085,0.020857334,-0.1107857,False
12091,0.00056722853,-0.014665305,False
12154,-0.010731757,-0.049935758,False
12100,0.020420521,-0.13908353,False
12102,-0.02713573,0.34025598,False
12117,0.121916294,0.0510962,False
12116,0.0042229295,-0.04306358,False
12115,-0.07566905,-0.010080844,False
12114,-0.18848217,-0.41068256,False
12112,0.10250309,-0.044744045,False
12111,-0.16576356,0.19013095,False
12101,-0.080320805,0.2008811,False
12110,0.15777963,0.045809597,False
12108,0.02123392,-0.017124847,False
12107,0.078733504,0.004422441,False
12106,0.029885732,-0.021598298,False
12105,-0.091949105,0.04387939,False
12104,0.17009175,0.03975451,False
12103,0.16158092,-0.04847914,False
12109,0.03853232,-0.023386179,False
12084,-0.010219395,0.10687798,False
12155,0.0,0.0,False
12157,-0.03233239,-0.058602154,False
12195,0.09815535,0.048725545,False
12196,0.111080766,-0.4181835,False
12197,0.0,0.0,False
12198,-0.13985121,0.32831746,False
12199,-0.36825716,-0.2929852,False
12200,-0.14194274,-0.08118969,False
12201,0.112417236,-0.07557415,False
12202,-0.017992996,-0.00036763772,False
12203,0.004862739,-0.011816915,False
12204,0.012049464,-0.0055350047,False
12205,0.0514818,-0.019883215,False
12206,-0.02649358,-0.06436674,False
12207,0.033191588,0.020049099,False
12208,0.03932953,0.17448872,False
12209,-0.004802211,-0.004802211,False
12210,-0.067416996,0.09225162,False
12211,-0.010775328,-0.3678745,False
12225,-0.13657308,0.12144825,False
12224,-0.14644814,-0.055628598,False
12223,0.024954528,0.16070007,False
12222,0.10181725,-0.28996933,False
12221,-0.011774423,-0.029078152,False
12220,-0.0050021075,-0.0050021075,False
12194,-0.0066239685,-0.02712243,False
12219,0.0,0.0,False
12217,0.016377594,0.0,False
12216,0.0,0.0,False
12215,0.0,2.9821362e-05,False
12214,-0.0033912933,-0.00094199297,False
12213,-0.016733997,-0.04889485,False
12212,0.10702485,-0.19423789,False
12218,-0.12968054,-0.034171946,False
12193,-0.031781986,-0.09965201,False
12192,0.003991425,-0.22127992,False
12191,-0.1817539,0.09238911,False
12172,-0.004503161,-0.0042612483,False
12171,-0.045872007,-0.051328305,False
12170,-0.023857573,-0.020213049,False
12169,-0.012677967,-0.012561006,False
12168,0.10794976,-0.04303897,False
12167,0.0730018,-0.08183929,False
12173,-0.048123345,-0.007028345,False
12166,0.087146595,-0.083708055,False
12164,0.0016770959,-0.07985389,False
12163,0.015140757,-0.048278898,False
12162,-0.018500667,-0.035454184,False
12161,0.00037238747,-0.014900774,False
12160,0.0,0.0011841143,False
12159,0.042775102,-0.003625749,False
12165,-0.73052716,-1.2942889,False
12156,0.036403522,-0.022304356,False
12174,0.0,0.0,False
12176,0.033359177,-0.02274614,False
12190,0.02261592,-0.03380244,False
12189,-0.010486238,-0.010402104,False
12188,0.00010441616,-0.0072308704,False
12187,-0.055554748,-0.120574534,False
12186,0.118211925,0.021186948,False
12185,0.023180028,0.0,False
12175,0.013235293,0.0118896365,False
12184,-0.008799179,-0.008799179,False
12182,-0.026195616,0.079344705,False
12181,-0.03799048,-0.10710241,False
12180,0.030083075,-0.009961537,False
12179,0.049132477,0.01022321,False
12178,-0.008436941,-0.0067547727,False
12177,-0.016799808,-0.05736485,False
12183,-0.12255323,-0.3528881,False
12226,0.02985508,0.033274725,False
12083,-0.122270286,0.04376346,False
12081,-0.06623015,0.008362532,False
11979,0.023130774,-0.060295373,False
11980,-0.107525274,-0.00020103157,False
11981,0.0463835,-0.055691004,False
11982,0.037202954,0.16939467,False
11983,-0.066268355,-0.1548415,False
11984,-0.0085038245,0.099910855,False
11985,-0.02866596,-0.048713326,False
11986,0.0174976,-0.12059185,False
11987,-0.31244314,-0.43920743,False
11988,-0.0071746856,0.3627692,False
11989,0.028853238,0.109669924,False
11990,-0.061694145,-0.2020359,False
11991,-0.27405918,-0.23833764,False
11992,-0.033842564,-0.37457108,False
11993,-0.018533539,-0.014220977,False
11994,0.046588436,-0.049585134,False
11995,-0.010345846,-0.07866576,False
12009,-0.2684368,-0.009608626,False
12008,0.09371221,-0.08523345,False
12007,0.08233783,0.082853526,False
12006,-0.014216751,0.076663315,False
12005,0.16388226,0.05988002,False
12004,0.014866695,-0.106073,False
11978,-0.09315285,-0.07164624,False
12003,-0.0674918,0.07359886,False
12001,0.1958488,0.10419199,False
12000,0.22718483,-0.038224995,False
11999,-0.033242278,-0.033242278,False
11998,-0.014424308,-0.014424308,False
11997,0.03844072,-0.03285095,False
11996,0.10066557,0.15670848,False
12002,-0.4252231,-0.7401545,False
11977,-0.0033912933,-0.0030124628,False
11976,-0.41227603,-0.23694468,False
11975,-0.77830863,-0.88894606,False
11956,-0.5495571,-0.27102828,False
11955,-0.017071977,0.054764986,False
11954,-0.2343399,-0.07639301,False
11953,-0.114782356,-0.18166988,False
11952,-0.011864692,0.011957675,False
11951,0.028109409,-0.004429713,False
11957,-0.3422556,0.38059998,False
11950,-0.22987914,-0.3975258,False
11948,0.19453955,0.16361094,False
11947,-0.2041905,-0.51404,False
11946,-0.21032286,-0.1677469,False
11945,0.059667096,-0.030563068,False
11944,-0.014040053,0.0450581,False
11943,-0.026039079,-0.010926239,False
11949,0.13535118,-0.20275497,False
12010,0.06199372,-0.34203607,False
11958,-0.016695898,-0.016695898,False
11960,0.028163001,-0.05043503,False
11974,-0.009789228,-0.0013885498,False
11973,-0.025458708,-0.20387231,False
11972,-0.009039648,-0.009039648,False
11971,0.04700476,-0.082170635,False
11970,0.047617666,-0.014922537,False
11969,0.007874101,0.027655214,False
11959,-0.0073791556,-0.0303581,False
11968,0.014680276,-0.02450361,False
11966,-0.005863026,-0.13429919,False
11965,-0.12507632,-0.12988225,False
11964,0.098841205,0.08922775,False
11963,-0.0012539774,-0.04768929,False
11962,-0.033428673,-0.033428673,False
11961,-0.65294826,-0.57777524,False
11967,0.005789198,-0.04964979,False
12082,0.12890941,0.087174624,False
12011,-0.2610344,-0.0900116,False
12013,0.09983766,-0.19915867,False
12050,-0.008750975,-0.083839536,False
12051,0.074065626,0.019504368,False
12052,0.026958346,-0.11771798,False
12053,-0.004784322,-0.0033331527,False
12054,-0.036812693,0.027892083,False
12055,-0.042947434,-0.050572388,False
12056,-0.002758205,-0.028235763,False
12057,-0.01820798,-0.01820798,False
12058,0.0032552779,0.027992278,False
12059,-0.017359108,-0.030619174,False
12060,0.3294431,-0.09008896,False
12061,0.071160376,-0.0026021004,False
12062,-0.14901519,0.00021970272,False
12063,-0.0716161,-0.08772951,False
12064,-0.09619546,-0.16465837,False
12065,-0.023959935,0.09619343,False
12066,0.02881074,-0.020918444,False
12080,-0.5977174,-0.6076701,False
12079,0.19067812,0.19432402,False
12078,-0.0056041945,-0.022834813,False
12077,-0.044784874,-0.23113418,False
12076,-0.027348045,-0.0034469292,False
12075,0.046881527,0.17816992,False
12049,-0.042280942,-0.101356074,False
12074,0.0042470843,0.029583342,False
12072,-0.07751721,-0.29609236,False
12071,0.08178663,-0.026955968,False
12070,-0.15143389,-0.08406204,False
12069,-0.066067755,-0.009975314,False
12068,0.006250769,-0.05273539,False
12067,0.078902006,-0.11722588,False
12073,0.038067997,0.1114254,False
12048,-0.031791568,-0.02164422,False
12047,0.019587398,0.058389425,False
12046,0.037988186,0.06615651,False
12027,0.0079299435,-0.05929516,False
12026,-0.004728931,-0.004728931,False
12025,-0.009988271,-0.009988271,False
12024,-0.008782454,-0.008782454,False
12023,0.0038369782,-0.014574271,False
12022,0.16271314,-0.106776625,False
12028,0.012257144,-0.14996792,False
12021,0.04037842,0.16181155,False
12019,0.009421013,0.03757999,False
12018,-0.28221464,0.19826198,False
12017,-0.020853944,-0.09823964,False
12016,-0.028955802,0.045648724,False
12015,0.09628885,0.11347339,False
12014,0.103031516,-0.13673115,False
12020,-0.23065877,-0.031194925,False
12012,-0.14437044,-0.00081443787,False
12029,0.06072607,0.05981178,False
12031,-0.024455965,-0.015082784,False
12045,-0.009375231,-0.009375231,False
12044,-0.018954962,0.14530855,False
12043,0.0056740753,-0.021496557,False
12042,-0.006767988,0.0037894398,False
12041,-0.07616931,-0.24762881,False
12040,-0.056152448,0.050378546,False
12030,0.044091716,-0.0533786,False
12039,-0.0050767665,-0.0050767665,False
12037,0.032796234,-0.0045995875,False
12036,0.17684066,0.1367158,False
12035,-0.091492,0.021015704,False
12034,0.010556668,-0.07813598,False
12033,0.043420583,-0.05739209,False
12032,0.15495086,0.14639866,False
12038,0.012609482,0.0025324821,False
11942,0.042656492,-0.02733164,False
12227,0.006165794,-0.014160032,False
12229,-0.07513836,-0.09532073,False
12409,0.037944287,-0.17973009,False
12410,-0.09058097,-0.05604671,False
12411,-0.029137135,-0.036563978,False
12412,0.0,0.0020408677,False
12413,-0.019888222,-0.04439602,False
12414,-0.037546843,0.0150202215,False
12415,0.04589201,0.0,False
12416,-0.0117338,-0.002005726,False
12417,-0.18691623,-0.32560706,False
12418,-0.2963407,-0.16502428,False
12419,-0.080382824,-0.016883284,False
12420,-0.007782849,-0.007782849,False
12421,-0.0061620325,-0.029585231,False
12422,-0.07553221,-0.016109943,False
12423,-0.014844894,-0.056215554,False
12424,-0.18509936,0.2799915,False
12425,0.06615734,-0.033106327,False
12439,-0.03178194,-0.03254035,False
12438,0.010713946,0.015391421,False
12437,0.14656079,-0.04986614,False
12436,0.28818285,-0.011586726,False
12435,0.0,0.0,False
12434,-0.017044067,-0.03825593,False
12408,-0.10237372,0.034197032,False
12433,-0.018469416,-0.018469416,False
12431,0.0,0.0,False
12430,0.026312567,-0.039037354,False
12429,0.034070294,-0.0044077365,False
12428,0.0014454499,-0.021056473,False
12427,0.0,0.0,False
12426,-0.026543,-0.003050074,False
12432,-0.0598754,-0.0598754,False
12407,0.10117018,0.052653313,False
12406,-0.03872497,0.064475834,False
12405,-0.02323632,0.018621884,False
12386,0.0071355877,-0.011391483,False
12384,-0.10448885,-0.4632306,False
12383,-0.0026945341,-0.024043486,False
12382,0.01526482,-0.028513243,False
12381,0.009052604,-0.08865025,False
12380,-0.0451079,-0.30072832,False
12387,0.025575168,0.053947307,False
12379,-0.06229675,0.0952875,False
12377,-0.02550222,-0.06937787,False
12376,0.04014933,0.10913336,False
12375,0.150321,-0.06413472,False
12374,0.032331944,-0.02515006,False
12373,0.021493196,-0.064102784,False
12372,-0.11956221,-0.15541595,False
12378,-0.1268819,-0.009001493,False
12440,-0.35915136,-0.1892829,False
12388,0.036970746,-0.022349823,False
12390,0.18507695,-0.017689109,False
12404,-0.013417126,-0.013417126,False
12403,-0.009608442,-0.009608442,False
12402,-0.008657173,-0.008657173,False
12401,-0.010210887,-0.010210887,False
12400,0.34584308,-0.21939611,False
12399,0.013827682,-0.02654016,False
12389,0.031020582,0.09225112,False
12398,0.083441615,-0.31615746,False
12396,-0.07848641,-0.035667866,False
12395,0.07630654,-0.0037725717,False
12394,-0.17615218,0.088606566,False
12393,-0.03149391,-0.00786769,False
12392,0.16092342,-0.026687384,False
12391,-0.09884095,-0.18652868,False
12397,-0.024574779,-0.03941395,False
12371,0.0027824342,0.0727582,False
12441,-0.2962013,-0.20208782,False
12443,-0.07473984,0.20154554,False
12480,-0.25840345,-0.047024548,False
12481,-0.27087867,-0.049889207,False
12482,0.002530098,-0.15278125,False
12483,-0.004622251,0.13612226,False
12484,0.020210749,-0.014219305,False
12485,-0.019087391,-0.019087391,False
12486,0.06454778,0.28152466,False
12487,0.03819236,-0.045122266,False
12488,-0.05868897,-0.068198234,False
12489,-0.020958751,-0.16756843,False
12490,0.082788706,0.018561542,False
12491,-0.016076367,0.016661912,False
12492,-0.02417223,-0.02417223,False
12493,-0.029517412,0.07727349,False
12494,0.04580432,-0.10760301,False
12495,-0.05451902,-0.05451902,False
12496,0.031036466,0.11343065,False
12510,-0.020380422,-0.017656997,False
12509,-0.5741341,0.35600233,False
12508,-0.0059539676,-0.07730564,False
12507,0.28264344,0.3393826,False
12506,0.24612546,-0.11930388,False
12505,-0.02637501,0.02779901,False
12479,0.04967506,-0.030452646,False
12504,0.03392174,-0.010241676,False
12502,0.012671124,0.013889881,False
12501,0.03883779,-0.2671802,False
12500,-0.010455519,0.048718527,False
12499,-0.2564366,-0.20126563,False
12498,-0.10946065,0.004488051,False
12497,0.022307396,-0.051926374,False
12503,-0.087388396,-0.08061004,False
12478,-0.026430547,0.18143132,False
12477,-0.0069383383,-0.112193584,False
12476,0.0,0.0,False
12457,-0.2370739,-0.8861544,False
12456,0.029265802,-0.03323887,False
12455,0.0,0.0,False
12454,0.15262723,0.42064178,False
12453,-0.0067887083,0.115690514,False
12452,-0.09099935,0.06232807,False
12458,0.023739919,-0.029607758,False
12451,-0.0990265,0.07467276,False
12449,-0.018292006,-0.0019718148,False
12448,0.16665882,-0.04693407,False
12447,0.06588048,-0.020930914,False
12446,-0.018695125,-0.018695125,False
12445,-0.091828585,0.047374964,False
12444,-0.13204443,-0.09873909,False
12450,0.0999895,-0.10363966,False
12442,-0.09341094,-0.01927799,False
12459,0.09299679,0.10469963,False
12461,0.016349375,-0.16145052,False
12475,0.16619682,-0.00313735,False
12474,0.2924298,-0.12673903,False
12473,-0.012804102,-0.05922969,False
12472,-0.0065004006,0.043272153,False
12471,-0.1753786,0.027100384,False
12470,-0.010882959,0.025694847,False
12460,-0.04436604,-0.06392789,False
12469,-0.008802127,-0.024476755,False
12467,-0.01374644,-0.11258131,False
12466,0.12405431,-0.099352,False
12465,-0.050751567,-0.29174066,False
12464,-0.081401706,-0.23768353,False
12463,-0.09753895,-0.21290994,False
12462,-0.02997531,0.041405603,False
12468,-0.33687377,0.12425399,False
12228,-0.3585906,-0.9716146,False
12370,-0.03183033,-0.03183033,False
12368,0.07116234,-0.08802013,False
12266,-0.080529064,0.116533846,False
12267,-0.40837502,-0.5607754,False
12268,0.0,0.13687465,False
12269,-0.20593327,-0.33188325,False
12270,0.038692117,0.036655188,False
12271,-0.005140978,-0.004542866,False
12272,-0.59496814,-0.6274122,False
12273,-0.072114274,0.08681771,False
12274,-0.044017434,-0.08643693,False
12275,0.008427673,-0.0031025521,False
12276,-0.0447433,-0.092861146,False
12277,0.05614972,-0.1148293,False
12278,0.06939927,0.04723537,False
12279,0.0154530555,-0.037944257,False
12280,-0.0855946,-0.045456313,False
12281,-0.04419157,-0.14805749,False
12282,0.002422057,-0.026276845,False
12296,-0.09668979,-0.12790462,False
12295,-0.042927742,-0.25416613,False
12294,-0.0046966965,-0.0046966965,False
12293,0.0032231454,0.032587722,False
12292,0.01782918,-0.0046412535,False
12291,0.011971623,0.065135166,False
12265,0.01455446,-0.010032367,False
12290,0.16481173,-0.01626122,False
12288,-0.039807796,-0.0089969635,False
12287,-0.13237596,0.14598393,False
12286,-0.0131910555,-0.0131910555,False
12285,-0.0050052092,-0.0050052092,False
12284,0.02226647,-0.04590159,False
12283,-0.004015282,-0.050243482,False
12289,0.015422463,0.021607637,False
12264,-0.122850806,-0.12928088,False
12263,-0.010662589,0.009784427,False
12262,0.0,0.0,False
12243,-0.19996607,0.09911388,False
12242,-0.15550065,0.003424406,False
12241,-0.053424068,-0.10638681,False
12240,0.0,0.0,False
12239,0.016789733,-0.023287563,False
12238,-0.019923002,-0.016006436,False
12244,0.007702261,0.013204053,False
12237,-0.012261026,-0.010357491,False
12235,0.0029198583,-0.01432303,False
12234,0.002735583,-0.016926292,False
12233,-0.004931114,-0.004931114,False
12232,0.1669729,0.037622035,False
12231,-0.09160277,-0.09074429,False
12230,-0.2916886,-0.041387975,False
12236,0.0145842135,-0.05110483,False
12297,0.28353703,-0.41654688,False
12245,-0.009420799,-0.009420799,False
12247,0.31423998,-0.47047096,False
12261,-0.10752924,0.012939885,False
12260,-0.004699221,-0.004699221,False
12259,-0.01277489,-0.012374902,False
12258,0.002707161,0.0075431727,False
12257,0.0,0.0,False
12256,0.044129185,-0.033340015,False
12246,-0.022031546,-0.021077005,False
12255,0.0,0.0,False
12253,-0.82434666,-1.5932829,False
12252,0.018335335,-0.005090565,False
12251,-0.1865344,-0.16948122,False
12250,0.036123294,0.038879048,False
12249,0.02541462,-0.0205837,False
12248,0.022409305,0.04167971,False
12254,-0.007988146,-0.028313972,False
12369,-0.08877474,-0.09941962,False
12298,-0.10950261,-0.33633083,False
12300,0.13988855,-0.12660924,False
12337,-0.07926793,0.06865905,False
12338,-0.31058192,-0.18816388,False
12339,0.046228558,-0.044796556,False
12340,0.011464208,0.018541932,False
12341,-0.013669195,-0.032878637,False
12342,-0.01326314,-0.01185895,False
12343,0.035626404,0.02737628,False
12344,0.03182833,-0.081398025,False
12345,-0.05490482,0.028410017,False
12346,-0.08898401,0.053096056,False
12347,0.09537226,0.053176016,False
12348,-0.12632757,0.00908488,False
12349,-0.22225404,0.0047233105,False
12350,0.011725903,-0.10816085,False
12351,-0.21738464,-0.10615122,False
12352,0.11363459,-0.2059747,False
12353,0.21223724,0.19940305,False
12367,-0.031305343,0.05290457,False
12366,0.029943556,-0.11132066,False
12365,-0.22219202,-0.21208954,False
12364,0.12794209,0.42080307,False
12363,-0.20098591,-0.16600835,False
12362,0.026647404,-0.024126172,False
12336,-0.031948328,-0.028691083,False
12361,0.0060930485,-0.009168638,False
12359,-0.030437458,-0.030437458,False
12358,0.0037248116,-0.01844616,False
12357,0.13320589,0.022100925,False
12356,0.09221363,0.20150518,False
12355,-0.3742637,-0.35161954,False
12354,-0.022411108,0.10965109,False
12360,-0.25605106,-0.22013795,False
12335,-0.0645968,-0.0395028,False
12334,0.047002062,0.15652691,False
12333,-0.27606082,-0.2042433,False
12314,0.0030731224,-0.018262792,False
12313,-0.00049309246,-0.01880119,False
12312,0.0,0.0,False
12311,0.19654335,0.13972406,False
12310,-0.09365314,-0.08094622,False
12309,-0.15216605,-0.118995965,False
12315,-0.010150716,-0.02683037,False
12308,0.016387438,-0.020615783,False
12306,0.061132908,0.0012207031,False
12305,-0.17745006,-0.1900276,False
12304,0.013114914,-0.015156612,False
12303,0.04721725,-0.18554246,False
12302,-0.017053025,-0.037945807,False
12301,-0.027746558,0.09628545,False
12307,0.045601368,-0.47200465,False
12299,-0.21145946,0.01675576,False
12316,-0.037667185,-0.049755022,False
12318,-0.058767706,-0.012397677,False
12332,0.053418517,0.005767584,False
12331,0.014244955,-0.022517035,False
12330,-0.03237135,-0.0886435,False
12329,-0.17327076,-0.1408417,False
12328,0.064433515,-0.012131929,False
12327,-0.17853498,-0.2771725,False
12317,-0.077808574,-0.099666215,False
12326,-0.1108938,0.11883545,False
12324,0.018589437,-0.10034458,False
12323,-0.09820798,-0.10806054,False
12322,-0.109456286,0.0054121315,False
12321,-0.013962552,0.020111784,False
12320,0.09773362,0.1319468,False
12319,-0.008291632,0.0329614,False
12325,-0.07665604,-0.14326227,False
12511,0.003285408,-0.03709042,False
11941,-0.05843854,-0.019705296,False
11939,0.19012994,0.043245375,False
11552,0.007754186,-0.00854031,False
11553,-0.009916324,-0.009916324,False
11554,0.034686588,-0.012115307,False
11555,0.058060333,-0.004629196,False
11556,0.1718756,0.14391732,False
11557,0.14311337,-0.48221922,False
11558,-0.008871913,-0.045346737,False
11559,0.012913777,-0.0102720745,False
11560,-0.029846102,0.03751546,False
11561,0.106954634,0.03751856,False
11562,-0.03079158,-0.09322053,False
11563,-0.04681924,-0.056685165,False
11564,-0.057489693,-0.09376179,False
11565,0.088593006,0.32833028,False
11566,0.03138137,-0.16680211,False
11567,-0.26927665,0.12443423,False
11568,0.08433986,0.092600524,False
11582,0.009543867,-0.005349149,False
11581,0.08597696,-0.035117567,False
11580,-0.13203669,0.12317622,False
11579,-0.025098585,0.094590954,False
11578,0.0,0.0,False
11577,0.0,0.001072385,False
11551,-0.044269424,-0.043577474,False
11576,0.0053592473,-0.13083665,False
11574,-0.0015012398,0.0020535197,False
11573,0.11732799,0.041110814,False
11572,-0.055085093,-0.16481152,False
11571,0.16934669,-0.22383738,False
11570,0.0,0.0,False
11569,0.1436792,0.0150796175,False
11575,-0.059991866,0.070794374,False
11550,-0.030432358,-0.053419188,False
11549,-0.010044636,-0.010044636,False
11548,0.0,0.0,False
11529,-0.0040650247,0.0011947718,False
11528,0.0,0.0022746415,False
11527,-0.063152775,-0.03996797,False
11526,0.081190705,0.096717656,False
11525,0.015469304,-0.0049597723,False
11524,0.10174358,0.05939895,False
11530,0.14137894,-0.14978772,False
11523,-0.039006032,-0.02231697,False
11521,0.0,0.0,False
11520,0.0,0.0,False
11519,0.0,7.614562e-05,False
11518,0.016981434,-0.004671073,False
11517,-0.003413568,-0.0033818674,False
11516,0.0,0.00020075614,False
11522,-0.093659,-0.09240933,False
11583,0.0027911328,-0.013055552,False
11531,0.032593153,-0.02547947,False
11533,0.0,0.0,False
11547,-0.038217258,-0.038217258,False
11546,-0.009357022,-0.009357022,False
11545,-0.051825643,-0.064819604,False
11544,0.0,0.00239134,False
11543,-0.023466079,-0.023466079,False
11542,-0.009426285,-0.009426285,False
11532,-0.021354735,0.35553133,False
11541,-0.03948526,-0.03948526,False
11539,-0.0049393275,-0.0049393275,False
11538,-0.03979268,-0.061756533,False
11537,0.038316283,0.023093462,False
11536,0.094060585,0.013963815,False
11535,-0.009691102,-0.009691102,False
11534,-0.03457408,0.018609557,False
11540,-0.013395313,-0.029772907,False
11515,0.14453852,0.15872061,False
11584,0.30902064,-0.22510302,False
11586,-0.24235588,-0.34607023,False
11623,0.017116178,-0.051530186,False
11624,0.0044529736,-0.10557526,False
11625,-0.033292398,-0.0783123,False
11626,0.033723116,-0.38156432,False
11627,0.13251872,-0.0342793,False
11628,-0.12632194,-0.13295063,False
11629,-0.005134296,-0.005116416,False
11630,-0.22344136,0.022179127,False
11631,0.022633791,-0.041671377,False
11632,0.0,0.0,False
11633,-0.0022464953,-0.019655433,False
11634,-0.083075106,-0.3546537,False
11635,-0.004898398,-0.004898398,False
11636,0.054612968,-0.007831626,False
11637,-0.024469793,-0.11467266,False
11638,-2.8833747e-06,0.067773275,False
11639,0.016294496,0.0,False
11653,-0.049616016,-0.046957795,False
11652,0.015280847,-0.005148229,False
11651,-0.052705474,-0.036511593,False
11650,0.16213179,0.048086643,False
11649,-0.059509218,0.045283258,False
11648,-0.27359092,0.00774318,False
11622,0.021202028,-0.04351312,False
11647,0.09293563,-0.037871834,False
11645,0.063201845,0.02662623,False
11644,-0.0059633255,-0.0025800467,False
11643,-0.023906285,-0.037673682,False
11642,0.007276442,-0.022524495,False
11641,-0.7484765,-0.7312029,False
11640,0.012503135,-0.009079111,False
11646,-0.11683774,0.24132347,False
11621,0.02250874,-0.05821702,False
11620,0.12857836,-0.027926564,False
11619,-0.04579313,0.14747496,False
11600,-0.20427471,-0.032732844,False
11599,0.0,0.009709242,False
11598,-0.0050258595,0.004507477,False
11597,0.06464275,-0.05520893,False
11596,-0.16124874,-0.024306715,False
11595,0.08862257,0.15176797,False
11601,0.0,0.0,False
11594,-0.20393753,-0.36840498,False
11592,-0.0039614746,-0.0039614746,False
11591,-0.014124209,-0.037282184,False
11590,-0.16305225,-0.22963329,False
11589,-0.008328776,-0.008297278,False
11588,-0.042006213,-0.042006213,False
11587,0.059119284,0.1553399,False
11593,-0.19403648,0.005833626,False
11585,0.0524175,0.07020137,False
11602,-0.039362013,-0.024113297,False
11604,-0.058746636,-0.08547264,False
11618,0.10008538,0.19449687,False
11617,-0.0045406297,-0.0045406297,False
11616,0.10246289,-0.04630965,False
11615,-0.18666804,-0.08329582,False
11614,-0.038730763,-0.080059,False
11613,-0.026774175,0.20175977,False
11603,0.023439616,0.079214364,False
11612,-0.07391411,-0.029707909,False
11610,-0.025298577,-0.04658383,False
11609,-0.15126228,0.22666371,False
11608,0.01579979,-0.008789927,False
11607,0.0,0.0,False
11606,0.030599117,-0.10550499,False
11605,-0.015376051,-0.015376051,False
11611,-0.03701099,-0.008151114,False
11654,-0.03322053,0.079021454,False
11514,0.16803515,0.59128726,False
11512,0.23316729,0.36438823,False
11410,-0.14537728,-0.123969615,False
11411,-0.028472781,-0.06969464,False
11412,0.0,0.0,False
11413,0.07408878,0.047927335,False
11414,0.004276164,0.0052611604,False
11415,0.0076733977,-0.023073465,False
11416,-0.113558784,-0.061403245,False
11417,-0.08669582,-0.035576582,False
11418,0.09130067,0.20309937,False
11419,-0.005754905,-0.028005796,False
11420,-0.025507256,-0.06964914,False
11421,-0.29735965,-0.21901366,False
11422,0.026659638,-0.012188934,False
11423,0.0,0.0,False
11424,0.10457796,0.16417646,False
11425,-0.15998644,-0.11495197,False
11426,-0.35638523,-0.2677431,False
11440,0.040859643,0.028341021,False
11439,0.04133016,-0.040754616,False
11438,-0.1721797,0.3276974,False
11437,0.026694179,-0.0056318976,False
11436,0.08798206,0.16074908,False
11435,-0.11022313,-0.08330169,False
11409,-0.43882686,-0.0026993752,False
11434,-0.0074372105,-0.023537977,False
11432,0.101543605,-0.052189365,False
11431,0.079892755,-0.073333204,False
11430,0.007407807,-0.04989215,False
11429,0.050750375,0.46324718,False
11428,0.12380344,-0.04025215,False
11427,-0.060513496,-0.053318143,False
11433,0.023381472,0.0041372776,False
11408,-0.26766536,-0.27052286,False
11407,0.1426475,-0.064953804,False
11406,-0.5234692,0.20998359,False
11387,-0.0046977997,0.0031750947,False
11386,-0.059237044,-0.01052098,False
11385,-0.000103686005,-0.008317189,False
11384,-0.08701974,-0.34758896,False
11383,-0.13463998,-0.10589245,False
11382,-0.81125927,-1.0261315,False
11388,-0.05238527,-0.16703853,False
11381,-0.066134095,-0.06787023,False
11379,-0.02018034,-0.0058031864,False
11378,0.049451947,0.24397492,False
11377,0.034031183,-0.10728751,False
11376,0.1752963,0.094876945,False
11375,0.018871188,-0.080816865,False
11374,-0.07354057,0.050830543,False
11380,-0.01790595,0.07969093,False
11441,-0.067997515,-0.16998887,False
11389,-0.0053157425,0.016263727,False
11391,0.009444639,-0.022350848,False
11405,-0.0037886947,0.19091809,False
11404,-0.3188396,0.052580237,False
11403,-0.031383663,-0.039386034,False
11402,0.13300467,0.23979342,False
11401,-0.10025513,-0.26847827,False
11400,-0.6646297,-0.9278536,False
11390,-0.014284968,0.027016222,False
11399,0.064070046,-0.057062864,False
11397,-0.059420675,0.02562946,False
11396,-0.09764719,-0.053811133,False
11395,0.0,0.0,False
11394,0.0,0.0,False
11393,-0.043681026,-0.07498765,False
11392,-0.04487267,0.18681839,False
11398,0.0,0.0,False
11513,-0.028945265,-0.028945265,False
11442,-0.134199,-0.13163373,False
11444,-0.13387662,-0.025846839,False
11481,-0.4783007,-0.8485792,False
11482,-0.41808382,-0.6958306,False
11483,-0.32080013,-0.40842298,False
11484,0.12908891,0.07632834,False
11485,-0.02724886,-0.13975763,False
11486,0.04382783,0.09907365,False
11487,0.0,0.0,False
11488,-0.016241651,-0.04195198,False
11489,0.06704823,0.0,False
11490,-0.031828642,0.068482995,False
11491,0.20818114,0.029922962,False
11492,-0.12400329,0.35113955,False
11493,-0.009292884,-0.009292884,False
11494,-0.09030075,-0.057801303,False
11495,0.0,0.0,False
11496,0.017707737,-0.017455177,False
11497,-0.31304395,-0.21049523,False
11511,-0.17926234,0.06881362,False
11510,-0.022274852,-0.20574278,False
11509,-0.14462566,-0.3288362,False
11508,0.018627703,0.015723377,False
11507,-0.03155079,-0.03155079,False
11506,-0.08660671,-0.038378865,False
11480,-0.96406496,-1.2607503,False
11505,0.0119564235,0.2003777,False
11503,-0.5165708,-0.3739854,False
11502,-0.032591462,0.07255697,False
11501,-0.14421058,-0.28478408,False
11500,-0.14646995,0.14303696,False
11499,0.016354412,-0.061746463,False
11498,-0.0062079206,-0.022585515,False
11504,-0.26312375,0.02197206,False
11479,0.17022324,-0.053851724,False
11478,-0.013238455,-0.00921998,False
11477,-0.06799209,0.011571258,False
11458,0.052794095,0.03766075,False
11457,-0.24003917,-0.14320618,False
11456,-0.051603526,-0.17902447,False
11455,-0.18824714,-0.17280799,False
11454,0.061600044,-0.02116789,False
11453,-0.10766339,0.085951686,False
11459,0.038446426,-0.1633257,False
11452,-0.0019785464,0.03655085,False
11450,-0.20226856,-0.06362158,False
11449,0.012868822,0.07032555,False
11448,-0.10903317,-0.031059325,False
11447,-0.062939435,-0.22737883,False
11446,-0.1496392,0.028134346,False
11445,-0.11173612,-0.06414026,False
11451,0.08304644,0.03971237,False
11443,-0.03573367,0.01687795,False
11460,0.12290698,-0.09980714,False
11462,-0.07275465,0.034357786,False
11476,0.021009624,-0.19007319,False
11475,0.07919963,-0.036712542,False
11474,-0.2184332,0.045076728,False
11473,-0.009237675,-0.009237675,False
11472,0.0982824,0.123077184,False
11471,0.07273695,0.101142466,False
11461,-0.07486555,-0.0065335035,False
11470,-0.10994637,-0.07650471,False
11468,-0.12511063,-0.21029317,False
11467,-0.033769567,-0.046961054,False
11466,-0.26038003,-0.068112195,False
11465,0.0,0.0,False
11464,0.01880335,-0.0043636216,False
11463,0.037833452,-0.05216372,False
11469,0.029759347,-0.23526524,False
11940,0.13809168,0.025770307,False
11655,0.08944535,-0.028423786,False
11657,0.1031968,0.22220045,False
11836,0.0,0.009695035,False
11837,0.22701192,-0.1383251,False
11838,0.0818845,0.049069166,False
11839,-0.06492621,0.033307254,False
11840,-0.028115835,-0.028115835,False
11841,0.013183649,-0.0101312725,False
11842,-0.014642924,-0.045645177,False
11843,0.017696178,-0.0036918141,False
11844,-0.06975865,0.2917159,False
11845,-0.008751864,0.10527823,False
11846,-0.26055896,0.15037537,False
11847,0.13110599,-0.35097328,False
11848,-0.0574539,-0.16347873,False
11849,-0.02357423,-0.019756837,False
11850,-0.009752841,-0.009661358,False
11851,0.07469502,0.011836588,False
11852,0.0019727945,-0.014273763,False
11866,0.0,0.0,False
11865,-0.034928083,-0.03386365,False
11864,0.0,0.0,False
11863,0.012850519,0.09234433,False
11862,-0.0049530454,-0.0021251824,False
11861,0.011416444,-0.009186583,False
11835,0.23714983,0.21560955,False
11860,0.007921919,-0.009080302,False
11858,0.10389914,-0.01008209,False
11857,-0.017086238,-0.019114897,False
11856,0.013888285,-0.027837843,False
11855,0.042182207,-0.19534302,False
11854,0.0,0.0,False
11853,0.01184088,-0.027253339,False
11859,-0.015225387,8.1610866e-05,False
11834,0.03425765,-0.06803751,False
11833,-0.014119148,-0.1270721,False
11832,-0.04369092,-0.061317317,False
11813,-0.008453209,-0.008453209,False
11812,-0.006449744,-0.028221766,False
11811,-0.21867543,0.2148264,False
11810,0.039714634,0.018620163,False
11809,-0.019628897,-0.07665558,False
11808,-0.16928041,-0.10707557,False
11814,-0.0047386168,-0.0047386168,False
11807,-0.034957647,0.00084513426,False
11805,0.31539965,0.2604258,False
11804,-0.016996503,-0.0030902624,False
11803,0.034997076,0.02075681,False
11802,0.30181718,0.0004968643,False
11801,0.30021477,0.06234002,False
11800,-0.25981605,0.13609457,False
11806,-0.0050029927,-0.0050029927,False
11867,-0.1738522,-0.062729,False
11815,-0.022942023,-9.795651e-05,False
11817,-0.004554102,0.023191659,False
11831,0.3877604,-0.6136365,False
11830,-0.1650184,-0.12652871,False
11829,-0.17593122,-0.07793939,False
11828,-0.00013767183,-0.02167545,False
11827,0.020816177,0.0475803,False
11826,0.18692088,-0.039723158,False
11816,-0.004047248,-0.004047248,False
11825,0.034341957,-0.0032380803,False
11823,-0.03616771,-0.13357292,False
11822,-0.057016134,-0.0012555718,False
11821,-0.019756645,-0.013415452,False
11820,0.07458264,0.17422736,False
11819,-0.05034553,0.04330092,False
11818,-0.13757086,0.09557545,False
11824,-0.3133539,-0.1382631,False
11799,-0.03898044,-0.07054081,False
11868,0.046401978,-0.06076312,False
11870,-0.83843803,-0.43704653,False
11907,0.11923194,0.12897491,False
11908,0.11011499,0.13767856,False
11909,0.042998306,-0.045088895,False
11910,0.019898713,-0.00397557,False
11911,-0.0052637607,-0.112603374,False
11912,-0.11438578,-0.02658081,False
11913,0.0042419285,-0.057740882,False
11914,-0.009612871,-0.009612871,False
11915,0.11659363,-0.010132343,False
11916,0.008268528,-0.055011928,False
11917,-0.008734733,-0.07517825,False
11918,-0.01147905,-0.10379256,False
11919,-0.04491517,-0.25135648,False
11920,0.042494487,-0.011077598,False
11921,-0.07290304,-0.19769466,False
11923,-0.052426517,-0.1205236,False
11924,-0.0066322386,-0.013155609,False
11938,-0.060565174,-0.11753088,False
11937,0.08714324,0.013479769,False
11936,0.09134439,0.030154333,False
11935,-0.06940532,0.094308466,False
11934,0.031552628,-0.055172365,False
11933,0.036201093,-0.008578102,False
11906,0.0,0.0,False
11932,-0.05385825,-0.061599314,False
11930,0.010549799,-0.029184341,False
11929,-0.015871912,0.06196499,False
11928,-0.010949075,0.07304618,False
11927,-0.111228704,0.6209419,False
11926,0.03981988,-0.048888355,False
11925,-0.015016777,0.065685585,False
11931,0.0027631372,-0.03259498,False
11905,0.022938102,-0.026293784,False
11904,-0.20059064,-0.13903251,False
11903,0.065963954,0.0318847,False
11884,0.06727472,-0.0063278377,False
11883,0.029690772,-0.030280858,False
11882,0.0,0.0,False
11881,-0.12583327,0.023691237,False
11880,-0.41281104,-1.0163889,False
11879,0.0,0.0036003955,False
11885,0.007342428,0.1931921,False
11878,0.030764341,-0.09798849,False
11876,-0.040306747,0.033263445,False
11875,-0.045041144,0.0681991,False
11874,-0.4736879,-0.3378458,False
11873,-0.033031866,-0.03489892,False
11872,0.0036044717,-0.070476115,False
11871,-0.038651437,-0.08696395,False
11877,-0.03544715,-0.090004295,False
11869,-0.10729012,-0.0848327,False
11886,0.039863132,0.032741785,False
11888,0.0,0.0,False
11902,-0.005160007,-0.005160007,False
11901,0.0,5.1137704e-05,False
11900,0.015372094,-0.004857551,False
11899,0.11044991,0.09371632,False
11898,-0.12033683,0.09253818,False
11897,-0.035481844,-0.055301342,False
11887,0.13833392,0.10699314,False
11896,0.03360643,-0.005294312,False
11894,-0.12499872,-0.053352237,False
11893,-0.011036478,-0.026092779,False
11892,-0.008656681,-0.1389299,False
11891,0.08392781,0.2071603,False
11890,-0.053017855,-0.035165966,False
11889,0.0015095174,-0.019976601,False
11895,-0.1676246,0.00056540966,False
11656,0.02813818,-0.0018675104,False
11798,-0.07776606,-0.16320375,False
11796,0.117153764,0.08164513,False
11694,0.0676173,0.03010732,False
11695,-0.02613385,-0.010393977,False
11696,0.000888234,-0.018858567,False
11697,-0.0512177,-0.025339654,False
11698,0.0,0.0,False
11699,0.10454321,-0.15968564,False
11700,0.015460702,-0.027916262,False
11701,-0.12389612,-0.26449418,False
11702,-0.19442496,-0.07261765,False
11703,-0.009655123,-0.009655123,False
11704,-0.017231911,-0.02957496,False
11705,-0.015374201,-0.012052602,False
11706,0.022132397,-0.04634747,False
11707,0.020739032,0.005143835,False
11708,0.008400703,-0.0072771613,False
11709,0.0005869772,-0.019147865,False
11710,-0.005596839,-0.07328394,False
11724,-0.32699454,-0.5384435,False
11723,-0.062576145,-0.2517563,False
11722,0.26981497,0.06595826,False
11721,-0.01073432,0.07496604,False
11720,0.02716234,-0.031588864,False
11719,0.058395207,-0.04532081,False
11693,-0.030125022,-0.036932588,False
11718,0.30126238,-0.10232186,False
11716,-0.16247568,-0.05960691,False
11715,0.0,0.0,False
11714,-0.0040039783,-0.0040039783,False
11713,-0.010534581,-0.02760113,False
11712,-0.009667069,0.06669846,False
11711,0.0,0.0,False
11717,-0.00990659,-0.036066007,False
11692,0.009245373,-0.031813733,False
11691,0.088133715,0.026710007,False
11690,0.13946593,0.07473433,False
11671,0.03250324,0.012421794,False
11670,-0.003665166,0.03218043,False
11669,-0.11841935,0.29523718,False
11668,0.04936765,0.02202122,False
11667,0.15703604,0.26836678,False
11666,-0.18220735,0.11318439,False
11672,-0.24104255,-0.2531988,False
11665,-0.23329699,-0.15111959,False
11663,-0.011773519,-0.034332987,False
11662,-0.00888503,-0.0085765105,False
11661,0.0,0.0,False
11660,-0.054999113,-0.04931715,False
11659,0.0,0.0,False
11658,0.032724157,-0.01615417,False
11664,0.018892854,0.030111313,False
11725,-0.30543,-0.19856793,False
11673,-0.0049436693,-0.004225236,False
11675,-0.20507848,0.06787443,False
11689,-0.13374032,0.084139645,False
11688,-0.04223675,-0.035622958,False
11687,-0.12392948,-0.10626513,False
11686,-0.014323432,0.06868453,False
11685,0.016121944,-0.01642255,False
11684,0.0014660507,-0.006829798,False
11674,0.0,0.0,False
11683,0.03375113,-0.046554588,False
11681,-0.093850136,0.15389466,False
11680,0.021384299,-0.12588322,False
11679,-0.21587795,0.018434018,False
11678,0.043327495,0.091544285,False
11677,-0.17407537,0.0253129,False
11676,0.007513388,-0.014799892,False
11682,-0.004862651,-0.004862651,False
11797,-0.12337154,0.057644933,False
11726,-0.8535676,-1.219126,False
11728,0.008728951,0.03743753,False
11765,0.01401832,-0.054533973,False
11766,-0.017129418,-0.04058012,False
11767,0.0,0.0,False
11768,-0.003742963,0.036688626,False
11769,0.08418809,0.13163747,False
11770,-0.023801088,0.2907076,False
11771,0.08502725,-0.07946244,False
11772,0.078223705,0.044422388,False
11773,-0.0061435224,-0.021200906,False
11774,0.021024436,0.0,False
11775,0.015103795,-0.046797942,False
11776,-0.021717004,-0.009192683,False
11777,-0.019543186,-0.045632392,False
11778,-0.0049480326,-0.0049480326,False
11779,-0.005172207,-0.005172207,False
11780,-0.2694282,-0.37619138,False
11781,-0.017048145,-0.033871792,False
11795,0.095837764,0.10638421,False
11794,0.018214941,-0.30292583,False
11793,0.039333493,-0.020267874,False
11792,-0.004652436,-0.004652436,False
11791,-0.09433149,-0.19304399,False
11790,0.08458868,-0.035862908,False
11764,-0.013545246,-0.013545246,False
11789,-0.11316693,-0.036300898,False
11787,-0.11149356,0.31565297,False
11786,-0.061816096,-0.099596605,False
11785,-0.009631242,-0.009631242,False
11784,0.013059793,-0.009336144,False
11783,0.049698316,-0.014061533,False
11782,0.02906906,-0.013434807,False
11788,0.08379078,0.8830862,False
11763,-0.08493233,0.540963,False
11762,-0.030461678,0.046064064,False
11761,-0.061312765,-0.11846885,False
11742,-0.03843385,0.04225135,False
11741,0.042219922,-0.103323795,False
11740,0.11006482,-0.09289265,False
11739,-0.2234186,-0.24492729,False
11738,-0.12367612,-0.26949054,False
11737,-0.0022896416,-0.024169795,False
11743,-0.35014462,0.05949241,False
11736,0.06814137,-0.017366352,False
11734,-0.72224724,-0.64374983,False
11733,0.1514467,-0.2555797,False
11732,-0.041069582,-0.13954274,False
11731,0.025850832,0.0014742017,False
11730,-0.011015654,-0.11937233,False
11729,-0.010426208,-0.001026243,False
11735,-0.008796159,-0.028113438,False
11727,-0.13449836,-0.09727323,False
11744,-0.088244915,-0.012977481,False
11746,-0.34993005,-0.7420672,False
11760,0.11301628,0.20526174,False
11759,0.0,0.0,False
11758,-0.07713854,0.07992387,False
11757,0.023231003,-0.02179148,False
11756,-0.11339617,-0.25598586,False
11755,0.07114005,0.11137736,False
11745,0.076925874,-0.4308263,False
11754,0.06069395,0.079642564,False
11752,0.012013607,-0.032993004,False
11751,0.010830557,-0.009538116,False
11750,0.069824636,0.0922094,False
11749,0.17400688,0.06544852,False
11748,0.084103614,0.027161516,False
11747,-0.0049804756,-0.0049804756,False
11753,0.29087746,0.071447045,False
12512,-0.25539947,-0.24401057,False
12513,0.1813029,0.067600906,False
12514,-0.14198917,0.0007086396,False
13263,-0.0046622367,-0.0046622367,False
13264,0.0,0.0,False
13265,0.0018333737,-0.019083664,False
13266,0.008601254,-0.009869169,False
13267,-0.024245504,0.026417479,False
13268,0.003986221,-0.012239957,False
13269,0.06857584,-0.028599508,False
13270,0.013558078,-0.0035898432,False
13271,-0.014706399,-0.014706399,False
13272,-0.009569388,-0.009569388,False
13273,0.02696836,-0.007056929,False
13274,-0.004415072,-0.004415072,False
13275,-0.014569119,-0.014569119,False
13276,-0.006488368,-0.055422,False
13277,0.023597613,0.0,False
13278,-0.009943173,-0.009943173,False
13279,0.012619872,-0.009737853,False
13293,-0.038399953,-0.038399953,False
13292,0.02470031,-0.013401571,False
13291,-0.028256066,-0.028256066,False
13290,-0.004047248,-0.004047248,False
13289,0.023381632,0.0,False
13288,-0.009946059,-0.009946059,False
13262,-0.018985214,-0.018678661,False
13287,0.011209458,-0.009845898,False
13285,-0.009585872,-0.009585872,False
13284,-0.014752807,-0.014752807,False
13283,-0.004883735,-0.004883735,False
13282,-0.107207835,-0.044177093,False
13281,-0.007160656,-0.0254935,False
13280,-0.01368328,-0.01368328,False
13286,-0.009101028,-0.009101028,False
13261,-0.015114993,0.08856359,False
13260,-0.008133151,-0.008133151,False
13259,0.01860403,-0.004564375,False
13240,-0.15909803,-0.082895875,False
13239,0.21068406,0.0046676397,False
13238,-0.0012247562,0.086346656,False
13237,-0.055666387,0.041654304,False
13236,0.19071236,0.2760845,False
13235,-0.2695321,-0.12491089,False
13241,-0.036233366,-0.024440438,False
13234,0.03170483,0.13674295,False
13232,-0.046679616,-0.041257024,False
13231,-0.06794739,-0.25164723,False
13230,-0.19471395,-0.063941,False
13229,-0.051684715,-0.06666205,False
13228,-0.007504165,-0.13797507,False
13227,0.07777709,-0.071878016,False
13233,0.0,0.0,False
13294,-0.0047300747,-0.0047300747,False
13242,0.17559755,0.27717298,False
13244,0.0,0.0,False
13258,-0.014212462,-0.014212462,False
13257,0.022448098,0.0,False
13256,-0.031945232,-0.031945232,False
13255,0.016076285,-0.022065971,False
13254,-0.00980381,-0.00834619,False
13253,-0.009522529,-0.009522529,False
13243,-0.007719636,-0.06274688,False
13252,0.052296944,-0.0068344553,False
13250,0.05218456,-0.014208386,False
13249,-0.025278756,-0.025278756,False
13248,0.026550263,-0.031001726,False
13247,-0.009579335,-0.009579335,False
13246,-0.0540933,-0.14361481,False
13245,-0.020499136,-0.01581843,False
13251,-0.0072508994,-0.023962794,False
13226,0.01342687,-0.034878757,False
13295,-0.00514901,-0.00514901,False
13297,-0.009410307,-0.009410307,False
13334,-0.0243975,0.19134001,False
13335,0.016459845,-0.002362907,False
13336,-0.11064124,-0.145735,False
13337,-0.0031833053,0.07021877,False
13338,-0.029754631,-0.05350499,False
13339,-0.009326663,-0.009326663,False
13340,-0.005984038,-0.0035806447,False
13341,-0.13073444,0.3843671,False
13342,0.008090619,0.048979472,False
13343,-0.06553531,0.06264073,False
13344,-0.00787805,-0.04119308,False
13345,-0.009876171,-0.009876171,False
13346,-0.010981321,-0.074064165,False
13347,0.0,0.008865786,False
13348,-0.06927335,-0.25325775,False
13349,-0.03859578,-0.1824085,False
13350,-0.04735771,-0.10221297,False
13364,0.098614365,0.01474753,False
13363,-0.0188189,-0.10662076,False
13362,0.017011508,-0.03557071,False
13361,0.050363183,-0.12667406,False
13360,-0.04691884,-0.04691455,False
13359,-0.0085606,-0.0085606,False
13333,-0.03970094,0.027050734,False
13358,-0.0038648695,-0.01996634,False
13356,-0.016894236,-0.04530859,False
13355,-0.0054050386,0.20234913,False
13354,-0.114489764,-0.23137215,False
13353,-0.04195067,-0.041871157,False
13352,0.029591233,-0.060698528,False
13351,0.011632019,-0.0047455756,False
13357,-0.06456804,-0.14241397,False
13332,0.02500495,-0.025934443,False
13331,-0.012019426,0.31107312,False
13330,0.056663007,0.015170962,False
13311,0.009156048,-0.029730976,False
13310,-0.14283872,-0.05387394,False
13309,0.015566647,-0.2791848,False
13308,-0.50714517,-0.17647791,False
13307,-0.0094153285,-0.0094153285,False
13306,-0.034671027,-0.034462478,False
13312,-0.016959965,-0.015352771,False
13305,-0.014105277,-0.014105277,False
13303,0.00011182763,-0.022965912,False
13302,0.008648254,-0.034042973,False
13301,-0.0053552575,-0.02610512,False
13300,0.0047150347,-0.01713061,False
13299,-0.009272786,-0.0288186,False
13298,-0.01380603,-0.03310307,False
13304,-0.0024206229,-0.022789296,False
13296,-0.0008037556,-0.019111853,False
13313,-0.04655488,-0.04659426,False
13315,0.021774977,0.045240372,False
13329,0.12417054,0.038607955,False
13328,-0.06332846,0.027142763,False
13327,-0.15424842,-0.3348814,False
13326,0.0021709166,-0.019664632,False
13325,0.055226922,-0.039583504,False
13324,-0.0052203014,-0.036601014,False
13314,-0.043229282,0.101414785,False
13323,-0.026005268,0.088680506,False
13321,0.00845858,-0.015101806,False
13320,-0.09609038,-0.058412135,False
13319,-0.008869618,-0.15452366,False
13318,0.0073020384,-0.0150528345,False
13317,0.06583573,0.065120235,False
13316,0.052065585,0.23539168,False
13322,-0.0185505,-0.027879536,False
13365,0.041287184,-0.32877612,False
13225,-0.03445888,-0.072042555,False
13223,-0.08081621,-0.027653232,False
13121,-0.07102752,-0.000513345,False
13122,-0.09034026,0.5420921,False
13123,0.03208384,0.12229198,False
13124,0.05211936,-0.058629602,False
13125,-0.06340468,-0.0003463924,False
13126,-0.04336387,0.04415053,False
13127,0.051030755,0.029851407,False
13128,-0.0037682317,-0.046573386,False
13129,-0.095195234,-0.08603397,False
13130,0.030656151,-0.015011616,False
13131,-0.0071400404,0.12950468,False
13132,-0.17303646,-0.17613149,False
13133,-0.023398213,-0.023398213,False
13134,-0.014180392,0.03633389,False
13135,0.067756176,0.05062151,False
13136,-0.039436102,-0.022715926,False
13137,0.06565159,-0.0028866534,False
13151,-0.039452016,-0.1487199,False
13150,-0.03223729,0.10225597,False
13149,-0.10345191,0.00600034,False
13148,-0.16109133,-0.1078949,False
13147,-0.35605836,0.071294546,False
13146,0.17259175,-0.02177304,False
13120,0.010463558,-0.06024575,False
13145,-0.18416339,-0.07980704,False
13143,-0.047383487,0.09729147,False
13142,-0.07900715,0.040957958,False
13141,0.053269625,-0.06789465,False
13140,-0.13817763,-0.1327591,False
13139,0.05606699,-0.22685838,False
13138,-0.35534602,0.08397889,False
13144,-0.4572544,-0.38350296,False
13119,-0.0050516543,0.014431424,False
13118,0.0,0.0,False
13117,0.0008692965,-0.022608865,False
13098,0.15270615,0.26276124,False
13097,-0.020146469,-0.0032540634,False
13096,-0.02945596,0.31169313,False
13095,0.044192314,-0.15894955,False
13094,0.010092668,-0.024080608,False
13093,-0.048953712,0.14483798,False
13099,0.13909864,-0.013301056,False
13092,-0.008526362,-0.008526362,False
13090,-0.005035676,-0.0008264547,False
13089,0.05186826,-0.30322957,False
13088,0.13313639,-0.1533159,False
13087,-0.12873921,0.5556977,False
13086,0.0,0.0,False
13085,-0.008891855,0.021473315,False
13091,-0.0044247913,-0.004342206,False
13152,-0.03344637,-0.16147876,False
13100,-0.037976027,-0.13189459,False
13102,0.0,0.0,False
13116,0.12811655,0.10780048,False
13115,-0.7737534,-0.92716753,False
13114,-0.034512497,0.060542256,False
13113,-0.13320106,-0.2093719,False
13112,0.012823701,-0.18126237,False
13111,-0.2766018,-0.028451085,False
13101,-0.0051805233,-0.0051805233,False
13110,0.087625474,-0.023846924,False
13108,-0.025832444,0.001953572,False
13107,-0.14543188,0.24987161,False
13106,-0.02341656,-0.02341656,False
13105,-0.28045464,-0.54588723,False
13104,0.04248364,-0.01769736,False
13103,-0.024800919,-0.06898822,False
13109,-0.14408982,-0.08533645,False
13224,-0.011638463,-0.2050851,False
13153,0.0,0.0,False
13155,-0.009729505,0.01856926,False
13192,0.0038096309,-0.099950925,False
13193,-0.0050043217,-0.0050043217,False
13194,0.02543354,0.16988647,False
13195,0.0,0.00027220164,False
13196,-0.122453064,-0.03736204,False
13197,-0.06086892,0.11849439,False
13198,-0.18218231,-0.32525468,False
13199,-0.008557413,0.052281704,False
13200,-0.11895859,0.0015467405,False
13201,0.03447506,0.06531212,False
13202,-0.17997241,-0.23067343,False
13203,-0.008921783,-0.008921783,False
13204,-0.040987782,0.001794681,False
13205,-0.00905683,-0.008880795,False
13206,-0.07117212,0.04813835,False
13207,-0.14125994,-0.09709585,False
13208,-0.02767311,-0.064416766,False
13222,-0.008885685,-0.010332389,False
13221,0.08009386,-0.0075846016,False
13220,0.023396492,-0.6391066,False
13219,0.03684014,-0.050609708,False
13218,0.24981046,-0.34799457,False
13217,0.01829452,0.007083892,False
13191,-0.06912254,-0.043112025,False
13216,0.0,0.0062479232,False
13214,0.048995294,-0.019879013,False
13213,0.033921212,0.032698482,False
13212,-0.025148405,-0.025148405,False
13211,-0.014985755,-0.016562358,False
13210,-0.016625285,-0.016625285,False
13209,0.155877,0.073358774,False
13215,0.20047927,0.14594722,False
13190,0.10036129,-0.0031945407,False
13189,0.0650951,0.025728762,False
13188,-0.006516725,0.02004239,False
13169,-0.0073414985,-0.023016127,False
13168,-0.10976213,-0.08459681,False
13167,-0.22625113,0.23647141,False
13166,-0.04035426,-0.08162516,False
13165,-0.10590708,-0.33524802,False
13164,-0.50003505,-0.6109607,False
13170,-0.025545299,0.100031495,False
13163,-0.19453269,-0.39404547,False
13161,0.029616237,-0.072973885,False
13160,0.1153208,0.20450854,False
13159,-0.164707,-0.0678021,False
13158,-0.1455831,-0.07523453,False
13157,0.058603987,-0.02180846,False
13156,-0.014354608,-0.014354608,False
13162,-0.12151396,-0.05154407,False
13154,0.02288057,0.0,False
13171,0.0,0.0,False
13173,-0.15543985,-0.2143619,False
13187,-0.19431046,-0.16783053,False
13186,0.030559987,0.022860736,False
13185,0.0026746243,0.017740846,False
13184,0.062418476,0.097152814,False
13183,-0.06068898,0.037626505,False
13182,-0.22441363,0.35319144,False
13172,0.0,0.01123907,False
13181,0.0,0.0,False
13179,-0.03576368,-0.063447654,False
13178,-0.01013577,-0.01013577,False
13177,-0.16722113,-0.042322457,False
13176,-0.31806445,-0.27294874,False
13175,-0.0033073127,0.004572347,False
13174,-0.021413786,-0.038213946,False
13180,0.0052150935,-0.06381952,False
13084,2.9712915e-05,-0.049589764,False
13366,0.030177355,-0.049552277,False
13368,0.30450392,-0.044105142,False
13547,-0.07813388,0.08689129,False
13548,0.2688601,-0.12004441,False
13549,0.09010118,-0.05135578,False
13550,0.0936836,-0.013928056,False
13551,-0.06367451,-0.25859448,False
13552,-0.00084266067,0.025859654,False
13553,0.031262316,-0.019165926,False
13554,0.028937861,0.03647451,False
13555,0.2942015,-0.054627,False
13556,0.0073369583,0.06482313,False
13557,0.0065417048,-0.014326302,False
13558,-0.056626655,-0.073982194,False
13559,-0.20533234,0.10968816,False
13560,0.010233581,-0.13477716,False
13561,-0.14598691,-0.012947738,False
13562,0.08302045,-0.005686421,False
13563,0.0,0.0,False
13577,-0.17576921,-0.0754866,False
13576,-0.041486263,-0.16627374,False
13575,-0.045197397,-0.15332487,False
13574,-0.10387349,-0.1194334,False
13573,-0.12956244,-0.07993668,False
13572,0.05019383,-0.003485024,False
13546,0.10289484,0.37290502,False
13571,-0.27554893,-0.4623301,False
13569,0.1775434,-0.14424065,False
13568,0.20716,0.1503573,False
13567,-0.09899747,0.06937015,False
13566,0.11211771,0.07577765,False
13565,-0.26332417,0.20821744,False
13564,0.016377594,0.0,False
13570,0.0,0.0,False
13545,0.04053604,0.057132997,False
13544,0.0008131787,-0.052630126,False
13543,-0.08186838,-0.10196908,False
13524,-0.19984606,-0.0021991134,False
13523,0.22624916,-0.056638896,False
13522,-0.0047549387,-0.0047549387,False
13521,0.0,0.0,False
13520,-0.0148791615,-0.032227837,False
13519,-0.0050570443,-0.0050570443,False
13525,0.17333114,-0.04471144,False
13518,-0.0047300747,-0.0047300747,False
13516,0.022332134,0.0,False
13515,-0.012402426,-0.056069985,False
13514,-0.02546858,-0.019626923,False
13513,0.0149566755,0.06547302,False
13512,-0.05341296,-0.014090903,False
13511,0.016420364,-0.007337698,False
13517,0.0,0.0,False
13578,0.015593728,-0.005140204,False
13526,-0.02733431,0.06480196,False
13528,0.04246541,-0.024690801,False
13542,-0.049244523,-0.29798788,False
13541,0.07798493,-0.14228654,False
13540,-0.1292103,-0.060500503,False
13539,0.03928286,0.035947025,False
13538,-0.081883505,0.18614946,False
13537,0.05817297,0.0913647,False
13527,-0.1824429,-0.33160663,False
13536,-0.110280454,-0.12698466,False
13534,-0.0053711124,-0.02877605,False
13533,-0.0077991486,-0.21810222,False
13532,0.0015413165,0.02837561,False
13531,-0.009286357,-0.009286357,False
13530,0.04333818,-0.10750753,False
13529,-0.62574434,-0.616271,False
13535,0.0023692884,-0.019283218,False
13510,-0.0012425762,-0.017537072,False
13579,-0.004523841,-0.004523841,False
13581,-1.3261447,-0.33907795,False
13618,0.018043613,-0.004857551,False
13619,0.0,0.0,False
13620,-0.0081656305,-0.0081656305,False
13621,-0.026973091,-0.026973091,False
13622,-0.0099137435,-0.0099137435,False
13623,0.009427294,-0.009786912,False
13624,0.0,0.004884412,False
13625,0.01154292,-0.0048346743,False
13626,-0.016191961,-0.03531714,False
13627,0.017906893,-0.004912503,False
13628,0.07442953,-0.018726896,False
13629,-0.009621769,-0.16146618,False
13630,0.0019270349,-0.01998537,False
13631,0.008263743,-0.014471322,False
13632,-0.017201811,-0.10242643,False
13633,-0.019007664,-0.019007664,False
13634,-0.018566195,-0.018566195,False
13648,0.023322713,-0.014836851,False
13647,-0.021518141,-0.035645094,False
13646,0.0,0.0,False
13645,-0.008289204,-0.008289204,False
13644,0.0,0.0,False
13643,0.021845644,0.0,False
13617,-0.0053623915,0.072835565,False
13642,0.017971301,-0.0051178043,False
13640,-0.0019462258,-0.0379703,False
13639,0.077801436,-0.035938337,False
13638,-0.04509721,-0.066845,False
13637,-0.023041548,-0.023041548,False
13636,0.11347701,0.035965905,False
13635,0.0,0.0,False
13641,-0.008421216,-0.008421216,False
13616,0.059407532,0.38221592,False
13615,0.033516586,-0.09750113,False
13614,0.07975751,0.017072022,False
13595,0.02284664,-0.036906518,False
13594,0.045406256,-0.010462128,False
13593,-0.029305369,0.051882103,False
13592,0.0762108,-0.027179413,False
13591,-0.049920022,-0.07458201,False
13590,-0.057414606,0.032885946,False
13596,0.05470994,0.17282638,False
13589,-0.02558881,-0.20284286,False
13587,0.0,0.0,False
13586,-0.004495575,0.00038610213,False
13585,-0.20628667,-0.029385567,False
13584,-0.1630069,-0.0032693744,False
13583,0.03901218,0.036861338,False
13582,-0.006582737,-0.030691355,False
13588,0.008975744,-0.032336652,False
13580,-0.037535433,-0.036788616,False
13597,-0.20412412,-0.1385509,False
13599,-0.04035592,-0.012237489,False
13613,-0.32016408,-0.26393032,False
13612,-0.01765658,-0.040569715,False
13611,-0.087632656,-0.047306895,False
13610,0.21685594,-0.11806813,False
13609,0.0097082555,0.032623373,False
13608,-0.004758813,-0.004758813,False
13598,-0.13456184,0.049363732,False
13607,0.028215647,-0.06497684,False
13605,-0.057928562,-0.055363655,False
13604,-0.026251256,-0.2603944,False
13603,-0.2296421,-0.110762,False
13602,0.104894936,0.10047245,False
13601,0.012129597,-0.027647525,False
13600,0.10735452,0.064080834,False
13606,-0.19490021,-0.1487636,False
13367,0.00919239,-0.009618937,False
13509,-0.0036097001,-0.019904196,False
13507,0.0,0.0,False
13405,0.09677261,-0.2396959,False
13406,-0.19059229,-0.066604614,False
13407,-0.09756652,-0.0071525127,False
13408,-0.04226184,0.086387336,False
13409,-0.022855103,-0.22110751,False
13410,-0.23590338,-0.45610216,False
13411,-0.09328818,-0.004862219,False
13412,0.040355295,-0.04149443,False
13413,0.42425728,-0.4359169,False
13414,0.039571203,-0.022715114,False
13415,-0.08028793,-0.0963901,False
13416,0.022976115,0.047541663,False
13417,-0.23200947,-0.15020835,False
13418,0.03320861,0.2219482,False
13419,-0.016642336,-0.03573681,False
13420,-0.004887038,-0.004887038,False
13421,-0.012597164,-0.012597164,False
13435,-0.004503161,-0.004503161,False
13434,0.021533586,0.0,False
13433,0.0,0.0,False
13432,0.069610305,-0.05232112,False
13431,-0.00096052885,-0.12940845,False
13430,-0.14475179,-0.016433656,False
13404,-0.00030052662,-0.06382573,False
13429,-0.21296486,-0.0066624284,False
13427,-0.007357165,-0.061943293,False
13426,-0.0062466115,-0.14968465,False
13425,-0.058411166,-0.12365079,False
13424,0.00879091,0.0871222,False
13423,-0.013561785,-0.08313131,False
13422,0.00024858862,-0.056301937,False
13428,0.05464369,-0.14681406,False
13403,0.01954119,0.010965243,False
13402,-0.11869699,-0.08328223,False
13401,0.066812426,-0.07566789,False
13382,-0.04972799,-0.04972799,False
13381,-0.0089821825,-0.0065558027,False
13380,-0.009642313,-0.008390838,False
13379,-0.22695664,-0.17757192,False
13378,-0.038531303,-0.0032245815,False
13377,0.0,0.0,False
13383,-0.009450525,-0.019308865,False
13376,0.02543109,-0.06507933,False
13374,-0.5531256,0.102256775,False
13373,-0.30799222,0.28878212,False
13372,-0.088261425,0.12585258,False
13371,-0.0224684,-0.0224684,False
13370,-0.028597355,-0.2320393,False
13369,-0.08096534,-0.054064035,False
13375,0.27072704,-0.08395052,False
13436,-0.0047905953,-0.0047905953,False
13384,0.13714242,-0.14942628,False
13386,-0.0059678145,0.013591528,False
13400,0.052656323,0.18793094,False
13399,-0.010646332,-0.018953998,False
13398,-0.0045462074,-0.004544144,False
13397,0.0065911748,-0.009703321,False
13396,-0.034684494,-0.002044633,False
13395,-0.112616405,-0.12772211,False
13385,-0.246699,-0.06276405,False
13394,-0.014216905,-0.014216905,False
13392,0.098576546,-0.03755915,False
13391,-0.014376614,-0.04390949,False
13390,0.032834366,-0.053225204,False
13389,-0.28177667,-0.11905259,False
13388,0.05878347,0.0103881955,False
13387,-0.30627447,-0.14171672,False
13393,-0.0044222353,-0.0044222353,False
13508,0.0,0.0,False
13437,0.027276754,0.013079999,False
13439,-0.00984535,-0.00984535,False
13476,0.053228244,-0.019419573,False
13477,-0.0453129,-0.0453129,False
13478,0.0054674875,-0.01596871,False
13479,-0.021959716,-0.021959716,False
13480,-0.015384784,-0.015384784,False
13481,0.035557136,-0.004685581,False
13482,0.03706672,-0.027506048,False
13483,0.046419147,-0.019556876,False
13484,-0.014365596,-0.014365596,False
13485,-0.042928454,-0.042928454,False
13486,0.022426765,0.0,False
13487,0.003595544,-0.014243037,False
13488,-0.035379462,-0.05491106,False
13489,0.00761885,-0.014016908,False
13490,-0.009099499,-0.009099499,False
13491,0.010959141,-0.012638472,False
13492,0.067362934,-0.05831225,False
13506,-0.009773128,-0.009773128,False
13505,0.017183196,-0.0036848104,False
13504,-0.031797487,-0.031797487,False
13503,0.0,0.0,False
13502,0.006581595,-0.009507211,False
13501,-0.01987355,-0.01987355,False
13475,-0.004047248,-0.004047248,False
13500,0.0,0.0,False
13498,0.014602251,-0.009964798,False
13497,0.0,0.0,False
13496,0.008144792,-0.03375688,False
13495,0.03914413,0.0,False
13494,-0.012780118,-0.012780118,False
13493,-0.009299111,-0.0052467827,False
13499,0.0,7.523747e-06,False
13474,0.0,0.0,False
13473,-0.004968039,-0.004968039,False
13472,0.031343453,-0.009685544,False
13453,-0.007964101,-0.030101612,False
13452,-0.027906481,-0.027046762,False
13451,0.009812161,-0.011804737,False
13450,-0.11268887,0.3131172,False
13449,0.020229645,0.0,False
13448,-0.03352204,-0.07050126,False
13454,0.008048286,0.03210894,False
13447,-0.016013034,0.025008157,False
13445,-0.0043655983,-0.0043655983,False
13444,-0.014306098,-0.014300949,False
13443,-0.013917318,-0.013917318,False
13442,-0.010212729,-0.010212729,False
13441,-0.0045647286,-0.020942323,False
13440,-0.014237912,-0.014237912,False
13446,-0.013639601,-0.013639601,False
13438,-0.0065966975,-0.022974292,False
13455,-0.024111848,-0.024111848,False
13457,-0.0044944426,-0.0044944426,False
13471,-0.0043808636,-0.0043808636,False
13470,-0.004356498,-0.004356498,False
13469,-0.0030823052,-0.070519514,False
13468,0.022033885,-0.04544265,False
13467,-0.034082983,-0.034082983,False
13466,0.0,0.0,False
13456,-0.016603328,-0.016603328,False
13465,0.040788308,-0.024223963,False
13463,0.0141621195,-0.032157294,False
13462,0.007869575,-0.014508167,False
13461,0.009302002,-0.014453377,False
13460,0.014001934,-0.008375809,False
13459,0.013378918,-0.009239731,False
13458,0.037826445,-0.008347951,False
13464,-0.023719534,-0.046085827,False
13083,-0.17390639,-0.345012,False
13082,0.048307575,-0.017665803,False
13081,0.15543354,-0.03432536,False
12694,-0.028098665,-0.022854771,False
12695,0.10318749,-0.077444166,False
12696,-0.0608944,-0.007969379,False
12697,0.12929088,0.1625092,False
12698,0.0693271,-0.14017367,False
12699,-0.09547508,-0.10832834,False
12700,-0.19689083,0.117334604,False
12701,0.036908507,0.055572867,False
12702,-0.32083344,-0.30935,False
12703,-0.9070873,-0.44411564,False
12704,-0.5533521,-0.5422127,False
12705,0.05951774,0.070249915,False
12706,-0.6761513,-0.7844963,False
12707,-0.20305157,-0.2538228,False
12708,-0.13317439,-0.157608,False
12709,-0.008453662,-0.027741147,False
12710,0.04446125,-0.1489687,False
12724,-0.0001264885,-0.022229027,False
12723,-0.32333136,-0.1993773,False
12722,-0.726655,-0.75392914,False
12721,-0.11348963,0.36132014,False
12720,-0.8745146,-0.5788741,False
12719,-0.5114037,-0.35942876,False
12693,0.0009374842,-0.063382044,False
12718,-0.16315508,-0.026487112,False
12716,-0.13598299,-0.29532456,False
12715,-0.0758512,-0.43084526,False
12714,0.023333311,-0.30153775,False
12713,-0.2913381,-0.67101634,False
12712,-0.08353686,-0.2429192,False
12711,-0.011617335,-0.03090482,False
12717,-0.19420183,-0.16492361,False
12692,-0.30163205,0.10779619,False
12691,-0.075167835,-0.04946688,False
12690,-0.034115463,-0.032002464,False
12671,0.0,0.00012643122,False
12670,-0.036850214,-0.10732627,False
12669,-0.047067642,0.21843195,False
12668,-0.015127927,0.031119168,False
12667,-0.09795737,0.1643627,False
12666,0.07573935,-0.03352561,False
12672,0.047586307,-0.030760074,False
12665,-0.01168099,0.076903045,False
12663,0.028148606,0.090424255,False
12662,-0.062948644,-0.100235134,False
12661,0.010733816,-0.01284335,False
12660,0.003412962,-0.01872005,False
12659,-0.21573849,-0.004471451,False
12658,-0.009126544,-0.009126544,False
12664,-0.0159803,0.073621824,False
12725,-0.06633991,-0.13752562,False
12673,-0.012227438,-0.028759047,False
12675,0.0,0.00017083275,False
12689,0.014933556,-0.1827698,False
12688,0.015775245,-0.005092763,False
12687,0.019540723,-0.0042173397,False
12686,-0.004336953,0.0584286,False
12685,-0.0044424147,-0.0011585609,False
12684,-0.0051389164,0.009156488,False
12674,-0.022754217,-0.01973337,False
12683,0.0,0.0061493516,False
12681,0.019901678,-0.019306011,False
12680,0.0,0.4305595,False
12679,0.0351384,-0.016159358,False
12678,-0.011331933,-0.0070137484,False
12677,-0.048065897,-0.068621516,False
12676,-0.025386903,-0.047376726,False
12682,0.0,0.0034695524,False
12657,-0.019549597,-0.019549597,False
12726,-0.2864083,0.06597984,False
12728,-0.16605866,-0.3459326,False
12765,-0.016329106,-0.03389414,False
12766,-0.0052538775,-0.019257706,False
12767,0.046570897,0.085041106,False
12768,-0.13565218,-0.17039591,False
12769,-0.090360194,-0.10995242,False
12770,-0.045891404,0.097293496,False
12771,0.055636868,0.01108548,False
12772,0.127826,0.053971604,False
12773,-0.24313772,-0.09965378,False
12774,-0.00070562214,0.057005614,False
12775,0.04697941,-0.014330346,False
12776,0.016303647,-0.004036089,False
12777,0.06470227,-0.13903213,False
12778,0.018740438,-0.08562277,False
12779,0.120241284,0.076885104,False
12780,-0.008195041,-0.02765444,False
12781,0.00434348,0.029272556,False
12795,0.011556499,-0.009693231,False
12794,-0.02097191,0.10101347,False
12793,0.0,0.0068833292,False
12792,-0.003376223,-0.0033693796,False
12791,-0.0020117797,0.042475216,False
12790,0.035950422,-0.060307026,False
12764,0.08844012,0.25120008,False
12789,0.0058615636,0.012268491,False
12787,-0.021970227,0.037962645,False
12786,0.0,0.0,False
12785,-0.0086564645,0.33008465,False
12784,-0.0053632967,0.01413008,False
12783,0.0,0.0,False
12782,0.030481862,0.062499907,False
12788,0.15187258,-0.03152871,False
12763,0.029187597,0.090242706,False
12762,0.0197468,0.0,False
12761,-0.009604882,-0.03079702,False
12742,0.024328955,-0.03470537,False
12741,-0.121950984,-0.032158017,False
12740,-0.12290472,0.15946922,False
12739,0.09582853,-0.13495779,False
12738,-0.27536893,-0.23359412,False
12737,0.0004733801,-0.19720459,False
12743,-0.051865496,0.020853981,False
12736,-0.1718809,-0.09753901,False
12734,0.120307565,-0.03418219,False
12733,-0.061656475,-0.22192168,False
12732,-0.12728408,-0.13081414,False
12731,-0.1525845,-0.08147669,False
12730,0.21711051,-0.4194038,False
12729,-0.13825929,0.118691206,False
12735,0.049224377,-0.19802332,False
12727,-0.019174382,0.04831197,False
12744,-0.05279231,-0.07283807,False
12746,-0.06811193,0.057783127,False
12760,-0.011375904,-0.011375904,False
12759,-0.031761106,-0.019450285,False
12758,0.22332108,-0.017918766,False
12757,0.31563228,-0.12259793,False
12756,0.06678369,0.015989855,False
12755,-0.1541796,0.041357696,False
12745,-0.34586835,-0.18043375,False
12754,0.24856222,-0.1442622,False
12752,-0.019647062,-0.1794219,False
12751,0.10018772,0.051979423,False
12750,0.09460613,0.061862618,False
12749,0.00048450753,-0.02203134,False
12748,-0.7798095,-0.6565728,False
12747,-0.5277543,-0.6084709,False
12753,0.105722785,-0.04600942,False
12796,-0.004331805,0.036319345,False
12656,-0.012401131,-0.012401131,False
12654,-0.0974682,0.0931015,False
12551,-0.02495955,-0.06006078,False
12552,-0.008364059,-0.024725106,False
12553,0.12829137,0.062011003,False
12554,-0.006902069,0.100046396,False
12555,0.0,0.0,False
12556,-0.025973648,-0.035790905,False
12557,-0.4690101,-0.054974556,False
12558,0.10596347,0.49009442,False
12559,0.02231443,0.16500032,False
12560,-0.13814479,-0.20093071,False
12561,0.056327105,-0.34122944,False
12562,0.06283879,0.096833706,False
12563,0.0048562586,-0.054081157,False
12564,-0.36814642,-0.3010242,False
12565,-0.020102955,-0.09658505,False
12566,0.018426932,-0.0046034134,False
12567,-0.2644819,-0.13431215,False
12581,-0.060562335,0.06629804,False
12580,0.013122946,-0.047996968,False
12579,-0.19251278,0.086443484,False
12578,0.019977123,0.020631105,False
12577,-0.012338668,-0.05660899,False
12576,0.13105977,0.1371206,False
12550,-0.01630764,-0.037573125,False
12575,-0.01953385,0.028130874,False
12573,0.17859977,0.0019087195,False
12572,-0.012755834,-0.012752219,False
12571,0.048786715,0.3646015,False
12570,0.0971947,0.360334,False
12569,-0.03746903,0.14987016,False
12568,0.013160825,-0.017047152,False
12574,-0.18047166,-0.20519885,False
12549,0.031527355,0.46257418,False
12548,0.123055816,-0.18177682,False
12547,0.06812949,-0.037399366,False
12528,0.08941722,0.09563857,False
12527,-0.14836788,-0.029053748,False
12526,0.19564098,0.015980303,False
12525,0.0015386604,-0.033691317,False
12524,-0.062023222,0.093041,False
12523,0.0,0.0,False
12529,0.1015116,0.040928066,False
12522,-0.30577087,0.12694192,False
12520,0.1453929,-0.049930096,False
12519,0.0032951012,0.048142113,False
12518,-0.057028733,0.027349696,False
12517,-0.079752564,0.036929846,False
12516,-0.048416466,0.044092268,False
12515,-0.033029437,-0.14702356,False
12521,-0.13118136,-0.07615423,False
12582,0.060979694,0.044218898,False
12530,0.06094396,-0.04163699,False
12532,0.0,0.0,False
12546,0.13608801,-0.011065692,False
12545,-0.017373918,-0.008311571,False
12544,-0.009503056,0.02008403,False
12543,-0.044746317,-0.10138834,False
12542,-0.14462921,-0.16026494,False
12541,-0.07460285,0.087684855,False
12531,0.01846525,0.20340863,False
12540,-0.054286793,-0.05839267,False
12538,0.041528463,-0.10896568,False
12537,-0.19352716,-0.24980414,False
12536,-0.08024955,-0.094347835,False
12535,0.12583268,-0.028676093,False
12534,-0.1945661,-0.16097435,False
12533,-0.009316331,-0.009316331,False
12539,-0.057562947,0.12209368,False
12655,-0.008925113,-0.008925113,False
12583,-0.010218322,0.47824836,False
12585,-0.1822902,-0.07364571,False
12623,-0.0043615783,-0.0043615783,False
12624,-0.031178653,-0.0790795,False
12625,0.028204404,-0.009475269,False
12626,-0.00403199,0.07362186,False
12627,-0.07910546,-0.059601113,False
12628,0.0,0.0,False
12629,0.023755565,0.042276412,False
12630,0.0,0.0,False
12631,-0.030751236,0.007527724,False
12632,0.1176216,0.10612661,False
12633,-0.0932014,0.034333944,False
12634,-0.10785353,-0.18422365,False
12635,-0.15881836,-0.010333598,False
12636,-0.0707767,-0.08682537,False
12637,-0.21419752,0.025096178,False
12638,0.029457897,-0.13860537,False
12639,-0.2749899,-0.08331162,False
12653,-0.0721606,-0.047516465,False
12652,-0.0031101368,-0.025297487,False
12651,-0.5167053,-0.1453147,False
12650,-0.0007379949,0.124032855,False
12649,0.01411587,-0.041158415,False
12648,-0.038047552,-0.10649955,False
12622,0.0050805416,-0.018268205,False
12647,-0.024800897,0.023757398,False
12645,0.28307337,-0.04171151,False
12644,-0.056563735,-0.064296365,False
12643,-0.06323886,-0.06868231,False
12642,-0.09590149,-0.18980098,False
12641,0.04926274,-0.068398975,False
12640,-0.052001953,0.10584307,False
12646,-0.10194147,-0.14929199,False
12621,-0.011965293,-0.011965293,False
12620,0.059682697,0.120296985,False
12619,-0.030110545,-0.032998778,False
12600,0.010265708,0.11051589,False
12599,0.00059162825,0.4886184,False
12598,0.020573322,0.19505464,False
12597,-0.04123951,-0.02506078,False
12595,0.03781545,-0.17081901,False
12594,0.102029145,0.036497265,False
12601,-0.023245461,0.043126553,False
12593,0.17762613,-0.50364804,False
12591,-0.011525065,-0.02570264,False
12590,0.017063688,-0.018156756,False
12589,0.0035875738,0.15100771,False
12588,-0.035848938,-0.08136118,False
12587,-0.16372621,0.019718885,False
12586,-0.019697778,-0.03962169,False
12592,0.005836971,0.035084497,False
12584,-0.014105976,-0.000592649,False
12602,-0.1457935,-0.3173352,False
12604,-0.22384942,-0.016554952,False
12618,0.022356033,0.04873526,False
12617,-0.11349901,0.10033865,False
12616,0.019566178,0.0054713488,False
12615,0.07549244,0.0107958615,False
12614,0.03472738,-0.004755795,False
12613,-0.24687052,1.0223668,False
12603,0.076982856,-0.0049939156,False
12612,-0.050308704,-0.40017247,False
12610,-0.09942323,0.08370426,False
12609,-0.1361782,0.029699445,False
12608,-0.064314485,-0.21610212,False
12607,0.04386121,-0.0030508041,False
12606,-0.013825867,-0.013825867,False
12605,-0.005575989,-0.005575989,False
12611,-0.004350482,-0.003579686,False
12797,0.011629939,-0.062283434,False
12798,0.0,0.0,False
12799,-0.18682593,-0.17147076,False
12979,-0.04483021,0.16741855,False
12980,-0.075712085,-0.028534532,False
12981,0.06733775,-0.22880363,False
12982,-0.0124859065,-0.05579441,False
12983,-0.021602899,-0.03173293,False
12984,0.09349136,0.10697004,False
12985,-0.16539216,-0.14313197,False
12986,-0.06757423,-0.17356724,False
12987,-0.00027106702,0.026446,False
12988,0.0058276355,-0.03798774,False
12989,-0.05730951,0.037050575,False
12990,-0.055907786,0.1632306,False
12991,-0.0786221,0.12151718,False
12992,0.008650508,-0.014694601,False
12993,-0.3494506,-0.3110335,False
12994,0.0,0.0,False
12995,-0.018406363,-0.009094179,False
13009,-0.030087322,-0.04646179,False
13008,-8.7672845e-05,-0.023702169,False
13007,-0.1334209,-0.08773949,False
13006,0.1486592,0.2734621,False
13005,-0.105469435,-0.046887353,False
13004,0.03448212,0.04861617,False
12978,0.19826949,-0.37285334,False
13003,0.21167207,0.05019808,False
13001,0.113950014,0.29575443,False
13000,0.08027887,0.040609837,False
12999,0.00892444,-0.040400296,False
12998,-0.21683997,-0.13137066,False
12997,-0.02858296,-0.044590503,False
12996,0.106300354,-0.23031044,False
13002,-0.010268965,-0.010268965,False
12977,0.048546195,-0.17980659,False
12976,0.038479805,-0.03294301,False
12975,0.023218032,-0.014411523,False
12956,0.0,0.0,False
12955,-0.13610578,-0.2573204,False
12954,-0.19965243,-0.14677405,False
12953,0.006008312,-0.033638477,False
12952,-0.004444046,-0.027285933,False
12951,-0.003017813,-0.03014876,False
12957,-0.11597991,-0.059584588,False
12950,0.006968368,-0.02744807,False
12948,0.12524363,0.2703017,False
12947,-0.074268475,-0.09151827,False
12946,0.03267896,-0.21894275,False
12945,-0.05025989,0.024132848,False
12944,0.032139897,0.20485151,False
12943,0.048878618,0.03450586,False
12949,0.0,0.00044173998,False
13010,0.025359333,0.022141695,False
12958,0.03286549,-0.0067330934,False
12960,0.018061712,-0.0015306112,False
12974,0.15293926,0.06961024,False
12973,-0.17930508,-0.13186693,False
12972,-0.3662125,-0.29720616,False
12971,0.0,0.004158636,False
12970,-0.117437124,-0.09667969,False
12969,-0.0047551068,-0.0037223983,False
12959,0.03938669,-0.052248742,False
12968,0.15326744,-0.00496912,False
12966,-0.1883502,-0.07569373,False
12965,-0.0047798753,0.12769628,False
12964,0.16707337,0.029797256,False
12963,0.032401964,0.076966554,False
12962,-0.1216197,0.31794107,False
12961,0.0,0.0,False
12967,-0.23958337,0.10049665,False
12942,-0.18448952,-0.20380148,False
13011,-0.026325107,0.10077341,False
13013,-0.01253584,-0.004701134,False
13050,-0.31788015,-0.020545721,False
13051,0.0047791824,0.026326314,False
13052,-0.07518709,-0.080394864,False
13053,-0.11390573,0.31778255,False
13054,0.0029433966,0.24410999,False
13055,-0.15766242,-0.077778995,False
13056,0.11914377,-0.02360148,False
13057,0.20717597,-0.07767618,False
13058,-0.047881603,-0.074801505,False
13059,-0.102594584,-0.12581202,False
13060,-0.19306737,-0.23731345,False
13061,0.0011873767,-0.013658516,False
13062,-0.004762195,0.004907335,False
13063,0.0,0.0,False
13064,0.03729853,-0.11114569,False
13065,0.024989896,-0.01894702,False
13066,0.025943683,-0.019800467,False
13080,-0.02000807,-0.03529446,False
13079,-0.022208367,-0.021099083,False
13078,0.061630107,0.045192964,False
13077,-0.014263444,-0.014263444,False
13076,-0.04178629,-0.028540086,False
13075,0.10326505,0.6633118,False
13049,0.26501322,0.26811457,False
13074,-0.003665166,-0.0036450953,False
13072,-0.014367193,-0.13849209,False
13071,-0.10071987,-0.02404514,False
13070,-0.01403898,-0.1997911,False
13069,-0.7080312,0.079244375,False
13068,0.009791687,-0.009793562,False
13067,0.032271836,0.013956718,False
13073,-0.27149403,0.17034256,False
13048,-0.046127975,-0.15872389,False
13047,0.0521895,0.041565895,False
13046,-0.0630461,0.12596971,False
13027,0.033532552,-0.022150679,False
13026,0.13448721,-0.14759459,False
13025,0.34193063,0.3266456,False
13024,-0.054315507,-0.2895084,False
13023,-0.0469774,-0.076324105,False
13022,0.0,0.0,False
13028,0.049959928,0.07604489,False
13021,0.0,0.0,False
13019,0.0,0.0,False
13018,-0.3027774,-0.045254588,False
13017,-0.116067916,0.023111284,False
13016,-0.009868009,-0.009868009,False
13015,-0.2616306,-0.29547992,False
13014,0.047699913,0.02724433,False
13020,0.0644968,-0.0070497096,False
13012,0.02539713,0.035602093,False
13029,0.025495142,-0.09396717,False
13031,0.02185157,-0.024196714,False
13045,0.026608676,0.10217899,False
13044,0.036633164,0.07164937,False
13043,-0.11434758,0.037216604,False
13042,0.0,0.0,False
13041,0.015169859,-0.09619399,False
13040,0.10796857,-0.12857592,False
13030,-0.052682787,0.051410303,False
13039,-0.45801497,-0.51423025,False
13037,0.08872421,-0.003932112,False
13036,0.061846845,-0.0036848104,False
13035,-0.014299333,-0.13133669,False
13034,0.011006832,-0.05148036,False
13033,0.11275256,-0.16362381,False
13032,-0.0045962334,-1.4024673,False
13038,0.0074185403,-0.008256088,False
12941,-0.10860026,-0.32619584,False
12940,0.16151738,-0.10859537,False
12939,-0.24902496,-0.11830002,False
12836,0.019796878,-0.09671712,False
12837,-0.04075122,-0.1183503,False
12838,0.010781732,-0.004892896,False
12839,-0.07748602,-0.032961518,False
12840,0.041666478,-0.016869783,False
12841,-0.021043658,0.12465203,False
12842,0.20198882,-0.074554116,False
12843,-0.27950788,0.09695554,False
12844,-0.07151696,0.048324525,False
12845,0.0031972788,-0.019216936,False
12846,0.0,0.0,False
12847,0.06986015,-0.005853623,False
12848,0.04578519,0.06952655,False
12849,-0.23572844,0.20664513,False
12850,-0.094511986,0.13108659,False
12851,-0.14840704,-0.21892112,False
12852,0.059304953,-0.038527012,False
12866,-0.0053707734,-0.048636727,False
12865,-0.046873093,0.00023591518,False
12864,0.004697956,0.030347228,False
12863,-0.022858754,0.026830256,False
12862,0.05106815,-0.018054523,False
12861,-0.0072744824,-0.023363288,False
12835,-0.0042979857,-0.0042979857,False
12860,0.0,0.0009342739,False
12858,-0.08288306,-0.03381908,False
12857,-0.04455231,-0.10247972,False
12856,0.06901598,-0.34658068,False
12855,-0.0340174,-0.012834132,False
12854,0.06820956,-0.038632542,False
12853,-0.003579259,-0.0037649274,False
12859,-0.10901679,0.0052908957,False
12834,-0.07576816,-0.07559985,False
12833,-0.12690559,-0.074264765,False
12832,0.0012061391,-0.018837977,False
12813,0.00035417825,-0.059785955,False
12812,-0.06765106,0.020918846,False
12811,0.04818775,-0.02671838,False
12810,-0.13412023,0.3144145,False
12809,0.016865546,-0.02443975,False
12808,0.004327476,-0.040570855,False
12814,-0.033297062,-0.010438502,False
12807,0.0071487874,-0.1267871,False
12805,0.0,0.0,False
12804,-0.006963674,-0.02939044,False
12803,-0.17895794,-0.34832096,False
12802,0.0,4.5475022e-05,False
12801,-0.010271307,-0.031463444,False
12800,-0.19435221,-0.05864054,False
12806,-0.0356912,-0.02283395,False
12867,-0.013854384,-0.0022910237,False
12815,-0.40582013,-0.27904606,False
12817,0.06987211,-0.10538934,False
12831,0.07006276,0.029782176,False
12830,-0.01170063,0.20762539,False
12829,-0.077809215,0.13202286,False
12828,0.08401424,-0.06335901,False
12827,-0.08245647,0.06859195,False
12826,-0.43666744,-0.6503699,False
12816,-0.046980917,0.04849446,False
12825,0.029775292,0.5027634,False
12823,-0.12819362,0.12840402,False
12822,-0.019436983,-0.019436983,False
12821,0.020032048,-0.046607256,False
12820,-0.15887672,0.15983969,False
12819,-0.02180151,-0.043189503,False
12818,0.0,1.3003071e-05,False
12824,-0.092949405,-0.010446236,False
12868,0.0011192113,-0.0454415,False
12869,-0.012608677,-0.071081966,False
12870,0.063298106,-0.20273137,False
12920,0.059013247,-0.09252227,False
12919,-0.009015944,-0.005742172,False
12918,-0.27787167,-0.15780026,False
12917,-0.007124286,0.044794787,False
12916,0.14078885,0.0055416226,False
12915,-0.014799205,-0.014799205,False
12921,-0.09786326,-0.3088985,False
12914,-0.26921272,0.50532854,False
12912,0.13317758,0.2558552,False
12911,-0.24601758,-0.2868781,False
12910,0.021535277,-0.0030008554,False
12909,0.20176804,-0.013832152,False
12908,0.30237603,0.09054971,False
12907,0.07421726,-0.08008334,False
12913,-0.049912214,0.04471238,False
12906,-0.013407171,0.02092734,False
12922,-0.37009215,-0.36707819,False
12924,0.09758073,-0.037164748,False
12938,-0.3612851,-0.15574479,False
12937,-0.32417667,0.030660987,False
12936,0.02485311,0.088431925,False
12935,-0.0040650247,-0.0031195004,False
12934,-0.17130926,0.111222446,False
12933,-0.008140995,-0.008138156,False
12923,-0.0050101043,-0.0050101043,False
12932,-0.05638814,-0.035729557,False
12930,-0.007343769,-0.08266568,False
12929,-0.17903697,-0.115743876,False
12928,-0.12329236,-0.093526185,False
12927,-0.0022595525,0.08406836,False
12926,0.0692932,-0.111092985,False
12925,0.0,0.0029984133,False
12931,-0.013573913,-0.013573913,False
11373,0.03547141,0.034095287,False
12905,0.018713236,-0.13648236,False
12903,-0.071612686,-0.090841234,False
12884,-0.14286706,-0.047365397,False
12883,0.004632216,-0.038000517,False
12882,0.055148583,0.009415775,False
12881,0.17811999,0.02693484,False
12880,-0.11615209,0.021582514,False
12879,0.10857993,-0.10666448,False
12885,0.22314906,0.8524202,False
12878,-0.0066323876,-0.06911074,False
12876,0.19949865,-0.020339489,False
12875,-0.024742732,-0.024742732,False
12874,-0.029999904,0.093470134,False
12873,-0.0078535415,0.28150707,False
12872,-0.012797266,0.04241894,False
12871,0.15624487,-0.051875204,False
12877,-0.09425643,-0.09402162,False
12904,-0.11106324,-0.20816141,False
12886,0.2398361,0.053398788,False
12888,-0.0077917986,-0.01491753,False
12902,0.03046742,-0.0032995045,False
12901,-0.045162752,-0.059210658,False
12900,-0.0066529214,0.026312351,False
12899,0.3360629,-0.20278788,False
12898,-0.008483923,-0.008483923,False
12897,-0.14485398,0.18219173,False
12887,-0.17402709,0.0986442,False
12896,0.01337382,0.001057752,False
12894,-0.010334916,-0.06740542,False
12893,-0.032435298,-0.20017004,False
12892,0.09560272,-0.028439566,False
12891,-0.0670692,0.16278726,False
12890,0.0,0.0,False
12889,-0.05708337,-0.032579184,False
12895,0.0063085146,-0.020205805,False
13649,0.019209443,0.0,False
11372,0.048520923,-0.106396645,False
11370,-0.20265532,0.0648303,False
9846,0.0,0.0,False
9847,-0.6726959,-0.16268373,False
9848,-0.023547307,0.03621231,False
9849,-0.010237575,-0.101798326,False
9850,0.00394132,-0.05533681,False
9851,-0.031873167,-0.046006158,False
9852,-0.2346946,-0.51452255,False
9853,-0.01111524,-0.034016404,False
9854,-0.027249524,0.10244446,False
9855,0.023478162,0.0,False
9856,-0.05822111,0.0019427836,False
9857,0.087086424,0.018036,False
9858,-0.016246974,0.010651261,False
9859,-0.17223993,-0.05857128,False
9860,0.010600207,-0.004661479,False
9861,0.0007431507,0.1170001,False
9862,-0.028855324,-0.33068347,False
9876,-0.25673294,0.10550976,False
9875,-0.009172298,-0.009172298,False
9874,0.06958008,0.0051784515,False
9873,0.33883905,-0.2071855,False
9872,-0.02135253,-0.35458946,False
9871,0.11114454,-0.11167741,False
9845,0.009659603,-0.0094088465,False
9870,-0.015049577,0.030658126,False
9868,-0.1701001,-0.11704004,False
9867,0.20494476,0.06767255,False
9866,-0.27111876,0.02621758,False
9865,-0.0042173397,-0.0042173397,False
9864,0.14580333,0.06497675,False
9863,-0.041863814,0.033840634,False
9869,-0.33657956,-0.26942325,False
9844,0.009206802,0.0147975385,False
9843,0.007573262,-0.115346745,False
9842,-0.037472382,0.0285476,False
9823,-0.071129724,-0.011936247,False
9822,-0.03511107,-0.19320977,False
9821,0.13743171,0.05164826,False
9820,0.050769065,-0.034900058,False
9819,-0.013946966,-0.013946966,False
9818,0.026928902,0.013941586,False
9824,0.058261245,0.029628105,False
9817,-0.035266012,0.073824264,False
9815,0.0,0.0,False
9814,0.07072154,-0.03207095,False
9813,0.017152317,-0.063075125,False
9812,0.010253787,-0.044395745,False
9811,0.03225641,-0.031604752,False
9810,0.06162013,-0.033394933,False
9816,0.012623724,-0.009923771,False
9877,-0.009909244,-0.009909244,False
9825,0.14126271,-0.108698145,False
9827,-0.05251053,-0.08444938,False
9841,0.046814807,-0.050800227,False
9840,-0.04314272,0.040440828,False
9839,0.0,0.0,False
9838,-0.008764936,-0.008764936,False
9837,0.198524,-0.016796112,False
9836,0.12392539,0.09780875,False
9826,-0.0369138,-0.052760486,False
9835,-0.0036233715,-0.0036233715,False
9833,-0.00051451474,-0.061320703,False
9832,0.0,0.0,False
9831,-0.0027100593,0.059312716,False
9830,0.022170972,0.0,False
9829,-0.15120173,-0.03867674,False
9828,-0.20176351,0.046636343,False
9834,-0.016755145,0.08068444,False
9808,-0.02778721,-0.012264978,False
9878,-0.04170187,0.06822072,False
9880,-0.21491408,-0.0034573674,False
9917,0.012514414,-0.009760543,False
9918,-0.004707792,-0.004707792,False
9919,-0.015194774,0.018059969,False
9920,0.20419008,0.057240427,False
9921,0.05192858,-0.1774872,False
9922,-0.07313484,-0.13755143,False
9923,0.09439266,-0.11779523,False
9924,0.074139714,-0.086761296,False
9925,0.02207886,-0.012596459,False
9926,-0.2036134,-0.10301787,False
9927,0.040181488,0.0009178221,False
9928,-0.010335593,-0.033379424,False
9929,-0.22217393,-1.1084821,False
9930,-0.073740244,0.070916355,False
9931,0.017018486,0.008858431,False
9932,-0.055592775,-0.5804481,False
9933,0.4524424,0.74992704,False
9947,0.3350119,0.54878145,False
9946,-0.12892139,-0.35263532,False
9945,0.06807992,0.09383562,False
9944,0.046074808,0.06003031,False
9943,-0.20056605,0.08611679,False
9942,0.009362824,-0.055027723,False
9916,0.0,0.0,False
9941,-0.16781509,-0.37891996,False
9939,-0.010292506,-0.010285463,False
9938,0.052665576,-0.06419913,False
9937,0.0,0.0,False
9936,-0.0246078,0.022868417,False
9935,-0.008702204,-0.039832525,False
9934,-0.02705729,0.044238627,False
9940,0.0,0.0,False
9915,-0.21781301,-0.8354995,False
9914,-0.205935,-0.41205347,False
9913,-0.022862595,-0.0436085,False
9894,-0.11657596,-0.12640083,False
9893,-0.051738143,-0.051689714,False
9892,-0.2697386,-0.14828807,False
9891,0.0109924385,-0.0037419861,False
9890,0.047773827,0.0020658234,False
9889,-0.04178759,-0.04024047,False
9895,-0.15763831,-0.07108468,False
9888,0.0927286,-0.06613872,False
9886,0.0,0.0,False
9885,0.018100634,-0.0143976435,False
9884,-0.023781646,-0.053845312,False
9883,0.4243946,-0.23588896,False
9882,0.13280511,-0.059592724,False
9881,-0.076764196,-0.077560246,False
9887,0.22627532,-0.0066676736,False
9879,0.06586732,0.034371592,False
9896,-0.028275192,0.0475685,False
9898,-0.01911728,-0.018909913,False
9912,0.021529706,0.0,False
9911,0.047298253,-0.3108467,False
9910,-0.122250795,0.0077078342,False
9909,0.012057364,-0.018599153,False
9908,0.024576958,-0.018314969,False
9907,0.00711751,-0.94084215,False
9897,0.16931295,-0.058276653,False
9906,-0.1611169,-0.075291336,False
9904,-0.02405373,-0.02405341,False
9903,-0.06600471,-0.100617915,False
9902,-0.9876573,-1.3468168,False
9901,-0.076744646,0.16316113,False
9900,-0.117378384,-0.2094069,False
9899,0.0,0.0,False
9905,-0.025644394,-0.0051479787,False
9948,0.14481997,0.018976957,False
9807,-0.02786653,-0.02786653,False
9805,0.03328684,-0.091811135,False
9703,0.023424268,0.106120594,False
9704,-0.01665011,0.004513338,False
9705,-0.09149495,-0.0053866506,False
9706,0.019138113,0.020512342,False
9707,-0.11009598,0.3668506,False
9708,0.07380426,-0.021632418,False
9709,-0.06449941,-0.08697873,False
9710,-0.09264019,0.14860189,False
9711,-0.07859848,-0.040454607,False
9712,-0.013189115,-0.013189115,False
9713,-0.019248692,-0.017493457,False
9714,0.009297818,0.03194566,False
9715,-0.13636148,0.039066553,False
9716,-0.08120048,0.013205767,False
9717,-0.06261921,-0.027271986,False
9718,-0.07023569,-0.02504225,False
9719,-0.10650726,-0.11096066,False
9733,0.10465039,-0.098377466,False
9732,-0.32460594,-0.68203807,False
9731,-0.18381613,-0.42371234,False
9730,-0.02881832,-0.045452774,False
9729,-0.05681269,-0.07664372,False
9728,-0.24950463,-0.3078892,False
9702,0.0,0.0006939305,False
9727,0.046340235,0.065074675,False
9725,-0.12541404,-0.14269368,False
9724,0.09072172,0.09375522,False
9723,-0.011353614,0.0074252523,False
9722,-0.05657831,-0.060089424,False
9721,-0.023931742,-0.25620234,False
9720,0.031785578,0.11282691,False
9726,0.08484784,0.012200488,False
9701,-0.060700297,0.014272571,False
9700,-0.09059417,0.075395405,False
9699,0.026080899,0.025585294,False
9679,0.01402083,-0.038650315,False
9678,0.0,0.0,False
9677,0.027108073,-0.013248117,False
9676,-0.022855112,0.033773325,False
9675,0.018166214,-0.0034862934,False
9674,0.088498555,0.0077618845,False
9680,0.016590625,-0.021161811,False
9673,-0.009490543,-0.009423933,False
9671,-0.034896232,-0.093282655,False
9670,-0.0046121166,-0.0042813895,False
9669,-0.0093522025,-0.0093522025,False
9668,0.007891513,-0.037556775,False
9667,0.0044131167,0.09931287,False
9666,0.0058985353,-0.05050215,False
9672,0.027339906,-0.014499619,False
9734,-0.008114008,-0.008114008,False
9681,-0.1273458,-0.68130493,False
9683,0.0101441145,-0.10854855,False
9698,0.0,0.0,False
9697,0.0,0.026005253,False
9695,-0.0049564024,-0.0049564024,False
9694,0.0,0.0,False
9693,-0.013656797,-0.013656797,False
9692,0.006702967,-0.033562563,False
9682,0.015248135,-0.06320303,False
9691,0.0,0.0045778584,False
9689,-0.009648245,-0.009648245,False
9688,0.113579996,0.04226137,False
9687,0.018226512,0.036606215,False
9686,0.043850627,-0.031213209,False
9685,0.004880215,0.033844143,False
9684,0.0,0.0,False
9690,0.0,0.0,False
9806,-0.029226836,-0.029226836,False
9735,-0.048111245,-0.16955505,False
9737,0.0007904265,-0.01849706,False
9774,0.028336287,0.026738837,False
9775,0.013162235,-0.018477047,False
9776,-0.009078706,-0.009078706,False
9777,0.019812081,0.0044598244,False
9778,-0.022375304,-0.021458834,False
9779,-0.12745363,-0.13943028,False
9780,0.024099749,0.09309836,False
9781,-0.047340736,0.06682736,False
9782,0.023360897,0.0055800853,False
9783,-0.12061,-0.3898455,False
9784,-0.041588467,0.0024625733,False
9785,0.019490004,-0.08968735,False
9786,0.0,7.4380264e-06,False
9787,-0.0051453733,-0.0051340815,False
9788,-0.07818346,0.082626976,False
9789,0.0,0.0,False
9790,0.008580246,-0.013981218,False
9804,-0.015472479,0.082989685,False
9803,-0.019481435,-0.090219595,False
9802,-0.0012820568,-0.024523059,False
9801,0.09988992,-0.1210723,False
9800,0.0,0.0,False
9799,-0.003413568,0.003887843,False
9773,0.04181707,0.078763306,False
9798,-5.0738454e-05,-0.026729718,False
9796,-0.04691811,-0.027491719,False
9795,-0.021714628,-0.07455766,False
9794,0.016863942,0.16737843,False
9793,-0.048660405,-0.035097048,False
9792,-0.008265705,-0.008265705,False
9791,-0.024597516,-0.040369883,False
9797,0.0129650235,-0.047209598,False
9772,0.11164543,-0.09643224,False
9771,-0.26222688,-0.10754466,False
9770,-0.15744418,-0.047596455,False
9751,0.036464095,0.03277777,False
9750,0.0,0.0,False
9749,0.019104,-0.01574402,False
9748,0.010607218,-0.009027566,False
9747,-0.060592726,-0.08289197,False
9746,0.22056723,-0.0063788295,False
9752,-0.028487772,-0.028487772,False
9745,-0.022414535,-0.2020652,False
9743,0.055041894,-0.068511374,False
9742,-0.056822315,-0.07426986,False
9741,-0.115097746,0.030260146,False
9740,-0.11571276,-0.03512299,False
9739,-0.009417556,-0.009362006,False
9738,0.0,0.0,False
9744,-0.0049748793,-0.0049748793,False
9736,-0.04468567,-0.038706794,False
9753,-0.01396019,-0.01182137,False
9755,-0.0043615783,-0.0015641772,False
9769,0.07974313,0.014410712,False
9768,-0.18003517,0.19508278,False
9767,0.0,0.0,False
9766,-0.13143295,-0.35304147,False
9765,-0.10999909,0.06739497,False
9764,0.020679832,-0.22147441,False
9754,0.0074536046,-0.013829437,False
9763,-0.007770568,0.0011975616,False
9761,-0.03394681,-0.008123232,False
9760,-0.07465869,-0.034969598,False
9759,-0.020721637,0.55014724,False
9758,0.004354894,-0.051012218,False
9757,0.0,0.0,False
9756,0.05296524,0.07331914,False
9762,-0.07882765,-0.06636402,False
9665,0.0230157,-0.0721158,False
9949,-0.09089139,-0.16419625,False
9951,-0.061767343,-0.05191597,False
10130,0.074628234,0.08493346,False
10131,0.123085886,-0.05740256,False
10132,0.0,0.0,False
10133,-0.008696701,-0.008696701,False
10134,-0.035678193,-0.018807441,False
10135,0.053307243,0.013052233,False
10136,0.029939651,-0.028702736,False
10137,-0.07955009,0.123410106,False
10138,0.08313152,0.0028075874,False
10139,0.0,0.0,False
10140,-0.004731711,-0.004731711,False
10141,0.14023805,0.04667692,False
10142,-0.016589701,-0.016589701,False
10143,0.0147729525,-0.0057328925,False
10144,-0.27752715,-0.28310043,False
10145,-0.33204865,-0.15737176,False
10146,-0.011225559,-0.04481954,False
10160,0.015261686,0.0,False
10159,-0.11235717,-0.18538754,False
10158,0.13601229,-0.016756833,False
10157,0.0216167,0.0,False
10156,-0.09444761,0.045229405,False
10155,0.06614208,0.026079103,False
10129,-0.1079559,-0.044330776,False
10154,-0.073847786,0.014396608,False
10152,0.0051290244,-0.0600202,False
10151,0.14104986,0.020216882,False
10150,0.006705962,-0.0456817,False
10149,-0.060891442,0.01673393,False
10148,-0.05092725,0.10575709,False
10147,-8.285046e-06,0.105354786,False
10153,-0.029008567,-0.032142192,False
10128,-0.24949765,0.6614764,False
10127,-0.00836575,0.027205825,False
10126,0.0,0.004341621,False
10107,-0.1859475,-0.13448676,False
10106,0.010977566,-0.055526197,False
10105,-0.0050920295,-0.0050920295,False
10104,0.037959695,-0.003983207,False
10103,0.009333331,-0.028716605,False
10102,-0.12639141,0.37217498,False
10108,-0.07828587,0.041882277,False
10101,-0.16147935,-0.05353403,False
10099,-0.072777286,0.22037734,False
10098,-0.15304343,0.095433176,False
10097,-0.001449544,-0.023719743,False
10096,0.0048404187,-0.010005474,False
10095,0.0,0.0,False
10094,-0.009800198,-0.009800198,False
10100,-0.08305684,-0.099434614,False
10161,-0.2521097,-0.08563024,False
10109,-0.23828077,-0.26591706,False
10111,-0.0089661945,-0.008237256,False
10125,-0.0013047811,-0.021926869,False
10124,-0.07477063,-0.25970808,False
10123,0.0074655414,0.19352877,False
10122,-0.012174681,0.0085217655,False
10121,-0.01772976,-0.12841082,False
10120,-0.06747004,0.036436483,False
10110,-0.07424688,0.20186794,False
10119,0.044460118,-0.033157393,False
10117,0.06729637,-0.04128541,False
10116,0.004678488,0.12246239,False
10115,0.26668096,-0.31390095,False
10114,-0.10972023,0.02406916,False
10113,-0.16044998,-0.09854019,False
10112,-0.10635254,-0.038095534,False
10118,0.12739772,0.22225165,False
10093,0.014342105,-0.009146087,False
10162,0.005393778,-0.013815665,False
10164,0.022118628,-0.05085969,False
10201,0.13169482,-0.034251273,False
10202,0.009197265,0.052946657,False
10203,-0.15688375,-0.12121639,False
10204,-0.007817149,-0.09131056,False
10205,-0.0051433295,-0.008249685,False
10206,-0.13924438,0.011746943,False
10207,0.10326679,0.001462087,False
10208,0.028145194,-0.08763161,False
10209,-0.007744536,0.041880295,False
10210,-0.0631493,-0.039574683,False
10211,-0.013960093,-0.06486509,False
10212,-0.05109164,0.025526613,False
10213,-0.18234062,-0.42091,False
10214,-0.1644488,-0.13999748,False
10215,-0.16932547,-0.12762058,False
10216,-0.1756382,-0.23563361,False
10217,-0.057720423,0.023303986,False
10231,0.031528413,0.05647847,False
10230,-0.067168385,-0.07593806,False
10229,-0.053922694,0.049244422,False
10228,0.0,0.0,False
10227,0.019614886,0.075441495,False
10226,-0.0052485066,-0.0052485066,False
10200,-0.05708003,0.23289207,False
10225,0.040617496,-0.0353809,False
10223,0.1302743,-1.2116036,False
10222,-0.2615087,-0.36822104,False
10221,0.060050547,0.055923805,False
10220,0.15324533,-0.18502611,False
10219,0.09956628,-0.006887257,False
10218,-0.018072844,0.04928446,False
10224,-0.034724534,-0.18777512,False
10199,0.005234048,-0.012553029,False
10198,-0.16988418,0.026794642,False
10197,-0.12485075,-0.21650267,False
10178,-0.005689889,-0.06636667,False
10177,0.083480835,0.008980751,False
10176,0.19164622,-0.11317909,False
10175,0.045284376,-0.019423038,False
10174,0.5571919,0.27402276,False
10173,-0.020699844,0.014863014,False
10179,-0.038854733,0.15727049,False
10172,-0.008587375,-0.008587375,False
10170,0.019741774,-0.14924216,False
10169,-0.093240544,0.039273135,False
10168,-0.051451445,-0.34706295,False
10167,-0.03324765,-0.06040728,False
10166,-0.0044014677,-0.03656087,False
10165,-0.010418147,0.029325843,False
10171,-0.115296125,-0.07459691,False
10163,0.11713624,0.1352328,False
10180,-0.1663866,0.12130761,False
10182,-0.051160395,0.02872023,False
10196,0.09077686,0.06523031,False
10195,-0.004470864,-0.004470864,False
10194,0.0680825,0.09710048,False
10193,-0.3775581,-0.04985881,False
10192,-0.19119227,-0.11725211,False
10191,0.110361755,0.015090227,False
10181,-0.4687419,-0.58070207,False
10190,0.04724723,0.045249045,False
10188,0.18780673,0.036900282,False
10187,-0.15625858,0.056227684,False
10186,-0.18493032,-0.38343292,False
10185,-0.01950685,-0.01816383,False
10184,0.060016893,-0.0056857355,False
10183,-0.09048212,-0.0367273,False
10189,0.061567903,0.39666975,False
9950,0.0913434,-0.015284896,False
10092,-0.0045670983,0.0036514546,False
10090,-0.06731889,-0.090525806,False
9988,-0.16557553,-0.051891625,False
9989,-0.05055356,0.27392125,False
9990,-0.0011123121,0.009817958,False
9991,0.03992586,-0.015897203,False
9992,-0.009950972,-0.009950972,False
9993,-0.069523335,0.022923589,False
9994,0.039333865,0.027813122,False
9995,0.14078899,-0.05659716,False
9996,-0.1624711,0.046598583,False
9997,0.16602674,0.112136215,False
9998,-0.022728115,-0.07092202,False
9999,-0.017966092,-0.0075273514,False
10000,0.06737004,0.060661122,False
10001,0.10037434,-0.005352229,False
10002,0.001025375,-0.0421711,False
10003,-0.106674016,-0.29482955,False
10004,0.062290564,0.07616803,False
10018,-0.008852959,-0.0329772,False
10017,0.11252613,0.07135534,False
10016,0.06100574,8.094311e-05,False
10015,0.01694119,-0.01829511,False
10014,0.42345715,-0.4029796,False
10013,0.056748807,-0.009978056,False
9987,-0.010393335,0.040678218,False
10012,0.037397273,-0.053339824,False
10010,0.027973086,-0.030787656,False
10009,0.040111303,0.24256754,False
10008,-0.034996014,-0.040616922,False
10007,0.0,0.0,False
10006,0.0018313751,-0.05024655,False
10005,-0.00470827,-0.00470827,False
10011,0.021787614,-0.0794657,False
9986,0.01746102,-0.004972522,False
9985,0.11123491,0.030126505,False
9984,0.3872218,-0.19744349,False
9965,0.053537875,0.20535165,False
9964,0.03470874,-0.07487953,False
9963,0.008635968,0.023230895,False
9962,-0.38012475,-0.052085996,False
9961,-0.07612915,0.042531893,False
9960,0.06965293,0.022744298,False
9966,-0.057124443,-0.057106405,False
9959,-0.0050920295,-0.0050920295,False
9957,-0.08352874,-0.10334174,False
9956,0.02436081,0.012744556,False
9955,-0.13724124,0.057474613,False
9954,-0.0036645122,0.4783494,False
9953,0.031470776,-0.0531711,False
9952,-0.07325624,0.19164947,False
9958,-0.09857105,0.022667676,False
10019,0.07225919,0.04237011,False
9967,0.0,0.00994501,False
9969,-0.042847518,-0.042847518,False
9983,-0.09227303,-0.010383964,False
9982,-0.02310574,-0.02310574,False
9981,0.007684827,-0.21500576,False
9980,0.16488492,-0.010901332,False
9979,-0.00036743283,-0.022936905,False
9978,-0.024085999,-0.19405937,False
9968,0.013798945,-0.008832091,False
9977,-0.022624644,0.31906027,False
9975,0.008292148,-0.015042067,False
9974,-0.1880475,-0.16079032,False
9973,0.02344513,-0.1388348,False
9972,-0.21352482,-0.13523495,False
9971,-0.048358385,-0.04824041,False
9970,0.046268225,-0.19193554,False
9976,-0.07866779,-0.23053984,False
10091,0.016224314,0.02064858,False
10020,-0.069126844,0.2065332,False
10022,-0.10336903,-0.057534724,False
10059,-0.0047263224,-0.0047263224,False
10060,-0.11448644,-0.030441076,False
10061,0.033798993,0.0039067566,False
10062,0.22370863,-0.025265157,False
10063,-0.09411371,-0.05157405,False
10064,-0.054487273,-0.11996377,False
10065,-0.00126791,-0.04228425,False
10066,0.372101,0.16001642,False
10067,-0.004166439,-0.022177208,False
10068,0.00048166513,-0.08692217,False
10069,-0.15265632,0.06783503,False
10070,0.070634,-0.019928949,False
10071,0.022357725,0.0,False
10072,-0.004680616,-0.004680616,False
10073,0.023958407,-0.07786516,False
10074,-0.12974954,-0.8586166,False
10075,0.0,0.0,False
10089,-0.0642367,0.02266936,False
10088,-0.18880272,-0.1695041,False
10087,0.08267915,0.029294193,False
10086,-0.099398196,0.16114366,False
10085,-0.0048651174,-0.0032859207,False
10084,-0.02421689,-0.6559838,False
10058,0.019503742,-0.11202051,False
10083,-0.35460913,-0.94883406,False
10081,-0.045092285,-0.050906837,False
10080,0.13018322,0.10765207,False
10079,-0.029157937,-0.09539795,False
10078,-0.053995192,-0.32464972,False
10077,0.04467553,-0.2225802,False
10076,-0.0028015673,0.063270986,False
10082,-0.19683927,0.056661606,False
10057,0.0047058538,0.0067817494,False
10056,-0.032533646,0.17293634,False
10055,0.022358805,-0.04035987,False
10036,-0.087429106,-0.36017552,False
10035,-0.021887824,-0.03687714,False
10034,0.14439878,0.11149374,False
10033,0.04658385,-0.048363492,False
10032,-0.13269836,0.0637995,False
10031,0.06519604,-0.08039302,False
10037,-0.021344982,0.0031217784,False
10030,-0.035455316,0.045995116,False
10028,0.015556335,0.0033921003,False
10027,-0.12246132,0.23421168,False
10026,-0.04174427,-0.041495167,False
10025,-0.15026546,-0.053837925,False
10024,-0.19944972,-0.28353745,False
10023,-0.19730371,-0.11155456,False
10029,-0.040436454,-0.040378693,False
10021,0.03795338,0.07622558,False
10038,-0.2694925,-0.011627197,False
10040,-0.07399702,0.18578678,False
10054,0.032128215,0.21248424,False
10053,-0.05047953,0.00404495,False
10052,0.030868053,0.20257458,False
10051,0.018432947,-0.004784495,False
10050,-0.0130602345,-0.02884053,False
10049,-0.066445276,-0.11195186,False
10039,0.019537807,0.0076546073,False
10048,-0.112836,-0.098903894,False
10046,-0.049812376,-0.122083694,False
10045,0.031915516,0.13217607,False
10044,-0.016400293,-0.016400293,False
10043,0.18306878,-0.06401965,False
10042,-0.18482387,-0.15472579,False
10041,-0.027595162,0.0575227,False
10047,-0.047421813,-0.14252685,False
10232,0.08332169,0.15580755,False
9664,-0.010258351,-0.010258351,False
9662,0.0,0.0,False
9274,0.097797334,-0.06744355,False
9275,0.012358983,0.23416696,False
9276,-0.004502146,-0.004502146,False
9277,0.03800887,-0.042469256,False
9278,-0.017162044,-0.039604314,False
9279,-0.004879865,-0.004879865,False
9280,-0.00428287,-0.00428287,False
9281,0.13700387,-0.061683748,False
9282,0.22439146,0.01594174,False
9283,-0.018716991,-0.10632336,False
9284,-0.0870466,-0.14930767,False
9285,-0.0150934495,-0.03507629,False
9286,0.05380559,-0.50835025,False
9287,0.047816753,-0.10188532,False
9288,-0.17320642,-0.063008726,False
9289,-0.13937855,0.14987254,False
9290,-0.14312696,-0.71040606,False
9305,0.019550536,-0.0034174668,False
9304,-0.004775405,0.12430924,False
9303,-0.014124155,-0.09839469,False
9302,0.036407292,0.011608943,False
9301,-0.094459,0.015727818,False
9300,-0.022041231,-0.08988762,False
9273,-0.0052190633,-0.0052190633,False
9299,-0.11837426,-0.09571539,False
9297,-0.010040738,-0.027462818,False
9296,0.084026575,-0.18891954,False
9294,-0.0044916803,-0.0021812522,False
9293,0.015982248,-0.0034457967,False
9292,0.0048626363,-0.076581284,False
9291,0.06765251,-0.010246661,False
9298,-0.23939085,-0.39919233,False
9272,-0.10899967,0.010763645,False
9271,0.018719748,-0.020193065,False
9270,0.0,0.0,False
9250,0.07451412,0.028422445,False
9249,-0.023533665,-0.02303039,False
9248,0.0020667762,-0.04269682,False
9247,0.2624371,0.29913807,False
9246,0.0,0.0,False
9245,-0.01842895,-0.01842895,False
9251,-0.3176515,0.030140638,False
9244,0.03590919,8.34924e-06,False
9242,0.0,0.0011923482,False
9241,0.0,0.00422472,False
9240,0.0,0.0,False
9239,-0.004424326,-0.004424326,False
9238,0.0,0.0,False
9237,0.019734941,-0.0047822,False
9243,0.010887068,-0.014115496,False
9306,-0.20154226,-0.097634315,False
9252,0.03732624,-0.00414922,False
9255,0.054457366,-0.054934204,False
9269,0.11559823,-0.026826471,False
9268,0.12684,0.07043934,False
9267,-0.21069479,-0.5083246,False
9266,-0.09531071,-0.08371037,False
9265,0.0,0.0,False
9264,-0.07143316,-0.13463786,False
9253,0.038593113,0.010208845,False
9263,-0.022853553,-0.061911523,False
9261,-0.03312303,-0.010039836,False
9260,-0.19106054,-0.10508777,False
9259,0.010578036,-0.011303157,False
9258,-0.008527286,-0.053550795,False
9257,-0.024930881,-0.024930881,False
9256,-0.19580585,-0.52021575,False
9262,-0.15008411,-0.025937349,False
9236,0.008088607,-0.015299145,False
9307,0.0343107,-0.15456152,False
9309,-0.07713455,-0.0010051429,False
9346,0.0,3.1711643e-05,False
9347,-0.038727473,-0.084376626,False
9348,0.0,0.0,False
9349,0.22702122,0.048751995,False
9350,-0.018164009,0.25172013,False
9351,0.04118058,-0.030581467,False
9352,-0.018887997,-0.020692527,False
9353,0.034914687,0.46099642,False
9354,0.0,3.3799894e-05,False
9355,0.079022996,-0.061241783,False
9356,-0.121984914,-0.016844064,False
9357,-0.06328753,-0.011929631,False
9358,-0.14576924,0.1218425,False
9359,0.029757202,0.2004013,False
9360,-0.014648408,0.012803167,False
9361,-0.1253477,-0.083152324,False
9362,-0.027460575,0.20067817,False
9376,-0.011638401,-0.0340865,False
9375,-0.09227413,-0.2540895,False
9374,0.049249828,0.7328081,False
9373,0.05639092,-0.015602693,False
9372,-0.0050669704,-0.0050669704,False
9371,-0.18207121,0.59382606,False
9345,0.23407769,0.62751985,False
9370,0.00712955,0.22995698,False
9368,-0.20090741,-0.084459186,False
9367,-0.05861196,-0.03078659,False
9366,-0.1570395,-0.06412625,False
9365,0.07662845,0.554634,False
9364,0.11738914,0.1599828,False
9363,-0.0018152837,0.023452515,False
9369,0.0,0.0,False
9344,-0.01948558,-0.01948558,False
9343,0.0015473925,-0.018810814,False
9342,-1.2983451,-0.8369818,False
9323,0.028362982,-0.01024112,False
9322,-0.009698128,-0.009698128,False
9321,0.0,0.0,False
9320,0.1196816,0.22106051,False
9319,-0.013874494,0.021170229,False
9318,-0.29215097,-0.0039002895,False
9324,0.013235195,-0.009096939,False
9317,0.0,0.053401776,False
9315,0.0,0.0,False
9314,-0.014952108,-0.05321497,False
9313,-0.19025663,-0.18067387,False
9312,-0.25492144,-0.95420456,False
9311,0.00071546435,0.01983755,False
9310,-0.06355208,0.2030716,False
9316,0.049467415,0.21638408,False
9308,0.084139615,-0.036120072,False
9325,-0.04192455,-0.04147199,False
9327,0.24172328,-0.0024586767,False
9341,0.0,0.0,False
9340,-0.057673395,-0.10278842,False
9339,-0.06451234,0.00082206726,False
9338,-0.014204902,-0.014204902,False
9337,-0.09517216,0.35596216,False
9336,-0.29032278,-0.17073083,False
9326,0.038694173,1.1510125,False
9335,0.037487626,-0.0964323,False
9333,0.0,0.0,False
9332,0.044042766,0.018046647,False
9331,-0.044838294,0.027825244,False
9330,0.011082264,-0.005006542,False
9329,-0.018102119,-0.017986102,False
9328,0.08800906,0.044498324,False
9334,-0.13344991,-0.015227377,False
9377,-0.055556774,-0.070999146,False
9235,-0.013342263,-0.013342263,False
9233,0.0,0.0,False
9131,-0.10928775,-0.15419899,False
9132,-0.058859184,-0.02262691,False
9133,0.008566976,0.1613636,False
9134,-0.10759854,0.06929064,False
9135,-0.013540862,-0.013540862,False
9136,-0.016165495,-0.09393653,False
9137,0.8652816,1.3441644,False
9138,0.3051389,0.6294045,False
9139,0.050233774,0.017479606,False
9140,0.027343474,-0.013256364,False
9141,0.04545533,-0.006270213,False
9142,-0.013432497,-0.013432497,False
9143,0.12785149,0.26693153,False
9144,0.09390725,0.13108765,False
9145,-0.0040132385,-0.02732816,False
9146,0.041180298,0.03200175,False
9147,-0.022934258,0.12801898,False
9161,-0.010409813,-0.025183348,False
9160,-0.033727378,-0.0061500072,False
9159,0.018089592,-0.12082286,False
9158,-0.026241295,0.06432451,False
9157,-0.014793582,-0.0089103,False
9156,-0.019620039,-0.019620039,False
9130,0.0,0.0,False
9155,-0.0038389098,-0.027153831,False
9153,-0.14812912,-0.21552062,False
9152,0.14120656,0.17627722,False
9151,0.14959231,0.11277351,False
9150,0.12001526,0.119638205,False
9149,0.013329297,-0.025189698,False
9148,0.053936422,-0.032978505,False
9154,0.0020136107,-0.014781353,False
9129,-0.08242437,-0.09118726,False
9128,0.0312685,0.004583299,False
9127,-0.0013444126,0.048647463,False
9108,-0.0462643,-0.07499219,False
9107,-0.016584888,-0.026354784,False
9106,-0.04952765,-0.04952765,False
18209,-0.232784,-0.13756159,False
9104,0.0,0.0,False
9103,-0.013944654,-0.013474651,False
9109,-0.071703106,0.016835392,False
9102,-0.030503422,0.108515054,False
9100,-0.003376223,-0.0033541839,False
9099,0.03193748,0.35972512,False
9098,-0.01730755,-0.043674964,False
9097,-0.0051013622,-0.0051013622,False
9096,-0.0043838597,-0.0032186608,False
9095,0.03045544,0.0417853,False
9101,0.023547292,0.029745951,False
9162,-0.080522835,-0.014650136,False
9110,-0.008518955,-0.008146842,False
9112,-0.0043711695,0.017473849,False
9126,-0.008688796,-0.01877353,False
9125,-0.01057891,-0.01057891,False
9124,-0.0021170974,0.034982204,False
9123,0.0,0.0,False
9122,0.0,0.0002936751,False
9121,-0.029854592,-0.07416459,False
9111,0.054947563,0.010278717,False
9120,-0.009240469,-0.009240469,False
9118,0.0,0.0039841714,False
9117,0.0,0.0043421574,False
9116,0.011535729,-0.004807557,False
9115,0.0,0.011130798,False
9114,0.0,0.00213593,False
9113,-0.14181972,0.029358983,False
9119,0.0,0.0028597,False
9234,0.0050828233,-0.01742107,False
9163,-0.077898905,0.08844307,False
9165,-0.00015310943,0.06345209,False
9202,0.013147652,0.087221086,False
9203,-0.338161,-0.16811967,False
9204,-0.08852255,-0.017968744,False
9205,0.0707899,0.031210363,False
9206,-0.07702714,0.12332213,False
9207,0.019362453,-0.047790457,False
9208,0.1635149,-0.0024683326,False
9209,-0.21625012,0.12337059,False
9210,0.02607935,0.06414425,False
9211,-0.007300541,-0.049405664,False
9212,0.11506972,0.05572483,False
9213,0.11686641,-0.021585137,False
9214,-0.09614313,0.05899453,False
9215,-0.07238591,-0.120824456,False
9216,-0.422386,-0.17804712,False
9217,-0.034297377,0.15514699,False
9218,-0.22680712,-0.4046166,False
9232,0.024310276,-0.071164615,False
9231,-0.112814665,0.048277855,False
9230,0.0,0.00014149943,False
9229,-0.2567836,-0.07433689,False
9228,-0.095761746,0.023970962,False
9227,-0.048573196,-0.016603827,False
9201,-0.19728655,0.0032606125,False
9226,0.0069940267,-0.014617923,False
9224,-0.0322012,-0.035278946,False
9223,-0.018446164,-0.018446164,False
9222,-0.0036247522,0.018241249,False
9221,0.040588267,0.005952725,False
9220,0.058289886,-0.2535783,False
9219,0.017787568,0.056131124,False
9225,-0.16884255,-0.2802546,False
9200,-0.2602903,-0.12502661,False
9199,0.23512506,0.33551872,False
9198,0.14244938,-0.28093457,False
9179,0.07292467,-0.068205714,False
9178,-0.022076547,0.11293055,False
9177,-0.008696914,-0.03928119,False
9176,0.0,0.0,False
9175,-0.012015969,0.00040051714,False
9174,-0.004990244,-0.004990244,False
9180,-0.08551675,-0.32294706,False
9173,-0.023968775,-0.033440854,False
9171,-0.059807956,-0.0372729,False
9170,-0.06928247,-0.06231304,False
9169,-0.009325076,-0.009323071,False
9168,0.26050967,0.14566827,False
9167,-0.0046094134,-0.02567818,False
9166,-0.023464203,0.07332935,False
9172,0.029886737,-0.013357103,False
9164,0.0013304651,-0.12201628,False
9181,0.049759597,-0.043058515,False
9183,0.0008431673,-0.17168263,False
9197,-0.010297345,0.0004260391,False
9196,-0.033701457,-0.02332212,False
9195,-0.00030600652,-0.017014043,False
9194,0.12229678,0.3085558,False
9193,0.0,0.0,False
9192,-0.0050150263,0.084152564,False
9182,-0.16026182,-0.005457133,False
9191,0.0,0.0004841647,False
9189,-0.014147087,-0.006625481,False
9188,0.09943864,0.28522366,False
9187,-0.00967324,-0.00967324,False
9186,0.0,0.0,False
9185,-0.005439315,-0.005439315,False
9184,-0.03466037,-0.13991046,False
9190,0.0,0.0009398186,False
9663,-0.015330404,0.019686475,False
9378,-0.019101478,-0.019101478,False
9380,0.03730535,-0.009307386,False
9560,-0.008129001,0.08867818,False
9561,-0.0048277224,-0.0048277224,False
9562,0.015344966,-0.0093899,False
9563,0.0,0.0,False
9564,0.008855037,-0.09174107,False
9565,-0.009809809,-0.009809809,False
9566,-0.00378165,0.073362894,False
9567,3.6107376e-05,-0.023000978,False
9568,0.094959795,0.038147047,False
9569,-0.107505575,-0.12820159,False
9570,0.012982729,-0.008879035,False
9571,-0.020793024,-0.020793024,False
9572,0.017116368,0.038193353,False
9573,-0.014952345,-0.014952345,False
9574,-0.0049911174,-0.0049911174,False
9575,-0.027113302,-0.042801786,False
9576,0.0,0.0,False
9590,-0.009747164,-0.027050894,False
9589,0.03870844,-0.043383263,False
9588,0.031510476,0.04925553,False
9587,0.022042269,0.0,False
9586,-0.023703031,0.024577398,False
9585,-0.0046938844,-0.02422548,False
9559,-0.008125258,-0.008125258,False
9584,0.0,1.4035581e-06,False
9582,0.0,0.0041786907,False
9581,-0.022746813,-0.022746813,False
9580,0.077768356,-0.112724155,False
9579,0.1838507,-0.054605722,False
9578,-0.07677354,-0.082343884,False
9577,0.057914097,-0.01927222,False
9583,0.039568648,-0.049109437,False
9558,0.061453126,-0.0047122655,False
9557,0.017952047,-0.005091785,False
9556,0.0014602393,-0.022994686,False
9537,0.030523404,0.028991096,False
9536,0.0,0.003923905,False
9535,-0.14353532,0.5692321,False
9534,-0.019154746,-0.019138692,False
9533,-0.030095719,-0.030095719,False
9532,0.025456622,-0.11177625,False
9538,0.007931095,-0.038492955,False
9531,-0.004898837,-0.01740239,False
9529,0.0,0.0,False
9528,0.04334861,0.03657815,False
9527,0.027253985,-0.026867146,False
9526,0.14693597,0.029711962,False
9525,-0.004599022,-0.004599022,False
9524,0.0914047,-0.054706674,False
9530,-0.0074435025,-0.032471724,False
9591,0.041642677,0.032614917,False
9539,0.0,0.00015497362,False
9541,0.015488696,-0.0036918141,False
9555,-0.007537799,-0.029256374,False
9554,0.039182242,-0.05144546,False
9553,0.0,0.0,False
9552,-0.15455586,-0.059425592,False
9551,-0.009102384,-0.009102384,False
9550,-0.10577476,-0.08357063,False
9540,-0.099374264,-0.07741824,False
9549,0.034296304,-0.023025878,False
9547,-0.013161431,-0.0130135305,False
9546,-0.0603586,-0.026275963,False
9545,-0.16058576,-0.39453474,False
9544,0.07136593,-0.016778905,False
9543,0.015798284,-0.02297792,False
9542,0.0073432717,-0.014786141,False
9548,-0.018245187,-0.018245187,False
9523,-0.008471264,-0.020174105,False
9592,0.027556773,-0.014698312,False
9594,-0.026651748,0.057183295,False
9631,0.062219173,0.01842171,False
9632,0.0,0.0,False
9633,-0.010138914,0.012563527,False
9634,0.0908708,-0.08781895,False
9635,0.05158123,0.021522634,False
9636,-0.03249913,0.15264702,False
9637,-0.0050676838,-0.0050676838,False
9638,0.0,0.0,False
9639,-0.03728093,-0.037218362,False
9640,0.032440014,-0.013995854,False
9641,0.2365377,0.015941262,False
9642,-0.046094958,-0.063687794,False
9643,-0.013382725,-0.013356785,False
9644,0.019579075,-0.020551138,False
9645,0.0064060837,-0.015497809,False
9646,0.008563093,0.10018357,False
9647,-0.013925547,-0.013925547,False
9661,0.0,0.13505018,False
9660,-0.009991091,-0.008608306,False
9659,0.0,0.0009241425,False
9658,-0.016275762,0.0042774305,False
9657,0.015261686,0.0,False
9656,0.0,0.0,False
9630,0.0,0.0,False
9655,-0.019519694,-0.0945372,False
9653,0.0,0.0,False
9652,0.020870827,0.0029145945,False
9651,-0.01948763,-0.019299155,False
9650,-0.018001677,-0.018001677,False
9649,-0.005532589,-0.04253659,False
9648,0.005671127,-0.01660844,False
9654,-0.009775015,-0.009775015,False
9629,-0.004842421,-0.004842421,False
9628,0.064100936,0.6187773,False
9627,-0.040643096,-0.0900386,False
9608,-0.115238234,-0.030343786,False
9607,-0.00862205,-0.06774221,False
9606,0.052849084,-0.11671764,False
9605,-0.010251053,-0.03130641,False
9604,0.0,0.0,False
9603,0.0079142265,-0.01254309,False
9609,0.0,0.0,False
9602,0.0,0.0,False
9600,-0.027830232,-0.0016868189,False
9599,-0.028300695,0.00493069,False
9598,0.002381742,-0.00903672,False
9597,0.07239795,-0.12003994,False
9596,-0.04057903,-0.038693264,False
9595,0.00821086,-0.045146503,False
9601,-0.014820252,-0.014820252,False
9593,0.021283042,0.0,False
9610,-0.008557296,-0.008557296,False
9612,0.003390165,-0.019552672,False
9626,-0.26404953,-0.43777454,False
9625,0.0,0.0,False
9624,0.0,0.0,False
9623,0.0,0.0,False
9622,-0.008507574,-0.03140874,False
9621,-0.007127594,-0.037805036,False
9611,0.017269766,-0.005043514,False
9620,0.022372968,0.0,False
9618,0.004466556,-0.05396815,False
9617,0.035252,-0.008969475,False
9616,0.0,0.0,False
9615,0.0375369,-0.04947937,False
9614,0.0,0.0,False
9613,0.0,0.02209901,False
9619,0.051600337,-0.22340274,False
9379,-0.5613793,-0.77492416,False
9522,-0.0050964383,-0.0050964383,False
9520,0.03147165,0.015577693,False
9418,0.021624789,0.03480664,False
9419,-0.0047401586,-0.00429552,False
9420,-0.013462588,-0.034213707,False
9421,0.21290356,0.051053345,False
9422,-0.022499986,0.01227691,False
9423,-0.07405478,0.010964245,False
9424,0.4140184,0.2590127,False
9425,0.0,0.0,False
9426,-0.012715718,-0.028390346,False
9427,-0.017701536,0.033725098,False
9428,0.016714558,-0.015835047,False
9429,0.026808113,-0.017849844,False
9430,-0.023655191,-0.10586361,False
9431,-0.02141802,-0.051501676,False
9432,-0.004155696,-0.004155696,False
9433,-0.1002356,0.018530786,False
9434,-0.009671751,-0.009671751,False
9448,0.0,0.09336703,False
9447,0.0,0.0,False
9446,0.0,0.0,False
9445,-0.07450516,0.0031809136,False
9444,-0.05208233,-0.070562005,False
9443,0.07569775,0.068137854,False
9417,0.11658015,0.023991078,False
9442,0.0,0.0,False
9440,-0.0571225,-0.07962442,False
9439,-0.007734226,-0.029905198,False
9438,0.048826866,-0.0006136885,False
9437,0.0032208664,0.25600693,False
9436,-0.009432869,-0.009432869,False
9435,-0.004915913,-0.0048551606,False
9441,-0.021150071,-0.062143646,False
9416,-0.0062852986,0.024552533,False
9415,0.021961823,-0.009530067,False
9414,-0.20725393,-0.1553973,False
9394,-0.06286648,-0.10552731,False
9393,-0.051217064,-0.043889657,False
9392,-0.022676736,-0.012167186,False
9391,0.0,0.0,False
9390,0.03426999,0.010530412,False
9389,-0.05896783,0.01542639,False
9395,0.018555976,-0.0025074035,False
9388,-0.12163794,-0.16910046,False
9386,0.00752737,-0.01831294,False
9385,0.0160231,-0.108403474,False
9384,-0.009582129,-0.00211028,False
9383,0.0,0.0,False
9382,-0.028708637,-0.12082257,False
9381,0.0,0.0,False
9387,-0.012960645,-0.012950818,False
9449,0.048456118,0.08016451,False
9396,-0.03273037,-0.05199405,False
9398,-0.004683405,-0.004683405,False
9413,-0.008761637,0.003598079,False
9412,-0.032353148,-0.029818773,False
9411,0.0,0.0,False
9410,-0.057422638,-0.17031145,False
9408,-0.13631284,-0.035012126,False
9407,-0.028014846,0.1641851,False
9397,-0.03652904,-0.0883258,False
9406,-0.0047382866,0.009452585,False
9404,-0.0050021075,-0.0029858693,False
9403,-0.015392661,-0.019746477,False
9402,-0.0003917776,0.019761411,False
9401,-0.061034318,-0.037650898,False
9400,-0.1394754,-0.2423529,False
9399,0.0019400809,-0.020110551,False
9405,0.0,0.0,False
9521,-0.058986336,0.010249004,False
9450,-0.008346711,-0.008346711,False
9452,-0.008821208,-0.008821208,False
9489,0.0,0.0,False
9490,0.0037981719,0.006922491,False
9491,0.08566415,-0.05091828,False
9492,-0.0061350185,-0.028636942,False
9493,0.0,0.0,False
9494,-0.039660122,1.2035774,False
9495,-0.014426699,-0.014426699,False
9496,0.09281525,-0.03446555,False
9497,-0.00074883737,-0.023928866,False
9498,-0.061669648,-0.12701744,False
9499,-0.010194035,-8.824747e-05,False
9500,0.006507689,-0.009338995,False
9501,0.022093896,-0.023148503,False
9502,-0.017987534,0.056739405,False
9503,0.05315178,0.09902895,False
9504,-0.008413993,-0.008283546,False
9505,-0.022711217,0.09337908,False
9519,0.055580765,-0.042352952,False
9518,0.07595021,-0.01709015,False
9517,0.0,0.0,False
9516,-0.008213017,0.004896966,False
9515,0.8934169,-0.67435145,False
9514,-0.00494222,-0.00494222,False
9488,0.0,6.338724e-06,False
9513,0.038116023,0.13967748,False
9511,-0.009182714,0.012785412,False
9510,-0.017473161,0.013567388,False
9509,0.0,7.440743e-05,False
9508,-0.037545547,-0.06009005,False
9507,-0.0042979857,-0.0042979857,False
9506,0.02551639,-0.016968131,False
9512,-0.0025641937,-0.0014446098,False
9487,-0.13295355,-0.04183495,False
9486,0.028692648,-0.012201458,False
9485,0.052645013,0.03322333,False
9466,0.017484939,-0.004929276,False
9465,0.0,0.0,False
9464,0.0048787445,0.015582394,False
9463,-0.0083894,-0.008381122,False
9462,-0.0082745105,-0.044275016,False
9461,0.033975802,-0.006688037,False
9467,0.0,0.0,False
9460,0.027466528,-0.048101466,False
9458,0.0,0.0,False
9457,-0.06873,0.29951453,False
9456,-0.0046922965,-0.0046922965,False
9455,0.022858556,-0.022522662,False
9454,-0.027854547,-0.020681158,False
9453,0.069897175,-0.06622949,False
9459,0.018905856,-0.083572045,False
9451,0.24401796,-0.15713166,False
9468,0.017074455,0.0,False
9470,0.0,0.0,False
9484,0.09589772,-0.10386522,False
9483,-0.15518194,0.048144937,False
9482,0.0254668,-0.15747009,False
9481,-0.010523938,-0.07688132,False
9480,0.1471073,-0.022971809,False
9479,-0.0078587765,-0.0078587765,False
9469,-0.004901953,-0.004901953,False
9478,0.0,0.0,False
9476,-0.03544406,-0.0027568415,False
9475,-0.005935153,-0.028741788,False
9474,0.03242799,-0.009489818,False
9473,0.002783399,0.03465934,False
9472,-0.024970444,0.0022545867,False
9471,-0.04167249,0.036422808,False
9477,0.014135789,0.5429539,False
10233,-0.032350097,-0.032350097,False
10234,-0.014870755,-0.014870755,False
10235,0.0,0.0,False
10984,-0.10800964,0.087417364,False
10985,-0.00449974,-0.0044977446,False
10986,0.0,0.0,False
10987,-0.09926838,-0.037665367,False
10988,0.06240125,0.011076681,False
10989,0.02440887,-0.07194937,False
10990,-0.013500273,-0.0118460655,False
10991,0.11837131,-0.1761367,False
10992,0.1266768,0.31908083,False
10993,-0.023068551,-0.022557693,False
10994,-0.013062967,-0.010202831,False
10995,0.017273169,-0.04299018,False
10996,-0.022389188,0.2216158,False
10997,0.034651775,-0.029268607,False
10998,-0.17129959,0.017672062,False
10999,-0.03240975,-0.017435368,False
11000,0.03156866,-0.03389354,False
11014,0.08891952,-0.084242105,False
11013,-0.2079238,0.06682587,False
11012,0.038247786,-0.020530153,False
11011,-0.305403,0.15960157,False
11010,-0.024558544,0.12664461,False
11009,-0.058502216,-0.05459575,False
10983,0.01732997,0.049404103,False
11008,-0.095537186,-0.035450935,False
11006,-0.12862611,-0.10563898,False
11005,-0.10948515,0.25978637,False
11004,0.15812087,-0.13464522,False
11003,0.105431795,0.044837475,False
11002,-0.012863755,-0.1695118,False
11001,-0.08997798,0.26045227,False
11007,-0.117575645,0.29153752,False
10982,0.025886267,0.027004331,False
10981,-0.28550518,0.276731,False
10980,-0.03328705,0.015561998,False
10961,-0.020741105,-0.22960255,False
10960,-0.07614952,-0.2572855,False
10959,0.05002755,-0.070317686,False
10958,0.037237383,-0.033021618,False
10957,-0.15378022,0.0723235,False
10956,-0.14249623,-0.015208602,False
10962,-0.33002627,-0.5870354,False
10955,-0.19701254,-0.17273009,False
10953,-0.046564773,0.0004942715,False
10952,-0.013993029,-0.0071126586,False
10951,0.0183142,-0.004941599,False
10950,-0.03502652,0.016603742,False
10949,-0.024490498,-0.022442203,False
10948,-0.021223903,-0.021440208,False
10954,-0.049895436,0.0027620792,False
11015,0.0104573965,-0.17836082,False
10963,0.020066008,-0.07678662,False
10965,-0.105764925,0.08371359,False
10979,0.07515949,0.079517305,False
10978,0.062291414,-0.08464745,False
10977,-0.0037435293,-0.0020306706,False
10976,0.087867975,-0.45215225,False
10975,-0.16271237,-0.012558937,False
10974,-0.025307268,0.017178535,False
10964,0.06077087,-0.15868163,False
10973,-0.07178596,-0.07942779,False
10971,-0.11616412,-0.026891135,False
10970,-0.05548453,-0.028464496,False
10969,-0.2714162,-0.19340038,False
10968,-0.004901953,-0.004901953,False
10967,-0.04764104,0.022962451,False
10966,-0.018660575,-0.04023397,False
10972,0.039728165,-0.09411049,False
10947,-0.11793978,-0.061101317,False
11016,-0.13769388,-0.24167347,False
11018,0.13591939,0.08713657,False
11055,-0.59044313,0.21779156,False
11056,-0.05799837,-0.014648069,False
11057,0.0,0.0,False
11058,0.0019516461,-0.020219326,False
11059,0.10079524,-0.0049069542,False
11060,-0.09106374,0.12145144,False
11061,-0.04188049,-0.07025993,False
11062,0.012640974,-0.0038220505,False
11063,0.008736953,-0.007416185,False
11064,-0.009567589,-0.009567589,False
11065,0.0,0.0,False
11066,-0.12373623,0.0055396855,False
11067,0.001547778,-0.014829816,False
11068,0.069622144,0.022107884,False
11069,-0.28784037,-0.16989946,False
11070,-0.2722866,-0.19490123,False
11071,-0.00056735985,-0.0128722545,False
11085,0.022868395,0.035654187,False
11084,-0.09064933,-0.020876408,False
11083,-0.04581765,-0.0019211322,False
11082,0.022570178,0.015517324,False
11081,0.008379117,-0.06815782,False
11080,-0.023453455,-0.023453455,False
11054,0.11308253,-0.08432484,False
11079,-0.019507565,-0.019507565,False
11077,-0.0045020194,-0.0035977948,False
11076,-0.039611533,-0.14932245,False
11075,-0.12492907,-0.10318372,False
11074,-0.0050488557,-0.0050488557,False
11073,0.0,0.0,False
11072,0.0,0.0,False
11078,-0.009506881,0.04410246,False
11053,0.121064074,-0.026487146,False
11052,0.058037728,-0.045354635,False
11051,-0.15475237,-0.06833863,False
11032,0.13673377,-0.0467515,False
11031,-0.018043466,-0.010162638,False
11030,-0.09049654,0.06566882,False
11029,-0.24999928,-0.00971818,False
11028,-0.39492393,0.16722178,False
11027,-0.005958557,0.2681799,False
11033,-0.07435489,0.063578844,False
11026,0.083897114,-0.019735456,False
11024,-0.09502545,-0.10760319,False
11023,-0.07542843,0.056139186,False
11022,0.030399963,-0.014339175,False
11021,-0.08866024,-0.11104864,False
11020,-0.459512,-0.23375404,False
11019,-0.17511201,0.1708973,False
11025,-0.2116521,0.05885929,False
11017,0.02048324,-0.018750638,False
11034,0.0,0.0,False
11036,0.020209074,0.10611987,False
11050,0.06297654,0.08623332,False
11049,0.05970764,0.113918185,False
11048,-0.20909727,-0.015654802,False
11047,-0.10734725,0.22319937,False
11046,0.006214857,0.3212397,False
11045,-0.025623083,-0.037702322,False
11035,-0.15404224,-0.27360988,False
11044,0.23240888,0.017824769,False
11042,-0.10172558,0.27773732,False
11041,0.27082634,-0.0547204,False
11040,-0.1894021,0.080569506,False
11039,-0.0005584955,0.26052344,False
11038,-0.059844017,0.1143384,False
11037,0.284477,0.30186653,False
11043,0.06350696,0.02668786,False
11086,0.013173461,-0.018452495,False
10946,-0.0045096604,-0.0043549705,False
10944,-0.01638262,-0.024152234,False
10842,-0.051130876,-0.061309278,False
10843,0.075161934,-0.12172639,False
10844,0.2312839,-0.05164957,False
10845,0.4813838,0.17030692,False
10846,-0.25298953,-0.32744306,False
10847,0.0032122135,0.1257618,False
10848,-0.113349915,0.0006374121,False
10849,-0.16196537,0.010911465,False
10850,-0.035680592,0.001300782,False
10851,-0.18208814,-0.08333063,False
10852,0.19805638,0.12800425,False
10853,0.3315189,0.028388739,False
10854,-0.097197175,0.042056322,False
10855,-0.13061751,-0.08717747,False
10856,0.05744958,-0.17188013,False
10857,-0.012719452,-0.24830517,False
10858,0.01835087,-0.04397437,False
10872,-0.024723362,-0.010561131,False
10871,0.10066223,-0.098781586,False
10870,-0.09311552,-0.09399912,False
10869,0.030268192,0.031728506,False
10868,-0.027832463,-0.021326885,False
10867,-0.008071028,-0.006875716,False
10841,-0.08944692,0.041908026,False
10866,0.17587017,-0.025473386,False
10864,-0.017900556,0.035926238,False
10863,-0.03875631,0.12118617,False
10862,-0.063105464,-0.26673025,False
10861,0.0814224,0.03848192,False
10860,0.016290665,0.3902396,False
10859,-0.10553622,-0.006611973,False
10865,-0.07186699,0.15566283,False
10840,-0.10266292,-0.5861355,False
10839,0.010402139,-0.035370212,False
10838,-0.009657972,-0.009657972,False
10819,-0.04790557,-0.13673586,False
10818,-0.0036233715,-0.0036233715,False
10817,0.16190286,0.04954222,False
10816,0.06997706,-0.0036419258,False
10815,0.0,0.0,False
10814,-0.058562122,-0.095417514,False
10820,-0.13029471,-0.058067024,False
10813,-0.009301152,-0.009301152,False
10811,-0.092552245,-0.024804145,False
10810,0.05453322,-0.0128535535,False
10809,-0.014819273,-0.014819273,False
10808,-0.028256346,-0.036497463,False
10807,-0.050506376,0.028560683,False
10806,-0.13994241,-0.043955505,False
10812,0.008190228,-0.014207539,False
10873,-0.013800241,-0.0341665,False
10821,0.0005632192,-0.0526492,False
10823,0.026790082,0.1828309,False
10837,-0.007869124,0.107841074,False
10836,-0.04519832,-0.07655204,False
10835,0.0,0.0,False
10834,-0.04141762,-0.060714256,False
10833,0.038719513,-0.028500864,False
10832,-0.029487798,-0.037755284,False
10822,-0.038193554,-0.15247059,False
10831,0.15832162,0.061950803,False
10829,0.0,0.0,False
10828,-6.1294995e-05,0.0028252732,False
10827,0.010197537,0.10053667,False
10826,0.012769425,-0.008360412,False
10825,-0.005946964,0.11116198,False
10824,-0.046540916,0.14359128,False
10830,-0.119105875,-0.19226187,False
10945,0.010939917,-0.0034152418,False
10874,0.17997135,0.08959715,False
10876,-0.03128304,-0.026653923,False
10913,-0.63843346,-0.67382216,False
10914,-0.043860547,-0.02075088,False
10915,-0.1758185,-0.089968115,False
10916,-0.10137872,0.07466144,False
10917,0.0,0.0,False
10918,0.1161443,-0.17784736,False
10919,0.01658262,-0.01608158,False
10920,-0.04162656,-0.03959231,False
10921,0.01794788,-0.022500142,False
10922,0.058502987,-0.16556883,False
10923,-0.066275895,0.16479349,False
10924,-0.12736598,-0.007551998,False
10925,-0.11770785,0.099877834,False
10926,-0.08160109,-0.11442126,False
10927,-0.02356419,0.02845791,False
10928,0.10761617,0.078254744,False
10929,0.0,0.0,False
10943,-0.12876065,0.2452152,False
10942,0.012316868,-0.039876886,False
10941,0.063461214,0.0410332,False
10940,-0.019325616,0.023853548,False
10939,-0.00010705367,0.015821401,False
10938,0.03374823,0.04437645,False
10912,-0.008135185,-0.043972477,False
10937,0.008246675,-0.21340752,False
10935,-0.009237289,-0.14807367,False
10934,-0.10931313,0.07773565,False
10933,0.04013162,0.030803591,False
10932,-0.057050932,-0.060535315,False
10931,0.09194195,0.044241488,False
10930,-0.124715686,-0.25745165,False
10936,0.012896478,-0.06966567,False
10911,-0.3778205,0.10847175,False
10910,-0.09465963,-0.16490638,False
10909,-0.25852323,-1.2013566,False
10890,-0.22926491,-0.24465936,False
10889,0.0,0.0,False
10888,0.03364563,0.14129746,False
10887,-0.0046966523,-0.013715155,False
10886,0.0510741,-0.043162733,False
10885,0.051030517,0.13662416,False
10891,0.0024404265,-0.01819234,False
10884,0.07541773,0.0011348873,False
10882,-0.030295216,0.021831512,False
10881,-0.08793083,-0.068791136,False
10880,-0.025829375,-0.0006480217,False
10879,0.022515178,-0.022615671,False
10878,0.022244357,0.054784514,False
10877,-0.024625331,-0.06495169,False
10883,-0.08925128,-0.4174739,False
10875,-0.112890884,-0.12660751,False
10892,0.029900542,-0.013867477,False
10894,-0.05615747,-0.13392591,False
10908,0.0023234226,-0.028197099,False
10907,0.049212605,0.20160031,False
10906,-0.102969795,0.089261115,False
10905,-0.09816611,-0.055467248,False
10904,0.05026278,-0.079786465,False
10903,-0.044596873,0.00833866,False
10893,0.018304296,-0.023371406,False
10902,-0.036023587,-0.093742244,False
10900,0.03302623,0.008529676,False
10899,0.017036024,-0.010394214,False
10898,-0.06569815,0.5212735,False
10897,-0.0076374346,-0.0068791094,False
10896,-0.016914051,0.061161708,False
10895,-0.28343058,-0.043128967,False
10901,0.013868827,-0.009691559,False
10805,-0.010862369,-0.016685503,False
11087,-0.060341,0.010354549,False
11089,-0.07126075,0.007407844,False
11268,0.08707453,-0.100916535,False
11269,-0.011186213,-0.011186213,False
11270,-0.034627624,-0.034627624,False
11271,-0.004584446,-0.004584446,False
11272,0.0,0.0006042434,False
11273,-0.08684462,0.16371495,False
11274,0.014845893,0.0,False
11275,-0.033912286,-0.10211831,False
11276,-0.59465027,-0.46981287,False
11277,-0.010541918,0.02417491,False
11278,-0.03746566,0.004841797,False
11279,-0.0594815,-0.114880145,False
11280,-0.0034174668,-0.0034174668,False
11281,-0.03329955,-0.06374598,False
11282,0.0385575,0.10904279,False
11283,0.010746202,-0.008978039,False
11284,-0.0038240328,0.003415266,False
11298,0.048774242,-0.018623142,False
11297,-0.014283333,-0.04651798,False
11296,-0.066265896,-0.14939064,False
11295,0.26219893,-0.14428091,False
11294,0.04341054,-0.12847489,False
11293,-0.008499518,-0.00994052,False
11267,-0.05661075,-0.13359085,False
11292,-0.022421226,-0.020442665,False
11290,0.032078028,0.010854527,False
11289,0.018796522,-0.01523762,False
11288,0.007638734,-0.0025872607,False
11287,-0.0046868264,-0.0046868264,False
11286,0.03810598,-0.0048269946,False
11285,0.015449897,-0.0069836443,False
11291,0.06549004,-0.084181815,False
11266,-0.22508216,-0.16514581,False
11265,-0.05711128,0.01686114,False
11264,0.05380678,0.11282265,False
11245,-0.16621727,0.118133724,False
11244,-0.0006132722,-0.115819514,False
11243,-0.21157098,-0.4327643,False
11242,0.05117598,-0.02113466,False
11241,0.07623226,-0.02838087,False
11240,-0.003592351,-0.0035709373,False
11246,-0.06702867,-0.11380756,False
11239,0.06617166,0.09707065,False
11237,-0.19254243,-0.034574986,False
11236,0.0,0.0648487,False
11235,-0.041073572,-0.047168918,False
11234,0.032593846,0.01013428,False
11233,0.019018807,0.0041556694,False
11232,-0.04430324,-0.09852314,False
11238,0.02587825,-0.034717083,False
11299,-0.0049393275,-0.0049393275,False
11247,-0.011885941,-0.16205978,False
11249,-0.012599075,-0.012599075,False
11263,-0.0051456327,-0.0051456327,False
11262,0.28889668,0.064731956,False
11261,-0.046235383,-0.041243747,False
11260,-0.199206,0.18050122,False
11259,-0.30849695,0.116517425,False
11258,0.1017437,-0.45542145,False
11248,-0.00051500276,-0.03553872,False
11257,-0.01901963,-0.038598694,False
11255,0.031883962,0.0065438077,False
11254,-0.18682984,0.111099064,False
11253,-0.26332474,-0.22587967,False
11252,0.0058400603,-0.010006624,False
11251,0.19021106,0.0513494,False
11250,-0.046963733,-0.016385704,False
11256,-0.04624477,0.096205235,False
11231,0.06264067,-0.22997719,False
11300,-0.034556393,-0.051630847,False
11302,-0.027340338,-0.16715546,False
11339,0.02637044,-0.03951651,False
11340,0.02151566,-0.042717233,False
11341,-0.03955926,-0.04669892,False
11342,-0.0458588,-0.40563706,False
11343,-0.019207492,-0.019207492,False
11344,-0.013475051,-0.013475051,False
11345,-0.0010590963,-0.033514287,False
11346,-0.01862682,-0.0028134584,False
11347,-0.05450529,-0.1671035,False
11348,-0.01334673,-0.01334673,False
11349,-0.014992936,-0.006995838,False
11350,0.05123443,-0.07637997,False
11351,-0.053532258,-0.0035692006,False
11352,-0.025052859,-0.025052859,False
11353,-0.053039134,-0.10129568,False
11354,0.0,0.0,False
11355,0.21753311,-0.16022873,False
11369,-0.011612527,-0.02388094,False
11368,-0.19069159,-0.050076783,False
11367,-0.17447126,-0.11575675,False
11366,-0.08311075,0.076085985,False
11365,0.15550172,-0.22939146,False
11364,-0.027262896,0.12764668,False
11338,0.0,0.0,False
11363,0.1681242,-0.05996251,False
11361,0.1632973,-0.23342288,False
11360,0.0078068674,0.050620794,False
11359,-0.058465607,-0.075463474,False
11358,-0.12422538,0.26006866,False
11357,0.06841509,-0.0060033947,False
11356,-0.33557892,0.006332159,False
11362,-0.01882425,0.028113544,False
11337,0.17525083,-0.025321692,False
11336,-0.10945386,-0.16766688,False
11335,-0.17629817,-0.07949662,False
11316,0.13443679,-0.06940454,False
11315,-0.039705113,0.0010244325,False
11314,-0.10266805,-0.30668604,False
11313,0.123968124,0.18078059,False
11312,-0.03332544,0.031577565,False
11311,-0.23127642,-0.07272646,False
11317,0.11190465,0.0219827,False
11310,0.0083589405,0.023950364,False
11308,-0.0039994186,0.004118819,False
11307,-0.0114137065,0.011324279,False
11306,-0.030346096,0.21702287,False
11305,-0.04640168,0.03860843,False
11304,-0.034403056,0.10904649,False
11303,0.04267127,-0.019913942,False
11309,0.050787136,-0.017292768,False
11301,0.013444062,-0.009593023,False
11318,-0.19545126,-0.14598805,False
11320,0.108353406,0.14317034,False
11334,-0.23034906,-0.06962705,False
11333,-0.009248569,-0.008255792,False
11332,-0.00053571165,0.02615384,False
11331,-0.2616942,-0.1524536,False
11330,-0.0021105781,-0.02454412,False
11329,-0.4478659,-0.36083764,False
11319,-0.007974474,-0.02406328,False
11328,0.03035962,-0.025787828,False
11326,-0.011976076,-0.011976076,False
11325,-0.017116312,-0.017116312,False
11324,-0.025610182,-0.040739633,False
11323,0.057426076,-0.04311303,False
11322,0.026407272,-0.105611175,False
11321,-0.5890006,-0.27791917,False
11327,-0.12938309,-0.034279287,False
11088,0.025944829,0.096818894,False
11230,-0.117639065,0.09949601,False
11228,0.15785736,0.06756657,False
11126,-0.10412601,-0.1190187,False
11127,-0.043503165,-0.40210557,False
11128,-0.16566938,-0.33428207,False
11129,-0.051401734,-0.53888667,False
11130,0.08948329,-0.052245647,False
11131,-0.048619926,-0.124660194,False
11132,0.124023855,-0.15913305,False
11133,-0.16342415,-0.16898787,False
11134,-0.30015448,0.09371984,False
11135,0.04596865,-0.07075235,False
11136,-0.024970576,0.016550094,False
11137,0.06466699,0.11455661,False
11138,-0.12105763,-0.15814471,False
11139,0.010300785,-0.11543454,False
11140,0.03631732,-0.12959635,False
11141,-0.083990395,-0.027203321,False
11142,0.023105145,0.02471596,False
11156,0.0,0.0006176938,False
11155,0.05013583,0.0064700246,False
11154,-0.0038334213,-0.0038334213,False
11153,0.022332134,0.00017507824,False
11152,-0.050097704,-0.10225487,False
11151,-0.05635855,-0.05012759,False
11125,-0.008805767,-0.15181085,False
11150,-0.34396392,-0.039325893,False
11148,0.02410191,-0.019895326,False
11147,0.0,0.0,False
11146,0.009709358,0.08767074,False
11145,-0.15767515,-0.24403,False
11144,0.04876572,-0.043347776,False
11143,-0.039743543,-0.078842476,False
11149,0.081332564,-0.15118352,False
11124,0.013810337,-0.032172233,False
11123,-0.019516956,-0.01724943,False
11122,-0.03681369,0.007917099,False
11103,-0.0118054,0.014257833,False
11102,-0.12305564,-0.04193309,False
11101,-0.023335176,-0.035344046,False
11100,0.0070663616,-0.038503006,False
11099,-0.038830865,-0.04203947,False
11098,-0.14463848,-0.02079004,False
11104,0.038461268,0.0,False
11097,-0.027572367,-0.043905113,False
11095,-0.0762212,-0.016905934,False
11094,-0.063430145,0.0105024725,False
11093,0.03882718,0.11045873,False
11092,-0.006824162,0.007974394,False
11091,-0.027503133,-0.151303,False
11090,0.10915631,0.065975726,False
11096,-0.036492825,0.04785812,False
11157,-0.07692021,-0.15464792,False
11105,0.0114939455,-0.011984216,False
11107,-0.0021598116,-0.032217555,False
11121,-0.21371031,0.22249222,False
11120,-0.3376087,-0.12321356,False
11119,0.0,0.00023313235,False
11118,-0.12280846,-0.15085989,False
11117,-0.3204503,-0.07249713,False
11116,0.066112876,0.0062268972,False
11106,0.0,0.0,False
11115,-0.056070656,-0.043171436,False
11113,-0.005208995,0.010633972,False
11112,-0.04406052,-0.1148691,False
11111,-0.014238864,0.031700015,False
11110,-0.41960633,-0.49189287,False
11109,0.011911154,-0.0051082806,False
11108,0.01818239,-0.004906715,False
11114,-0.04320997,-0.055311114,False
11229,-0.05924511,-0.05988431,False
11158,0.02760899,-0.013988495,False
11160,-0.21798015,-0.023899794,False
11197,-0.055719033,0.014414623,False
11198,0.007743979,3.234949e-05,False
11199,-0.08638698,0.02427733,False
11200,-0.12183145,0.20060596,False
11201,-0.012677023,-0.012677023,False
11202,-0.005618755,0.051359285,False
11203,-0.017375767,-0.014865972,False
11204,-0.0052438695,-0.0052438695,False
11205,-0.023214344,0.011916157,False
11206,0.0023899674,0.02680263,False
11207,-0.14253315,-0.13446534,False
11208,0.15409595,-0.1091764,False
11209,0.0953269,-0.08249377,False
11210,-0.039774165,-0.035658155,False
11211,0.11072433,0.41964412,False
11212,0.1374368,0.028202355,False
11213,0.0097100735,0.045674473,False
11227,0.09273434,0.1365498,False
11226,0.014292151,0.1715278,False
11225,0.016377594,0.0023442768,False
11224,-0.039121747,0.23952857,False
11223,-0.2681874,-0.08356702,False
11222,-0.15122163,-0.1384061,False
11196,-0.0031739995,-0.011166975,False
11221,0.0,0.0,False
11219,-0.03220686,-0.003650345,False
11218,0.03194405,0.0546349,False
11217,-0.8648541,-0.6710552,False
11216,-0.010067988,-0.010067988,False
11215,0.011356264,-0.003913059,False
11214,-0.059705466,0.041666448,False
11220,0.010578632,0.028967649,False
11195,-0.046843708,0.021033049,False
11194,0.03398637,-0.0035210575,False
11193,-0.004938503,-0.004938503,False
11174,-0.090632886,0.0030106306,False
11173,-0.051402807,-0.08349931,False
11172,0.14087987,0.032564312,False
11171,0.064466566,0.089465916,False
11170,-0.20927131,0.019516945,False
11169,-0.13827056,0.1683147,False
11175,0.06705101,-0.085739955,False
11168,0.050940976,0.020147443,False
11166,0.10355091,-0.22011316,False
11165,0.07993838,-0.11488052,False
11164,0.022636712,-0.06469065,False
11163,0.021129837,0.0,False
11162,0.007420972,-0.0012178235,False
11161,-0.009278327,-0.006168559,False
11167,-0.0044809636,-0.0044809636,False
11159,0.051033884,-0.07777858,False
11176,-0.0067344606,0.017641515,False
11178,0.0953725,-0.018344104,False
11192,0.022678087,0.0,False
11191,0.0041026846,-0.030795626,False
11190,0.093903676,0.021433404,False
11189,0.11208868,0.098605156,False
11188,-0.06667857,-0.03805247,False
11187,0.01622945,-0.12812969,False
11177,-0.22659376,-0.2294381,False
11186,-0.07170247,-0.049828894,False
11184,-0.04353407,-0.077595964,False
11183,0.0022035353,-0.014170536,False
11182,0.0030409992,0.05706829,False
11181,0.011888098,-0.010719616,False
11180,-0.022911131,-0.22193122,False
11179,0.11419022,-0.08425319,False
11185,0.06676517,-0.02472823,False
10804,0.018321037,-0.058062017,False
10803,-0.03570032,0.04036379,False
10802,0.0067558587,-0.22046384,False
10414,-0.003174916,-0.04164275,False
10415,0.0,9.390014e-05,False
10416,0.0071685314,-0.19653207,False
10417,-0.0043732533,0.096865885,False
10418,-0.15698838,-0.26545954,False
10419,-0.00022926927,0.036084652,False
10420,-0.035174668,0.08245316,False
10421,-0.08307153,-0.045044407,False
10422,-0.06404717,0.026782498,False
10423,0.018314272,0.13353193,False
10424,0.0028542243,0.012290355,False
10425,-0.09920691,0.2836743,False
10426,-0.1170426,0.2219066,False
10427,0.11308324,0.03813079,False
10428,-0.17708468,-0.019255817,False
10429,0.024633229,-0.05762139,False
10430,-0.13251108,-0.07212004,False
10444,0.0,0.0015549514,False
10443,0.0,0.0,False
10442,0.034721877,-0.009539741,False
10441,-0.02088891,-0.05855464,False
10440,-0.008417745,-0.021417046,False
10439,0.0019631945,-0.057207286,False
10413,0.0,0.0,False
10438,-0.07510981,0.12385273,False
10436,0.07524951,-0.041838095,False
10435,-0.08460501,-0.09723711,False
10434,-0.08404267,-0.048969865,False
10433,-0.011642598,0.007467512,False
10432,-0.08565742,-0.009839475,False
10431,-0.03683935,0.04562086,False
10437,-0.004814338,0.01683797,False
10412,-0.030827314,0.012227327,False
10411,-0.24877584,-0.111735344,False
10410,-0.24544513,-0.13169074,False
10391,-0.020732466,-0.044127576,False
10390,0.0,0.00019020401,False
10389,-0.003413568,-0.003413568,False
10388,-0.0125785135,-0.012503964,False
10387,-0.049284592,-0.03771408,False
10386,-0.017150506,0.037726715,False
10392,-0.0016979724,-0.06572034,False
10385,-0.026545594,-0.0077485386,False
10383,-8.462183e-05,-0.01954402,False
10382,-0.0047188643,-0.0047188643,False
10381,0.10436513,-0.06560308,False
10380,-0.0045664166,-0.004512161,False
10379,-0.0044046603,-0.0044046603,False
10378,0.0,0.0,False
10384,-0.11001469,-0.20211169,False
10445,0.0,0.00014936786,False
10393,0.0,0.0,False
10395,0.039533287,-0.021263935,False
10409,-0.09803653,-0.097522795,False
10408,0.008636495,-0.013617039,False
10407,-0.12414259,-0.10680008,False
10406,0.07685739,0.07955974,False
10405,-0.010668654,-0.0075236764,False
10404,-0.0043655983,0.030521346,False
10394,0.0,0.0,False
10403,-0.08617592,-0.058326483,False
10401,0.47001052,-0.08106053,False
10400,-0.18577337,-0.071564436,False
10399,0.12866169,-0.053504765,False
10398,-0.031201124,-0.03687602,False
10397,-0.008648695,-0.008648695,False
10396,-0.091269664,-0.08386717,False
10402,-0.0033567138,0.0007389537,False
10377,0.008221708,0.012017183,False
10446,0.11913133,-0.056046844,False
10448,0.006471731,0.0115458,False
10486,-0.040139988,0.08177352,False
10487,-0.013589635,-0.013589635,False
10488,0.088960975,-0.08978906,False
10489,-0.08652584,-0.058270186,False
10490,-0.01977536,0.032919437,False
10491,0.095022365,-0.07013838,False
10492,-0.032169387,-0.15349257,False
10493,-0.001901187,-0.077913046,False
10494,0.1301381,0.40734988,False
10495,0.23432827,0.118221045,False
10496,-0.17127874,-0.0769732,False
10497,-0.42798328,-0.74220425,False
10498,0.01947844,-0.0070296526,False
10499,-0.11976361,-0.08756304,False
10500,0.13044193,0.0028095245,False
10501,-0.03746319,0.06605601,False
10502,-0.12837145,0.06500262,False
10516,-0.001228191,-0.0433989,False
10515,-0.117625654,0.08169758,False
10514,-0.009645272,-0.009309628,False
10513,0.104617655,0.071127295,False
10512,0.021155044,-0.037565082,False
10511,0.09888524,-0.1580056,False
10485,-0.013681591,-0.020840995,False
10510,-0.014574811,0.109469,False
10508,0.0,0.0,False
10507,-0.031171069,-0.05759231,False
10506,0.0,0.0,False
10505,0.0191883,-0.05796203,False
10504,-0.07586694,-0.08256042,False
10503,-0.20078921,0.06786898,False
10509,0.0,0.0,False
10484,0.08229833,-0.065741085,False
10483,0.0853061,0.02188836,False
10482,0.024264812,-0.015402675,False
10463,-0.42586172,-0.0115612745,False
10462,-0.08319086,0.07194412,False
10461,-0.06805009,-0.13070948,False
10460,-0.516799,-0.56387067,False
10459,0.0061500072,0.17576584,False
10458,-0.08734922,0.12797585,False
10464,0.030889362,-0.14126977,False
10457,-0.45915055,-0.5633431,False
10455,0.018985152,-0.13407749,False
10454,0.0,0.0,False
10453,-0.11035478,-0.037820116,False
10452,0.036591917,-0.039093524,False
10451,0.012774246,-0.0092380885,False
10449,-0.009692116,-0.007947026,False
10456,0.0038350876,-0.018286578,False
10447,0.016377594,0.00019921799,False
10465,-0.034035683,0.07288088,False
10467,-0.013888935,-0.013888935,False
10481,-0.015091784,-0.01458588,False
10480,0.019398417,-0.0025194623,False
10479,0.0486753,-0.24208617,False
10478,0.047633927,0.0022480004,False
10477,-0.27833557,0.06113386,False
10476,-0.0391433,-0.021916598,False
10466,-0.024849296,-0.07884562,False
10475,-0.057027392,0.067142025,False
10473,-0.08452675,0.16987306,False
10472,-0.0087398775,0.018172283,False
10471,-0.024417799,-0.024417799,False
10470,-0.07207662,-0.05476907,False
10469,0.06023231,0.019182578,False
10468,0.066948414,0.11248428,False
10474,-0.16260207,-0.053621918,False
10517,0.096192926,0.021734059,False
10376,-0.06924224,-0.057864606,False
10374,0.10220714,-0.081040226,False
10272,0.0,0.0,False
10273,0.14360511,-0.07075524,False
10274,0.056350112,0.37534082,False
10275,0.0,0.0,False
10276,-0.28143963,-0.0750235,False
10277,-0.0031381138,-0.024996953,False
10278,0.16529596,-0.1441794,False
10279,0.011871636,0.080026135,False
10280,-0.004767463,-0.004767463,False
10281,-0.04605782,-0.038271904,False
10282,-6.4117834e-05,0.037279233,False
10283,0.14023545,0.054418594,False
10284,-0.23376149,-0.16112703,False
10285,-0.12988132,-0.0270762,False
10286,0.10939038,0.22298115,False
10287,0.12217599,-0.08208722,False
10288,0.03127855,0.21898437,False
10302,-0.08500913,-0.18700203,False
10301,-0.060646296,-0.0221674,False
10300,0.033670798,-0.16382298,False
10299,0.049459845,-0.10773854,False
10298,-0.011234932,-0.03902455,False
10297,0.021791443,-0.013691016,False
10271,0.15414768,0.08981919,False
10296,-0.038627014,-0.0456878,False
10294,-0.08570349,-0.0060929656,False
10293,-0.030952603,-0.08635971,False
10292,-0.0031299368,0.012433071,False
10291,-0.0007818751,-0.011203308,False
10290,-0.09521553,-0.20785764,False
10289,0.03626567,0.116363436,False
10295,0.026488515,-0.0184669,False
10270,-0.15860938,0.0046789944,False
10269,0.07889283,-0.27741194,False
10268,-0.12529969,0.101501286,False
10249,0.17683697,-0.1331284,False
10248,0.00041850656,-0.024404913,False
10247,-0.05261612,0.04678276,False
10246,0.042589925,-0.024528554,False
10245,-0.008200965,-0.008200965,False
10244,0.029806495,-0.13491619,False
10250,0.024362564,0.06041071,False
10243,0.0,0.0020033491,False
10241,0.0,0.054347433,False
10240,-0.08939154,0.021358386,False
10239,-0.089862615,-0.073691994,False
10238,0.014526263,-0.0083749015,False
10237,-0.0048231785,-0.0048231785,False
10236,-0.0040186113,-0.0024261451,False
10242,-0.13801,-0.085342795,False
10303,-0.0025859177,-0.054687783,False
10251,-0.04615332,-0.20669852,False
10253,0.17174035,0.08133131,False
10267,0.014047056,-0.08726695,False
10266,-0.11924797,0.0037943125,False
10265,0.077307045,-0.037174374,False
10264,-0.010271526,-0.009502084,False
10263,-0.054183125,-0.11297226,False
10262,0.08493066,0.07103333,False
10252,0.043472387,-0.05785815,False
10261,-0.30120826,-0.07074928,False
10259,-0.0066807866,-0.014932811,False
10258,0.025374353,0.299483,False
10257,0.09732294,-0.024594903,False
10256,0.09919661,-0.13372973,False
10255,-0.06985912,-0.14724672,False
10254,0.13256669,-0.09011066,False
10260,-0.08064397,0.038637042,False
10375,-0.0068761595,-0.060268916,False
10304,-0.011865497,0.07396734,False
10306,-0.23220408,0.073523045,False
10343,0.09880062,-0.0031642765,False
10344,0.37477422,0.24251783,False
10345,-0.2315538,-0.17889369,False
10346,0.060878932,-0.041720685,False
10347,0.13654724,0.015156165,False
10348,-0.47577953,-0.754632,False
10349,-0.14637321,-0.09965449,False
10350,0.15292221,0.060829937,False
10351,0.24743623,0.11067718,False
10352,-0.04165251,0.034778282,False
10353,-0.11575407,0.0016502142,False
10354,-0.010370523,-0.16617703,False
10355,-0.09854577,0.03467992,False
10356,-0.045533027,0.020678468,False
10357,0.08631736,0.085123,False
10358,-0.043767154,0.17725413,False
10359,0.05503449,0.06446625,False
10373,-0.39775664,-0.8187204,False
10372,0.016988985,-0.0049149087,False
10371,0.0019745715,-0.032960698,False
10370,-0.010001581,-0.009954437,False
10369,-0.0316488,-0.02842258,False
10368,0.01798679,0.032465026,False
10342,-0.22255406,-0.09211713,False
10367,0.0055113435,-0.3004743,False
10365,-0.019297019,-0.019297019,False
10364,-0.009336332,-0.009336332,False
10363,-0.036660954,-0.079668105,False
10362,-0.1672455,-0.20836845,False
10361,0.076722324,0.020953894,False
10360,0.05577326,0.2579496,False
10366,-0.004685425,-0.004685425,False
10341,0.018932998,-0.073646605,False
10340,0.011900008,-0.004432738,False
10339,-0.023748457,-0.087372005,False
10320,0.058459878,0.36392474,False
10319,-0.00804976,0.2095428,False
10318,-0.0070262477,-0.009075385,False
10317,-0.08848989,0.007796794,False
10316,0.18455374,0.31671596,False
10315,0.12624687,0.0068341494,False
10321,0.30272913,0.16603428,False
10314,0.016405828,0.0009781197,False
10312,-0.00502745,-0.005024026,False
10311,0.13282424,-0.07712644,False
10310,0.2465303,0.08853775,False
10309,0.18592116,0.15601057,False
10308,-0.06381816,0.099324465,False
10307,0.036973834,0.05798465,False
10313,0.003231911,0.035272278,False
10305,0.0,0.0,False
10322,0.00639165,-0.0094550345,False
10324,-0.05496323,-0.19337296,False
10338,-0.041230604,-0.08878857,False
10337,-0.46324414,-0.25006175,False
10336,-0.2077741,-0.16400653,False
10335,0.08049476,0.014256135,False
10334,0.013717259,-0.009609445,False
10333,-0.040458918,-0.04588881,False
10323,0.08893752,-0.032144964,False
10332,0.11374229,-0.1237694,False
10330,0.091459125,-0.047903493,False
10329,0.027265638,-0.108881496,False
10328,0.12253398,0.014618933,False
10327,-0.13157684,0.11754653,False
10326,0.0099068135,-0.04827088,False
10325,0.14035597,0.31933436,False
10331,-0.008835467,0.07112042,False
10518,-0.17302248,0.11299604,False
10519,0.011076093,-0.034359768,False
10520,-0.017407179,0.020396456,False
10700,-0.20749128,-0.009805918,False
10701,-0.039325282,0.043826193,False
10702,-0.15946281,0.0059351027,False
10703,0.05123101,-0.023273438,False
10704,-0.0067686737,-0.18846846,False
10705,0.05064346,-0.026411211,False
10706,-0.052331045,-0.059152216,False
10707,-0.10721293,0.09894478,False
10708,-0.08868787,-0.034516275,False
10709,0.0029997528,-0.05190648,False
10710,-0.0044749146,-0.0044749146,False
10711,-0.11585912,-0.21407244,False
10712,0.12610513,-0.10939047,False
10713,0.2045176,-0.13527504,False
10714,0.09438956,0.085045636,False
10715,0.06932307,0.06263711,False
10716,0.1500063,0.055639863,False
10730,0.031810433,0.09009686,False
10729,-0.009024866,-0.024699494,False
10728,-0.08903411,-0.10869092,False
10727,0.08135718,-0.07357192,False
10726,0.17954108,-0.021069035,False
10725,0.089361444,0.13662483,False
10699,0.11906935,0.050277784,False
10724,0.14440948,-0.027650893,False
10722,0.0,0.0,False
10721,0.016692817,0.039291233,False
10720,-0.043652683,0.09959692,False
10719,0.00543797,-0.15667611,False
10718,0.16304874,-0.054370463,False
10717,0.020240545,0.15741968,False
10723,0.046613336,-0.03342952,False
10698,-0.05550146,0.18487847,False
10697,-0.058074653,-0.09485786,False
10696,0.02029217,0.12795739,False
10677,0.017768443,0.05048743,False
10676,0.0,0.0,False
10675,-0.7089453,-0.50711083,False
10674,-0.014525307,-0.014525307,False
10673,-0.00683558,0.5384617,False
10672,0.0,0.0,False
10678,-0.03573695,0.035860687,False
10671,-0.0033912933,0.013144957,False
10669,-0.038210765,-0.03304669,False
10668,0.02146393,0.020181179,False
10667,-0.046527013,-0.001803033,False
10666,-0.0070049902,-0.0070049902,False
10665,-0.029716462,0.0053461045,False
10664,0.0013943659,-0.014280262,False
10670,0.01347015,-0.008061995,False
10731,-0.010108804,-0.010108804,False
10679,-0.019545168,-0.043442503,False
10681,0.64504814,-1.0314481,False
10695,0.08203426,-0.13733749,False
10694,-0.0050290436,-0.0050290436,False
10693,-0.089760065,0.02741146,False
10692,-0.004606257,-0.004606257,False
10691,0.0,0.0,False
10690,-0.04434502,0.036374763,False
10680,0.13179943,-0.054803997,False
10689,0.008913472,-0.03323903,False
10687,-0.021861471,-0.029446501,False
10686,0.043623406,-0.054119557,False
10685,0.14376813,-0.009806097,False
10684,-0.0035301447,0.034520388,False
10683,-0.003999077,-0.06971818,False
10682,-0.009426527,-0.009426527,False
10688,0.0006101094,-0.019643793,False
10663,-0.0032122284,-0.009307504,False
10732,-0.031773467,-0.031773467,False
10734,0.16841604,-0.010338068,False
10771,0.015791029,0.019356906,False
10772,-0.2539361,-0.0913049,False
10773,-0.9646927,-1.6316984,False
10774,-0.6782161,-1.0363852,False
10775,0.023716137,-0.052723065,False
10776,0.0868224,-0.028217306,False
10777,0.043828726,0.33295476,False
10778,-0.008792102,-0.081097126,False
10779,0.05107718,-0.0689059,False
10780,-0.14450476,-0.08047105,False
10781,-0.003376223,0.011506333,False
10782,-0.030202046,-0.06895377,False
10783,0.016832363,0.0011523422,False
10784,-0.099395245,-0.12911983,False
10785,-0.0050570443,-0.0050570443,False
10786,0.082116425,0.08400768,False
10787,0.099481165,0.038341463,False
10801,-0.4251504,0.015122414,False
10800,-0.20695543,-0.089720726,False
10799,0.06675899,0.3938371,False
10798,-0.007083427,-0.022758055,False
10797,0.026670072,-0.017429106,False
10796,-0.025404215,0.21127406,False
10770,-0.03973198,0.08504897,False
10795,-0.0027379766,-0.04795883,False
10793,-0.17589176,-0.09917998,False
10792,0.01008594,-0.25037473,False
10791,-0.01007629,-0.00886287,False
10790,0.014900585,-0.008550118,False
10789,-0.04866724,-0.060714122,False
10788,-0.2009685,-0.4277053,False
10794,0.006500751,0.01771234,False
10769,-0.010529142,-0.032955907,False
10768,0.09365335,0.07708824,False
10767,-0.017566875,0.07318966,False
10748,0.0307315,-0.005221486,False
10747,0.1484625,0.12027952,False
10746,0.010530531,0.082012475,False
10745,-0.094384015,0.014195025,False
10744,-0.32492924,-0.38710952,False
10743,-0.02796495,0.022967458,False
10749,0.0,0.0,False
10742,-0.023017049,-0.12040244,False
10740,0.015656613,-0.02037084,False
10739,0.0,0.0,False
10738,0.022372968,0.0,False
10737,-0.004061069,-0.004061069,False
10736,-0.008114163,-0.008114163,False
10735,-0.014725758,-0.014725758,False
10741,0.08630216,0.026680112,False
10733,-0.057745486,0.00083881617,False
10750,-0.014104789,-0.014104789,False
10752,0.04571285,-0.019410336,False
10766,-0.0785142,0.024214715,False
10765,-0.10621238,0.10202262,False
10764,0.0148181915,0.067858756,False
10763,0.018604025,0.0024359971,False
10762,-0.046168208,0.34701025,False
10761,-0.01946995,-0.01946995,False
10751,-0.005001223,-0.005001223,False
10760,0.015677864,0.0,False
10758,0.026309788,-0.05863747,False
10757,-0.20445734,0.05580753,False
10756,-0.010295989,0.011808379,False
10755,0.023669675,0.09947257,False
10754,-0.13984048,-0.30153644,False
10753,-0.05989085,0.065984905,False
10759,0.06261123,0.092672996,False
10662,0.0,2.3189425e-05,False
10661,-0.1644164,-0.044109255,False
10660,0.0066081285,-0.18749991,False
10557,-0.11488044,-0.17722535,False
10558,-0.10088128,0.039018035,False
10559,-0.21408093,0.10312557,False
10560,-0.06158805,0.033237815,False
10561,0.019969463,0.10795736,False
10562,-0.08091915,-0.023551434,False
10563,-0.17935014,-0.18091941,False
10564,0.007387638,0.23807704,False
10565,0.06611407,0.2302965,False
10566,0.1836924,0.09054643,False
10567,0.03328958,-0.0315926,False
10568,0.024793863,0.014958739,False
10569,-0.16015321,-0.1216636,False
10570,0.0075033605,-0.008874234,False
10571,-0.026518442,0.08308796,False
10572,0.028204143,-0.14322203,False
10573,-0.10475838,-0.18805057,False
10587,-0.19959974,-0.41013432,False
10586,0.047198057,-0.1489222,False
10585,-0.31645477,-0.064727426,False
10584,-0.012984097,0.14602935,False
10583,-0.16396832,0.05216658,False
10582,-0.008850932,0.08217466,False
10556,-0.095180154,-0.12732732,False
10581,0.02925101,-0.055534706,False
10579,0.0889602,-0.0458481,False
10578,-0.22468948,-0.32589948,False
10577,-0.07405436,-0.14929211,False
10576,-0.26519358,-0.050931454,False
10575,0.040926814,0.16708982,False
10574,-0.012208939,-0.24894738,False
10580,0.096805274,0.039121807,False
10555,0.04329896,0.08584869,False
10554,-0.3279147,-0.18020225,False
10553,0.011836708,-0.085864305,False
10534,0.014047533,0.029792368,False
10533,-0.03150031,-0.059622586,False
10532,0.039480507,0.20716757,False
10531,-0.10928798,0.22546649,False
10530,-0.049230292,-0.039693855,False
10529,-0.05373293,-0.009932697,False
10535,-0.010285735,0.065511174,False
10528,-0.01914706,-0.015738677,False
10526,0.013009256,0.0018261308,False
10525,-0.37750137,-0.13092333,False
10524,-0.021367697,-0.016451348,False
10523,-0.009970309,-0.009970309,False
10522,0.007395193,-0.047037378,False
10521,-0.016231703,0.013872914,False
10527,-0.026379831,-0.008602455,False
10588,0.029951364,-0.0050452054,False
10536,0.0086173415,-0.030658484,False
10538,-0.02922231,0.05402237,False
10552,0.034362674,-0.039369762,False
10551,-0.11880648,-0.14661837,False
10550,-0.29740155,-0.32718796,False
10549,0.1191982,0.12829137,False
10548,0.3162921,0.018847585,False
10547,-0.066568136,-0.22328937,False
10537,-0.07677066,-0.108778,False
10546,-0.12688488,-0.20303321,False
10544,0.08649516,-0.1387608,False
10543,0.004249871,-0.1325612,False
10542,-0.19136006,-0.0022842884,False
10541,0.018973649,-0.026455963,False
10540,-0.028802246,-0.026060613,False
10539,0.038783595,-0.022825375,False
10545,0.042041004,-0.12072438,False
10589,-0.11198056,-0.05176878,False
10590,0.11286062,-0.1326769,False
10591,0.42092347,0.023874998,False
10641,-0.020338044,-0.052520454,False
10640,-0.0050774873,-0.0050774873,False
10639,0.026347727,-0.11261359,False
10638,0.03361064,-0.013010502,False
10637,0.0,0.0,False
10636,0.0,0.0,False
10642,0.03205748,-0.16824651,False
10635,0.022384435,0.0,False
10633,0.022620276,-0.06885015,False
10632,0.0077950954,-0.07403302,False
10631,-0.00012180209,0.009336889,False
10630,-0.0050674463,-0.0050674463,False
10629,0.0061507225,0.06424332,False
10628,0.17818707,0.021313041,False
10634,-0.08764219,-2.0940437,False
10627,0.019502372,-0.078380644,False
10643,-0.04764971,-0.16714883,False
10645,-0.02138142,-0.011420167,False
10659,-0.028970897,-0.14472723,False
10658,0.0,0.0,False
10657,0.17182446,-0.40948117,False
10656,0.0015385002,-0.10901533,False
10655,-0.11634153,-0.21936584,False
10654,-0.002386503,-0.018763054,False
10644,0.015677864,0.014713515,False
10653,-0.10690153,-0.13342309,False
10651,0.018366873,0.12513566,False
10650,-0.3539398,0.23280782,False
10649,-0.07744318,-0.030418903,False
10648,0.033941258,-0.007397855,False
10647,0.037772834,0.07231489,False
10646,0.010399431,0.08124712,False
10652,0.13859758,0.07320914,False
11371,-0.11643319,0.05341126,False
10626,0.14970589,0.060749948,False
10624,-0.05627048,0.2476331,False
10605,0.33488894,-0.119122505,False
10604,-0.16587499,-0.12741041,False
10603,-0.2821691,-0.3313377,False
10602,-0.23799169,-0.3352095,False
10601,-0.253887,-0.07272929,False
10600,-0.06026241,-0.06813562,False
10606,-0.10035759,-0.19042641,False
10599,0.009366512,0.051413298,False
10597,-0.2809555,0.036198854,False
10596,-0.10139012,-0.32751358,False
10595,0.064303815,0.078252316,False
10594,-0.1575309,-0.06859267,False
10593,-0.13521028,-0.17021543,False
10592,0.18199342,0.05003506,False
10598,0.22806191,0.104236245,False
10625,-0.3296982,-0.27949893,False
10607,-0.14675772,-0.027181983,False
10609,0.054846227,-0.03566706,False
10623,0.02692008,0.15872753,False
10622,-0.03711605,-0.3209437,False
10621,-0.17989963,-0.16817528,False
10620,0.049037576,0.14761174,False
10619,-0.007256273,-0.030590488,False
10618,-0.056388736,-0.1980964,False
10608,0.017205834,-0.04496985,False
10617,-0.06332814,-0.030489251,False
10615,0.09149432,-0.014048457,False
10614,0.044484854,-0.009338653,False
10613,0.015477538,-0.10859561,False
10612,-0.092974305,-0.056789994,False
10611,0.14844629,-0.096651465,False
10610,0.2087133,0.1513021,False
10616,0.0025935136,0.020359386,False
13650,-0.0004649926,-0.023915695,False
13651,-0.0036482764,-0.0036482764,False
13652,0.009969547,-0.03492713,False
16680,0.017834812,-0.009250224,False
16681,-0.09268206,-0.22743636,False
16682,-0.015095703,-0.014047222,False
16683,-0.016130932,0.019301776,False
16684,0.09992719,-0.08837077,False
16685,0.01822722,-0.10618347,False
16686,-0.17499864,-0.2217704,False
16687,0.052809864,-0.102220684,False
16688,-0.082502365,-0.0034867078,False
16689,-0.16788825,-0.206545,False
16690,0.011660213,-0.003254379,False
16691,0.006048277,0.17776756,False
16692,-0.037274588,-0.016647965,False
16693,0.003969811,-0.019861339,False
16694,-0.08952041,-0.097501054,False
16695,-0.035940036,0.037825182,False
16696,-0.03330988,-0.03376065,False
16710,0.10114491,-0.20039243,False
16709,-0.44601607,-0.38248706,False
16708,0.2523427,-0.036667824,False
16707,0.040150575,0.0072517768,False
16706,-0.02723958,-0.023315772,False
16705,0.00834566,-0.033616632,False
16679,-0.024217727,-0.024217727,False
16704,-0.26376393,-0.057537943,False
16702,-0.04527837,-0.06945939,False
16701,-0.22988951,-0.050299883,False
16700,-0.067601085,0.2504111,False
16699,0.03309983,-0.009807588,False
16698,0.008273549,-0.014947418,False
16697,0.049949594,0.054227166,False
16703,0.009291258,-0.013978198,False
16678,0.0338538,0.08979015,False
16677,0.012357414,0.015624613,False
16676,-0.016926201,0.0529581,False
16657,0.0043293126,0.06469458,False
16656,-0.019637749,-0.019637749,False
16655,-0.20890372,-0.16797797,False
16654,-0.0020292401,-0.049590655,False
16653,-0.057241976,0.10443759,False
16652,-0.107491076,0.12701887,False
16658,0.01517354,-0.005044672,False
16651,-0.007835699,-0.006905319,False
16649,0.0672248,-0.007253334,False
16648,-0.05244313,-0.020700157,False
16647,-0.045823097,-0.19337809,False
16646,-0.109944046,-0.040386394,False
16645,0.0019907504,0.03822113,False
16644,-0.08458358,0.022857606,False
16650,0.35275233,0.058594823,False
16711,0.02233064,-0.023059621,False
16659,-0.016530648,-0.0035813376,False
16661,0.041980535,0.041246325,False
16675,0.007487297,0.5255729,False
16674,-0.11675918,-0.115197115,False
16673,0.0,0.0,False
16672,0.009034283,0.10791918,False
16671,-0.301414,-0.049303055,False
16670,0.08306296,-0.02328368,False
16660,-0.028733494,-0.029367922,False
16669,0.08867437,-0.017070442,False
16667,-0.08172795,0.007958055,False
16666,0.034986675,0.023019686,False
16665,-0.008231023,-0.03153393,False
16664,0.06181717,0.28315985,False
16663,-0.0038488507,0.013332844,False
16662,-0.0243911,0.02579014,False
16668,-0.023499459,0.13275927,False
16643,0.36079526,-0.0698061,False
16712,-0.30646086,-0.29743767,False
16714,-0.0060041696,-0.028850283,False
16751,-0.051727533,-0.01934427,False
16752,-0.052574277,0.30524802,False
16753,0.026602864,0.2085824,False
16754,0.07553539,-0.028949648,False
16755,-0.0008788854,-0.069464326,False
16756,-0.19399053,-0.1384916,False
16757,-0.018213961,0.075672396,False
16758,-0.23238373,0.015910625,False
16759,0.015511114,-0.030295653,False
16760,-0.113717794,-0.06210947,False
16761,0.31138706,-0.18205357,False
16762,-0.119004965,-0.27821696,False
16763,-0.071002126,-0.1100229,False
16764,0.028112277,-0.03227201,False
16765,-0.15436423,-0.10534829,False
16766,0.0348078,0.01475434,False
16767,0.020429077,0.0,False
16781,0.07240486,-0.060889482,False
16780,0.014273465,-0.1058619,False
16779,0.06912483,-0.02156739,False
16778,-0.031618893,0.13598001,False
16777,-0.025939561,0.024512254,False
16776,-0.010888696,-0.025499076,False
16750,0.061563253,0.035988748,False
16775,0.004020214,-0.14547127,False
16773,0.13842916,-0.13752519,False
16772,0.05727631,-0.0034841746,False
16771,-0.09441599,-0.22627258,False
16770,-0.022865716,-0.015549598,False
16769,-0.80222,-0.62450004,False
16768,-0.07633099,-0.11573845,False
16774,-0.0057957545,0.029476322,False
16749,-0.011977434,-0.06515869,False
16748,0.080460966,-0.028184652,False
16747,0.011168441,0.16185647,False
16728,0.1245898,-0.18890047,False
16727,-0.043584913,0.013591215,False
16726,0.05561824,0.020878881,False
16725,0.0013532639,0.10393259,False
16724,-0.11973742,0.071059376,False
16723,-0.16825545,0.19610608,False
16729,-0.004478243,-0.004478243,False
16722,-0.016061047,-0.03910488,False
16720,-0.037479937,-0.038680285,False
16719,-0.033369318,0.07171407,False
16718,0.02952014,-0.0989567,False
16717,-0.44189632,-0.09979558,False
16716,0.025581347,-0.0046785474,False
16715,-0.06946708,-0.090799674,False
16721,0.031948417,-0.12012705,False
16713,-0.3686018,-0.48418903,False
16730,0.11593449,-0.11937648,False
16732,0.037041605,0.019537807,False
16746,0.041003376,-0.02569617,False
16745,0.02826073,0.05453012,False
16744,-0.07283181,-0.081552446,False
16743,0.0,0.0,False
16742,-0.002167344,-0.039719224,False
16741,0.011505574,0.0067883134,False
16731,0.041963853,0.045152627,False
16740,0.11561033,-0.041277632,False
16738,-0.010049652,-0.010049652,False
16737,-0.077943444,-0.07850587,False
16736,0.0671227,0.0908103,False
16735,-0.0063785315,-0.171494,False
16734,-0.087846875,-0.09380597,False
16733,-0.04955629,-0.0486785,False
16739,0.12582768,0.090264454,False
16782,-0.009185422,-0.0057644523,False
16642,-0.016445816,0.095142305,False
16640,-0.018307691,-0.018307691,False
16538,-0.031446666,-0.02551943,False
16539,0.0699096,-0.045952827,False
16540,-0.27605492,-0.08626199,False
16541,-0.20455503,0.104946494,False
16542,-0.009239517,-0.009239517,False
16543,0.042295337,-0.11929089,False
16544,-0.041735373,-0.12069186,False
16545,0.11319134,-0.061811194,False
16546,-0.2625761,-0.24476242,False
16547,-0.024729654,0.024824187,False
16548,0.011165589,-0.0030612648,False
16549,-0.08255914,-0.06564841,False
16550,-0.07751946,0.0021780431,False
16551,-0.28357998,-0.1811553,False
16552,-0.087569,-0.10354149,False
16553,0.009716451,0.07239628,False
16554,0.016810656,-0.4254136,False
16568,-0.046187818,-0.023374677,False
16567,0.27803028,0.14875829,False
16566,-0.06738818,0.031285048,False
16565,-0.005180793,-0.005180793,False
16564,-0.06711258,-0.0917916,False
16563,0.11603576,-0.052860454,False
16537,0.005417526,0.022487968,False
16562,-0.30948186,-0.07360941,False
16560,0.010298029,0.046548247,False
16559,-0.103631854,0.012281537,False
16558,0.0731765,-0.095433176,False
16557,-0.08702427,-0.06074238,False
16556,-0.18745583,0.054636598,False
16555,0.007996887,0.014176071,False
16561,0.023491025,0.10823566,False
16536,0.049637616,0.121189356,False
16535,-0.0008543469,-0.01859368,False
16534,-0.024296867,-0.016653333,False
16515,-0.11618167,0.026462853,False
16514,0.0008916855,-0.01898235,False
16513,0.027857207,0.052589275,False
16512,-0.30594015,-0.53459954,False
16511,-0.020263344,-0.05378496,False
16510,0.0,0.0,False
16516,-0.42698145,-0.37833917,False
16509,-0.07278721,0.03952971,False
16507,-0.051918387,-0.34734762,False
16506,0.053546302,0.024797447,False
16505,0.0,0.0,False
16504,0.041349113,-0.015252414,False
16503,-0.059092402,-0.07039523,False
16502,0.048678577,-0.07940203,False
16508,0.037753545,-0.028784923,False
16569,-0.081489444,-0.06692147,False
16517,-0.014097968,-0.014097968,False
16519,0.0065621063,-0.0040406343,False
16533,0.0,0.0,False
16532,-0.389601,-0.44606876,False
16531,0.048462622,-0.037421476,False
16530,0.0005001873,0.037543654,False
16529,-0.047666468,-0.004729271,False
16528,0.06341875,-0.027722366,False
16518,-0.0484154,-0.021676075,False
16527,-0.0042364225,-0.036702823,False
16525,-0.00018468499,-0.07274435,False
16524,-0.028536644,-0.047982793,False
16523,-0.08503902,-0.3623339,False
16522,0.0077958107,-0.057230383,False
16521,-0.07112676,0.17686254,False
16520,-0.2620619,-0.45642686,False
16526,0.0,0.0,False
16641,0.032889202,-0.024426624,False
16570,0.0,0.0,False
16572,0.086538136,0.10788089,False
16609,-0.027372759,-0.027113548,False
16610,-0.08768642,-0.08864248,False
16611,0.036747504,-0.03710634,False
16612,-0.0042464733,-0.4614792,False
16613,-0.005407959,0.35587996,False
16614,0.0,0.03353235,False
16615,-0.09407045,-0.002801612,False
16616,-0.007717296,-0.00754854,False
16617,-0.014004901,-0.013857983,False
16618,-0.00289011,-0.43634534,False
16619,-0.022144139,-0.16522062,False
16620,0.052989513,0.14067069,False
16621,0.04874766,-0.28890038,False
16622,0.004435759,0.0034855343,False
16623,0.03726892,0.029432565,False
16624,0.0,0.0,False
16625,0.0,0.0,False
16639,-0.03047296,-0.052906502,False
16638,-0.08470976,-0.11370361,False
16637,-0.0047984985,-0.0047984985,False
16636,0.2603023,-0.06266683,False
16635,-0.2864467,-0.16968179,False
16634,-0.05229026,-0.1757848,False
16608,-0.00801152,0.011530101,False
16633,-0.036064006,-0.10335884,False
16631,0.2352258,0.03246513,False
16630,0.12836659,0.080620766,False
16629,0.03115173,-0.01421437,False
16628,-0.14820662,-0.2621315,False
16627,0.037791036,-0.0126676755,False
16626,0.3156922,0.15566635,False
16632,0.028514206,0.034547895,False
16607,0.0,0.0,False
16606,0.023440763,0.0,False
16605,-0.05489541,-0.08020538,False
16586,0.06722832,0.014025986,False
16585,-0.023464223,-0.023464223,False
16584,-0.07301456,0.059240103,False
16583,-0.060722068,-0.017539635,False
16582,-0.16028875,-0.03439617,False
16581,0.0,0.0,False
16587,-0.025512159,-0.033126205,False
16580,0.09620157,0.106416315,False
16578,-0.026233613,-0.13446474,False
16577,0.038972735,-0.086204976,False
16576,-0.049324274,0.005869746,False
16575,-0.010002763,-0.009834296,False
16574,-0.004710347,-0.004710347,False
16573,-0.00955311,0.001916687,False
16579,0.023018792,-0.0007038824,False
16571,-0.010049362,-0.01004278,False
16588,0.038563415,-0.04058832,False
16590,-0.062444776,0.018676698,False
16604,-0.0050063194,-0.004947786,False
16603,0.052016705,-0.12834585,False
16602,0.04204861,0.051309586,False
16601,0.029488765,0.109072834,False
16600,-0.014560803,-0.014560803,False
16599,0.05396962,-0.064564586,False
16589,-0.0022000894,0.0016184039,False
16598,0.118220925,-0.30248845,False
16596,0.009904221,-0.09688937,False
16595,-0.1554882,0.022444487,False
16594,-0.020905785,0.012334429,False
16593,0.08883837,-0.14546272,False
16592,0.058501124,0.08243704,False
16591,0.1252253,0.5382786,False
16597,-0.010812819,0.027073622,False
16501,-0.087252855,-0.18534952,False
16783,-0.01712916,-0.008238837,False
16785,-0.073023945,-0.25403774,False
16964,0.04480493,-0.23640573,False
16965,-0.15406501,0.09251189,False
16966,-0.021107674,-0.11148071,False
16967,-0.020240854,-0.042607147,False
16968,-0.39392567,0.16738033,False
16969,-0.05377776,0.02483292,False
16970,-0.10301472,-0.033040106,False
16971,-0.069959454,0.08651723,False
16972,0.05462061,0.12519906,False
16973,-0.053020954,0.16319609,False
16974,-0.0011298656,-0.07356298,False
16975,-0.10311815,-0.09561798,False
16976,0.08096552,0.053201318,False
16977,-0.030391574,-0.07542923,False
16978,0.07215524,-0.12572503,False
16979,-0.12734014,-0.1768429,False
16980,0.07377124,0.3674699,False
16995,-0.16106111,-0.012498498,False
16994,0.0257767,-0.05277369,False
16993,0.07120148,0.060309537,False
16992,-0.08993079,-0.046790555,False
16990,-0.42063284,-0.102725625,False
16989,-0.69379115,-0.085216284,False
16963,-0.02084291,-0.14764512,False
16988,0.045441866,-0.15085936,False
16986,0.031466424,0.09258282,False
16985,-0.14258748,-0.16468412,False
16984,-0.056337833,-0.16871256,False
16983,-0.12991595,-0.21993458,False
16982,0.099444985,0.064691305,False
16981,-0.23591387,-0.13683486,False
16987,0.058562405,-0.02685445,False
16962,0.02606821,0.21734715,False
16961,-0.1321218,0.47822666,False
16960,-0.2442689,-0.018815994,False
16941,-0.3271361,-0.7538209,False
16940,-0.0044319592,-0.027248532,False
16939,-0.004930297,-0.004917141,False
16938,0.11523533,0.1468935,False
16937,0.056388646,-0.042715847,False
16936,0.13106374,0.116391554,False
16942,-0.08093281,-0.06973853,False
16935,0.011126455,-0.009557671,False
16933,-0.035592116,-0.018355578,False
16932,0.0039303303,-0.0513525,False
16931,-0.105155855,-0.2675807,False
16930,-0.021976054,0.0055097044,False
16929,0.0057448,-0.04198648,False
16928,0.085755385,0.02442839,False
16934,0.0,0.0,False
16996,-0.0556069,-0.15205562,False
16943,-0.13896269,0.035732597,False
16945,0.0,0.0,False
16959,-0.0004197359,0.007869542,False
16958,-0.13226318,0.18763745,False
16957,-0.06563321,-0.024706274,False
16956,-0.03953062,-0.03488338,False
16955,-0.035580814,0.20947856,False
16954,0.0,0.0,False
16944,-0.029847741,0.0053198338,False
16953,-0.01888457,-0.01888457,False
16951,0.019390598,-0.01247311,False
16950,-0.0025969818,-0.025526501,False
16949,-0.028885245,0.3000536,False
16948,-0.08394933,-0.16151428,False
16947,0.047891676,0.08089051,False
16946,0.009792149,-0.05359932,False
16952,-0.1493867,-0.17555559,False
16927,-0.009380279,0.024659915,False
16997,-0.1390644,0.08996719,False
16999,0.011678431,-0.005001223,False
17036,-0.08493045,0.107004255,False
17037,-0.0962373,-0.052502096,False
17038,-0.0043172464,-0.10913837,False
17039,0.010654866,-0.009774211,False
17040,0.040094674,0.112505436,False
17041,0.079591244,-0.035206348,False
17042,-0.035503343,0.034702964,False
17043,-0.100396335,-0.1535382,False
17044,-0.036366343,-0.029082596,False
17045,-0.13975076,-0.12811258,False
17046,0.13204098,-0.015198708,False
17047,-0.105991215,-0.009579152,False
17048,-0.010352612,-0.16030526,False
17049,-0.15047988,-0.10540191,False
17050,-0.20212638,-0.30944645,False
17051,-0.17338622,-0.4369024,False
17052,0.0,0.010437182,False
17066,-0.010114894,-0.009896944,False
17065,-0.047890186,0.28205872,False
17064,-0.16001557,0.032107145,False
17063,-0.81582177,-0.34127092,False
17062,0.06963503,0.1684722,False
17061,-0.052040398,0.07919255,False
17035,-0.16150367,0.04099518,False
17060,-0.13680315,0.6116638,False
17058,-0.051701203,-0.049662113,False
17057,0.19120407,-0.07664442,False
17056,0.23869613,0.429265,False
17055,-0.03604667,0.06227441,False
17054,0.098272204,-0.06320095,False
17053,-0.047599763,-0.21195477,False
17059,0.041284442,-0.015288815,False
17034,0.19944394,0.043921232,False
17033,0.027641177,0.013464987,False
17032,-0.06601602,-0.2631631,False
17013,-0.024707422,-0.08672029,False
17012,0.02441872,-0.013638704,False
17011,-0.09691775,-0.08562398,False
17010,0.08833593,-0.06984264,False
17009,0.041764744,-0.023377469,False
17008,0.007395249,-0.009428399,False
17014,-0.17306611,-0.106683075,False
17007,0.0,0.0,False
17005,0.02991934,-0.0032486646,False
17004,-0.21252471,-0.67906064,False
17003,-0.037945915,-0.011171587,False
17002,0.024379812,0.018880725,False
17001,0.10328567,-0.15072322,False
17000,-0.10974306,0.05924338,False
17006,-0.1000385,-0.08428295,False
16998,0.006055087,-0.056585874,False
17015,-0.060089678,-0.022984266,False
17017,-0.0031180978,0.070281684,False
17031,0.029054325,-0.015186549,False
17030,-0.0022330433,-0.023992982,False
17029,0.18073091,0.17136523,False
17028,-0.117742874,-0.16050316,False
17027,0.0429361,0.05385284,False
17026,-0.051342674,-0.08673771,False
17016,0.072571844,-0.042605966,False
17025,-0.013185024,0.04650581,False
17023,0.0006522443,-0.030287305,False
17022,-0.07410216,-0.14194047,False
17021,-0.013412565,-0.0008665025,False
17020,0.032511145,-0.095042095,False
17019,-0.06543408,-0.16664842,False
17018,0.061695293,0.06303564,False
17024,-0.049552858,-0.11717194,False
16784,0.006643923,-0.009688823,False
16926,0.0007572919,0.0352218,False
16924,-0.074046135,-0.111863196,False
16822,0.007519856,0.020276755,False
16823,-0.027641177,-0.10468876,False
16824,0.2333265,-0.32128885,False
16825,0.18728328,-0.055888355,False
16826,-0.15622324,-0.104463875,False
16827,-0.13964212,-0.09972012,False
16828,0.037852526,0.102371216,False
16829,0.015650868,-0.031056583,False
16830,0.03292489,-0.06176138,False
16831,-0.5202794,-0.57346666,False
16832,0.12320101,0.2854377,False
16833,-0.19419467,0.2208885,False
16834,0.09386945,-0.09579277,False
16835,-1.1268487,-1.2802413,False
16836,-0.12186837,-0.39554012,False
16837,-0.27816606,-0.0517323,False
16838,-0.1768513,-0.031333566,False
16852,-0.0028419495,-0.21651626,False
16851,0.14671057,0.037968338,False
16850,0.0,0.0,False
16849,-0.2933166,-0.02571392,False
16848,0.0,0.0,False
16847,-0.005102845,-0.005102845,False
16821,0.013478242,-0.009855973,False
16846,0.0068728924,-0.066079855,False
16844,-0.057575107,0.031099379,False
16843,-0.107463,0.0044304132,False
16842,-0.07129965,-0.026197769,False
16841,-0.0069876015,0.039110526,False
16840,-0.16083539,-0.029531658,False
16839,-0.080348164,-0.08165392,False
16845,0.010556951,0.043992102,False
16820,-0.7914157,-0.48351097,False
16819,0.020184278,-0.030204296,False
16818,-0.33136028,-0.40069115,False
16799,0.05772455,-0.007760614,False
16798,0.045324743,-0.00014710426,False
16797,-0.0033567138,-0.0033567138,False
16796,0.039060116,-0.25295162,False
16795,-0.15728426,-0.1465359,False
16794,-0.060462058,-0.13713443,False
16800,-0.15147671,-0.23822278,False
16793,-0.2577709,-0.08084035,False
16791,0.02284386,0.0446655,False
16790,-0.18427622,-0.018430948,False
16789,-0.05576364,-0.058981784,False
16788,0.0069438107,-0.056852337,False
16787,-0.02659782,-0.017766278,False
16786,-0.005448887,-0.029071076,False
16792,-0.14372295,0.04770142,False
16853,-0.095596075,0.12720191,False
16801,0.06692684,-0.013590097,False
16803,-0.040700205,-0.025027946,False
16817,0.041997794,-0.0014746479,False
16816,0.28269076,0.07379842,False
16815,-0.3129573,-0.4883082,False
16814,-0.0047233966,-0.0046357177,False
16813,-0.21056223,-0.15719843,False
16812,-0.35397816,-0.4458847,False
16802,-0.03993398,0.08848679,False
16811,0.032096967,-0.019321393,False
16809,-0.16859752,0.0033960342,False
16808,-0.029943466,0.029443353,False
16807,0.038135663,0.057210386,False
16806,0.11066912,-0.110066086,False
16805,-0.40302908,-0.16113722,False
16804,-0.009009838,-0.04088816,False
16810,0.008293401,0.05143046,False
16925,0.0,0.0,False
16854,0.05080226,0.0029675066,False
16856,-0.036879793,-0.040236533,False
16893,0.0991019,0.30003005,False
16894,-0.02150543,-0.0574587,False
16895,-0.0039952053,-0.0039952053,False
16896,0.20325774,0.18320483,False
16897,0.2909062,0.065737605,False
16898,0.026081651,0.009182423,False
16899,0.005064681,-0.03119507,False
16900,-0.023611844,-0.09638044,False
16901,-0.016675882,-0.030419141,False
16902,0.030534789,-0.028550854,False
16903,0.28138208,0.041023493,False
16904,0.008949468,-0.014119691,False
16905,-0.039423615,-0.009296924,False
16906,0.30958486,0.08248854,False
16907,0.16397321,0.11210334,False
16908,-0.13039064,-0.09421611,False
16909,-0.31172597,-0.20158386,False
16923,-0.3312794,-0.25843924,False
16922,-0.011481434,0.05542326,False
16921,-0.029994778,0.03362976,False
16920,0.0036166338,-0.0123789525,False
16919,-0.20480716,0.19674349,False
16918,0.012913436,-0.23013425,False
16892,0.037147492,0.12622702,False
16917,0.35866737,0.58252466,False
16915,0.015843272,-0.0769504,False
16914,0.015592355,-0.049043026,False
16913,-0.0691632,-0.01288414,False
16912,-0.002853632,0.047867537,False
16911,-0.07905936,-0.09668809,False
16910,0.002303319,-0.018280877,False
16916,-0.009083474,-0.01248127,False
16891,-0.1788559,-0.097105265,False
16890,-0.015028954,-0.0005746186,False
16889,-0.03600514,0.025085688,False
16870,-0.026623279,0.017697752,False
16869,0.019626938,0.032632925,False
16868,0.0033729672,0.11668858,False
16867,-0.027820379,0.022707462,False
16866,-0.15018141,-0.29253078,False
16865,-0.14755511,-0.1124005,False
16871,-0.12096512,-0.118442595,False
16864,-0.0164586,0.21683955,False
16862,0.14445895,-0.008071661,False
16861,0.017548442,0.55122685,False
16860,-0.035204023,-0.10191026,False
16859,0.06305727,0.01448077,False
16858,0.020823568,-0.09018825,False
16857,0.014247209,0.026192844,False
16863,-0.14174604,0.13690615,False
16855,-0.075235635,-0.16775894,False
16872,-0.035205364,0.19578257,False
16874,-0.008015618,-0.024393212,False
16888,0.035609603,0.2566852,False
16887,-0.00470827,-0.00470827,False
16886,0.0,0.009995273,False
16885,0.30092144,-0.119193554,False
16884,0.45813859,0.1404866,False
16883,-0.03794407,-0.013652191,False
16873,-0.011478581,0.034959897,False
16882,0.018728334,-0.004232704,False
16880,0.027023941,-0.08041173,False
16879,0.17651534,0.11842203,False
16878,0.059171468,0.07463056,False
16877,-0.08653489,-0.08740687,False
16876,0.038197994,-0.06234932,False
16875,-0.09519124,0.011147022,False
16881,-0.04573089,-0.045623332,False
17067,-0.2829802,-0.06512928,False
16500,-0.34373486,-0.28044963,False
16498,0.20132479,0.04026848,False
16111,-0.10139996,0.03699988,False
16112,0.050435215,0.0020062327,False
16113,-0.11102033,-0.17409772,False
16114,0.0,0.0,False
16115,0.0049392134,-0.13893048,False
16116,0.051510572,0.21720815,False
16117,0.0,0.0,False
16118,-0.103192955,0.23487541,False
16119,-0.0052017923,-0.0052017923,False
16120,0.0,0.0,False
16121,0.05206929,-0.038855903,False
16122,0.14554188,-0.05732879,False
16123,0.07742649,-0.14000899,False
16124,-0.03200546,-0.03259529,False
16125,-0.029903397,-0.0013210624,False
16126,-0.10582164,0.004487872,False
16127,-0.05055496,0.12875283,False
16141,-0.005250834,-0.005250834,False
16140,-0.038950004,-0.038950004,False
16139,-0.052985266,-0.06843233,False
16138,0.0,6.317181e-06,False
16137,0.0,0.0,False
16136,0.0,0.0,False
16110,-0.036531866,0.024971128,False
16135,-0.014522739,0.0025595147,False
16133,0.10975051,0.2838006,False
16132,0.02309708,0.0022767403,False
16131,-0.0048264484,-0.0048264484,False
16130,-0.026999157,-0.07332669,False
16129,-0.017501423,-0.03679381,False
16128,0.016048342,-0.045376778,False
16134,-0.026796341,0.21630055,False
16109,-0.22812933,-0.17506027,False
16108,0.22478557,0.2169292,False
16107,-0.13971257,-0.26951075,False
16088,0.035348825,-0.0045059593,False
16087,-0.018545186,-0.018532464,False
16086,0.04097402,0.03836274,False
16085,-0.044282906,-0.043465734,False
16084,0.010885045,-0.028322585,False
16083,-0.09683794,-0.07087535,False
16089,-0.060114823,-0.048196793,False
16082,0.04188937,-0.08195335,False
16080,0.13223267,0.017031014,False
16079,0.3497057,0.10244846,False
16078,0.041244686,0.039373428,False
16077,0.0,0.0,False
16076,0.123529255,-0.003679663,False
16075,-0.054863602,-0.06753901,False
16081,0.053341344,-0.018978333,False
16142,0.29909825,0.06973672,False
16090,-0.0052528754,-0.005166798,False
16092,0.16934347,0.22940677,False
16106,-0.012255905,-0.03258173,False
16105,0.0,2.2466887e-08,False
16104,-0.0051348084,-0.0051348084,False
16103,-0.057245493,-0.006015137,False
16102,0.12072396,-0.003587544,False
16101,0.015868753,0.065371364,False
16091,-0.031785376,0.0072178505,False
16100,0.024158582,0.016194135,False
16098,-0.029711425,0.16495857,False
16097,-0.0033912933,-0.0031699461,False
16096,0.21965408,-0.43182588,False
16095,0.03145218,-0.129471,False
16094,0.006290626,-0.032933205,False
16093,-0.005325182,-0.005325182,False
16099,-0.04215443,0.07632506,False
16074,0.11709675,-0.1420848,False
16143,-0.094778836,0.036005437,False
16145,0.13549054,0.33817774,False
16182,0.017818,-0.02231502,False
16183,0.018718356,-0.01950488,False
16184,-0.0035210575,-0.0033494297,False
16185,-0.12776089,-0.16132832,False
16186,0.0016866475,-0.04602386,False
16187,0.0048362203,-0.03933995,False
16188,0.04670628,-0.014112489,False
16189,-0.16986752,-0.045056343,False
16190,-0.113603145,0.1551353,False
16191,0.03226403,-0.037178315,False
16192,0.0,0.0,False
16193,0.017739167,-0.021785371,False
16194,0.031394675,0.025689542,False
16195,0.11957501,-0.027028378,False
16196,0.040362656,-0.081900716,False
16197,0.035177708,-0.07082516,False
16198,-0.38056266,-0.23293722,False
16212,0.03516653,-0.06555403,False
16211,-0.04636991,-0.04185134,False
16210,0.0,0.0,False
16209,0.096903265,0.2434842,False
16208,-0.037658572,-0.22477758,False
16207,-0.12843776,-0.5233295,False
16181,0.02551195,0.022662446,False
16206,0.0,0.0,False
16204,-0.021629913,-0.026183015,False
16203,-0.037279084,0.018771946,False
16202,-0.08284289,-0.11142357,False
16201,0.31702244,0.43622625,False
16200,0.08934438,-0.026198328,False
16199,0.08251715,-0.024737716,False
16205,-0.17320284,0.0686833,False
16180,-0.13611305,0.09379482,False
16179,-0.16625345,0.15392792,False
16178,0.057225168,-0.022584409,False
16159,-0.028598666,0.20840251,False
16158,-0.07230403,-0.07219022,False
16157,-0.0051307185,0.00020210398,False
16156,-0.008851778,-0.008254526,False
16155,-0.12714672,-0.15777662,False
16154,-0.06098526,-0.0061445236,False
16160,-0.13230884,-0.29181683,False
16153,0.26114008,-0.08502856,False
16151,0.051303297,-0.062257677,False
16150,-0.041660815,-0.16239838,False
16149,-0.014267087,-0.041734956,False
16148,0.13274026,-0.028338894,False
16147,-0.12373084,-0.038063824,False
16146,-0.060154695,0.048936814,False
16152,-0.1626237,-0.1561268,False
16144,0.03822881,0.02895394,False
16161,-0.003730193,-0.003730193,False
16163,-0.047550067,-0.047550067,False
16177,0.025062606,-0.05443727,False
16176,0.0,0.0,False
16175,0.07161619,0.0321863,False
16174,0.0,0.0,False
16173,0.03126879,0.08185255,False
16172,0.0,0.0,False
16162,-0.13967817,-0.17002428,False
16171,-0.12867284,-0.13591182,False
16169,0.14198923,-0.2222737,False
16168,0.066152245,-0.053786173,False
16167,-0.04174331,0.009584814,False
16166,0.0012418106,-0.041873507,False
16165,0.009927239,0.05605499,False
16164,-0.08124432,-0.085012004,False
16170,-0.0050622504,-0.02813999,False
16213,0.0,0.0,False
16073,-0.22820461,-0.3083135,False
16071,-0.052277267,-0.0044755936,False
15969,-0.15331855,-0.098137364,False
15970,-0.03500226,-0.059902966,False
15971,-0.05499156,0.058586,False
15972,-0.035287827,-0.02338776,False
15973,0.0148772,-0.39484024,False
15974,-0.09939802,-0.105894804,False
15975,0.009240925,0.068075836,False
15976,0.059156537,-0.0623703,False
15977,-0.059013367,0.1578666,False
15978,-0.0049733785,-0.0049733785,False
15979,-0.079762876,-0.13676554,False
15980,-0.0594061,-0.038764894,False
15981,0.050881386,-0.123698115,False
15982,0.13139361,0.050944924,False
15983,-0.06917693,0.11302714,False
15984,0.02642717,-0.016309462,False
15985,-0.14474931,-0.10412401,False
15999,-0.3816254,-0.021885157,False
15998,0.0,0.0005133685,False
15997,0.02318275,-0.040600847,False
15996,-0.051063627,0.06903201,False
15995,0.1125194,0.17733546,False
15994,0.023742944,0.03969287,False
15968,-0.060416937,0.08437824,False
15993,0.027832627,-0.09746094,False
15991,0.0,0.0,False
15990,0.040652514,0.045911014,False
15989,-0.3001181,-0.22884178,False
15988,-0.034969926,0.027086198,False
15987,-0.0072642565,-0.06567611,False
15986,-0.16015238,-0.1458798,False
15992,0.21162558,-0.035203964,False
15967,0.08924588,-0.09492748,False
15966,-0.017849108,-0.017849108,False
15965,-0.031312842,-0.047296952,False
15946,-0.010005947,-0.010005947,False
15945,0.04699398,-0.02325552,False
15944,0.0,1.9841864e-06,False
15943,-0.24404794,-0.24237889,False
15942,0.04767093,-0.05566129,False
15941,-0.09556925,0.0159626,False
15947,0.033706546,-0.0092740655,False
15940,-0.018873846,-0.011766449,False
15938,-0.07770577,-0.13028756,False
15937,-0.0050290436,0.045529276,False
15936,-0.030228287,-0.056282535,False
15935,-0.003967165,-0.003967165,False
15934,-0.044062212,-0.05129473,False
15933,-0.49488306,-0.7601923,False
15939,-0.2243424,-0.22775832,False
16000,0.002007246,-0.21105951,False
15948,-0.07207681,-0.060304955,False
15950,0.019879222,0.051699042,False
15964,-0.077951506,0.07959442,False
15963,0.013076901,0.115014195,False
15962,-0.2011826,0.13613069,False
15961,0.0,0.0,False
15960,0.0,0.0,False
15959,0.037979804,-0.019009996,False
15949,0.043504268,0.13568711,False
15958,-0.24958992,0.032060146,False
15956,0.19969735,0.05004227,False
15955,0.022476673,0.18240023,False
15954,-0.087212086,-0.24734056,False
15953,-0.113720566,-0.14770555,False
15952,0.034852266,0.18312871,False
15951,0.1405375,-0.028309762,False
15957,0.13607454,-0.17115569,False
16072,0.016345799,-0.031016648,False
16001,-0.022491693,-0.02400899,False
16003,-0.094593525,-0.0128796995,False
16040,0.0037538633,-0.051997036,False
16041,-0.003642188,-0.003642188,False
16042,0.0430591,0.5133112,False
16043,0.08566697,-0.023645282,False
16044,0.0028546005,0.0033434331,False
16045,0.016417868,-0.057125878,False
16046,-0.03130953,-0.0025832579,False
16047,-0.15866828,-0.088204145,False
16048,-0.062856674,0.14638269,False
16049,-0.08042525,0.018803284,False
16050,-0.03971079,-0.036725633,False
16051,0.023909032,-0.06486243,False
16052,-0.0011961833,-0.02336425,False
16053,0.02394582,-0.038091045,False
16054,-0.035650194,-0.061146602,False
16055,0.0978958,0.0951899,False
16056,-0.017678984,-0.095324315,False
16070,-0.0144865755,0.12276605,False
16069,-0.16890264,-0.02568674,False
16068,-0.025566466,-0.04754935,False
16067,-0.009670802,-0.009651814,False
16066,-0.003413568,-0.003413568,False
16065,-0.009117752,-0.041042298,False
16039,0.12857985,-0.08972579,False
16064,0.010101788,0.041620485,False
16062,0.02837751,-0.048884712,False
16061,0.0047951043,-0.12899238,False
16060,-0.021463633,-0.32036757,False
16059,0.0016148835,0.095143914,False
16058,-0.03853187,-0.0585784,False
16057,-0.00026199222,0.042412058,False
16063,-0.072828144,0.032919616,False
16038,0.008838192,0.09370501,False
16037,0.051567525,0.13640285,False
16036,-0.1900098,0.055362105,False
16017,0.13063467,-0.025111921,False
16016,-0.079319,-0.026153922,False
16015,0.0,0.00053778937,False
16014,-0.01682721,-0.07579023,False
16013,-0.16010273,-0.15873635,False
16012,-0.36933118,-0.5661007,False
16018,0.08719754,0.15794823,False
16011,0.08616972,0.053146303,False
16009,-0.085063815,-0.029685497,False
16008,0.0,0.0,False
16007,-0.021021167,-0.017015656,False
16006,-0.3280481,-0.16468865,False
16005,-0.19354874,-0.19977796,False
16004,-0.12815493,0.021530509,False
16010,-0.084830925,-0.036410064,False
16002,0.008066088,-0.008404523,False
16019,0.14076209,0.013860941,False
16021,-0.046003416,-0.0069974847,False
16035,-0.23943996,-0.025205612,False
16034,-0.030415893,-0.22173786,False
16033,0.08139153,-0.012513079,False
16032,0.00881878,-0.003485422,False
16031,-0.08437228,0.05486256,False
16030,-0.029787242,-0.10436091,False
16020,-0.012752533,0.059821606,False
16029,-0.025738612,0.08714968,False
16027,-0.05431208,0.012275606,False
16026,-0.005547842,-0.005547842,False
16025,0.16704392,-0.1925863,False
16024,0.36859345,-0.41438234,False
16023,-0.010152049,-0.010130229,False
16022,0.06696953,-0.08307979,False
16028,-0.07998943,-0.01752603,False
16499,-0.13422063,-0.07605554,False
16214,0.028672159,-0.076708816,False
16216,0.036862493,-0.02364383,False
16396,-0.18848825,-0.09824133,False
16397,0.03446603,-0.38679093,False
16398,0.027234674,-0.03633046,False
16399,-0.0419394,-0.050580375,False
16400,-0.032102704,0.12273717,False
16401,-0.14577243,-0.05504489,False
16402,-0.14019346,-0.07995257,False
16403,0.03099598,-0.039332077,False
16404,-0.031268746,0.012194328,False
16405,0.0,0.0,False
16406,0.0,0.0,False
16407,-0.0036848104,-0.0036848104,False
16408,0.017193504,0.0,False
16409,0.020837829,3.0552715e-06,False
16410,0.0,0.02841314,False
16411,0.0,0.0130812,False
16412,0.0,0.0040279985,False
16426,0.0,0.016749067,False
16425,0.0,0.0,False
16424,0.0,0.00014296394,False
16423,0.0,0.049174998,False
16422,0.0,0.0,False
16421,0.0,6.12779e-05,False
16395,0.060541987,-0.21619886,False
16420,0.0,0.0,False
16418,0.0,6.869395e-05,False
16417,0.0,0.0,False
16416,-0.00403199,-0.002298503,False
16415,0.0,0.011781508,False
16414,0.019630484,0.0,False
16413,-0.0044606337,0.050551917,False
16419,0.0,0.0021805384,False
16394,0.09258181,-0.019635618,False
16393,-0.022913635,-0.07042748,False
16392,-0.0026204847,-0.02495924,False
16373,-0.015956163,0.012819275,False
16372,0.03389974,-0.03032659,False
16371,0.051136784,-0.03676612,False
16370,-0.20528877,-0.03075105,False
16369,-0.09342545,-0.12912464,False
16368,-0.13076013,0.20937586,False
16374,0.32507253,0.63773775,False
16367,-0.07372248,-0.32262188,False
16365,-0.0399864,-0.08452594,False
16364,0.123799026,0.051428497,False
16363,-0.059217453,-0.18162322,False
16362,0.13055682,-0.04815805,False
16361,-0.012485934,0.017181216,False
16360,-0.18432623,-0.24044466,False
16366,-0.3797664,1.3990343,False
16427,0.0,0.022895915,False
16375,-0.08214384,-0.06472331,False
16377,0.020638883,-0.055228636,False
16391,0.044357568,0.1700775,False
16390,-0.13809696,0.009219676,False
16389,-0.04499936,0.09340942,False
16388,-0.1905582,0.07151222,False
16387,0.029230148,0.04998687,False
16386,-0.4773804,-0.2646911,False
16376,-0.30389988,-0.25620508,False
16385,-0.08269106,0.028306134,False
16383,-0.27457285,-0.14334035,False
16382,-0.058620393,0.10180804,False
16381,0.16919374,-0.07190412,False
16380,-0.012574393,-0.034766313,False
16379,-0.32318377,-0.2847215,False
16378,0.10521442,0.0021763146,False
16384,-0.014443636,-0.009459499,False
16359,-0.078505285,-0.09584126,False
16428,0.0,0.0,False
16430,0.028023811,-0.009131921,False
16467,0.0,0.0906697,False
16468,-0.013123098,-0.013123098,False
16469,-0.0052389684,-0.00044959038,False
16470,-0.0050290436,-0.0050290436,False
16471,-0.048353285,-0.22006515,False
16472,-0.04298788,0.015394323,False
16473,0.026902184,0.19258486,False
16474,0.00685014,0.20240858,False
16475,0.004603062,0.3208675,False
16476,0.0,0.0005707968,False
16477,0.0,8.13762e-05,False
16478,-0.007933015,-0.010787862,False
16479,0.0,0.024743346,False
16480,0.013892144,-0.00870057,False
16481,0.0,0.0,False
16482,0.0,0.0,False
16483,0.0,0.00034200647,False
16497,-0.66479015,-0.98965025,False
16496,-0.1340236,-0.31784102,False
16495,0.0023353016,-0.012926385,False
16494,0.02007448,-0.003376223,False
16493,0.08113917,-0.024271982,False
16492,-0.01009284,0.06731346,False
16466,0.0,0.0,False
16491,0.02746883,0.04459378,False
16489,0.10584363,0.076140225,False
16488,0.003506735,-0.06546128,False
16487,-0.11356366,0.054787725,False
16486,-0.0793245,-0.035119385,False
16485,0.09229398,-0.02675128,False
16484,0.0,0.06379539,False
16490,0.0028711557,-0.13856995,False
16465,0.010843858,0.12296143,False
16464,0.0065290425,0.20703019,False
16463,0.0,0.0,False
16444,-0.0039994186,-0.0039885356,False
16443,0.04420829,0.82646465,False
16442,-0.040508673,1.4926544,False
16441,0.02288057,0.00017076412,False
16440,0.0,0.0,False
16439,0.0,0.0,False
16445,0.0,0.0024855675,False
16438,-0.004047248,0.027408566,False
16436,0.0,0.021805428,False
16435,0.0,0.0046022185,False
16434,0.0,0.00036813377,False
16433,0.0,0.0819616,False
16432,0.0,0.0,False
16431,0.0,0.0,False
16437,-0.0032744692,0.024814766,False
16429,0.0,0.0,False
16446,0.0,0.0,False
16448,0.0,0.0,False
16462,-0.00378165,-0.00378165,False
16461,0.0,0.0,False
16460,0.0,6.9766456e-06,False
16459,-0.0047762827,0.0006219568,False
16458,0.0,0.0,False
16457,0.0,0.010013274,False
16447,0.0,0.0,False
16456,0.0,0.0,False
16454,0.0,0.0,False
16453,0.0,5.7844525e-05,False
16452,-0.016534043,0.18097377,False
16451,0.0,0.0,False
16450,0.0,0.0,False
16449,0.0,0.0,False
16455,-0.008950606,-0.008950606,False
16215,-0.009417007,-0.007502415,False
16358,-0.05053877,-0.07434541,False
16356,0.027154356,0.02802366,False
16253,-0.0050561046,-0.0028601782,False
16254,0.06145696,-0.004383543,False
16255,0.115781486,-0.009905696,False
16256,-0.0032744692,-0.0032744692,False
16257,-0.057271875,-0.048528858,False
16258,-0.09542209,-0.030670106,False
16259,-0.0013134778,0.0138552785,False
16260,-0.13870996,-0.010071874,False
16261,-0.3771243,0.08583093,False
16262,0.053601056,0.20145345,False
16263,-0.0874095,-0.055781096,False
16264,-0.009268662,-0.0042220014,False
16265,0.01585936,-0.0048796716,False
16266,0.03934811,-0.06650194,False
16267,-0.004513249,-0.004513249,False
16268,-0.04706131,0.3150667,False
16269,0.03721389,0.10735787,False
16283,0.13473362,-0.046714067,False
16282,0.019236147,0.048589498,False
16281,-0.009080052,-0.2581514,False
16280,-0.018042509,-0.016784236,False
16279,0.19011068,0.043447495,False
16278,-0.005624611,0.08352872,False
16252,-0.013620853,-0.113770515,False
16277,-0.009711651,-0.009711651,False
16275,0.0035814717,-0.040114675,False
16274,-0.16284853,-0.23945256,False
16273,-0.003642188,-0.003288135,False
16272,0.055594385,0.049221903,False
16271,-0.043266654,-0.0060175657,False
16270,-0.1152128,0.024991512,False
16276,-0.00879091,-0.105075434,False
16251,-0.029907307,-0.049389537,False
16250,0.039371535,-0.004987846,False
16249,-0.034060925,-0.078615114,False
16230,-0.995039,-1.4421525,False
16229,-0.014059305,0.10549345,False
16228,-0.014143677,-0.014143677,False
16227,-0.048023745,0.19551095,False
16226,-0.026426662,0.326916,False
16225,-0.004992648,-0.004992648,False
16231,0.10645807,0.29660785,False
16224,-0.054894716,1.0545713,False
16222,-0.044075802,0.1525982,False
16221,0.14265919,-0.18182856,False
16220,0.031411022,0.025423527,False
16219,-0.25563717,-0.41501307,False
16218,0.16297221,-0.65672326,False
16217,-0.24712765,-0.3793248,False
16223,0.0055942982,0.13665973,False
16284,-0.0062091686,-0.04246849,False
16232,0.054851066,-0.008387027,False
16234,0.017193504,0.07571636,False
16248,-0.1801697,0.016643763,False
16247,0.019934902,-0.027711563,False
16246,0.017020017,-0.017105907,False
16245,0.007132816,-0.013117126,False
16244,0.0012040734,-0.033655167,False
16243,-0.0073222164,-0.02517281,False
16233,-0.23337588,-0.4461392,False
16242,-0.007408213,-0.007408213,False
16240,-0.10958946,-0.21433449,False
16239,-0.05946411,0.31487963,False
16238,0.00039130077,-0.039557304,False
16237,-0.0065785404,-0.027157327,False
16236,-0.013092928,-0.0282711,False
16235,-0.01435714,-0.014356683,False
16241,-0.044596374,-0.08324212,False
16357,0.023453036,-0.018355928,False
16285,-0.08181816,-0.09450418,False
16287,0.08729708,0.05294013,False
16324,-0.0063062944,-0.023536913,False
16325,-0.04463792,0.11508536,False
16326,0.022898912,0.18752831,False
16327,0.04293561,0.20854598,False
16328,-0.027563464,-0.027563464,False
16330,0.009137433,-0.01059741,False
16331,0.14088589,-0.012902737,False
16332,-0.0878576,0.028181419,False
16333,-0.019524423,-0.019524423,False
16334,-0.44143844,-0.23982143,False
16335,-0.009136111,-0.009136111,False
16336,0.011733083,-0.005090565,False
16337,-0.0319874,0.072084405,False
16338,-0.3224119,-0.15866733,False
16339,0.013567641,-0.13527593,False
16340,0.21341693,0.17117906,False
16341,0.01724565,0.3151728,False
16355,0.095184326,-0.2204752,False
16354,0.15437213,0.2198408,False
16353,-0.05991944,-0.10052729,False
16352,-0.0049313186,-0.0036355807,False
16351,0.0,0.0,False
16350,0.029579498,-0.005504377,False
16323,-0.24753428,-0.7970151,False
16349,0.004114978,-0.037614703,False
16347,0.10375038,0.03443587,False
16346,0.0,0.0,False
16345,-0.0148738995,-0.012772782,False
16344,0.08537989,-0.0026500896,False
16343,-0.37292266,0.28316164,False
16342,0.0,0.0,False
16348,-0.016102433,-0.25520527,False
16322,0.07914845,-0.038478054,False
16321,-0.10010092,0.051239043,False
16320,0.0,0.0,False
16301,0.15135525,0.06902133,False
16300,0.019441918,-0.113466315,False
16299,-0.21679199,-0.18805987,False
16298,-0.008773923,-0.0048112273,False
16297,-0.06952056,-0.0026873946,False
16296,0.03542769,0.08862525,False
16302,-0.1261769,-0.12003565,False
16295,-0.11894506,0.087815285,False
16293,-0.08521651,-0.029068172,False
16292,0.093170404,0.025534153,False
16291,-0.011407681,-0.02829983,False
16290,0.2270406,-0.002657488,False
16289,-0.47129917,-0.50725746,False
16288,-0.008824386,-0.0712849,False
16294,0.027050018,0.030841663,False
16286,0.05992174,0.09109497,False
16303,0.0107149035,-0.0005405396,False
16305,0.0026980564,0.017120304,False
16319,-0.041692153,0.013184831,False
16318,-0.024203159,-0.024203159,False
16317,-0.022627115,0.20853657,False
16316,-0.13709638,0.11084086,False
16315,0.041655634,-0.004814517,False
16314,-0.06073183,-0.12608302,False
16304,0.034977242,0.2115225,False
16313,0.01797998,-0.021936696,False
16311,-0.14616331,-0.167348,False
16310,-0.13189602,-0.25814903,False
16309,0.07318768,0.005655378,False
16308,-0.07554701,0.16374886,False
16307,0.0,0.0,False
16306,-0.105336666,0.010373831,False
16312,0.32983953,0.0003978014,False
17068,-0.14012095,-0.076484114,False
17069,-0.033699602,-0.025974512,False
17070,-0.013863362,4.5135617e-05,False
17819,0.10734922,0.03496319,False
17820,-0.09738165,-0.091768265,False
17821,0.05152836,0.006143856,False
17822,0.01567328,-0.118391275,False
17823,0.0643598,-0.019101262,False
17824,0.04609826,-0.06071567,False
17825,-0.07401919,-0.01986894,False
17826,0.007417217,0.047779366,False
17827,-0.053410046,-0.008670419,False
17828,-0.019170117,-0.032590766,False
17829,-0.079492,0.002515629,False
17830,-0.124206826,-0.07843435,False
17831,-0.018291146,-0.018291146,False
17832,-0.09055287,-0.08016225,False
17833,-0.028343894,-0.016561002,False
17834,-0.050330177,-0.029108904,False
17835,-0.11952291,0.028485209,False
17849,0.022736985,-0.046481647,False
17848,-0.029096585,0.08272645,False
17847,0.35039747,-0.16617483,False
17846,-0.022154996,-0.04791066,False
17845,-0.016031422,0.036444604,False
17844,0.005662501,-0.10645628,False
17818,-0.0074642524,-0.029461905,False
17843,-0.26885724,-0.16421056,False
17841,0.033623308,0.12100479,False
17840,0.021669507,-0.017307281,False
17839,0.0,0.0,False
17838,0.15350689,0.054093108,False
17837,0.04382179,0.0033524074,False
17836,0.18664128,0.13471338,False
17842,-0.03557366,-0.15510166,False
17817,-0.004793924,-0.004793924,False
17816,-0.08103204,-0.11161142,False
17815,0.08503401,-0.004025355,False
17796,-0.08039969,0.021070957,False
17795,0.01884805,0.019735042,False
17794,0.013054542,-0.0074947104,False
17793,0.24193352,-0.043011904,False
17792,-0.20213902,0.14478755,False
17791,-0.022595394,0.05475413,False
17797,-0.01556395,0.043777794,False
17790,-0.039910078,0.058342233,False
17788,-0.01387555,-0.01387555,False
17787,-0.07572556,0.0009382814,False
17786,0.10264325,0.07363978,False
17785,-0.19052279,-0.012860954,False
17784,-0.05971618,-0.088132575,False
17783,0.009585917,-0.16683471,False
17789,-0.016569883,0.03154111,False
17850,-0.0115272105,-0.07092956,False
17798,-0.01763957,0.028306827,False
17800,-0.09865455,-0.025213182,False
17814,0.07167551,0.021879852,False
17813,-0.043944895,-0.027088463,False
17812,0.03818822,-0.052275836,False
17811,-0.10136908,0.13171172,False
17810,-0.03975446,-0.037323534,False
17809,0.0,0.00017806151,False
17799,0.13600406,0.084127545,False
17808,0.0,0.0024057154,False
17806,-0.09240413,-0.07154243,False
17805,-0.03272623,0.013948441,False
17804,0.047438502,0.09084208,False
17803,0.04412791,0.0060859174,False
17802,0.017339632,-0.0046501895,False
17801,0.063571244,-0.08248407,False
17807,-0.018103093,-0.0390199,False
17782,0.07427923,-0.077548526,False
17851,0.23406643,-0.053068638,False
17853,0.10533296,0.04184231,False
17890,0.0,0.0,False
17891,0.032750785,-0.04772973,False
17892,0.045428574,0.06919536,False
17893,-0.089819506,-0.07624008,False
17894,0.04992062,-0.16897303,False
17895,-0.12582037,0.0016275644,False
17896,-0.017013773,0.057948582,False
17897,-0.064676344,-0.051872335,False
17898,-0.095940396,0.089180276,False
17899,-0.08349392,-0.015821174,False
17900,0.0041587725,-0.019235369,False
17901,-0.057249665,0.000831902,False
17902,-0.19882354,-0.05767718,False
17903,-0.03421223,-0.016020581,False
17904,-0.15342021,0.049871802,False
17905,-0.021077037,-0.061573297,False
17906,0.08617446,-0.0003413856,False
17920,-0.055062965,0.04709506,False
17919,0.028248236,-0.056229196,False
17918,0.009589031,-0.0383175,False
17917,0.023063809,0.09533003,False
17916,-0.02741918,0.002612494,False
17915,0.13833283,-0.00592874,False
17889,0.0,0.00012089671,False
17914,0.039169557,0.06612212,False
17912,-0.025431093,-0.060386248,False
17911,0.0026795566,-0.055752218,False
17910,0.010178,0.0611289,False
17909,-0.03737569,-0.105799556,False
17908,-0.20367962,-0.12848303,False
17907,0.021459214,0.028927676,False
17913,-0.0054299235,-0.2010813,False
17888,-0.0012351573,-0.110654466,False
17887,-0.048169564,-0.10250762,False
17886,0.091388434,0.031626612,False
17867,-0.033778276,-0.033287395,False
17866,0.0,0.0,False
17865,-0.020365342,0.031785145,False
17864,-0.015490329,-0.037969656,False
17863,-0.01807572,-0.04158172,False
17862,-0.012565732,0.01686889,False
17868,-0.08468111,-0.018688917,False
17861,0.0155536905,-0.019907933,False
17859,0.027048409,0.00172095,False
17858,-0.062129945,0.073364586,False
17857,-0.010395706,0.17659192,False
17856,0.06285335,-0.018509325,False
17855,0.018084396,-0.046830356,False
17854,0.09777725,0.02192694,False
17860,-0.03358571,-0.0333695,False
17852,0.10334632,-0.031383485,False
17869,-0.03230314,-0.03230314,False
17871,-0.03840778,-0.054285564,False
17885,-0.024595728,-0.024595728,False
17884,0.040598102,-0.02890839,False
17883,0.16996598,-0.08871353,False
17882,-0.033548195,-0.033548195,False
17881,0.0,0.0,False
17880,-0.0075294822,-0.03259776,False
17870,-0.030000158,-0.013436332,False
17879,0.08701342,0.09526768,False
17877,-0.05228547,-0.04234226,False
17876,-0.05709818,0.014290556,False
17875,-0.023077857,0.0016176533,False
17874,-0.07581228,-0.023106635,False
17873,0.030274287,-0.19870992,False
17872,-0.009295978,-0.02147545,False
17878,-0.25762257,-0.06356439,False
17921,0.036844015,0.04037589,False
17781,-0.06263426,-0.011408508,False
17779,0.024075653,-0.060315993,False
17677,0.029526465,-0.025108594,False
17678,0.0739643,0.0123696625,False
17679,-0.27709606,-0.044733346,False
17680,-0.00626871,-0.04963182,False
17681,-0.045744687,0.11326106,False
17682,-0.03565228,-0.043759808,False
17683,0.043113083,0.013492212,False
17684,-0.015019998,-0.097810276,False
17685,-0.056051515,-0.005896196,False
17686,-0.03994462,0.03703536,False
17687,-0.031857833,0.13694248,False
17688,0.013571933,0.023615807,False
17689,-0.03255798,0.0102905035,False
17690,-0.02014916,0.0046504345,False
17691,-0.018872917,0.06456645,False
17692,-0.03592345,0.0059765354,False
17693,-0.008105844,-0.008105844,False
17707,0.07801154,0.031336248,False
17706,-0.024062863,-0.0017878748,False
17705,-0.008732468,-0.042202868,False
17704,-0.02925589,0.05987057,False
17703,-0.0121691525,-0.010945976,False
17702,-0.13433838,-0.048550844,False
17676,-0.047342688,-0.011498377,False
17701,-0.0049688914,-0.0049688914,False
17699,-0.043974705,0.051457502,False
17698,-0.11709082,-0.062920466,False
17697,-0.019081894,-0.019081894,False
17696,0.03166584,-0.068475544,False
17695,-0.0074792504,-0.025298163,False
17694,-0.007805586,0.17422861,False
17700,-0.01656288,0.004358165,False
17675,0.018412232,-0.022833347,False
17674,0.071566105,-0.10718268,False
17673,0.19755304,0.024654329,False
17654,-0.049562573,-0.063440084,False
17653,0.037429065,-0.0036221,False
17652,-0.08577037,0.64944094,False
17651,-0.076701075,-0.09488079,False
17650,-0.048363477,-0.025766492,False
17649,-0.28262722,0.01939112,False
17655,-0.064172626,-0.37101138,False
17648,-0.01280655,-0.031279847,False
17646,0.0,0.0,False
17645,-0.014858186,0.2661604,False
17644,0.011496363,-0.029737843,False
17643,0.026639134,-0.05550778,False
17642,0.005394459,0.10916838,False
17641,-0.2097759,-0.13652304,False
17647,-0.009493707,-0.00866479,False
17708,0.015375901,-0.004155696,False
17656,-0.003783729,-0.0491204,False
17658,-0.14105922,-0.056511074,False
17672,-0.058601655,0.009166934,False
17671,-0.09752476,-0.25345403,False
17670,-0.10199808,0.06046149,False
17669,0.09375201,-0.06131994,False
17668,0.060812354,-0.100958645,False
17667,0.0,0.0,False
17657,0.033503905,0.043931708,False
17666,0.05955401,-0.07562488,False
17664,-0.15749133,-0.076965004,False
17663,-0.0040125996,-0.032932773,False
17662,-0.011234922,-0.031488825,False
17661,0.042399526,0.01444459,False
17660,0.057199076,0.038470283,False
17659,0.14040595,-0.011242628,False
17665,-0.066819854,-0.04777597,False
17780,-0.13503635,-0.11358979,False
17709,0.006799102,-0.27206445,False
17711,0.0059200525,-0.19042134,False
17748,-0.08237538,-0.18767254,False
17749,0.07958287,-0.002893567,False
17750,0.13134383,0.17402197,False
17751,-0.03193587,0.26828477,False
17752,0.027107596,-0.055569053,False
17753,0.05735509,-0.06415333,False
17754,-0.013783604,-0.09744237,False
17755,0.0011584312,0.0376637,False
17756,0.25005972,0.095917344,False
17757,0.12365383,0.047484398,False
17758,0.022851232,-0.022579975,False
17759,0.025164321,0.0057259127,False
17760,0.028216027,-0.011487488,False
17761,-0.04789918,-0.04789918,False
17762,-0.001228448,-0.007480286,False
17763,-0.01490277,-0.01490277,False
17764,0.028079852,-0.048545312,False
17778,-0.009313868,-0.009313868,False
17777,0.01975298,0.04898733,False
17776,-0.038403235,-0.049157325,False
17775,-0.05921215,-0.080860436,False
17774,-0.09216763,0.039408654,False
17773,-0.005754009,-0.032738507,False
17747,0.11982453,0.18952942,False
17772,0.0,0.0,False
17770,0.009954333,-0.1762954,False
17769,-0.022954375,-0.06661025,False
17768,-0.0077597126,0.06540825,False
17767,0.02105385,0.029433012,False
17766,0.17163861,-0.30988386,False
17765,-0.4608047,-0.30095434,False
17771,0.010431647,-0.034470614,False
17746,0.05379428,-0.050714627,False
17745,-0.3870324,-0.34332478,False
17744,0.0055648685,0.06620598,False
17725,0.041501768,-0.08565277,False
17724,-0.052461058,0.018417045,False
17723,0.009576961,-0.0139112305,False
17722,-0.09869871,0.09119178,False
17721,-0.09085569,0.04276043,False
17720,0.04519168,-0.02170695,False
17726,0.025344566,-0.1297903,False
17719,-0.030110268,-0.050539345,False
17717,-0.15721786,-0.04490924,False
17716,-0.046812907,0.00412336,False
17715,-0.29705465,-0.06711453,False
17714,-0.047120973,0.043894082,False
17713,0.008907564,0.04876729,False
17712,-0.036640882,-0.036640882,False
17718,-0.1435239,-0.009257704,False
17710,0.018027531,0.026164459,False
17727,0.02950501,-0.052713037,False
17729,-0.28208005,-0.23532689,False
17743,0.17488539,0.1102612,False
17742,0.1369892,-0.01232332,False
17741,-0.0498814,-0.04700011,False
17740,-0.0109626055,0.036070824,False
17739,0.070076406,0.014687166,False
17738,0.019071333,-0.014927633,False
17728,0.035183452,-0.032692786,False
17737,0.040194035,0.08305693,False
17735,-0.02556777,-0.016645532,False
17734,-0.15915942,-0.04228355,False
17733,-0.018437162,-0.031920433,False
17732,0.0123225,0.015472263,False
17731,-0.06699606,-0.062275432,False
17730,0.017534882,0.036076874,False
17736,0.29566965,0.027782172,False
17640,-0.033915922,0.024254635,False
17922,-0.032935858,-0.04084371,False
17924,0.06930974,-0.06652169,False
18106,0.0037833378,-0.008324783,False
18107,0.011467084,-0.15905322,False
18108,0.004726343,-0.026727576,False
18109,-0.0694716,-0.027907714,False
18110,-0.014193885,-0.029933766,False
18111,0.007871456,0.16858402,False
18112,-0.20391583,-0.042317033,False
18113,0.05375681,-0.043050934,False
18114,-0.06314483,-0.062022425,False
18115,-0.04075399,-0.09383936,False
18116,0.037753496,0.037701655,False
18117,0.042589657,-0.0457958,False
18118,-0.09423083,0.03267318,False
18119,0.037688512,0.021575717,False
18120,0.045651704,-0.053232983,False
18121,0.081570566,-0.08431262,False
18122,0.083836615,-0.020595746,False
18136,-0.13408953,-0.106840774,False
18135,-0.004934801,-0.004934801,False
18134,-0.030067697,0.07639564,False
18133,0.1310978,0.045814365,False
18132,0.04362394,0.02509971,False
18131,-0.027650334,-0.040986635,False
18105,-0.28186,-0.14608896,False
18130,-0.06532496,0.008873969,False
18128,-0.021269001,0.22001883,False
18127,0.26550186,0.14013839,False
18126,0.23807085,-0.18067402,False
18125,0.08249152,0.0067775548,False
18124,-0.01723484,0.0041730255,False
18123,0.07812309,-0.0042588115,False
18129,0.004833244,0.07536584,False
18104,-0.10607767,-0.05084245,False
18103,0.07697895,-0.03466572,False
18102,-0.0056983475,-0.023487013,False
18082,0.22688138,-0.056668043,False
18081,0.009710096,0.05606959,False
18080,0.009126738,-0.0811003,False
18079,-0.12316418,-0.04625176,False
18078,-0.34435737,-0.032470047,False
18077,0.027807534,-0.07851921,False
18083,-0.0021026805,-0.072002955,False
18076,-0.0938953,-0.0061856955,False
18074,-0.059054703,0.10236107,False
18073,-0.03564337,-0.037310988,False
18072,-0.007557556,0.028623521,False
18071,-0.11658251,-0.30564362,False
18070,-0.019458128,-0.026843112,False
18069,0.04296343,0.042796433,False
18075,0.015291454,-0.0027190372,False
18137,-0.035534978,0.054214075,False
18084,0.011378378,-0.0066409335,False
18086,0.0,0.0,False
18101,0.10538232,-0.033625126,False
18100,0.021650907,0.0,False
18099,-0.18587047,-0.05819255,False
18098,0.06596525,0.007659048,False
18097,0.072085544,0.007793799,False
18096,-0.063928224,-0.0520282,False
18085,0.088681936,-0.07648948,False
18095,0.028471902,-0.048474014,False
18092,0.074462384,0.07490617,False
18091,0.0740162,0.101995096,False
18090,-0.032250173,0.00031042844,False
18089,-0.029510744,-0.04461448,False
18088,-0.079931065,-0.057117954,False
18087,0.09834193,0.099083185,False
18093,-0.003957361,-0.072107576,False
18068,0.13108417,0.124301314,False
18138,-0.025459506,0.00096634775,False
18140,-0.018248525,-0.042830326,False
18177,-0.013196468,-0.06996673,False
18178,-0.058542788,0.2450484,False
18179,0.1764434,-0.12912327,False
18180,0.09282515,0.021522112,False
18181,0.015700309,-0.0047287676,False
18182,-0.06928376,-0.046142682,False
18183,-0.038686626,-0.0130555,False
18184,0.0,0.0,False
18185,0.045419455,-0.008889124,False
18186,-0.0043388605,-0.060988337,False
18187,-0.11414154,0.008614033,False
18188,0.12611562,-0.07188022,False
18189,0.013341626,-0.020110423,False
18190,0.12870921,0.03782539,False
18191,0.025183495,-0.0046382397,False
18192,0.17808276,-0.03291352,False
18194,0.033976182,-0.028596818,False
18208,-0.0960094,0.07572371,False
18207,0.09180342,0.02830106,False
18206,0.067659214,0.024778046,False
18205,0.040702887,-0.046425257,False
18204,-0.022224938,-0.010780874,False
18203,-0.069092244,-0.09671006,False
18176,-0.059276044,-0.14616716,False
18202,-0.024778008,-0.03161051,False
18200,0.029729068,-0.012877524,False
18199,-0.10539025,-0.12511525,False
18198,0.3249796,0.14800203,False
18197,0.03724663,0.08056386,False
18196,-0.009995624,-0.009992034,False
18195,-0.028224114,-0.025245981,False
18201,-0.06978914,-0.07150072,False
18175,-0.004095733,-0.06427169,False
18174,-0.07097159,-0.09390281,False
18173,-0.003780745,-0.05092044,False
18154,-0.07556975,-0.20531023,False
18153,-0.029953629,-0.021766309,False
18152,0.030342072,0.060422584,False
18151,-0.117076844,-0.18227227,False
18150,0.0,1.8200606e-05,False
18149,-0.072013445,0.00067812204,False
18155,0.18988466,-0.20722556,False
18148,0.10623783,-0.10161269,False
18146,0.021640068,-0.023783578,False
18145,0.08036946,0.14880823,False
18144,0.13650423,0.05725212,False
18143,0.14913714,-0.11307396,False
18142,0.048996005,-0.056175206,False
18141,-0.06324811,-0.05944957,False
18147,-0.027457155,0.030930705,False
18139,-0.075656116,-0.04369673,False
18156,0.040007234,-0.026895002,False
18158,-0.00047039986,-0.0104830265,False
18172,0.012679445,-0.009303438,False
18171,0.21109414,-0.10260892,False
18170,-0.026114732,-0.01758027,False
18169,-0.049852073,-0.009193063,False
18168,0.040240385,-0.042093463,False
18167,0.03248876,-0.0051550153,False
18157,-0.5150439,-0.39277148,False
18166,-0.0043765544,-0.0043765544,False
18164,0.0029261708,-0.026769865,False
18163,0.10075548,0.12471697,False
18162,-0.11262834,-0.30024064,False
18161,0.30945146,0.14861858,False
18160,0.12652314,0.22399008,False
18159,0.07431495,-0.0075008273,False
18165,-0.036912143,-0.04724759,False
17923,0.070540994,-0.0027624965,False
18067,0.054838598,-0.06672995,False
18065,0.06608382,-0.029998899,False
17961,-0.0048192292,0.01183714,False
17962,0.003924936,0.031855464,False
17963,0.036914617,0.0385046,False
17964,-0.03132569,-0.06067665,False
17965,-0.15712067,-0.095235616,False
17966,-0.1662218,-0.029660165,False
17967,-0.073954865,-0.08597113,False
17968,-0.040552303,-0.18035276,False
17969,0.024790138,-0.07255015,False
17970,-0.069071494,-0.08737959,False
17971,-0.12837781,-0.091459826,False
17972,-0.0068127103,-0.042698458,False
17973,-0.01513961,0.13926741,False
17974,-0.18373373,0.0598934,False
17975,0.16035625,-0.015512019,False
17976,-0.013206016,0.023145407,False
17977,0.097456455,-0.07148027,False
17992,-0.0022819042,-0.20122689,False
17991,0.094080426,0.085739665,False
17990,-0.014174804,0.11043832,False
17989,0.12070209,-0.19308728,False
17988,-0.03511399,0.010709763,False
17987,-0.02668307,0.024174482,False
17960,0.07208933,0.011678338,False
17985,0.06972086,-0.019180654,False
17983,-0.038168907,0.065011956,False
17982,0.02389805,-0.035503328,False
17981,0.018247977,-0.0023434907,False
17980,0.12621447,0.013674438,False
17979,0.016976003,-0.045259994,False
17978,-0.01187022,0.08215152,False
17984,-0.005886361,-0.03216309,False
17959,0.12504439,0.08742903,False
17958,-0.022759512,-0.049872436,False
17957,0.15258557,-0.059095114,False
17938,0.17690581,-0.17561859,False
17937,-0.047334194,0.004958898,False
17936,-0.025001802,-0.03682401,False
17935,0.13283782,0.032187,False
17934,-0.054833777,0.0396161,False
17933,0.09567401,0.15181303,False
17939,0.012747407,0.13019092,False
17932,-0.106338575,-0.14432733,False
17930,-0.035885185,0.14286175,False
17929,0.05035136,-0.016729034,False
17928,-0.04492995,-0.048900932,False
17927,0.008276579,-0.008966309,False
17926,-0.048017606,0.023532227,False
17925,-0.0041270517,-0.05501069,False
17931,0.03633769,0.13016365,False
17993,0.026063427,0.020671926,False
17940,0.06318067,-0.024027705,False
17942,-0.0931326,0.06369296,False
17956,0.056901902,0.04541157,False
17955,0.01023335,0.013755165,False
17954,0.09065318,-0.18528956,False
17953,-0.06977844,-0.3062402,False
17952,-0.10343948,-0.11428536,False
17951,0.02945903,-0.003666751,False
17941,-0.036891602,-0.030416273,False
17950,-0.0057149604,-0.047694765,False
17948,-0.011131538,-0.0087563675,False
17947,0.07927966,0.06655429,False
17946,0.028401226,0.018393233,False
17945,0.04868479,-0.033860162,False
17944,-0.012035467,-0.0344199,False
17943,-0.0035045445,-0.00880371,False
17949,-0.18668723,-0.1131638,False
18066,0.009062599,-0.03391211,False
17994,0.027665544,-0.059545945,False
17996,-0.0313306,-0.02869006,False
18033,0.013271108,-0.02015481,False
18034,0.049496397,-0.03616099,False
18035,0.017280847,-0.060416114,False
18036,-0.008130342,-0.012926828,False
18037,0.0,0.0067906287,False
18038,0.12993214,0.09406951,False
18039,0.17130756,0.015675575,False
18041,-0.008386165,-0.09156952,False
18042,-0.054136276,-0.15021837,False
18043,0.0015713833,-0.02254071,False
18044,0.023333007,0.0010645542,False
18045,-0.027538408,-0.027538408,False
18046,0.25392985,-0.08559704,False
18047,-0.0031966344,-0.012873679,False
18048,-0.08000356,0.12991172,False
18049,-0.014575173,-0.014575173,False
18050,-0.055864558,0.06618345,False
18064,-0.11441499,-0.03504491,False
18063,0.06679276,-0.013511658,False
18062,-0.014168179,-0.014168179,False
18061,0.008516192,-0.07479884,False
18060,-0.07988324,-0.022295665,False
18059,-0.1763128,0.068216085,False
18032,0.017423034,0.107411385,False
18058,0.16207081,-0.026132464,False
18056,0.04248084,-0.01240325,False
18055,-0.008785367,0.10485177,False
18054,0.007937543,-0.01479961,False
18053,-0.013288416,-0.084661454,False
18052,0.02987423,-0.02770744,False
18051,-0.025718957,-0.026891813,False
18057,-0.093679324,-0.01580073,False
18031,-0.051700056,-0.042984784,False
18030,-0.12540913,-0.052218825,False
18029,-0.034405023,-0.064987384,False
18010,0.097301096,-0.06896117,False
18009,0.057201505,-0.034368217,False
18008,-0.0019082073,-0.017931761,False
18007,-0.008503979,-0.026869511,False
18006,-0.18188381,-0.0411731,False
18005,-0.11887109,-0.20649272,False
18011,0.05492808,0.05900444,False
18004,-0.016668297,-0.032260522,False
18002,0.1994037,0.101739675,False
18001,-0.068469726,-0.03928899,False
18000,0.05816555,-0.20308638,False
17999,0.06850399,0.04932861,False
17998,0.18965286,0.04462129,False
17997,0.24510288,0.14009607,False
18003,-0.0878042,-0.099901795,False
17995,-0.03283607,-0.025832016,False
18012,-0.0020823777,-0.032058135,False
18014,-0.1595152,-0.23397192,False
18028,-0.008000668,0.09537046,False
18027,0.050257415,0.035570115,False
18026,0.14458156,0.047944337,False
18025,-0.085207134,-0.026694655,False
18024,0.11810461,0.029021591,False
18023,-0.05298665,-0.04376796,False
18013,-0.04430668,-0.027417779,False
18022,-0.04160118,-0.1864891,False
18020,-0.027510962,-0.027510962,False
18019,-0.20441931,-0.1628418,False
18018,-0.13580006,0.09402387,False
18017,-0.0063524246,-0.10491506,False
18016,-0.15374859,-0.05765003,False
18015,-0.038750388,0.04439327,False
18021,-0.017356614,0.025959622,False
17639,0.09348613,0.06658059,False
17638,0.10060646,0.01958926,False
17637,0.08997458,-0.12929533,False
17249,-0.03945072,-0.102239296,False
17250,-0.033987284,0.020448387,False
17251,-0.033425987,-0.029269338,False
17252,-0.089457124,0.08626908,False
17253,0.055945873,-0.10906893,False
17254,0.03868872,-0.0040033977,False
17255,-0.004122912,-0.004122912,False
17256,-0.02380819,-0.02380819,False
17257,-0.08704573,-0.030003585,False
17258,0.030979887,-0.055264264,False
17259,-0.1164853,-0.052801907,False
17260,-0.3363736,0.14880979,False
17261,0.0018749237,-0.11893833,False
17262,0.114221334,-0.15491122,False
17263,-0.019821562,0.06748429,False
17264,-0.16320159,-0.18297648,False
17265,0.016679654,9.9012876e-05,False
17279,0.020875573,-0.035475798,False
17278,-0.064036444,0.04908204,False
17277,-0.05207567,-0.070951656,False
17276,-0.021936262,-0.021936262,False
17275,0.04324183,0.048916608,False
17274,-0.05020625,-0.030966371,False
17248,0.07146636,-0.12703767,False
17273,-0.0041881576,-0.038780853,False
17271,0.018873466,-0.0033903858,False
17270,-0.009721173,-0.009333618,False
17269,0.054126177,-0.0136402575,False
17268,-0.04558766,-0.0868724,False
17267,-0.11214036,0.24742168,False
17266,0.09781197,0.018285073,False
17272,-0.1382438,0.00028663874,False
17247,-0.09243983,-0.40354848,False
17246,0.08397414,-0.11602766,False
17245,-0.07570919,-0.10696179,False
17226,0.057249635,0.01609525,False
17225,0.0062374175,-0.046190802,False
17224,-0.16916436,-0.031828523,False
17223,-0.01223366,0.021995708,False
17222,-0.3064887,-0.039248914,False
17221,-0.027235528,-0.027235528,False
17227,0.030024469,0.12530547,False
17220,0.21752948,-0.024489135,False
17218,0.025720956,-0.019671129,False
17217,-0.0061675906,0.06487143,False
17216,-0.061668456,0.13996291,False
17215,0.009313732,0.02076365,False
17214,0.052132033,0.0062232353,False
17213,-0.38583702,-0.42527002,False
17219,-0.03929609,0.03467171,False
17280,0.02132602,0.04126139,False
17228,-0.015618615,-0.059900343,False
17230,0.005309337,-0.00995235,False
17244,-0.05267492,0.075956225,False
17243,-0.04485763,0.019370086,False
17242,-0.013440371,-0.16074008,False
17241,-0.010787845,-0.22518015,False
17240,0.06128621,-0.043015093,False
17239,-0.1422137,0.13937184,False
17229,-0.07157755,0.054458708,False
17238,-0.15943754,-0.13288963,False
17236,-0.017672509,-0.08242426,False
17235,-0.027675465,0.121515796,False
17234,-0.11370844,-0.15659267,False
17233,0.00063964725,-0.073024735,False
17232,0.038653195,-0.08723271,False
17231,-0.24791014,0.1959399,False
17237,-0.040737122,-0.044392914,False
17212,-0.0048942682,0.0035060118,False
17281,-0.017648568,-0.017648568,False
17283,-0.016319076,-0.016319076,False
17321,-0.31471115,-0.2169441,False
17322,-0.011420611,-0.027509417,False
17323,0.030537128,-0.022245035,False
17324,-0.11334705,-0.039143562,False
17325,-0.028445074,-0.028445074,False
17326,0.07784712,0.19841158,False
17327,-0.047983818,-0.020555109,False
17328,0.0140054375,-0.07691981,False
17329,-0.004717735,-0.004717735,False
17330,0.29215407,0.033739924,False
17331,0.29536957,0.115389764,False
17332,-0.004634142,-0.102770984,False
17333,-0.15231116,-0.016377509,False
17334,-0.22511697,-0.054309964,False
17335,-0.09934756,-0.112573564,False
17336,0.032771498,-0.063003875,False
17337,0.05724585,0.029350042,False
17351,0.12863036,-0.04416181,False
17350,-0.005306538,0.014440026,False
17349,0.05920431,0.20542696,False
17348,0.31222737,-0.06562996,False
17347,-0.8158252,-0.4839412,False
17346,-0.1328938,-0.26510262,False
17319,0.120765775,-0.111366004,False
17345,-0.24364257,0.0029718876,False
17343,-0.0051730387,-0.050699048,False
17342,-0.03448967,-0.00454046,False
17341,0.08989036,-0.10245201,False
17340,0.0028691292,0.12910548,False
17339,-0.013851672,0.16818863,False
17338,0.052411705,-0.04072894,False
17344,-0.0261361,-0.13923731,False
17318,0.025306806,-0.017148364,False
17317,-0.0016101301,0.006190896,False
17316,-0.029466331,0.24494609,False
17297,-0.28680688,-0.22695592,False
17296,-0.02327213,-0.02323827,False
17295,-0.05295849,0.36454606,False
17294,0.017074455,0.0001770028,False
17293,-0.03346552,0.04748381,False
17292,0.0156078935,0.30323595,False
17298,0.0,0.0047204904,False
17291,-0.058207646,-0.06457474,False
17289,-0.21450356,0.1223166,False
17288,-0.7023847,-0.23447084,False
17287,0.0048094653,-0.039900467,False
17286,-0.0038034022,0.088789165,False
17285,0.065494515,0.012730857,False
17284,-0.08939183,-0.09420568,False
17290,0.0,0.0,False
17282,0.013181224,-0.10717415,False
17299,-0.21055426,-0.104246095,False
17301,-0.011990296,-0.011990296,False
17315,-0.018409535,0.04269795,False
17314,-0.18056422,-0.039625764,False
17313,0.0,0.00010414557,False
17312,-0.008757923,-0.008757923,False
17311,0.020238042,-0.014124513,False
17310,0.002656132,-0.092439294,False
17300,-0.076223165,-0.020391062,False
17309,-0.554461,-0.22050333,False
17307,-0.101162046,0.030941486,False
17306,0.033646494,0.009297848,False
17305,-0.009504706,-0.0057614148,False
17304,0.04301153,-0.020686619,False
17303,0.0,0.0,False
17302,0.063823014,-0.042826526,False
17308,0.1291123,-0.16110441,False
17352,0.0,0.0,False
17211,0.101162225,0.037778765,False
17209,-0.009606361,0.012792334,False
17107,0.0,0.0,False
17108,0.0,2.6846748e-05,False
17109,-0.101967394,-0.054145515,False
17110,0.0,0.0,False
17111,-0.28989643,-0.01502347,False
17112,0.011093214,-0.09019913,False
17113,-0.012918351,-0.012918351,False
17114,0.023960829,0.058614373,False
17115,-0.0039062053,0.014004469,False
17116,-0.019121286,-0.014409443,False
17117,-0.24576962,0.17434847,False
17118,0.008893885,-0.038092785,False
17119,-0.02501705,-0.02501705,False
17120,0.0,0.0,False
17121,0.20633349,-0.013741881,False
17122,-0.3782025,0.08407533,False
17123,0.6473346,-1.1721358,False
17137,-0.122754574,0.02534461,False
17136,0.1296978,0.18457174,False
17135,-0.20463505,-0.016774297,False
17134,0.016855355,-0.028551137,False
17133,0.08401987,0.12969673,False
17132,0.13666815,0.06375259,False
17106,0.02875062,-0.00918727,False
17131,-0.059969246,0.002372682,False
17129,-0.116967216,0.08984652,False
17128,0.037739754,0.17033553,False
17127,-0.5668814,-0.059639454,False
17126,-0.14890742,-0.10881698,False
17125,0.072452426,-0.03213063,False
17124,0.018762141,0.042735785,False
17130,-0.005003959,-0.06938454,False
17105,-0.10924051,-0.16462676,False
17104,0.1438992,0.04408583,False
17103,-0.32778072,0.06064844,False
17084,-0.05324304,0.16027498,False
17083,0.03012377,0.21027407,False
17082,0.015214495,-0.0012506375,False
17081,0.0,2.8166056e-05,False
17080,0.08641875,0.08644986,False
17079,-0.03866072,-0.016395062,False
17085,0.11194211,0.13470495,False
17078,-0.0045696497,-0.065247834,False
17076,-0.08949953,-0.047551036,False
17075,0.03994137,0.13246095,False
17074,-0.027931333,-0.42685747,False
17073,-0.024583746,-0.024583746,False
17072,-0.048326522,-0.048326522,False
17071,0.0008982979,-0.0019958839,False
17077,0.04529053,-0.052970707,False
17138,0.24203756,0.003079027,False
17086,0.05694887,0.08400211,False
17088,0.0,0.0,False
17102,-0.01638709,0.038310684,False
17101,-0.0022178553,-0.047956146,False
17100,-0.11705166,-0.072891414,False
17099,-0.062568486,-0.2727415,False
17098,0.23346412,0.0008139014,False
17097,0.032206893,0.15453237,False
17087,-0.38384795,-0.363086,False
17096,-0.00483229,-0.00483229,False
17094,-0.03744994,-0.18612039,False
17093,0.008351311,-0.005109259,False
17092,-0.08363891,0.23973262,False
17091,-0.026296377,-0.19139194,False
17090,-0.012245478,-0.012242808,False
17089,0.004147649,-0.03704863,False
17095,-0.207255,-0.51577425,False
17210,-0.23418278,-0.13814598,False
17139,0.119121864,0.017076746,False
17141,-0.06706607,-0.21724558,False
17178,0.0,0.0,False
17179,-0.018777408,-0.018777408,False
17180,0.0,0.0,False
17181,-0.29587555,0.20496249,False
17182,0.18207419,0.123577,False
17183,-0.01149857,0.13275778,False
17184,-0.71609473,-0.74102306,False
17185,-0.03298086,0.0068286657,False
17186,-0.18888867,-0.17343724,False
17187,-0.017183214,-0.10883406,False
17188,0.15508771,0.27879357,False
17189,-0.009021534,-0.009021534,False
17190,-0.005266782,-0.036729865,False
17191,0.120099306,0.06694576,False
17192,0.15583414,0.07686877,False
17193,0.059742115,-0.05497424,False
17194,0.04835948,-0.034015846,False
17208,0.0019447207,-0.05656147,False
17207,-0.0076943636,0.015079215,False
17206,0.10310823,0.06528348,False
17205,-0.04828179,0.076639384,False
17204,-0.18610263,-0.0061895847,False
17203,0.0065998137,-0.028032491,False
17177,0.06518741,-0.009501189,False
17202,0.12786144,-0.06324798,False
17200,-0.052099735,0.020474225,False
17199,-0.1308068,-0.4032085,False
17198,-0.46830976,-0.061959743,False
17197,-0.10016912,-0.0662649,False
17196,-0.027273446,0.05566889,False
17195,0.17985687,0.066707045,False
17201,0.03867722,-0.051527876,False
17176,0.017331071,-0.03644703,False
17175,-0.024129817,0.030593116,False
17174,-0.074501276,-0.086475484,False
17155,-0.201727,-0.005862236,False
17154,-0.0072819144,0.039407454,False
17153,0.1095742,0.02944231,False
17152,-0.13870713,0.010457188,False
17151,-0.016677618,-0.035883427,False
17150,0.022384107,-0.19251963,False
17156,-0.0770849,-0.035041884,False
17149,0.04507482,-0.0002860725,False
17147,-0.05009818,0.011360973,False
17146,-0.0380864,-0.029969111,False
17145,-0.14150071,0.11625737,False
17144,-0.16812259,-0.19937783,False
17143,0.056159735,-0.0106287,False
17142,-0.044093654,0.007113844,False
17148,0.070305586,-0.051888525,False
17140,-0.019539338,-0.019522604,False
17157,-3.144145e-05,-0.070771486,False
17159,0.061113805,-0.016891915,False
17173,0.006316781,0.13769698,False
17172,-0.07790947,-0.28046286,False
17171,0.05244106,-0.14653182,False
17170,-0.032425005,-0.031880006,False
17169,0.0,0.0,False
17168,0.09448564,0.22056308,False
17158,0.016979873,0.075458914,False
17167,0.0,0.0,False
17165,0.030583914,-0.010754795,False
17164,0.010671645,0.038629513,False
17163,0.0063753445,0.06880615,False
17162,-0.12426692,0.03793627,False
17161,-0.38568038,-0.6737624,False
17160,-0.17958081,-0.06901121,False
17166,-0.009329235,-0.0016870103,False
17353,0.062040016,0.11410934,False
17354,0.04147092,0.03464915,False
17355,0.17753905,0.1434657,False
17535,-0.14092302,0.044535518,False
17536,0.09116459,-0.14316645,False
17537,0.0,0.0,False
17538,-0.15828106,0.18218195,False
17539,-0.03982109,-0.29246992,False
17540,0.020321608,-0.03481783,False
17541,0.27435946,0.0263924,False
17542,0.015261686,3.7683585e-05,False
17543,-0.02566509,0.004990548,False
17544,0.13700733,0.023019135,False
17545,0.17362432,0.14844151,False
17546,0.06785801,-0.081767276,False
17547,-0.06013912,-0.017930448,False
17548,-0.062381297,0.19394076,False
17549,0.0,0.0,False
17550,0.2787361,-0.15101182,False
17551,-0.01395981,-0.031276435,False
17565,0.14403075,0.03805834,False
17564,-0.0504556,-0.015932195,False
17563,-0.0530949,-0.06352857,False
17562,-0.3820777,0.10649145,False
17561,0.026112348,-0.054367892,False
17560,-0.053159535,-0.029301733,False
17534,-0.21633881,0.10801834,False
17559,0.023248408,-0.024763476,False
17557,0.0044220686,0.081582084,False
17556,-0.17759207,0.03599763,False
17555,0.24613595,0.07321271,False
17554,0.14271653,-0.06707302,False
17553,0.11993486,-0.08604178,False
17552,0.008423269,0.09925088,False
17558,-0.021343447,-0.014447838,False
17533,0.15421444,-0.048746765,False
17532,-0.056631804,-0.609476,False
17531,0.08691144,0.03190276,False
17512,0.023495913,-0.18749309,False
17511,0.2895388,-0.024500966,False
17510,0.1857984,0.13892841,False
17509,0.0014361739,-0.025764585,False
17508,0.0,0.00018771469,False
17507,-0.009665851,0.0051665343,False
17513,0.006682694,0.16396296,False
17506,0.062392235,0.035468876,False
17504,0.051494822,-0.026729926,False
17503,-0.00037615746,0.018204473,False
17502,-0.053984493,0.19740134,False
17501,0.15351975,0.29311538,False
17500,-0.0037567792,-0.0037567792,False
17499,0.02218756,-0.057201385,False
17505,0.043201312,-0.064584844,False
17566,-0.05008796,-0.2730002,False
17514,0.001545094,0.059048258,False
17516,-0.051632643,-0.0018843412,False
17530,-0.12718049,0.111174524,False
17529,-0.009806342,-0.008336191,False
17528,-0.39123935,-0.26895773,False
17527,-0.0026584566,-0.035209276,False
17526,-0.13180017,-0.14805293,False
17525,0.0106395,-0.01981097,False
17515,0.10115227,0.0076574385,False
17524,-0.054998636,-0.06231332,False
17522,0.051371887,-0.14852406,False
17521,-0.0131532755,-0.012964969,False
17520,-0.28368604,-0.09620726,False
17519,-0.08346939,-0.017469406,False
17518,0.033572093,0.010901809,False
17517,-0.34384513,-0.026900828,False
17523,0.014122061,0.03102041,False
17498,0.0014041364,-0.0235143,False
17567,0.1395433,0.12949234,False
17569,-0.03981413,-0.0086275935,False
17606,-0.07860086,-0.13805127,False
17607,0.08495483,-0.10254072,False
17608,-0.050199963,0.01542072,False
17609,-0.04908088,-0.00014227629,False
17610,0.004365977,-0.060423017,False
17611,-0.009869278,-0.009869278,False
17612,-0.012819187,-0.008357662,False
17613,-0.004976383,-0.00459078,False
17614,-0.013128838,-0.03176132,False
17615,-0.027028233,-0.05913903,False
17616,0.16189799,-0.06201139,False
17617,-0.011171449,-0.027752748,False
17618,0.088700026,0.020982087,False
17619,-0.10172166,0.021137789,False
17620,-0.012185946,-0.05079636,False
17621,0.0,0.0,False
17622,-0.08576518,-0.041362226,False
17636,0.09269068,-0.022005528,False
17635,0.0,0.0,False
17634,0.007518679,0.10552001,False
17633,-0.1026372,-0.030716985,False
17632,0.019694716,0.0033618808,False
17631,-0.25820744,-0.2741456,False
17605,-0.0721885,-0.14095184,False
17630,-0.20086285,-0.18867812,False
17628,0.04553833,-0.019230006,False
17627,0.020343408,0.00966984,False
17626,-0.030752674,-0.006105557,False
17625,-0.058802944,-0.003766425,False
17624,-0.08726312,-0.020042986,False
17623,-0.008378897,-0.053329583,False
17629,0.008182019,-0.044246525,False
17604,-0.050366722,-0.08079402,False
17603,0.022282364,0.0,False
17602,-0.03649947,-0.18411204,False
17583,-0.2655685,-0.17080665,False
17582,0.2359561,0.03243223,False
17581,-0.0034191012,-0.014523163,False
17580,0.033939023,0.04569674,False
17579,0.14931422,0.035759866,False
17578,-0.00052042305,0.0204883,False
17584,-0.16682816,-0.23372483,False
17577,-0.0031675547,0.029653087,False
17575,-0.010047766,-0.010047766,False
17574,0.037050605,-0.24658853,False
17573,-0.061034024,0.016621798,False
17572,0.07695246,-0.097005844,False
17571,0.041237593,-0.23966742,False
17570,-0.26005977,-0.048510373,False
17576,-0.097468436,0.022646964,False
17568,-0.28386605,-0.20950449,False
17585,0.37867546,0.1237421,False
17587,0.018801093,-0.03835784,False
17601,-0.070079744,0.04466206,False
17600,0.0,0.0011227982,False
17599,0.12312925,-0.06535959,False
17598,0.051025897,-0.0004056096,False
17597,-0.047973186,-0.12792072,False
17596,-0.0046175816,-0.0046175816,False
17586,-0.06432332,-0.060237058,False
17595,0.09019819,0.084076315,False
17593,-0.0938105,-0.010094017,False
17592,-0.027871845,-0.0154522965,False
17591,0.0025311,-0.023399247,False
17590,0.032434866,-0.013732016,False
17589,0.022542447,0.032367915,False
17588,-0.009521563,-0.009406591,False
17594,-0.051968038,0.1206364,False
17497,0.16472936,0.23502076,False
17496,-0.01255396,-0.012865841,False
17495,-0.09942974,-0.04852283,False
17392,0.04332584,-0.14575306,False
17393,-0.10165393,-0.12094003,False
17394,0.09861636,0.20499766,False
17395,-0.18316123,0.044249207,False
17396,0.0037741177,-0.033804405,False
17397,-0.17551231,0.24320793,False
17398,-0.024003983,0.20950794,False
17399,0.019747913,0.03665471,False
17400,-0.10849053,0.17883837,False
17401,-0.35824263,-0.0388062,False
17402,0.0,0.00184902,False
17403,-0.3785324,0.3111968,False
17404,0.015884344,-0.0043655983,False
17405,0.14131975,-0.08169985,False
17406,-0.090672195,0.10637486,False
17407,-0.012213759,-0.034613572,False
17408,0.0,0.0,False
17422,0.0054595172,-0.09629224,False
17421,-0.014252292,-0.032890994,False
17420,0.0,0.0,False
17419,0.09132984,-0.036307096,False
17418,-0.0050101043,-0.0050101043,False
17417,0.02962662,-0.014012858,False
17391,-0.21988428,0.023139715,False
17416,-0.02203986,-0.06486395,False
17414,0.0,0.0,False
17413,0.018927846,0.00061756745,False
17412,-0.031313326,0.00074280053,False
17411,0.00792905,-0.014550277,False
17410,0.0,0.0,False
17409,-0.010079092,-0.010079092,False
17415,-0.01458914,-0.03363369,False
17390,-0.088338256,0.022951245,False
17389,-0.08925688,-0.19267964,False
17388,0.061725125,-0.008452108,False
17369,0.023649275,-0.008249557,False
17368,0.05558467,0.039212108,False
17367,-0.0035024756,-0.0035024756,False
17366,-0.19072545,-0.25004488,False
17365,-0.23140621,-0.094338775,False
17364,0.41697705,-0.70111144,False
17370,-0.04140147,-0.04037021,False
17363,-0.025150785,-0.01880283,False
17361,0.049045485,-0.0216254,False
17360,0.02492237,-0.09970188,False
17359,-0.114860296,-0.005599916,False
17358,-0.0019882023,-0.12444177,False
17357,-0.09074336,-0.11467382,False
17356,0.06674641,0.11403006,False
17362,0.029156681,-0.014829155,False
17423,0.0132243335,-0.00938338,False
17371,-0.041540444,-0.16946441,False
17373,-0.08579235,-0.15269509,False
17387,0.55150104,0.70982075,False
17386,-0.078722,0.14196873,False
17385,0.02980493,-0.013620034,False
17384,-0.030581333,0.010515265,False
17383,-0.17893374,-0.03013122,False
17382,-0.13071725,0.23500568,False
17372,0.069586515,0.08996585,False
17381,-0.05371937,-0.021366939,False
17379,0.05170988,-0.022730287,False
17378,0.0921953,-0.1636428,False
17377,0.032845557,-0.052779436,False
17376,-0.18406212,0.07838392,False
17375,-0.07492137,-0.019112766,False
17374,-0.06263602,-0.017792553,False
17380,0.10149568,-0.09867245,False
17424,-0.019035578,-0.019035578,False
17425,0.019042337,-0.025712648,False
17426,-0.006139189,-0.047217928,False
17476,-0.018766489,0.019220412,False
17475,-0.08269769,0.13814884,False
17474,-0.21636009,0.002881527,False
17473,0.11761698,-0.019192025,False
17472,-0.05205798,-0.030070275,False
17471,-0.013787296,-0.013787296,False
17477,0.09684079,0.07527936,False
17470,0.0053853467,0.06893065,False
17468,-0.30034387,-0.045595884,False
17467,-0.0354459,0.043945506,False
17466,-0.12139648,-0.097250134,False
17465,0.005310163,0.041730717,False
17464,0.008162681,-0.014778867,False
17463,0.2021891,-0.019015878,False
17469,-0.008445253,-0.008445253,False
17462,-0.03256701,-0.09112979,False
17478,0.007331282,0.01228033,False
17480,0.036525026,-0.06034654,False
17494,-0.014575258,-0.027484767,False
17493,0.0012191087,-0.028352156,False
17492,0.0,0.0,False
17491,-0.0050458326,-0.0020036912,False
17490,-0.08189581,-0.06778997,False
17489,0.017225146,0.15666169,False
17479,0.11472744,0.07445273,False
17488,0.05571696,0.021103978,False
17486,0.1324425,-0.07917705,False
17485,0.026437193,-0.06941494,False
17484,-0.1298084,0.19581574,False
17483,-0.0345712,-0.0108248815,False
17482,0.021553755,0.33136076,False
17481,0.05150196,0.09632707,False
17487,0.015529938,-0.00492022,False
15932,-0.27426553,-0.09709895,False
17461,-0.0030100942,-0.03705311,False
17459,-0.004450619,0.0014511943,False
17440,0.0040524285,-0.017908838,False
17439,0.008838229,-0.01435579,False
17438,0.018041657,-0.018673034,False
17437,-0.014437864,-0.014437864,False
17436,0.005604578,-0.017846124,False
17435,-0.019498512,0.11294554,False
17441,-0.04077008,-0.048904996,False
17434,0.0,0.0,False
17432,0.0,0.0,False
17431,0.06439872,-0.030247882,False
17430,-0.04351332,-0.0368289,False
17429,0.048568435,-0.033358358,False
17428,-0.010102447,-0.031636808,False
17427,0.0060816305,-0.015004882,False
17433,0.13863087,0.05375299,False
17460,-0.144294,-0.104821354,False
17442,-0.029191388,-0.029062077,False
17444,-0.014928771,-0.014928771,False
17458,-0.30899465,-0.44853157,False
17457,-0.018675186,-0.018675186,False
17456,0.01265878,-0.02916647,False
17455,-0.028634202,-0.049505845,False
17454,0.11641446,-0.03432694,False
17453,-0.06300068,-0.15616745,False
17443,-0.008234985,0.079307996,False
17452,0.09516242,-0.019170761,False
17450,0.014131494,-0.028677216,False
17449,0.042314406,-0.041127477,False
17448,0.12564138,-0.080740124,False
17447,0.031772166,0.11033343,False
17446,-0.09849706,0.17752135,False
17445,-0.008061159,-0.008059266,False
17451,0.020943524,-0.017229656,False
15931,-0.1546891,0.08587617,False
15930,-0.0051122904,-0.0051122904,False
15929,-0.043051958,-0.06928539,False
14405,0.0,0.0005223892,False
14406,-0.07637179,-0.17011344,False
14407,-0.07616794,-0.23288107,False
14408,-0.09737551,-0.04633069,False
14409,0.06814283,-0.021917284,False
14410,-0.11581588,-0.012841105,False
14411,0.0033701733,-0.034140166,False
14412,0.059235007,-0.02456218,False
14413,-0.11480187,-0.17622633,False
14414,-0.03655888,0.064219974,False
14415,0.0022564381,-0.05400513,False
14416,0.0,8.436862e-05,False
14417,-0.056387007,-0.1470809,False
14418,-0.063931614,0.04180479,False
14419,-0.013181239,-0.002187878,False
14420,-0.030300558,0.071887344,False
14421,0.029159628,-0.033749312,False
14435,-0.10695124,-0.0039017498,False
14434,-0.0020674765,0.047474936,False
14433,0.0022049174,-0.0761551,False
14432,-0.00990586,-0.00990586,False
14431,-0.026586946,-0.043022357,False
14430,0.018280953,-0.013761219,False
14404,-0.10359523,-0.005601734,False
14429,-0.02333337,-0.01157856,False
14427,-0.060998484,-0.00542593,False
14426,-0.020610342,-0.020610342,False
14425,0.039400816,0.0030283332,False
14424,0.0,0.001827324,False
14423,-0.017054155,-0.062018424,False
14422,0.050214708,0.1553235,False
14428,0.09050834,-0.06594242,False
14403,-0.28757417,-0.19308853,False
14402,-0.05433747,-0.114232235,False
14401,-0.03610909,-0.10662255,False
14382,-0.03887303,-0.037256368,False
14381,-0.01778356,0.104212455,False
14380,-0.10581271,-0.067109525,False
14379,-0.124785244,-0.07157886,False
14378,0.15374249,0.04387611,False
14377,-0.054950744,0.062048703,False
14383,0.17559248,-0.04567489,False
14376,-0.26401913,-0.089865565,False
14374,0.024529323,0.03878151,False
14373,-0.10459006,-0.15590793,False
14372,-0.2699008,-0.36480713,False
14371,-0.045993745,-0.28873408,False
14370,-0.13465154,-0.051484704,False
14369,-0.028854832,-0.07244116,False
14375,-0.061000437,0.21307398,False
14436,0.05403948,0.071594596,False
14384,0.28531104,-0.034454495,False
14386,0.0030424725,-0.014188146,False
14400,-0.026857942,-0.16567646,False
14399,-0.38488436,-0.10392094,False
14398,-0.08037138,0.16560745,False
14397,-0.31968114,-0.038060904,False
14396,-0.046279073,-0.013681829,False
14395,-0.15157986,-0.3386073,False
14385,0.016496435,0.045806885,False
14394,-0.35134506,0.040905952,False
14392,0.1518498,-0.14647353,False
14391,-0.1310361,0.012219012,False
14390,0.091832876,0.05916667,False
14389,0.0053902604,-0.05470942,False
14388,-0.6534722,-0.41222966,False
14387,0.011295483,-0.009759872,False
14393,-0.11203581,0.102638006,False
14368,0.06250724,-0.20756859,False
14437,0.014975041,-0.03816372,False
14439,-0.14968066,-0.09703119,False
14476,-0.051539898,-0.20529926,False
14477,-0.03489554,-0.09485549,False
14478,-0.0031095147,-0.16474222,False
14479,-0.07199526,0.11967337,False
14480,-0.030691773,-0.026638363,False
14481,0.029066637,-0.11276373,False
14482,0.143492,0.065426305,False
14483,0.40782416,0.17939925,False
14484,-0.25685012,-0.31630516,False
14485,0.04785819,-0.03096299,False
14486,0.08245504,0.20845616,False
14487,-0.05645074,-0.045793295,False
14488,-0.040969063,-0.013835929,False
14489,-0.029843483,-0.004163636,False
14490,-0.05656835,-0.050603647,False
14491,0.29406863,-0.039011657,False
14492,-0.058689356,-0.34732875,False
14506,-0.018019646,-0.017578755,False
14505,-0.004874474,0.10693398,False
14504,0.0,0.0,False
14503,-0.009904066,-0.009904066,False
14502,-0.16108875,-0.19534916,False
14501,-0.004707792,-0.004707792,False
14475,0.1428466,-0.044942483,False
14500,-0.0043144925,-0.0043144925,False
14498,-0.0394294,-0.0394294,False
14497,0.34990156,0.34990275,False
14496,-0.45150036,-0.105222106,False
14495,-0.06813669,-0.06979186,False
14494,-0.045596212,-0.07904571,False
14493,0.0,0.0,False
14499,-0.03539352,-0.07700205,False
14474,-0.26991832,-0.16161251,False
14473,0.0,1.2762755e-05,False
14472,-0.020554986,-0.017917503,False
14453,-0.015039943,0.02878736,False
14452,-0.16341102,-0.050292492,False
14451,-0.019192338,-0.019179342,False
14450,-0.003057003,-0.16606934,False
14449,-0.04360953,0.019584775,False
14448,0.2044115,0.23115063,False
14454,0.038772218,-0.02597665,False
14447,0.0,4.8825423e-05,False
14445,0.015674628,0.0,False
14444,0.13345242,-0.03260529,False
14443,0.09034525,0.016234264,False
14442,0.03443565,0.24857098,False
14441,0.006802758,-0.007751656,False
14440,0.0132224485,0.23157471,False
14446,-0.23416853,-0.14179015,False
14438,0.053438216,-0.13592415,False
14455,0.022170972,0.0,False
14457,0.06401846,-0.051009923,False
14471,0.021387992,0.0,False
14470,0.029904962,-0.057510614,False
14469,-0.005066733,-0.005066733,False
14468,-0.11330962,0.09617734,False
14467,0.079395145,0.12849554,False
14466,-0.07491812,-0.026373327,False
14456,0.08177037,-0.049148668,False
14465,0.0,0.0,False
14463,0.0,0.0,False
14462,-0.019141495,0.0043108463,False
14461,-0.12380946,0.34181857,False
14460,0.021990001,-0.1368851,False
14459,-0.04632759,-0.057462335,False
14458,0.0052396525,-0.014315522,False
14464,0.045174368,-0.025760565,False
14507,-0.004784495,0.03907653,False
14367,-0.050054014,-0.2477257,False
14365,-0.29497546,-0.23840511,False
14263,0.004983686,-0.0043330565,False
14264,-0.013020307,-0.030707866,False
14265,-0.07887672,-0.09869395,False
14266,0.006294489,0.093985796,False
14267,0.0259628,-0.020906005,False
14268,-0.045821458,-0.18967727,False
14269,-0.05684305,-0.0047006607,False
14270,-0.37248826,-0.4700215,False
14271,-0.5792773,-0.363832,False
14272,-0.055189133,-0.3382969,False
14273,-0.16557747,-0.05327934,False
14274,-0.010175878,-0.010175878,False
14275,-0.10147214,-0.122566104,False
14276,-0.17514539,-0.15252596,False
14277,-0.019550936,-0.019096132,False
14278,-0.20405594,-0.11045155,False
14279,-0.05538124,-0.003573954,False
14293,-0.005140204,0.045010537,False
14292,0.07369685,-0.119236946,False
14291,-0.1853745,0.45142186,False
14290,0.037291527,-0.15999413,False
14289,-0.042324126,-0.16214615,False
14288,-0.013600258,-0.009988158,False
14262,0.0020250678,0.064178646,False
14287,-0.017975122,0.046875566,False
14285,0.11219823,0.30843806,False
14284,-0.021219254,-0.11444378,False
14283,-0.08695176,-0.07831289,False
14282,0.03667879,-0.50175977,False
14281,0.121626616,-0.3356204,False
14280,-0.04460156,-0.15416956,False
14286,-0.022096068,-0.061649244,False
14261,0.13390665,-0.047453903,False
14260,-0.03201258,0.021225035,False
14259,0.040633082,-0.1745883,False
14240,-0.053060457,-0.19255267,False
14239,-0.1982547,-0.004715681,False
14238,-0.11528313,-0.13241088,False
14237,0.2616458,0.17221999,False
14236,0.0035206284,-0.01935994,False
14235,0.0080361515,0.014718942,False
14241,-0.107210815,0.05418712,False
14234,0.04766427,0.024822041,False
14232,-0.17426896,-0.12244362,False
14231,0.12247121,-0.117717385,False
14230,-0.1631875,-0.02740097,False
14229,0.022352636,0.20443434,False
14228,-0.15765792,-0.15079278,False
14227,-0.0133062005,0.13951325,False
14233,0.12499201,0.033970535,False
14294,-0.0325709,1.0671799,False
14242,-0.0179267,-0.019593533,False
14244,0.022806635,0.0,False
14258,0.08756864,-0.030023694,False
14257,0.098210335,0.1407209,False
14256,-0.005716348,-0.022516508,False
14255,-0.08141667,-0.07965183,False
14254,-0.008054674,0.025608212,False
14253,-0.0049009644,-0.0049009644,False
14243,-0.04802347,0.027632378,False
14252,-0.07257438,0.0056432486,False
14250,0.03425249,-0.0044401633,False
14249,-0.0007672906,0.12486023,False
14248,-0.084138095,-0.016921103,False
14247,0.14169395,-0.06693745,False
14246,0.561944,-0.13199878,False
14245,0.017094925,0.0052794255,False
14251,-0.009799601,-0.009799601,False
14366,-0.20244646,-0.18698066,False
14295,-0.015035868,0.087085724,False
14297,0.017413171,-0.0014228714,False
14334,0.039695878,0.013964064,False
14335,0.1965164,0.43765628,False
14336,-0.017634101,-0.05199937,False
14337,-0.057341576,0.12925386,False
14338,-0.0050472263,-0.0050472263,False
14339,-0.009566368,-0.009566368,False
14340,0.15865153,0.015384107,False
14341,-0.009372501,-0.009372501,False
14342,-0.030535698,-0.0639863,False
14343,-0.082776904,0.048685044,False
14344,-0.032687306,-0.08015375,False
14345,0.114328444,0.28219187,False
14346,-0.019411251,-0.017666085,False
14347,-0.028717518,0.4014392,False
14348,-0.09340044,-0.09817042,False
14349,0.0059695244,-0.31902313,False
14350,-0.0043983124,-0.0043983124,False
14364,-0.0340468,-0.044128716,False
14363,-0.037239224,-0.05512328,False
14362,-0.0061683096,-0.028523136,False
14361,0.03015755,-0.01437808,False
14360,0.064473614,-0.046701662,False
14359,-0.006144583,-0.032789584,False
14333,0.15398264,0.022345662,False
14358,0.0,0.00059070444,False
14356,-0.20506144,-0.1722821,False
14355,0.12690136,-0.08782305,False
14354,0.10093844,0.042325437,False
14353,-0.005071258,-0.005071258,False
14352,-0.062082052,0.07663393,False
14351,-0.03599357,-0.028964467,False
14357,-0.09675345,-0.13301149,False
14332,-0.005111042,-0.005111042,False
14331,0.031387467,-0.031713333,False
14330,-0.068241596,-0.095504284,False
14311,-0.026604345,-0.015928224,False
14310,0.10437849,-0.051917326,False
14309,0.0,0.0,False
14308,-0.044572204,-0.03943382,False
14307,0.0154887065,-0.028609134,False
14306,-0.018774379,-0.018774379,False
14312,-0.12696004,-0.086458325,False
14305,0.0,0.0,False
14303,0.019726574,-0.13452086,False
14302,-0.008804688,-0.008483263,False
14301,0.03281507,-0.17296651,False
14300,-0.014556579,-0.09780384,False
14299,-0.008921531,-0.008921531,False
14298,-0.023369275,-0.067059934,False
14304,0.025634266,-0.04324179,False
14296,0.017963938,-0.0045379857,False
14313,-0.10710597,-0.06966722,False
14315,-0.099705935,0.12016556,False
14329,0.08466029,0.122421026,False
14328,-0.018897219,-0.018897219,False
14327,-0.0015897751,-0.21784925,False
14326,0.0,0.0,False
14325,0.058951825,-0.08788097,False
14324,-0.008601159,0.0033600302,False
14314,0.044554785,0.00043328106,False
14323,0.119853735,0.011047602,False
14321,-0.07495166,0.08183549,False
14320,0.14961112,0.048755407,False
14319,0.02020827,-0.11358319,False
14318,0.010282127,-0.027045311,False
14317,0.13860899,0.06011319,False
14316,-0.0665251,0.027031898,False
14322,0.06951691,-0.008697435,False
14226,0.054561466,-0.0048945546,False
14508,-0.014336081,-0.010418991,False
14510,0.0232151,-0.01871515,False
14689,-0.061777264,-0.0010628402,False
14690,-0.09343648,-0.11085151,False
14691,-0.026345756,-0.06046728,False
14692,0.10049167,0.16823551,False
14693,-0.13719815,-0.045495376,False
14694,0.01934725,0.018362463,False
14695,-0.031490862,0.0053808093,False
14696,0.09008026,-0.12158258,False
14697,-0.080669016,-0.035428673,False
14698,-0.067978114,-0.14345744,False
14699,0.08102737,-0.052439302,False
14700,-0.096248984,-0.028838158,False
14701,-0.029466927,0.013632581,False
14702,0.00892432,0.07571627,False
14703,0.22462708,-0.10686234,False
14704,-0.05241113,0.057373643,False
14705,-0.05288054,0.06788477,False
14719,0.055232942,-0.132952,False
14718,-0.005485328,0.052130286,False
14717,0.012283748,-0.0049591395,False
14716,-0.018552374,-0.048499037,False
14715,0.012649147,-0.0045068976,False
14714,-0.08427433,0.058075055,False
14688,-0.15233758,-0.14381278,False
14713,-0.13570088,0.007803917,False
14711,-0.032276094,-0.04569731,False
14710,0.0076577496,-0.013767234,False
14709,-0.13302213,0.11352193,False
14708,-0.028850794,0.041242927,False
14707,-0.07213858,0.063880995,False
14706,-0.082134426,-0.11912191,False
14712,0.0,0.030268734,False
14687,0.06973305,0.015898079,False
14686,0.02804017,0.046788335,False
14685,0.04525444,-0.12802626,False
14666,0.06746738,-0.05897796,False
14665,-0.04688793,-0.028131288,False
14664,-0.042692393,-0.07390876,False
14663,-0.0036866323,-0.0035895396,False
14662,-0.02237941,0.012841634,False
14661,0.025511168,-0.013666734,False
14667,-0.015818274,-0.0356774,False
14660,-0.008179514,-0.008179514,False
14658,0.038475126,0.15439239,False
14657,0.04365062,0.10847665,False
14656,0.017766299,-0.0048540905,False
14655,0.026042938,-0.37898302,False
14654,0.061927333,0.07343303,False
14653,0.036308937,-0.031486183,False
14659,0.016981088,-0.0049313186,False
14720,-0.04286802,-0.15991946,False
14668,0.0,0.0,False
14670,0.025069766,-0.042002372,False
14684,0.06841639,-0.0016077273,False
14683,-0.012509089,-0.012509089,False
14682,-0.008627079,0.025682762,False
14681,-0.023800462,-0.1676459,False
14680,-0.045256853,-0.028421089,False
14679,0.115883276,0.23263825,False
14669,-0.00158507,-0.020044431,False
14678,-0.4258188,-0.13316101,False
14676,-0.046166852,-0.09055368,False
14675,0.049841106,-0.03113547,False
14674,0.013879806,-0.04726981,False
14673,-0.21293238,-0.013265431,False
14672,0.0197468,0.0,False
14671,0.009206191,-0.030886386,False
14677,-0.005005653,-0.005005653,False
14652,0.06444639,-0.04773477,False
14721,0.043978587,-0.018103074,False
14723,0.005561989,0.1117553,False
14760,-0.056093305,-0.10114169,False
14761,-0.007964083,-0.007964083,False
14762,0.026583672,-0.034861214,False
14763,0.05427186,-0.0017690035,False
14764,0.0,0.00015964672,False
14765,0.16095701,0.14812306,False
14766,-0.005086966,0.0078585595,False
14767,0.0,0.0003648992,False
14768,-0.023826053,-0.023826053,False
14769,-0.06681508,0.12261921,False
14770,-0.0066593587,-0.036910716,False
14771,-0.28071702,-0.17639804,False
14772,0.030438226,-0.03313177,False
14773,-0.004879865,-0.0046511847,False
14774,0.05258122,-0.027849704,False
14775,0.01376502,-0.0092788115,False
14776,0.05671838,0.1936127,False
14790,-0.02616328,0.04237908,False
14789,0.012847364,0.09693858,False
14788,0.0,0.0,False
14787,0.015188748,-0.020751072,False
14786,0.0,0.0,False
14785,-0.021799207,-0.021799207,False
14759,0.0,0.0,False
14784,-0.07438627,-0.09402783,False
14782,-0.006067604,-0.0612102,False
14781,0.0038546678,-0.019969001,False
14780,-0.03265217,-0.034608066,False
14779,0.0,0.0,False
14778,-0.013547599,-0.06643687,False
14777,-0.0048698788,-0.0048698788,False
14783,0.0,0.00065681135,False
14758,-0.027598726,-0.026981799,False
14757,0.0076275542,-0.033764955,False
14756,0.021137785,-0.038601026,False
14737,-0.012244344,-0.14536688,False
14736,0.09690207,-0.007973377,False
14735,0.001413703,-0.0030840486,False
14734,0.034673274,-0.047997314,False
14733,0.30036116,0.14780498,False
14732,-0.05103825,-0.03960965,False
14738,-0.032410026,0.054291278,False
14731,0.011541992,0.047088504,False
14729,-0.06663868,0.03305678,False
14728,9.664148e-05,-0.0798021,False
14727,-0.42032135,-0.18915403,False
14726,0.0011749864,-0.21993051,False
14725,-0.008165896,-0.113238096,False
14724,-0.25816965,-0.06795907,False
14730,0.015544981,0.018794619,False
14722,-0.07151255,0.06425927,False
14739,-0.0478009,-0.003114313,False
14741,-0.060906127,-0.095790714,False
14755,0.0,0.0,False
14754,-0.022648666,-0.022648666,False
14753,0.1191507,0.20662135,False
14752,0.029378325,-0.01565829,False
14751,-0.040046606,-0.06292835,False
14750,-0.045602024,-0.25092685,False
14740,0.06476438,-0.0030673444,False
14749,0.023314921,0.034146003,False
14747,0.00074311905,-0.011400549,False
14746,-0.09784427,-0.113520555,False
14745,-0.004905125,-0.003208337,False
14744,-0.09584987,-0.057740927,False
14743,-0.009848737,-0.0027360283,False
14742,-0.04769568,0.024985582,False
14748,-0.092203625,-0.15074894,False
14509,-0.04178886,0.021935478,False
14651,0.07871938,-0.31647038,False
14649,0.10239121,0.12715945,False
14547,0.054884538,-0.013300583,False
14548,-0.023515701,0.10582304,False
14549,-0.027081534,-0.095524155,False
14550,0.029857993,0.15965438,False
14551,-0.00093582086,-0.014353075,False
14552,-0.043482155,0.048078015,False
14553,-0.27434802,-0.01229465,False
14554,-0.17359114,-0.33224803,False
14555,0.02823919,-0.08016503,False
14556,0.01745075,-0.22294697,False
14557,0.016741803,-0.0014173985,False
14558,0.0,0.0,False
14559,-0.17966688,-0.22002697,False
14560,0.006329015,0.0035389736,False
14561,0.039447635,0.11323099,False
14562,-0.030215435,-0.052557144,False
14563,-0.08867447,-0.0345795,False
14577,-0.08656302,-0.11324982,False
14576,-0.063562155,-0.14277506,False
14575,0.008858316,-0.034302432,False
14574,0.009232096,0.0575129,False
14573,0.0028165858,-0.018724767,False
14572,0.0010979287,-0.03766582,False
14546,-0.253152,-0.4822716,False
14571,-0.0060368925,0.09964965,False
14569,-0.013080623,-0.056142658,False
14568,-0.105436206,0.016997814,False
14567,-0.0049826372,-0.0049826372,False
14566,0.017029453,-0.0050570443,False
14565,-0.05124695,0.007923044,False
14564,-0.0011333823,0.04979837,False
14570,-0.019056221,-0.019056221,False
14545,-0.04104732,-0.1212587,False
14544,-0.36285782,-0.5914508,False
14543,0.0026957653,-0.015020711,False
14524,0.0,0.0,False
14523,0.045288436,0.019796386,False
14522,0.04019612,0.03311664,False
14521,0.0,0.0060342266,False
14520,0.32952738,-0.26915407,False
14519,-0.24262655,-0.018628836,False
14525,0.0141745545,-0.008832445,False
14518,-0.06621015,-0.47117472,False
14516,-0.09427357,-0.13566679,False
14515,0.09059057,0.04710655,False
14514,0.16601115,0.04506111,False
14513,-0.041238725,-0.081852734,False
14512,-0.016982079,-0.21606737,False
14511,-0.0777232,0.06854409,False
14517,0.019105881,-0.016950816,False
14578,-0.0030955672,0.09305352,False
14526,0.0,0.00013562645,False
14528,-0.00899199,-0.005884502,False
14542,0.33215195,0.53104216,False
14541,-0.013910236,-0.013346439,False
14540,-0.00928852,0.0464288,False
14539,-0.03103849,-0.030243762,False
14538,-0.014222877,-0.014222877,False
14537,-0.157606,-0.14760673,False
14527,0.0,0.0,False
14536,0.027052522,0.19070971,False
14534,0.06285471,-0.037243158,False
14533,-0.050921813,0.08396569,False
14532,0.003331812,-0.01946112,False
14531,0.026555426,-0.03273359,False
14530,-0.1824555,0.09886953,False
14529,-0.030834615,0.011502206,False
14535,0.005733609,0.0073262453,False
14650,0.07285848,-0.06716588,False
14579,0.027436458,0.032210015,False
14581,-0.0049804756,-0.0024573305,False
14618,-0.018415183,0.05537975,False
14619,-0.09234783,-0.051797643,False
14620,-0.010231327,-0.010138765,False
14621,0.16558398,0.16526057,False
14622,0.0885711,0.07381593,False
14623,0.024302125,-0.16744432,False
14624,0.08776529,0.039854545,False
14625,-0.023622967,0.07548266,False
14626,-0.011471942,0.047185555,False
14627,-0.10089481,-0.10150719,False
14628,-0.06388837,-0.078271806,False
14629,-0.028369918,-0.03242161,False
14630,0.14100406,0.09831682,False
14631,-0.00505376,-0.00505376,False
14632,-0.012699246,-0.18352306,False
14633,-0.0022496209,-0.109483615,False
14634,0.11950922,0.104561806,False
14648,-0.0038348138,0.0054651797,False
14647,0.060506865,-0.024444371,False
14646,0.13511805,0.18004127,False
14645,-0.0049677193,-0.029499307,False
14644,-0.1057795,-0.0105005205,False
14643,0.069274604,0.094700515,False
14617,0.062325045,-0.06925392,False
14642,-0.007406473,0.10640001,False
14640,0.008418739,-0.07850319,False
14639,0.025278859,-0.031966463,False
14638,-0.008310385,-0.008310385,False
14637,-0.14807874,-0.16036014,False
14636,0.0035647675,0.027866267,False
14635,0.02024445,0.01277668,False
14641,-0.21176118,-0.06328255,False
14616,0.00032418966,-0.20814061,False
14615,-0.015766365,-0.015766365,False
14614,-0.066480815,-0.2099044,False
14595,0.0423524,-0.0033912933,False
14594,-0.024208248,-0.023186019,False
14593,-0.03784447,-0.037260816,False
14592,-0.086481184,0.0005430579,False
14591,0.0,0.0,False
14590,-0.022380888,-0.083786845,False
14596,0.033828866,0.017176839,False
14589,-0.0150230825,0.03153059,False
14587,-0.032015204,0.020672955,False
14586,-0.0004920121,-0.018630344,False
14585,0.016859159,0.008462936,False
14584,-0.22523478,-0.3586939,False
14583,0.06589061,-0.012989147,False
14582,0.034398343,0.018768955,False
14588,-0.023944676,0.15257066,False
14580,-0.096242934,0.24251345,False
14597,-0.056422174,-0.08512772,False
14599,0.0,0.059300378,False
14613,-0.008531013,-0.007946423,False
14612,-0.022046052,-0.04617674,False
14611,-0.015187385,-0.03835579,False
14610,0.018538423,0.078845225,False
14609,-0.009990983,0.009798676,False
14608,0.02213481,1.904674e-05,False
14598,0.07870397,-0.14626771,False
14607,-0.014934724,-0.014934724,False
14605,-0.06893776,-0.019048944,False
14604,-0.0051597436,-0.004318994,False
14603,0.0,0.0,False
14602,-0.014750919,-0.010570472,False
14601,-0.02055499,0.037547782,False
14600,0.0032445192,-0.028101563,False
14606,-0.004425956,0.0024203667,False
14225,-0.008685768,-0.018774152,False
14224,-0.09166832,0.03733401,False
14223,-0.013772743,-0.013772743,False
13833,0.068460464,-0.23429775,False
13834,0.009615622,-0.014191018,False
13835,0.02774011,-0.051686477,False
13836,-0.037634525,-0.037634525,False
13837,-0.0073588435,0.062290143,False
13838,0.02813518,-0.028611302,False
13839,0.0,0.00018895582,False
13840,0.013069972,0.041430347,False
13841,0.043072417,-0.024857396,False
13842,-0.06342602,-0.11591719,False
13843,-0.014084337,-0.014084337,False
13844,0.022851778,-0.017474225,False
13845,-0.009703828,-0.009703828,False
13846,0.10870743,-0.37603378,False
13847,0.05649185,-0.16767406,False
13848,0.0,0.0,False
13849,-0.047192395,0.09950318,False
13863,0.07181227,-0.09280741,False
13862,-0.040557623,0.056787133,False
13861,0.05285895,0.022667691,False
13860,0.054944783,0.031558484,False
13859,-0.055462778,-0.18649717,False
13858,0.03631282,0.110360146,False
13832,0.20275259,-0.15624475,False
13857,0.1614967,0.20277798,False
13855,-0.037835386,-0.037835386,False
13854,0.039338112,-0.349658,False
13853,-0.027343519,-0.027343519,False
13852,-0.0055115223,0.044938758,False
13851,0.17417288,-0.39156485,False
13850,-0.083366275,-0.5164889,False
13856,0.026595116,-0.32687807,False
13831,-0.010059524,-0.010045595,False
13830,0.028142586,-0.031484663,False
13829,0.04720024,-0.01501317,False
13808,0.0028701425,0.08613199,False
13807,0.036987305,-0.16395283,False
13806,0.051061478,-0.003495492,False
13805,0.08060932,-0.11963415,False
13804,0.012308456,-0.010133814,False
13803,0.0132186245,-0.023517178,False
13809,-0.0141530745,-0.0141530745,False
13802,-0.0048134406,-0.0048134406,False
13800,0.08042908,-0.07559204,False
13799,-0.023650406,-0.023650406,False
13798,-0.110673904,0.038962364,False
13797,-0.18561363,0.45863676,False
13796,0.010462761,-0.12925482,False
13795,0.008729041,-0.057165712,False
13801,0.047713757,-0.015943527,False
13864,0.27065027,0.033471107,False
13810,0.036711812,-0.17526078,False
13812,0.13386011,-0.16218758,False
13827,0.007123066,-0.015261369,False
13826,-0.005205941,-0.005205941,False
13824,-0.045012902,-0.045012902,False
13823,-0.004894072,-0.004894072,False
13822,0.0,0.0,False
13821,0.020550855,-0.03767829,False
13811,0.06256029,0.029144675,False
13820,0.0,0.0,False
13818,0.13605356,-0.18753862,False
13817,0.008251242,-0.037220977,False
13816,0.0012594182,-0.013586475,False
13815,0.0,0.0,False
13814,0.10487479,-0.3091537,False
13813,0.01388073,-0.20967865,False
13819,0.011685931,-0.010159713,False
13794,0.04129134,-0.04560827,False
13865,0.042596906,-0.062230356,False
13867,-0.13000125,-0.05676046,False
13904,0.0,8.8221524e-05,False
13905,0.07239151,-0.070702076,False
13906,-0.0058092475,-0.02049356,False
13907,0.07200527,-0.2262888,False
13908,0.009642735,-0.014112644,False
13909,0.086030215,-0.015091985,False
13910,0.070714,-0.20215273,False
13911,0.09316206,-0.1384983,False
13912,0.1904974,-0.7518058,False
13913,-0.009325914,0.0028155586,False
13914,0.011824505,-0.009043502,False
13915,-0.0044222353,-0.0044222353,False
13916,0.027182251,0.074345514,False
13917,0.012378693,-0.12685585,False
13918,0.08632469,-0.19894505,False
13919,-0.036321413,0.007586494,False
13920,-0.06575422,0.0028842017,False
13934,0.018382818,-0.0240747,False
13933,0.012334665,-0.026749503,False
13932,0.007645989,-0.013546148,False
13931,0.07403438,0.09191812,False
13930,-0.009411054,-0.009411054,False
13929,0.014386374,-0.008433023,False
13903,-0.043147113,-0.043147113,False
13928,0.0,0.0,False
13926,-0.039845847,-0.08237915,False
13925,0.0047426224,-0.17070389,False
13924,0.011161642,-0.02334608,False
13923,0.048877716,-0.07229042,False
13922,-0.19265413,0.6387243,False
13921,-0.06635904,0.021609366,False
13927,-0.01931876,-0.01931876,False
13902,0.00833595,-0.013750548,False
13901,0.031132221,-0.30733156,False
13900,0.06724644,-0.29325676,False
13881,0.057519913,-0.15879917,False
13880,-0.004155696,-0.004155696,False
13879,0.059034348,-0.23125267,False
13878,0.01023462,-0.01195273,False
13877,0.123251915,-0.109869,False
13876,0.018534996,-0.097056806,False
13882,0.114920616,-0.09249973,False
13875,-0.014034271,-0.280097,False
13873,-0.04221201,-0.23941803,False
13872,-0.04123363,-0.03647501,False
13871,0.019915136,-0.022871202,False
13870,-0.10778904,-0.07873821,False
13869,0.0,0.0,False
13868,-0.18954116,-0.0015141964,False
13874,-0.042158145,-0.006128989,False
13866,0.033328295,-0.16385913,False
13883,0.015011404,-0.056480866,False
13885,-0.02378438,-0.039046068,False
13899,0.044840734,-0.03203634,False
13898,-0.007344704,-0.028104842,False
13897,0.19924212,-0.22282827,False
13896,0.09135246,-0.25591183,False
13895,-0.029020015,0.008064367,False
13894,0.12314987,-0.14093208,False
13884,0.0043300316,0.0022947565,False
13893,-0.43295026,0.48595715,False
13891,0.029352717,-0.009753189,False
13890,-0.010366255,-0.010366255,False
13889,0.0,3.7851732e-05,False
13888,-0.009015027,-0.009015027,False
13887,0.023037085,0.0065192203,False
13886,-0.014502233,-0.014502233,False
13892,0.08575678,-0.11275959,False
13935,0.0,0.0,False
13793,0.001128816,-0.014545812,False
13791,0.08009052,-0.17978811,False
13689,0.016213316,0.059428144,False
13690,-0.04350847,-0.04350847,False
13691,-0.06607264,-0.039536178,False
13692,0.10050392,-0.29313946,False
13693,0.16073847,-0.2678752,False
13694,-0.019412547,-0.019412547,False
13695,0.06553559,-0.013727487,False
13696,-0.008282149,-0.008282149,False
13697,0.0077505745,-0.013783012,False
13698,-0.041231416,-0.03479442,False
13699,0.0,0.0,False
13700,-0.015126681,-0.015126681,False
13701,0.011387172,-0.009480835,False
13702,0.121540666,0.15861869,False
13703,0.10672188,-0.16586685,False
13704,-0.01161693,-0.09520379,False
13705,0.07480049,-0.27187872,False
13719,0.017521318,-0.0049209516,False
13718,0.04293108,-0.24311256,False
13717,0.008825734,-0.004466884,False
13716,0.036621094,-0.255445,False
13715,0.064140774,0.06913954,False
13714,-0.085060015,-0.18721381,False
13688,0.054830566,-0.021783248,False
13713,0.13459632,-0.1495997,False
13711,0.0,0.0,False
13710,0.040427208,-0.24201393,False
13709,0.12154865,-0.11466503,False
13708,0.07631558,0.112710774,False
13707,0.02781858,-0.0113344025,False
13706,-0.004277427,-0.004277427,False
13712,0.019767774,-0.018835448,False
13687,-0.14695454,-0.11994773,False
13686,0.029395223,-0.06477678,False
13685,-0.07647762,-0.11732766,False
13666,0.022606373,0.095468044,False
13665,0.007369805,-0.0351881,False
13664,-0.07114452,-0.11179855,False
13663,-0.00774619,0.14192933,False
13662,-0.4875356,0.13586497,False
13661,0.0326368,-0.013199088,False
13667,0.0,0.00040300758,False
13660,-0.004277427,-0.004277427,False
13658,-0.024989232,-0.04304877,False
13657,-0.00020915642,-0.022847317,False
13656,-0.005174614,0.0024991585,False
13655,-0.09043844,-0.104172245,False
13654,-0.060443617,-0.065307856,False
13653,-0.025234602,-0.025609009,False
13659,0.030296933,-0.014194862,False
13720,0.05365634,0.011462927,False
13668,0.023775976,-0.06226136,False
13670,0.06698337,-0.16805884,False
13684,0.039840996,0.0074293315,False
13683,-0.044804335,-0.26470947,False
13682,-0.025186777,0.145558,False
13681,0.06381607,-0.06678943,False
13680,0.10573399,-0.13377523,False
13679,-0.010066444,-0.009275174,False
13669,0.0038526803,0.7783631,False
13678,-0.17622876,-0.59493554,False
13676,-0.03134647,0.19551885,False
13675,0.022757836,-0.054266416,False
13674,0.1645981,-0.111959934,False
13673,-0.0571568,-0.14728752,False
13672,0.0,0.0,False
13671,0.03640016,-0.023311585,False
13677,0.027360916,0.036967874,False
13792,0.043650627,-0.1584425,False
13721,-0.014198812,-0.014198812,False
13723,-0.021699458,0.041867748,False
13760,-0.01921308,0.018932968,False
13761,0.07039583,-0.036546398,False
13762,0.0069583207,-0.029426105,False
13763,0.06687164,-0.1700697,False
13764,-0.033761084,-0.12943423,False
13765,0.0049734935,-0.0300458,False
13766,-0.0050743674,-0.0050743674,False
13767,0.021665566,-0.024057873,False
13768,0.05023449,-0.022788782,False
13769,0.09826183,-0.26536703,False
13770,-0.00044250488,-0.25685596,False
13771,-0.0050674463,-0.0050674463,False
13772,-0.0019378662,-0.34880447,False
13773,0.13248253,-0.2706852,False
13774,-0.0055704564,-0.02793675,False
13775,0.14284039,-0.11992359,False
13776,0.09714413,-0.22651577,False
13790,-0.009870396,-0.009870396,False
13789,-0.00929977,-0.03218914,False
13788,0.017753385,0.006844066,False
13787,-0.0036918141,-0.0036918141,False
13786,0.059412003,-0.123309135,False
13785,0.2687099,0.12255782,False
13759,0.100417614,-0.14189768,False
13784,0.054484144,-0.0032903329,False
13782,0.0022538025,-0.018837577,False
13781,-0.0049169185,-0.0049169185,False
13780,-0.009709755,-0.009709755,False
13779,0.05469513,-0.22527885,False
13778,-0.03846891,-0.012584057,False
13777,0.011234833,-0.0050979126,False
13783,0.10832691,-0.20673656,False
13758,-0.004047248,-0.004047248,False
13757,-0.04105233,-0.04105233,False
13756,0.05878876,0.0704793,False
13737,0.0036068931,-0.042661138,False
13736,0.0,0.0,False
13735,-0.01725131,-0.040600058,False
13734,-0.038085192,-0.038085192,False
13733,-0.007443823,-0.024674442,False
13732,0.06481457,-0.1284895,False
13738,0.027612813,-0.041770644,False
13731,0.064564705,-0.28013515,False
13729,0.007752411,0.10425085,False
13728,0.07260096,-0.058766723,False
13727,0.124492645,-0.23134422,False
13726,0.08583069,-0.2359991,False
13725,-0.05325482,0.017496802,False
13724,0.05473737,-0.023482453,False
13730,-0.03324355,-0.056280635,False
13722,-0.026022093,-0.03180217,False
13739,-0.018360518,-0.041457597,False
13741,0.029282529,0.0078398585,False
13755,-0.009877906,-0.009877906,False
13754,0.06670073,-0.023784205,False
13753,0.0082262345,-0.022415426,False
13752,0.059304878,-0.022162132,False
13751,0.0016527176,-0.21575928,False
13750,0.005824089,-0.10015535,False
13740,-0.016086318,-0.040869337,False
13749,-0.029764958,-0.029764958,False
13747,0.41787004,-0.22907662,False
13746,0.23332691,-0.024709225,False
13745,0.0,0.0,False
13744,0.0066661034,-0.019153975,False
13743,0.0057405476,-0.007829466,False
13742,-0.03441585,-0.09426019,False
13748,0.01488322,0.097237825,False
13936,0.035431568,-0.032437332,False
13937,0.11510086,-0.106393814,False
13938,0.1413126,-0.17030716,False
14121,0.0,0.0,False
14122,-0.10291362,0.32104468,False
14123,-0.11706254,-0.06182155,False
14124,-0.13502026,-0.307369,False
14125,-0.009546576,-0.009546576,False
14126,-0.069273144,-0.027125329,False
14127,-0.008959651,-0.108341694,False
14128,0.13317347,0.024870396,False
14129,0.004389433,-0.015143838,False
14130,0.0,0.0,False
14131,-0.018983305,-0.04142171,False
14132,-0.10946554,0.018246174,False
14133,-0.002404213,0.36866808,False
14134,0.009676146,0.0024777958,False
14135,0.038694307,0.010282405,False
14136,0.07961598,0.022372454,False
14137,-0.18444765,0.1299361,False
14151,-0.028294927,-0.028294927,False
14150,-0.005193006,-0.005193006,False
14149,0.049043477,-0.2575003,False
14148,-0.0045670983,-0.0045670983,False
14147,-0.03190133,-0.11333941,False
14146,-0.29732692,-0.18918067,False
14120,-0.0034506917,-0.06665981,False
14145,0.019303799,-0.33497095,False
14143,0.0454804,0.02052179,False
14142,0.023968041,0.054661095,False
14141,0.01817693,-0.004752589,False
14140,-0.056841016,-0.085314214,False
14139,0.16904604,-0.03371185,False
14138,0.027575001,-0.1005163,False
14144,-0.39285254,-0.2702422,False
14119,-0.113060385,0.9358908,False
14118,-1.095587,-1.2643127,False
14117,-0.21701407,-0.51035404,False
14098,0.016669417,-0.0047667813,False
14097,-0.02670825,-0.017622411,False
14096,0.14503378,0.43026286,False
14095,-0.0038169418,-0.026103975,False
14094,-0.18080327,-0.021872282,False
14093,-0.0051180557,-0.0051180557,False
14099,0.100758314,0.79002047,False
14092,-0.0047635515,-0.0047635515,False
14090,0.029692456,-0.08308569,False
14089,-0.071949005,0.75755453,False
14088,0.04185365,-0.009710075,False
14087,-0.14267063,1.8357134,False
14086,-0.018337503,-0.018156892,False
14085,-0.017191313,-0.056971107,False
14091,-0.11032906,-0.1813803,False
14152,-0.18383129,-0.25117835,False
14100,0.028525177,0.1863546,False
14102,-0.0052875876,0.007973343,False
14116,-0.041683137,0.11577061,False
14115,0.09058353,0.03231156,False
14114,-0.14646721,-0.3110694,False
14113,0.08770582,0.2781869,False
14112,-0.0047970884,-0.0047970884,False
14111,0.014495656,-0.045918234,False
14101,0.16392396,-0.024524167,False
14110,-0.013975415,-0.011483904,False
14108,-0.0051597436,-0.0051597436,False
14107,-0.071255445,-0.0049359202,False
14106,0.06474674,0.19703114,False
14105,-0.25402513,0.02746725,False
14104,0.0132035315,0.30618,False
14103,0.044724047,0.08779687,False
14109,-0.076187044,0.13585685,False
14084,0.0,4.273545e-05,False
14153,-0.030245185,0.16206384,False
14155,0.05422163,0.076236665,False
14192,0.09955326,0.0016346201,False
14193,0.08840787,-0.011759512,False
14194,-0.23681793,-0.32204577,False
14195,0.016230337,-0.008643229,False
14196,-0.005269259,-0.2343172,False
14197,0.008355735,-0.014013415,False
14198,-0.13672134,-0.123863205,False
14199,0.0,0.0,False
14200,0.1656748,-0.36031967,False
14201,-0.0047635515,-0.0047635515,False
14202,-0.023808217,-0.023808217,False
14203,-0.016703546,-0.07280314,False
14204,-0.34679544,-0.30220044,False
14205,0.053565934,-0.063836224,False
14206,0.101460695,0.2065121,False
14207,0.3515091,-0.1126219,False
14208,-0.038750783,-0.038750783,False
14222,-0.16273332,0.09721291,False
14221,-0.023485554,0.012062984,False
14220,-0.023464646,-0.023377698,False
14219,0.0,0.0,False
14218,0.080355644,-0.081551686,False
14217,0.002441883,-0.048907995,False
14191,-0.046560735,-0.17332241,False
14216,0.13128465,-0.06313503,False
14214,0.10991663,-0.10618481,False
14213,0.07644243,-0.017346047,False
14212,0.111212194,-0.044558346,False
14211,0.18915415,-0.078706324,False
14210,-0.04761824,-0.115519166,False
14209,0.05893422,0.043623947,False
14215,-0.013513863,-0.09289259,False
14190,0.009691484,-0.034920257,False
14189,0.18280917,-0.2168644,False
14188,0.0,0.0,False
14169,-0.052517653,0.058813512,False
14168,-0.039117962,0.083247215,False
14167,-0.015547991,-0.1336492,False
14166,0.10409507,0.06408909,False
14165,0.12531352,-0.22930431,False
14164,0.033983678,0.118027925,False
14170,0.008178234,-0.00544554,False
14163,-0.0045988807,-0.0045988807,False
14161,-0.023609154,-0.023609154,False
14160,-0.113355935,-0.1337512,False
14159,-0.030926228,0.11008799,False
14158,-0.02306255,-0.023054903,False
14157,-0.06613347,-0.013012588,False
14156,-0.15653941,-0.21438898,False
14162,-0.20734698,-0.16092676,False
14154,-0.04072783,-0.029429123,False
14171,-0.19804561,-0.1869204,False
14173,0.060603708,-0.1190117,False
14187,-0.0622408,-0.055818476,False
14186,-0.06015432,-0.11081207,False
14185,0.0,0.0039394484,False
14184,-0.1374869,-0.14563635,False
14183,0.08901785,-0.106522374,False
14182,0.012221713,-0.0099077,False
14172,0.15202376,0.040555328,False
14181,-0.034695953,-0.053882122,False
14179,0.03951001,-0.16517308,False
14178,-0.00062288716,0.007692611,False
14177,-0.17081857,-0.14933306,False
14176,-0.0521359,-0.04202278,False
14175,-0.031110734,-0.08551113,False
14174,-0.12887001,-0.20031953,False
14180,0.0055584684,-0.026742736,False
14083,-0.20817804,0.07998657,False
14082,0.0113995075,0.6630883,False
14081,-0.019313194,-0.019313194,False
13976,0.0,0.0,False
13977,0.03875764,0.0,False
13978,-0.014209791,-0.011093779,False
13979,0.024013665,-0.044142853,False
13980,0.0037288107,-0.018644158,False
13981,-0.012007304,-0.05421744,False
13982,-0.022379525,0.027090251,False
13983,0.06981474,0.103569806,False
13984,0.070290625,0.055274755,False
13985,-0.08066881,0.051189482,False
13986,0.08110553,-0.05489719,False
13987,-0.35511762,-0.009563804,False
13988,0.036650002,0.061099857,False
13989,-0.022209495,0.026190221,False
13991,0.06667569,-0.18882573,False
13992,-0.32570493,-0.46938658,False
13993,0.13336003,-0.036953807,False
14007,-0.056539953,-0.015068054,False
14006,-0.21926767,-0.029627979,False
14005,-0.13156658,-0.007961988,False
14004,-0.028315127,-0.0182129,False
14003,-0.08266932,-0.11237377,False
14002,-0.044146657,0.0009494722,False
13975,0.08176565,-0.121899605,False
14001,-0.047396924,-0.040569417,False
13999,-0.13320574,0.23558015,False
13998,-0.08532548,-0.04664147,False
13997,0.13921523,-0.08122167,False
13996,-0.008175604,-0.0071132,False
13995,-0.025283754,0.019016922,False
13994,-0.070832044,0.05993539,False
14000,-0.00049101,-0.021754585,False
13974,0.04757309,-0.4977336,False
13973,0.110162735,-0.21565056,False
13972,-0.015517024,-0.038846407,False
13952,-0.716892,0.22979665,False
13951,-0.018843055,-0.018843055,False
13950,-0.049090404,-0.049090404,False
13949,0.018109731,-0.0050575146,False
13948,0.0,0.0,False
13947,0.13409615,-0.15891743,False
13953,0.09292412,-0.34165287,False
13946,0.07128151,-0.034303673,False
13944,0.0,0.0,False
13943,-0.009127181,-0.009127181,False
13942,0.021055356,0.00020622833,False
13941,0.016823648,0.0,False
13940,-0.01869678,-0.01869678,False
13939,-0.019328564,-0.019328564,False
13945,-0.013581046,-0.013581046,False
14008,-0.14790285,-0.3150431,False
13954,0.07624702,0.033408955,False
13956,0.056661487,0.21430081,False
13971,0.0,0.0,False
13970,-0.039361537,-0.07366603,False
13969,0.049649782,-0.0128628155,False
13968,0.013326019,-0.07143809,False
13966,-0.03322499,-0.054560903,False
13965,0.02744493,-0.008942315,False
13955,0.12189484,-0.120877266,False
13964,-0.13828222,-0.06099443,False
13962,0.1443913,0.09870124,False
13961,-0.04897681,0.018521309,False
13960,-0.2821324,0.070783496,False
13959,0.09285155,0.14015214,False
13958,-0.08782613,-0.23388416,False
13957,0.039501805,-0.012648646,False
13963,-0.021464972,-0.021464972,False
14009,0.1966004,-0.06723046,False
14010,0.020761132,0.04362324,False
14011,0.08257708,-0.19402802,False
14062,-0.019943673,-0.019943673,False
14061,0.03165282,0.038433947,False
14060,-0.118965656,0.20349199,False
14059,-0.022874774,-0.022874774,False
14058,-0.29288298,-0.08368802,False
14057,-0.028414719,-0.025890034,False
14063,-0.10605484,-0.061148107,False
14056,-0.009947836,-0.12920338,False
14054,-0.09675008,-0.010756433,False
14053,-0.042443275,-0.4373896,False
14052,-0.17822039,-0.021448314,False
14051,-0.0776326,-0.05878608,False
14050,0.08620238,-0.23264074,False
14049,-0.47377604,-0.39685583,False
14055,-0.11029032,0.041341692,False
14048,0.0,0.0,False
14064,-0.021473855,0.012150131,False
14066,-0.0051786387,-0.0051786387,False
14080,-0.008729454,-0.013921833,False
14079,-0.11502737,-0.1708318,False
14078,-0.05172676,-0.13691437,False
14077,0.07055217,-0.09037638,False
14076,-0.012346491,0.054225415,False
14075,-0.026046846,-0.028448172,False
14065,-0.020748531,-0.037428185,False
14074,-0.018554572,-0.018554572,False
14072,-0.047599837,0.07457562,False
14071,-0.0024463534,-0.08852261,False
14070,-0.0032035112,-0.022037081,False
14069,-0.13596284,0.11756396,False
14068,0.069235384,-0.10741648,False
14067,0.06850612,-0.16434479,False
14073,0.10949719,-0.023835838,False
14791,0.009963408,-0.15815607,False
14047,-0.004818657,-0.0048153875,False
14045,-0.060256243,0.28290117,False
14026,-0.081967115,-0.001367569,False
14025,0.14656627,-0.14883733,False
14024,0.07311216,0.0118994415,False
14023,0.049851462,-0.00843166,False
14022,0.037275553,0.027988195,False
14021,-0.03747177,-0.19548845,False
14027,0.11327815,0.0156161785,False
14020,0.012624734,-0.010314648,False
14018,-0.21570218,-0.24729824,False
14017,0.012449741,0.035123587,False
14016,-0.12122846,0.082285285,False
14014,-0.042957336,-0.060961813,False
14013,-0.023825819,-0.01944039,False
14012,0.14297909,0.04320982,False
14019,-0.01949146,-0.01949146,False
14046,-0.099207275,0.04815732,False
14028,0.03645861,0.09785515,False
14030,-0.0099166855,-0.033157688,False
14044,-0.1624608,-0.034386814,False
14043,0.0022029337,-0.018047009,False
14042,-0.009187724,-0.0069837235,False
14041,0.081119865,0.19055223,False
14040,0.0,0.0,False
14039,0.18516424,0.12793323,False
14029,-0.07435197,-0.17225313,False
14038,-0.051985852,-0.03647205,False
14036,0.093605936,-0.06356623,False
14035,0.007752954,1.0742774,False
14034,0.09262556,-0.04748747,False
14033,0.06094122,-0.15611768,False
14032,-0.30053067,-0.30419445,False
14031,-0.39595985,-0.0855484,False
14037,-0.028607283,-0.023820281,False
9094,-0.007855378,0.009164803,False
14792,0.028791206,-0.004629414,False
14794,0.0,0.0,False
15543,0.051141262,-0.08586593,False
15544,-0.045488667,0.15252697,False
15545,-0.010345584,-0.03206416,False
15546,0.055556014,-0.10989387,False
15547,-0.054892182,-0.12705326,False
15548,-0.0028397292,0.0246893,False
15549,0.01472646,0.32351053,False
15550,-0.0049564024,-0.0049564024,False
15551,0.10497695,-0.05776596,False
15552,-0.38075745,-0.2574817,False
15553,-0.01571387,-0.009241253,False
15554,0.023019493,-0.020544663,False
15555,-0.07917848,0.2921188,False
15556,-0.14458641,-0.060934454,False
15557,-0.018943906,0.2615422,False
15558,0.061230466,0.2502575,False
15559,-0.02975902,-0.02799341,False
15573,-0.0025464296,0.15068978,False
15572,-0.023935733,0.051479135,False
15571,-0.01062122,0.005739212,False
15570,-0.16902971,-0.0015833378,False
15569,-0.04665605,-0.08703437,False
15568,0.015262604,0.016538978,False
15542,-0.110940814,-9.727478e-05,False
15567,-0.13603294,-0.017475486,False
15565,-0.19596511,0.009736359,False
15564,-0.16490722,0.009204268,False
15563,-0.0032124817,0.005320579,False
15562,-0.19222775,0.068315536,False
15561,-0.0101047605,-0.06864233,False
15560,0.0,0.0,False
15566,0.115360856,-0.06936884,False
15541,0.19986415,-0.5688298,False
15540,-0.0015688688,-0.045849916,False
15539,-0.16476667,-0.0268749,False
15520,-0.05130115,0.023573816,False
15519,-0.11601174,-0.4187038,False
15518,0.0,0.0,False
15517,-0.23706532,-0.087175846,False
15516,0.008272272,-0.013547471,False
15515,0.035195485,-0.0667956,False
15521,0.0068441033,0.08584958,False
15514,-0.03894161,0.028754275,False
15512,-0.012801938,0.026979074,False
15511,-0.009420435,-0.009420435,False
15510,0.00747326,-0.029431503,False
15509,-0.18655294,-0.04671538,False
15508,0.058435924,0.12955919,False
15507,-0.022807717,-0.009547114,False
15513,-0.005160007,-0.005160007,False
15574,0.09132124,0.07615539,False
15522,-0.23424399,-0.13748968,False
15524,-0.2502815,0.89460826,False
15538,-0.008656209,-0.008656209,False
15537,0.0024155993,-0.018714238,False
15536,0.093621485,-0.034818135,False
15535,-0.009429066,-0.009429066,False
15534,-0.0036233715,-0.0036233715,False
15533,-0.017258942,0.030507088,False
15523,0.062726736,0.46972603,False
15532,0.023542225,-0.073881224,False
15530,0.044876445,-0.007632543,False
15529,-0.49103093,-0.53399444,False
15528,-0.05386886,0.20077926,False
15527,-0.027226105,-0.0658534,False
15526,-0.008237198,-0.0036633387,False
15525,-0.02241546,0.0013164282,False
15531,-0.0015793107,-0.03458178,False
15506,0.04582253,0.06191787,False
15575,0.09356928,-0.36649728,False
15577,-0.13129729,-0.2003426,False
15614,0.0,0.0,False
15615,-0.029607382,-0.029607382,False
15616,0.035140824,-0.02740134,False
15617,0.02484291,-0.06271483,False
15618,-0.046197787,-0.015573297,False
15619,-0.050823063,0.056484878,False
15620,0.28990626,-0.16063768,False
15621,0.014024593,0.10674316,False
15622,0.0236848,-0.03867683,False
15623,0.1031518,0.13890505,False
15624,0.015809745,0.066268,False
15625,0.043881714,-0.0046895146,False
15626,-0.39053982,-0.40709937,False
15627,-0.122254,-0.0162711,False
15628,-0.059663236,-0.10746807,False
15629,0.5434935,0.37347412,False
15630,0.010994658,0.023181766,False
15644,-0.018123627,-0.076999456,False
15643,0.0022463799,0.0023564994,False
15642,-0.025744975,-0.038407415,False
15641,-0.16727683,-0.11931619,False
15640,-0.009993382,0.0520107,False
15639,-0.3333482,-0.24713427,False
15613,-0.026683733,0.047466435,False
15638,0.031157702,-0.007904232,False
15636,0.019534416,0.030480638,False
15635,-0.08497217,-0.033879995,False
15634,-0.005060577,-0.005060577,False
15633,0.054930627,0.09417629,False
15632,-0.09648782,0.18238506,False
15631,0.1414642,0.0056634992,False
15637,-0.0045804176,0.0066661052,False
15612,-0.2230964,0.11746514,False
15611,0.026722759,-0.01050365,False
15610,-0.18847781,-0.06590319,False
15591,0.0391531,0.10211229,False
15590,0.24541426,-0.22622418,False
15589,-0.041371815,0.08637269,False
15588,0.118070245,-0.103384495,False
15587,0.05282712,-0.04974512,False
15586,-0.051647544,-0.13553631,False
15592,0.0029892921,0.15652815,False
15585,-0.108391166,-0.018558383,False
15583,0.03314346,-0.083858654,False
15582,0.010357797,0.10693921,False
15581,0.052601874,0.031039327,False
15580,-0.0013247356,0.04919544,False
15579,-0.268271,-0.08403048,False
15578,-0.005894564,0.032219633,False
15584,0.43242407,-0.1617825,False
15576,-0.004350096,0.07647467,False
15593,0.019531596,0.0,False
15595,-0.13960788,0.018109128,False
15609,-0.18072003,0.13241696,False
15608,-0.064498216,-0.05494511,False
15607,0.0051121116,-0.1502003,False
15606,0.008470799,-0.014606941,False
15605,0.12474406,-0.15369725,False
15604,-0.28318158,-0.16959703,False
15594,0.022275299,-0.022267357,False
15603,-0.5890043,-0.5420773,False
15601,-0.9464344,-0.45925593,False
15600,0.065000534,-0.011126518,False
15599,-0.048444718,-0.00076271594,False
15598,-0.09260446,0.09010768,False
15597,-0.18764627,-0.31433606,False
15596,0.025924712,0.025900327,False
15602,-0.23189193,-0.24686944,False
15645,-0.043300107,-0.07316954,False
15505,0.006508589,-0.6424997,False
15503,0.031631958,-0.011055526,False
15401,0.0054473076,-0.017664626,False
15402,0.05003295,0.021890365,False
15403,0.008448839,-0.0030122101,False
15404,-0.02552557,-0.16781557,False
15405,0.24589908,0.03469205,False
15406,0.08329773,-0.60654676,False
15407,0.13976014,0.03005761,False
15408,0.21367788,0.19867969,False
15409,0.087786674,-0.025557488,False
15410,-0.05967103,-0.0030406862,False
15411,-0.03125694,-0.07325085,False
15412,-0.09162514,-0.10013726,False
15413,-0.29488647,-0.00172925,False
15414,0.048586965,0.010290742,False
15415,0.23181999,0.013516605,False
15416,0.014362872,-0.04729128,False
15417,-0.11936939,-0.12392795,False
15431,-0.10869238,-0.01504761,False
15430,-0.022065103,-0.19981617,False
15429,0.10106778,-0.04870248,False
15428,0.038624465,-0.10453135,False
15427,0.0153030455,0.021790728,False
15426,-0.0086458735,-0.0086458735,False
15400,0.0,0.0,False
15425,-0.004696539,-0.004696539,False
15423,-0.031006005,-0.0058426745,False
15422,0.039287806,-0.01945299,False
15421,0.013651186,-0.009589816,False
15420,-0.13834906,-0.1426521,False
15419,0.016823648,0.0,False
15418,-0.022431612,-0.0050324798,False
15424,-0.0097020995,-0.0097020995,False
15399,-0.008821854,-0.008821854,False
15398,-0.10942137,-0.065841556,False
15397,0.011925019,-0.03553704,False
15378,-0.032370985,-0.1711219,False
15377,0.13147676,0.05857879,False
15376,-0.014870394,-0.014870394,False
15375,-0.21316278,0.014365792,False
15374,-0.024050474,0.0030040145,False
15373,-0.074662685,-0.269037,False
15379,-0.091943175,-0.1674318,False
15372,0.3387909,-0.6051161,False
15370,-0.06699401,-0.06291887,False
15369,0.026028723,-0.12875748,False
15368,-0.06321466,0.19008946,False
15367,-0.3540951,-0.12917376,False
15366,0.008351788,-0.033502452,False
15365,-0.18309295,-0.25097513,False
15371,-0.0442698,0.031608522,False
15432,0.111552715,-0.72134995,False
15380,-0.014987687,-0.014987687,False
15382,-0.024544545,-0.061946355,False
15396,-0.13584684,-0.33406064,False
15395,-0.09472641,0.1676566,False
15394,-0.05092013,0.1694529,False
15393,-0.052443594,-0.10016936,False
15392,0.0035230685,-0.018459814,False
15391,0.17079115,0.42964995,False
15381,-0.025657132,0.14818966,False
15390,-0.0049173213,-0.0049173213,False
15388,-0.1656096,0.086316586,False
15387,-0.071760684,0.09555362,False
15386,-0.057916164,-0.089582846,False
15385,0.09594318,0.43383297,False
15384,0.025509732,-0.014205665,False
15383,-0.021070078,0.03232871,False
15389,0.008156598,0.060353726,False
15504,0.17167318,0.2783053,False
15433,-0.14893192,0.1390028,False
15435,-0.0125748515,-0.13216257,False
15472,-0.012330662,-0.012330662,False
15473,-0.28937495,0.16132474,False
15474,-0.004968539,0.043661833,False
15475,0.008097112,0.042061865,False
15476,-0.008092225,0.20765764,False
15477,-0.004741758,-0.004741758,False
15478,-0.01856439,0.0065426696,False
15479,-0.15835333,-0.03837192,False
15480,-0.11504805,-0.097142816,False
15481,0.060753897,0.03301519,False
15482,-0.030944288,-0.06317731,False
15483,-0.24074966,0.017153561,False
15484,-0.16888508,0.07464063,False
15485,0.024635226,-0.09942496,False
15486,0.05494234,0.036725372,False
15487,-0.2678485,-0.23985326,False
15488,0.05542028,0.116200626,False
15502,0.012892704,-0.017746402,False
15501,-0.07222247,-0.038514376,False
15500,-0.012109688,-0.012109688,False
15499,-0.03660932,-0.13800743,False
15498,-0.34519887,-0.239218,False
15497,-0.001348108,-0.06037747,False
15471,-0.12831974,-0.059117794,False
15496,-0.027134502,-0.02299557,False
15494,-0.019282661,-0.019282661,False
15493,0.0,0.0,False
15492,-0.10558963,0.13036478,False
15491,-0.06802492,-0.043329116,False
15490,0.12154883,0.043934703,False
15489,0.11971739,-0.034051597,False
15495,-0.20285466,-0.11227727,False
15470,-0.004584724,-0.004584724,False
15469,0.15682244,0.024506569,False
15468,0.083135426,0.13004231,False
15449,-0.13128123,-0.1042735,False
15448,-0.0047551068,-0.0047551068,False
15447,0.029754598,0.029142626,False
15446,-0.3422472,-0.14294076,False
15445,0.17371237,-0.107744455,False
15444,-0.08885074,-0.12833607,False
15450,0.00498569,-0.10268265,False
15443,-0.008934498,-0.15046549,False
15441,-0.197135,0.18331748,False
15440,0.0,4.713008e-05,False
15439,-0.019736404,-0.019736404,False
15438,-0.017676063,-0.006751135,False
15437,-0.021665178,0.08277744,False
15436,-0.20940864,0.08663851,False
15442,-0.03677544,-0.0182755,False
15434,-0.003967165,-0.003967165,False
15451,-0.013839692,-0.013787635,False
15453,-0.00462337,-0.00462337,False
15467,-0.09323389,0.014897451,False
15466,0.0,0.0,False
15465,0.0,0.0,False
15464,0.023157975,0.0750821,False
15463,-0.011989571,0.0435327,False
15462,-0.005046529,-0.005046529,False
15452,0.048224065,-0.008422207,False
15461,-0.00474881,0.005989127,False
15459,0.03240256,-0.030689701,False
15458,0.056665577,-0.056910336,False
15457,0.0034001842,-0.01862698,False
15456,-0.1612066,-0.029430985,False
15455,0.116007686,0.065315306,False
15454,-0.14283969,-0.037381172,False
15460,0.089367956,0.030990899,False
15364,-0.016640991,0.12456074,False
15646,-0.013468136,-0.013436863,False
15648,-0.047018886,-0.018681034,False
15827,-0.025333643,-0.17488176,False
15828,0.01677607,0.04323332,False
15829,-0.075422406,0.014861822,False
15830,0.13380939,-0.042899996,False
15831,-0.13327068,-0.0019107461,False
15832,-0.01763907,-0.013803884,False
15833,-0.09822879,-0.12544224,False
15834,-0.01953653,-0.042704936,False
15835,-0.11097738,-0.28211898,False
15836,-0.008302844,-0.008291848,False
15837,-0.009375281,-0.0051303813,False
15838,-0.0006822422,-0.023929713,False
15839,-0.039966285,0.3247994,False
15840,-0.08018008,-0.109790914,False
15841,0.01762218,-0.010049213,False
15842,-0.1977429,-0.07295948,False
15843,0.06337738,-0.048433244,False
15857,0.016256297,-0.028405858,False
15856,-0.28488493,-0.33363557,False
15855,-0.009722302,-0.009722302,False
15854,0.020259783,0.060546637,False
15853,0.0,0.0,False
15852,0.07559964,-0.08410185,False
15826,0.08061987,-0.080328465,False
15851,-0.048758984,-0.21049225,False
15849,0.108614,0.0022602081,False
15848,0.03412956,-0.03107512,False
15847,-0.5214864,-0.05303085,False
15846,0.03914827,0.085526705,False
15845,-0.006172564,-0.028426098,False
15844,0.08471681,-0.052792422,False
15850,-0.08697218,-0.054653466,False
15825,-0.042769894,-0.030105963,False
15824,0.16896033,0.14727116,False
15823,-0.10241306,-0.055665076,False
15804,0.0,0.0,False
15803,-0.17255414,0.050352693,False
15802,0.023217442,0.0012668931,False
15801,-0.10735662,-0.0352737,False
15800,-0.14182618,0.32618108,False
15799,0.0033376496,-0.018314857,False
15805,0.003791839,-0.017860668,False
15798,0.04891354,0.06847116,False
15796,0.096363395,0.032538414,False
15795,-0.31204146,-0.19573975,False
15794,0.010364562,-0.116828665,False
15793,-0.041719794,-0.22121167,False
15792,0.020539716,0.013605304,False
15791,-0.07227576,0.106654525,False
15797,-0.004716768,-0.004716768,False
15858,-0.009752506,-0.009752506,False
15806,0.040738653,-0.00453614,False
15808,-0.031563237,0.1671372,False
15822,0.0,0.0,False
15821,0.07885045,0.16208518,False
15820,0.028828412,-0.10224429,False
15819,0.07663441,0.06261599,False
15818,-0.08152521,0.3763733,False
15817,0.018370133,-0.004436502,False
15807,0.00040799007,-0.04071829,False
15816,-0.024660911,-0.051834945,False
15814,-0.12691745,0.022385806,False
15813,-0.14768428,-0.33478984,False
15812,-0.10027465,-0.12856379,False
15811,-0.0036918141,-0.0022180974,False
15810,0.006953219,0.15308085,False
15809,-0.3052163,-0.18814242,False
15815,0.0002464261,-0.018878754,False
15790,0.086129844,0.07450411,False
15859,-0.024381427,-0.024381427,False
15861,0.09242651,-0.19079466,False
15898,-0.19536865,-0.18668205,False
15899,-0.006021738,0.14135873,False
15900,0.002642393,-0.16958016,False
15901,0.04588315,-0.03997208,False
15902,-0.0064100083,-0.023089662,False
15903,-0.40965927,-0.18728459,False
15904,-0.13261795,0.002615422,False
15905,0.014871478,-0.09666334,False
15906,-0.08555235,0.08178167,False
15907,0.060508966,-0.07439852,False
15908,-0.040442504,0.045027457,False
15909,-0.08064401,-0.011991844,False
15910,0.0197468,4.7654263e-05,False
15911,-0.005257707,-0.014403418,False
15912,1.4420599e-05,-0.03843895,False
15913,-0.0431192,-0.042496767,False
15914,-0.003302738,-0.019195661,False
15928,-0.036810413,-0.036810413,False
15927,0.0,0.0,False
15926,-0.2487821,-0.04786426,False
15925,0.13463366,0.07733297,False
15924,-0.071074605,0.10713172,False
15923,-0.010289013,-0.059354246,False
15897,-0.3880353,-0.2990831,False
15922,0.021029519,-0.014383465,False
15920,-0.0082958825,-0.0082958825,False
15919,-0.037873164,-0.07057735,False
15918,0.0018916689,-0.036106985,False
15917,-0.026050946,-0.025916578,False
15916,0.0,0.06550757,False
15915,-0.10566902,0.14450455,False
15921,0.21601884,0.030051127,False
15896,-0.051744103,-0.14734021,False
15895,-0.14617047,-0.16899574,False
15894,-0.008408219,-0.22437581,False
15875,-0.04111518,-0.032193854,False
15874,-0.006297594,-0.022457864,False
15873,-0.0018981677,-0.00688849,False
15872,0.17549133,-0.49922067,False
15871,-0.0024691466,0.0042843,False
15870,-0.029015012,-0.024416864,False
15876,-0.012984917,0.031174332,False
15869,-0.08037984,0.021598846,False
15867,-0.08041954,0.050574303,False
15866,0.0035709534,-0.017236609,False
15865,-0.09050429,-0.09675753,False
15864,0.17661774,0.35589576,False
15863,-0.21558547,-0.27006721,False
15862,-0.07695621,-0.05104077,False
15868,0.034206197,0.041847147,False
15860,-0.17226076,0.053180933,False
15877,0.038304858,0.08610317,False
15879,-0.04762992,0.027979858,False
15893,-0.0022254586,0.11007324,False
15892,0.031566024,-0.037261218,False
15891,0.088042766,-0.15456194,False
15890,-0.15395129,-0.3221274,False
15889,0.10177374,0.059689313,False
15888,-0.07450414,-0.36763775,False
15878,0.1165711,-0.03226444,False
15887,-0.13447064,-0.031578958,False
15885,-0.24583852,-0.14810514,False
15884,-0.1951459,-0.264212,False
15883,0.082328945,0.05066587,False
15882,-0.009565404,-0.009565404,False
15881,0.05077847,1.1627103,False
15880,-0.052379414,-0.05685942,False
15886,-0.16172826,-0.2694139,False
15647,-0.01130259,-0.07727453,False
15789,0.0,0.0,False
15787,0.054140657,0.10384941,False
15685,-0.08932008,0.03115341,False
15686,0.021730607,-0.017356584,False
15687,0.15812755,0.07279682,False
15688,0.04969941,-0.04520566,False
15689,-0.047688566,-0.047688566,False
15690,0.14216411,-0.00063687563,False
15691,0.012964026,0.0038325975,False
15692,0.06495777,0.010908723,False
15693,-0.0039994186,-0.0025845019,False
15694,-0.111218184,0.08668226,False
15695,0.03220868,0.20058864,False
15696,-0.045983613,0.2863515,False
15697,-0.0017041434,-0.022313023,False
15698,0.024517953,0.028967068,False
15699,-0.11568463,-0.12716289,False
15700,-0.15148818,-0.09858352,False
15701,-0.052848995,-0.19478142,False
15715,-0.063500494,-0.15324572,False
15714,-0.23397398,-1.6699574,False
15713,-0.14380997,-0.29789624,False
15712,0.004567355,0.08720887,False
15711,0.0,0.0,False
15710,0.059954226,0.035754353,False
15684,-0.009428883,-0.009428883,False
15709,-0.012721423,-0.012481992,False
15707,0.003944576,-0.0176,False
15706,-0.26654172,-0.9067111,False
15705,-0.1422283,-0.2110753,False
15704,-0.26932645,0.109081745,False
15703,-0.0614046,0.054483786,False
15702,-0.023048207,-0.061874114,False
15708,-0.0043214094,-0.0043214094,False
15683,-0.022408858,-0.1977641,False
15682,-0.21030687,-0.080255896,False
15681,0.045575365,0.015819624,False
15662,-0.11448747,-0.079143256,False
15661,-0.060508735,-0.055662356,False
15660,0.028487206,-0.030892894,False
15659,-0.40993178,-0.08856404,False
15658,0.18962193,0.31477118,False
15657,-0.27365518,0.092611074,False
15663,0.008402213,-0.052397363,False
15656,0.13666174,0.060770124,False
15654,-0.016770251,-0.077444874,False
15653,-0.008922799,-0.008922799,False
15652,0.037983313,-0.0024420589,False
15651,-0.025201559,-0.026777476,False
15650,-0.3717748,-0.0056040287,False
15649,-0.029849157,0.55627006,False
15655,-0.0048891306,-0.09884226,False
15716,-0.013260468,-0.0033565452,False
15664,-0.046287466,0.0007536337,False
15666,0.03706801,-0.12074578,False
15680,0.04078266,0.069115385,False
15679,-0.010978915,-0.049647756,False
15678,-0.01810479,-0.018100616,False
15677,0.01772122,-0.054688036,False
15676,0.022328377,-0.03529309,False
15675,-0.02749449,-0.050369203,False
15665,-0.016467065,-0.036157668,False
15674,-0.054458797,0.0836367,False
15672,0.09238598,-0.11119853,False
15671,0.0026371777,0.115603596,False
15670,-0.115309164,0.044930935,False
15669,0.123383045,0.07128382,False
15668,-0.13065547,-0.085793495,False
15667,-0.003079094,-0.039890464,False
15673,-0.04164231,-0.009664714,False
15788,0.07294041,0.20968613,False
15717,-0.24446976,-0.17493862,False
15719,0.013436481,-0.0403973,False
15756,0.013769686,0.04510653,False
15757,-0.03364159,-0.02488279,False
15758,-0.1122752,0.043648183,False
15759,0.013143967,-0.004049537,False
15760,-0.19639945,-0.17576778,False
15761,0.08186084,0.015156269,False
15762,0.28214002,0.51297,False
15763,-0.15240896,0.17128837,False
15764,0.0060954466,0.013865747,False
15765,0.046874642,-0.011231959,False
15766,0.041942537,-0.15590294,False
15767,-0.023632968,-0.0431004,False
15768,0.09490104,-0.07442944,False
15769,0.0058663245,0.018381016,False
15770,-0.0986543,-0.03543505,False
15771,0.01556012,0.074165225,False
15772,-0.034386367,-0.10355693,False
15786,-0.13528517,0.026392937,False
15785,0.054794848,-0.028826356,False
15784,0.020770041,-0.01764147,False
15783,-0.0941242,-0.021701813,False
15782,0.011895616,-0.009885997,False
15781,0.08837786,-0.103434786,False
15755,-0.03502971,-0.08554208,False
15780,0.08666937,-0.039599106,False
15778,-0.07288857,-0.11880664,False
15777,-0.0033600405,-0.046472043,False
15776,-0.02261456,-0.04582496,False
15775,-0.067248374,-0.052626148,False
15774,0.01544228,-0.005291652,False
15773,-0.0045857676,-0.0045857676,False
15779,-0.07210934,-0.0071861744,False
15754,-0.21334863,-0.44854096,False
15753,-0.06956291,0.040220678,False
15752,-0.21756564,-0.016269088,False
15733,0.0,0.0,False
15732,-0.06484705,0.0014593005,False
15731,-0.009193588,-0.009193588,False
15730,-0.11889267,-0.09499508,False
15729,-0.073562086,-0.19601807,False
15728,0.0031841695,-0.018349417,False
15734,-0.1683609,-0.1451443,False
15727,-0.04438436,0.17337698,False
15725,-0.014837651,-0.037091184,False
15724,0.1262379,-0.058389753,False
15723,0.1114991,0.024643242,False
15722,-0.010051146,-0.006788045,False
15721,-0.1356886,-0.036493868,False
15720,0.2344746,0.33948982,False
15726,0.0787009,0.012717783,False
15718,-0.0095745325,-0.09181416,False
15735,0.0,0.0,False
15737,0.0038141534,-0.00820807,False
15751,-0.12217641,-0.00027370453,False
15750,-0.0035024756,-0.0035024756,False
15749,0.02347219,-0.03060694,False
15748,0.0038192272,-0.07681953,False
15747,0.024894,0.005841732,False
15746,0.058648944,-0.008992892,False
15736,0.04373193,-0.040046185,False
15745,0.01736445,-0.022520835,False
15743,-0.23485804,0.16942638,False
15742,-0.01987359,-0.0010322034,False
15741,-0.047979265,0.08361919,False
15740,0.023369104,-0.02905742,False
15739,-0.0033912933,-0.0033912933,False
15738,-0.0108559355,-0.077659294,False
15744,0.0006463975,-0.07588846,False
15363,0.0054781195,-0.016057083,False
15362,0.032831844,-0.050371658,False
15361,-0.0046749087,-0.0045640976,False
14973,-0.0048735146,-0.0048735146,False
14974,-0.0101896,-0.0101896,False
14975,-0.031644225,-0.031644225,False
14976,0.0,0.0,False
14977,0.0,0.0,False
14978,-0.0049688914,-0.0049688914,False
14979,-0.014785072,-0.014785072,False
14980,-0.014519291,-0.014519291,False
14981,0.0073149335,-0.013771579,False
14982,-0.021849018,-0.0218478,False
14983,-0.2393401,-0.13908264,False
14984,-0.011999613,-0.023701865,False
14985,-0.026029777,-0.06720421,False
14986,0.015810532,-0.004547674,False
14987,-0.009202419,-0.009202419,False
14988,-0.004470864,-0.004470864,False
14989,-0.008880455,-0.008880455,False
15003,-0.13504171,-0.0001001358,False
15002,-0.11336136,-0.11314225,False
15001,-0.050372362,-0.09855533,False
15000,0.10889089,-0.06792271,False
14999,-0.13359702,0.020440042,False
14998,0.23262215,-0.26757848,False
14972,-0.002245795,-0.024288064,False
14997,0.087938786,0.0014603734,False
14995,-0.13503456,0.10810757,False
14994,-0.3684175,-0.15961099,False
14993,0.018264115,0.037896037,False
14992,-0.33602762,0.2625007,False
14991,-0.013070788,-0.035201356,False
14990,-0.0794124,0.08966118,False
14996,0.12629247,0.0012626648,False
14971,-0.0084777,-0.008250663,False
14970,-0.003628571,-0.003628571,False
14969,-0.009915533,-0.009915533,False
14950,-0.011448562,-0.088412404,False
14949,0.023811221,-0.08645952,False
14948,0.1036616,0.09844184,False
14947,-0.12906644,0.16913849,False
14946,0.04766503,-0.04085076,False
14945,-0.07371898,0.02409935,False
14951,-0.06403831,0.12342954,False
14944,-0.0957464,-0.10183203,False
14942,-0.010717651,0.006807603,False
14941,0.05483073,-0.029722683,False
14940,0.086666584,-0.26513928,False
14939,0.008430278,-0.0074274503,False
14938,-0.053014874,-0.18891734,False
14937,-0.111393034,-0.05981344,False
14943,0.026455522,-0.31309545,False
15004,-0.016329527,-0.07508373,False
14952,0.0,0.0,False
14954,0.023567557,0.09943324,False
14968,0.0072540045,-0.1648475,False
14967,0.14989695,-0.07981616,False
14966,0.08481425,0.36787695,False
14965,-0.0410192,-0.031356573,False
14964,0.6125436,-0.45242095,False
14963,0.14268398,0.12316561,False
14953,0.07092829,0.014034942,False
14962,0.33895874,0.15983105,False
14960,-0.14141333,-0.005226016,False
14959,0.0,0.0,False
14958,-0.0065797344,-0.03978786,False
14957,0.024966896,0.3198133,False
14956,-0.024057657,0.0055672023,False
14955,0.105411366,-0.042684887,False
14961,0.022284105,-0.035191752,False
14936,0.060894623,0.06240727,False
15005,0.13921785,-0.019928455,False
15007,-0.14317107,-0.21316862,False
15044,-0.15765572,-0.07742065,False
15045,0.009665638,-0.082004175,False
15046,-0.32374048,-1.1477044,False
15047,0.0794287,-0.054024022,False
15048,0.0,0.0,False
15049,-0.0909988,0.012190253,False
15050,-0.073002815,0.04227543,False
15051,-0.20336628,-0.2454803,False
15052,-0.004640963,-0.004640963,False
15053,-0.01986903,-0.18240598,False
15054,-0.17602307,-0.066147625,False
15055,-0.1051932,-0.018237472,False
15056,-0.079549134,-0.13523851,False
15058,0.039082803,0.07344812,False
15059,0.0,0.00041276176,False
15060,-0.21884094,-0.12920311,False
15061,-0.00074219704,0.026626289,False
15075,-0.011794269,0.17305195,False
15074,0.0,0.005686645,False
15073,-0.027407765,0.5263995,False
15072,-0.02863115,-0.044196587,False
15071,0.003970444,-0.05848934,False
15070,0.0,0.0,False
15043,-0.10136269,-0.09095164,False
15069,-0.16552877,0.1456337,False
15067,0.032269478,-0.09455353,False
15066,0.47550297,0.4904108,False
15065,0.10991615,0.007676691,False
15064,-0.024724837,-0.020637691,False
15063,-0.014119303,-0.014119303,False
15062,-0.051985085,-0.021173805,False
15068,0.06300887,-0.06555131,False
15042,0.30877346,-0.13158369,False
15041,-0.070224255,-0.17099151,False
15040,0.016088806,0.0,False
15021,-0.020850591,0.013378672,False
15020,0.083067596,0.10752654,False
15019,0.004930973,-0.0848968,False
15018,-0.056868076,-0.117761254,False
15017,-0.056307144,-0.08306739,False
15016,0.1334258,0.008504674,False
15022,-0.39508867,-0.05616343,False
15015,-0.17075515,0.08808422,False
15013,-0.018290238,-0.011900652,False
15012,0.0059506856,-0.01685659,False
15011,0.040149704,-0.048575953,False
15010,-0.2696886,0.054577112,False
15009,0.19611478,0.0219481,False
15008,0.02441157,-0.0279761,False
15014,-0.0100163,-0.0047489875,False
15006,0.10501218,-0.2745371,False
15023,-0.29429692,-0.16555756,False
15025,0.065757066,-0.06757128,False
15039,0.032205403,-0.083566576,False
15038,-0.03770086,0.0052124783,False
15037,0.11030173,-0.04792875,False
15036,0.004347207,-0.01859986,False
15035,0.033423007,0.25649935,False
15034,-0.26358032,-0.94638133,False
15024,0.16385376,-0.5524818,False
15033,0.0030173361,-0.003779307,False
15031,-0.04678905,-0.13268924,False
15030,-0.006873116,0.010516435,False
15029,0.014208169,-0.008339326,False
15028,0.12903357,0.017881393,False
15027,0.0017285049,-0.022919238,False
15026,0.012939513,-0.030757546,False
15032,-0.18163526,-0.14632267,False
15076,-0.0044345595,-0.03771868,False
14935,-0.08442813,-0.05162257,False
14933,0.0006368458,-0.055530787,False
14831,0.01182279,-0.080185816,False
14832,-0.0052511254,-0.0052511254,False
14833,0.073388994,0.42398405,False
14834,-0.13643748,-0.11333907,False
14835,0.11897844,-0.019722462,False
14836,0.26693946,-0.15863308,False
14837,-0.0130427815,-0.0130427815,False
14838,0.0,0.0,False
14839,-0.021915704,-0.009121671,False
14840,0.0014965534,-0.019564211,False
14841,0.033717036,-0.14447248,False
14842,0.03365755,-0.14762783,False
14843,0.0,0.0,False
14844,0.0961926,0.06353462,False
14845,0.027612716,0.07696706,False
14846,0.011911392,-0.09539199,False
14847,0.07761395,-0.05267793,False
14861,0.040797055,0.2418369,False
14860,-0.063426375,0.05100262,False
14859,-0.086773306,0.091103256,False
14858,-0.19738269,0.032102823,False
14857,0.0,0.0,False
14856,-0.012551509,-0.031445697,False
14830,0.04871817,-0.04591263,False
14855,-0.37555408,-0.278697,False
14853,0.019376814,0.023713708,False
14852,0.25922322,0.02516377,False
14851,0.031056345,0.05605215,False
14850,-0.11150807,0.030714989,False
14849,0.24060428,-0.37888944,False
14848,-0.14654186,0.004573822,False
14854,-0.018425971,-0.062029175,False
14829,-0.0047864243,-0.044998117,False
14828,-0.38232052,0.118201494,False
14827,-0.2579825,-0.323359,False
14808,-0.005111791,-0.000815094,False
14807,-0.018574268,0.038523734,False
14806,0.0038588755,-0.041821063,False
14805,-0.063156635,-0.21409449,False
14804,-0.007607341,-0.05712922,False
14803,0.0,0.0,False
14809,-0.034326624,0.040370654,False
14802,0.09722945,0.0250943,False
14800,0.07774757,-0.022862881,False
14799,0.0062648654,0.61080444,False
14798,0.035608307,0.014876831,False
14797,-0.004937267,-0.004937267,False
14796,0.0065316744,0.008179046,False
14795,-0.079079434,-0.0955469,False
14801,0.088316455,-0.062250987,False
14862,0.021797717,0.13643372,False
14810,0.023869451,-0.011092324,False
14812,-0.038831424,-0.038831424,False
14826,-0.030423045,0.023987383,False
14825,-0.038242906,0.14074811,False
14824,0.0,0.0,False
14823,0.0,0.0,False
14822,0.0,0.0,False
14821,0.035323143,0.11998439,False
14811,-0.009704532,-0.009199254,False
14820,-0.009720163,-0.009720163,False
14818,-0.019062191,-0.0043458343,False
14817,-0.15610218,0.08066313,False
14816,-0.06331672,-0.1691215,False
14815,-0.09085114,-0.024084017,False
14814,-0.017319202,-0.073410034,False
14813,0.07581562,0.035307467,False
14819,-0.60397446,0.48640049,False
14934,-0.061534345,0.011498779,False
14863,0.06972188,-0.027471393,False
14865,-0.46714354,-0.18109608,False
14902,0.0,0.0,False
14903,-0.066277176,0.046735555,False
14904,-0.015941262,-0.23486984,False
14905,-0.07692507,-0.13834435,False
14906,-0.019625004,0.012314767,False
14907,-0.124482974,-0.059780806,False
14908,0.018439822,0.008165136,False
14909,-0.10103333,-0.10117328,False
14910,0.021534361,0.0014500484,False
14911,-0.055621535,0.029749691,False
14912,-0.016868025,-0.034589007,False
14913,0.011785615,0.030609682,False
14914,0.045839414,0.05529014,False
14915,0.0,0.0,False
14916,-0.014101176,-0.014100778,False
14917,-0.26357174,0.24190897,False
14918,0.017315287,-0.0050395867,False
14932,-0.24765061,0.019409925,False
14931,-0.06811267,0.19693708,False
14930,-0.088326335,-0.28541172,False
14929,0.008872114,-0.04711441,False
14928,-0.03184902,-0.0048795342,False
14927,-0.05080364,-0.043975003,False
14901,-0.097819924,0.043486595,False
14926,-0.02865778,0.067849964,False
14924,-0.14152512,-0.21304095,False
14923,-0.025151648,-0.025151648,False
14922,-0.1300697,-0.11999282,False
14921,0.0007869229,-0.05983924,False
14920,-0.15092163,0.053905398,False
14919,0.055808544,-0.3026843,False
14925,-0.02611807,-0.030960113,False
14900,-0.004876203,-0.0039165895,False
14899,-0.050859213,-0.15084636,False
14898,0.41093516,0.2923271,False
14879,-0.11190152,0.061291844,False
14878,-0.0014090091,0.026864618,False
14877,-0.0020927954,-0.019040775,False
14876,-0.015452664,-0.027514372,False
14875,-0.01533135,-0.037376676,False
14874,0.12631088,0.04829514,False
14880,-0.022985697,0.027095497,False
14873,-0.027318457,-0.04312806,False
14871,-0.2565229,0.028713584,False
14870,0.034104824,0.068223,False
14869,0.07330185,-0.024558038,False
14868,0.11108768,-0.044788897,False
14867,-0.057841063,-0.09630547,False
14866,0.0,0.0,False
14872,0.050224163,-0.0061774626,False
14864,-0.14789581,-0.36280918,False
14881,0.006539517,-0.012747969,False
14883,-0.0061864406,-0.06916475,False
14897,-0.26205063,-0.04494214,False
14896,-0.05287884,-0.025170108,False
14895,0.10553837,-0.122483134,False
14894,-0.21663153,0.027701974,False
14893,0.048496664,0.087290406,False
14892,-0.26176143,-0.76542664,False
14882,0.010646343,-0.054537192,False
14891,-0.021608286,0.06399315,False
14889,0.018063733,-0.004350482,False
14888,-0.004638302,-0.0046337256,False
14887,-0.0051165484,-0.0051165484,False
14886,0.050572753,0.059453607,False
14885,0.0,0.0,False
14884,-0.015355259,-0.06332825,False
14890,-0.14800495,-0.20784777,False
15077,-0.027027994,-0.15646169,False
15078,-0.004061069,-0.0026192432,False
15079,0.24432397,-0.06400758,False
15259,-0.1498878,0.06431985,False
15260,0.01999569,-0.010995865,False
15261,-0.09763336,0.08459449,False
15262,-0.59458566,-0.11741972,False
15263,0.13321006,0.35845757,False
15264,-0.017324924,-0.14731884,False
15265,0.0,0.0,False
15266,-0.007135093,-0.06906277,False
15267,0.014186077,-0.035039563,False
15268,-0.34580612,-0.2671466,False
15269,-0.15051174,-0.21004128,False
15270,-0.027813435,-0.052883863,False
15271,-0.051775753,-0.16985643,False
15272,0.056443572,0.18872997,False
15273,-0.3565247,-0.022140384,False
15274,0.017242888,0.0,False
15275,0.021086512,0.0,False
15289,-0.008922739,-0.029172681,False
15288,-0.0046032667,-0.061745018,False
15287,0.18650544,-0.12829894,False
15286,0.024488151,0.09336913,False
15285,-0.017226376,-0.017226376,False
15284,-0.118904114,-0.2259798,False
15258,-0.17967415,-0.43472505,False
15283,0.070945024,0.06862211,False
15281,-0.001085043,0.11887002,False
15280,-0.012940407,0.014487296,False
15279,0.31519306,-0.01700747,False
15278,-0.0050029927,0.00020010909,False
15277,0.09234214,-0.10935438,False
15276,0.09020269,0.024371803,False
15282,0.19982076,0.022913456,False
15257,-0.3834331,-0.31459117,False
15256,-0.0153471865,-0.0153471865,False
15255,0.11399436,0.16055703,False
15236,0.10284662,0.05413437,False
15235,0.003952354,-0.019483449,False
15234,0.01106742,-0.030406594,False
15233,0.129632,-0.12906885,False
15232,0.21281576,-0.06754291,False
15231,-0.22001863,-0.19270015,False
15237,-0.43733597,-0.3112949,False
15230,-0.1601758,0.6014204,False
15228,-0.06378241,0.049083173,False
15227,-0.0266833,0.042831346,False
15226,0.049187124,-0.11932938,False
15225,-0.04497595,-0.012696281,False
15224,0.2103039,-0.23446095,False
15223,0.030317709,0.022993028,False
15229,0.044523824,0.019402582,False
15290,0.0032451246,-0.016866703,False
15238,-0.07904167,0.08256319,False
15240,-0.13474512,-0.1504327,False
15254,0.20387459,-0.22086716,False
15253,0.00866878,-0.08201295,False
15252,-0.18568009,-0.07033819,False
15251,0.028973505,-0.012852184,False
15250,-0.18215203,-0.10507512,False
15249,-0.004265547,-0.054426193,False
15239,-0.1974754,0.022231698,False
15248,-0.028199077,-0.11872798,False
15246,0.0,0.0,False
15245,0.07181305,-0.005145788,False
15244,-0.1535213,0.11836231,False
15243,0.10153031,0.24883437,False
15242,0.003237009,-0.008104622,False
15241,-0.32897353,-0.10628438,False
15247,-0.0035495833,-0.033585094,False
15222,0.16698027,0.18764913,False
15291,-0.016053438,-0.24072623,False
15293,0.04349327,-0.10667682,False
15330,-0.028582975,-0.027244404,False
15331,-0.011143401,-0.052863643,False
15332,0.08165015,0.44777507,False
15333,0.0030457303,-0.06426834,False
15334,0.028118342,-0.03414935,False
15335,0.05740404,0.10061586,False
15336,-0.21277377,-0.033889532,False
15337,-0.22145653,-0.6989628,False
15338,0.019128388,-0.0040890537,False
15339,-0.056438178,-0.14993826,False
15340,-0.009632015,-0.009632015,False
15341,0.16371408,0.05753869,False
15342,-0.07778522,-0.20961672,False
15343,-0.34053835,-0.27720413,False
15344,-0.006703377,-0.11151067,False
15345,0.018456675,0.03673195,False
15346,-0.020651817,0.14719248,False
15360,-0.032177165,-0.09793031,False
15359,0.013765328,-0.009568887,False
15358,-0.0040635765,-0.007303357,False
15357,-0.019302249,0.044670463,False
15356,-0.2458421,-0.0034804344,False
15355,-0.12573756,0.20081529,False
15329,-0.0032515526,-0.089959905,False
15354,-0.20554054,-0.012771308,False
15352,-0.68778753,-0.30896902,False
15351,-0.794842,-0.89541817,False
15350,-1.2698619,-1.4966974,False
15349,0.0037608966,-0.0075938106,False
15348,-0.00796053,-0.006925774,False
15347,-0.02971406,-0.029548809,False
15353,0.040874958,-0.059318542,False
15328,0.15448606,-0.08668113,False
15327,-0.21731344,0.03796345,False
15326,0.0,0.0,False
15307,0.016294496,0.0,False
15306,0.0,0.0,False
15305,-0.02487419,-0.021364175,False
15304,0.014264807,-0.02719817,False
15303,-0.24510425,-0.22448146,False
15302,0.010538025,-0.0032090414,False
15308,0.05183983,0.122098565,False
15301,0.059284464,0.009013876,False
15299,-0.013129592,-0.063350916,False
15298,0.0119699575,-0.040996693,False
15297,-0.05518776,-0.086208835,False
15296,0.0,0.0,False
15295,0.07898326,-0.034345124,False
15294,-0.029098565,-0.026619887,False
15300,0.10896024,0.116797805,False
15292,0.060612112,-0.053318113,False
15309,0.0,0.0,False
15311,-0.19740254,-0.1649828,False
15325,-0.22372523,-0.15413609,False
15324,0.05747938,0.13287902,False
15323,-0.20494115,-0.09495574,False
15322,0.011573948,-0.05585017,False
15321,0.0,0.0023270638,False
15320,-0.042992346,-0.0011489056,False
15310,-0.030976467,-0.07007147,False
15319,0.0,0.061124768,False
15317,-0.0047292574,-0.0047292574,False
15316,0.041248858,-0.02925001,False
15315,-0.0083000865,-0.0083000865,False
15314,-0.0032373075,-0.0032373075,False
15313,-0.013645418,0.02035409,False
15312,-0.008449115,-0.054182485,False
15318,-0.07780677,-0.06119466,False
15221,0.19468927,-0.04105246,False
15220,-0.070008144,-0.09158837,False
15219,-0.024291337,-0.14582646,False
15116,0.0037110504,-0.018792843,False
15117,-0.026411004,0.017635696,False
15118,0.0040510297,-0.124738425,False
15119,-0.03025727,-0.006686032,False
15120,0.0,0.0,False
15121,-0.06945133,0.0010059625,False
15122,0.008015394,-0.13641709,False
15123,0.040923648,0.01042017,False
15124,0.0,1.652749e-05,False
15125,-0.035041425,-0.03820905,False
15126,0.021652507,0.0,False
15127,-0.0099889245,-0.0099873245,False
15128,-0.04783854,-0.061947256,False
15129,-0.04565689,-0.16363853,False
15130,0.0029210746,-0.105248444,False
15131,0.098049164,-0.2622397,False
15132,-0.4173143,-0.26268172,False
15146,-0.02491951,0.10338688,False
15145,0.0,0.0,False
15144,0.01328836,0.0016513555,False
15143,0.0006746948,0.019598141,False
15142,-0.030829608,-0.061969046,False
15141,-0.01888334,-0.018812718,False
15115,-0.0004863888,0.03644163,False
15140,0.009478267,-0.0010622591,False
15138,-0.009765217,-0.009765217,False
15137,-0.037966326,-0.031850062,False
15136,0.0075201765,-0.014231022,False
15135,-0.035327837,0.07026434,False
15134,-0.5212692,-0.15912628,False
15133,-0.005325999,0.0076853447,False
15139,0.012462761,-0.04620954,False
15114,-0.022380374,-0.03099969,False
15113,0.0,0.0,False
15112,0.015562281,0.2302846,False
15093,-0.01838263,-0.01838263,False
15092,-0.14510685,0.03122887,False
15091,-0.046874404,-0.42360353,False
15090,-0.75181293,-0.9131141,False
15089,-0.9124932,-0.97018766,False
15088,-0.30480218,-0.8154032,False
15094,-0.2641974,-0.14400446,False
15087,-0.15393388,-0.0377146,False
15085,0.040281676,-0.01827714,False
15084,-0.04022204,-0.06307204,False
15083,-0.10369228,-0.10962097,False
15082,0.0005950611,-0.007167289,False
15081,-0.0046034134,0.006585878,False
15080,0.033312514,-0.102186695,False
15086,0.0,0.0,False
15147,-0.0010879096,-0.024720492,False
15095,-0.022479892,0.068265915,False
15097,-0.058840796,-0.108063534,False
15111,0.0,0.0,False
15110,-0.055363104,-0.09455615,False
15109,0.14979842,0.22290829,False
15108,-0.47144616,0.14385742,False
15107,0.022133011,0.008906711,False
15106,-0.03933102,0.03417617,False
15096,0.029004544,-0.026702242,False
15105,0.0072806235,-0.011854859,False
15103,0.023170894,-0.021388555,False
15102,-0.0015230943,-0.024940124,False
15101,-0.007789177,-0.007789177,False
15100,-0.01800242,-0.16813247,False
15099,-0.075858414,-0.09438802,False
15098,0.03460869,-0.051144365,False
15104,0.009747863,0.11393654,False
15148,-0.079080164,0.019784808,False
15149,-0.17928374,-0.041434646,False
15150,-0.0074204206,0.17742747,False
15200,0.0,0.0,False
15199,-0.021822631,0.06387383,False
15198,0.0,0.0,False
15197,-0.26674956,0.35023177,False
15196,0.38283384,0.09468967,False
15195,-0.011785626,-0.10333451,False
15201,0.033237696,0.0956102,False
15194,-0.048753962,-0.04241904,False
15192,0.0932484,0.0331614,False
15191,-0.08476208,0.075028,False
15190,0.0,0.0,False
15189,-0.013102861,-0.013102861,False
15188,-0.0134218335,-0.082524255,False
15187,-0.03584841,-0.099913985,False
15193,-0.03969395,-0.12436989,False
15186,-0.013217386,-0.013217386,False
15202,0.062545896,-0.33236343,False
15204,-0.17188829,-0.18969214,False
15218,-0.10659999,-0.12376593,False
15217,0.005822299,-0.013387144,False
15216,-0.0072932392,-0.044614933,False
15215,0.09351264,-0.04619068,False
15214,-0.015076142,-0.050977506,False
15213,0.01823091,-0.011848778,False
15203,-0.004938297,-0.004938297,False
15212,-0.22641867,-0.033449292,False
15210,0.107082844,0.31730747,False
15209,-0.06144607,-0.2968797,False
15208,-0.34417284,-0.34678805,False
15207,-0.006522579,-0.02865559,False
15206,-0.12971327,-0.17037189,False
15205,0.0,0.0,False
15211,-0.17872262,-0.31069577,False
14793,0.003536405,-0.0009050481,False
15185,0.033990853,-0.004804872,False
15183,-0.008765785,-0.008562166,False
15164,-0.03291791,-0.051278766,False
15163,-0.031317085,-0.07006003,False
15162,-0.07145225,0.02150102,False
15161,-0.0067827106,-0.062017575,False
15160,0.1373994,0.041911162,False
15159,-0.040250033,0.026272267,False
15165,0.047372974,-0.047355462,False
15158,0.0061144903,0.03463704,False
15156,-0.1681104,-0.006251514,False
15155,0.048015743,0.06699523,False
15154,0.025475264,-0.6244681,False
15153,-0.08515024,-0.4881367,False
15152,0.019772172,0.035559326,False
15151,0.0,0.008737918,False
15157,-0.11032359,0.025346309,False
15184,0.03377883,0.0052198656,False
15166,0.2297523,-0.33727086,False
15168,0.0,0.0,False
15182,-0.018506348,-0.059347898,False
15181,-0.07268441,-0.14964303,False
15180,-0.2527871,-0.20800352,False
15179,-0.09959949,-0.13302732,False
15178,-0.016557932,0.015091091,False
15177,0.030508786,0.041109264,False
15167,0.016332746,0.0071328566,False
15176,-0.12906861,-0.12991369,False
15174,0.13051558,-0.1067656,False
15173,0.14838722,0.9554708,False
15172,0.0,0.0,False
15171,-0.00034707785,-0.03248199,False
15170,-0.012585368,0.019407175,False
15169,-0.0034866408,0.85009754,False
15175,-0.040493518,-0.09094366,False
9093,0.0030207038,0.012340382,False
9105,-0.324139,0.012465596,False
9091,0.019708425,0.0074176937,False
3029,0.005278548,-0.013930894,False
3030,-0.040321007,-0.086448796,False
3031,0.0012238659,-0.019515166,False
3032,-0.08711526,0.04183796,False
3033,-0.0011607707,-0.024269272,False
3034,0.016088806,0.0,False
3035,0.002635153,-0.02037505,False
3036,-0.032427005,-0.075499296,False
3037,-0.014377452,-0.03524546,False
3038,-0.077982925,-0.15382412,False
3039,0.013409413,-0.032676842,False
3040,0.03478951,-0.048482537,False
3041,0.054352343,-0.075466245,False
3042,-0.065105855,-0.064318955,False
3043,0.0,0.0,False
3044,0.0,0.0,False
3045,-0.004983937,-0.004983937,False
3059,0.0,0.0,False
3058,-0.0056420714,-0.038707197,False
3057,0.010215491,-0.07356812,False
3056,-0.009249233,-0.082863376,False
3055,-0.038963187,-0.038963187,False
3054,-0.015258741,-0.015258741,False
3028,-0.042524096,-0.029313125,False
3053,0.011711707,-0.010271175,False
3051,-0.0045746295,-0.004010822,False
3050,-0.00958499,-0.00958499,False
3049,0.006136994,-0.013609807,False
3048,0.0075883204,-0.014829752,False
3047,0.019188419,0.014560342,False
3046,0.025580797,-0.019420456,False
3052,-0.008348929,-0.008348929,False
3027,0.007101748,-0.0072780848,False
3026,0.0,0.0,False
3025,-0.0045919847,-0.0045919847,False
3006,0.0,0.0,False
3005,-0.018465493,-0.018465493,False
3004,0.0,0.0,False
3003,0.0050635487,0.03383498,False
3002,0.033525407,-0.029797891,False
3001,0.0064556673,-0.014932325,False
3007,0.041557275,0.058424644,False
3000,-0.048147615,-0.028225226,False
2998,-0.041233383,-0.056411713,False
2997,0.04586096,0.0,False
2996,-0.009527922,-0.009527922,False
2995,0.016485743,-0.0042532887,False
2994,-0.2796986,0.18974972,False
2993,0.03225482,-0.0133166155,False
2999,-0.0048698788,0.001051236,False
3060,0.01762686,-0.004025647,False
3008,0.022426765,0.0,False
3010,0.0,0.00034101208,False
3024,0.0593462,-0.037881676,False
3023,0.008435663,-0.01501504,False
3022,0.025798481,-0.019432068,False
3021,0.10981916,0.029261619,False
3020,-0.0040039783,-0.0040039783,False
3019,0.019295003,-0.023777287,False
3009,-0.010179518,-0.010106977,False
3018,0.0,0.0,False
3016,0.033431675,-0.03247873,False
3015,-0.03575598,-0.035654604,False
3014,-0.005097175,-0.005097175,False
3013,-0.023029359,-0.023029359,False
3012,-0.024332464,0.02899699,False
3011,-0.009877757,-0.009877757,False
3017,0.027322516,-0.05154752,False
2992,-0.014810139,-0.014810139,False
3061,0.014630165,-0.0052289614,False
3063,0.03119433,-0.040046066,False
3100,0.0074742706,-0.013434109,False
3101,-0.023794657,-0.03991876,False
3102,-0.004784322,-0.004784322,False
3103,-0.058050614,-0.05108247,False
3104,-0.013938733,-0.013938733,False
3105,-0.011915421,-0.03346456,False
3106,-0.008834273,-0.03174523,False
3107,-0.009420829,-0.031284954,False
3108,0.027126033,-0.061792213,False
3109,-0.0048027425,-0.0048027425,False
3110,0.012516908,-0.009135598,False
3111,-0.06767228,0.1466852,False
3112,-0.086613506,-0.20219293,False
3113,0.07453057,-0.06458536,False
3114,0.098932326,0.042209923,False
3115,0.008258626,-0.0729681,False
3116,-0.023959335,-0.013346937,False
3130,0.0,0.0,False
3129,-0.18079266,-0.2827436,False
3128,0.1784569,0.13339245,False
3127,0.0,0.0,False
3126,-0.011251375,0.06301458,False
3125,-0.027723894,0.081194445,False
3099,-0.0101491455,-0.0101491455,False
3124,-0.064079255,0.014354944,False
3122,-0.032766245,-0.026100522,False
3121,-0.05530481,0.09198676,False
3120,-0.014486343,-0.082793236,False
3119,0.0,0.0,False
3118,0.024855137,-0.01732672,False
3117,0.0,0.0,False
3123,0.0128593985,-0.003918814,False
3098,0.031792484,-0.0344636,False
3097,0.0,0.0,False
3096,-0.028508294,-0.028508294,False
3077,-0.0048137996,-0.0048137996,False
3076,0.012543537,-0.009845687,False
3075,0.027278215,-0.11923003,False
3074,-0.019603873,-0.019603873,False
3073,-0.077303976,0.008414775,False
3072,-0.00996813,-0.00996813,False
3078,-0.0049436693,-0.0049436693,False
3071,-0.0141922245,-0.0141922245,False
3069,-0.0010352209,-0.022683268,False
3068,-0.028771076,-0.06507907,False
3067,-0.115897864,-0.07440534,False
3066,0.0,0.0,False
3065,-0.035418484,-0.040926192,False
3064,-0.0016497262,-0.007852925,False
3070,0.0039325133,0.045242563,False
3062,-0.011642717,0.06615823,False
3079,-0.009401978,-0.009401978,False
3081,-0.06249035,0.018702775,False
3095,0.0069291405,-0.050490666,False
3094,-0.0070780087,-0.029504774,False
3093,0.005944211,-0.014923796,False
3092,-0.003308434,-0.025810357,False
3091,-0.045792453,0.037243843,False
3090,0.014045566,-0.046447955,False
3080,0.01879873,-0.0037890337,False
3089,-0.02293989,0.025900997,False
3087,-0.013949996,-0.013949996,False
3086,0.009309828,-0.056094788,False
3085,-0.00030458346,-0.019239066,False
3084,-0.009581868,-0.009581868,False
3083,-0.044896267,-0.06735569,False
3082,0.021972649,-0.0341101,False
3088,-0.031651273,-0.031651273,False
3131,-0.44353464,-0.37251237,False
2991,0.01638293,-0.004746907,False
2989,0.0071741743,-0.012892606,False
2887,-0.023845859,-0.063523695,False
2888,-0.029693542,-0.029693542,False
2889,-0.004491555,0.020248946,False
2890,-0.033821076,-0.052290823,False
2891,-0.02625003,-0.02617555,False
2892,-0.024098663,-0.024098663,False
2893,0.0,0.0,False
2894,0.0,0.0,False
2895,0.022550493,0.04055766,False
2896,0.01274227,-0.008874429,False
2897,0.0042014085,-0.01878542,False
2898,0.022145078,0.006630987,False
2899,0.0,0.034808405,False
2900,0.022510799,0.0,False
2901,0.022366293,0.0,False
2902,-0.038124345,-0.031064766,False
2903,-0.03513844,-0.035113994,False
2917,0.016823648,0.0,False
2916,0.01105861,-0.009701528,False
2915,0.02881616,0.0060820733,False
2914,-0.014488287,-0.014488287,False
2913,-0.008392123,-0.008392123,False
2912,-0.05275011,-0.022602856,False
2886,0.0,0.0,False
2911,-0.004554102,-0.004554102,False
2909,-0.0034862934,0.039451193,False
2908,0.026681371,-0.049370117,False
2907,0.0,0.000699089,False
2906,-0.019046452,-0.019046452,False
2905,-0.009595094,-0.032490827,False
2904,-0.047603764,-0.047603764,False
2910,0.002197871,-0.015032748,False
2885,-0.03316318,-0.03316318,False
2884,-0.013795397,-0.013795397,False
2883,0.0,0.0,False
2864,-0.0046622367,-0.0046622367,False
2863,-0.0043857507,-0.0043857507,False
2862,0.025466312,-0.0106132375,False
2861,-0.016058087,-0.03511581,False
2860,-0.017590716,-0.059884287,False
2859,-0.022462629,0.0053218827,False
2865,0.022133011,0.0,False
2858,0.008094593,-0.015099426,False
2856,-0.018353928,-0.016951622,False
2855,0.008447954,-0.014481565,False
2854,-0.00494845,-0.00494845,False
2853,-0.034228712,0.13976212,False
2852,0.006013088,-0.032922063,False
2851,0.030223496,-0.021871911,False
2857,0.041125968,0.0649557,False
2918,-0.00072400086,-0.017547648,False
2866,-0.019411935,0.015359292,False
2868,-0.0038334213,-0.0038334213,False
2882,-0.0035510547,0.030359004,False
2881,0.010547951,-0.11890012,False
2880,-0.024504982,-0.024504982,False
2879,0.0080277715,-0.026189992,False
2878,0.022355773,0.041992825,False
2877,0.0069375336,-0.015074933,False
2867,-0.009795414,0.0773542,False
2876,-0.0049591395,-0.0049591395,False
2874,0.0,0.0,False
2873,-0.01030859,-0.01030859,False
2872,0.013097901,-0.010250846,False
2871,0.030589601,-0.009523427,False
2870,-0.038432017,-0.057878386,False
2869,-0.015449205,-0.0039486475,False
2875,0.013423931,-0.008942362,False
2990,0.025452342,-0.03597698,False
2919,-0.006123135,-0.028489428,False
2921,0.015172936,-0.0050770068,False
2958,0.13911718,0.04603672,False
2959,-0.062809564,-0.04219105,False
2960,0.09525376,-0.048262,False
2961,0.043234885,-0.03365615,False
2962,0.015674628,0.0,False
2963,0.044214368,-0.027236,False
2964,0.0,0.0,False
2965,0.017227191,-0.0039407616,False
2966,0.02242425,-0.10838881,False
2967,0.016994048,-0.020616524,False
2968,0.032793865,-0.011484233,False
2969,-0.0037769224,-0.0037769224,False
2970,0.011653446,-0.009804783,False
2971,-0.009966584,-0.009966584,False
2972,0.017687367,-0.0049436693,False
2973,0.05488226,-0.009267552,False
2974,-0.04313649,-0.04313649,False
2988,0.007829577,-0.03717624,False
2987,0.008556154,-0.038676303,False
2986,0.16023144,0.027000248,False
2985,0.0,0.0,False
2984,0.00228039,-0.018557439,False
2983,-0.016421668,0.026474364,False
2957,-0.012963901,-0.012963901,False
2982,0.013335175,-0.009833231,False
2980,0.0,0.0,False
2979,-0.013711765,-0.14204398,False
2978,-0.04125657,-0.04125657,False
2977,-0.003940597,0.09573501,False
2976,-0.00059394725,-0.023008287,False
2975,-0.024171941,-0.0064833015,False
2981,0.06338525,-0.0048964294,False
2956,0.021248866,0.018894143,False
2955,0.0,0.0025959979,False
2954,0.011022594,-0.009885786,False
2935,-0.026139108,-0.048003234,False
2934,-0.028329104,-0.112389654,False
2933,0.019234926,0.029798493,False
2932,-0.0033912933,-0.0033912933,False
2931,0.0,0.0,False
2930,0.077182576,-0.048358425,False
2936,-0.012734876,-0.012734876,False
2929,-0.0068011843,-0.050178148,False
2927,0.018007586,-0.004425956,False
2926,0.0033215974,-0.01341294,False
2925,-0.08614242,0.09993082,False
2924,0.008894235,-0.014090374,False
2923,-0.07691148,-0.10507521,False
2922,-0.011122022,-0.04688655,False
2928,-0.0049740216,-0.0049740216,False
2920,0.0,0.0,False
2937,0.0,0.0,False
2939,0.0,0.0,False
2953,-0.014364845,-0.014364845,False
2952,-0.004841865,-0.004841865,False
2951,0.0070498325,-0.010471153,False
2950,-0.041028693,-0.037350733,False
2949,-0.023590984,-0.023590984,False
2948,-0.047518924,-0.04480584,False
2938,-0.0019578766,-0.0092991395,False
2947,-0.001891166,0.05582787,False
2945,0.07101077,-0.0005610883,False
2944,-0.004230254,-0.004230254,False
2943,0.02339511,0.014231057,False
2942,0.018894188,0.0,False
2941,0.0,0.0,False
2940,-0.004595356,-0.0022344224,False
2946,0.029658778,-0.009176269,False
2850,0.011746057,-0.004631537,False
3132,0.0026864707,0.058886707,False
3134,0.064839214,-0.04238701,False
3314,0.0,0.0,False
3315,0.010994396,-0.009913984,False
3316,0.00078788213,-0.022647921,False
3317,-0.004987846,-0.004987846,False
3318,0.0,0.0,False
3319,-0.02710272,-0.041580614,False
3320,-0.0072139166,-0.02389357,False
3321,0.010016765,0.0050108433,False
3322,0.0,0.0,False
3323,0.0,0.0,False
3324,0.020311402,-0.024812547,False
3325,-0.009897297,-0.009897297,False
3326,-0.011765761,-0.034131013,False
3327,0.088755585,-0.03152654,False
3328,0.0126694525,-0.008460385,False
3329,0.030670285,-0.036165025,False
3330,0.0,0.0,False
3344,0.00636274,-0.03852075,False
3343,0.006925244,-0.05549917,False
3342,-0.004979828,-0.0049784915,False
3341,-0.03367593,0.056102738,False
3340,-0.018648088,-0.1274628,False
3339,-0.07823095,0.05153978,False
3313,0.00434315,-0.017476592,False
3338,-0.02815135,-0.02815135,False
3336,0.0051584924,-0.0147006335,False
3335,0.0,0.0,False
3334,0.010187471,0.00077842735,False
3333,-0.015545727,-0.015545727,False
3332,-0.01626036,-0.05881017,False
3331,0.092090964,-0.016424373,False
3337,0.026331894,0.10008426,False
3312,0.032663643,0.089029774,False
3311,-0.027379245,-0.027379245,False
3310,0.023450702,0.0,False
3291,-0.35885572,-0.24094868,False
3290,0.0,0.0,False
3289,-0.048070833,-0.038305685,False
3288,-0.004681545,-0.004681545,False
3287,0.0,0.0,False
3286,0.0,0.0,False
3292,-0.16441202,0.03140664,False
3285,0.12761372,0.17334053,False
3283,-0.01447849,0.013261665,False
3282,-0.23952633,-0.06726432,False
3281,-0.02064677,-0.052147053,False
3280,-0.027884215,-0.087584674,False
3279,-0.004681545,0.009354921,False
3278,-0.016178537,-0.035342563,False
3284,0.0,6.5429117e-06,False
3345,0.03092039,-0.0124918865,False
3293,-0.22698987,-0.11185551,False
3295,0.16939601,0.16959122,False
3309,0.055024646,0.06431874,False
3308,0.0,0.0,False
3307,0.0,0.0,False
3306,-0.0017124899,0.15954714,False
3305,0.052046657,-0.2854867,False
3304,-0.049559116,0.16885948,False
3294,0.035051785,0.02712656,False
3303,-0.03991556,0.35661554,False
3301,-0.37334955,-0.014828801,False
3300,0.0,0.0,False
3299,0.34981346,0.4842173,False
3298,-0.043035865,0.124812126,False
3297,-0.0600864,-0.25405934,False
3296,0.0,0.0,False
3302,0.13720316,0.0015249252,False
3277,5.717948e-05,-0.01929017,False
3346,0.016253706,-0.02840675,False
3348,0.037918046,0.095495984,False
3385,0.044834733,-0.06409292,False
3386,0.07767519,-0.011702418,False
3387,0.0,0.0,False
3388,-0.0146564245,-0.01452816,False
3389,-0.01501805,-0.01501805,False
3390,0.0,0.0,False
3391,0.026610518,-0.019811595,False
3392,-0.0051040817,-0.0051040817,False
3393,-0.014056595,-0.014056595,False
3394,0.0,0.0,False
3395,-0.044018455,0.06539559,False
3396,0.05202363,-0.02969991,False
3397,-0.039454,-0.08281108,False
3398,-0.009510893,-0.009510893,False
3399,-0.008621255,-0.008621255,False
3400,0.010193124,-0.047784783,False
3401,-0.010250543,-0.010250543,False
3415,0.003712371,-0.0336679,False
3414,0.0,0.0,False
3413,0.045522116,0.0,False
3412,-0.013954827,-0.013954827,False
3411,0.0224486,-0.10802651,False
3410,0.013534613,-0.009847019,False
3384,0.0,0.0,False
3409,-0.01457409,-0.033783533,False
3407,0.0,0.06669944,False
3406,-0.006904116,-0.023921516,False
3405,0.023756946,-0.019839896,False
3404,0.06897725,-0.06469631,False
3403,-1.4223158e-05,-0.019560037,False
3402,-0.009546526,-0.12324464,False
3408,0.027859006,-0.01843878,False
3383,-0.010032423,-0.010032423,False
3382,-0.0041037896,-0.0041037896,False
3381,0.19874418,-0.1680091,False
3362,-0.03253586,-0.053972054,False
3361,0.012372084,0.011433639,False
3360,0.034131467,-0.0049898075,False
3359,0.0,0.0,False
3358,0.0,0.0,False
3357,0.007568241,0.0036647515,False
3363,-0.14256166,-0.123220414,False
3356,-0.014406246,-0.014406246,False
3354,-0.021713935,-0.042324357,False
3353,-0.0033912933,-0.0033912933,False
3352,-0.00884386,-0.0316386,False
3351,0.0,0.0,False
3350,-0.004717735,-0.004717735,False
3349,-0.0043214094,-0.0043214094,False
3355,-0.004887038,-0.004887038,False
3347,0.083003536,-0.039004013,False
3364,0.09630285,0.031722978,False
3366,-0.027897049,-0.027897049,False
3380,0.0020026732,-0.020494327,False
3379,-0.003612712,-0.052364267,False
3378,-0.002370162,-0.024162173,False
3377,0.011126585,0.036556542,False
3376,0.017707217,-0.004631537,False
3375,0.021122735,-0.024060544,False
3365,-0.052690208,-0.12345052,False
3374,0.003866041,-0.019521711,False
3372,-0.009835117,-0.05194477,False
3371,-0.004227171,-0.004227171,False
3370,0.014969602,-0.049122315,False
3369,-0.03781872,-0.037808966,False
3368,-0.00891087,-0.00891087,False
3367,0.03444844,-0.010004349,False
3373,0.0,0.0,False
3133,0.017711177,-0.07740355,False
3276,0.026619475,-0.038862906,False
3274,0.0055455565,0.034038544,False
3171,-0.017470445,-0.0055077,False
3172,0.0,0.0,False
3173,-0.018609595,-0.018609595,False
3174,0.011515617,0.045280516,False
3175,-0.020039886,-0.020039886,False
3176,-0.020020615,0.011384841,False
3177,0.08982277,0.29324996,False
3178,-0.0047487416,-0.0047487416,False
3179,0.06577912,0.002661854,False
3180,-0.062392484,-0.057612576,False
3181,0.12847912,0.06902766,False
3182,-0.005027678,-0.0017923829,False
3183,0.030572385,-0.24212296,False
3184,0.039623514,0.016211197,False
3185,-0.055590846,0.012378529,False
3186,0.016821668,-0.039508253,False
3187,0.00978446,0.004501879,False
3201,-0.07585788,-0.04171133,False
3200,-0.035060823,-0.15224248,False
3199,0.058892563,0.15177985,False
3198,-0.0045059593,-0.0045059593,False
3197,-0.023336548,0.0086508095,False
3196,-0.050480723,0.10873878,False
3170,-0.3055671,-0.39372182,False
3195,-0.03666133,-0.07122867,False
3193,0.07177115,0.057081997,False
3192,-0.004787627,-0.004787627,False
3191,-0.039143354,-0.031871796,False
3190,-0.025991194,0.0031203479,False
3189,0.0,0.0,False
3188,-0.029813848,-0.051834427,False
3194,0.031302094,-0.053433444,False
3169,-0.3377869,0.09046078,False
3168,-0.03809917,-0.48331177,False
3167,0.15250544,-0.008894503,False
3148,0.018459536,-0.040223658,False
3147,-0.010116935,-0.051921725,False
3146,-0.020005047,-0.04804717,False
3145,0.063608885,-0.13878798,False
3144,-0.06160845,0.08331895,False
3143,-0.047916204,-0.0882391,False
3149,-0.019336132,-0.019336132,False
3142,0.029889813,-0.008769425,False
3140,0.00303052,-0.01435973,False
3139,0.05461429,-0.09264376,False
3138,-0.015256577,-0.015256577,False
3137,-0.24112117,-0.19564581,False
3136,0.0029735193,-0.021631055,False
3135,-0.18968928,0.0021037012,False
3141,-0.04398197,-0.025564726,False
3202,0.04695791,-0.077718556,False
3150,0.0,0.0,False
3152,-0.0683575,-0.05709792,False
3166,0.0,3.9268307e-05,False
3165,-0.014766209,0.014269222,False
3164,0.0753786,-0.031957895,False
3163,0.0073197987,-0.009923089,False
3162,-0.024089348,-0.024089348,False
3161,-0.08079157,0.039705917,False
3151,0.061220326,-0.025623132,False
3160,-0.091719374,0.06568813,False
3158,0.031854644,-0.097703196,False
3157,-0.0042853355,0.029313982,False
3156,0.14694917,0.056726187,False
3155,0.01237892,-0.032578904,False
3154,-0.11537522,-0.12620512,False
3153,-0.03392443,0.045349717,False
3159,0.047622204,-0.14432645,False
3275,0.0,0.0,False
3203,0.007631004,0.06777656,False
3205,0.04548128,-0.07508831,False
3243,0.0092224255,-0.009247998,False
3244,-0.009717714,-0.00969347,False
3245,0.012687941,-0.0096987905,False
3246,0.04854505,-0.004681545,False
3247,0.0,0.0,False
3248,-0.0068776906,-0.0042768903,False
3249,-0.043355048,-0.042653628,False
3250,-0.005037054,-0.005037054,False
3251,-0.09619796,0.0023969114,False
3252,0.04124397,0.0495214,False
3253,0.072236046,0.16259098,False
3254,-0.017619455,-0.017619455,False
3255,0.0,0.0,False
3256,-0.06205432,-0.07720149,False
3257,0.0026056096,-0.019086976,False
3258,0.012327331,-0.003967165,False
3259,0.08866188,0.12243116,False
3273,0.041385137,-0.03962388,False
3272,-0.00922557,-0.0058575906,False
3271,-0.25289667,-0.09452355,False
3270,-0.15659544,-0.04075499,False
3269,0.06505939,0.009595871,False
3268,-0.038308382,0.17787445,False
3242,0.0,0.00018130193,False
3267,0.07934323,-0.11309008,False
3265,0.08425,-0.013368934,False
3264,0.00939703,-0.6032342,False
3263,-0.06264961,0.0819529,False
3262,0.45947897,-0.25292128,False
3261,-0.241449,-0.18362057,False
3260,0.044869885,0.04392618,False
3266,-0.0997995,-0.007850319,False
3241,0.0,0.0,False
3240,-0.25002533,-0.19886559,False
3239,-0.07902439,-0.0109579265,False
3220,-0.01272304,0.050387308,False
3218,-0.10909107,-0.17167398,False
3217,0.05427426,-0.19057173,False
3216,-0.18400162,-0.15356436,False
3215,0.009231724,-0.06780556,False
3214,-0.004478243,-0.004478243,False
3221,-0.12308416,-0.21359292,False
3213,-0.02939196,-0.08760634,False
3211,-0.10509342,-0.045086503,False
3210,0.025353968,0.05681339,False
3209,-0.025271483,-0.025271483,False
3208,-0.01652956,-0.013552308,False
3207,-0.2609321,0.09537494,False
3206,0.07176861,-0.14325877,False
3212,0.16775957,0.0894748,False
3204,-0.0732007,-0.31658316,False
3222,-0.15561879,0.16597638,False
3224,-0.032154206,-0.02841764,False
3238,0.119623125,-0.08082402,False
3237,0.068920255,-0.071814165,False
3236,0.0,0.0,False
3235,-0.5609255,-0.2180227,False
3234,-0.06409454,0.038652897,False
3233,-0.2026391,0.12276125,False
3223,0.00043033063,-0.054541662,False
3232,0.09923045,-0.029579349,False
3230,-0.16586873,-0.0629099,False
3229,0.09568176,0.03019093,False
3228,0.0508416,-0.037090108,False
3227,-0.038499475,0.019893527,False
3226,0.016184106,-0.02316662,False
3225,-0.106477976,-0.1274139,False
3231,0.20933867,0.023891151,False
2849,0.009319741,-0.036141995,False
2848,0.0,0.0,False
2847,-0.017995553,-0.017995553,False
2457,0.006085515,-0.0538718,False
2458,-0.0039614746,-0.0039614746,False
2459,-0.03608162,-0.03608162,False
2460,-0.2502585,-0.18077475,False
2461,-0.0036918141,-0.0034113354,False
2462,0.15180033,0.15485737,False
2463,0.017200643,-0.024242846,False
2464,0.007882502,-0.05460525,False
2465,-0.004664058,-0.004664058,False
2466,-0.012720231,-0.012720231,False
2467,-0.010161277,-0.010161277,False
2468,-0.013545802,-0.013267615,False
2469,0.028005397,-0.009801881,False
2470,-0.018726068,-0.036296695,False
2471,0.0,0.0,False
2472,-0.093759775,-0.19805291,False
2473,0.018772472,-0.019771308,False
2487,0.1499103,0.04750646,False
2486,0.0039546452,-0.018653069,False
2485,-0.009832327,-0.009832327,False
2484,-0.0552341,-0.0552341,False
2483,0.017839693,-0.00453614,False
2482,-0.004578764,-0.0042646797,False
2456,-0.014406484,-0.014406484,False
2481,0.04315927,-0.02728601,False
2479,0.03712911,-0.009134175,False
2478,-0.009860441,-0.009860441,False
2477,0.07073905,-0.046600077,False
2476,0.0,0.0,False
2475,-0.009193227,-0.051536202,False
2474,-0.013383982,-0.013383982,False
2480,-0.01851472,-0.01851472,False
2455,0.0,0.0,False
2454,0.057148628,-0.035384405,False
2453,0.051440872,-0.038516782,False
2434,0.0055777878,-0.0075619007,False
2433,0.053459406,-0.004227966,False
2432,-0.00048265047,-0.01382177,False
2431,-0.019963115,-0.019963115,False
2430,0.023435803,4.9589053e-05,False
2429,0.0,0.0,False
2435,0.039990842,0.12049416,False
2428,0.013953168,-0.009877982,False
2426,0.015224453,-0.030249894,False
2425,0.021534361,0.0,False
2424,-0.018463312,-0.018463312,False
2423,-0.0046792245,-0.0046792245,False
2422,0.004238257,-0.019329142,False
2421,-0.004685581,-0.004685581,False
2427,-0.0035954954,-0.0035954954,False
2488,0.033201072,-0.047288768,False
2436,-0.01738501,0.12042259,False
2438,0.0,0.0,False
2452,0.022469483,0.021156248,False
2451,0.03632705,-0.05046934,False
2450,-0.004858116,-0.004858116,False
2449,-0.039769538,-0.09370492,False
2448,-0.004931114,-0.004931114,False
2447,-0.038368564,-0.011478327,False
2437,0.0,0.0018328058,False
2446,0.08022377,0.011734188,False
2444,0.0,0.0,False
2443,-0.009151107,-0.009151107,False
2442,-0.02058104,-0.02058104,False
2441,-0.017112412,-0.003871657,False
2440,0.0019039214,-0.018555399,False
2439,0.017029736,-0.0017798741,False
2445,0.08790487,-0.052139148,False
2420,-0.01928671,-0.019274719,False
2489,-0.020541418,-0.043762386,False
2491,-0.009884536,-0.009884536,False
2528,-0.004629196,-0.004629196,False
2529,-0.011297615,-0.03316174,False
2530,-0.056145195,-0.056145195,False
2531,0.032059345,-0.0072789835,False
2532,0.038514495,-0.02735892,False
2533,-0.0043214094,-0.0043214094,False
2534,-0.016851665,-0.016851665,False
2535,-0.04916037,0.067403995,False
2536,-0.04711189,-0.029198378,False
2537,-0.04746799,-0.05500157,False
2538,-0.01525384,-0.01525384,False
2539,-0.014681973,-0.014681973,False
2540,-0.0003413055,-0.023414819,False
2541,0.0077468697,0.0338815,False
2542,-0.004683405,-0.004683405,False
2543,-0.0035954954,-0.0035954954,False
2544,0.018885195,-0.0045929668,False
2558,0.014366232,-0.052670673,False
2557,0.020301543,-0.040840283,False
2556,-0.07101429,-0.05694791,False
2555,-0.008606233,-0.051557276,False
2554,-0.06108628,-0.05619827,False
2553,-0.004356498,-0.004356498,False
2527,0.0,0.0,False
2552,-0.019301064,-0.019301064,False
2550,0.06436028,0.049361132,False
2549,0.0,0.0,False
2548,-0.06213651,-0.08697062,False
2547,-0.004356498,-0.004356498,False
2546,0.0,0.0,False
2545,0.0037231147,0.06440033,False
2551,-0.052646637,-0.07983333,False
2526,-0.015001396,-0.015001396,False
2525,0.014319804,-0.058718413,False
2524,-0.009311311,-0.009311311,False
2505,0.012015397,-0.009703178,False
2504,-0.009433616,-0.009433616,False
2503,-0.009508394,-0.053419914,False
2502,-0.025654137,0.09487239,False
2501,-0.004572671,-0.026839212,False
2500,-0.15038338,-0.033415586,False
2506,0.011019764,-0.009281896,False
2499,-0.010032166,-0.010032166,False
2497,0.0,0.0,False
2496,0.04589104,-0.018701347,False
2495,-0.0095830085,0.037371945,False
2494,0.0004917756,-0.042848933,False
2493,0.003474053,-0.014007762,False
2492,0.022909204,-0.02104205,False
2498,-0.0014706552,-0.024579156,False
2490,-0.016756551,-0.016756551,False
2507,0.012839785,-0.019212438,False
2509,0.05530358,0.010944709,False
2523,0.024148129,-0.059301175,False
2522,-0.027771711,-0.06678034,False
2521,0.031627007,-0.032065574,False
2520,0.058607057,-0.02969871,False
2519,-0.0050774873,-0.0050774873,False
2518,-0.009498013,-0.026194505,False
2508,0.0071403217,-0.009659838,False
2517,-0.01932689,-0.01932689,False
2515,-0.018847538,-0.018847538,False
2514,-0.0036221,-0.0036221,False
2513,0.04762894,-0.014001222,False
2512,-0.01651075,-0.036245592,False
2511,0.0,0.0,False
2510,0.0037981179,-0.019232228,False
2516,-0.02600337,-0.044372566,False
2559,-0.0047623646,-0.0047623646,False
2419,-0.014227457,-0.014227457,False
2417,0.01776695,-0.0052176584,False
2315,-0.107902974,-0.051544666,False
2316,-0.009712329,-0.009712329,False
2317,0.08475405,-0.26081556,False
2318,0.12512004,-0.022239208,False
2319,-0.0074351355,0.029200293,False
2320,0.04243476,-0.07896451,False
2321,-0.12340894,-0.20705405,False
2322,0.40850508,0.644308,False
2323,-0.006405279,-0.010651968,False
2324,-0.018441113,-0.010650486,False
2325,0.08033347,-0.27960253,False
2326,-0.19564527,-0.12612116,False
2327,0.14731193,-0.1317128,False
2328,0.07894325,-0.10876289,False
2329,0.07685709,0.13718674,False
2330,-0.003148213,-0.06523551,False
2331,0.013325281,-0.009101484,False
2345,-0.067888014,-0.13342094,False
2344,0.010623157,0.10391602,False
2343,-0.26150376,-0.27361244,False
2342,0.012640607,0.00035279337,False
2341,-0.0049597723,-0.0049597723,False
2340,-0.019013884,-0.030377042,False
2314,0.035012275,0.044202268,False
2339,0.0135381,-0.032367922,False
2337,-0.009205138,-0.009205138,False
2336,0.19936049,0.04018593,False
2335,-0.13249844,-0.3276661,False
2334,-0.05867815,-0.049617887,False
2333,-0.0092794895,-0.31233406,False
2332,0.06811851,-0.10474263,False
2338,-0.0049358276,-0.0049358276,False
2313,-0.0641904,0.082658276,False
2312,-0.041621342,-0.057031393,False
2311,-0.044072837,-0.13689826,False
2292,-0.055920847,0.052694388,False
2291,0.012322288,-0.04612084,False
2290,0.04176645,-0.043033943,False
2289,-0.0009974726,-0.024755536,False
2288,-0.0062806904,-0.007132804,False
2287,-0.023570769,-0.05831988,False
2293,0.18106139,0.0015021563,False
2286,0.002664663,-0.058808193,False
2284,0.0,0.0,False
2283,0.06674115,0.019230798,False
2282,-0.0044944426,-0.0044944426,False
2281,0.0,0.003470105,False
2280,-0.07963914,-0.30244386,False
2279,0.22496712,-0.085356355,False
2285,0.014589667,-0.01034751,False
2346,-0.0051378873,0.018538598,False
2294,-0.014975386,-0.035018917,False
2296,-0.014870554,-0.014870554,False
2310,-0.10611516,-0.24840283,False
2309,0.031610977,-0.03329112,False
2308,-0.039833598,0.012386031,False
2307,0.02216348,-0.11436123,False
2306,0.09837192,-0.03407204,False
2305,-0.03270106,-0.09600443,False
2295,-0.038377553,0.043430194,False
2304,0.08611551,0.041360185,False
2302,-0.13449109,-0.04443878,False
2301,-0.09609738,0.012411416,False
2300,0.023779511,-0.049677663,False
2299,0.013338149,0.010361314,False
2298,0.19011343,0.07367259,False
2297,0.008563675,-0.031249724,False
2303,-0.07365471,0.053029418,False
2418,0.0388831,-0.021079969,False
2347,0.07069886,-0.10187572,False
2349,0.0020176768,-0.1572712,False
2386,0.041330766,-0.020429602,False
2387,-0.009313649,-0.009313649,False
2388,0.0032920055,-0.027908385,False
2389,-0.00453614,-0.00453614,False
2390,-0.021681815,-0.04441897,False
2391,-0.0413304,-0.040652096,False
2392,0.0,0.0,False
2393,0.0056212693,-0.045402955,False
2394,0.031347472,-0.0134927,False
2395,0.015208855,-0.04807041,False
2396,-0.029452754,-0.04624592,False
2397,0.016420478,-0.0046660346,False
2398,-0.0048913304,-0.0048913304,False
2399,-0.0169269,-0.0636548,False
2400,-0.01870549,-0.008764703,False
2401,-0.008194903,-0.008194903,False
2402,-0.01462804,0.00032482296,False
2416,0.04176582,0.052181784,False
2415,0.035994448,-0.009606633,False
2414,-0.015533564,-0.015533564,False
2413,-0.0052432916,-0.0052432916,False
2412,-0.004801857,-0.004801857,False
2411,0.0038278382,-0.018451728,False
2385,-0.0036107283,-0.024666084,False
2410,0.0,0.0,False
2408,-0.07614826,-0.024012838,False
2407,-0.07734193,-0.05971232,False
2406,0.007915556,-0.014417559,False
2405,-0.0065195933,-0.023594048,False
2404,-0.036294468,-0.05867221,False
2403,0.0,0.030781357,False
2409,0.0503288,-0.009885533,False
2384,0.023557376,-0.014435325,False
2383,-0.00027209893,-0.02270564,False
2382,0.0,0.0,False
2363,-0.13724744,0.15591311,False
2362,0.058651567,-0.00092864037,False
2361,-0.109665126,-0.22916211,False
2360,0.05685374,-0.032132655,False
2359,-0.01089035,-0.056348182,False
2358,0.06205371,0.065888,False
2364,-0.054736674,0.035438254,False
2357,-0.042911723,-0.042911723,False
2355,-0.079364955,-0.17270076,False
2354,-0.119175196,0.2827189,False
2353,-0.010358337,-0.010358337,False
2352,-0.43165845,-0.034698963,False
2351,-0.023735538,0.082295895,False
2350,-0.10842046,0.053252973,False
2356,-0.13888508,-0.076351166,False
2348,-0.0024581775,-0.045330744,False
2365,-0.1540798,-0.030174494,False
2367,-0.14829636,0.22635591,False
2381,-0.008909803,-0.008909803,False
2380,-0.06818335,0.041729927,False
2379,-0.0063824505,-0.028294856,False
2378,-0.050807595,-0.17369932,False
2377,0.15877122,0.020234466,False
2376,0.051420838,-0.005315155,False
2366,0.24814963,-0.16526514,False
2375,-0.044458896,0.008099735,False
2373,0.0,0.0,False
2372,0.0,0.0,False
2371,-0.004986324,0.04356324,False
2370,0.0,1.5348392e-05,False
2369,0.04417187,-0.07856321,False
2368,0.034330487,-0.29174638,False
2374,0.12956834,0.038391232,False
2560,-0.072654724,-0.0901029,False
2561,-0.0080214515,-0.0080214515,False
2562,-0.011499051,-0.033636563,False
2745,-0.0050043217,-0.0050043217,False
2746,-0.030108515,-0.044775993,False
2747,-0.008152405,-0.008152405,False
2748,0.068084896,0.071132004,False
2749,-0.0035435557,-0.09549166,False
2750,-0.02365235,-0.02365235,False
2751,0.012269255,-0.029255968,False
2752,0.0,0.0,False
2753,0.13652337,-0.1436215,False
2754,0.0,0.0,False
2755,0.004717082,0.089146554,False
2756,-0.006546041,-0.029184202,False
2757,-0.012829389,-0.012829389,False
2758,0.0,0.0,False
2759,-0.033360317,-0.033360317,False
2760,0.013869437,-0.0072684926,False
2761,0.0,0.0,False
2775,0.039883457,-0.02399733,False
2774,-0.08457863,-0.09750846,False
2773,0.11001525,-0.041857675,False
2772,0.0,0.0039276937,False
2771,-0.0047292574,-0.0047292574,False
2770,-0.008671634,-0.008671634,False
2744,0.04392512,0.0,False
2769,0.013764349,-0.009393626,False
2767,-0.03587745,-0.028707173,False
2766,0.021023102,-0.043253064,False
2765,-0.038669474,-0.047444433,False
2764,0.058880016,-0.028604725,False
2763,0.008048132,-0.014281403,False
2762,-0.019814767,-0.019814767,False
2768,0.0,0.0,False
2743,0.0,0.0,False
2742,0.0,0.0,False
2741,-0.0045162076,-0.0045162076,False
2722,-0.0032947345,-0.0018154295,False
2721,0.008056551,-0.029373258,False
2720,-0.0074956696,-0.030057134,False
2719,0.01737715,-0.0053600036,False
2718,0.022503894,0.0,False
2717,-0.10871973,-0.11580256,False
2723,0.019734843,0.0,False
2716,0.0064045116,-0.03872907,False
2714,0.007279068,-0.015059687,False
2713,0.052683663,-0.03130098,False
2712,-0.009680705,-0.009680705,False
2711,-0.0022301432,-0.01905379,False
2710,0.0026075542,-0.06133847,False
2709,-0.014868487,-0.014868487,False
2715,-0.014217463,-0.014217463,False
2776,-0.012668708,-0.034104906,False
2724,0.0,0.0,False
2726,0.008600943,-0.013086729,False
2740,0.009644786,-0.012580119,False
2739,-0.024182674,-0.024182674,False
2738,0.04741199,-0.0014446191,False
2737,-0.0042173397,-0.0042173397,False
2736,-0.009931056,-0.009931056,False
2735,0.010807854,-0.009560819,False
2725,0.0,0.0005862082,False
2734,-0.005046529,-0.005046529,False
2732,0.0,0.0,False
2731,-0.019811083,-0.019811083,False
2730,-0.008107095,0.00017329585,False
2729,-0.035226483,-0.05048817,False
2728,-0.023857154,-0.023857154,False
2727,-0.0016893353,0.007820319,False
2733,-0.00014329329,0.019310188,False
2708,-0.06053242,-0.052570015,False
2777,0.085051246,-0.05261893,False
2779,-0.004703655,-0.004703655,False
2816,-0.072085716,-0.0696086,False
2817,-0.0036166578,-0.0036166578,False
2818,0.01225688,-0.009876131,False
2819,-0.03931149,-0.03931149,False
2820,-0.03200581,-0.02039346,False
2821,0.023795713,-0.018372342,False
2822,-0.028994132,-0.028994132,False
2823,0.00903604,-0.020485189,False
2824,0.051153697,-0.032396626,False
2825,-0.013566375,-0.013566375,False
2826,0.0,0.0,False
2827,-0.005451739,0.023955792,False
2828,-0.04127443,0.06100115,False
2829,-0.018766776,0.035405695,False
2830,0.0,0.0012558072,False
2831,-0.0018538088,-0.024415273,False
2832,-0.014506089,-0.0038542617,False
2846,0.0,4.4683078e-05,False
2845,-0.019128505,-0.019128505,False
2844,0.08190962,0.1724227,False
2843,-0.019409886,-0.019409886,False
2842,0.0,0.009362085,False
2841,-0.0045601595,-0.026745243,False
2815,-0.010071155,-0.010071155,False
2840,-0.018784981,-0.018784981,False
2838,0.0,0.0,False
2837,-0.0035210575,-0.0035210575,False
2836,-0.014905874,-0.014905874,False
2835,-0.015043061,-0.056685176,False
2834,0.05356513,0.019012809,False
2833,-0.040359214,-0.14733553,False
2839,0.0,0.0,False
2814,0.021864126,0.0,False
2813,0.0015839096,-0.01786785,False
2812,0.054233722,-0.023650313,False
2793,0.0,0.0,False
2792,-0.05810385,-0.058026575,False
2791,-0.004274767,-0.004274767,False
2790,-0.058010183,-0.024682011,False
2789,-0.015087787,-0.011277597,False
2788,-0.0048921127,-0.0048921127,False
2794,-0.009729819,-0.009729819,False
2787,0.021845644,0.0,False
2785,0.023059495,0.027166463,False
2784,0.0,0.0,False
2783,-0.024706086,-0.024706086,False
2782,0.021436198,0.0,False
2781,-0.097349465,-0.10430503,False
2780,-0.0044247913,-0.0044247913,False
2786,-0.03807647,-0.0150695,False
2778,0.02442136,-0.006063409,False
2795,0.018123742,-0.027102742,False
2797,-0.22568062,-0.054624587,False
2811,-0.0093977265,-0.0093977265,False
2810,-0.0032577515,-0.024174392,False
2809,-0.107838884,-0.03209436,False
2808,-0.025191952,-0.025191952,False
2807,-0.028047241,-0.028047241,False
2806,0.10603997,-0.16343361,False
2796,0.02517049,0.019357815,False
2805,0.059732363,0.0017138608,False
2803,0.007112777,-0.014474893,False
2802,-0.0041335747,-0.023665171,False
2801,-0.024490872,-0.024490872,False
2800,-0.033371586,0.04183955,False
2799,-0.01018212,-0.01018212,False
2798,0.015121922,-0.036072243,False
2804,0.0,0.0,False
2707,-0.0101193115,-0.0101193115,False
2706,-0.01939043,-0.01939043,False
2705,-0.0046302197,-0.0046302197,False
2601,0.023481421,-0.044066913,False
2602,0.012764066,-0.07104762,False
2603,-0.02433148,-0.02349247,False
2604,-0.027612774,-0.027612774,False
2605,0.0,0.0,False
2606,-0.00184213,0.030240659,False
2607,0.019500494,0.007887244,False
2608,0.0,0.0,False
2609,0.009664271,-0.009700147,False
2610,-0.1797395,-0.09619725,False
2611,0.0021858662,-0.08275321,False
2612,-0.02458458,-0.02458458,False
2613,0.01779239,-0.024158018,False
2614,-0.01546428,-0.03783725,False
2615,-0.02292823,-0.0023921877,False
2616,-0.0002983231,0.03220626,False
2617,-0.0046837158,-0.0046837158,False
2631,0.089599915,-0.009461017,False
2630,0.045513898,-0.114447586,False
2629,-0.075859785,-0.09619809,False
2628,0.012710308,-0.009302159,False
2627,-0.02848871,-0.044577517,False
2626,-0.008521769,-0.008521769,False
2600,0.01757238,0.000329189,False
2625,-0.022973262,-0.018574536,False
2623,-0.013597757,-0.013597757,False
2622,0.007599283,-0.013836915,False
2621,-0.061970055,-0.054390933,False
2620,-0.011943147,0.0015194416,False
2619,0.021864126,0.0,False
2618,-0.0077267047,-0.0077267047,False
2624,-0.011376265,-0.030616118,False
2599,-0.035219267,-0.077389024,False
2598,-0.03139173,0.028878406,False
2596,-0.07068687,0.03517218,False
2576,-0.004365054,-0.004365054,False
2575,-0.020017978,-0.020017978,False
2574,0.0,0.0,False
2573,0.0,0.0,False
2572,-0.034004204,-0.007296268,False
2571,0.0,0.0,False
2577,0.02285844,-0.103735596,False
2570,-0.006881632,-0.02904919,False
2568,0.0,0.003997997,False
2567,0.03028409,-0.009630399,False
2566,0.012712458,-0.00812537,False
2565,0.06300952,-0.037567817,False
2564,0.020444227,-0.024089633,False
2563,-0.10301852,-0.037275597,False
2569,-0.024597045,-0.024597045,False
2632,-0.0051085497,-0.0051085497,False
2578,-0.01895877,0.030284442,False
2580,-0.020698905,-0.11340663,False
2594,0.0,0.0,False
2593,0.06439263,0.010681793,False
2592,-0.019518746,-0.019518746,False
2591,0.042436033,-0.022755137,False
2590,-0.004955982,-0.004955982,False
2589,-0.00949287,-0.00949287,False
2579,-0.004335512,-0.004221888,False
2588,-0.014126241,-0.014126241,False
2586,0.014043212,-0.00943495,False
2585,-0.017075703,0.04509926,False
2584,-0.017306492,-0.0351379,False
2583,0.009485865,-0.028618766,False
2582,-0.011998933,-0.011998933,False
2581,0.016400237,-0.007077926,False
2587,-0.005245026,0.008665344,False
2633,0.003924681,-0.013557134,False
2634,0.0123002995,-0.009663554,False
2635,-0.027483448,-0.027483448,False
2685,-0.04058323,0.009653822,False
2684,0.04479164,0.05580648,False
2683,0.04303158,-0.061987825,False
2682,0.0,0.0,False
2681,0.0026114304,-0.019041076,False
2680,-0.009675654,-0.009675654,False
2686,-0.018923597,-0.018923597,False
2679,0.14972615,-0.5344159,False
2677,0.007962568,-0.008717086,False
2676,-0.029352672,-0.029352672,False
2675,-0.009778472,-0.028248895,False
2674,-0.025060562,-0.042251863,False
2673,-0.0047542667,-0.004476305,False
2672,-0.0040039783,-0.0040039783,False
2678,-0.0050148023,-0.0050148023,False
2671,0.032782003,-0.02469669,False
2687,-0.004778782,-0.004778782,False
2689,0.01180907,-0.005014578,False
2704,0.015393689,-0.0049321367,False
2703,0.0,0.0009296431,False
2702,-0.013427132,-0.013427132,False
2701,0.02305721,-0.019913657,False
2700,-0.009676186,-0.009676186,False
2698,-0.011779366,-0.034222607,False
2688,0.009693916,-0.013194227,False
2697,-0.03773676,0.001471106,False
2695,-0.0030358639,-0.010577185,False
2694,-0.04512419,-0.04512419,False
2693,-0.0041769706,-0.04647513,False
2692,0.042930007,0.030439317,False
2691,0.011093043,-0.020066515,False
2690,-0.011798914,-0.011798914,False
2696,0.0011203624,-0.02226739,False
3416,-0.05213125,-0.07353694,False
2670,0.012975037,-0.056721255,False
2668,-0.009344913,-0.049692474,False
2649,0.011861853,-0.009856721,False
2648,-0.010573611,-0.010573611,False
2647,0.01130803,-0.009314057,False
2646,-0.004214909,-0.024074035,False
2645,0.010330987,0.003576547,False
2644,0.0,7.019312e-05,False
2650,0.024332952,-0.019135911,False
2643,-0.0076940022,-0.027225599,False
2641,-0.02472088,-0.02472088,False
2640,0.0,0.0,False
2639,0.0,0.0,False
2638,0.049576394,-0.008711746,False
2637,-0.010097519,-0.010053207,False
2636,0.0,0.0,False
2642,-0.0047710487,-0.0047710487,False
2669,-0.01467658,-0.01467658,False
2651,-0.02994162,-0.04882449,False
2653,-0.0471465,-0.013437934,False
2667,0.0,0.00025359256,False
2666,-0.017153509,-0.044733845,False
2665,-0.023371618,-0.022256969,False
2664,0.0,0.0,False
2663,-0.0053511714,-0.0053511714,False
2662,0.015173078,-0.09654127,False
2652,-0.010913884,-0.028217614,False
2661,-4.677102e-05,-0.037699595,False
2659,0.027451985,-0.041783772,False
2658,0.0,0.0,False
2657,0.0,0.0,False
2656,-0.0055812076,-0.044255804,False
2655,-0.004679997,-0.0046653617,False
2654,-0.03170331,-0.03170125,False
2660,-0.019853413,-0.019853413,False
2278,-0.071206465,-0.028742135,False
3417,0.027756482,0.09832659,False
3419,0.0,0.0,False
4168,-0.1660002,-0.10597527,False
4169,-0.024216056,-0.042788148,False
4170,0.023359776,0.1679619,False
4171,-0.16473448,-0.056993127,False
4172,0.20780158,0.10668069,False
4173,0.038848504,0.037718162,False
4174,-0.13569093,-0.18226552,False
4175,-0.2077843,-0.1487658,False
4176,-0.027509049,-0.027509049,False
4177,-0.11581981,0.0016038418,False
4178,0.039660037,0.28906864,False
4179,0.00016738847,-0.004278671,False
4180,0.026580274,-0.046147615,False
4181,-0.07440646,-0.030579299,False
4182,0.028725386,0.14749193,False
4183,-0.122941256,-0.01726602,False
4184,-0.02123812,-0.042674318,False
4198,0.0054365024,-0.009306657,False
4197,-0.09706646,-0.12925053,False
4196,-0.010134613,-0.010134613,False
4195,0.0065174755,-0.014320353,False
4194,-0.017822146,0.09077406,False
4193,-0.0091213565,-0.008525678,False
4167,-0.0515579,0.0905431,False
4192,0.012401424,-0.023472272,False
4190,-0.08445692,0.08299106,False
4189,-0.095862865,-0.05306428,False
4188,-0.03014791,0.009325504,False
4187,0.048415422,-0.29270267,False
4186,-0.11023831,-0.21673894,False
4185,0.0027339365,-0.01535677,False
4191,-0.08747401,-0.025489286,False
4166,-0.10317856,0.054059267,False
4165,0.14524817,0.055213153,False
4164,0.15244877,-0.12634635,False
4145,0.15929604,-0.16594481,False
4144,0.09808266,-0.002272427,False
4143,-0.01831994,-0.01831994,False
4142,0.02906935,-0.12875988,False
4141,-0.014752166,-0.014752166,False
4140,-0.011342984,-0.033480495,False
4146,0.0,0.0,False
4139,-0.59644437,-0.8419056,False
4137,-0.062809944,-0.10241282,False
4136,0.018523455,-0.07367498,False
4135,0.0,1.2443988e-05,False
4134,-0.043503165,-0.09008227,False
4133,-0.028103184,-0.028103184,False
4132,-0.0013822336,-0.021977257,False
4138,-0.8510423,-0.3697729,False
4199,-0.10664883,0.039822876,False
4147,0.0052809715,0.019028455,False
4149,-0.038826667,-0.017858975,False
4163,-0.24438,0.049593925,False
4162,-0.10174072,-0.08196324,False
4161,0.0,0.0,False
4160,-0.056409836,0.041869238,False
4159,-0.10558581,0.08402586,False
4158,-0.05378294,-0.20063049,False
4148,-0.009139693,-0.009139693,False
4157,0.17011225,-0.15206742,False
4155,0.032277286,-0.10475105,False
4154,-0.050096154,-0.064407796,False
4153,0.10752086,-0.09679059,False
4152,-0.022273883,0.09497283,False
4151,-0.005026996,0.16636667,False
4150,-0.05838166,-0.18612851,False
4156,-0.058769584,-0.06280345,False
4131,0.047892433,0.025519665,False
4200,0.055544734,-0.027529597,False
4202,-0.0048224535,0.014422722,False
4239,-0.08579886,-0.15375805,False
4240,-0.004857551,-0.004857551,False
4241,-0.032043643,-0.003142953,False
4242,0.0344764,-0.10143587,False
4243,0.025806792,-0.06681873,False
4244,0.047416516,-0.009610141,False
4245,-0.01784895,-0.01784895,False
4246,-0.06380063,-0.16991235,False
4247,0.04281275,0.0,False
4248,0.03140293,-0.013500832,False
4249,0.0,0.0,False
4250,-0.019935612,0.04008886,False
4251,0.10848348,0.08081299,False
4252,-0.03774853,-0.15840113,False
4253,-0.24613762,-0.37818706,False
4254,0.009016391,-0.026908178,False
4255,0.19848353,-0.16360041,False
4269,-0.03647417,-0.1147964,False
4268,-0.35351253,-0.34859228,False
4267,-0.15329939,-0.10559332,False
4266,0.049276397,0.081482545,False
4265,-0.008400315,-0.008093552,False
4264,-0.0022046268,-0.1482994,False
4238,-0.0912689,-0.119432926,False
4263,0.09332954,0.08838273,False
4261,0.0059548616,-0.015042745,False
4260,0.0,0.0,False
4259,-0.029484287,-0.046935946,False
4258,0.0,0.0,False
4257,0.046457734,-0.018227097,False
4256,0.0033782572,-0.10290216,False
4262,0.06917131,-0.04263386,False
4237,-0.007786721,-0.056511,False
4236,-0.27030766,0.1192534,False
4235,-0.0034824666,-0.01666385,False
4216,0.033747345,0.054962307,False
4215,-0.004173599,0.015783727,False
4214,0.028437605,-0.014757589,False
4213,-0.03389966,-0.03389966,False
4212,-0.20065281,0.025558472,False
4211,0.1547439,0.096946284,False
4217,-0.16016912,-0.20523214,False
4210,0.012373563,-0.008966794,False
4208,0.008836521,-0.013043633,False
4207,0.0,0.00010184472,False
4206,0.13770294,-0.07114732,False
4205,-0.056601107,-0.028493345,False
4204,0.040628105,-0.12660864,False
4203,-0.69638276,-1.6268079,False
4209,-0.028908014,0.1384272,False
4201,-0.0052366713,-0.0052366713,False
4218,0.10110831,-0.011778355,False
4220,-0.26283407,-0.11947155,False
4234,0.031045271,-0.026044823,False
4233,0.042406917,0.035976663,False
4232,0.029000476,-0.057275392,False
4231,-0.16865396,0.1641559,False
4230,-0.4043033,0.2692399,False
4229,-0.18440986,0.158045,False
4219,0.0,0.0,False
4228,-0.05663991,0.021502435,False
4226,-0.04171872,-0.07492274,False
4225,-0.01207602,-0.5551073,False
4224,0.09645152,-0.5227506,False
4223,-0.004699221,-0.004699221,False
4222,-0.029885322,-0.1356137,False
4221,-0.1687367,-0.20859432,False
4227,0.06866109,-0.2731945,False
4270,-0.016613245,0.027073324,False
4130,0.05571205,0.014190987,False
4128,-0.057531357,-0.008492321,False
4026,-0.23521578,-0.28855377,False
4027,-0.23974606,-0.022060215,False
4028,-0.03278174,-0.03278174,False
4029,0.007890824,-0.058944922,False
4030,-0.031228036,0.0041190386,False
4031,-0.13727784,-0.06959739,False
4032,-0.21996331,-0.23257756,False
4033,-0.8458643,-1.1857765,False
4034,0.07776396,0.9037595,False
4035,-0.07867813,0.45936322,False
4036,-0.11452341,-0.5119439,False
4037,0.01853823,0.09003042,False
4038,-0.00880307,-0.047587574,False
4039,0.08559638,-0.010734171,False
4040,0.07971001,0.05172652,False
4041,0.0226103,-0.06104165,False
4042,-0.01608255,-0.034481432,False
4056,-0.005749814,-0.0031752624,False
4055,-0.14919654,-0.2737832,False
4054,0.002425083,-0.012515068,False
4053,-0.020781219,0.03045547,False
4052,0.025543975,-0.029269217,False
4051,-0.11343408,-0.22456586,False
4025,0.007815659,-0.11767186,False
4050,0.022975802,0.16450503,False
4048,-0.05810082,-0.08383536,False
4047,-0.16593862,-0.029901385,False
4046,0.35946763,-0.25534093,False
4045,-0.044220954,-0.19730987,False
4044,-0.022534639,-0.030367345,False
4043,-0.030283995,-0.09172553,False
4049,0.024829276,0.002895072,False
4024,0.02249755,-0.063097194,False
4023,-0.073996186,-0.022218585,False
4022,0.019490406,0.103493825,False
4003,-0.03770128,0.14005136,False
4002,0.027570486,-0.27644384,False
4001,-0.052443385,0.13928485,False
4000,-0.50265276,-0.47789347,False
3999,-0.006287813,0.22076106,False
3998,-0.022970945,-0.26249778,False
4004,-0.012276299,-0.033109985,False
3997,-0.0060184672,-0.09869854,False
3995,-0.43983006,-1.0754142,False
3994,-0.19731802,-0.2159248,False
3993,-0.13675027,-0.13195117,False
3992,-0.2331186,-0.048246324,False
3991,-0.019215584,-1.6342275,False
3990,-0.273072,-0.37080407,False
3996,-0.09841257,0.2825838,False
4057,0.01370721,-0.0034862934,False
4005,0.0005853772,0.11718887,False
4007,-0.0210574,-0.04427837,False
4021,0.0,0.0,False
4020,-0.054931164,-0.21021628,False
4019,-0.016913073,-0.016567975,False
4018,-0.07836065,-0.15611237,False
4017,0.32574737,0.08588302,False
4016,0.12756234,0.0052992105,False
4006,-0.006924903,-0.015710998,False
4015,-0.42624712,-0.24691248,False
4013,0.07954231,-0.15196669,False
4012,-0.037576687,0.055691246,False
4011,-0.031835943,-0.045751885,False
4010,0.042110264,0.04385504,False
4009,-0.016107466,0.06753717,False
4008,0.033826783,-0.010957651,False
4014,-0.019998819,0.026522964,False
4129,0.029993236,0.10337371,False
4058,-0.055889532,-0.042019755,False
4060,-0.072091475,0.028697059,False
4097,0.10591018,0.055524588,False
4098,0.123220384,0.8902157,False
4099,-0.120878935,0.004406482,False
4100,-0.03753966,0.1488424,False
4101,0.15736127,0.06193471,False
4102,-0.009945298,-0.00984564,False
4103,-0.30630636,0.07596481,False
4104,-0.44843015,-0.24403846,False
4105,0.028764408,-0.02682783,False
4106,0.047843456,0.0029898882,False
4107,-0.18007314,-0.4060068,False
4108,0.017762274,0.063090116,False
4109,0.039255053,-0.17971861,False
4110,-0.42671192,-0.72276413,False
4111,-0.5005629,-0.18664646,False
4112,-0.013303977,-0.013303977,False
4113,-0.16388941,-0.38563514,False
4127,-0.0032595247,0.06237376,False
4126,-0.006542295,-0.022220159,False
4125,0.1883663,-0.15848476,False
4124,-0.013508968,-0.012964681,False
4123,-0.018084854,-0.19683886,False
4122,-0.0070557296,-0.025135323,False
4096,0.02285238,-0.007869024,False
4121,0.0,1.7500686e-05,False
4119,-0.021719515,-0.11459023,False
4118,-0.097359896,-0.09386183,False
4117,0.33786964,-0.020121455,False
4116,0.0218001,0.057148337,False
4115,0.019750476,0.12229526,False
4114,-0.0083934665,-0.057951882,False
4120,-0.104979426,0.08266652,False
4095,-0.27397928,-0.054956734,False
4094,-0.14500497,0.054545164,False
4093,0.002725102,-0.055086166,False
4074,-0.05685675,-0.09127104,False
4073,-0.0034174668,-0.0030898233,False
4072,0.028546166,-0.040154684,False
4071,-0.011983383,-0.026861534,False
4070,0.2273063,-0.12323046,False
4069,-0.066983536,-0.038728252,False
4075,0.15574494,-0.0056310594,False
4068,-0.010094603,-0.010094603,False
4066,0.17705548,-0.01169157,False
4065,-0.21211302,0.015753865,False
4064,-0.07486344,-0.03028579,False
4063,0.07899019,0.1359351,False
4062,-0.048412226,0.023745805,False
4061,0.00079586543,0.0059085563,False
4067,-0.0100115165,-0.0100115165,False
4059,0.0,0.0,False
4076,0.021335915,0.0,False
4078,0.019808374,0.20130958,False
4092,0.0,0.0,False
4091,0.0056856796,-0.031645127,False
4090,-0.063819975,-0.12414703,False
4089,-0.009477198,-0.037257165,False
4088,-0.077079505,-0.17881775,False
4087,-0.022634631,0.022794964,False
4077,-0.05961281,-0.2504518,False
4086,-0.036999345,-0.18961328,False
4084,0.0,0.0,False
4083,-0.06358282,-0.032360688,False
4082,0.0,0.0,False
4081,-0.19674152,-0.02111882,False
4080,0.005601071,-0.013314147,False
4079,-0.16350889,0.114037454,False
4085,0.0,0.0004896146,False
3989,-0.3792262,-0.09103337,False
4271,-0.07367106,0.018155798,False
4273,-0.015785024,-0.18713592,False
4452,-0.043481708,-0.016902566,False
4453,0.0,0.0,False
4454,0.041486472,0.11471203,False
4455,0.03914967,0.05011347,False
4456,0.100152075,0.2662412,False
4457,0.016174316,-0.0036848104,False
4458,-0.18108368,-0.17750943,False
4459,-0.035797894,-0.09971464,False
4460,-0.0046762936,-0.0046762936,False
4461,0.13006312,-0.0013320148,False
4462,-0.05319357,-0.08202669,False
4463,-0.052011833,0.0008970648,False
4464,-0.7088747,-0.27443743,False
4465,-0.009401139,-0.008677426,False
4466,0.014049755,-0.009386048,False
4467,0.09290475,0.14299536,False
4468,-0.015130825,-0.0063965656,False
4482,0.040334977,-0.009048631,False
4481,0.17399025,0.30956864,False
4480,-0.0048891813,-0.0048891813,False
4479,0.011505123,-0.03247312,False
4478,-0.018254785,0.07161824,False
4477,0.0,0.0,False
4451,-0.013922248,-0.013921002,False
4476,0.0,7.800468e-05,False
4474,-0.15705955,-0.2208763,False
4473,-0.057953864,-0.048725635,False
4472,-0.11570072,-0.041301727,False
4471,-0.086230405,-0.056326956,False
4470,0.032111466,-0.099449284,False
4469,-0.012817809,-0.012817809,False
4475,-0.020212203,-0.04312534,False
4450,-0.013063908,0.027213782,False
4449,-0.032513168,-0.032513168,False
4448,0.07926032,0.09424153,False
4429,-0.7895448,-0.84603333,False
4428,0.0029152278,-0.019586695,False
4427,-0.02803085,0.018507823,False
4426,-0.39430618,-0.27731115,False
4425,-0.01486463,-0.01486463,False
4424,-0.01328202,-0.01328202,False
4430,-0.017487079,-0.0846452,False
4423,-0.17642754,-0.11855793,False
4421,0.020703644,0.033331294,False
4420,-0.013727281,0.0065430254,False
4419,-0.011493579,-0.02168667,False
4418,-0.03126091,-0.027438527,False
4417,0.017325126,-0.004584724,False
4416,0.0023008436,-0.019518899,False
4422,0.029814294,-0.014814245,False
4483,0.0,0.000108235305,False
4431,-0.025592484,-0.09390868,False
4433,0.07059914,0.36529988,False
4447,-0.07395327,-0.19973263,False
4446,-0.014123102,-0.014123102,False
4445,-0.19495086,-0.040180415,False
4444,-0.50686526,-0.5001757,False
4443,-0.00515759,0.052800924,False
4442,-0.015216906,0.022609636,False
4432,-0.019925525,-0.019925525,False
4441,0.010762449,-0.028242968,False
4439,-0.08169483,-0.06672287,False
4438,-0.004968465,-0.004968465,False
4437,-0.016121686,-0.19263923,False
4436,-0.0041065547,-0.0039528557,False
4435,-0.008096255,-0.018824615,False
4434,0.09672404,-0.02271786,False
4440,-0.07730806,0.17522055,False
4415,0.0064587668,-0.015830852,False
4484,0.012478009,-0.093915924,False
4486,0.0,0.0,False
4523,0.0241329,0.022045486,False
4524,0.068461955,0.0892722,False
4525,-0.21209645,-0.14658833,False
4526,-0.021240577,0.048709057,False
4527,-0.016047988,0.06771889,False
4528,0.0,0.0,False
4529,-0.01868832,-0.01868832,False
4530,-0.023532264,-0.09816453,False
4531,0.033123314,0.030964017,False
4532,-0.29437864,-0.28966725,False
4533,-0.0048921127,-0.0009719366,False
4534,-0.06282776,-0.07241559,False
4535,0.03471133,0.38027707,False
4536,-0.016391397,-0.7956649,False
4537,-0.007534981,0.6093588,False
4538,-0.13093567,-0.13168526,False
4539,-0.07538724,0.20087123,False
4553,-0.017265275,0.08922319,False
4552,-0.02619141,-0.04434836,False
4551,0.0591711,0.254949,False
4550,0.0,0.0,False
4549,0.04642471,0.03268929,False
4548,0.08624166,0.055443257,False
4522,-0.008020045,-0.008020045,False
4547,-0.14108741,-0.3174696,False
9092,-0.32634753,-0.01873672,False
4544,0.016320586,0.016196176,False
4543,0.0,0.0,False
4542,0.108697206,0.12510127,False
4541,-0.19266844,-0.32837486,False
4540,-0.009676313,-0.009676313,False
4546,-0.004508894,-0.004508894,False
4521,-0.0045843073,-0.0045843073,False
4520,-0.023389958,-0.015337224,False
4519,0.01007891,-0.009721075,False
4500,0.0,6.581511e-05,False
4499,0.033247516,-0.11148144,False
4498,0.14026368,0.09665063,False
4497,-0.019168556,-0.019168556,False
4496,0.0,0.0,False
4495,-0.040117934,-0.093925744,False
4501,-0.065147996,0.023123384,False
4494,0.08845017,-0.027175173,False
4492,0.1266962,0.1137844,False
4491,-0.33353174,0.19689071,False
4490,-0.117816895,-0.027515233,False
4489,0.095461115,-0.08328239,False
4488,-0.0755488,0.011532992,False
4487,0.01770192,-0.028871395,False
4493,0.04000278,0.13738064,False
4485,0.0031258166,-0.062671214,False
4502,0.16388404,0.16473001,False
4504,-0.07218912,-0.17912087,False
4518,-0.02778552,-0.017168816,False
4517,-0.0048429766,-0.003707264,False
4516,-0.0048796716,0.010873113,False
4515,-0.0045291847,-0.0044579585,False
4514,-0.023247175,-0.023247175,False
4513,0.024529597,4.8987004e-05,False
4503,0.014319971,0.06380263,False
4512,0.0,0.0,False
4510,0.0,0.0,False
4509,0.08724153,-0.024765857,False
4508,-0.0051218364,-0.0051218364,False
4507,0.062246226,-0.028095879,False
4506,-0.03999517,-0.052479733,False
4505,-0.0143850595,-0.026749117,False
4511,-0.4077738,-0.6641572,False
4272,0.027933639,-0.005832024,False
4414,-0.027824985,-0.04815081,False
4412,-0.00023543835,0.044437364,False
4310,0.05152148,-0.22283614,False
4311,-0.014931861,-0.014931861,False
4312,0.06212786,-0.060267873,False
4313,-0.0046636024,-0.0046636024,False
4314,0.010542788,-0.0342659,False
4315,0.0034605116,-0.15073852,False
4316,0.046862833,-0.024934758,False
4317,-0.00024174154,-0.03519591,False
4318,0.038147897,-0.07129589,False
4319,0.027142912,-0.0042283535,False
4320,-0.05200164,0.052273393,False
4321,-0.009356603,-0.02705051,False
4322,0.004597543,-0.0117800515,False
4323,-0.0055243075,-0.06086555,False
4324,-0.010585368,-0.00860703,False
4325,-0.060504436,0.0967235,False
4326,-0.0029070154,-0.026237912,False
4340,-0.21321452,-0.48658723,False
4339,-0.015077231,-0.015077231,False
4338,-0.0021923631,-0.020652633,False
4337,0.05702901,-0.25817347,False
4336,0.08638406,-0.18209875,False
4335,-0.013673797,-0.061801255,False
4309,-0.065005064,-0.028286695,False
4334,0.02937565,-0.029223181,False
4332,-0.012529931,-0.012529931,False
4331,-0.2096684,-0.0048015118,False
4330,-0.09256971,-0.11958754,False
4329,-0.024665203,-0.024665203,False
4328,-0.056388795,0.04207015,False
4327,0.0,0.0,False
4333,-0.044231564,-0.34417385,False
4308,0.066210315,0.032061577,False
4307,0.8090043,-0.11260545,False
4306,-0.033204436,0.083684474,False
4287,-0.020329744,-0.071463004,False
4286,0.010334805,-0.09955158,False
4285,0.035069346,0.10612738,False
4284,-0.047874495,-0.075877406,False
4283,-0.120737314,0.92461586,False
4282,0.005314052,-0.021539807,False
4288,-0.22963461,0.21058184,False
4281,0.03792119,-0.002257526,False
4279,0.020077229,-0.18508178,False
4278,0.087074995,-0.053017557,False
4277,-0.14469403,-0.0074133277,False
4276,0.3417173,0.085751474,False
4275,-0.020816058,0.041621223,False
4274,-0.028155817,-0.028155817,False
4280,-0.07342285,-0.073890984,False
4341,-0.26636577,-0.047714233,False
4289,0.0625245,-0.020151317,False
4291,0.028620554,-0.018012173,False
4305,-0.00063475966,0.019419178,False
4304,-0.046658278,-0.022718012,False
4303,-0.0050267577,0.13834572,False
4302,-0.0047310563,-0.0045961523,False
4301,-0.031619433,0.08670816,False
4300,0.11581318,-0.02187654,False
4290,0.08314848,0.1913737,False
4299,0.20525652,0.26012045,False
4297,-0.079562426,-0.1998022,False
4296,-0.016538255,-0.07619246,False
4295,-0.045418143,-0.04995489,False
4294,-0.114529446,-0.0145650655,False
4293,0.026189283,0.021404393,False
4292,-0.1028435,-0.10128617,False
4298,-0.009071162,0.1381596,False
4413,-0.037434787,0.027413666,False
4342,-0.019571409,-0.017971516,False
4344,-0.05567527,-0.054736733,False
4381,0.013444176,-0.010317912,False
4382,0.0769164,-0.033727065,False
4383,0.025348455,-0.12825432,False
4384,-0.009415481,-0.0064059366,False
4385,-0.008082301,-0.016868016,False
4386,0.012388809,-0.0048046946,False
4387,0.009522565,-0.04848604,False
4388,-0.0052087167,-0.0052087167,False
4389,0.0,0.011510002,False
4390,0.038836896,0.16217831,False
4391,-0.076037094,-0.078112766,False
4392,-0.006321743,-0.081723675,False
4393,0.020837829,0.0,False
4394,-0.02260891,-0.05322846,False
4395,-0.07673252,-0.15513217,False
4396,0.006383881,-0.014779316,False
4397,0.05795793,0.018747184,False
4411,-0.23988841,0.017253757,False
4410,-0.06440261,-0.024692953,False
4409,-0.06945956,0.062140286,False
4408,0.12616976,-0.0070602,False
4407,0.021650907,0.0006465966,False
4406,-0.012971181,0.03244689,False
4380,-0.004562474,-0.004562474,False
4405,0.0068093315,-0.036108032,False
4403,-0.004554102,-0.004538739,False
4402,-0.06814043,0.002391234,False
4401,-0.001735244,-0.027020989,False
4400,0.032571793,0.043188103,False
4399,-0.20544207,-0.13403873,False
4398,0.047563553,-0.016250312,False
4404,-0.0017988384,-0.013432294,False
4379,-0.019505363,0.022725284,False
4378,-0.0036717076,-0.02475822,False
4377,-0.004897807,-0.004897807,False
4358,-0.15044653,-0.63393545,False
4357,-0.050271183,0.031402588,False
4356,-0.018618379,-0.018618379,False
4355,0.1590805,0.06403029,False
4354,0.13185287,0.19668424,False
4353,0.107111216,0.18923962,False
4359,-0.14707637,-0.106238216,False
4352,0.026211709,-0.13485841,False
4350,-0.099078715,-0.039745837,False
4349,-0.010038305,-0.010038305,False
4348,-0.08370432,0.1812728,False
4347,-0.37774158,-0.43474424,False
4346,0.00091054477,-0.019548776,False
4345,-0.0046121166,-0.0046121166,False
4351,0.014059972,0.024066333,False
4343,-0.009635335,-0.009635335,False
4360,0.002364654,-0.019416958,False
4362,0.026974835,0.023429416,False
4376,0.025947137,-0.01916618,False
4375,0.2435131,-0.1644926,False
4374,0.02395568,-0.066593446,False
4373,-0.038542688,-0.058961872,False
4372,-0.019670501,-0.026365012,False
4371,-0.006916657,-0.0065659825,False
4361,0.010822284,0.26995653,False
4370,0.21008974,0.21622568,False
4368,-0.012713676,-0.012713676,False
4367,-0.11501223,-0.0789389,False
4366,0.05971577,0.027417265,False
4365,-0.16396022,-0.061254025,False
4364,0.20598084,-0.012520134,False
4363,0.013599694,-0.18056071,False
4369,-0.037018687,-0.022044947,False
3988,0.0067159384,-0.0140230935,False
3987,-0.0045291847,-0.0045291847,False
3986,-0.014253421,-0.013650766,False
3598,0.069369316,-0.69222665,False
3599,0.07294357,-0.028537154,False
3600,-0.055604994,-0.07254505,False
3601,0.025527656,-0.10650462,False
3602,-0.01379583,0.019733466,False
3603,-0.22793877,0.011599183,False
3604,-0.019099027,0.008869693,False
3605,-0.0030536652,-0.02984057,False
3606,0.02307774,0.0,False
3607,-0.046289757,-0.132233,False
3608,0.20992088,0.11955696,False
3609,0.0775787,-0.08132023,False
3610,0.026845783,0.0022789333,False
3611,0.007320881,-0.012880087,False
3612,-0.22686625,-0.21380782,False
3613,0.009742591,-0.009803223,False
3614,-0.0021874197,-0.045450274,False
3628,-0.2856402,0.0634526,False
3627,0.028770223,-0.03261996,False
3626,0.021485984,0.0698421,False
3625,0.03620495,-0.0069496147,False
3624,-0.016742898,-0.016742898,False
3623,0.0,0.0,False
3597,-0.004968465,-0.004968465,False
3622,-0.08183673,-0.09906599,False
3620,0.019044977,-0.009277596,False
3619,-0.001749834,-0.018573482,False
3618,0.3136233,0.39185536,False
3617,0.0067949295,0.16935492,False
3616,-0.46344316,-0.031175852,False
3615,-0.24031043,0.09463209,False
3621,0.0024590436,-0.015815925,False
3596,0.033303384,-0.050702076,False
3595,0.0540706,-0.048977032,False
3594,-0.01293011,-0.05120356,False
3575,0.076366514,0.029827118,False
3574,-0.3108306,-0.021626234,False
3573,0.31414926,-0.19760084,False
3572,-0.024586968,-0.06138224,False
3571,0.042185903,-0.38342595,False
3570,0.2181378,-0.07478535,False
3576,-0.2095018,-0.42840022,False
3569,-0.31303668,-0.20347619,False
3567,-0.060896296,-0.060896296,False
3566,-0.0074332952,-0.123274386,False
3565,-0.008825574,-0.008824999,False
3564,0.014050186,0.05461979,False
3563,0.0131853,-0.008775966,False
3562,-0.10530554,-0.011345953,False
3568,-0.063290946,-0.08298599,False
3629,-0.061732464,-0.02504187,False
3577,-0.12105709,-0.13267028,False
3579,-0.07512832,0.042018056,False
3593,-0.0071575493,0.06987126,False
3592,-0.1607323,-0.21685362,False
3591,-0.03743279,-0.15159065,False
3590,-0.29577065,-0.17660773,False
3589,-0.06057948,0.008008391,False
3588,0.009245027,0.01426762,False
3578,0.15761906,0.25525767,False
3587,0.0123442095,0.08758369,False
3585,-0.14339098,0.065992355,False
3584,0.26530433,0.044542313,False
3583,-0.0031019505,-0.019396447,False
3582,-0.14214563,0.034306467,False
3581,0.04280579,0.0533911,False
3580,-0.080547035,-0.24766976,False
3586,0.00947536,0.0052623786,False
3561,-0.029178292,0.0039455295,False
3630,0.025719564,-0.04202498,False
3632,0.022366293,3.51524e-05,False
3669,-0.21855211,-0.31207013,False
3670,0.18470573,0.40962148,False
3671,-0.054902375,-0.109182715,False
3672,0.060735464,0.09700978,False
3673,-0.24486333,-0.012125075,False
3674,-0.038123906,0.042747974,False
3675,-0.2134924,-0.06885433,False
3676,0.019624693,-0.022471359,False
3677,-0.015468409,-0.013528332,False
3678,0.09288627,-0.022004202,False
3679,-0.0138693005,0.08318353,False
3680,0.054435074,-0.019224048,False
3681,0.023054717,-0.022297703,False
3682,0.013428949,-0.00661628,False
3683,-0.13526413,-0.04950299,False
3684,-0.2044667,-0.00147295,False
3685,-0.002593454,-0.052613527,False
3699,0.12478948,0.003027916,False
3698,-0.01721561,-0.059150934,False
3697,-0.015779244,-0.026997007,False
3696,-0.005941823,0.18887356,False
3695,-0.012880292,-0.012880292,False
3694,-0.062069327,-0.056502745,False
3668,-0.089990854,0.097638845,False
3693,0.053730905,-0.10837558,False
3691,-0.12835716,-0.103594825,False
3690,-0.024668753,-0.024668753,False
3689,-0.010307521,-0.24631914,False
3688,0.02388344,-0.081893615,False
3687,0.04444456,-0.035501346,False
3686,0.003702201,0.03840947,False
3692,0.02923844,-0.014423685,False
3667,0.033812225,-0.04133617,False
3666,0.008837774,-0.018663213,False
3665,0.056429327,0.055009246,False
3646,-0.1642853,0.43864942,False
3645,-0.16045383,-0.16016343,False
3644,-0.1650958,-0.17968917,False
3643,-0.15911436,0.018612623,False
3642,-0.0011692941,-0.035990432,False
3641,0.11397046,-0.06396133,False
3647,-0.021157682,0.12902069,False
3640,-0.23091567,0.053763986,False
3638,-0.17452264,0.06103444,False
3637,-0.02382192,0.15228835,False
3636,0.11970499,-0.05144003,False
3635,0.03146708,0.06556004,False
3634,0.0738695,-0.04761199,False
3633,-0.004865498,-0.0028245812,False
3639,-0.08415198,-0.17129612,False
3631,0.032280616,-0.009716021,False
3648,-0.090446234,0.19093257,False
3650,0.128061,0.17698145,False
3664,0.019212551,-0.009637177,False
3663,-0.36142278,1.5066115,False
3662,-0.089918256,-0.26390433,False
3661,0.2452245,0.09810579,False
3660,0.090047896,0.23181331,False
3659,-0.05547738,-0.16739368,False
3649,-0.05469072,-0.10368101,False
3658,0.033837557,0.021096736,False
3656,0.0058094263,-0.06655979,False
3655,-0.0040512234,0.091250435,False
3654,-0.12361705,-0.14188254,False
3653,-0.036967203,0.038797572,False
3652,0.25246716,-0.20680845,False
3651,-0.025360838,-0.15275124,False
3657,0.017629325,-0.08360624,False
3700,-0.090385914,0.044320107,False
3560,0.0057941675,-0.038579762,False
3558,-0.0034264699,0.3130904,False
3456,-0.013548534,-0.013548534,False
3457,0.0082347095,0.06882447,False
3458,-0.013631856,-0.013631856,False
3459,-0.0021069683,-0.046632178,False
3460,0.07455652,-0.014420247,False
3461,-0.01900012,0.03317093,False
3462,-0.024105083,-0.024098752,False
3463,-0.0038334213,-0.0038334213,False
3464,0.011129917,-0.004563225,False
3465,0.020844959,-0.022965766,False
3466,-0.072775975,-0.062645495,False
3467,-0.008719188,-0.008719188,False
3468,0.022133011,0.008458495,False
3469,-0.009026868,-0.009026868,False
3470,0.0,0.0,False
3471,0.057515897,-0.010178225,False
3472,0.014485009,-0.029399984,False
3486,0.090740174,0.1817385,False
3485,-0.04583937,0.018296987,False
3484,0.0051815063,-0.05514756,False
3483,0.17175412,0.016960502,False
3482,-0.006852567,-0.28122517,False
3481,0.01452446,0.08918977,False
3455,0.029955074,-0.08209224,False
3480,-0.013175905,0.09058714,False
3478,-0.11606607,-0.14823419,False
3477,-0.0892418,0.030578047,False
3476,-0.009895721,-0.009888073,False
3475,-0.04272618,0.08127561,False
3474,-0.014421633,-0.014421633,False
3473,-0.009934086,-0.009934086,False
3479,-0.11500478,-0.07571119,False
3454,0.0,0.0,False
3453,-0.0048509818,-0.0048509818,False
3452,-0.038450606,-0.048494607,False
3433,0.0,0.0010210385,False
3432,-0.023773164,-0.023773164,False
3431,0.01721413,-0.00492338,False
3430,-0.0676414,-0.12335785,False
3429,-0.0057847034,-0.0240928,False
3428,0.00221584,-0.059645735,False
3434,-0.0003351625,-0.019880403,False
3427,-0.033683974,-0.033683974,False
3425,-0.0052882507,-0.044376023,False
3424,0.0,0.0,False
3423,0.056242824,0.024119496,False
3422,0.03044042,0.044995755,False
3421,0.0002859272,0.025653336,False
3420,-0.01526162,-0.08981172,False
3426,-0.05155932,-0.05155932,False
3487,-0.3237552,0.35850525,False
3435,0.041897774,-0.053787336,False
3437,0.0071412846,-0.014945213,False
3451,0.023360897,0.0,False
3450,-0.009160463,-0.009160463,False
3449,-0.017305322,0.045362286,False
3448,0.0019067898,0.032209918,False
3447,-0.034931,-0.05703354,False
3446,-0.019889593,-0.012142073,False
3436,-0.018370561,-0.018370561,False
3445,0.0,0.0,False
3443,-0.025617301,-0.04552753,False
3442,-0.042442784,0.0070937686,False
3441,-0.003413568,-0.003413568,False
3440,0.03062215,-0.03355818,False
3439,0.028129242,-0.034159213,False
3438,0.006427899,0.019657165,False
3444,-0.010137668,-0.031776473,False
3559,-0.004678143,-0.004678143,False
3488,-0.25780153,-0.04503405,False
3490,-0.51952314,-0.44949067,False
3527,-0.004857174,-0.004857174,False
3528,0.0,0.0,False
3529,-0.51957643,-0.40068483,False
3530,-0.068911746,-0.010099277,False
3531,-0.21066874,-0.21406522,False
3532,-0.85102415,-1.02513,False
3533,0.03919973,-0.03404837,False
3534,-0.00926956,-0.028244253,False
3535,-0.026836358,-0.12231742,False
3536,0.0,0.0,False
3537,0.0,7.058046e-05,False
3538,-0.06835914,-0.06395159,False
3539,-0.15703455,-0.39323038,False
3540,-0.24945378,-0.3081913,False
3541,-0.3115251,-0.25926906,False
3542,-0.011409715,-0.077048644,False
3543,-1.0388936,-0.38050842,False
3557,-0.005207883,0.0016407752,False
3556,0.0,0.0,False
3555,0.002355069,-0.010778576,False
3554,-0.117977284,-0.06307631,False
3553,-0.07798743,-0.082482815,False
3552,-0.016253203,0.10405932,False
3526,-0.006283818,-0.029598739,False
3551,-0.0860343,-0.38597238,False
3549,0.03418517,-0.040943354,False
3548,0.030915022,0.029824495,False
3547,-0.15087175,-0.15711477,False
3546,0.015779883,-0.031151354,False
3545,-0.023802325,-0.089872666,False
3544,-0.051482826,0.29208812,False
3550,-0.023198515,0.008203924,False
3525,-0.009328781,-0.009328781,False
3524,0.111287326,-0.05340314,False
3523,0.023937106,-0.20620799,False
3504,0.18979067,0.09461793,False
3503,0.027283013,0.058938727,False
3502,-0.020430028,0.027068257,False
3501,-0.06495144,-0.019549578,False
3500,0.08671734,-0.120661706,False
3499,0.008488484,0.03377574,False
3505,-0.046376437,-0.07394612,False
3498,-0.08614077,-0.046614945,False
3496,-0.036710784,0.007995576,False
3495,0.08918208,-0.10779011,False
3494,-0.21741861,-0.19683158,False
3493,-0.11388436,0.10529728,False
3492,-0.03329128,0.03661275,False
3491,-0.13490021,-0.034221053,False
3497,-0.015079349,-0.061426334,False
3489,-0.32478666,-0.041821837,False
3506,0.0,0.0,False
3508,0.009088412,0.03789118,False
3522,0.0,0.0,False
3521,0.0031072795,-0.076839164,False
3520,0.100192964,-0.15582556,False
3519,-0.10095745,0.022839427,False
3518,0.072770625,-0.012771994,False
3517,-0.038811088,-0.18313599,False
3507,0.027787518,-0.013260511,False
3516,-0.016787052,0.092918456,False
3514,0.10111974,0.16103078,False
3513,-0.00782001,0.07513243,False
3512,-0.019733354,0.058605075,False
3511,0.038899727,-0.04859128,False
3510,0.24951673,0.55762434,False
3509,0.015342049,-0.06776671,False
3515,-0.27970755,-0.2109766,False
3701,-0.0090351105,-0.3424921,False
3702,-0.17228365,0.07336259,False
3703,-0.29123235,-0.24548912,False
3883,0.047153592,-0.10486412,False
3884,0.028270245,0.03463936,False
3885,-0.1846844,-0.3011043,False
3886,0.0,0.00016058821,False
3887,-0.015205979,-0.2722955,False
3888,-0.052481137,0.14054042,False
3889,-0.0044247913,-0.0044247913,False
3890,0.013650596,-0.005737152,False
3891,0.03984579,-0.0048315576,False
3892,-0.004882378,-0.0048444397,False
3893,-0.09659889,0.15119645,False
3894,-0.06839386,0.0054661036,False
3895,0.10527977,-0.010834068,False
3896,-0.080503404,-0.13731435,False
3897,-0.06952977,0.124026656,False
3898,0.04888314,-0.013489425,False
3899,0.03142511,-0.0076988265,False
3913,-0.026346177,0.15793286,False
3912,-0.033670068,0.023821354,False
3911,-0.30399027,-0.15058655,False
3910,-0.018644042,0.039599296,False
3909,0.08465189,0.0005697012,False
3908,-0.055053532,-0.04738109,False
3882,0.020822432,-0.019554004,False
3907,0.01925248,-0.048215263,False
3905,-0.10418832,0.0414598,False
3904,-0.041120052,-0.083029985,False
3903,0.084777564,0.044377953,False
3902,-0.035812497,-0.1472044,False
3901,-0.09689674,0.29675722,False
3900,-0.19122243,0.3508048,False
3906,-0.17182821,-0.22843146,False
3881,-0.19761324,-0.29593897,False
3880,0.17412138,-0.002005577,False
3879,0.060020372,0.07882102,False
3860,0.19083607,-0.111027,False
3859,-0.22201109,-0.11940622,False
3858,-0.051757097,-0.039030075,False
3857,-0.014712572,0.14647913,False
3856,0.014993709,-0.026794557,False
3855,-0.08360362,-0.20180392,False
3861,-0.11883995,0.07895094,False
3854,-0.1786325,0.12705755,False
3852,0.08659363,0.08305025,False
3851,-0.06412149,-0.015313804,False
3850,0.050022915,-0.057077184,False
3849,-0.35252285,0.06615996,False
3848,-0.059742928,0.56586695,False
3847,-0.1028409,0.3856182,False
3853,-0.025384601,-0.042459056,False
3914,0.053798497,0.09842193,False
3862,0.056633122,-0.049833484,False
3864,-0.024350375,0.013368577,False
3878,-0.19758356,0.050670505,False
3877,0.058445692,0.19811195,False
3876,-0.008964261,-0.008964261,False
3875,-0.02186346,-0.073999226,False
3874,-0.15551418,-0.067574084,False
3873,-0.07400894,-0.07147217,False
3863,0.08444631,-0.08105004,False
3872,0.0,0.020123893,False
3870,-0.032601833,-0.4263835,False
3869,0.0,0.0,False
3868,-0.14821172,-0.1107707,False
3867,-0.0012864321,-0.033561677,False
3866,0.061486244,-0.034216166,False
3865,0.109063774,0.102927566,False
3871,0.038018167,0.45990878,False
3846,-0.29104972,-0.14391041,False
3915,0.016575485,-0.025704281,False
3917,-0.0048526675,-0.047801595,False
3955,-0.005645033,-0.021977779,False
3956,0.06566067,-0.012473188,False
3957,0.055535197,0.10779661,False
3958,-0.13295671,-0.22218749,False
3959,0.023503631,-0.088797815,False
3960,-0.0051132906,-0.004682333,False
3961,-0.025144637,-0.10662037,False
3962,0.020523015,0.08298178,False
3963,0.00072374754,-0.016907793,False
3964,-0.07018693,0.061150074,False
3965,-0.004335512,-0.004335512,False
3966,0.3227827,0.019256651,False
3967,-0.24261439,-0.057647765,False
3968,0.008006502,-0.0011261469,False
3969,-0.073816836,0.01518552,False
3970,0.021291837,-0.09944199,False
3971,-0.2504785,-0.089696825,False
3985,-0.013374852,0.04458432,False
3984,-0.014367618,-0.045444682,False
3983,0.016377594,0.0,False
3982,-0.22698927,-0.1930081,False
3981,0.045755863,-0.065517426,False
3980,-0.014688253,-0.05708292,False
3954,0.020695627,-0.17158854,False
3979,-0.0041995626,-0.019877426,False
3977,-0.29319334,-0.49873507,False
3976,-0.08379698,-0.12899733,False
3975,-0.23276758,-0.4367851,False
3974,-0.0140928775,-0.0140928775,False
3973,-0.019207723,-0.019207723,False
3972,-0.00023566186,-0.03778672,False
3978,-0.012558609,-0.067462966,False
3953,0.013166882,-0.009500822,False
3952,-0.0044511706,-0.0031886362,False
3951,-0.004907511,-0.004907511,False
3931,0.052030213,0.071256064,False
3930,-0.21738124,-0.037228554,False
3929,-0.25772613,-0.20607883,False
3928,-0.004854167,-0.0048167594,False
3927,-0.010400042,-0.010400042,False
3926,0.014977917,0.04387644,False
3932,0.017193504,0.0,False
3925,0.024513042,-0.007932869,False
3923,-0.1706011,-0.099012226,False
3922,0.024348158,0.0079511665,False
3921,0.15998939,-0.102541834,False
3920,0.08044505,-0.1805929,False
3919,-0.0047422554,-0.0047422554,False
3918,-0.0081200795,-0.007337488,False
3924,-0.0017419606,-0.024630103,False
3916,0.10272312,0.10778332,False
3933,0.0,0.0,False
3936,-0.0047054025,-0.0047054025,False
3950,-0.004470864,-0.0032577845,False
3949,0.005674865,-0.017546102,False
3948,-0.0052438695,-0.0050134896,False
3947,0.034667592,-0.009568434,False
3946,-0.19103542,-0.1625076,False
3945,0.002278529,-0.0076746754,False
3935,-0.008616202,-0.052907035,False
3944,-0.0050690323,-0.020616531,False
3942,-0.027157187,-0.07187411,False
3941,0.0,0.019918371,False
3940,-0.2246431,-0.10798499,False
3939,-0.041318953,0.072125435,False
3938,-0.027732933,0.0023941454,False
3937,-0.1150222,-0.09068084,False
3943,-0.10112637,0.08956313,False
3845,0.009301655,-0.037549272,False
3844,-0.016883373,-0.23193026,False
3843,0.07798791,0.0122282505,False
3740,-0.040069588,-0.10184551,False
3741,-0.10167539,0.096359015,False
3742,0.041859884,-0.01557171,False
3743,-0.014227655,0.004877722,False
3744,0.0,0.00089135754,False
3745,-0.2936691,-0.06479502,False
3746,-0.059298187,0.051059425,False
3747,-0.06289935,-0.059544474,False
3748,0.04062964,0.11984651,False
3749,-0.011181619,-0.011181619,False
3750,-0.0020540953,0.0017537475,False
3751,-0.014376942,-0.014376942,False
3752,0.006107211,0.036794245,False
3753,0.03543393,-0.02499828,False
3754,-0.3749929,0.011922836,False
3755,-0.027024731,-0.06446388,False
3756,-0.005129954,-0.005129954,False
3770,-0.009589873,0.04129625,False
3769,-0.0186925,0.0032951683,False
3768,-0.11730063,0.024726808,False
3767,-0.018311352,-0.037041873,False
3766,-0.018603623,0.02766782,False
3765,0.12908119,0.2707985,False
3739,-0.4774142,-0.27251625,False
3764,0.043937087,0.13738203,False
3762,-0.00972724,0.09497225,False
3761,-0.008217281,-0.008217281,False
3760,0.022927102,0.01339859,False
3759,0.044664204,-0.035720438,False
3758,-0.0047958563,-0.0014613688,False
3757,-0.15009637,-0.15883353,False
3763,-0.008768982,-0.006059657,False
3738,-0.14585903,0.117854595,False
3737,0.107551366,-0.12988737,False
3736,0.12844068,0.09840733,False
3717,-0.047761604,-0.0521272,False
3716,0.0343841,-0.09284443,False
3715,0.060504965,0.03916263,False
3714,0.039406158,-0.017708145,False
3713,-0.018407732,-0.09840392,False
3712,-0.115276694,0.05039704,False
3718,-0.03294789,-0.08035545,False
3711,0.11202973,0.026717067,False
3709,0.22177255,0.04881203,False
3708,0.20045173,0.12896019,False
3707,-0.009341804,0.038901083,False
3706,-0.13122201,0.05346334,False
3705,0.019912843,0.010333522,False
3704,-0.16078126,0.011494398,False
3710,0.08485693,-0.08700493,False
3771,-0.027724225,-0.027419988,False
3719,0.07489986,-0.047495097,False
3721,0.034059733,-0.0036288202,False
3735,-0.08048861,0.08212699,False
3734,-0.05505,0.0021671206,False
3733,0.11153664,-0.05539821,False
3732,-0.00042297505,0.0017671995,False
3731,0.056732923,0.012269542,False
3730,0.01830285,-0.004636532,False
3720,0.02563177,-0.009241611,False
3729,0.0021620486,0.00069790334,False
3727,0.023450702,0.0,False
3726,0.037069835,-0.0048502646,False
3725,-0.21884105,-0.022369295,False
3724,-0.0030446202,-0.025523948,False
3723,0.033987045,0.021685123,False
3722,0.0,0.0,False
3728,0.03363201,0.04627657,False
3772,-0.16176087,-0.027436256,False
3773,0.011931434,-0.010350175,False
3774,0.0,0.0,False
3824,0.022900753,-0.04286368,False
3823,-0.15597463,0.30594245,False
3822,0.0031049047,-0.014137983,False
3821,0.09411189,0.1846289,False
3820,-0.036969483,0.08840854,False
3819,-0.030504316,0.030005991,False
3825,-0.009237085,0.005745236,False
3818,-0.067274004,0.0027261674,False
3816,-0.009702889,-0.009702889,False
3815,0.003151983,0.15753642,False
3814,-0.2732159,-0.4099915,False
3813,0.025271567,-0.011179559,False
3812,-0.54079556,-0.1513958,False
3811,0.040098324,-0.03428711,False
3817,0.03700185,0.05389273,False
3810,-0.06265774,0.08558193,False
3826,-0.032824032,0.07967366,False
3828,-0.062570095,-0.0004054308,False
3842,-0.20399714,0.21951652,False
3841,0.10593414,0.008964062,False
3840,-0.068299055,-0.056442022,False
3839,-0.10001254,-0.046816587,False
3838,-0.037259817,0.04851675,False
3837,0.030770302,-0.03867483,False
3827,0.012394775,-0.004428873,False
3836,-0.058230937,-0.0059232414,False
3834,-0.12351179,-0.17151034,False
3833,0.034214497,-0.14339817,False
3832,-0.12062305,-0.07055104,False
3831,-0.030309945,0.048547864,False
3830,0.0117909685,-0.026792783,False
3829,-0.071697205,-0.0011425465,False
3835,-0.014487863,0.27209687,False
3418,-0.013969362,-0.009050075,False
3809,-0.12660241,0.14783502,False
3807,-0.026058838,0.050230205,False
3788,0.15716267,-0.0793007,False
3787,0.019027263,-0.2064076,False
3786,-0.23877329,-0.14005643,False
3785,0.20286131,0.3140955,False
3784,0.030064851,0.041777372,False
3783,-0.32535344,-0.05367577,False
3789,-0.16775477,-0.025159359,False
3782,0.07173449,0.008784175,False
3780,0.025078058,-0.12958074,False
3779,0.011278536,-0.044377927,False
3778,-0.16024482,-0.12350607,False
3777,0.012724698,-0.33078063,False
3776,-0.017875528,-0.017875528,False
3775,0.023052841,-0.117060006,False
3781,-0.102846965,-0.2561924,False
3808,0.043256104,0.1569879,False
3790,0.0031065643,0.10686657,False
3792,-0.077618204,-0.11497965,False
3806,0.020246014,-0.057114676,False
3805,0.021009982,-0.11369866,False
3804,-0.022933766,-0.016352253,False
3803,-0.013490294,-0.013490294,False
3802,0.015228033,0.0109733045,False
3801,-0.016086936,-0.068148196,False
3791,-0.14626315,-0.15134768,False
3800,0.030008897,0.02282779,False
3798,0.120491266,0.08750054,False
3797,0.03239645,0.073777124,False
3796,0.21759701,-0.102267504,False
3795,0.02526781,0.033387527,False
3794,0.009308979,0.03246373,False
3793,0.04988596,0.117388755,False
3799,-0.16460705,-0.069263935,False
4554,0.16031823,0.046099275,False
2277,0.13180244,0.003634572,False
2275,-0.06172859,-0.010949045,False
750,-0.041638073,-0.057030883,False
751,-0.0056153685,-0.0005566105,False
752,-0.03753918,-0.03753918,False
753,0.017357996,-0.004603271,False
754,0.0,0.012060095,False
755,0.0,0.0,False
756,-0.010102486,-0.010102486,False
757,-0.006600691,-0.02969777,False
758,0.0060912296,-0.04632535,False
759,0.007847353,-0.01357825,False
760,-0.0007680133,0.06372525,False
761,0.0032898318,-0.019292682,False
762,-0.017182529,-0.03244367,False
763,-0.021868471,-0.021274319,False
764,0.0,0.0,False
765,-0.007210059,-0.023044575,False
766,-0.018712856,-0.018712856,False
780,0.0,0.0,False
779,0.027894111,-0.029002441,False
778,-0.013387686,-0.013386217,False
777,-0.014933031,-0.014933031,False
776,0.063292824,-0.095384456,False
775,-0.010954697,-0.055005252,False
749,-0.0121804215,-0.0121804215,False
774,0.079070464,-0.02689239,False
772,0.035707094,-0.009186417,False
771,0.05209738,0.003876321,False
770,-0.004763212,-0.004763212,False
769,-0.03333699,-0.010542762,False
768,-0.00871682,-0.00871682,False
767,0.024243938,-0.018436728,False
773,-0.009674551,-0.009674551,False
748,0.07170522,0.03613463,False
747,-0.0012238063,0.02808604,False
746,-0.0014494583,-0.023838682,False
727,0.19545327,-0.029041603,False
726,0.021989822,0.0,False
725,0.044595357,-0.032176916,False
724,0.040217366,-0.04440828,False
723,0.00035696104,-0.04612175,False
722,0.02555722,-0.018961545,False
728,-0.0045059593,-0.0045059593,False
721,-0.019306865,-0.019283123,False
719,0.0,0.0,False
718,0.007156087,-0.009138409,False
717,-0.032529406,-0.032529406,False
716,0.0,0.0,False
715,-0.004825721,-0.0048252493,False
714,-0.028968304,-0.028968304,False
720,0.0959566,0.023607679,False
781,-0.018097712,-0.033084888,False
729,0.00055815093,-0.019176692,False
731,0.012072142,-0.009319742,False
745,-0.014800153,-0.014800153,False
744,0.005642103,-0.010035761,False
743,0.00055245124,-0.02201702,False
742,0.019258967,-0.0044512204,False
741,0.007082654,-0.00929494,False
740,0.03412547,-0.027385145,False
730,-0.0037567792,-0.0037567792,False
739,-0.029040845,-0.029040845,False
737,-0.0015737936,-0.018767297,False
736,-0.12246059,-0.1231022,False
735,0.0,0.0,False
734,-0.066471405,0.024545692,False
733,0.017501004,-0.016686521,False
732,-0.005088615,-0.005088615,False
738,-0.0051891888,-0.004506335,False
713,-0.018392691,-0.018392691,False
782,0.0,0.0,False
784,-0.009194015,-0.009194015,False
821,-0.007987034,-0.007987034,False
822,-0.004289847,-0.02679374,False
823,-0.020410117,-0.037640736,False
824,0.07923119,0.015455648,False
825,0.0,0.0,False
826,0.0,0.0,False
827,-0.03229297,-0.0044410545,False
828,0.02107273,-0.019753493,False
829,0.053962067,-0.024686083,False
830,0.015361974,-0.02683541,False
831,-0.024396557,-0.024396557,False
832,-0.010000229,-0.055402584,False
833,-0.014927399,-0.014927399,False
834,-0.03401783,0.02508378,False
835,0.018275045,-0.042507783,False
836,-0.036944065,-0.05279075,False
837,0.018234935,-0.035558186,False
851,-0.050761282,0.08636674,False
850,0.013944,-0.065197945,False
849,-0.0028449148,-0.08800851,False
848,-0.0047798185,-0.0047798185,False
847,-0.012025457,-0.032255102,False
846,-0.008441571,-0.008441571,False
820,0.0062399395,-0.016613351,False
845,0.0,0.0,False
843,-0.024605121,-0.024605121,False
842,-0.029916447,-0.06979073,False
841,0.0,0.0,False
840,-0.014494648,-0.014494648,False
839,0.03640856,0.0,False
838,0.03485017,-0.0050684093,False
844,-0.013318088,-0.012581287,False
819,-0.005072931,-0.005072931,False
818,-0.015949829,-0.038932715,False
817,-0.014893353,0.039641887,False
798,0.027155317,0.08046418,False
797,-0.08512446,0.0415847,False
796,-0.10800362,-0.13599455,False
795,0.009060279,0.008903371,False
794,0.087510526,-0.16625038,False
793,-0.027981564,-0.04031489,False
799,0.0044057667,0.056652755,False
792,-0.0670907,-0.059375644,False
790,-0.0021645315,-0.024044685,False
789,-0.0031084865,-0.10736488,False
788,0.0050457492,-0.04046929,False
787,0.0120858755,-0.00982653,False
786,-0.009391213,-0.009391213,False
785,-0.0050859423,-0.0050784987,False
791,-0.008613516,-0.008613516,False
783,0.030069932,-0.009713492,False
800,-0.007978216,-0.051334873,False
802,0.04040864,-0.00034172833,False
816,0.0,0.0,False
815,0.060189784,-0.058243714,False
814,0.018593924,-0.0048942682,False
813,0.018339522,-0.0048277224,False
812,-0.04371813,-0.024480611,False
811,-0.05067797,0.021059632,False
801,-0.020317651,-0.04159469,False
810,0.038124174,-0.014320165,False
808,-0.023868928,-0.023868928,False
807,0.021336243,-0.05859813,False
806,-0.04301487,-0.04142704,False
805,0.03253323,-0.03759212,False
804,0.0,0.0592093,False
803,-0.011000514,0.008605763,False
809,-0.036166057,-0.022859279,False
852,0.008759096,-0.013753679,False
712,0.015586559,-0.04413443,False
710,-0.024333721,-0.024316408,False
608,-0.0008177459,-0.024199378,False
609,-0.004127486,-0.004127486,False
610,0.024220392,-0.18412316,False
611,0.0,0.0,False
612,-0.07022033,-0.011196032,False
613,0.19756284,-0.00042960048,False
614,-0.026189612,-0.024101764,False
615,-0.009629369,-0.009629369,False
616,0.027034277,-0.009624329,False
617,0.028767372,-0.013312576,False
618,-0.011754984,-0.034022555,False
619,-0.017160444,-0.03398409,False
620,-0.034412056,-0.034412056,False
621,0.0037344154,-0.01865002,False
622,-0.036764234,-0.057392597,False
623,-0.018330226,-0.018330226,False
624,0.005310273,-0.017720073,False
638,0.008461066,-0.029631637,False
637,0.04065796,-0.004915913,False
636,0.0,0.0,False
635,0.043556865,-0.022723202,False
634,0.019734843,0.0,False
633,-0.0147372745,-0.0147372745,False
607,-0.0044935048,-0.025337439,False
632,-0.009462403,-0.009462403,False
630,0.0,0.0,False
629,-0.0047287676,-0.0047287676,False
628,0.03339148,-0.022422213,False
627,-0.025079545,0.003458336,False
626,0.0,0.0,False
625,-0.02061833,0.0008850321,False
631,0.0,0.001062291,False
606,0.01814987,-0.013889527,False
605,-0.008749577,-0.008749577,False
604,0.018658692,0.026340412,False
585,0.00061318465,-0.022437405,False
584,0.07417526,-0.038470507,False
583,0.020656096,-0.019329472,False
582,0.05127815,-0.006025821,False
581,0.01906243,-0.18280832,False
580,0.048693806,-0.018066075,False
586,-0.018536368,-0.018536368,False
579,0.0061652437,-0.009681441,False
577,-0.0048315576,-0.0048315576,False
576,-0.009492982,-0.009492982,False
575,-0.00929676,0.042712547,False
574,0.014994994,-0.12474733,False
573,0.0,5.6739227e-05,False
572,0.0,0.0,False
578,-0.06400634,-0.1553501,False
639,-0.026515912,-0.026449006,False
587,-0.04573421,-0.04600747,False
589,-0.0045929668,-0.0045929668,False
603,-0.008690344,-0.008690344,False
602,0.0137991775,-0.02911227,False
601,-0.004715158,-0.004715158,False
600,-0.010841278,-0.034755204,False
599,-0.006988246,-0.04805004,False
598,-0.004552625,-0.004552625,False
588,-0.004478243,-0.004478243,False
597,0.0,0.0,False
595,-0.014311183,-0.014311183,False
594,0.0056751817,0.06326802,False
593,-0.005200414,-0.005200414,False
592,-0.008134969,-0.008134969,False
591,0.006132439,-0.012761749,False
590,0.0028254688,0.023155086,False
596,0.048352063,-0.017723858,False
711,0.0,0.0,False
640,-0.026691983,-0.049274497,False
642,0.032367803,0.07452572,False
679,-0.008671409,-0.008671409,False
680,0.013522362,-0.008956965,False
681,-0.0028005242,-0.028119465,False
682,0.0,0.0,False
683,-0.010131316,-0.010131316,False
684,0.0031291181,-0.013203627,False
685,0.042146266,-0.040026955,False
686,-0.026233584,0.023745477,False
687,0.032177888,0.067149535,False
688,0.0050996095,-0.029800737,False
689,-0.049636375,-0.03756437,False
690,0.0,0.0,False
691,-0.008895965,-0.023741858,False
692,0.041687287,0.023428567,False
693,0.042265676,0.026215365,False
694,0.029863002,-0.004717735,False
695,-0.008713504,-0.008713504,False
709,0.008352369,-0.38734254,False
708,-0.008134618,0.005279377,False
707,-0.0045843073,-0.0045843073,False
706,0.012803286,-0.0645741,False
705,-0.02232955,-0.02232955,False
704,0.012745442,-0.009765357,False
678,-0.02089745,-0.043293387,False
703,-0.024188932,-0.024188932,False
701,0.048059873,0.015416704,False
700,0.037146404,-0.032765083,False
699,-0.025522016,-0.066878036,False
698,-0.08791961,-0.084811635,False
697,-0.038181126,0.11311665,False
696,-0.0032180324,-0.06164872,False
702,0.14643575,-0.10389999,False
677,0.09043052,-0.08102022,False
676,-0.034631785,-0.056764796,False
675,-0.04147761,-0.04147761,False
656,-0.02952425,-0.052425414,False
655,-0.0037512553,-0.0037512553,False
654,0.0,0.0,False
653,0.0021170229,-0.020240702,False
652,-0.0033904016,-0.02448178,False
651,-0.009459127,-0.054000363,False
657,0.006671831,-0.00308083,False
650,-0.012884634,-0.012867795,False
648,-0.009869091,-0.009869091,False
647,0.023777394,-0.022960553,False
646,-0.12076824,-0.07734072,False
645,0.02017353,-0.018375037,False
644,0.0,0.0,False
643,0.010804946,0.0063260123,False
649,0.0,0.0066403933,False
641,-0.028236754,-0.028236754,False
658,-0.00974074,0.051797397,False
660,0.07869622,-0.033754695,False
674,0.0008502891,-0.013995604,False
673,-0.0051165484,-0.0051165484,False
672,-0.0048277224,-0.0048277224,False
671,0.036295734,-0.008055352,False
670,-0.032687753,-0.032687753,False
669,0.026927903,-0.1426803,False
659,-0.01042745,-0.01042745,False
668,-0.0034862934,-0.0034862934,False
666,0.1289789,0.0274449,False
665,-0.005174614,-0.005174614,False
664,-0.024593765,-0.024593765,False
663,-0.013772059,-0.013772059,False
662,0.021652507,0.0,False
661,0.0,7.309189e-05,False
667,-0.009411361,-0.036878668,False
571,-0.11219673,-0.103554115,False
853,-0.013634661,-0.012594135,False
855,-0.004876203,-0.004876203,False
1034,0.0008827038,-0.018648893,False
1035,0.1374681,0.12823135,False
1036,-0.07920716,-0.0015069693,False
1037,0.0042614676,-0.038873468,False
1038,0.0,0.0,False
1039,-0.03826861,-0.030693565,False
1040,-0.019532973,-0.019532973,False
1041,-0.0047050845,-0.0047050845,False
1042,0.0,0.0,False
1043,-0.01956997,-0.01956997,False
1044,-0.0048993845,-0.0048993845,False
1045,0.010709366,0.009636683,False
1046,-0.052529402,0.11804728,False
1047,0.011974251,-0.0047054025,False
1048,-0.0007767603,-0.01110445,False
1049,-0.013800954,-0.027770797,False
1050,-0.023679249,-0.023679249,False
1064,-0.009580629,-0.009580629,False
1063,0.004121326,0.018324412,False
1062,0.038767256,-0.022583812,False
1061,0.0,0.0010923836,False
1060,-0.033355065,-0.052844044,False
1059,0.017034072,-0.004840482,False
1033,0.0014956072,-0.016823493,False
1058,-0.0132731665,-0.036483567,False
1056,-0.01784859,-0.01784859,False
1055,-0.005765522,-0.028733525,False
1054,-0.0007842034,-0.05975642,False
1053,0.0,0.0,False
1052,-0.17859848,-0.13299608,False
1051,0.07701576,-0.15329951,False
1057,-0.11412406,-0.09535432,False
1032,0.024922298,-0.013973096,False
1031,-0.019129602,-0.019129602,False
1030,-0.021891287,-0.02089224,False
1011,-0.0050479244,-0.0050479244,False
1010,-0.037069,-0.091754146,False
1009,-0.0228974,-0.04697194,False
1008,-0.005208995,-0.005208995,False
1007,-0.0063521657,-0.023049805,False
1006,0.013263607,-0.00995736,False
1012,-0.037978936,-0.07173698,False
1005,-0.009468,-0.009468,False
1003,0.03504168,-0.028096905,False
1002,0.053327642,-0.031238606,False
1001,-0.00786563,-0.015570033,False
1000,0.018188909,0.004092563,False
999,-0.055380113,-0.022176623,False
998,-0.013919279,-0.0489527,False
1004,0.029528372,-0.037344284,False
1065,-0.0049785348,-0.0049785348,False
1013,0.008317381,0.035045117,False
1015,0.0,0.0,False
1029,0.023789031,0.0,False
1028,0.04699498,-0.019026715,False
1027,-0.049119376,-0.09372682,False
1026,0.019764155,-0.023139767,False
1025,0.074062824,-0.021605529,False
1024,-0.013566837,-0.013566837,False
1014,0.027979396,-0.009580903,False
1023,-0.03306269,-0.03306269,False
1021,-0.0048579276,-0.0048579276,False
1020,-0.0059858933,-0.05208166,False
1019,-0.009914068,-0.009914068,False
1018,-0.045983866,0.02790995,False
1017,0.029773362,-0.06291353,False
1016,0.0,0.055687334,False
1022,-0.04578358,-0.037562124,False
997,0.073226035,-0.023790032,False
1066,0.17654806,0.007705152,False
1068,0.043543294,-0.023697576,False
1105,-0.0146285985,0.020108577,False
1106,0.015254583,-0.023118202,False
1107,0.018879281,-0.0045988807,False
1108,0.0,0.0,False
1109,0.014084357,-0.00932058,False
1110,0.0,0.0,False
1111,-0.009568617,-0.009568617,False
1112,-0.024315244,-0.024315244,False
1113,-0.009473932,-0.009473932,False
1114,-0.023894329,-0.023859253,False
1115,0.0,0.0,False
1116,-0.0050840024,-0.0050840024,False
1117,-0.005007431,-0.005007431,False
1118,-0.009430963,-0.009430963,False
1119,-0.06213808,-0.0708659,False
1120,0.02073444,0.013003413,False
1121,-0.0048385393,-0.0048385393,False
1135,0.023583107,0.018036783,False
1134,-0.014322767,-0.014322767,False
1133,-0.019431928,-0.019270912,False
1132,0.05305163,-0.077960216,False
1131,-0.00066395104,-0.08836496,False
1130,0.11649269,0.13091788,False
1104,0.028493755,-0.0470368,False
1129,0.017319232,-0.005019524,False
1127,-0.004554102,-0.004554102,False
1126,-0.016917817,-0.033006623,False
1125,-0.062354982,0.3692357,False
1124,0.033440635,-0.0048360825,False
1123,0.010957293,0.024651863,False
1122,0.0065424293,-0.019300912,False
1128,-0.008900803,-0.008900803,False
1103,0.055625796,0.10562378,False
1102,0.0,0.0,False
1101,0.0037953388,0.033812836,False
1082,0.0,0.0006295552,False
1081,0.0590097,-0.056727387,False
1080,-0.1878691,0.057007313,False
1079,0.012045864,-0.009915402,False
1078,0.0,0.0,False
1077,-0.009226518,-0.029552344,False
1083,-0.09355858,-0.046506345,False
1076,0.0355626,-0.0047591506,False
1074,0.0,0.0,False
1073,-0.014549112,-0.014549112,False
1072,0.018733263,-0.0036848104,False
1071,0.06409303,-0.025170011,False
1070,-0.032485925,-0.05088236,False
1069,0.11957714,-0.18493435,False
1075,0.0,0.0,False
1067,0.043420233,-0.025246965,False
1084,0.0032985006,-0.017895266,False
1086,0.0,0.0,False
1100,-0.019439844,-0.019439844,False
1099,0.0020284727,-0.106419295,False
1098,0.0,0.0,False
1097,0.04798226,-0.046049118,False
1096,0.018873448,0.014038596,False
1095,-0.0128404945,-0.03575363,False
1085,0.0061238706,0.024384085,False
1094,0.0,0.0,False
1092,-0.07141318,-0.04742253,False
1091,-0.0071384497,-0.024604706,False
1090,-0.0036848104,-0.0036848104,False
1089,0.002598226,-0.043049976,False
1088,0.02184818,-0.043466005,False
1087,-0.039476074,-0.081682496,False
1093,0.03641566,-0.031187696,False
854,-0.024609512,-0.024609512,False
996,0.015846685,0.0,False
994,0.0,0.0,False
892,-0.004428873,-0.004428873,False
893,0.03321547,-0.013631696,False
894,-0.004236065,0.07888345,False
895,-0.09554979,-0.04482001,False
896,-0.004991822,-0.023462245,False
897,0.031380326,-0.01837502,False
898,-0.015894637,-0.03150006,False
899,-0.034926802,-0.054673605,False
900,0.0022178926,-0.016459158,False
901,-0.009857116,-0.009857116,False
902,-0.013781963,-0.013781963,False
903,-0.014075479,-0.014075479,False
904,-0.008694662,-0.024722032,False
905,0.015780285,-0.0045455415,False
906,0.008234747,-0.013645407,False
907,0.03564634,0.04612796,False
908,-0.042053994,-0.06455563,False
922,-0.029722694,-0.045397323,False
921,-0.0092242295,-0.0092242295,False
920,0.0,0.0,False
919,-0.019204479,-0.019204479,False
918,-0.037797034,-0.040973917,False
917,0.0,7.4880125e-05,False
891,-0.0058120266,0.03765615,False
916,0.015876405,-0.0051355846,False
914,0.0013873521,-0.014907144,False
913,0.0,0.0,False
912,0.0,0.0,False
911,0.012291551,-0.004901953,False
910,0.020313803,-0.023632932,False
909,0.04837183,-0.044498272,False
915,0.016453905,-0.025954204,False
890,0.015457492,-0.023918716,False
889,0.03047472,-0.014327558,False
888,0.051813032,-0.015050713,False
869,0.0013170764,-0.059978113,False
868,-0.014341443,-0.014341443,False
867,-0.023644056,-0.023644056,False
866,-0.02199422,-0.020657616,False
865,0.012200779,-0.010406935,False
864,-0.009993106,0.06645337,False
870,0.0,0.0,False
863,-0.0011441372,-0.022235516,False
861,-0.029654175,-0.1926145,False
860,0.0,0.0,False
859,-0.0151833175,-0.014986491,False
858,0.0,0.0,False
857,-0.018168144,-0.018168144,False
856,0.0,0.00022746886,False
862,-0.0016623866,-0.02296033,False
923,0.0,0.0,False
871,-0.007191576,-0.028416663,False
873,0.011844259,-0.029645834,False
887,0.005006603,-0.01420284,False
886,-0.017440023,-0.028528858,False
885,0.0066047683,-0.05676045,False
884,-0.01313944,-0.01313944,False
883,-0.018727487,-0.042534128,False
882,0.0,0.0,False
872,0.0529038,0.040351942,False
881,-0.02032771,-0.08250487,False
879,-0.0047257543,0.051984385,False
878,-0.08134286,0.009000868,False
877,-0.02829475,-0.02829475,False
876,-0.012595633,-0.012595633,False
875,0.012225613,-0.055104278,False
874,0.011907466,-0.009938179,False
880,0.019943345,-0.024270874,False
995,-0.20462191,-0.62946546,False
924,-0.027818065,-0.02719269,False
926,-0.008564569,-0.008564569,False
963,-0.008966396,-0.008966396,False
964,0.021324739,-0.06176221,False
965,0.0062687183,-0.015116356,False
966,0.0,0.0,False
967,-0.03379926,-0.043357417,False
968,-0.044197522,-0.039799582,False
969,-0.009566238,-0.009566238,False
970,-0.0044606337,-0.0044606337,False
971,-0.009495785,-0.009495785,False
972,-0.03597332,-0.07450573,False
973,-0.06418652,-0.10259398,False
974,0.03800243,-0.040115356,False
975,0.040333703,0.078280754,False
976,0.0048876926,0.008783992,False
977,-0.00971966,-0.00971966,False
978,0.03362403,-0.0095861945,False
979,0.013104677,0.036824703,False
993,-0.030678818,-0.0501835,False
992,0.0,0.0,False
991,-0.038920242,-0.038920242,False
990,-0.019876704,-0.03572339,False
989,0.013839398,-0.030903442,False
988,0.009399928,-0.032794125,False
962,0.0089322105,-0.03309124,False
987,-0.013804856,-0.013804856,False
985,0.0,0.0,False
984,0.0042865165,-0.012787938,False
983,-0.009249339,-0.009249339,False
982,-0.038570672,-0.055387557,False
981,-0.019727997,-0.019727997,False
980,-0.0022579394,-0.018635534,False
986,0.0075343717,-0.014478095,False
961,-0.034453686,-0.034453686,False
960,-0.0048932876,-0.004869983,False
959,0.017513927,-0.014978378,False
940,-0.009374203,-0.009374203,False
939,0.009596117,-0.013223279,False
938,-0.058033176,-0.058033176,False
937,-0.0072448626,0.05677697,False
936,-0.050068527,-0.060744464,False
935,-0.0013124831,-0.018616213,False
941,0.0,0.0,False
934,-0.0045462074,-0.0045462074,False
932,0.0,0.004165516,False
931,-0.001188254,-0.028241102,False
930,-0.016967757,-0.016967757,False
929,0.044772826,-0.013121982,False
928,0.022384852,-0.17474817,False
927,0.00089253485,-0.033504367,False
933,0.014568296,-0.008449729,False
925,-0.004223634,-0.004223634,False
942,-0.0051456327,-0.0051456327,False
944,-0.01924999,0.00038486347,False
958,-0.012918602,-0.012918602,False
957,0.15836345,-0.01837964,False
956,0.08472705,-0.018344067,False
955,-0.019125085,-0.019125085,False
954,-0.005091785,-0.005091785,False
953,0.011867666,-0.004955982,False
943,-0.052422103,-0.052422103,False
952,-0.009242909,-0.0032760007,False
950,-0.010362174,-0.0118511375,False
949,-0.040199064,-0.040199064,False
948,-0.004905125,-0.004905125,False
947,0.0,0.0,False
946,0.008895464,-0.014182275,False
945,0.0036564618,-0.018767538,False
951,0.0,0.0,False
570,-0.029279115,-0.029279115,False
569,0.003951706,-0.06460619,False
568,0.01444198,-0.0047674626,False
179,0.0066695213,0.0760138,False
180,0.019587643,-0.0063831955,False
181,0.0,0.0,False
182,-0.01334554,-0.037635013,False
183,-0.021425731,-0.068064995,False
184,0.0,0.0,False
185,-0.013436327,-0.013436327,False
186,0.04288417,-0.025656937,False
187,0.015674628,0.0,False
188,-0.0072547924,-0.026320314,False
189,-0.0023511536,-0.022605056,False
190,0.001266472,0.042092443,False
191,-0.029050577,-0.028232733,False
192,-0.041069057,-0.041069057,False
193,-0.008576395,-0.008571284,False
194,-0.009039879,-0.032207124,False
195,0.0,0.06723482,False
209,-0.025542602,0.012708142,False
208,-0.004932341,-0.004932341,False
207,0.0,0.0,False
206,0.0,0.0,False
205,0.021436274,-0.088235065,False
204,0.07007781,-0.030663893,False
178,0.010491651,0.00058170035,False
203,-0.1193814,-0.10775992,False
201,-0.0452379,-0.044248935,False
200,-0.0050123385,-0.0050123385,False
199,0.010766666,0.07087368,False
198,-0.034305368,-0.034305368,False
197,0.0,0.0,False
196,-0.014497685,-0.014497685,False
202,-0.076473504,0.047746867,False
177,-0.016816536,-0.016816536,False
176,-0.04846698,0.03591019,False
175,0.0027228221,0.0112805925,False
156,-0.0040186113,-0.0040186113,False
155,0.0,0.0,False
154,-0.03641928,-0.03641928,False
153,0.05615113,-0.037524913,False
152,-0.011557287,-0.03445845,False
151,-0.0049393275,-0.0049393275,False
157,-0.010126375,-0.010126375,False
150,0.0012364164,-0.039415237,False
148,-0.008876127,-0.008876127,False
147,-0.4723823,-0.8913481,False
146,-0.07980606,-0.0047053546,False
145,-0.044158325,-0.08494944,False
144,-0.014735036,-0.014735036,False
143,-0.008724628,-0.008724628,False
149,-0.023288144,-0.023288144,False
210,-0.0046665817,-0.11097658,False
158,-0.023624593,-0.046555206,False
160,-0.02333849,-0.011507364,False
174,0.04623341,0.0,False
173,-0.0048932876,-0.004859742,False
172,-0.019200787,-0.01872026,False
171,-0.004185125,0.0012387037,False
170,0.0049871188,-0.015338708,False
169,0.017632123,0.0008700583,False
159,-0.0036166578,-0.0036166578,False
168,-0.016312841,-0.023856953,False
166,0.22303881,-0.026924044,False
165,-0.006367171,-0.028724896,False
164,-0.0047312197,-0.0047312197,False
163,-0.051249832,0.065292865,False
162,-0.008047558,-0.024342055,False
161,0.007996082,-0.013654824,False
167,0.0,0.0,False
142,-0.010212669,-0.010212669,False
211,0.025910333,-0.0023175664,False
213,-0.036884487,-0.035855383,False
251,-0.014283973,-0.014283973,False
252,0.02244324,0.00043813576,False
253,-0.04136462,-0.04078357,False
254,-0.028780725,-0.047731593,False
255,0.014539763,-0.015963696,False
256,-0.0049009644,-0.0049009644,False
257,0.17231685,-0.0918463,False
258,0.0,0.0,False
259,-0.09639759,0.057785362,False
260,0.024137795,0.060725354,False
261,-0.019387215,0.006459318,False
262,0.0,0.0,False
263,-0.20141765,-0.07498574,False
264,-0.0046034134,-0.0046034134,False
265,-0.009667703,-0.009667703,False
266,-0.019100469,-0.019100469,False
267,-0.0050306404,-0.0050306404,False
281,0.03304799,-0.056598622,False
280,-0.018660337,-0.018660337,False
279,-0.0053503234,-0.0283095,False
278,-0.00074772537,-0.0378867,False
277,-0.032669336,-0.055535972,False
276,0.012739746,-0.009719061,False
249,0.042907983,-0.0012664348,False
275,-0.08269204,0.031363897,False
273,0.035833016,-0.029091394,False
272,-0.004814158,-0.004814158,False
271,0.0,0.0,False
270,0.0029676817,0.042402,False
269,-0.0052210838,-0.06919175,False
268,0.016377594,0.00039121206,False
274,-0.005571617,-0.01916604,False
248,-0.046615932,-0.046509203,False
247,0.009793241,0.006808918,False
246,0.0,0.0,False
227,-0.046492845,0.06164138,False
226,-0.0146518955,-0.0146518955,False
225,0.02744428,-0.018063776,False
224,0.08104487,-0.013380711,False
223,-0.038622074,-0.08292396,False
222,0.021868726,-0.020009222,False
228,-0.018245867,-0.018245867,False
221,0.007178165,-0.036375277,False
219,-0.033793475,-0.033781156,False
218,0.01799328,-0.0044247913,False
217,-0.083417326,-0.10223963,False
216,-0.08862525,0.025943145,False
215,0.03127079,-0.014391165,False
214,-0.11140975,-0.034134805,False
220,0.040512674,-0.0048839287,False
212,0.0060260147,-0.039289445,False
229,-0.019188685,-0.019188685,False
231,0.013020871,-0.009947132,False
245,0.0,0.0,False
244,0.026488356,-0.073950484,False
243,-0.004356498,-0.004356498,False
242,0.0,0.0,False
241,0.0011996292,0.07197788,False
240,0.0,0.0,False
230,0.0,0.0,False
239,-0.087025285,-0.06968319,False
237,0.021160446,-0.014426589,False
236,-0.0050598695,-0.0050598695,False
235,0.0637403,-0.004906516,False
234,-0.03323597,-0.010476839,False
233,-0.07140469,-0.06902524,False
232,-0.009953682,-0.009953682,False
238,-0.0091311205,-0.03266349,False
282,0.01626408,-0.004358008,False
141,0.010672677,-0.026610207,False
139,-0.004690887,-0.004690887,False
37,0.0038576722,-0.050615102,False
38,0.12351413,0.0869344,False
39,-0.04568147,-0.027690671,False
40,-0.0634442,0.053855926,False
41,-0.019408077,0.0441958,False
42,-0.014360403,0.0033306805,False
43,0.008532539,0.013508005,False
44,0.02531065,0.016192492,False
45,-0.04795765,0.20191444,False
46,-0.007845804,-0.083362885,False
47,-0.015923388,0.13745166,False
48,-0.05943255,-0.09283258,False
49,0.0067520738,0.046441525,False
50,-0.12379253,-0.06430507,False
51,-0.39823425,0.008326411,False
52,0.043483794,0.00778991,False
53,-0.06258339,-0.09686364,False
67,-0.0069379173,-0.04817654,False
66,-0.00508667,-0.00508667,False
65,0.032899335,0.0027113855,False
64,0.1934011,-0.052292943,False
63,0.0065736976,0.007245742,False
62,0.19509244,0.48791832,False
36,0.18252337,-0.0977138,False
61,-0.053399205,-0.05378729,False
59,0.04831417,0.054730758,False
58,-0.04433936,0.09603611,False
57,0.0029889736,-0.01985714,False
56,-0.042430837,-0.042430837,False
55,0.0,0.0018142081,False
54,-0.07800016,0.041291386,False
60,-0.05318944,-0.034422025,False
35,-0.0043241084,-0.0043241084,False
34,0.0055730566,0.01128792,False
33,0.0429115,-0.11616388,False
14,-0.004951723,0.06961953,False
13,-0.1773663,-0.21219246,False
12,-0.06824957,0.076342314,False
11,0.17690378,-0.14003903,False
10,-0.024591327,-0.10458876,False
9,-0.076425746,1.0096112,False
15,-0.03823684,-0.019836143,False
8,-0.04381135,0.05975151,False
6,-0.019727021,-0.14440122,False
5,0.042520355,-0.012413971,False
4,0.0,7.0158503e-06,False
3,0.015115034,0.053244475,False
2,0.010073997,-0.026132986,False
1,-0.06206402,-0.028844476,False
7,-0.0075518712,-0.070822805,False
68,-0.16049242,0.39001656,False
16,-0.111183345,0.026745915,False
18,0.06580293,-0.0028654337,False
32,0.0,0.0,False
31,0.0076004416,0.014679357,False
30,0.033421848,-0.02031063,False
29,-0.11578613,0.08212547,False
28,-0.0041037896,-0.0041037896,False
27,0.038219765,0.049943082,False
17,-0.14290488,-0.12019169,False
26,-0.02942828,-0.021306988,False
24,0.15805781,-0.07891967,False
23,0.0012081414,0.051403493,False
22,0.013954556,-0.00876905,False
21,0.0,0.0,False
20,0.013741255,-0.032303452,False
19,-0.0044401633,-0.0008677712,False
25,0.0,0.0,False
140,-0.0048105754,-0.0048105754,False
69,0.035001576,-0.014978558,False
71,-0.045863852,0.05052349,False
108,0.010008819,-0.036725257,False
109,0.0,0.0,False
110,-0.001250945,0.021632832,False
111,0.002697166,-0.041410632,False
112,-0.004631537,-0.004631537,False
113,0.0038481876,-0.01937278,False
114,0.013706956,-0.041942727,False
115,-0.0067657903,-0.023143385,False
116,0.00975357,-0.03463705,False
117,0.106882125,-0.039112553,False
118,-0.009821926,-0.009821926,False
119,-0.023293309,0.011860259,False
120,-0.033082515,0.015834332,False
121,0.11520888,0.16680498,False
122,-0.0048964294,-0.0048964294,False
123,0.017194424,-0.0053045438,False
124,-0.009865335,-0.009865335,False
138,0.015072526,0.0072015654,False
137,0.017063899,-0.005069112,False
136,-0.090406656,0.009317517,False
135,-0.029673062,-0.029673062,False
134,-0.0045988807,-0.0045988807,False
133,-0.03561157,-0.0503675,False
107,-0.01494799,-0.01494799,False
132,0.018857628,0.03891571,False
130,0.013920277,-0.0074341223,False
129,0.050489567,-0.008638322,False
128,0.035221636,-0.019135578,False
127,-0.020681856,-0.020681856,False
126,0.013710454,-0.00885101,False
125,0.01680016,0.0,False
131,-0.004676602,-0.004676602,False
106,-0.018901125,0.05500661,False
105,-0.00915765,-0.00915765,False
104,0.022913136,0.0,False
85,0.0,0.0,False
84,0.009802781,-0.027386002,False
83,-0.15918195,-0.113140106,False
82,-0.11145255,-0.085218236,False
81,-0.059816316,-0.07805401,False
80,-0.22792783,-0.17185801,False
86,-0.010298029,0.06315827,False
79,0.13282782,0.14249554,False
77,0.11425239,-0.051569194,False
76,-0.054280713,-0.09932935,False
75,0.024686635,0.037062958,False
74,0.0016780086,-0.014679667,False
73,0.22370034,0.10582858,False
72,0.019179255,0.03643763,False
78,-0.13786161,-0.07554734,False
70,0.011710107,-0.0051135407,False
87,0.07023144,-0.29216433,False
89,-0.044376493,-0.05244109,False
103,-0.0064702556,-0.028404875,False
102,0.028210454,0.090682656,False
101,0.028273944,-0.035751116,False
100,0.011510292,-0.0048224535,False
99,-0.0044749146,-0.0044749146,False
98,0.0,0.0,False
88,0.07447648,-0.019081116,False
97,-0.005408602,0.01340083,False
95,-0.06955217,-0.0015671328,False
94,0.00031918474,-0.021050407,False
93,0.014900059,-0.004631537,False
92,-0.0048446464,-0.0048446464,False
91,0.14906734,0.19722384,False
90,-0.31643856,-0.086806655,False
96,0.0,0.0,False
283,-0.009741105,-0.009741105,False
284,-0.0048993845,-0.001813574,False
285,0.015726482,-0.022616783,False
465,-0.06703988,-0.08955265,False
466,-0.043887258,-0.0069258064,False
467,-0.008567212,-0.008567212,False
468,-0.01864255,-0.01864255,False
469,-0.005218501,-0.005218501,False
470,-0.041403122,0.009937651,False
471,-0.028290384,-0.028153017,False
472,-0.024794545,-0.024794545,False
473,0.023094993,-0.019094959,False
474,0.0,0.0,False
475,0.043748576,0.0,False
476,-0.000187926,-0.022646733,False
477,-0.038732115,0.03919557,False
479,0.0,0.0,False
480,0.015432779,-0.005026541,False
481,0.06008278,-0.024133356,False
482,-0.019514136,-0.019514136,False
496,-0.1079803,-0.032643855,False
495,0.018831054,-0.004503161,False
494,-0.0035210575,-0.0035210575,False
493,0.0072926674,-0.015155431,False
492,0.019841835,-0.004687762,False
491,-0.044858377,-0.044856664,False
464,0.060575232,-0.07072103,False
490,-0.009474363,-0.009474363,False
488,0.05446905,-0.05269444,False
487,-0.00206149,-0.047347087,False
486,-0.008663584,-0.007025928,False
485,0.040335257,-0.027530927,False
484,0.0,0.0,False
483,0.062109325,-0.019421417,False
489,-0.0060132295,0.014765367,False
463,-0.005461106,-0.005461106,False
462,-0.07807051,-0.04790116,False
461,0.0,0.0,False
442,0.04846462,-0.046944037,False
441,-0.027020758,-0.042435784,False
440,0.13639797,-0.036762394,False
439,0.0,0.0,False
438,-0.008035049,-0.008035049,False
437,-0.0048509818,-0.0024827477,False
443,-0.008896086,-0.008896086,False
436,-0.042555217,-0.030726863,False
434,0.0,0.0,False
433,-0.045055013,-0.044923425,False
432,-0.01896298,-0.01896298,False
431,-0.0048796716,-0.0048796716,False
430,-0.0096218195,-0.032120787,False
429,-0.06382652,-0.016110003,False
435,-0.008949109,-0.008949109,False
497,0.052196406,-0.010002283,False
444,-0.03174366,-0.0642619,False
446,-0.0049199415,-0.0049199415,False
460,-0.01949119,-0.01949119,False
459,-0.0139915375,-0.0139915375,False
458,0.016377594,0.0,False
457,-0.019791692,-0.019791692,False
456,0.0,0.0,False
455,0.023691054,-0.013207964,False
445,-0.03589764,-0.03589764,False
454,-0.035938747,-0.034172732,False
452,-0.04960919,-0.014383044,False
451,0.00989797,-0.01308886,False
450,-0.009257078,-0.009257078,False
449,0.01875338,-0.092788294,False
448,0.0046484396,-0.06231486,False
447,-0.009540578,-0.009540578,False
453,-0.030491283,-0.016156998,False
428,0.047342364,-0.04292315,False
498,0.026679985,-0.029905096,False
500,-0.0028470512,-0.027329909,False
537,0.017688416,-0.004650339,False
538,0.049070388,-0.058294997,False
539,0.0,0.0,False
540,0.109506786,-0.04739958,False
541,0.008479372,-0.029670626,False
542,0.019859126,0.0,False
543,-0.0067170765,-0.022746492,False
544,-0.009482071,-0.0056408793,False
545,0.0,0.0,False
546,-0.014544167,-0.014544167,False
547,-0.033162903,-0.033162903,False
548,0.0026983991,-0.041990593,False
549,-0.022779431,-0.020011405,False
550,-0.009793426,-0.009793426,False
551,-0.019272242,-0.019272242,False
552,-0.018291153,0.015965872,False
553,-0.024480235,-0.03863171,False
567,-0.004936444,-0.004936444,False
566,-0.011553345,-0.011553345,False
565,-0.043489136,-0.016767528,False
564,-0.013655618,-0.03877905,False
563,-0.02152121,-0.08260891,False
562,0.055999957,-0.02873845,False
536,-0.009438606,-0.009438606,False
561,0.0,0.0,False
559,0.034829706,0.00020839274,False
558,-0.009557309,-0.009557309,False
557,-0.013829896,-0.011726096,False
556,0.013380872,-0.009649474,False
555,-0.0051193144,-0.0051193144,False
554,0.002744291,-0.019803204,False
560,0.0055274013,-0.017550338,False
535,-0.0027257167,-0.02526832,False
534,0.006443199,-0.009889547,False
533,-0.004513249,-0.004513249,False
514,0.032445975,0.007946461,False
513,-0.023510557,-0.023510557,False
512,0.052319527,0.03491866,False
511,-0.010847058,-0.010794939,False
510,-0.0042015244,-0.0032693553,False
509,0.0,0.0,False
515,-0.013926415,-0.013926415,False
508,-0.018607302,-0.018607302,False
506,0.004766926,-0.061148565,False
505,0.0,0.0,False
504,-0.0036115283,-0.0036115283,False
503,-0.014671359,-0.014671359,False
502,0.0010864716,-0.018319095,False
501,-0.019671282,-0.019671282,False
507,-0.0390601,0.03334502,False
499,0.20063269,0.012817144,False
516,0.013219621,-0.0203312,False
518,-0.010259982,-0.010259982,False
532,0.019698486,-0.050370157,False
531,0.0,0.0,False
530,0.0,0.0,False
529,0.035280306,-0.018324725,False
528,-0.009032052,-0.009032052,False
527,0.0,0.0,False
517,-0.069668435,0.05412194,False
526,-0.023277583,-0.0232297,False
524,0.038682144,-0.0053911023,False
523,0.0017669965,-0.019319516,False
522,-0.13786681,-0.13886335,False
521,-0.02138079,0.045556717,False
520,-0.009095605,-0.009095605,False
519,0.03511735,-0.013489594,False
525,0.038536392,-0.02416066,False
427,-0.004912503,-0.004912503,False
426,-0.038276874,-0.054782297,False
425,-0.026520602,-0.057683107,False
322,-0.004478243,-0.004478243,False
323,0.019425184,-0.06673125,False
324,0.0036855359,-0.018762562,False
325,0.012864866,-0.0039587812,False
326,-0.009033311,-0.009033311,False
327,0.001053296,-0.020229746,False
328,-0.017081644,-0.017081644,False
329,-0.0132767465,-0.013207666,False
330,0.0,0.0,False
331,0.016377594,0.00010699153,False
332,0.0,6.808477e-05,False
333,-0.0048907436,-0.0048907436,False
334,0.008504971,-0.015082982,False
335,-0.0050698267,-0.0050698267,False
336,-0.01680651,-0.033184104,False
337,-0.019533511,-0.019533511,False
338,0.0,0.00034421255,False
352,0.022308404,-0.019087708,False
351,0.01022622,-0.046534568,False
350,-0.009275303,-0.009275303,False
349,0.033983007,-0.04425712,False
348,0.017240852,0.047923923,False
347,-0.011878025,-0.03375818,False
321,0.018293591,-0.00502133,False
346,0.0,0.0,False
344,0.007289334,-0.014801079,False
343,0.0,0.0,False
342,0.0,0.0013193405,False
341,0.0,0.0,False
340,-0.010093773,-0.010093773,False
339,0.0,0.0,False
345,0.021177042,-0.022818763,False
320,0.026732668,0.041574247,False
319,0.0,0.0,False
318,0.011721857,-0.033673167,False
299,-0.017048001,-0.022805512,False
298,0.023083895,-0.01921523,False
297,0.002503124,-0.01317474,False
296,0.0021334086,-0.0208512,False
295,-0.03157358,0.07149921,False
294,-0.0141897015,-0.014089259,False
300,0.0074994927,-0.013936705,False
293,0.008968301,-0.009339796,False
291,-0.06277976,-0.10819153,False
290,-0.009421377,-0.009421377,False
289,-0.0034174668,-0.0034174668,False
288,0.035582498,-0.00474491,False
287,-0.0016483702,0.15977308,False
286,-0.0003150627,-0.045160685,False
292,-0.023317702,-0.055454955,False
353,0.029223934,0.09512851,False
301,0.026888058,-0.041146025,False
303,-0.027337085,-0.027337085,False
317,0.05835521,-0.022434356,False
316,-0.013286054,-0.02937486,False
315,-0.0367035,0.093547426,False
314,-0.01427415,0.08024092,False
313,-0.020357385,-0.024622962,False
312,0.034411244,-0.021970246,False
302,-4.8162416e-05,-0.021331204,False
311,0.020429077,0.0,False
309,-0.008390801,-0.008390801,False
308,0.017025746,-0.0053586895,False
307,-0.011688173,-0.028982803,False
306,-0.008028659,-0.008028659,False
305,-0.011970473,-0.031705316,False
304,-0.011414016,-0.033047765,False
310,-0.06270085,-0.0065341145,False
354,-0.024665624,-0.0036364347,False
355,0.06697592,-0.07642802,False
356,0.022569472,7.7559525e-06,False
406,-0.0887613,-0.063858494,False
405,0.031962156,-0.3177029,False
404,0.051086053,-0.033428177,False
403,0.032672092,0.0,False
402,-0.013291223,-0.013291223,False
401,-0.008905012,-0.016151324,False
407,0.015261686,0.0,False
400,0.013756346,-0.04598475,False
398,0.005212142,-0.009633751,False
397,0.018395022,-0.004047248,False
396,0.011294552,-0.008564574,False
395,0.042164385,-0.0063360333,False
394,0.07632424,-0.052691936,False
393,0.079880826,-0.009719694,False
399,0.04644136,-0.0041964054,False
392,-0.012611318,-0.012611318,False
408,0.007906467,-0.08605625,False
410,-0.026606597,-0.0050200373,False
424,0.0133999465,-0.006073282,False
423,-0.010680934,-0.033891335,False
422,-0.033678852,-0.054417886,False
421,-0.018741237,-0.018741237,False
420,-0.022588097,-0.022588097,False
419,-0.019201858,-0.019201858,False
409,-0.0030926578,0.00054726005,False
418,-0.020451222,-0.020451222,False
416,-0.11297719,0.07051706,False
415,-0.010203272,-0.010203272,False
414,0.05152847,0.009736076,False
413,0.023997068,0.09681541,False
412,0.0564408,-0.039043427,False
411,-0.009327609,-0.009293748,False
417,-0.0049974755,-0.0049974755,False
1136,-0.0054318104,-0.0054318104,False
391,-0.011607267,-0.05304935,False
389,-0.013570032,-0.013570032,False
370,-0.024320487,-0.024317373,False
369,0.0,0.0,False
368,-0.0050840024,-0.0050840024,False
367,0.05134295,-0.006893769,False
366,0.037266664,-0.0241407,False
365,0.07752344,-0.17135318,False
371,-0.0054335915,-0.0054335915,False
364,-0.004967826,-0.004967826,False
362,-0.0131325405,0.005424779,False
361,-0.0050758063,0.0022818516,False
360,0.0,0.0,False
359,0.012267721,-0.0031955289,False
358,-0.0039466545,-0.039327852,False
357,0.00461635,-0.018765282,False
363,-0.0036115684,-0.023070967,False
390,-0.007583102,-0.029364714,False
372,-0.043089747,-0.04076514,False
374,-0.015012341,-0.015012341,False
388,-0.014756292,-0.014756292,False
387,0.0,0.0,False
386,0.0,0.0,False
385,0.022742908,0.028253745,False
384,-0.009242451,-0.009242451,False
383,-0.006254757,-0.02969056,False
373,-0.051754102,-0.08538796,False
382,0.00040055718,-0.014861129,False
380,0.0,0.0,False
379,-0.083792396,-0.033799693,False
378,-0.009554997,-0.009554997,False
377,-0.03726881,-0.025121963,False
376,0.01027018,-0.028702402,False
375,0.015410988,-0.004818657,False
381,0.0,0.0,False
2276,0.010564432,0.046737015,False
1137,-0.021870045,-0.037696622,False
1139,-0.015395087,-0.015395087,False
1888,-0.04746767,-0.04746767,False
1889,0.01320922,-0.009737847,False
1890,0.025167786,0.02283924,False
1891,0.009812994,-0.01203265,False
1892,-0.0033816993,-0.05881284,False
1893,0.018508095,-0.021995459,False
1894,-0.030354358,0.5308693,False
1895,0.018425304,-0.004652436,False
1896,0.015202531,-0.009280327,False
1897,-0.011452325,-0.0552717,False
1898,-0.019058976,-0.019058976,False
1899,-0.0027874466,-0.023113273,False
1900,0.007587217,-0.010220647,False
1901,-0.011430863,0.057737935,False
1902,0.021024436,0.0,False
1903,-0.004934801,-0.004934801,False
1904,0.018174194,-0.027093582,False
1918,-0.056757554,-0.11845343,False
1917,-0.010963745,-0.051041193,False
1916,-0.039817035,-0.10253324,False
1915,0.15553293,-0.20464733,False
1914,0.0,0.0,False
1913,0.037919987,-0.0046762936,False
1887,0.0081618205,-0.01402553,False
1912,0.020470422,-0.024835631,False
1910,-0.004994401,-0.004994401,False
1909,-0.0097750155,-0.0097750155,False
1908,-0.013049178,0.090264075,False
1907,-0.005090565,-0.005090565,False
1906,-0.009432393,-0.009432393,False
1905,-0.013893783,-0.013893783,False
1911,-0.03181531,-0.03048578,False
1886,0.016902372,-0.016220555,False
1885,-0.006165728,-0.022498474,False
1884,0.011729199,0.0011574887,False
1865,0.010779573,-0.01064603,False
1864,-0.046239488,-0.046239488,False
1862,-0.004905125,-0.004905125,False
1861,0.014036216,-0.008407025,False
1860,-0.019969754,0.033689402,False
1859,0.030894026,-0.009781774,False
1866,-0.009123782,-0.009123782,False
1858,-0.019863546,-0.10707084,False
1856,-0.013794018,-0.013794018,False
1855,0.021868948,-0.024697267,False
1854,-0.01866028,-0.01866028,False
1853,-0.047328133,-0.047328133,False
1852,-0.038460232,-0.030106116,False
1851,-0.00487007,-0.00487007,False
1857,-0.05547937,-0.031251833,False
1919,-0.0098238345,-0.009473762,False
1867,-0.053753085,-0.061943978,False
1869,-0.01578586,-0.030304251,False
1883,-0.004562474,-0.004562474,False
1882,-0.019382894,-0.00543534,False
1881,0.02942244,-0.02652444,False
1880,-0.024949884,-0.017016895,False
1879,0.06409843,0.07952683,False
1878,0.012359477,-0.008808476,False
1868,0.043885045,-0.06454319,False
1877,0.007198397,-0.0098760575,False
1875,0.0053994674,-0.013622042,False
1874,0.0026928782,-0.058661982,False
1873,-0.004935622,-0.004935622,False
1872,0.038211204,-0.0160948,False
1871,-0.02381669,-0.04342349,False
1870,-0.04645789,-0.030682582,False
1876,0.01680016,0.0,False
1850,0.050676025,-0.029110393,False
1920,-0.014793316,-0.014793316,False
1922,-0.003908338,0.04904361,False
1959,0.03953527,-0.016442804,False
1960,0.010601692,-0.08055995,False
1961,-0.023758773,-0.023758773,False
1962,-0.019947022,-0.019947022,False
1963,0.07292482,0.03472063,False
1964,-0.032141272,-0.028391233,False
1965,-0.0049199415,-0.0049199415,False
1966,0.0,0.0,False
1967,-0.0049009644,-0.0049009644,False
1968,0.0165236,-0.1532644,False
1969,0.01789418,-0.004993962,False
1970,-0.014058365,-0.014058365,False
1971,0.0084879175,-0.014827004,False
1972,0.056487486,-0.002791196,False
1973,-0.042346157,-0.061812446,False
1974,0.06654223,-0.02901379,False
1975,0.047373675,-0.020851182,False
1989,-0.05431859,-0.05431859,False
1988,0.0,7.001655e-05,False
1987,-0.01699341,0.093113095,False
1986,-0.015045073,-0.015045073,False
1985,-0.004814158,-0.004814158,False
1984,0.09248933,0.0036655292,False
1958,-0.035144098,-0.046062518,False
1983,0.016799131,-0.004425956,False
1981,-0.015260605,0.026060961,False
1980,0.03442511,-0.009024881,False
1979,0.022479327,0.0,False
1978,-0.018936783,-0.02147982,False
1977,-0.017479075,-0.007245076,False
1976,-0.0046977997,-0.0046977997,False
1982,0.04486599,-0.020892538,False
1957,0.0,5.176674e-07,False
1956,-0.014497727,-0.014489828,False
1955,-0.00458389,-0.00458389,False
1936,-0.020039724,-0.020039724,False
1935,-0.0049321367,-0.0049321367,False
1934,0.1325397,0.13306285,False
1933,0.017891048,-0.0044809636,False
1932,0.0119487215,-0.0033848656,False
1931,0.008097485,0.022852257,False
1937,-0.0047549387,-0.0047549387,False
1930,0.017388582,0.032133535,False
1928,-0.009744842,-0.009744842,False
1927,-0.012801075,-0.012801075,False
1926,0.022806635,0.0,False
1925,-0.0047382866,-0.0047382866,False
1924,0.012721507,-0.009696566,False
1923,0.03779903,-0.023828125,False
1929,0.013380236,-0.0097881695,False
1921,0.0,0.0,False
1938,0.053408116,-0.0044916803,False
1940,0.012028083,-0.0047720764,False
1954,0.053805053,-0.03729658,False
1953,-0.0047529237,-0.0047163763,False
1952,-0.0043765544,-0.0043765544,False
1951,0.0,0.0,False
1950,-0.048648834,-0.07866385,False
1949,-0.022351934,-0.022351934,False
1939,0.008811474,-0.039230056,False
1948,-0.004547674,-0.004547674,False
1946,0.022140317,-0.014156401,False
1945,-0.014239846,-0.013176967,False
1944,-0.04251936,0.014630958,False
1943,-0.025711536,-0.02097997,False
1942,-0.0129563585,-0.07213315,False
1941,-0.004716768,-0.004716768,False
1947,0.006288495,-0.021528985,False
1990,-0.038626894,0.15541826,False
1849,-0.06580703,-0.022726677,False
1847,-0.02996423,-0.02996423,False
1745,0.018363647,-0.067552656,False
1746,0.0,0.0,False
1747,-0.008605932,-0.008605932,False
1748,-0.020011414,-0.04235017,False
1749,-0.024781367,0.0825246,False
1750,0.037456684,-0.00946633,False
1751,0.03583136,0.044937827,False
1752,0.014015638,-0.007852128,False
1753,-0.06746232,-0.086101346,False
1754,-0.019357873,-0.015777836,False
1755,-0.033374995,-0.0064226408,False
1756,0.032476135,0.058457598,False
1757,-0.02459236,-0.02459236,False
1758,-0.0040555373,-0.027610814,False
1759,-0.009614454,-0.009614454,False
1760,0.026009977,-0.013198107,False
1761,-0.36290213,0.12296331,False
1775,-0.0046792245,-0.0046792245,False
1774,-0.007857047,-0.007857047,False
1773,-0.0047551068,-0.004661498,False
1772,0.0,0.0,False
1771,0.0,0.0,False
1770,0.032141797,-0.046396423,False
1744,-0.009422368,-0.009422368,False
1769,0.0033137817,-0.01643302,False
1767,-0.023202907,-0.023202907,False
1766,-0.010014027,-0.03262174,False
1765,0.017385453,-0.005692287,False
1764,-0.009818063,-0.009818063,False
1763,0.014430946,-0.009928795,False
1762,0.0,0.0,False
1768,-0.033505265,-0.041323937,False
1743,-0.008830419,-0.008830419,False
1742,-0.015035447,-0.015035447,False
1741,0.039122872,-0.0051789074,False
1722,-0.005037054,-0.005037054,False
1721,0.023622189,0.0,False
1720,0.006235268,-0.03804941,False
1719,0.06617875,-0.054166608,False
1718,-0.02662117,-0.02662117,False
1717,0.027598053,-0.014697693,False
1723,-0.0034174668,-0.0034174668,False
1716,-0.046190113,-0.12440768,False
1714,0.16561565,-0.04842961,False
1713,-0.02866093,-0.028655523,False
1712,-0.24652296,-0.13314962,False
1711,0.0073051304,0.026616529,False
1710,0.017329201,-0.029279219,False
1709,0.037264567,-0.030257149,False
1715,-0.017088544,-0.017088544,False
1776,0.020662028,-0.018055152,False
1724,0.011253541,0.027032094,False
1726,0.03325332,-0.009922288,False
1740,0.015637603,-0.0066988496,False
1739,0.0024399823,0.030050054,False
1738,0.0018512607,-0.015342243,False
1737,0.0,0.0,False
1736,-0.014485577,-0.014485577,False
1735,-0.0051013622,-0.0051013622,False
1725,-0.004679997,-0.004679997,False
1734,0.0,0.0,False
1732,-0.18930739,-0.16992977,False
1731,-0.0042944592,-0.0042944592,False
1730,-0.0048446464,-0.0048446464,False
1729,-0.008663949,-0.008663949,False
1728,0.0,0.0,False
1727,-0.009139741,-0.028671337,False
1733,-0.005074825,-0.027492898,False
1848,0.03342442,-0.015427073,False
1777,0.0,0.0,False
1779,-0.03254938,-0.03601546,False
1816,-0.023878895,-0.023878895,False
1817,-0.018510103,-0.10581378,False
1818,0.0015377179,-0.04271827,False
1819,-0.008729839,-0.008729839,False
1820,0.026344344,-0.033184063,False
1821,-0.0094355345,-0.0094355345,False
1822,0.0,0.0,False
1823,-0.030721053,-0.11300195,False
1824,-0.01208774,0.05937686,False
1825,0.021192137,0.0,False
1826,0.008238897,-0.017980214,False
1827,-0.18727967,-0.013245821,False
1828,-0.048382625,-0.07853794,False
1829,-0.0048343074,-0.0048343074,False
1830,-0.021095276,0.115409784,False
1831,-0.0021070763,-0.023699544,False
1832,0.0046562664,0.07470417,False
1846,-0.0037509669,-0.027664892,False
1845,-0.00045578182,-0.023850892,False
1844,0.04639271,0.0,False
1843,-0.024311788,-0.024311788,False
1842,-0.019273587,-0.019273587,False
1841,-0.046050083,-0.06985874,False
1815,-0.0038513187,-0.020145815,False
1840,-0.029163517,-0.029163517,False
1838,-0.009673782,-0.009673782,False
1837,-0.013557874,-0.013557874,False
1836,0.0067435903,-0.013878497,False
1835,0.012896087,-0.009493137,False
1834,-0.041558787,-0.037405252,False
1833,0.015846685,0.0,False
1839,-0.017203763,-0.017203763,False
1814,-0.0017261431,-0.042440828,False
1813,0.0,0.0,False
1812,0.0,0.0,False
1793,0.036970887,-0.0050572795,False
1792,-0.08169684,0.18024525,False
1791,0.0080630295,-0.036474045,False
1790,-0.017967623,0.016956583,False
1789,0.04685174,-0.014245832,False
1788,0.0,0.0,False
1794,-0.0008425936,-0.045800336,False
1787,0.052105427,0.030627728,False
1785,0.016866839,-0.005037054,False
1784,-0.00462759,-0.00462759,False
1783,0.15206689,0.14103144,False
1782,0.017242888,0.0,False
1781,-0.1673266,-0.17611167,False
1780,0.0,0.0,False
1786,-0.008476101,-0.030068815,False
1778,-0.0046749087,-0.0046749087,False
1795,0.015674628,0.0,False
1797,-0.004914239,0.0555436,False
1811,-0.009968797,-0.009968797,False
1810,0.065782055,-0.025129475,False
1809,1.10939145e-05,-0.02234663,False
1808,-0.0043615783,-0.0043615783,False
1807,-0.010217989,-0.010217989,False
1806,-0.003665166,-0.003665166,False
1796,-0.03627526,-0.026597627,False
1805,-0.009709152,-0.009709152,False
1803,-0.08538945,-0.0042582154,False
1802,0.016114192,-0.00505376,False
1801,0.008084546,-0.008739102,False
1800,-0.003209997,0.07143445,False
1799,0.0,0.0,False
1798,-0.048714623,0.017602548,False
1804,0.066769704,-0.09049792,False
1708,-0.009485123,-0.009485123,False
1991,-0.017166294,0.012897342,False
1993,0.0,0.0,False
2173,0.06327966,-0.13658457,False
2174,-0.04225643,-0.10371679,False
2175,0.02974506,-0.011946781,False
2176,-0.06406338,-0.0686555,False
2177,0.0,0.0,False
2178,-0.015717909,-0.06297094,False
2179,-0.023617089,-0.050849468,False
2180,-0.45156503,-0.54752445,False
2181,-0.06990489,-0.13641652,False
2182,0.0,0.0,False
2183,-0.04718539,-0.14335057,False
2184,0.060097396,0.2215442,False
2185,0.01318825,-0.008898247,False
2186,-0.03564243,-0.04254538,False
2187,0.15430291,0.0487082,False
2188,-0.042339332,0.029720157,False
2189,-0.0045978925,-0.0045978925,False
2203,-0.043792244,-0.035971448,False
2202,-0.004984804,-0.004130721,False
2201,0.0,0.0,False
2200,0.0,0.0,False
2199,0.0,0.0,False
2198,0.10713959,0.7076198,False
2172,-0.010252237,-0.010252237,False
2197,-0.117028974,-0.055381432,False
2195,0.027942829,-0.005164889,False
2194,0.034833968,0.104246855,False
2193,-0.0053511714,-0.0053511714,False
2192,0.031343073,-0.018904343,False
2191,-0.029053738,-0.029053738,False
2190,0.053829737,-0.03255199,False
2196,0.45221174,0.22050953,False
2171,0.0,0.0,False
2170,0.0,0.0019327432,False
2169,-0.0048066503,-0.0048066503,False
2150,0.0,0.0007538432,False
2149,-0.071572304,-0.07558459,False
2148,0.081451535,0.24417263,False
2147,0.007713345,-0.009529543,False
2146,0.021425603,0.0022555173,False
2145,-0.024668755,0.015138369,False
2151,-0.0949527,-0.09241675,False
2144,-0.012823038,-0.049937144,False
2142,-0.07310521,-0.067964815,False
2141,0.016947698,-0.044689696,False
2140,-0.058385313,-0.084171504,False
2139,-0.050367296,-0.01475656,False
2138,-0.047747687,-0.00013442338,False
2137,0.0112981275,0.035066076,False
2143,-0.0086847525,-0.0048465114,False
2204,-0.014539873,-0.014539873,False
2152,0.039793074,-0.024935126,False
2154,-0.3384015,0.20486748,False
2168,0.0,0.0001391923,False
2167,-0.044809997,-0.04033573,False
2166,0.027498405,-0.0012517311,False
2165,0.01059033,0.057938486,False
2164,0.23633623,-0.4697013,False
2163,-0.0050043217,-0.0049678907,False
2153,0.037451595,0.07804564,False
2162,0.026214886,-0.013448771,False
2160,-0.015063098,-0.015063098,False
2159,-0.009591749,-0.009591749,False
2158,-0.045662105,-0.2735861,False
2157,-0.050431013,-0.051607013,False
2156,0.010124471,-0.013141308,False
2155,-0.0091611445,0.18261072,False
2161,-0.023885125,-0.023885125,False
2136,-0.05281914,-0.04725988,False
2205,-0.004814338,-0.004814338,False
2207,-0.017665079,-0.017665079,False
2244,-0.06710142,-0.017603457,False
2245,-0.037402168,-0.0865093,False
2246,0.7212939,0.89309216,False
2247,0.023513779,-0.024941951,False
2248,0.0,0.0,False
2249,0.0,0.0,False
2250,0.029491425,-0.09764622,False
2251,0.03153904,-0.009949968,False
2252,-0.010041501,-0.010041501,False
2253,-0.009132348,-0.009132348,False
2254,-0.0012450684,-0.023789573,False
2255,-0.047970895,-0.047970895,False
2256,-0.019828305,0.0068992525,False
2257,-0.0103757605,-0.09134371,False
2258,-0.0089911185,-0.0430326,False
2259,-0.15179129,0.04689914,False
2260,0.008407047,-0.014862409,False
2274,-0.18054205,-0.06877589,False
2273,0.23540735,-0.50450563,False
2272,-0.00853057,-0.00853057,False
2271,-0.09976876,-0.17829114,False
2270,0.118554905,-0.0098808855,False
2269,0.033868283,-0.032738727,False
2243,0.06916705,-0.08233891,False
2268,-0.0036918141,-0.0035083462,False
2266,0.02090838,0.0,False
2265,-0.0050998824,-0.0050998824,False
2264,-0.003696259,-0.04411073,False
2263,0.015832316,-0.004580839,False
2262,0.00346761,-0.02000415,False
2261,-0.008096559,-0.008096559,False
2267,0.077560484,-0.029227953,False
2242,0.053946212,0.37167192,False
2241,0.0,0.0,False
2240,-0.24322236,-0.14659476,False
2221,-0.00937782,-0.00937782,False
2220,-0.010530677,-0.0287899,False
2219,-0.13558125,-0.19090806,False
2218,0.29700506,0.025026798,False
2217,-0.006973372,-0.006973372,False
2216,-0.07915452,-0.051812112,False
2222,-0.12806302,0.036126494,False
2215,0.073476225,-0.03699881,False
2213,-0.0056431065,-2.8087292e-05,False
2212,0.025161386,0.11225593,False
2211,0.018891348,-0.013249831,False
2210,0.006217845,-0.07326266,False
2209,0.0,0.0,False
2208,0.017744383,0.17532429,False
2214,-0.03581345,0.09338981,False
2206,-0.039932072,0.044498384,False
2223,0.023697361,0.027508944,False
2225,0.03627807,-0.054452106,False
2239,-0.19676258,0.066108406,False
2238,-0.11264777,-0.38747895,False
2237,0.0,0.0,False
2236,-0.025651544,-0.053787008,False
2235,0.0022098664,-0.019479208,False
2234,0.096395135,-0.21786425,False
2224,0.06177646,-0.01773505,False
2233,-0.054791152,-0.36645505,False
2231,-0.018105716,-0.04268305,False
2230,0.0103291115,-0.012911891,False
2229,-0.047226667,-0.24409413,False
2228,0.0,0.00022031109,False
2227,0.023121098,5.627238e-05,False
2226,0.057036392,0.017665919,False
2232,0.0,0.0,False
1992,-0.014100416,0.002660703,False
2135,-0.02737832,-0.3138864,False
2133,0.008321345,0.088246405,False
2030,0.0,0.0,False
2031,-0.001299778,-0.024377517,False
2032,0.0,0.0,False
2033,0.013389632,-0.03286605,False
2034,-0.012179246,-0.012179246,False
2035,0.009618183,-0.013425649,False
2036,0.0,2.225845e-05,False
2037,0.027027518,-0.013175113,False
2038,-0.08626346,-0.04551828,False
2039,0.04497714,0.0037813212,False
2040,-0.039438456,-0.07123454,False
2041,-0.065487444,-0.16491158,False
2042,-0.30026966,0.09499049,False
2043,-0.05073002,0.021009862,False
2044,-0.027876943,-0.014482714,False
2045,-0.0144859925,0.023355048,False
2046,0.27705562,0.08505905,False
2061,0.028743237,0.20244932,False
2060,0.17724305,0.017887175,False
2059,0.01411158,-0.024920067,False
2058,-0.018760828,-0.018760828,False
2057,-0.014764665,-0.014764665,False
2056,-0.013887126,-0.013887126,False
2029,0.018001582,0.08515923,False
2055,0.11790474,0.05379884,False
2053,-0.011912219,-0.029215949,False
2052,0.004260704,0.05306731,False
2051,-0.293015,-0.038050592,False
2049,0.0,3.0291621e-05,False
2048,-0.043051556,-0.0681783,False
2047,-0.0040033977,-0.003930733,False
2054,-0.009579064,-0.009575098,False
2028,0.017423414,-0.004972522,False
2027,0.0,0.0,False
2026,-0.005066258,-0.005066258,False
2007,0.07209565,0.030096874,False
2006,0.0,0.0,False
2005,0.0,0.0,False
2004,0.0,0.0,False
2003,-0.0050551663,-0.0050551663,False
2002,-0.022772899,-0.022772899,False
2008,-0.0019303784,-0.018307973,False
2001,-0.014703298,-0.014703298,False
1999,0.038298264,-0.05702494,False
1998,0.021652507,0.0,False
1997,-0.0050134575,-0.0050134575,False
1996,-0.0052193445,-0.0052193445,False
1995,-0.009441325,-0.009441325,False
1994,-0.0037964247,-0.0223079,False
2000,0.026608443,-0.018437983,False
2062,0.030148774,0.029963791,False
2009,-0.025052289,-0.025052289,False
2011,-0.0047253463,-0.0047253463,False
2025,0.012665427,-0.004638302,False
2024,0.2782756,0.40927458,False
2023,-0.009474351,-0.009474351,False
2022,0.13485399,-0.18820217,False
2021,-0.0047307294,-0.004728845,False
2020,0.0,0.003467499,False
2010,0.01221228,0.05404659,False
2019,-0.009749171,-0.00396642,False
2017,0.016698854,-0.029278347,False
2016,0.020736128,-0.09015456,False
2015,0.0098418845,-0.0125265,False
2014,0.018534604,-0.00462337,False
2013,-0.012476327,-0.012476327,False
2012,-0.009288769,-0.00928405,False
2018,0.039759018,-0.028575635,False
2134,0.11433458,-0.14125848,False
2063,-0.002756793,0.029459778,False
2065,0.0044333935,0.01664925,False
2102,0.0,0.0,False
2103,-0.027224168,-0.03888438,False
2104,-0.38564932,-0.1732204,False
2105,-0.0539238,-0.023813412,False
2106,-0.19772089,-0.11164045,False
2107,0.032010347,0.023021229,False
2108,-0.0049436693,-0.00049867434,False
2109,-0.024022391,-0.023167359,False
2110,-0.0136869885,-0.0136869885,False
2111,0.1371781,-0.035930067,False
2112,-0.024525195,0.07467866,False
2113,0.04348293,-0.08213044,False
2114,-0.05165273,-0.3338977,False
2115,-0.017478615,0.043681264,False
2116,-0.18442595,-0.112514615,False
2117,0.036689743,-0.02366466,False
2118,-0.048857965,-0.048857965,False
2132,0.055990756,0.018416852,False
2131,0.08416557,-0.1332221,False
2130,-0.016658008,0.3015536,False
2129,-0.0076043215,0.1651912,False
2128,-0.027430296,-0.11941242,False
2127,0.023133352,-0.046313304,False
2101,0.0049595535,0.16506161,False
2126,0.00045730174,-0.017541641,False
2124,-0.12534857,-0.28437185,False
2123,0.040983792,-0.004746075,False
2122,-0.1571123,-0.116582066,False
2121,0.09377978,0.010799594,False
2120,0.026204288,-0.008175969,False
2119,-0.073914826,-0.21905139,False
2125,-0.1267848,-0.150352,False
2100,-0.02471888,-0.1891253,False
2099,0.08256155,0.055718154,False
2098,0.09290703,-0.02604704,False
2079,-0.029558033,-0.0026642084,False
2078,0.020681262,-0.20838892,False
2077,-0.28736472,-0.30537385,False
2076,-0.061603248,0.03444636,False
2075,0.10878003,0.09775917,False
2074,0.0034415144,-0.019282091,False
2080,-0.119665176,0.09905788,False
2073,0.2576264,0.010751605,False
2071,-0.17185372,-0.05584985,False
2070,-0.097063415,0.055915326,False
2069,0.0071874633,-0.021401353,False
2068,-0.14686668,-0.30247724,False
2067,-0.05642329,-0.060766622,False
2066,0.11486368,0.04635063,False
2072,-0.08738923,0.2786517,False
2064,-0.058092996,0.001611188,False
2081,0.08734208,0.117245555,False
2083,0.045547843,0.034762472,False
2097,-0.022393014,-0.022393014,False
2096,-0.0141292475,0.0026780963,False
2095,0.23150152,0.04238397,False
2094,-0.028384762,-0.028019978,False
2093,0.0,0.0,False
2092,-0.11772859,-0.13531905,False
2082,-0.055537563,0.055500455,False
2091,-0.054150805,-0.1693608,False
2089,0.035441168,-0.0088453945,False
2088,-0.012732408,0.039642934,False
2087,-0.03999853,-0.01549983,False
2086,0.0,0.0,False
2085,-0.1327172,-0.16768166,False
2084,-0.026141375,-0.013230016,False
2090,-0.0044944584,0.056169122,False
1707,0.067893274,-0.040778466,False
1706,-0.017884355,-0.017884355,False
1705,-0.0012115315,-0.047714263,False
1318,0.042640753,0.067489624,False
1319,0.0,0.0,False
1320,0.0,0.0,False
1321,0.024278525,-0.062410634,False
1322,-0.0049021514,-0.0049021514,False
1323,0.004465988,-0.0127769,False
1324,0.020748612,-0.020127688,False
1325,0.07411358,0.097905576,False
1326,-0.004707792,-0.004707792,False
1327,-0.004880251,-0.004880251,False
1328,-0.04347689,0.05179017,False
1329,0.0017325245,-0.027511239,False
1330,0.14086607,0.059674427,False
1331,-0.013502732,0.038154095,False
1332,-0.019744774,0.0718922,False
1333,0.0290104,-0.065375194,False
1334,0.0,0.0,False
1348,-0.0047382866,-0.0047382866,False
1347,-0.0042310026,-0.0042310026,False
1346,0.0030466523,-0.020003937,False
1345,-0.010148835,-0.010148835,False
1344,0.014907457,-0.0037770644,False
1343,0.0007112995,-0.08702425,False
1317,0.014134936,-0.004990244,False
1342,-0.018688533,-0.018682875,False
1340,-0.022070039,-0.02069755,False
1339,-0.004614845,-0.004614845,False
1338,0.0,0.0,False
1337,0.036432788,-0.030263573,False
1336,-1.744926e-05,-0.021882938,False
1335,0.0,0.0,False
1341,0.0012250878,-0.019004557,False
1316,0.0013661105,-0.018368732,False
1315,0.032365996,-0.009881496,False
1314,-0.014042983,-0.014042983,False
1295,-0.0010059085,-0.017426476,False
1294,-0.03776872,-0.00896579,False
1293,-0.03054654,-0.03054654,False
1292,0.0018193424,-0.066274464,False
1291,-0.036835767,0.0885904,False
1290,0.023864977,-0.014608265,False
1296,0.008061657,-0.010738457,False
1289,0.0021873321,-0.0185466,False
1287,0.0,3.5156543e-05,False
1286,0.03813724,-0.025255132,False
1285,0.0055325963,-0.051549233,False
1284,-0.073926926,-0.023375683,False
1283,0.03512866,-0.027481353,False
1282,-0.0048964294,-0.0048964294,False
1288,-0.013675675,-0.075592116,False
1349,-0.06236375,-0.0113817975,False
1297,0.022878923,-0.0445752,False
1299,-0.009831369,-0.009831369,False
1313,-0.004865498,-0.004865498,False
1312,0.014680416,-0.009081672,False
1311,0.041928545,-0.012557782,False
1310,0.0,0.0,False
1309,-0.004047248,-0.004047248,False
1308,0.019994274,-0.004852658,False
1298,-0.0095289815,-0.0095289815,False
1307,0.0,0.0,False
1305,0.054167494,0.02600433,False
1304,-0.0043771057,-0.0043771057,False
1303,-0.06951976,-0.061178684,False
1302,-0.015399476,-0.013280612,False
1301,-0.0032603145,-0.017478433,False
1300,-0.025916498,-0.04468879,False
1306,-0.0060164277,-0.028412364,False
1281,-0.0805475,-0.019231401,False
1350,0.021289457,-0.014798325,False
1352,0.0036841203,-0.018305702,False
1389,-0.023748033,0.0027809218,False
1390,0.022724647,0.0065616025,False
1391,-0.028833123,-0.028833123,False
1392,-0.008907519,-0.008907519,False
1393,0.008728849,-0.014540607,False
1394,-0.0048551057,-0.0048551057,False
1395,-0.020167036,-0.020167036,False
1396,0.005551625,-0.03931381,False
1397,0.0,0.0,False
1398,-0.09240201,-0.0074110627,False
1399,0.08757113,0.03871505,False
1400,-0.053197928,-0.06102509,False
1401,-0.009201527,-0.034510046,False
1402,0.0094195455,-0.01449438,False
1403,-0.041515157,0.029642157,False
1404,0.037908237,-0.047898088,False
1405,0.050062142,0.05255723,False
1419,-0.008074438,-0.0071308054,False
1418,0.02263816,0.0,False
1417,-0.044908945,-0.06128654,False
1416,0.0575428,-0.005458191,False
1415,0.0,0.0,False
1414,0.016294496,0.0,False
1388,0.007575021,-0.01462712,False
1413,0.014395922,-0.0047292574,False
1411,-0.004562881,-0.004562881,False
1410,0.03777124,0.042511612,False
1409,0.045524493,-0.026917998,False
1408,-0.009874659,-0.009874659,False
1407,-0.010008354,-0.010008354,False
1406,0.08100264,-0.007341721,False
1412,0.016604822,-0.0048313746,False
1387,-0.004324967,-0.02725558,False
1386,-0.004189588,-0.026803073,False
1385,-0.05202827,-0.014871061,False
1366,0.09965442,-0.13182382,False
1365,-0.024474248,-0.024474248,False
1364,-0.019083163,-0.019083163,False
1363,0.0,0.0,False
1362,0.0,0.0,False
1361,0.0,0.0,False
1367,0.011257849,-0.01049335,False
1360,-0.0051378873,-0.0051378873,False
1358,0.047886707,-0.054038227,False
1357,0.008789087,-0.010690345,False
1356,0.0,0.0,False
1355,0.0,0.0,False
1354,-0.009753348,-0.009753348,False
1353,0.0,0.0,False
1359,0.0,0.0,False
1351,0.033971578,-0.038570017,False
1368,-0.002154911,-0.01885797,False
1370,-0.010448631,-0.010448631,False
1384,-0.005005653,-0.004893145,False
1383,-0.05353581,-0.041706435,False
1382,-0.018793229,-0.060816713,False
1381,0.043873195,0.008253455,False
1380,0.046464622,0.0996776,False
1379,0.005013114,-0.018412786,False
1369,-0.008439506,-0.008439506,False
1378,-0.015135603,-0.015135603,False
1376,-0.0047510816,-0.0047510816,False
1375,-0.011096694,-0.053884,False
1374,-0.009034678,-0.024998914,False
1373,0.024999514,-0.019623175,False
1372,-0.0064524766,-0.029391859,False
1371,-0.034086637,-0.02514749,False
1377,-0.0051786387,-0.0051786387,False
1420,-0.020774027,-0.042638153,False
1280,0.1512331,0.053558886,False
1278,-0.004350482,-0.004350482,False
1176,0.0,0.0,False
1177,-0.008564574,-0.008564574,False
1178,0.05359452,0.030634321,False
1179,-0.01023443,-0.047442645,False
1180,-0.00517837,-0.00517837,False
1181,0.021513749,0.033511546,False
1182,-0.004814158,-0.004814158,False
1183,0.0034264587,-0.019390808,False
1184,0.029918436,-0.019401317,False
1185,-0.009432081,-0.009432081,False
1186,-0.009628147,-0.009628147,False
1187,0.019613873,-0.013830376,False
1188,0.004013799,-0.017275976,False
1189,0.010577295,-0.009169506,False
1190,0.018268727,-0.004911302,False
1191,-0.048752572,-0.048752572,False
1192,0.022682149,-0.039776012,False
1206,-0.02451029,-0.029194562,False
1205,0.04991745,0.004225212,False
1204,-0.021942947,-0.021942947,False
1203,-0.12166253,0.048176974,False
1202,0.0,0.0,False
1201,-0.0005555507,-0.02363329,False
1175,-0.0036577657,-0.026084531,False
1200,-0.0049033393,-0.0049033393,False
1198,0.037725456,-0.047769077,False
1197,-0.029659038,-0.029659038,False
1196,0.039580636,0.0325099,False
1195,-0.005018173,-0.005018173,False
1194,0.023785532,-0.07754217,False
1193,0.0068557914,0.005966319,False
1199,-0.013323126,-0.013323126,False
1174,-0.014730007,-0.014730007,False
1173,-0.00991185,-0.00991185,False
1172,0.021652507,0.0,False
1153,-0.01985497,-0.01985497,False
1152,0.0,0.0,False
1151,-0.019536406,-0.051103674,False
1150,0.0075947773,-0.0134296585,False
1149,-0.0048828404,-0.020091806,False
1148,0.012045043,-0.009590715,False
1154,-0.0052876323,-0.079671286,False
1147,-0.01328267,-0.01326291,False
1145,-0.02855517,-0.03422437,False
1144,0.0,0.0,False
1143,-0.0041037896,-0.0041037896,False
1142,-0.01457316,-0.01457316,False
1141,0.034244213,0.015576068,False
1140,0.031983495,-0.013992329,False
1146,0.034720175,-0.006787806,False
1207,0.0152942585,-0.009188599,False
1155,-0.029485404,-0.042830307,False
1157,0.0051877648,-0.009484764,False
1171,-0.047566466,0.02149678,False
1170,-0.040860247,-0.040860247,False
1169,-0.04586424,-0.044629283,False
1168,0.050864108,-0.015399754,False
1167,-0.009874113,-0.09856574,False
1166,0.017481815,0.0,False
1156,0.0,0.0,False
1165,-0.024036271,-0.024036271,False
1163,-0.008283382,-0.008283382,False
1162,-0.024462607,-0.06628778,False
1161,0.0076998966,-0.009123751,False
1160,0.0396475,-0.0052699703,False
1159,0.051550172,0.0058704,False
1158,-0.019621447,-0.019621447,False
1164,0.0,0.0,False
1279,0.007887555,-0.014076298,False
1208,-0.029585809,-0.029585809,False
1210,0.016990542,0.05467076,False
1247,-0.0053577055,-0.0053577055,False
1248,0.030611467,-0.009303021,False
1249,-0.008393406,-0.008393406,False
1250,0.013910251,-0.004983937,False
1251,-0.008909942,-0.008909942,False
1252,-0.02963253,-0.028086971,False
1253,-0.009110781,-0.009110781,False
1254,0.0,0.00015906863,False
1255,0.02109151,-0.038997654,False
1256,-0.011352193,-0.027440999,False
1257,0.008836352,-0.006545259,False
1258,0.0019688662,-0.018882701,False
1259,0.029426107,-0.009884583,False
1260,0.02784425,-0.008438797,False
1261,-0.011760505,0.022274619,False
1262,0.021661354,-0.024013093,False
1263,-0.023669116,-0.023669116,False
1277,-0.008978989,-0.008978989,False
1276,-0.009255909,0.011076701,False
1275,-0.032342646,-0.032342646,False
1274,-0.014848761,-0.036728915,False
1273,0.016935784,-0.0048154155,False
1272,-0.0029100552,-0.025411978,False
1246,-0.07557383,-0.10815823,False
1271,-0.011381507,-0.0652934,False
1269,0.057955623,-0.08058334,False
1268,-0.005026541,-0.00490154,False
1267,0.01128751,-0.005006986,False
1266,0.022895733,0.0,False
1265,0.046288237,-0.019246904,False
1264,0.028415468,-0.03380837,False
1270,0.0,0.0,False
1245,-0.004882378,-0.004882378,False
1244,-0.018130712,0.01809372,False
1243,-0.0049313186,-0.0049313186,False
1224,0.018699095,0.044075817,False
1223,0.12086874,0.03529513,False
1222,-0.0051631737,-0.0051631737,False
1221,0.0036463682,-0.017862188,False
1220,-0.008659581,-0.008659581,False
1219,0.039387364,-0.0047312197,False
1225,0.00993596,0.012300745,False
1218,0.0021927804,-0.018643193,False
1216,-0.055208117,-0.07188777,False
1215,0.012163488,-0.02823809,False
1214,-0.0040007187,-0.0040007187,False
1213,-0.063597806,-0.02145823,False
1212,-0.004651537,-0.004651537,False
1211,0.012540519,-0.009772761,False
1217,0.0,0.0,False
1209,0.021427084,-0.017435906,False
1226,0.005203508,-0.06455153,False
1228,0.0070053674,-0.011445824,False
1242,-0.012533814,-0.03499262,False
1241,-0.014309945,-0.014309945,False
1240,0.016371304,-0.0051778327,False
1239,0.0067607407,-0.010062907,False
1238,0.06188859,-0.02832952,False
1237,-0.0037567792,-0.0036895652,False
1227,-0.026897937,0.086970136,False
1236,0.0,0.0,False
1234,0.027419463,0.10054327,False
1233,-0.014325662,-0.025003213,False
1232,-0.0006816387,-0.027593452,False
1231,0.02683279,0.027360965,False
1230,0.033819184,-0.054753795,False
1229,-0.009524973,-0.009524973,False
1235,-0.0037512553,-0.0037512553,False
1421,-0.0048921127,-0.0048921127,False
1422,0.023635183,0.0,False
1423,-0.004990244,-0.004990244,False
1603,0.02792545,0.039863262,False
1604,-0.04553719,-0.04553719,False
1605,-0.015490055,-0.019828185,False
1606,-0.014831844,-0.014831844,False
1607,-0.0048264484,-0.0048264484,False
1608,-0.0079135075,-0.087446764,False
1609,0.0,0.0,False
1610,-0.0031281523,0.008363202,False
1611,-0.00975324,-0.00975324,False
1612,-0.09976077,-0.04455325,False
1613,-0.014966063,-0.014966063,False
1614,-0.0049037356,-0.0049037356,False
1615,0.030859072,-0.009744716,False
1616,-0.018779859,-0.051674947,False
1617,0.02348732,-0.014320629,False
1618,0.017819086,-0.0038334213,False
1619,-0.009922864,-0.009696033,False
1633,0.0071941568,-0.013906193,False
1632,-0.014012521,-0.014012521,False
1631,-0.021869354,0.0132052265,False
1630,0.014836147,-0.09014668,False
1629,0.0,0.010904945,False
1628,0.030553851,0.018031608,False
1602,-0.018799666,-0.018372431,False
1627,0.0,0.0,False
1625,-0.053058453,-0.07565692,False
1624,-0.036247365,-0.053151377,False
1623,-0.029088002,-0.029088002,False
1622,0.06538132,-0.036815792,False
1621,0.01779015,-0.005133281,False
1620,-0.1251463,0.074262485,False
1626,-0.0043983124,-0.0043983124,False
1601,0.039097726,0.0,False
1600,-0.014021048,-0.014021048,False
1599,0.0036852825,-0.01921045,False
1580,-0.019710612,-0.019710612,False
1579,0.004892975,-0.014638621,False
1578,0.15226042,0.0036388636,False
1577,0.026741583,-0.039867263,False
1576,-0.009899686,-0.009899686,False
1575,0.03634639,-0.009155951,False
1581,-0.018700093,-0.018700093,False
1574,-0.0015062559,-0.023375003,False
1572,-0.028506557,-0.028506557,False
1571,-0.021035416,-0.044221267,False
1570,-0.018841196,-0.018841196,False
1569,0.05347713,-0.030644782,False
1568,-0.06423926,-0.10355991,False
1567,-0.0047224984,-0.03263228,False
1573,0.0019166479,0.019033816,False
1634,-0.049725667,-0.0036830828,False
1582,-0.004436502,-0.004436502,False
1584,-0.014784876,-0.014784876,False
1598,0.013750862,-0.031939708,False
1597,0.0,0.0,False
1596,0.009123487,-0.0120608285,False
1595,-0.038038846,-0.03748808,False
1594,0.01228166,-0.010096082,False
1593,-0.0012828521,0.0018514544,False
1583,-0.009548647,-0.009548647,False
1592,0.060050726,-0.021499868,False
1590,-0.06318851,0.07448904,False
1589,0.04545173,0.058199167,False
1588,0.0,0.0,False
1587,0.0,0.0,False
1586,-0.024523664,-0.024523664,False
1585,0.08506471,-0.06984538,False
1591,-0.005019524,-0.0049593044,False
1566,-0.014917478,-0.09291871,False
1635,0.0040167477,-0.018894209,False
1637,-0.04241893,-0.04241893,False
1674,-0.009655443,-0.009655443,False
1675,0.0,0.0,False
1676,0.0,0.0,False
1677,-0.00977608,-0.00977608,False
1678,0.0029421132,-0.014361616,False
1679,0.008647393,-0.014697716,False
1680,-0.0261602,-0.02367156,False
1681,-0.0050979126,-0.0050979126,False
1682,0.03416623,0.011626434,False
1683,-0.028704815,-0.07837943,False
1684,-0.023029095,-0.023029095,False
1685,-0.023646133,-0.023646133,False
1686,0.008622438,-0.06026411,False
1687,0.0024034306,-0.09042614,False
1688,-8.954853e-05,-0.049734656,False
1689,-0.078171246,-0.073384754,False
1690,0.07956751,-0.039115034,False
1704,-0.00994396,-0.00994396,False
1703,0.0,0.0,False
1702,-0.019102506,-0.019102506,False
1701,0.006349925,-0.013900017,False
1700,0.0,0.0,False
1699,-0.005226973,0.08551349,False
1673,0.010115824,0.0069280723,False
1698,-0.029116387,-0.028525045,False
1696,-0.009950364,-0.009943429,False
1695,0.050236057,-0.017312516,False
1694,-0.0050598695,-0.0050598695,False
1693,0.025426917,-0.010056656,False
1692,-0.02397208,-0.02397208,False
1691,0.020325826,0.0,False
1697,-0.0053505097,-0.027141817,False
1672,0.05019641,0.46248367,False
1671,-0.0065849572,-0.06789458,False
1670,-0.0049478244,-0.0049478244,False
1651,-0.008135602,-0.095972426,False
1650,-0.0134163145,-0.0134163145,False
1649,-0.009850631,-0.009850631,False
1648,0.022083428,-0.01202182,False
1647,-0.014966099,-0.014966099,False
1646,0.016139463,-0.017920539,False
1652,-0.009150349,-0.009150349,False
1645,0.035527967,-0.009987907,False
1643,-0.03264682,0.09839177,False
1642,-0.0020261034,-0.04685969,False
1641,-0.020321019,-0.020321019,False
1640,-0.009970706,-0.0058182855,False
1639,-0.005070065,-0.005070065,False
1638,0.022433542,0.0,False
1644,-0.02809458,-0.02809458,False
1636,-0.027474238,-0.049787518,False
1653,-0.023525475,-0.023525475,False
1655,-0.003413568,-0.0016874339,False
1669,0.023438677,-0.039520547,False
1668,-0.02831747,-0.02831747,False
1667,0.09957539,0.04958678,False
1666,0.0,0.0,False
1665,-0.004508894,-0.004508894,False
1664,-0.002007911,-0.024567379,False
1654,0.0033562798,-0.0130213145,False
1663,-0.01901625,-0.01901625,False
1661,-0.0073256884,-0.0072818506,False
1660,-0.004350482,-0.004350482,False
1659,-0.019087045,-0.019087045,False
1658,0.044892207,-0.03936091,False
1657,-0.0257188,-0.030212104,False
1656,0.0,0.0,False
1662,-0.029174864,-0.08589755,False
1565,0.0,0.0,False
1564,-0.0131118335,-0.0131118335,False
1563,0.03550736,0.078850515,False
1460,-0.0044749146,0.03969523,False
1461,-0.02950979,0.013022356,False
1462,0.012546416,-0.009842807,False
1463,0.0,0.0,False
1464,0.032572106,0.16238436,False
1465,-0.009671537,-0.009671537,False
1466,0.0,0.0,False
1467,-0.009776374,-0.009693719,False
1468,0.15736118,0.016121984,False
1469,-0.0036233715,0.0015109745,False
1470,0.055387244,-0.069663525,False
1471,-0.017927371,-0.045645453,False
1472,-0.00993498,-0.00993498,False
1473,0.066945165,0.025011979,False
1474,-0.004880251,-0.004880251,False
1475,-0.035184413,-0.01771921,False
1476,0.016061008,-0.0043983124,False
1490,-0.019429442,-0.019429442,False
1489,0.043195415,-0.020070609,False
1488,0.053319436,-0.008328918,False
1487,-0.03368265,-0.03368265,False
1486,0.0,0.0,False
1485,-0.023104224,-0.023104224,False
1459,-0.037546765,-0.03139473,False
1484,0.03457454,-0.04038042,False
1482,-0.0031889174,-0.019209431,False
1481,-0.0049317274,-0.0049317274,False
1480,-0.07266273,-0.0672605,False
1479,-0.009425465,-0.009425465,False
1478,-0.0052940934,-0.0052940934,False
1477,0.018623639,-0.0042375196,False
1483,0.0,0.0,False
1458,-0.0019147806,-0.020559119,False
1457,0.016088806,0.0,False
1456,-0.016685829,-0.016446838,False
1437,-0.0025677085,-0.0057778955,False
1436,0.012410429,-0.0032445397,False
1435,-0.018543167,-0.040407293,False
1434,-0.0099139605,-0.0099139605,False
1433,0.0,0.0,False
1432,0.0,0.0,False
1438,-0.0032744692,-0.0032744692,False
1431,0.007951883,-0.01497873,False
1429,0.009527018,-0.015040031,False
1428,-0.028866049,-0.02756838,False
1427,0.031922687,-0.03420722,False
1426,0.0,0.0,False
1425,-0.014562951,-0.014562951,False
1424,-0.004061069,-0.004061069,False
1430,-0.04502203,0.078798845,False
1491,0.027902577,-0.036758896,False
1439,0.050403975,-0.018323243,False
1441,-0.0034930408,0.033625916,False
1455,-0.0144365085,-0.0144365085,False
1454,-0.00036419928,-0.021090075,False
1453,0.0,0.0,False
1452,0.055674378,0.016493779,False
1451,0.0,0.0,False
1450,0.08529259,-0.0350089,False
1440,0.006865585,-0.014225794,False
1449,-0.009854664,-0.009854664,False
1447,-0.006719999,-0.051630095,False
1446,-0.023060322,-0.08255352,False
1445,0.01564071,-0.028413586,False
1444,0.045415588,0.0,False
1443,0.020706607,-0.017259823,False
1442,-0.024912007,-0.024911696,False
1448,-0.005140462,-0.005140462,False
1492,0.0,0.0,False
1493,-0.012711828,-0.012711828,False
1494,-0.0144690685,-0.0090402365,False
1544,-0.007986579,-0.007966877,False
1543,0.0,9.594265e-07,False
1542,-0.0019249134,0.013760913,False
1541,0.0,0.0,False
1540,-0.0040939488,-0.048220735,False
1539,-0.0046152766,-0.0046152766,False
1545,-0.0036918141,-0.0036918141,False
1538,-0.005547842,-0.005547842,False
1536,-0.008696932,-0.008696932,False
1535,0.009444371,-0.059809662,False
1534,-0.04046507,-0.048947632,False
1533,0.0,0.0,False
1532,-0.005079413,-0.005079413,False
1531,-0.013627653,-0.013627653,False
1537,0.0679002,-0.039719194,False
1530,-0.17674714,-0.1519503,False
1546,-0.020042572,-0.0614375,False
1548,-0.0008854177,-0.018042028,False
1562,-0.1141175,-0.20052163,False
1561,-0.008488532,-0.029222464,False
1560,-0.0039614746,-0.003937395,False
1559,0.0,0.0,False
1558,0.012418879,-0.009493526,False
1557,0.011833195,-0.04458307,False
1547,-0.004938503,-0.004938503,False
1556,-0.009094968,-0.009094968,False
1554,-0.10311067,-0.15696606,False
1553,0.02069541,-0.05972842,False
1552,-0.004052192,-0.016905872,False
1551,0.0,0.0,False
1550,-0.001881823,0.066055164,False
1549,0.015743518,-0.0047158017,False
1555,-0.0048942682,-0.0048942682,False
1138,0.10944405,-0.023550972,False
1529,-0.04501167,-0.010077745,False
1527,-0.0040102974,-0.05461884,False
1508,0.009078445,-0.014254563,False
1507,0.0,0.0,False
1506,-0.003665166,-0.003665166,False
1505,-0.040618867,-0.03178618,False
1504,0.0,0.0,False
1503,-0.05513011,-0.05538777,False
1509,0.047369998,-0.009070266,False
1502,0.014284955,-0.005007431,False
1500,0.0318364,-0.045792606,False
1499,0.0050150976,0.21729112,False
1498,-0.014656041,-0.014656041,False
1497,0.04433153,-0.019051798,False
1496,-0.011682909,-0.0542584,False
1495,0.009333316,-0.013240969,False
1501,0.028259814,-0.045541063,False
1528,-0.019610815,-0.019610815,False
1510,0.023541754,0.06974746,False
1512,-0.029939193,-0.029939193,False
1526,0.004327148,0.029291749,False
1525,0.014907986,-0.051882267,False
1524,-0.01891579,-0.01891579,False
1523,-0.014112603,-0.014112603,False
1522,0.013165355,0.016888663,False
1521,0.02990675,-0.21989253,False
1511,-0.0037308875,-0.020108482,False
1520,-0.038914688,-0.06358233,False
1518,0.023864059,0.0,False
1517,0.022833614,0.008136524,False
1516,-0.0040650247,0.007545909,False
1515,-0.031836234,-0.05129563,False
1514,-0.01913838,-0.01913838,False
1513,-0.048867993,-0.048867993,False
1519,-0.018713593,-0.018713593,False
4555,0.23474658,-0.060240626,False
4545,-0.05379176,-0.31957924,False
4557,0.03426802,0.058600232,False
7563,-0.08660233,-0.03182514,False
7564,-0.23392797,-0.07549381,False
7565,-0.2171509,-0.089825094,False
7566,-0.003396064,0.042741656,False
7567,-0.2059494,-0.111754835,False
7568,0.0003845282,-0.018740652,False
7569,0.20321769,-0.018806398,False
7570,0.006140692,0.022108337,False
7571,-0.14442903,-0.04308611,False
7572,-0.1317885,-0.028637901,False
7573,0.07093243,-0.04493475,False
7574,-0.115924284,0.05616094,False
7575,-0.021158397,-0.039965093,False
7576,-0.00916167,-0.0051271105,False
7577,-0.0633744,0.032981515,False
7578,-0.28803802,-0.22258878,False
7579,-0.041994035,-0.02848488,False
7593,0.009681538,-0.05350583,False
7592,0.026891232,0.18186307,False
7591,-0.004155696,-0.004155696,False
7590,-0.028522044,-0.09203157,False
7589,0.007631069,0.008081455,False
7588,-0.023270361,-0.021292984,False
7562,0.034290254,0.030892283,False
7587,-0.023687748,-0.016302897,False
7585,-0.28441608,-0.21226513,False
7584,-0.23017263,-0.051965714,False
7583,0.016728349,-0.03302064,False
7582,0.019921392,-0.030501395,False
7581,0.031610906,0.006826341,False
7580,-0.033838652,-0.037842706,False
7586,0.02306525,-0.013195438,False
7594,-0.004730206,-0.02714442,False
7561,0.06530824,0.029251099,False
7558,0.014025306,0.0030238386,False
7527,-0.75743437,-0.23296118,False
7528,-0.28226668,-0.34250265,False
7529,-0.35567832,-0.2865075,False
7530,-0.007034125,-0.007034125,False
7531,-0.037112355,-0.019517407,False
7532,-0.28530025,0.059776068,False
7533,-0.07894194,-0.072377905,False
7534,0.045748636,0.017349914,False
7535,0.023671925,-0.18856813,False
7536,-0.10798758,0.2142049,False
7537,0.046535596,0.15482719,False
7538,-0.15510885,-0.22494264,False
7539,0.028992325,-0.0379799,False
7540,0.013959672,0.0225854,False
7541,0.06704867,-0.19543064,False
7542,0.049578607,-0.22025895,False
7543,-0.0033567138,0.09743774,False
7557,0.008192535,-0.012645294,False
7556,0.046380483,-0.033760674,False
7555,0.03417921,-0.5343542,False
7554,-0.028381675,0.06771591,False
7553,0.047133975,-0.058198646,False
7552,-0.0051479694,-0.0051479694,False
7560,-0.0049826372,-0.0049826372,False
7551,0.030009627,0.1180045,False
7549,0.07390773,0.027338624,False
7548,-0.0321777,0.040655583,False
7547,0.034171157,-0.05930794,False
7546,-0.0046281735,-0.0046281735,False
7545,0.15486303,-0.04565221,False
7544,-0.07529798,-0.25530496,False
7550,0.0,0.0,False
7595,-0.01965104,0.07921237,False
7596,-0.16459727,-0.020112395,False
7597,-0.08861615,-0.07299738,False
7634,-0.018788457,-0.101874754,False
7635,0.08348048,0.45876783,False
7636,-0.04760155,-0.03655833,False
7637,0.017054034,-0.027086006,False
7638,0.5071564,0.05685234,False
7639,-0.014051825,-0.014017049,False
7640,-0.06584042,-0.14765647,False
7641,0.0,2.1173335e-05,False
7642,0.01077193,0.056676894,False
7643,0.021334946,0.05055032,False
7644,-0.012017727,-0.21480882,False
7645,0.13948202,0.23565674,False
7646,-0.26937032,0.20202065,False
7647,0.15047956,0.069083035,False
7648,0.08375949,0.16631037,False
7649,-0.013489723,-0.1813252,False
7650,-0.41164994,-0.3588872,False
7664,0.08674824,0.01771143,False
7663,-0.03299135,0.037603736,False
7662,0.027296603,0.2836761,False
7661,-0.048856437,-0.14119601,False
7660,-0.17516363,0.16039455,False
7659,0.055794053,-0.030496567,False
7633,0.062251635,0.06443949,False
7658,-0.33431822,-0.46862614,False
7656,0.046577454,-0.09768158,False
7655,-0.053803325,0.112299025,False
7654,0.019005138,-0.0047529237,False
7653,0.21638325,0.1831224,False
7652,-0.0050127856,-0.003748856,False
7651,0.0019769687,-0.018276934,False
7657,0.029716,-0.008062333,False
7632,-0.19773102,0.18932056,False
7631,-0.0045929668,-0.0045929668,False
7630,0.0,0.0,False
7611,0.02191101,-0.026946833,False
7610,-0.015085489,-0.045348443,False
7609,-0.006467784,-0.022016501,False
7608,-0.060269535,-0.0603199,False
7607,0.16894254,-0.037149757,False
7606,-0.0067748725,-0.016485441,False
7612,-0.019344486,-0.035013646,False
7605,-0.023347288,1.3302373,False
7603,0.015004283,-0.015735159,False
7602,-0.049095184,0.58248174,False
7601,0.0,0.0,False
7600,-0.038805127,-0.37647918,False
7599,0.04071854,0.17516851,False
7598,-0.064929366,0.03874898,False
7604,0.008761035,0.06839547,False
7526,-1.0454662,-1.3565369,False
7613,0.092393935,-0.012107447,False
7615,-0.004638302,-0.004638302,False
7629,-0.038169928,-0.036779642,False
7628,0.14240378,0.13432378,False
7627,-0.0118468255,-0.090664946,False
7626,0.035871923,-0.08360171,False
7625,0.06997674,-0.06335126,False
7624,0.0,0.0,False
7614,-0.0050395867,-0.0050395867,False
7623,0.0,0.0,False
7621,-0.028499957,-0.028499957,False
7620,-0.0013128482,-0.02344226,False
7619,0.0,0.07067391,False
7618,0.0,0.0,False
7617,0.17315507,0.011297464,False
7616,-0.053720757,-0.13564229,False
7622,0.0040975735,-0.044161364,False
7525,-0.24564779,-0.115665615,False
7524,-0.8230467,-0.61625195,False
7521,-0.05159761,-0.11139739,False
7417,0.04921797,0.030676827,False
7418,-0.11175144,0.010501504,False
7419,0.10530077,-0.04727153,False
7420,-0.01281669,0.0261413,False
7421,0.07001674,0.12632245,False
7422,-0.21812773,0.062610865,False
7423,0.14842601,-0.0112321675,False
7424,0.07092376,-0.15001397,False
7425,0.036012873,-0.028748952,False
7426,0.3259158,0.19044828,False
7427,-0.0048235413,-0.0024734698,False
7428,0.27607018,0.12040497,False
7429,-0.012600973,1.0169686,False
7431,0.056070328,0.6465012,False
7432,-0.25963223,-0.08350772,False
7433,0.023864059,0.0046927617,False
7434,-0.0042354157,-0.0035096775,False
7448,-0.0049782842,0.028527834,False
7447,-0.053359643,-0.05725646,False
7446,0.085392445,-0.043738104,False
7445,-0.07348113,0.14215595,False
7444,0.054504246,0.048926532,False
7443,-0.081659675,0.040050864,False
7416,0.010827374,-0.023530118,False
7442,-0.21325254,0.23307085,False
7440,-0.018621305,-0.040455136,False
7439,-0.083273664,-0.0047400147,False
7438,0.0,0.0,False
7437,0.0865732,-0.05161376,False
7436,-0.00973412,-0.009397753,False
7435,0.031551454,-0.05152047,False
7441,-0.14628404,-0.018489242,False
7415,-0.004818657,-0.004818657,False
7414,-0.21700737,-0.1597406,False
7413,-0.030941702,0.01714363,False
7394,0.0,0.0,False
7393,0.0,0.0,False
7392,-0.004879865,-0.004879865,False
7391,0.00054860115,-0.025905263,False
7390,0.0,0.0,False
7389,0.040201664,-0.054131508,False
7395,0.0,0.0,False
7388,-0.021700941,-0.009984366,False
7386,-0.0050035464,-0.0050035464,False
7385,0.039026454,-0.011851344,False
7384,0.0,0.0,False
7383,0.006330777,-0.03901153,False
7382,-0.10797,-0.07727568,False
7381,-0.009269988,-0.009269988,False
7387,0.020007912,-0.014775384,False
7449,-0.09395206,0.036965847,False
7396,0.0,0.00014455908,False
7398,-0.00956467,-0.009555523,False
7412,-0.11446905,0.09070206,False
7411,0.09209398,-0.04427161,False
7410,-0.20784426,-0.10927737,False
7409,0.055457473,-0.24306953,False
7408,-0.022662133,0.044551373,False
7407,0.014430668,-0.00019952282,False
7397,-0.014046192,-0.1202364,False
7406,-0.054544985,-0.16643496,False
7404,-0.03414738,-0.018794715,False
7403,-0.21910429,-0.09882641,False
7402,0.22739911,0.26127625,False
7401,-0.06767017,-0.025964499,False
7400,-0.044251055,0.02317816,False
7399,-0.031693503,0.0905219,False
7405,-0.11833587,0.074603885,False
7665,0.08928496,-0.120651126,False
7450,0.14882076,0.007124841,False
7452,0.24851131,0.10842943,False
7489,-0.00523238,-0.00523238,False
7490,-0.052437484,-0.0066236854,False
7491,-0.08758786,0.03879994,False
7492,-0.08525154,-0.028722733,False
7493,0.0,0.0,False
7495,-0.0050979126,0.003185194,False
7496,-0.009533556,-0.0041805445,False
7497,0.18294716,-0.10962963,False
7498,0.0,0.0,False
7499,0.017705956,-0.009933464,False
7500,-0.06264059,-0.052239157,False
7501,0.0059767067,-0.073085845,False
7502,-0.033680387,-0.07521069,False
7503,0.028335942,-0.017536836,False
7504,0.030597296,0.2586578,False
7505,-0.0040650247,-0.0040650247,False
7506,0.0,0.0,False
7520,0.036217928,-0.034865424,False
7519,-0.19293404,-0.264388,False
7518,-0.0050830343,-0.0050714323,False
7517,-0.05537899,-0.06819159,False
7516,-0.03866875,-0.02213257,False
7515,-0.06203091,-0.1253209,False
7488,0.042265177,0.019242167,False
7514,-0.008446198,-0.030883199,False
7512,-0.033332765,0.05063176,False
7511,-0.13763821,-0.09595728,False
7510,-0.13167189,-0.041545816,False
7509,-0.095822275,-0.02152592,False
7508,-0.094435155,0.0034606457,False
7507,0.06034237,-0.00025004148,False
7513,-0.02929117,-0.02929117,False
7487,-0.052369714,-0.096936315,False
7486,-0.13632965,-0.6758251,False
7485,-0.62196636,-0.7767911,False
7466,0.02748467,0.061738715,False
7465,0.0,0.00032516144,False
7464,0.00081577897,0.07439721,False
7463,-0.043186665,-0.07335353,False
7462,0.011951093,-0.021251088,False
7461,-0.45872188,0.022935629,False
7467,-0.018734835,-0.0908225,False
7460,-0.057759315,0.4382301,False
7458,-0.057701126,0.14519733,False
7457,-0.10988742,-0.10882306,False
7456,0.25519323,-0.40447855,False
7455,-0.10367867,-0.036355376,False
7454,-0.041582406,-0.11437407,False
7453,-0.018217087,-0.00797531,False
7459,0.012064853,-0.008843527,False
7451,0.04584002,0.10301489,False
7468,0.07190415,-0.12583804,False
7470,-0.043133706,0.25851026,False
7484,0.17107198,-0.056155622,False
7483,-0.20806262,0.018324196,False
7482,0.040192842,-0.01338926,False
7481,0.044728816,-0.12923612,False
7480,0.09720555,-0.06557301,False
7479,-0.105599314,0.0571512,False
7469,-0.09969786,0.025817722,False
7478,0.02250912,-0.035236087,False
7476,-0.18966374,-0.10603297,False
7475,0.013026755,-0.01796402,False
7474,-0.057395548,-0.00094750524,False
7473,0.1231412,0.016165912,False
7472,-0.012055397,-0.19563359,False
7471,0.027969569,-0.04245224,False
7477,-0.14605245,-0.019809186,False
7666,0.0191143,0.025479943,False
7667,-0.14548987,-0.007216215,False
7668,0.32715845,0.29564142,False
7847,-0.023876399,-0.009250253,False
7848,0.013147248,-0.0063459207,False
7849,0.20720822,-0.08675781,False
7850,-0.029259227,0.016231455,False
7851,-0.014460146,0.0054092556,False
7852,-0.21013208,-0.021347731,False
7853,0.028462604,0.055135846,False
7854,-0.03774993,-0.05983643,False
7855,0.12137072,-0.104202494,False
7856,0.0,2.0432244e-05,False
7857,-0.2652824,-0.5319698,False
7858,0.03947181,-0.005376925,False
7859,-0.019075226,-0.019075226,False
7860,0.0,0.0,False
7861,0.0,0.0,False
7862,-0.15455651,-0.20824432,False
7863,0.0,0.0,False
7877,-0.0044222353,-0.0044222353,False
7876,-0.018694758,0.10672581,False
7875,-0.037829842,-0.037829842,False
7874,-0.21116722,-0.11354956,False
7873,-0.004396517,-0.023284663,False
7872,0.012725472,-0.3166526,False
7846,0.100504726,0.11149755,False
7871,0.11632681,0.14966941,False
7869,0.0,0.0,False
7868,0.0276246,0.0345432,False
7867,0.07025516,-0.25858647,False
7866,-0.0032373075,-0.0032373075,False
7865,0.0,0.0,False
7864,0.008720957,-0.013098786,False
7870,0.042988777,-0.08766276,False
7845,0.29922748,-0.071659565,False
7844,0.012067247,-0.009419548,False
7843,0.48688865,-0.018276691,False
7824,0.023409737,0.011471486,False
7823,-0.22186005,-0.4118569,False
7822,-0.0047905953,-0.0047905953,False
7821,0.01629949,0.04354689,False
7820,0.015433203,-0.0012918208,False
7819,0.00849307,-0.0071285665,False
7825,0.01829625,-0.0036866323,False
7818,0.0,6.129443e-05,False
7816,-0.008635817,-0.0079026725,False
7815,0.008217216,-0.51334643,False
7814,0.04688728,-0.09938748,False
7813,-0.010671496,-0.2391656,False
7812,-0.30527514,-0.21300358,False
7811,-0.0127896555,-0.03205975,False
7817,-0.010164341,-0.010164341,False
7878,0.041606665,-0.18518591,False
7826,-0.032795906,-0.10427835,False
7828,-0.0046937084,-0.0046937084,False
7842,-0.022932969,-0.058729824,False
7841,-0.004854167,-0.004854167,False
7840,0.15588498,-0.4416077,False
7839,0.06176579,0.031838536,False
7838,0.009202238,-0.013723999,False
7837,-0.052497208,-0.07504183,False
7827,0.01631424,-0.0033354452,False
7836,0.01074183,0.05583611,False
7834,-0.026582275,-0.026582275,False
7833,0.08116973,-0.005143561,False
7832,-0.005080136,-0.005080136,False
7831,-0.03589733,-0.06234763,False
7830,0.0033940524,-0.15938489,False
7829,-0.01620771,-0.0050130337,False
7835,0.056060217,0.04456442,False
7810,0.0,5.8303063e-05,False
7879,-0.18976629,-0.08149254,False
7881,-0.09666288,-0.24396932,False
7918,-0.008209556,0.0688069,False
7919,-0.1426763,-0.16940778,False
7920,-0.24095619,-0.16626239,False
7921,-0.33161402,-0.28950632,False
7922,-0.16910547,-0.07444838,False
7923,-0.03232634,-0.14029539,False
7924,0.0131764375,-0.009250328,False
7925,0.093393445,0.054422826,False
7926,0.086218,-0.044956297,False
7927,-0.009694895,-0.009694895,False
7928,-0.2838205,-0.20186019,False
7929,-0.12820649,-0.12798834,False
7930,0.0,0.0,False
7931,-0.01608187,0.07426472,False
7932,-0.020927558,-0.039235655,False
7933,-0.016270835,-0.04718287,False
7934,-0.009619062,-0.009619062,False
7948,-0.19831201,-0.21878427,False
7947,-0.17921269,0.17348564,False
7946,-0.12298039,0.088642925,False
7945,-0.0051925927,0.056677178,False
7944,-0.18687049,0.012646824,False
7943,0.017803503,-0.0036221,False
7917,-0.15590978,-0.11280048,False
7942,-0.13154678,0.04943928,False
7940,0.22349024,-0.26441026,False
7939,0.017564462,-0.027833184,False
7938,0.04583694,0.032099754,False
7937,-0.18368387,-0.0538899,False
7936,0.0,0.0,False
7935,-0.00024630502,-0.020159148,False
7941,0.060121357,-0.042579353,False
7916,-0.06085658,-0.31349516,False
7915,-0.048679173,-0.01091069,False
7914,0.015775457,-0.14737028,False
7895,0.026300907,0.04208812,False
7894,-0.10755491,-0.14827853,False
7893,0.03430873,-0.013525162,False
7892,0.0046473183,-0.01823272,False
7891,-0.015780002,-0.07169765,False
7890,0.031982347,-0.08750947,False
7896,0.31545135,-0.05631429,False
7889,-0.09910703,-0.19469595,False
7887,0.0,0.0,False
7886,0.0,0.00041119693,False
7885,-0.040641725,-0.32181,False
7884,0.030652061,0.07391537,False
7883,-0.010784775,0.059954137,False
7882,-0.009919565,-0.009919565,False
7888,-0.10455757,0.019642338,False
7880,-0.040807433,0.006543249,False
7897,-0.16560197,-0.19875297,False
7899,0.08776438,0.17173922,False
7913,-0.09940988,-0.1655668,False
7912,0.37386322,-0.3098085,False
7911,-0.02362061,-0.023074683,False
7910,-0.2639029,-0.1669693,False
7909,0.020808667,0.0834631,False
7908,0.0075448547,-0.017552294,False
7898,-0.038676884,-0.037342183,False
7907,0.057756893,-0.033138476,False
7905,-0.8819413,-0.054917097,False
7904,0.067435704,-0.044552736,False
7903,-0.04295911,-0.06386749,False
7902,-0.2061365,-0.036917716,False
7901,-0.033126384,0.01922816,False
7900,-0.07417622,-0.004802823,False
7906,0.0,0.0,False
7380,0.01959961,-0.017692838,False
7809,-0.009677,-0.031666823,False
7807,-0.06435816,-0.09293352,False
7705,0.06270987,0.051495194,False
7706,0.043046534,0.8136771,False
7707,-0.0075975824,-0.0075975824,False
7708,-0.123640865,-0.018540502,False
7709,-0.023305565,-0.070681706,False
7710,-0.13166106,-0.1628918,False
7711,-0.049083233,-0.10419989,False
7712,0.033700705,0.5234492,False
7713,0.33022338,0.0111581385,False
7714,-0.0003683921,-0.013031923,False
7715,-0.048792385,0.1170405,False
7716,-0.07804577,-0.08674137,False
7717,-0.12391521,0.08279908,False
7718,-0.19599636,0.0880934,False
7719,-0.004706676,-0.004706676,False
7720,0.020393468,0.054489993,False
7721,-0.0025425684,-0.022991132,False
7735,-0.0047984985,-0.0047984985,False
7734,0.0,1.16186e-05,False
7733,-0.009784816,-0.009784816,False
7732,-0.13045555,0.13891205,False
7731,-0.4032423,-0.07363266,False
7730,-0.0033912933,-0.0033912933,False
7704,-0.014918327,0.0120693445,False
7729,-0.029946148,0.13277894,False
7727,0.0,0.0,False
7726,-0.004478243,-0.0041095796,False
7725,0.0,0.0,False
7724,0.05859357,0.085128814,False
7723,-0.16182148,0.09788966,False
7722,-0.106288224,-0.013442814,False
7728,0.011501391,-0.0048697144,False
7703,-0.104037195,-0.1382935,False
7702,-0.062885046,-0.09924397,False
7701,-0.13185997,-0.11411066,False
7682,-0.08348918,-0.24479616,False
7681,-0.18424535,0.2263236,False
7680,0.0,1.3029102e-06,False
7679,0.029446345,-0.011445366,False
7678,0.08747321,0.035310388,False
7677,0.20997724,-0.094390064,False
7683,0.024511753,0.0091196075,False
7676,0.00369519,-0.033337332,False
7674,-0.012645245,-0.06261766,False
7673,-0.113529444,-0.13101126,False
7672,-0.0006251782,-0.054745376,False
7671,-0.03916046,-0.031443506,False
7670,0.094655365,0.14291053,False
7669,0.08473575,0.07360938,False
7675,0.0786525,0.045654833,False
7736,0.015885437,-0.020960515,False
7684,-0.004335512,-0.004335512,False
7686,-0.19431257,-0.38324118,False
7700,0.05665499,-0.08606271,False
7699,0.15155673,-0.4974804,False
7698,-0.03352678,-0.18353915,False
7697,0.07066882,0.5458094,False
7696,0.054646194,-0.13434777,False
7695,-0.027458362,-0.00438758,False
7685,-0.05159262,0.075466424,False
7694,-0.08404261,0.0007536113,False
7692,-0.5695309,-0.5856223,False
7691,-0.049241662,0.04725063,False
7690,-0.06684789,-0.00014220923,False
7689,-0.075375795,-0.030179024,False
7688,-0.098008394,-0.12093791,False
7687,-0.014572867,-0.014572867,False
7693,-0.019595027,0.043135285,False
7808,0.01718548,-0.11138892,False
7737,0.01403839,-0.0064391624,False
7739,-0.2280122,-0.5431404,False
7776,0.020177167,-0.004389881,False
7777,0.0132186385,0.022737667,False
7778,-0.004866068,-0.004866068,False
7779,-0.12216669,0.05461383,False
7780,-0.0086455345,-0.008913668,False
7781,0.08598517,-0.0071099475,False
7782,-0.063810304,-0.15085912,False
7783,-0.008831218,-0.06479939,False
7784,-0.1795299,-0.22468948,False
7785,-0.03883609,-0.07226004,False
7786,0.0024184994,-0.056125954,False
7787,0.020568311,-0.08109352,False
7788,-0.024704993,-0.035536766,False
7789,-0.0465914,-0.17151985,False
7790,-0.05695662,-0.019609183,False
7791,0.020742893,-0.13504922,False
7792,-0.021908998,0.10795185,False
7806,0.051706433,0.03534627,False
7805,0.0,1.5678248e-06,False
7804,-0.0034862934,-0.0034825418,False
7803,-0.0024734288,0.00018687546,False
7802,-0.23647319,-0.09379053,False
7801,0.0,6.9896036e-05,False
7775,0.15815336,0.095395565,False
7800,-0.0041918815,0.0032559284,False
7798,0.061186343,-0.0953866,False
7797,-0.073485896,-0.05261965,False
7796,-0.032420103,-0.032420103,False
7795,-0.19140066,-0.004613012,False
7794,0.079395115,-0.021845877,False
7793,0.07028643,0.062423,False
7799,-0.004872557,-0.004872557,False
7774,-0.4376843,-0.58098316,False
7773,-0.014161596,-0.01411191,False
7772,0.1015656,0.21461356,False
7753,0.077874705,-0.1257787,False
7752,-0.1999318,-0.08120453,False
7751,-0.33389825,0.08955419,False
7750,-0.021722496,-0.013481677,False
7749,-0.034163386,-0.028791912,False
7748,-0.11654973,-0.15056138,False
7754,0.053115368,0.2027691,False
7747,-0.05684042,0.09659195,False
7745,0.33846438,0.047887802,False
7744,0.093750745,-0.09182322,False
7743,-0.12949622,-0.0867371,False
7742,-0.23635897,0.12071562,False
7741,0.0078089107,-0.008185883,False
7740,-0.07064004,-0.078754984,False
7746,-0.10600591,-0.22290137,False
7738,-0.02419214,-0.023772547,False
7755,0.032334827,-0.013272624,False
7757,-0.0053846617,-0.0053846617,False
7771,-0.18869275,-0.006937921,False
7770,0.09325872,0.11872077,False
7769,0.07673383,0.21575737,False
7768,0.03285721,-0.07705909,False
7767,-0.38391972,-0.11174703,False
7766,0.026442736,-0.06773351,False
7756,0.0,0.0,False
7765,0.19044161,0.0037123263,False
7763,-0.0046102423,-0.026987985,False
7762,-0.13442796,-0.22737443,False
7761,-0.120570995,-0.06838864,False
7760,0.07983667,-0.06851989,False
7759,0.27942854,0.034552753,False
7758,0.0,0.087966576,False
7764,0.007212853,-0.008030147,False
7379,0.0,0.0,False
7378,0.030901074,-0.11465418,False
7377,-0.024167044,-0.02380927,False
6991,0.007558748,-0.075182155,False
6992,0.07266629,0.055695385,False
6993,-0.018258333,-0.024955649,False
6994,-0.015247535,-0.03242858,False
6995,-0.030718714,-0.12097989,False
6996,0.067274325,-0.018298242,False
6997,-0.05431532,0.037404433,False
6998,-0.012168864,-0.009597841,False
6999,0.0,9.6444186e-05,False
7000,0.4897622,-0.46561944,False
7001,0.042895198,0.049260497,False
7002,0.03804517,-0.004936444,False
7003,0.01171416,-0.04498896,False
7004,0.022426765,0.0,False
7005,0.050049543,-0.49103338,False
7006,-0.015575208,-0.07497567,False
7007,-0.009222481,-0.009222481,False
7021,-0.0037524558,-0.0037524558,False
7020,0.012166232,-0.17460239,False
7019,-0.0629195,-0.12726861,False
7018,0.018688492,-0.025519297,False
7017,0.0025407523,-0.018212698,False
7016,-0.15767047,-0.14528576,False
6990,0.04925399,0.007974923,False
7015,0.09940466,0.062793106,False
7013,0.04618326,0.012360513,False
7012,-0.16511106,0.20641065,False
7011,-0.052117825,-0.08172536,False
7010,-0.12863645,-0.2657271,False
7009,0.084403425,0.39472106,False
7008,0.012964666,-0.22378922,False
7014,0.022947067,0.0,False
6989,-0.026826397,-0.07084313,False
6988,0.050076157,0.06330657,False
6987,0.0,0.0,False
6968,-0.010098163,0.0128956195,False
6967,-0.14290613,-0.06404731,False
6966,-0.0013463777,-0.021409066,False
6965,0.0,0.0,False
6964,0.014651856,-0.008826305,False
6963,-0.010924518,-0.10547334,False
6969,-0.046515197,-0.04730493,False
6962,-0.15758598,0.040899277,False
6960,-0.053366717,0.011262342,False
6959,0.013669699,-0.008569958,False
6958,-0.054198623,0.1368308,False
6957,0.0,0.0,False
6956,0.23577279,0.29192466,False
6955,-0.040337607,0.14195544,False
6961,0.021071851,-0.12072384,False
7022,0.014483741,-0.008785715,False
6970,0.097028464,0.15875654,False
6972,0.033914395,-0.055684876,False
6986,-0.07299775,-0.120201916,False
6985,0.0,0.0,False
6984,-0.10941986,-0.11874754,False
6983,-0.009848677,-0.009848677,False
6982,0.07443688,0.029932506,False
6981,0.027929984,0.072322376,False
6971,0.20038873,0.2267561,False
6980,0.012956817,-0.023339901,False
6978,-0.0783045,0.063925266,False
6977,-0.03422513,0.029668525,False
6976,0.0069949217,-0.017770106,False
6975,-0.079594254,0.18872297,False
6974,0.0052902102,-0.19826101,False
6973,-0.029668778,-0.037048727,False
6979,-0.013803635,-0.0065703546,False
6954,-0.06479323,0.09034123,False
7023,0.06166563,-0.014850251,False
7025,0.0,0.0,False
7062,-0.059337705,-0.06572059,False
7063,-0.018384421,-0.016348233,False
7064,-0.0085083125,0.0013187425,False
7065,0.0,0.0,False
7066,-0.04476838,0.004542336,False
7067,-0.08094749,-0.18243414,False
7068,-0.13119154,-0.017424613,False
7069,-0.099369735,-0.11030793,False
7070,-0.05484876,-0.0945967,False
7071,-0.20996952,0.015893072,False
7072,0.007244287,-0.008872801,False
7073,0.039076447,-0.039455283,False
7074,0.25805736,-0.10259667,False
7075,0.034241185,0.055361748,False
7076,-0.09397897,-0.08164969,False
7077,0.042200983,-0.025315568,False
7078,0.051321134,-0.042664275,False
7092,0.0044409335,0.12147659,False
7091,-0.09610969,-0.059200287,False
7090,-0.08002128,0.026608378,False
7089,-0.0046131206,-0.0046131206,False
7088,0.015334491,-0.004963957,False
7087,-0.005059622,-0.014027443,False
7061,-0.007398308,0.13023196,False
7086,0.034461617,-0.0035919026,False
7084,-0.108306766,0.22527146,False
7083,0.10122582,-0.050903447,False
7082,0.028349275,-0.016001945,False
7081,0.051391236,-0.013870441,False
7080,-0.0024613738,-0.04236931,False
7079,0.061681747,-0.34280252,False
7085,-0.264192,-0.3138286,False
7060,-0.092352405,0.034791157,False
7059,-0.022561967,-0.0797762,False
7058,0.021903783,-0.042243697,False
7039,-0.0059490427,0.025201974,False
7038,0.023674104,0.031921078,False
7037,-0.026193129,-0.026193129,False
7036,0.008116268,-0.031372614,False
7035,0.07144298,-0.013789993,False
7034,-0.0042979857,-0.0042979857,False
7040,0.022433542,0.0,False
7033,-0.040475868,-0.02928906,False
7031,0.02324329,-0.020195063,False
7030,0.016088806,0.0,False
7029,0.04966364,-0.009402155,False
7028,-0.034603,0.17377472,False
7027,-0.035479486,-0.09814507,False
7026,-0.091435686,-0.04599291,False
7032,-0.0092988135,-0.0092988135,False
7024,0.0,0.0,False
7041,0.044771463,-0.06475921,False
7043,0.035452724,-0.03900664,False
7057,-0.00336124,-0.022637464,False
7056,-0.2885325,-0.18571144,False
7055,-0.026869252,0.026616588,False
7054,-0.00057303905,0.071491495,False
7053,-0.03372247,-0.03372247,False
7052,0.0066151246,0.05234728,False
7042,-0.20458621,-0.0025515556,False
7051,0.052668616,-0.10043548,False
7049,0.025354713,0.1148414,False
7048,-0.11421676,0.08344677,False
7047,0.04466331,0.042568624,False
7046,-0.004652436,-0.004652436,False
7045,-0.015039219,-0.008855706,False
7044,-0.054877162,-0.18620306,False
7050,-0.034703806,-0.055982754,False
7093,-0.027966231,-0.10557082,False
6953,-0.0035024756,-0.0033202034,False
6951,0.0,6.859122e-05,False
6849,0.0,0.0,False
6850,-0.03155882,-0.06653325,False
6851,-0.120857,-0.23686457,False
6852,-0.011399128,0.09899974,False
6853,-0.018493766,-0.0184556,False
6854,0.045448303,-0.26685756,False
6855,-0.03260491,0.0075573474,False
6856,0.013659957,-0.00974498,False
6857,-0.097112775,-0.015638858,False
6858,-0.05803005,-0.084611736,False
6859,-0.035727613,-0.04822854,False
6860,0.2332452,-0.18149006,False
6861,0.23565072,-0.049151123,False
6862,-0.061274588,-0.05220586,False
6863,0.0066486727,0.011340447,False
6864,-0.07369676,-0.08827534,False
6865,0.08970993,-0.008894041,False
6879,0.0,0.0,False
6878,-0.0048273588,-0.0048273588,False
6877,0.08631964,0.13036884,False
6876,-0.014464855,0.13136387,False
6875,0.039709136,-0.004862651,False
6874,-0.0120355785,0.033362776,False
6848,-0.0004705973,-0.022994956,False
6873,-0.09389603,-0.069738746,False
6871,-0.017329693,0.19729176,False
6870,-0.04992053,-0.04211415,False
6869,0.0,0.0,False
6868,0.03559853,-0.024451166,False
6867,0.013954997,0.034575768,False
6866,0.11742716,0.061201967,False
6872,-0.037198722,-0.12562379,False
6847,-0.016096776,-0.016096776,False
6846,0.08063641,-0.027650822,False
6845,0.17658368,0.174139,False
6826,-0.041511193,-0.03860924,False
6825,0.030025482,0.05437851,False
4556,-0.013902701,-0.013902701,False
6823,-0.11269486,-0.062452912,False
6822,0.00047779083,-0.04930806,False
6821,0.047599733,0.035677493,False
6827,0.05044376,0.05388336,False
6820,0.05496633,0.033085614,False
6818,0.14110139,-0.02449274,False
6817,-0.28676867,-0.1699732,False
6816,0.12887573,-0.063007,False
6815,0.11611271,-0.025755823,False
6814,-0.0035861433,-0.20893088,False
6813,-0.10945094,-0.2240336,False
6819,0.056345284,-0.05905497,False
6880,0.19469047,-0.12782133,False
6828,-0.023231037,0.008781694,False
6830,0.07658383,-0.041987285,False
6844,-0.009288564,-0.032169133,False
6843,-0.00928112,0.05482886,False
6842,0.034029104,-0.009538732,False
6841,0.04015333,0.00012056868,False
6840,0.010454867,0.08761123,False
6839,-0.01453123,-0.0016942685,False
6829,-0.010676481,-0.06809808,False
6838,-0.00484168,-0.00484168,False
6836,0.076477766,-0.253129,False
6835,-0.0050521716,0.06744731,False
6834,-0.00744915,0.13309467,False
6833,0.017535733,0.058699347,False
6832,-0.07319574,0.07481551,False
6831,0.0,3.6392362e-06,False
6837,-0.030937374,-0.11027465,False
6952,-0.25623715,-0.0044046044,False
6881,0.15011111,0.086259246,False
6883,-0.013044141,-0.02147156,False
6920,0.11948408,0.14247166,False
6921,-0.006588325,-0.007730171,False
6922,0.029477522,0.037450776,False
6923,-0.04851782,-0.028559603,False
6924,-0.5273185,-0.0717845,False
6925,-0.06353129,-0.06353129,False
6926,0.028677845,-0.01463229,False
6927,-0.15263745,0.0030668825,False
6928,0.014279783,0.082488835,False
6929,0.030364424,0.022414416,False
6930,0.0,0.0020289358,False
6931,0.020274669,-0.023362473,False
6932,0.0,0.0,False
6933,0.05180317,0.30993223,False
6934,0.0,0.0,False
6935,0.3908142,0.20337617,False
6936,0.13212362,0.096442826,False
6950,-0.009567494,-0.0013572313,False
6949,-0.027245786,0.068412736,False
6948,-0.054291725,0.044799775,False
6947,0.21234214,0.010551512,False
6946,0.025036678,0.025415242,False
6945,-0.020029046,-0.020029046,False
6919,0.06875646,-0.05368885,False
6944,0.05003788,-0.049255855,False
6942,0.0,1.1174769e-05,False
6941,0.0,0.0,False
6940,0.16827801,-0.09133145,False
6939,0.045024335,0.026670039,False
6938,-0.014328591,0.0084211705,False
6937,-0.01692523,-0.007730946,False
6943,-0.042043433,-0.008581221,False
6918,0.038707033,-0.0026715393,False
6917,-0.009234965,-0.009234965,False
6916,0.021549137,0.0,False
6897,-0.16788673,-0.14120036,False
6896,-0.004650339,-0.004650339,False
6895,-0.09241556,-0.012825161,False
6894,-0.104054704,0.014839798,False
6893,-0.0836592,0.16903698,False
6892,-0.014846802,-0.048557244,False
6898,0.022585988,-0.038289994,False
6891,-0.06449309,0.005903572,False
6889,-0.16086918,0.18627119,False
6888,-0.05535818,-0.11376318,False
6887,-0.14592026,0.035473824,False
6886,-0.07094741,-0.13182136,False
6885,-0.090230376,0.12915027,False
6884,0.07641634,0.0327529,False
6890,0.09652287,0.0010293722,False
6882,0.25643972,-0.106259674,False
6899,0.006238587,0.35183656,False
6901,0.0965302,-0.5143285,False
6915,-0.0053437157,-0.0053437157,False
6914,-0.013915394,-0.013910948,False
6913,-0.0042173397,-0.0030782796,False
6912,0.0,2.319083e-06,False
6911,-0.019932158,-0.05745139,False
6910,0.11169791,0.015939355,False
6900,0.0,0.0021075748,False
6909,0.042110242,0.07137592,False
6907,0.15267968,0.008324683,False
6906,-0.1906529,-0.043773457,False
6905,0.043601766,0.023305863,False
6904,0.042345762,-0.0029079914,False
6903,0.0,0.0,False
6902,-0.07344383,0.008494616,False
6908,-0.00839136,0.026816832,False
7949,0.09394109,0.026004791,False
7094,0.025662865,-0.040307734,False
7096,0.036648095,0.02932173,False
7275,-0.03507574,0.3057794,False
7276,0.02213481,0.0,False
7277,0.007448584,0.029965445,False
7278,-0.029637203,-0.13234591,False
7279,-0.00494222,0.026809338,False
7280,-0.0063215494,-0.08839302,False
7281,-0.0754382,0.077219665,False
7282,0.1105811,0.15082991,False
7283,0.02825085,-0.01616586,False
7284,-0.05692017,-0.056918263,False
7285,-0.017835138,-0.029190268,False
7286,-0.027872592,-0.009499818,False
7287,-0.062972516,-0.059794698,False
7288,-0.020368591,0.036512427,False
7289,-0.13864511,-0.093345106,False
7290,-0.009628316,-0.009628316,False
7291,-0.065179646,0.053696856,False
7305,-0.054861188,-0.0040500164,False
7304,-0.013034669,0.0013122493,False
7303,0.09700197,0.01807779,False
7302,-0.009343209,-0.009343209,False
7301,0.0028677024,0.002154354,False
7300,-0.10030267,0.08269292,False
7274,0.013497443,-0.008815837,False
7299,0.008533342,-0.013016224,False
7297,-0.08150116,-0.049827587,False
7296,0.040497728,-0.09695694,False
7295,0.18999839,-0.39063382,False
7294,0.0018361211,0.11449176,False
7293,-0.008376464,-0.008376464,False
7292,0.05365157,0.020993944,False
7298,-0.29392397,-0.18794322,False
7273,0.0568199,-0.096364304,False
7272,0.0,0.0,False
7271,0.21398896,0.3156712,False
7252,-0.008472025,-0.06994438,False
7251,-0.009765476,-0.034151748,False
7250,-0.085218936,-0.03418547,False
7249,0.05786316,-0.08825071,False
7248,0.00946521,-0.03816264,False
7247,-0.049359955,-0.02822034,False
7253,-0.1661287,0.13293761,False
7246,-0.018609341,-0.018548984,False
7244,-0.034177314,-0.031518243,False
7243,-0.14357302,-0.06639773,False
7242,-0.035464704,-0.038591504,False
7241,-0.20394826,-0.28410685,False
7240,-0.0953542,-0.44103062,False
7239,0.026585959,-0.041352518,False
7245,0.14438951,-0.009110808,False
7306,-0.062753335,-0.06059495,False
7254,-0.004804872,-0.004804872,False
7256,0.008341182,-0.032304205,False
7270,-0.2519641,-0.39562482,False
7269,-0.021806479,0.027887195,False
7268,-0.1431002,0.40198642,False
7267,0.019227069,-0.0039587812,False
7266,0.0098923175,-0.012465407,False
7265,0.0,0.0,False
7255,-0.016787589,-0.08097084,False
7264,0.035796054,-0.009558545,False
7262,-0.008750873,-0.008750873,False
7261,0.003569588,-0.019460758,False
7260,0.10552588,0.004781276,False
7259,0.034750607,-0.028673295,False
7258,0.038632054,0.0018334283,False
7257,0.0,0.0,False
7263,0.00807466,0.103116825,False
7238,0.022464037,-0.20842159,False
7307,0.017395347,0.012587965,False
7309,0.04648064,-0.019095486,False
7346,0.059502512,0.07063952,False
7347,0.008031912,-0.037223924,False
7348,-0.013419296,-0.013419296,False
7349,-0.007170612,-0.025955126,False
7350,-0.010090812,-0.009999967,False
7351,0.042288408,-0.0012787431,False
7352,0.008513033,0.049767315,False
7353,0.03298156,0.0056753457,False
7354,0.06972757,0.15963131,False
7355,0.0,0.0,False
7356,-0.18856394,0.2016846,False
7357,-0.004810754,-0.004810754,False
7358,0.013271093,0.09752512,False
7359,-0.029848576,0.07524833,False
7360,0.0064464062,0.022212429,False
7361,-0.01910919,-0.10605817,False
7362,0.0,0.0,False
7376,0.024231415,-0.044460326,False
7375,0.03692977,-0.027822943,False
7374,-0.09983277,-0.18286394,False
7373,-0.03457637,-0.034451306,False
7372,-0.005279843,-0.0052439226,False
7371,0.0,0.0,False
7345,0.015698403,0.047372498,False
7370,0.019151777,-0.00063726306,False
7368,0.0,0.0,False
7367,-0.003967165,0.109059945,False
7366,-0.03133146,-0.031077161,False
7365,-0.01904367,-0.10888074,False
7364,-0.022458702,-0.022458702,False
7363,0.075369716,0.2154479,False
7369,-0.004828064,-0.029310921,False
7344,-0.0064418335,-0.023516288,False
7343,-0.038367473,-0.052786693,False
7342,-0.005169541,-0.005169541,False
7323,-0.031067133,-0.024006486,False
7322,0.031233177,0.08114359,False
7321,0.0,0.0,False
7320,0.012759618,-0.009654596,False
7319,-0.00883026,-0.008666626,False
7318,-0.0032947345,-0.0032947345,False
7324,0.03808233,0.010676891,False
7317,0.009305691,0.0025411546,False
7315,-0.014155322,-0.005597016,False
7314,-0.060385227,-0.085497916,False
7313,-0.013171494,-0.040618777,False
7312,0.0,0.0,False
7311,-0.040087167,-0.045598917,False
7310,-0.008262098,-0.059135847,False
7316,0.0,0.00017699452,False
7308,0.002561776,-0.017351067,False
7325,0.019726664,-0.132394,False
7327,-0.18471402,0.012097776,False
7341,-0.019421687,-0.019421687,False
7340,-0.004682475,-0.004682475,False
7339,0.05308345,-0.0062488,False
7338,-0.022894353,-0.059572518,False
7337,-0.018272594,-0.11020614,False
7336,0.0,0.7912799,False
7326,0.018449053,-0.0042604404,False
7335,0.0039492697,-0.06776408,False
7333,0.021456167,-0.056147397,False
7332,-0.23887932,0.00948301,False
7331,-0.11240387,0.13349801,False
7330,0.014635561,-0.004896036,False
7329,-0.06535792,-0.04382159,False
7328,0.09019363,0.115283966,False
7334,0.17453241,-0.08821225,False
7095,0.009057919,-0.00633953,False
7237,-0.15791011,-0.13590613,False
7235,0.06807512,0.027225316,False
7133,-0.019208401,-0.024706349,False
7134,0.010093257,0.115863755,False
7135,0.04690197,0.0020464957,False
7136,-0.3077525,-0.7906721,False
7137,-0.15827394,-0.19316542,False
7138,-0.08326629,-0.07835695,False
7139,0.29155445,0.22459686,False
7140,0.03272593,0.0038862228,False
7141,-0.19108588,0.013700306,False
7142,-0.06654683,-0.037308037,False
7143,0.004575195,-0.018875508,False
7144,0.02002263,-0.07915354,False
7145,0.06581348,-0.041363955,False
7146,0.03927648,-0.099697396,False
7147,0.04874471,-0.04032456,False
7148,-0.0049898075,-0.00368551,False
7149,-0.004912303,-0.004912303,False
7163,0.107171305,-0.03957513,False
7162,0.10455218,0.02240473,False
7161,0.24444646,-0.0150850415,False
7160,-0.05263006,0.03996434,False
7159,-0.06487717,-0.10246322,False
7158,-0.13118875,-0.70254433,False
7132,0.08503562,0.07466191,False
7157,-0.03734079,-0.10229664,False
7155,-0.00877778,-0.00877778,False
7154,0.0049776267,-0.016498815,False
7153,0.04277032,0.0,False
7152,-0.064042985,0.03509313,False
7151,0.1532973,-0.4044301,False
7150,-0.010418594,-0.11487818,False
7156,0.0,0.0,False
7131,-0.07564092,-0.021449327,False
7130,0.11965218,-0.054367244,False
7129,0.07500005,-0.022498082,False
7110,0.008903354,-0.052186325,False
7109,-0.021306992,-0.031422142,False
7108,-0.013048321,-0.05376418,False
7107,0.12574297,-0.10455692,False
7106,0.05575815,-0.14369656,False
7105,0.037012815,0.11588502,False
7111,0.06946623,0.0674392,False
7104,0.03845193,-0.029656025,False
7102,-0.028666329,-0.028666329,False
7101,0.035866186,-0.01644347,False
7100,-0.022807365,-0.013328489,False
7099,-0.027510775,-0.044307,False
7098,-0.0793241,0.00775522,False
7097,0.012583487,-0.011856612,False
7103,-0.025106907,0.014937073,False
7164,0.07362911,-0.005793348,False
7112,-0.020016866,-0.020016866,False
7114,0.05028689,0.0007273555,False
7128,0.0056301914,-0.034574702,False
7127,0.032595247,-0.015815005,False
7126,0.086523935,0.08662857,False
7125,-0.018023426,-0.017876813,False
7124,-0.047043145,0.022791862,False
7123,-0.016131192,-0.082114086,False
7113,-0.1384705,-0.07118572,False
7122,0.009568147,0.081682645,False
7120,-0.06860662,-0.04721579,False
7119,0.26798913,0.07424623,False
7118,0.30047083,-0.1409786,False
7117,-0.009907678,-0.009907678,False
7116,-0.03725651,-0.09742461,False
7115,0.011767805,-0.22067869,False
7121,-0.046541203,-0.0051397905,False
7236,-0.053691678,-0.08819837,False
7165,-0.2667941,-0.53656673,False
7167,0.062182456,0.08299163,False
7204,0.0122388955,-0.029161582,False
7205,0.104363665,0.63562876,False
7206,0.07130429,-0.061390474,False
7207,-0.0090902215,0.016333096,False
7208,0.022307113,-0.048926204,False
7209,-0.11694229,0.2082367,False
7210,-0.010810809,-0.010208659,False
7211,-0.007938474,-0.072168946,False
7212,-0.22536257,-0.0667882,False
7213,-0.079595745,-0.0981797,False
7214,0.341757,-0.069984436,False
7215,-0.0051902775,-0.0049682218,False
7216,0.063551724,0.21243155,False
7217,-0.04056379,-0.06311944,False
7218,0.0,0.0,False
7219,-0.025179794,0.013837758,False
7220,0.016758874,0.017850451,False
7234,-0.009748749,-0.009748749,False
7233,-0.013585761,-0.012541637,False
7232,0.035809286,-0.023519294,False
7231,0.024594724,-0.014701092,False
7230,0.024534702,0.16281486,False
7229,0.0012332797,-0.03839484,False
7203,-0.033392787,0.02306436,False
7228,-0.12627983,-0.26062948,False
7226,0.05211217,-0.020921294,False
7225,-0.019705413,-0.041930318,False
7224,0.0153387785,0.04889223,False
7223,0.048044473,-0.103523135,False
7222,0.070718914,-0.08719216,False
7221,0.09640229,-0.04273224,False
7227,0.0,0.0,False
7202,0.016294496,0.0,False
7201,-0.00726413,-0.024338584,False
7200,0.0,0.007892154,False
7181,-0.009752177,-0.03183775,False
7180,-0.044343058,0.12641579,False
7179,-0.027821012,-0.012321137,False
7178,0.09562473,0.01363112,False
7177,0.14387274,-0.059144318,False
7176,-0.47900844,-0.26428628,False
7182,0.051439792,0.022424757,False
7175,-0.358719,-0.44044352,False
7173,-0.029292107,-0.698027,False
7172,-0.0035024756,0.12735036,False
7171,0.31542766,-0.17941701,False
7170,0.09199113,0.18739676,False
7169,-0.17936921,-0.37973565,False
7168,0.32738733,-0.44879735,False
7174,0.0412594,-0.03137346,False
7166,0.4152162,-0.16695333,False
7183,-0.09237021,0.056608796,False
7185,-0.017743528,-0.023260206,False
7199,-0.010129243,-0.010129243,False
7198,-0.049029063,-0.030072005,False
7197,-0.19347852,-0.113903224,False
7196,-0.018591657,-0.05613904,False
7195,-0.109027594,0.4674756,False
7194,0.042259216,-0.53006184,False
7184,-0.08484016,-0.07158366,False
7193,0.02298794,0.0,False
7191,0.09944701,-0.11290145,False
7190,0.0,0.0036781216,False
7189,0.040206224,-0.042360406,False
7188,-0.33410048,-0.07157576,False
7187,-0.0129974615,-0.0129974615,False
7186,-0.12033309,-0.07927884,False
7192,0.0,0.0,False
7950,-0.01477547,-0.052674413,False
7951,-0.03935969,-0.08073571,False
7952,0.0062387586,-0.06932247,False
8705,-0.065391034,-0.005777575,False
8706,-0.014791135,-0.014791135,False
8707,-0.18490523,0.14258337,False
8708,-0.026205838,-0.1433717,False
8709,-0.13409358,-0.15691781,False
8710,0.016174093,-0.04573244,False
8711,-0.050130427,-0.08335662,False
8712,0.14924496,-0.02193302,False
8713,-0.044906467,-0.02455905,False
8714,-0.49711716,-0.44698495,False
8715,0.019648112,0.20857203,False
8716,-0.019340076,0.07023669,False
8717,0.031839415,-0.052505694,False
8718,-0.106253296,-0.081799924,False
8719,0.0024371147,-0.0036529303,False
8720,0.08250289,0.029622614,False
8721,0.02999717,0.08480266,False
8735,-0.04001406,-0.08242448,False
8734,0.027359128,0.007785648,False
8733,-0.08276358,-0.014468819,False
8732,0.13381481,-0.1703071,False
8731,0.20378637,-0.16390496,False
8730,-0.20195228,0.017876267,False
8704,0.04935682,0.014678717,False
8729,-0.07020128,-0.008590609,False
8727,-0.089647286,-0.069836006,False
8726,-0.0031616837,-0.019685734,False
8725,-0.073369205,-0.16209108,False
8724,-0.170899,-0.1575759,False
8723,-0.07529196,0.009821475,False
8722,-0.0031737834,-0.12821463,False
8728,-0.039356295,-0.03747746,False
8703,0.3493557,-0.06746572,False
8702,-0.11997992,0.06378448,False
8701,-0.08283639,-0.068734765,False
8682,-0.08554828,0.055701077,False
8681,0.052586913,-0.05551493,False
8680,0.010534349,-0.009791478,False
8679,0.03331411,0.020784676,False
8678,-0.12294577,-0.070258155,False
8677,0.04155034,0.0063465238,False
8683,0.07571912,-0.018377542,False
8676,-0.16763973,-0.2696787,False
8674,-0.24771196,-0.02072239,False
8673,-0.2918545,-0.1010946,False
8672,0.008605311,-0.013673951,False
8671,0.04793477,-0.21155743,False
8670,0.18758425,-0.08714832,False
8669,-0.22111708,-0.01693818,False
8675,0.04256636,-0.09245753,False
8736,-0.05427745,-0.014846951,False
8684,-0.086758256,-0.27419287,False
8686,0.043948002,0.06801263,False
8700,0.2270031,-0.21140754,False
8699,0.01633066,-0.0043590814,False
8698,0.009043059,-0.013974966,False
8697,-0.06735137,-0.038265426,False
8696,0.019290086,-0.04082587,False
8695,0.024529597,0.0,False
8685,-0.11886227,-0.10970551,False
8694,-0.0048235413,-0.0042579826,False
8692,0.009255379,-0.090269655,False
8691,-0.009294542,-0.009294542,False
8690,0.11071479,-0.19512165,False
8689,0.062484458,0.06374462,False
8688,-0.011521935,-0.14211407,False
8687,0.013080299,-0.112376764,False
8693,0.0104683265,-0.020927493,False
8668,0.015493512,0.031023217,False
8737,-0.088568985,-0.1212419,False
8739,-0.076598525,0.018203437,False
8776,0.11923188,0.0018391609,False
8777,-0.004755611,-0.0039894357,False
8778,-0.16304499,-0.20459676,False
8779,-0.031308085,-0.043263912,False
8780,0.054415897,-0.08141505,False
8781,0.018197246,-0.06912725,False
8782,-0.07299936,-0.08927572,False
8783,-0.03659612,-0.13956845,False
8784,-0.8797431,-1.1455793,False
8785,-0.3972118,-0.41180134,False
8786,0.097331405,-0.043397516,False
8787,0.20845127,0.17118418,False
8788,-0.08855444,0.032895118,False
8789,0.003559351,0.14943314,False
8790,-0.15434083,-0.15382749,False
8791,0.028403535,-0.08840366,False
8792,-0.0050920295,-0.0050920295,False
8806,0.12540159,-0.06933889,False
8805,-0.82654524,-1.0771785,False
8804,-1.43875,-1.2203445,False
8803,0.3713696,-0.0676105,False
8802,0.08389604,0.12274289,False
8801,-0.18456435,0.12739521,False
8775,0.010203928,0.6901509,False
8800,0.040432714,0.01358844,False
8798,0.06472662,-0.02199006,False
8797,-0.009247258,-0.06077051,False
8796,-0.004941599,-0.004941599,False
8795,-0.24721324,-0.32933795,False
8794,-0.1370585,-0.81491065,False
8793,-0.89509535,-1.229153,False
8799,0.123121955,0.21465853,False
8774,-0.31280208,0.08544755,False
8773,-0.05520592,-0.05520592,False
8772,-0.01143096,-0.044902522,False
8753,-0.013821445,-0.052487127,False
8752,0.033899084,-0.04767463,False
8751,-0.13315979,-0.09581691,False
8750,0.031530328,0.26072198,False
8749,-0.060370564,0.09133941,False
8748,0.057507455,0.07619959,False
8754,-0.01984514,-0.06009497,False
8747,0.047100812,0.04749678,False
8745,-0.0052289614,-0.0052289614,False
8744,-0.047974996,0.0061157644,False
8743,0.2914627,-0.0719409,False
8742,0.01963234,0.10725719,False
8741,-0.05989133,-0.046206117,False
8740,0.00086441636,0.00052532554,False
8746,-0.015212905,-0.015212905,False
8738,0.0085799545,0.001333952,False
8755,-0.0054376423,0.14583367,False
8757,0.12393835,-0.18782437,False
8771,-0.0038662627,0.048880264,False
8770,-0.004885482,-0.004885482,False
8769,0.007341653,-0.029206201,False
8768,-0.007956866,-0.049045958,False
8767,-0.0052637435,-0.0052637435,False
8766,7.0780516e-06,-0.022377357,False
8756,-0.02772507,0.029620975,False
8765,-0.0767113,-0.47486436,False
8763,-0.048554443,-0.08948366,False
8762,0.102405995,0.15670231,False
8761,0.0076235104,-0.0138020925,False
8760,-0.050161034,-0.01528576,False
8759,-0.1118609,-0.044449925,False
8758,-0.15060866,-0.13694268,False
8764,0.051250093,-0.011818741,False
8807,0.0,0.0,False
8667,-0.00401669,0.05188725,False
8665,0.21922404,-0.1839698,False
8563,-0.0472337,-0.18002382,False
8564,0.007940769,-1.3973734,False
8565,0.014397256,-0.04896671,False
8566,-0.003135169,-0.024303121,False
8567,0.27963698,-0.034996927,False
8568,-0.061074346,-0.18663406,False
8569,0.17551541,-0.21650755,False
8570,0.15067379,0.00913693,False
8571,0.016522272,-0.0037316314,False
8572,0.0147743225,-2.092216,False
8573,-0.04416748,-0.03142435,False
8574,-0.06489294,-0.11689241,False
8575,0.059210014,-0.013772581,False
8576,0.012758745,-0.030620487,False
8577,-0.05022803,-0.067470916,False
8578,-0.039821424,-0.0845139,False
8579,0.039875515,-0.106360056,False
8593,0.03827952,-0.062897146,False
8592,-0.0139411315,-0.113914594,False
8591,0.33303213,-2.0859141,False
8590,-0.08533647,0.010759927,False
8589,0.024843007,-0.060171448,False
8588,-0.013879932,-0.08759499,False
8562,0.032238007,-0.2635131,False
8587,-0.046813942,-0.033865154,False
8585,0.009138161,-0.016605904,False
8584,-0.043588996,-0.066518515,False
8583,0.053271253,-0.050372664,False
8582,-0.1399749,-0.120030165,False
8581,-0.10584432,-0.13992657,False
8580,-0.0026489198,-0.07043344,False
8586,-0.008438736,-0.07116395,False
8561,0.0038824081,-0.07376096,False
8560,0.011204695,0.009309443,False
8559,-0.0036866323,-0.003520353,False
8540,-0.005327761,-0.038221553,False
8539,0.020358682,0.041299522,False
8538,0.00062322617,-0.0544037,False
8537,-0.034072734,-0.034072734,False
8536,0.05970063,0.046553925,False
8535,0.041686893,-0.13482997,False
8541,0.05163607,0.16681191,False
8534,-0.002434522,-0.031953067,False
8532,0.017193504,0.0,False
8531,0.052328587,-0.19267714,False
8530,0.2451998,-0.596539,False
8529,0.15977807,-0.17319675,False
8528,-0.010390179,-0.03295965,False
8527,-0.1655418,0.37414736,False
8533,-0.031185508,-0.10091036,False
8594,0.01117526,-0.085138276,False
8542,0.3576295,-0.039390385,False
8544,-0.027490363,0.0027985573,False
8558,-0.013333708,-0.2511636,False
8557,-0.007105382,-0.006940659,False
8556,0.0,0.0,False
8555,-0.12946734,0.032938033,False
8554,0.047209475,-0.03850126,False
8553,0.013383837,-0.0073807947,False
8543,-0.03265991,0.035023637,False
8552,-0.042507023,0.07431923,False
8550,0.44497538,-0.057373047,False
8549,0.10289124,0.10291982,False
8548,0.049703494,-0.06757171,False
8547,0.10008305,-0.004061699,False
8546,0.04300192,-0.016554564,False
8545,0.20378351,-0.33368337,False
8551,0.0017527808,-0.013093112,False
8666,-0.0383393,-0.07559839,False
8595,0.09375285,-0.08136781,False
8597,-0.0015087128,-0.9542897,False
8634,-0.06204319,0.34483266,False
8635,-0.013932366,-0.013932366,False
8636,-0.079057544,-0.010856569,False
8637,-0.01782411,-0.01782053,False
8638,0.0,8.258894e-05,False
8639,0.08042054,-0.022944298,False
8640,-0.051232487,-0.06443623,False
8641,-0.08469316,0.022890657,False
8642,0.017511057,-0.0027028765,False
8643,0.019531596,0.0,False
8644,-0.028026287,-0.046363007,False
8645,0.0,0.04670999,False
8646,-0.004876203,-0.003701101,False
8647,0.011762515,-0.074522525,False
8648,-0.027450219,-0.027450219,False
8649,0.018026916,-0.005081584,False
8650,0.012489125,-0.004753763,False
8664,0.11278975,-0.12354149,False
8663,-0.0876596,-0.23278908,False
8662,-0.045200646,3.1662977,False
8661,-0.0051891888,-0.005188526,False
8660,-0.3269081,0.2019918,False
8659,0.03968452,0.57205534,False
8633,-0.053082198,-0.14618817,False
8658,0.018420786,0.91819084,False
8656,-0.009731924,-0.009731924,False
8655,0.019102767,0.0015402585,False
8654,0.0,0.0,False
8653,0.07848878,-0.11414392,False
8652,0.026757747,-0.018783942,False
8651,-0.2144643,-0.08010745,False
8657,0.07338077,0.03843403,False
8632,-0.1705955,-0.24621123,False
8631,-0.08607344,-0.07926932,False
8630,0.013423158,0.0041717645,False
8611,0.028621584,0.09565914,False
8610,-0.059498563,-0.079930894,False
8609,0.029870301,-0.035794344,False
8608,-0.0048779356,-0.0048779356,False
8607,-0.0034862934,-0.0034862934,False
8606,-0.029096808,-0.05196674,False
8612,0.0,0.0,False
8605,-0.011424698,0.06155716,False
8603,-0.050391983,0.10445656,False
8602,-0.037867755,-0.07454319,False
8601,0.026089892,-0.047648728,False
8600,0.005666375,-0.101768054,False
8599,0.000401441,-0.022792578,False
8598,-0.03629327,-0.61023057,False
8604,0.02224176,-0.040596675,False
8596,-0.04931026,-0.16063258,False
8613,-0.2536857,0.3281045,False
8615,0.034497797,0.02774167,False
8629,-0.14804962,-0.16570893,False
8628,-0.012167007,-0.081041515,False
8627,0.034251187,-0.0055183396,False
8626,0.045212388,0.05159439,False
8625,-0.023560055,-0.04966799,False
8624,-0.008512497,0.7276883,False
8614,0.027514696,-0.003222704,False
8623,0.0,0.0,False
8621,-0.031606432,0.10616921,False
8620,-0.35190964,-0.011489391,False
8619,-0.08363199,0.63221854,False
8618,0.048020124,0.20275474,False
8617,0.08161464,0.024798483,False
8616,0.013540551,0.12644492,False
8622,-0.09251355,0.10803527,False
8526,-0.11016154,-0.19762051,False
8808,0.0,0.0,False
8810,-0.0068747103,-0.0044628084,False
8989,0.014118953,-0.02910184,False
8990,0.0013073962,-0.013205061,False
8991,-0.0046622367,-0.0046622367,False
8992,-0.03998491,-0.011777848,False
8993,0.11010385,0.019186407,False
8994,0.056154653,0.005931951,False
8995,-0.044634044,-0.078498185,False
8996,0.0,0.0,False
8997,0.009130135,-0.10381998,False
8998,-0.069182694,-0.18497847,False
8999,-0.08085563,0.0689981,False
9000,0.04269284,0.100525916,False
9001,0.048525967,-0.031854875,False
9002,-0.035084903,0.0031764768,False
9003,0.018748485,-0.024060257,False
9004,-0.052883327,-0.06510413,False
9005,-0.014991298,-0.09093222,False
9019,-0.31849337,-0.12319934,False
9018,-0.07122216,0.1042805,False
9017,-0.10764587,-0.11807418,False
9016,0.07756679,-0.040415272,False
9015,0.17855245,0.12879986,False
9014,0.034570046,-0.009658858,False
8988,0.045181535,0.0025970596,False
9013,0.014153798,-0.008696369,False
9011,-0.12893641,-0.1288786,False
9010,-0.06777121,-0.06866439,False
9009,0.0,0.0,False
9008,0.0,0.0,False
9007,-0.038139522,0.061549455,False
9006,0.04432124,0.122095704,False
9012,-0.09054977,0.055932164,False
8987,-0.021904603,-0.05531361,False
8986,0.0,0.0,False
8985,0.18213326,-0.06560445,False
8966,-0.019212846,-0.019164989,False
8965,-0.01752149,-0.01752149,False
8964,0.031459756,-0.030094527,False
8963,0.0,0.0,False
8962,0.0,0.0,False
8961,0.0038980246,-0.06377494,False
8967,-0.0037567792,-0.0037567792,False
8960,0.022287033,0.015727216,False
8958,-0.020395607,-0.020395607,False
8957,-0.0048277224,-0.0048277224,False
8956,-0.047252655,-0.011322979,False
8955,0.004360035,-0.024175674,False
8954,-0.06088984,0.03523481,False
8953,-0.008461173,-0.008461173,False
8959,0.020868007,1.0682346e-06,False
9020,-0.03755501,0.054311186,False
8968,0.0028074998,0.0052062273,False
8970,0.0,5.225407e-05,False
8984,0.058166847,0.11657466,False
8983,-0.049903333,-0.009527683,False
8982,-0.030929271,-0.030929271,False
8981,-0.02405421,-0.02405421,False
8980,0.06927577,-0.012490038,False
8979,-0.04865922,-0.04865922,False
8969,0.0,0.0,False
8978,0.0008502491,-0.03283023,False
8976,-0.0077646375,0.056609273,False
8975,0.0,0.0,False
8974,-0.013608284,-0.032157283,False
8973,0.0024753604,-0.010072873,False
8972,-0.004841125,-0.004841125,False
8971,0.0,0.0,False
8977,-0.030943679,-0.025258746,False
8952,-0.014611995,-0.033259332,False
9021,0.0025977045,-0.011039838,False
9023,-0.30375266,-0.38590944,False
9060,-0.13736701,0.026810437,False
9061,-0.10528314,0.052937806,False
9062,-0.14729506,0.25252432,False
9063,-0.15423429,0.012038469,False
9064,-0.101996005,-0.14142147,False
9065,-0.00914301,-0.00914301,False
9066,-0.004723234,0.045949727,False
9067,0.076859,-0.03338357,False
9068,-0.0151052475,-0.008588493,False
9069,0.015846685,0.0,False
9070,-0.121794224,0.4035623,False
9071,0.18309054,0.022962958,False
9072,-0.004047248,-0.004047248,False
9073,-0.003730193,-0.003730193,False
9074,0.012875119,-0.0028029482,False
9075,-0.014423137,-0.013082344,False
9076,-0.019533083,-0.03664391,False
9090,0.041799843,-0.073651195,False
9089,0.0061686635,-0.029727198,False
9088,-0.0039994186,0.0029514022,False
9087,-0.06468264,-0.024481364,False
9086,0.10368846,0.0487874,False
9085,0.018333292,-0.0036516713,False
9059,0.045725394,-0.0027928688,False
9084,-0.0047686566,-0.0047618942,False
9082,-0.011734121,-0.07297539,False
9081,0.022826826,-0.016586851,False
9080,-0.18997175,0.0019177198,False
9079,-0.0058730245,0.01621747,False
9078,-0.14757556,-0.118177295,False
9077,-0.004796208,-0.004796208,False
9083,-0.07145803,-0.086182475,False
9058,0.0,0.0,False
9057,-0.023982948,-0.014859725,False
9056,-0.10319083,0.017074153,False
9037,0.036289677,-0.0369799,False
9036,0.15307653,-0.060550094,False
9035,0.017115396,-0.020885814,False
9034,-0.038047194,-0.0986247,False
9033,-0.113497615,0.027000308,False
9032,-0.19678518,0.008374214,False
9038,0.0,0.0,False
9031,-0.12487045,-0.06295285,False
9029,0.018502131,-0.00470827,False
9028,-0.04121849,-0.06423491,False
9027,-0.24600184,-0.08227205,False
9026,-0.15798473,0.029827476,False
9025,0.025171822,-0.018746762,False
9024,-0.016005576,-0.062202036,False
9030,0.0060795844,-0.0039544255,False
9022,-0.042997118,-0.014527755,False
9039,-0.03298517,-0.048831854,False
9041,0.21269226,-0.17311764,False
9055,0.0076728463,0.027255416,False
9054,-0.04747841,-0.0016724914,False
9053,-0.020340081,-0.009085902,False
9052,0.01572584,0.087718375,False
9051,-0.39007694,-0.02337563,False
9050,0.14480214,0.070362106,False
9040,-0.19824797,-0.100908875,False
9049,-0.159089,0.06760037,False
9047,-0.2484498,-0.2708714,False
9046,-0.20543662,0.013484716,False
9045,0.029921323,-0.090268165,False
9044,-0.047025435,-0.064647235,False
9043,-0.014337424,-0.014337424,False
9042,0.016725421,-0.14910927,False
9048,0.11254716,0.06174311,False
8809,0.033660084,-0.07398164,False
8951,-0.07574302,0.24393404,False
8949,0.0,0.0,False
8847,0.051500738,0.4575225,False
8848,0.0,0.0,False
8849,-0.08333698,0.550055,False
8850,0.10385847,0.14151049,False
8851,-0.10948217,-0.1246503,False
8852,0.008212268,-0.15902907,False
8853,0.02342458,-0.097423464,False
8854,0.017958373,-0.0044216993,False
8855,0.0,0.0,False
8856,0.09537515,0.2393341,False
8857,-0.051537335,-0.060736433,False
8858,0.087789446,-0.07168188,False
8859,0.048998836,-0.062367987,False
8860,0.09592068,-0.5307344,False
8861,-0.009870684,-0.009870684,False
8862,-0.15764475,0.006342709,False
8863,-0.038918436,-0.058631368,False
8877,0.020046223,-0.05236227,False
8876,-0.14923704,0.034115672,False
8875,0.008322358,0.14407867,False
8874,-0.06709504,-0.15121596,False
8873,0.0,0.0,False
8872,0.00039422512,-0.122621536,False
8846,0.016823648,0.0,False
8871,0.023367345,0.25638533,False
8869,-0.23202133,0.12750876,False
8868,-0.015221564,-0.011670827,False
8867,0.016956948,0.0015158579,False
8866,-0.030207358,-0.029272115,False
8865,-0.08020477,-0.050541706,False
8864,0.10931595,-0.08825172,False
8870,0.19734553,-0.06289545,False
8845,-0.0047713914,-0.0047713914,False
8844,0.0,0.0,False
8843,-0.006125331,0.333435,False
8824,0.0007345155,-0.032999665,False
8823,-0.019632524,-0.019632524,False
8822,-0.0014095511,-0.022361115,False
8821,0.015623238,-0.02807666,False
8820,0.0082099065,-0.01631969,False
8819,0.007255763,0.033769295,False
8825,-0.14580703,-0.26686192,False
8818,0.06575519,-0.12659723,False
8816,-0.018820615,-0.018820615,False
8815,-0.0066432953,-0.042283833,False
8814,-0.016947806,0.09636375,False
8813,-0.019465327,0.017886281,False
8812,-0.20863867,0.11300552,False
8811,0.031108372,0.0,False
8817,0.30990577,0.060706496,False
8878,-0.009572964,-0.009309523,False
8826,-0.0027945824,-0.01722002,False
8828,-0.25535798,-0.15302831,False
8842,0.0,0.003765485,False
8841,-0.07251328,-0.09957492,False
8840,-0.07904542,-0.0015907586,False
8839,0.16857088,0.4021337,False
8838,-0.005001223,-0.005001223,False
8837,0.017668724,0.15542495,False
8827,-0.009656742,-0.009202022,False
8836,-0.118851244,0.8796432,False
8834,0.008723836,0.0030900612,False
8833,0.08314128,-0.010144703,False
8832,-0.0035577118,0.6232653,False
8831,0.07137489,-0.18407363,False
8830,-0.0054759304,-0.0054759304,False
8829,0.0,0.0,False
8835,-0.00095288455,-0.11118301,False
8950,-0.00050887465,-0.02207575,False
8879,-0.13037288,-0.2049712,False
8881,-0.25090212,-0.5909299,False
8918,-0.009219203,-0.009219203,False
8919,-0.10418117,0.014651179,False
8920,0.21654993,-0.007197559,False
8921,0.050741658,-0.10160436,False
8922,0.0046908855,-0.059393257,False
8923,0.036793396,-0.10064287,False
8924,-0.11387327,0.011798874,False
8925,-0.20381993,0.110602975,False
8926,-0.048023693,0.06631922,False
8927,0.08752121,-0.05558519,False
8928,-0.07401815,0.24628189,False
8929,0.04858172,-0.064035654,False
8930,0.5171988,0.2253282,False
8931,-0.20429617,0.0137428045,False
8932,-0.017225325,0.1680103,False
8933,0.20029235,0.14557987,False
8934,0.008337617,-0.09256449,False
8948,-0.010348976,-0.077679455,False
8947,0.010254741,0.018852353,False
8946,-0.13889858,-0.08928725,False
8945,-0.026973799,-0.0058803856,False
8944,-0.044557482,-0.041946247,False
8943,0.18500705,-0.035358056,False
8917,0.0,0.0,False
8942,0.27053764,-0.036670357,False
8940,-0.0011429023,-0.021668108,False
8939,0.0,0.0,False
8938,-0.13801837,0.14300728,False
8937,-0.0025899298,0.036336724,False
8936,-0.00621891,-0.027869817,False
8935,-0.0027834252,0.03947244,False
8941,-0.015177131,-0.06658968,False
8916,0.013178829,0.02154352,False
8915,-0.0052479254,0.006955676,False
8914,-0.08794148,-0.07325953,False
8895,-0.20046997,-0.39540088,False
8894,-0.022719145,-0.02623856,False
8893,0.045380455,-0.03695047,False
8892,-0.014856786,-0.19561055,False
8891,0.37033606,-0.44581866,False
8890,-0.08805251,-0.10519779,False
8896,-0.016447399,-0.03554403,False
8889,0.0,0.0,False
8887,0.0044913813,0.32810205,False
8886,-0.028774306,-0.009661615,False
8885,-0.011892054,-0.03424978,False
8884,0.015892942,-0.020023014,False
8883,0.01745661,0.024158403,False
8882,-0.23932159,-0.3904517,False
8888,0.3119254,-0.027918518,False
8880,-0.18124819,0.392004,False
8897,0.071992934,-0.0021089613,False
8899,0.03416568,0.0026054978,False
8913,-0.29619026,-0.7919893,False
8912,-0.11950302,-0.14208865,False
8911,0.22309947,-0.6725575,False
8910,-0.22501898,-0.21613216,False
8909,-0.04113196,0.00023512542,False
8908,-0.038940012,0.060329407,False
8898,-0.10350531,-0.10487351,False
8907,-0.015740544,0.008812457,False
8905,-0.02696225,-0.04668714,False
8904,0.14651465,0.17930019,False
8903,0.0,0.0,False
8902,-0.09862161,-0.05569637,False
8901,-0.03880769,0.3331217,False
8900,0.011343323,0.15893829,False
8906,0.32016826,0.28970492,False
6811,-0.14902431,-0.28686142,False
8525,-0.009193854,-0.009193854,False
8523,-0.83615303,-1.4389405,False
8132,0.01397188,-0.0924748,False
8133,0.0,0.0,False
8134,-0.018947905,-0.030865196,False
8135,-0.008968467,0.002828814,False
8136,-0.025706492,0.026479557,False
8137,0.0390594,0.035804868,False
8138,0.07973194,0.09734008,False
8139,0.00033831596,-0.07320724,False
8140,0.21690202,-0.9234443,False
8141,0.041823417,-0.022412315,False
8142,0.05841309,-0.083747506,False
8143,0.25118452,-0.11205804,False
8144,0.04400425,0.0233402,False
8145,-0.0004530251,-0.0072241053,False
8146,-0.004918933,-0.004918933,False
8147,-0.24718297,-0.7328644,False
8148,-0.06858609,-0.13480875,False
8162,-0.2202932,-0.04556024,False
8161,0.071413785,-0.09428409,False
8160,0.04096833,-0.054765597,False
8159,-0.14156507,-0.0053275228,False
8158,0.10278092,0.105536,False
8157,0.02327013,-0.36694622,False
8131,-0.09562063,0.08733615,False
8156,0.04284811,-0.05563405,False
8154,0.08347452,-0.044472218,False
8153,0.27853346,-0.061659575,False
8152,-0.01560026,-0.01560026,False
8151,0.0,0.0,False
8150,-0.047334313,-0.09682119,False
8149,-0.06663939,-0.031146973,False
8155,-0.18208775,-0.16618633,False
8129,-0.25485498,-0.3203557,False
8128,-0.021093577,0.008443892,False
8127,-0.014221831,-0.014221051,False
8108,-0.0053904057,0.19583696,False
8107,0.00011290237,-0.017391432,False
8106,-0.032890588,-0.00041499734,False
8105,0.0,8.2066326e-05,False
8104,-0.39786685,-0.559636,False
8103,-0.2184586,0.09726542,False
8109,0.0087839365,0.17128345,False
8102,-0.12269017,-0.019507527,False
8100,0.030816786,-0.0074649975,False
8099,-0.3344265,0.12789142,False
8098,-0.010762453,0.031188011,False
8097,-0.029903926,-0.02544466,False
8096,-0.033249773,-0.033249773,False
8095,0.11468881,-0.11044896,False
8101,-0.023219988,0.0017980635,False
8163,-0.014526196,-0.031511843,False
8110,-0.0031036213,-0.019398117,False
8112,-0.02312294,-0.02312294,False
8126,0.27090073,-0.093693554,False
8125,-0.0012473166,-0.023380328,False
8124,0.0,0.0,False
8123,0.009041116,-0.04084233,False
8122,0.013500774,-0.008942466,False
8121,0.0072159246,-0.01462972,False
8111,0.053765133,0.16189559,False
8120,-0.031005664,-0.05136387,False
8118,0.14592004,-0.71286035,False
8117,-0.1993658,-0.266556,False
8116,-0.8037768,-1.2622778,False
8115,-0.26971805,-0.10036218,False
8114,-0.07738903,0.064302266,False
8113,0.1429357,0.07811139,False
8119,-0.09764907,0.1294074,False
8094,-0.05477929,-0.018480808,False
8164,-0.055756807,-0.07254675,False
8166,-0.068190366,-0.05011782,False
8203,0.06616856,-0.01344483,False
8204,-0.19601345,0.6168318,False
8205,-0.0034565516,-0.0014282204,False
8206,-0.029151872,-0.031188667,False
8207,-0.009671489,-0.009671489,False
8208,-0.028330266,-0.016515806,False
8209,-0.0068474486,-0.027685277,False
8210,0.009838544,-0.066390656,False
8211,0.012619883,-0.06433438,False
8212,0.023532856,-0.0041855834,False
8213,-0.32158262,0.05170095,False
8214,-0.032594636,-0.02284281,False
8215,0.0660041,-0.00031396747,False
8216,0.018853374,-0.04686837,False
8217,-0.06070803,-0.051311918,False
8218,-0.029720882,-0.029720882,False
8219,-0.014777815,-0.014777815,False
8233,-0.20288229,-0.123865604,False
8232,-0.28895807,-0.044197083,False
8231,-0.13182488,-0.04119669,False
8230,-0.004948866,-0.003081272,False
8229,0.008221809,-0.013862801,False
8228,-0.1731596,-0.16447358,False
8202,0.004950665,-0.018684518,False
8227,-0.10727885,0.019595146,False
8225,0.046388865,-0.103572264,False
8224,-0.028554201,-0.03256908,False
8223,-0.07766807,-0.15069333,False
8222,-0.0036115283,-0.0036115283,False
8221,0.07992624,-0.04191591,False
8220,0.0,0.0,False
8226,-0.06360044,-0.04555533,False
8201,0.0,0.0,False
8200,0.040081754,-0.01847329,False
8199,-0.0030606017,-0.049557485,False
8180,0.015948117,0.059566453,False
8179,0.023629867,-0.018538157,False
8178,-0.023211226,-0.02119756,False
8177,-0.077641204,-0.11134286,False
8176,-0.023005784,-0.059873447,False
8175,0.06340381,0.05160609,False
8181,0.041474953,-0.06297901,False
8174,0.24874246,-0.33645034,False
8172,-0.11520302,-0.42298543,False
8171,-0.23130226,0.1413784,False
8170,0.29944253,0.044207096,False
8169,-0.020645678,-0.081999615,False
8168,-0.005111791,-0.005111791,False
8167,-0.09352492,0.11249557,False
8173,0.027663793,-0.014176685,False
8165,0.0066586137,0.011469483,False
8182,0.04656373,-0.01410038,False
8184,0.002653272,-0.0126084145,False
8198,0.0283478,-0.0080143,False
8197,0.00883545,-0.03391553,False
8196,-0.01148914,-0.032874186,False
8195,-0.015235335,0.0045882463,False
8194,-0.008956298,-0.008956298,False
8193,0.06839052,-0.016738538,False
8183,0.048007596,-0.009442244,False
8192,0.028495863,-0.027793745,False
8190,0.0016755015,-0.053426534,False
8189,0.025431097,-0.04469177,False
8188,0.03810668,0.029624403,False
8187,0.01755254,0.08827464,False
8186,0.024163932,-0.013754994,False
8185,-0.059125647,-0.02951768,False
8191,-0.0007539857,-0.02419475,False
8234,-0.30880642,-0.40660524,False
8093,-0.021165986,-0.050096855,False
8091,-0.2361832,0.23799863,False
7989,0.1701994,0.11745858,False
7990,0.0,2.164156e-05,False
7991,-0.2748809,-0.05301237,False
7992,0.012682423,-0.01025952,False
7993,0.049046516,0.024800777,False
7994,-0.0478602,-0.0478602,False
7995,0.07651642,-0.098603085,False
7996,-0.090268135,-0.19559765,False
7997,0.006308133,-0.014559874,False
7998,0.052521825,0.029531881,False
7999,0.09550698,-0.008433952,False
8000,0.014990136,0.0139660835,False
8001,-0.004025647,0.050460353,False
8002,-0.029661924,-0.0060497522,False
8003,0.1759342,0.12981182,False
8004,-0.024066836,0.09882262,False
8005,-0.0468315,0.02409973,False
8019,0.09220195,-0.16390395,False
8018,-0.011095263,-0.07433259,False
8017,-0.009772157,-0.009772157,False
8016,0.07893618,-0.02277115,False
8015,-0.2960363,-0.13600463,False
8014,-0.0048224535,0.009437618,False
7988,-0.0339278,-0.11990282,False
8013,0.019592257,-0.025302948,False
8011,0.09119138,0.16750845,False
8010,0.022006035,0.18253207,False
8009,0.011495113,-0.04146087,False
8008,-0.2799307,-0.14156747,False
8007,0.08409971,-0.006980628,False
8006,0.18376511,-0.09488025,False
8012,-0.014532268,-0.014532268,False
7987,0.17932391,0.21634412,False
7986,0.1279043,0.05236149,False
7985,-0.024659693,-0.024529373,False
7966,-0.046185553,0.020774886,False
7965,0.091588825,0.24304166,False
7964,-0.2688067,-0.008140326,False
7963,-0.0033361018,-0.048121378,False
7962,0.027224861,-0.031362474,False
7961,-0.014298749,-0.013731219,False
7967,-0.0622193,0.02152145,False
7960,-0.0076895095,-0.054132126,False
7958,0.018819943,0.01575157,False
7957,-0.0051122904,-0.0051122904,False
7956,-0.0051789074,-0.0051789074,False
7955,0.0,0.0018236355,False
7954,-0.01837784,-0.20109683,False
7953,-0.17583627,-0.19288737,False
7959,0.3143716,-0.13018888,False
8020,-0.11816731,-0.0397065,False
7968,-0.04591605,-0.009670615,False
7970,-0.10454619,0.1330688,False
7984,0.2954377,0.09316242,False
7983,0.016736124,-0.0033016591,False
7982,0.079474844,0.063993566,False
7981,-0.022113472,-0.061994657,False
7980,-0.032119796,0.39358646,False
7979,0.038873546,0.35051182,False
7969,-0.00723942,-0.020856371,False
7978,0.033918284,0.08973292,False
7976,0.055776298,-0.03510177,False
7975,-0.03779481,-0.03779481,False
7974,0.22205138,-0.14348292,False
7973,-0.029316068,-0.207197,False
7972,-0.18110923,-0.18696743,False
7971,-0.02520489,0.029536463,False
7977,-0.0012312606,0.004116833,False
8092,-0.20186979,-0.22978485,False
8021,-0.014727449,-0.014727449,False
8023,-0.06381917,-0.040027976,False
8060,6.683171e-05,-0.10525947,False
8061,-0.016615048,-0.031868085,False
8062,0.36354214,0.13363838,False
8063,0.008251158,-0.007289124,False
8064,-0.011957943,-0.21793455,False
8065,-0.035811536,-0.013286531,False
8066,0.058400303,-0.06099546,False
8067,-0.13073677,-0.040618896,False
8068,-0.15332755,-0.06062296,False
8069,-0.0011900365,0.060014427,False
8070,0.054343462,-0.31715828,False
8071,0.047862172,-0.22581923,False
8072,-0.0994876,0.12366003,False
8073,0.004424453,-0.05574435,False
8074,0.09632188,0.07983118,False
8075,-0.01302517,-0.03401536,False
8076,0.0437153,-0.08003864,False
8090,0.0692184,0.19961989,False
8089,-0.06617659,-0.105915785,False
8088,0.0,0.0,False
8087,-0.065017134,-0.07584348,False
8086,-0.15202212,-0.031877697,False
8085,-0.047338195,0.017785884,False
8059,0.016026855,0.16409731,False
8084,-0.014686381,-0.014686381,False
8082,-0.31315935,-0.16386124,False
8081,0.041116804,-0.11420505,False
8080,-0.06680328,-0.08465564,False
8079,-0.01492474,-0.01492474,False
8078,-0.0594455,-0.20200309,False
8077,-0.09314963,-0.072976604,False
8083,-0.077464,0.023090042,False
8058,0.045656085,1.3015256,False
8057,-0.018749699,-0.018749699,False
8056,-0.17025733,-0.035824418,False
8037,0.1843704,0.010023236,False
8036,-0.01502057,-0.012358636,False
8035,0.0,0.0,False
8034,-0.0050837602,-0.0050837602,False
8033,-0.1945324,-0.060930133,False
8032,0.023239926,-0.024880402,False
8038,0.14238179,-0.09476733,False
8031,0.016088806,0.0,False
8029,0.02406536,-0.09782459,False
8028,-0.063476294,-0.059001148,False
8027,-0.01009196,0.071543,False
8026,0.090775356,-0.08173485,False
8025,0.1013276,0.18979809,False
8024,0.08669618,0.0108579695,False
8030,-0.061815232,-0.09743646,False
8022,0.053848445,0.14429027,False
8039,-0.005136603,-0.005136603,False
8041,0.07149029,-0.03002584,False
8055,-0.029012619,-0.029012619,False
8054,-0.015219552,-0.015219552,False
8053,-0.29776597,-0.10471487,False
8052,-0.10839391,-0.2300654,False
8051,-0.017357249,-0.017357249,False
8050,0.0061000064,-0.077789485,False
8040,-0.0046837158,-0.0045852307,False
8049,0.07932446,-0.024198122,False
8047,-0.0046375394,0.16824639,False
8046,-0.043695033,-0.0020716488,False
8045,0.10742745,0.09703688,False
8044,-0.16917267,-0.15451214,False
8043,0.0,0.0,False
8042,-0.025677353,0.12510654,False
8048,-0.076487735,-0.06565139,False
8524,-0.86263335,-1.3400613,False
8235,0.120704174,-1.2130198,False
8237,0.014170051,-0.28878206,False
8416,-0.032899424,-0.032899424,False
8417,0.102209836,0.15860157,False
8418,0.062708914,-0.13468999,False
8419,-0.01824116,-0.046679594,False
8420,0.102027476,-0.22987697,False
8421,-0.052262932,0.16888061,False
8422,-0.07806853,-0.107941076,False
8423,0.008591976,-0.01709738,False
8424,0.033949386,-0.009997718,False
8425,-0.14073181,-0.40546846,False
8426,-0.015045521,0.008994988,False
8427,-0.21609116,-0.276348,False
8428,0.022246614,-0.03836406,False
8429,-0.0044077365,-0.0044077365,False
8430,-0.21385765,0.07670784,False
8431,-0.20936084,-0.03340745,False
8432,0.023554802,0.1878736,False
8446,0.00805961,-0.059916403,False
8445,0.0,0.0,False
8444,-0.004471599,-0.004471599,False
8443,-0.28474337,0.013317525,False
8442,-0.1462779,0.06415343,False
8441,-0.13550484,-0.23224372,False
8415,-0.14691019,-0.21536398,False
8440,-0.004595356,-0.004595356,False
8438,0.0,0.0,False
8437,-0.36399794,-0.48278332,False
8436,-0.12968826,-0.3317492,False
8435,-0.014735907,-0.049571738,False
8434,0.073269054,0.04828866,False
8433,0.011410356,-0.17478776,False
8439,0.0,0.0,False
8414,-0.012064949,-0.033400863,False
8413,-0.004025647,-0.0038647614,False
8412,-0.06595039,-0.62612486,False
8393,0.0,0.0,False
8392,-0.006788492,-0.18980673,False
8391,-0.07551503,-0.055037856,False
8390,0.12508059,-0.1939137,False
8389,0.061371014,0.049504124,False
8388,0.000642173,-0.05908608,False
8394,-0.045774616,-0.043039456,False
8387,-0.014015254,-0.02893026,False
8385,0.14559416,0.003071189,False
8384,-0.02255869,-0.15630305,False
8383,0.10106211,0.059689924,False
8382,-0.022050995,0.08557841,False
8381,0.0,0.0,False
8380,-0.1164777,-0.25509927,False
8386,-0.11768454,-0.20838857,False
8447,0.0,0.0,False
8395,0.0,0.0,False
8397,-0.02328417,-0.02328417,False
8411,-0.004910103,-0.004910103,False
8410,-0.13323784,-0.046714783,False
8409,-0.165241,-0.94093883,False
8408,-0.039544825,-0.0043185465,False
8407,-0.004718219,-0.004718219,False
8406,0.0,0.0,False
8396,0.053961277,-0.1276623,False
8405,-0.10585214,-0.051190168,False
8403,0.035983175,0.017811686,False
8402,0.04170452,0.08342576,False
8401,-0.017537707,-0.030292993,False
8400,-0.058816925,-0.15685192,False
8399,0.075471595,-0.046498537,False
8398,0.03903699,-0.13720071,False
8404,-0.05381152,0.12114555,False
8379,0.11155507,-0.086921036,False
8448,-0.0093847625,-0.0093847625,False
8450,-0.121182054,-0.060575485,False
8487,-0.095531404,-0.14743692,False
8488,0.0007695034,-0.02172113,False
8489,-0.1555978,-0.07476413,False
8490,-0.15411943,-0.13319343,False
8491,-0.15555382,-0.104548156,False
8492,-0.097325444,0.0040968657,False
8493,-0.49003458,-0.33154607,False
8494,0.098133266,0.07602623,False
8495,-0.22082119,-0.33836937,False
8496,0.016664596,-0.0047233966,False
8497,-0.23334217,0.2284019,False
8498,0.07708102,-0.023863295,False
8499,-0.2546234,-0.2935996,False
8500,0.043438114,-0.04610263,False
8501,-0.009797864,-0.009797864,False
8502,-0.30213296,0.028520584,False
8503,-0.083666086,-0.2007066,False
8522,0.0,0.0,False
8521,-0.2942109,-1.0385863,False
8520,-0.5978596,-0.44739026,False
8516,-0.667542,-0.669767,False
8513,-0.59062535,-0.9472582,False
8512,-0.8307862,-1.4895838,False
8486,0.010815918,-0.03494203,False
8511,-0.05878991,-0.3344407,False
8509,-0.02154325,-0.12070319,False
8508,-0.034525767,-0.13120936,False
8507,-0.4739194,-0.85254,False
8506,-0.004976712,0.017239504,False
8505,0.056384534,0.032663375,False
8504,0.022423461,0.03194414,False
8510,-0.2805041,0.11513388,False
8485,0.69691324,-0.2280109,False
8484,0.07080835,0.06886776,False
8483,-0.0048385393,-0.0048372527,False
8464,-0.004904315,0.018353537,False
8463,-0.1387606,-0.055346876,False
8462,0.018092379,-0.0103118615,False
8461,0.0018635988,0.08682379,False
8460,-0.008403413,-0.0077929464,False
8459,-0.043713078,0.053124487,False
8465,0.046199918,-0.14200819,False
8458,-0.008950547,-0.008271421,False
8456,0.12752604,-0.7194226,False
8455,-0.08370823,0.17276728,False
8454,-0.009120033,-0.009023177,False
8453,-0.060615122,-0.054510802,False
8452,-0.012661934,-0.043273985,False
8451,-0.029487878,-0.029369103,False
8457,0.0075345784,-0.016686313,False
8449,0.022279566,0.0,False
8466,-0.05683613,-0.26599813,False
8468,0.022276044,-0.0617861,False
8482,-0.055779368,-0.102448374,False
8481,-0.01434915,0.01618407,False
8480,-0.040961035,0.1081561,False
8479,-0.13025965,0.050718695,False
8478,-0.0015174747,-0.06902397,False
8477,-0.0960834,0.06988919,False
8467,0.12894797,0.24192476,False
8476,0.0,0.0,False
8474,0.10069013,0.264148,False
8473,0.21373749,0.24050725,False
8472,0.011071563,-0.048524946,False
8471,0.06387305,-0.11890572,False
8470,0.0028061885,0.11253707,False
8469,-0.04462713,-0.016911924,False
8475,0.030007502,-0.009432452,False
8236,-0.070453644,-1.2340078,False
8378,0.06558635,-0.0062454417,False
8376,-0.0051122904,-0.0051122904,False
8274,0.0142121855,-0.008235913,False
8275,0.018522218,-0.0045988807,False
8276,0.014145197,-0.009452416,False
8277,0.007836148,-0.09964281,False
8278,-0.019468412,0.01972764,False
8279,-0.019485723,-0.019485723,False
8280,-0.013351059,-0.032810457,False
8281,-0.029147595,-0.0037689283,False
8282,0.015850011,-0.0047720764,False
8283,0.083189666,0.0978484,False
8284,-0.10744083,0.47929597,False
8285,0.0,0.0,False
8286,-0.0043655983,-0.003438117,False
8287,0.0028458834,-0.018149093,False
8288,-0.014212627,-0.014212627,False
8289,0.033715606,-0.14163804,False
8290,-0.028461069,-0.1004754,False
8304,-0.039878823,-0.05762679,False
8303,0.15028024,0.100341916,False
8302,-0.09677139,-0.072149426,False
8301,-0.050658114,-0.019469053,False
8300,0.066090465,-0.058891654,False
8299,-0.037237808,-0.052433852,False
8273,0.061637152,-0.0144239105,False
8298,-0.30261803,-0.43438268,False
8296,-0.018344864,-0.018344864,False
8295,-0.35147953,-0.029427528,False
8294,0.031160511,-0.034796607,False
8293,-0.014596101,-0.014596101,False
8292,-0.31724358,-0.5488782,False
8291,-0.15140432,-0.19119841,False
8297,0.011853106,-0.03318502,False
8272,-0.0051155444,-0.0051155444,False
8271,0.029896736,-0.28325558,False
8270,-0.00014360249,-0.022700548,False
8251,-0.7143676,-0.50733495,False
8250,-0.20589113,-0.31658125,False
8249,-0.19355154,-0.98693204,False
8248,0.041772366,-0.74836326,False
8247,-0.039513588,-1.3266039,False
8246,-0.04937935,-0.9842982,False
8252,-0.046140924,-0.020942718,False
8245,0.04119417,-0.12716126,False
8243,0.12624335,-0.8885622,False
8242,-0.3469758,-1.4986739,False
8241,0.0011030659,-0.061780438,False
8240,-0.07094145,-0.7873969,False
8239,-0.07742405,-1.1006327,False
8238,0.12059295,-0.47226882,False
8244,0.017622948,-1.3903942,False
8305,0.068771124,-0.06940001,False
8253,-0.028632106,-0.048249703,False
8255,-0.026901014,-0.09427275,False
8269,-0.12429643,-0.25868207,False
8268,0.061662436,-0.07671845,False
8267,-0.14876685,0.06561428,False
8266,0.007956624,-0.05778879,False
8265,0.0924238,-0.020499274,False
8264,-0.14676207,0.07058817,False
8254,-0.07431218,-0.04953696,False
8263,0.0,0.0,False
8261,-0.089851096,-0.13780113,False
8260,0.14904937,0.15110132,False
8259,0.0,0.0,False
8258,-0.022750549,0.03754454,False
8257,-0.022947818,-0.004254833,False
8256,-0.004872557,-0.004872557,False
8262,0.05988145,-0.0901131,False
8377,0.15053394,-0.094429225,False
8306,-0.028047085,0.18223584,False
8308,-0.0050458326,-0.0050458326,False
8345,-0.066143855,-0.15097538,False
8346,-0.15124747,-0.06432867,False
8347,-0.28206342,0.017791152,False
8348,0.016390085,-0.29005337,False
8349,-0.0054696,-0.0054696,False
8350,-0.06711444,0.10668482,False
8351,0.0,0.0,False
8352,-0.0134342965,-0.0134342965,False
8353,0.024074677,0.081868395,False
8354,-0.007184714,0.27995485,False
8355,0.0021501891,-0.0049951747,False
8356,-0.024281055,0.034336574,False
8357,0.010738537,0.00051876064,False
8358,-0.0020649768,-0.041997846,False
8359,-0.06573963,0.29699874,False
8360,0.38183492,-0.060182452,False
8361,-0.007403962,0.023409477,False
8375,-0.0049595614,0.08249132,False
8374,-0.005004987,-0.004640668,False
8373,0.02613575,-0.018912908,False
8372,0.074156284,-0.14009789,False
8371,0.0,0.0,False
8370,0.048398837,-0.033958785,False
8344,0.056775287,0.0007803291,False
8369,-0.048857257,-0.013748318,False
8367,0.21193266,-0.024585724,False
8366,0.056286633,-0.11068791,False
8365,0.17517531,0.16025698,False
8364,-0.17992288,-0.08712888,False
8363,0.028371291,0.51105106,False
8362,-0.050534487,0.0033653975,False
8368,-0.10649389,-0.06337911,False
8343,-0.013336144,-0.01548326,False
8342,-0.070592865,0.060118094,False
8341,-0.007473439,-0.014105797,False
8322,-0.1391449,0.13623416,False
8321,-0.07006625,-0.07006625,False
8320,0.0,0.0,False
8319,-0.018246904,-0.018246904,False
8318,-0.4725442,-0.44593763,False
8317,-0.18767834,-0.37758398,False
8323,0.099686384,-0.08827877,False
8316,-0.009761769,-0.009761769,False
8314,-0.006635852,-0.024141144,False
8313,0.0,2.8070722e-06,False
8312,-0.04719895,-0.0015841089,False
8311,-0.096411705,-0.20687437,False
8310,-0.2519307,-0.1430986,False
8309,-0.019595388,0.006874077,False
8315,-0.21783242,-0.068309635,False
8307,-0.0035024756,-0.0035024756,False
8324,-0.0019160826,-0.023254722,False
8326,-0.1471219,-0.25186133,False
8340,-0.03887853,0.010204911,False
8339,0.050506353,0.050010204,False
8338,-0.31247687,-0.22943163,False
8337,0.0,0.0,False
8336,-0.24760437,-0.11207986,False
8335,0.018287603,-0.0045929668,False
8325,0.17916083,-0.18389988,False
8334,0.115351915,0.24120474,False
8332,0.13099241,-0.0038046837,False
8331,-0.057835102,-0.19430923,False
8330,-0.14874554,0.24557996,False
8329,0.085980296,-0.25934994,False
8328,-0.08299327,0.0973382,False
8327,-0.28258014,-0.29939604,False
8333,0.010328889,0.023076788,False
6810,0.022899926,-0.10435039,False
6824,-0.3264581,-0.10701299,False
6808,0.0,0.0,False
5306,0.07654117,0.021097802,False
5307,0.0,0.008361299,False
5308,0.0,0.0,False
5309,-0.06025465,0.015340328,False
5310,0.17141286,-0.012805074,False
5311,0.0009738961,-0.01428779,False
5312,0.0,0.0,False
5313,0.0,6.291871e-07,False
5314,-0.033228405,-0.07940209,False
5315,-0.64634204,-0.74372935,False
5316,-0.33065128,-0.5404043,False
5317,0.012596644,-0.05277845,False
5318,0.0,4.463686e-05,False
5319,-0.011618221,-0.014844094,False
5320,0.049882084,-0.0198159,False
5321,-0.014596235,-0.037413478,False
5322,-0.0047386168,-0.0045257886,False
5336,0.008334756,0.5309253,False
5335,0.057266355,0.0011734292,False
5334,-0.0043838597,-0.0043838597,False
5333,0.10370441,-0.0342094,False
5332,-0.14603853,0.059322238,False
5331,-0.040508986,-0.07094896,False
5305,0.057977915,-0.0022966042,False
5330,-0.01982382,-0.04198811,False
5328,0.019510768,-0.0745972,False
5327,-0.014143942,-0.0040366016,False
5326,-0.06714821,-0.54982615,False
5325,0.004670568,-0.07052158,False
5324,0.029837012,-0.37781054,False
5323,-0.0089925155,-0.024648953,False
5329,0.020494223,-0.13695666,False
5304,-0.045066874,-0.04497355,False
5303,-0.20044339,0.36636806,False
5302,-0.023133956,-0.021425115,False
5283,0.0,0.0,False
5282,0.30010515,0.4504574,False
5281,0.029819127,-0.0167047,False
5280,0.021244138,0.07711089,False
5279,0.036027543,-0.031530842,False
5278,-0.0048641684,-0.0048113344,False
5284,-0.0005207285,0.08486939,False
5277,0.29092485,0.07096082,False
5275,0.044938225,0.32490364,False
5274,-0.02444923,0.12001705,False
5273,-0.014082944,-0.013569829,False
5272,0.01003585,0.1632627,False
5271,-0.14282149,0.121329635,False
5270,-0.09007931,-0.24465936,False
5276,0.09627709,-0.14022061,False
5337,0.07091156,-0.07527529,False
5285,-0.09008169,-0.29348052,False
5287,-0.08742003,-0.07606897,False
5301,0.0,0.0,False
5300,-0.04573495,-0.053368162,False
5299,-0.010114513,-0.009130245,False
5298,-0.061692297,-0.030600518,False
5297,-0.060172975,-0.110468864,False
5296,0.0038787276,-0.009292289,False
5286,-0.11191249,-0.08884364,False
5295,0.019958831,-0.06612523,False
5293,-0.017810334,-0.017810334,False
5292,-0.070995,-0.009046808,False
5291,0.056316763,0.008460969,False
5290,0.017908,-0.0051708734,False
5289,0.124093026,0.089689225,False
5288,0.11078557,0.017511398,False
5294,0.09972733,-0.022948265,False
5269,-0.10650009,0.08682269,False
5338,0.027571559,0.0030035377,False
5340,-0.036587365,-0.0879103,False
5377,-0.022276878,-0.058988094,False
5379,0.07439625,-0.06658703,False
5380,-0.008967474,0.4332213,False
5381,-0.0032373075,-0.0032373075,False
5382,0.058316946,0.43428445,False
5383,0.26523167,0.12976956,False
5384,-0.0001893565,-0.046116,False
5385,-0.12465009,-0.20142834,False
5386,-0.011756718,-0.014835715,False
5387,-0.014006907,-0.014006907,False
5388,0.0019206405,0.0834757,False
5389,0.3674333,0.03791547,False
5390,-0.0064047575,-0.26227677,False
5391,-0.09454186,0.05572501,False
5392,0.15985298,-0.04271224,False
5393,-0.009519579,-0.009519579,False
5394,0.35728168,0.007833362,False
5408,0.07740843,0.121540785,False
5407,-0.10238013,0.19717333,False
5406,-0.2566353,-0.11382574,False
5405,-0.35491252,-0.07406187,False
5404,-0.051275007,-0.02118852,False
5403,-0.06645013,0.07199528,False
5376,-0.02672849,-0.0035286825,False
5402,-0.029540077,-0.08954104,False
5400,-0.29773843,-0.19832098,False
5399,0.03583841,-0.005152168,False
5398,-0.0076087713,-0.04229942,False
5397,0.011359599,0.0087329,False
5396,0.16088259,-0.01954472,False
5395,0.0049247425,-0.018390179,False
5401,0.13253611,-0.21898735,False
5375,0.028613746,0.07234818,False
5374,-0.021478198,-0.029411813,False
5373,-0.010302544,0.07261127,False
5354,-0.01942408,0.102977335,False
5353,0.001132369,-0.08605337,False
5352,0.047859192,0.032602787,False
5351,-0.035860732,0.052989557,False
5350,0.05901447,0.061516255,False
5349,0.009332478,0.06785753,False
5355,-0.0036773682,0.05257511,False
5348,0.15051198,-0.27718294,False
5346,-0.13924944,-0.0005081594,False
5345,0.074324146,-0.039003763,False
5344,-0.10934144,0.049084485,False
5343,-0.0539819,0.09596803,False
5342,0.03522514,0.0049063005,False
5341,0.1036669,-0.12787248,False
5347,-0.00096239895,0.10214143,False
5339,-0.048793793,0.26578605,False
5356,-0.018276047,-0.011121348,False
5358,-0.06285209,0.028476112,False
5372,-0.20419753,-0.97220397,False
5371,-0.00378165,-0.00378165,False
5370,-0.085863054,-0.06392312,False
5369,0.031014234,0.09544419,False
5368,0.17672288,-0.09622821,False
5367,-0.040963948,0.06618649,False
5357,0.011888832,0.1490013,False
5366,-0.009002008,-0.012630835,False
5364,-0.016730594,-0.016352523,False
5363,0.017193504,0.0,False
5362,0.0,0.0,False
5361,-0.46082973,-0.22149253,False
5360,0.09283888,0.38509566,False
5359,0.046571493,-0.22690439,False
5365,-0.02213341,0.16358572,False
5409,-0.08126697,-0.018960714,False
5268,-0.6066973,0.025571823,False
5266,-0.032764375,-0.031867594,False
5164,-0.0404389,-0.076437496,False
5165,-0.086529166,0.14350632,False
5166,-0.24923873,0.26919436,False
5167,-0.02590742,-0.01097215,False
5168,0.0029463693,0.014831949,False
5169,-0.21649748,-0.16042197,False
5170,0.021185279,-0.01962626,False
5171,-0.10431892,-0.09661573,False
5172,0.100633636,-0.036613896,False
5173,0.0,0.0,False
5174,0.01657569,-0.020385217,False
5175,0.108563066,0.024519175,False
5176,0.010160193,-0.065288804,False
5177,0.0030961893,-0.017584117,False
5178,0.04303348,-0.035301358,False
5179,-0.20233333,-0.1934278,False
5180,0.28914022,-0.49119997,False
5194,-0.073693395,-0.021937668,False
5193,0.05428475,-0.334253,False
5192,0.030358195,0.20891911,False
5191,-0.0423097,-0.05954665,False
5190,-0.2195733,0.33527347,False
5189,0.100568175,-0.10106182,False
5163,0.16671276,0.12182045,False
5188,-0.0801568,-0.05624491,False
5186,-0.20440352,0.003967881,False
5185,0.05628439,0.042706065,False
5184,0.20094484,0.115092814,False
5183,-0.015730888,-0.1326633,False
5182,0.030231893,-0.147528,False
5181,0.17758942,-0.21722555,False
5187,-0.21563208,-0.116107106,False
5162,-0.00814111,-0.00814111,False
5161,0.098247886,0.20914829,False
5160,-0.057643563,-0.13690148,False
5141,0.07688263,0.14536381,False
5140,0.0023746789,-0.0050502717,False
5139,0.01259671,-0.009315696,False
5138,-0.010985509,-0.16407964,False
5137,0.052445173,-0.08629334,False
5136,-0.13431549,-0.21779352,False
5142,0.035028465,0.00013043545,False
5135,-0.0038813353,-0.12868887,False
5133,-0.054072883,-0.022139952,False
5132,-0.06503621,0.12684765,False
5131,-0.014338581,-0.014338581,False
5130,-0.3395456,-0.32020015,False
5129,-0.056967333,0.04123254,False
5128,-0.0646072,-0.31870994,False
5134,0.050512232,-0.035542198,False
5195,-0.30955958,-0.5735251,False
5143,0.024301916,0.03965637,False
5145,-0.015740898,-0.015740898,False
5159,-0.009434646,-0.009434646,False
5158,0.0,0.0221894,False
5157,0.4543332,0.10180724,False
5156,0.0074067097,-0.013510328,False
5155,0.0,0.0,False
5154,-0.018239256,-0.039758403,False
5144,-0.10240328,-0.16797826,False
5153,-0.0032947345,-0.0032947345,False
5151,-0.05377984,-0.17222661,False
5150,-0.027361572,0.12887168,False
5149,-0.018674407,-0.018674407,False
5148,0.07185835,0.018129408,False
5147,-0.12127635,-0.210955,False
5146,-0.02363883,-0.055233262,False
5152,-0.06514874,0.00082749873,False
5267,-0.4259467,-0.32631016,False
5196,0.0,0.0,False
5198,0.00039881468,-0.0075671375,False
5235,-0.009418638,-0.009396129,False
5236,-0.036349863,-0.19951813,False
5237,0.005791192,-0.010297614,False
5238,0.051697847,-0.053325083,False
5239,-0.14176556,0.107301384,False
5240,-0.2608428,-0.42229915,False
5241,-0.0047054025,-0.001363345,False
5242,0.12213688,0.04697401,False
5243,-0.0015576929,-0.038637906,False
5244,0.1927169,0.06911583,False
5245,-0.0037586633,-0.01467954,False
5246,-0.033051938,-0.071638316,False
5247,-0.0045047477,-0.05106026,False
5248,0.008490205,-0.07490283,False
5249,0.07285833,-0.14064592,False
5250,0.1257814,0.037597895,False
5251,-0.28480887,-0.07841468,False
5265,-0.026642814,0.004268579,False
5264,0.10025668,-0.009052813,False
5263,-0.2743255,-0.2923553,False
5262,0.067820415,0.0031116009,False
5261,-0.018597469,-0.032281592,False
5260,-0.06852874,-0.03471142,False
5234,-0.009547409,-0.029093223,False
5259,-0.028507829,-0.075266674,False
5257,0.0016180649,-0.019664977,False
5256,-0.04981768,-0.05014038,False
5255,0.15776776,0.051231697,False
5254,-0.22213292,-0.21063828,False
5253,0.07086921,-0.26837444,False
5252,0.047088444,-0.17588788,False
5258,-0.21092844,0.04161048,False
5233,0.0075836256,-0.01484314,False
5232,0.0,0.023878217,False
5231,-0.0657686,-0.18797916,False
5212,-0.037444472,-0.14015839,False
5211,-0.11733472,-0.11833024,False
5210,0.04524187,-0.08038715,False
5209,0.0854221,-0.06174357,False
5208,0.022824004,-0.0034262836,False
5207,-0.001207836,-0.061244983,False
5213,0.028977394,0.053494632,False
5206,-0.026180372,-0.026180372,False
5204,-0.19033217,-0.021350563,False
5203,-0.056466743,0.015606791,False
5202,-0.37072462,-0.44771856,False
5201,-0.034129374,-0.025499284,False
5200,-0.08888909,-0.020753413,False
5199,-0.11387029,-0.16462862,False
5205,0.033626735,0.12084633,False
5197,-0.02027461,-0.014234592,False
5214,-0.0087842345,-0.0036329627,False
5216,-0.18144739,-0.11735201,False
5230,-0.05088246,-0.449844,False
5229,0.10224703,-0.11401567,False
5228,0.013693243,0.012422083,False
5227,0.033356488,-0.018386662,False
5226,-0.28765416,-0.17471993,False
5225,0.011184078,-0.004236194,False
5215,-0.21587539,-0.24258244,False
5224,0.0,0.0,False
5222,-0.027143091,-0.035820097,False
5221,-0.5554503,-0.546733,False
5220,-0.009227557,-0.009227557,False
5219,-0.10407007,0.014299154,False
5218,-0.05580491,-0.10834807,False
5217,0.007730484,-0.18205357,False
5223,-0.033474624,0.00011253357,False
5127,-0.023392007,0.07139389,False
5410,-0.11370778,-0.06672299,False
5412,-0.13089478,0.13552344,False
5591,-0.007902237,-0.007902237,False
5592,0.01234363,-0.009943403,False
5593,-0.005191641,-0.005191641,False
5594,0.02363846,-0.011543294,False
5595,-0.0048289993,-0.0048289993,False
5596,0.0,0.0,False
5597,-0.0023125634,-0.06332319,False
5598,0.0,0.0,False
5599,0.12671201,-0.032899596,False
5600,0.0444672,-0.03552106,False
5601,-0.03295003,-0.07298626,False
5602,-0.08246576,-0.06033776,False
5603,0.028907448,-0.020590074,False
5604,0.0018783025,-0.02143301,False
5605,0.007406354,0.11903715,False
5606,-0.15247196,0.09025359,False
5607,0.022674322,0.18516564,False
5621,-0.043459967,-0.0104331,False
5620,-0.013842754,-0.013842754,False
5619,-0.22857785,0.28215224,False
5618,-0.18732846,-0.17787588,False
5617,0.011451647,-0.02043195,False
5616,-0.014976725,-0.0925088,False
5590,0.010165349,-0.059400145,False
5615,0.17268872,-0.027216673,False
5613,-0.0033551157,-0.027704224,False
5612,-0.24739492,0.114638805,False
5611,0.0,0.000841395,False
5610,-0.043209642,-0.053021163,False
5609,0.05671987,0.18216932,False
5608,-0.12734583,-0.1205374,False
5614,-0.21183884,-0.17798543,False
5589,0.10097888,-0.041640624,False
5588,-0.08616653,-0.075942755,False
5587,0.0,0.0,False
5568,0.048191793,-0.00061824545,False
5567,0.010564833,-0.0056396485,False
5566,-0.014507949,-0.44557586,False
5565,-0.33966696,-0.31293643,False
5564,-0.0081634,0.06684101,False
5563,-0.0039207935,0.18607247,False
5569,0.0,0.0,False
5562,-0.039942816,-0.0527902,False
5560,0.017868832,-0.04602158,False
5559,-0.11348951,-0.1025675,False
5558,0.030885566,-0.025421714,False
5557,-0.08375263,-0.010716826,False
5556,-0.038498104,-0.047884203,False
5555,0.031027019,-0.019338459,False
5561,0.0,0.0,False
5622,0.20944333,0.44232702,False
5570,-0.06993994,0.022271574,False
5572,0.07678974,0.17966086,False
5586,0.13529196,-0.00033552945,False
5585,0.009008737,0.034763403,False
5584,0.00974825,0.07807094,False
5583,-0.03856702,0.020744726,False
5582,-0.004547674,-0.004547674,False
5581,-0.004789372,-0.004789372,False
5571,-0.006055653,0.04817161,False
5580,0.03753973,-0.0022841915,False
5578,-0.14507705,-0.10515678,False
5577,0.072826415,-0.26096696,False
5576,-0.20116287,-0.16373372,False
5575,-0.13681042,-0.07388681,False
5574,-0.041023374,0.026507437,False
5573,-0.0049171196,-0.0049171196,False
5579,-0.027924746,0.031903505,False
5554,-0.062497474,-0.08210376,False
5623,0.012653392,-0.031986628,False
5625,0.025915146,0.058538437,False
5662,-0.019259846,-0.019259846,False
5663,-0.013902502,-0.0030211955,False
5664,-0.017703205,-0.038424335,False
5665,0.008254683,0.01525457,False
5666,0.09840527,0.22590894,False
5667,-0.035762995,-0.14125723,False
5668,0.02513647,-0.027902842,False
5669,-0.12138781,-0.070161045,False
5670,0.0,0.0,False
5671,-0.06466758,-0.050588846,False
5672,0.03493017,0.045058787,False
5673,-0.0025992095,-0.03500426,False
5674,0.015612572,0.061380535,False
5675,0.029095292,-0.20991576,False
5676,-0.03344357,-0.1474458,False
5677,-0.29974282,-0.16500211,False
5678,0.13859808,-0.1334036,False
5692,-0.07488328,0.08856559,False
5691,-0.17608666,0.28845477,False
5690,0.024228336,0.012700675,False
5689,0.020810507,0.4059689,False
5688,-0.00517837,-0.0048293867,False
5687,-0.03408301,0.06916195,False
5661,-0.026688712,0.023831949,False
5686,-0.029251877,-0.029251877,False
5684,0.04638932,-0.06453358,False
5683,-0.028664678,-0.032750398,False
5682,0.10235624,0.017964244,False
5681,-0.02004804,-0.027355144,False
6809,-0.15973786,-0.15943208,False
5679,-0.011512043,-0.028993858,False
5685,-0.0750356,0.017661989,False
5660,-0.03660498,-0.036463466,False
5659,0.0057626665,-0.010304183,False
5658,-0.1253922,0.1107223,False
5639,0.02628611,0.0132573545,False
5638,0.008514464,0.095963836,False
5637,0.0057672784,-0.011806043,False
5636,-0.08556251,0.13688315,False
5635,-0.01097101,-0.0500718,False
5634,-0.12075764,0.07209399,False
5640,-0.11585751,-0.04627046,False
5633,-0.0060707033,0.09042375,False
5631,-0.025399026,-0.025366653,False
5630,0.11128226,0.050676376,False
5629,-0.10064387,0.065448046,False
5628,-0.06247151,-0.048199534,False
5627,-0.042901307,0.057514906,False
5626,-0.0051033394,-0.0051033394,False
5632,-0.037382483,0.095264316,False
5624,-0.006007202,-0.114572085,False
5641,-0.08780199,0.2391262,False
5643,-0.012604911,0.006692011,False
5657,0.06792599,0.00966832,False
5656,-0.042261124,0.06509766,False
5655,-0.0049748793,-0.0016671114,False
5654,-0.06883386,0.013991505,False
5653,0.18218678,4.2319298e-05,False
5652,-0.034712113,-0.056100108,False
5642,0.017328793,-0.0045168516,False
5651,0.11889635,0.19511028,False
5649,-0.03531359,-0.09392059,False
5648,-0.025129404,-0.04220386,False
5647,-0.07057512,-0.17257082,False
5646,0.04598978,-0.09401789,False
5645,0.0,0.0,False
5644,-0.08698929,0.03980866,False
5650,0.01819912,-0.023091007,False
5411,-0.18581852,-0.023075402,False
5553,-0.022868376,-0.022868376,False
5551,0.0,0.103199184,False
5449,-0.20623827,-0.123693585,False
5450,0.016739607,-0.005080136,False
5451,-0.009789182,-0.009789182,False
5452,-0.0037435554,0.010755356,False
5453,0.37271747,-0.09801522,False
5454,0.022366293,0.002827969,False
5455,-0.004815955,-0.004815955,False
5456,0.0,0.0,False
5457,-0.027787197,-0.037844416,False
5458,0.26922762,0.051547587,False
5459,-0.023466974,-0.080200925,False
5460,0.0,0.0,False
5461,0.0,0.0,False
5462,0.0,0.012298033,False
5463,0.027394738,-0.009316158,False
5464,-0.009831437,-0.009831437,False
5465,-0.008915871,-0.004501731,False
5479,-0.07649517,-0.10499191,False
5478,0.025887907,-0.18862724,False
5477,-0.044503808,-0.14463991,False
5476,0.2402178,-0.019995809,False
5475,-0.112199545,0.012483597,False
5474,0.06533879,0.106691,False
5448,-0.04446684,0.105721146,False
5473,-0.24636424,-0.18488419,False
5471,0.0,0.0042443858,False
5470,0.01241827,0.030363694,False
5469,-0.05370797,-0.015564363,False
5468,-0.03496465,-0.03496465,False
5467,-0.0678792,-0.11180171,False
5466,0.054575678,-0.016001195,False
5472,0.023995094,-0.013134631,False
5447,-0.015405737,0.039338022,False
5446,-0.03715974,0.059328943,False
5445,-0.08654064,-0.06449255,False
5426,-0.024823833,-0.02117919,False
5425,0.0074929073,0.012837321,False
5424,0.008517146,0.10660714,False
5423,-0.004967613,-0.004967613,False
5422,-0.119561136,-0.28582323,False
5421,0.021215824,-0.023616789,False
5427,-0.03710207,-0.03710207,False
5420,0.0016166195,-0.015141688,False
5418,-0.14311922,0.36800587,False
5417,-0.060672224,-0.008326232,False
5416,-0.11412144,-0.11026898,False
5415,0.032187074,-0.11925615,False
5414,-0.01838857,-0.08086151,False
5413,0.1199193,-0.086871624,False
5419,-0.11935699,-0.30854094,False
5480,0.123149514,0.23339272,False
5428,-0.01305067,-0.01305067,False
5430,-0.09146118,-0.071653366,False
5444,-0.009925842,0.019472003,False
5443,-0.055953696,0.012707174,False
5442,-0.19050369,-0.0060937405,False
5441,-0.05796279,-0.06398319,False
5440,0.02398412,-0.07714216,False
5439,0.3196944,-0.31682014,False
5429,0.27219364,-0.08072226,False
5438,-0.024234354,-0.13501269,False
5436,-0.018777013,0.12558901,False
5435,-0.049651265,0.08791655,False
5434,0.015121818,-0.108091,False
5433,-0.08487332,0.20023239,False
5432,0.23548293,-0.35278744,False
5431,-0.018857017,0.0108490065,False
5437,0.069418825,0.054576166,False
5552,-0.013483042,-0.013483042,False
5481,0.0393641,-0.108967185,False
5483,0.034940362,0.18812227,False
5520,0.0,0.0,False
5521,0.046905175,0.18940152,False
5522,-0.33089042,-0.59959173,False
5523,0.11084153,0.0083262175,False
5524,0.025142342,0.12516923,False
5525,-0.08430958,0.017482579,False
5526,0.02467823,0.15074968,False
5527,-0.0079342425,-0.15898794,False
5528,-0.07664657,0.11951703,False
5529,-0.34499145,-0.24819136,False
5530,-0.085788265,-0.042825088,False
5531,-0.33219546,0.24953532,False
5532,0.030688763,-0.2258327,False
5533,0.017765138,-0.004277131,False
5534,0.12192917,-0.23052502,False
5535,-0.039719343,0.0021588802,False
5536,0.019655704,-0.07326269,False
5550,-0.01488255,0.053782955,False
5549,-0.25880027,0.17543912,False
5548,-0.018236563,-0.018236563,False
5547,-0.044233322,0.05974245,False
5546,-0.010124655,-0.030382594,False
5545,-0.21494102,-0.14740467,False
5519,0.119003356,-0.020069469,False
5544,0.20382905,-0.1385622,False
5542,0.015645338,-0.0045843073,False
5541,-0.14987564,-0.04615736,False
5540,0.0,0.0,False
5539,-0.27607155,-0.18567896,False
5538,0.016088806,0.0,False
5537,-0.18977284,-0.086624146,False
5543,-0.016545773,0.06530094,False
5518,0.034476582,0.17247292,False
5517,0.23957574,-0.082580864,False
5516,-0.06927669,0.8247087,False
5497,-0.20263672,-0.18573213,False
5496,0.089001656,-0.287418,False
5495,0.0033124685,0.0064682364,False
5494,0.19289142,-0.091814995,False
5493,-0.07599509,-0.0324533,False
5492,0.012241185,-0.17723691,False
5498,-0.04531619,-0.08289665,False
5491,0.0927247,-0.010864727,False
5489,-0.43369055,-0.1099062,False
5488,-0.19354427,-0.1173656,False
5487,-0.091982245,0.062404394,False
5486,-0.2322135,-0.26010412,False
5485,-0.06268117,-0.017087668,False
5484,0.017233819,0.05242613,False
5490,0.03581673,0.068464726,False
5482,0.042288244,-0.13779855,False
5499,-0.062038988,-0.1549429,False
5501,0.13602114,0.7280283,False
5515,0.033502102,0.19098043,False
5514,0.08108711,-0.17962074,False
5513,0.061852798,0.10217872,False
5512,-0.1359875,-0.031225234,False
5511,0.06932357,0.02820149,False
5510,0.030629873,-0.04249929,False
5500,-0.03080815,-0.12545297,False
5509,-0.10712072,-0.22799668,False
5507,0.018132232,-0.010410652,False
5506,-0.057897165,0.051152587,False
5505,0.11345041,-0.03054303,False
5504,-0.012108743,-0.11529994,False
5503,-0.037097767,-0.057320256,False
5502,0.041976213,-0.17575264,False
5508,0.1651426,0.09752935,False
5693,0.07160583,0.073656574,False
5126,0.018160164,-0.058923364,False
5124,-0.0042310026,-0.0042310026,False
4738,-0.00535962,-0.052785665,False
4739,0.25961602,-0.29855978,False
4740,0.15188113,0.08622112,False
4741,-0.1324381,-0.031024218,False
4742,0.07413715,-0.0996812,False
4743,-0.018216848,-0.4542458,False
4744,0.031321198,-0.03927271,False
4745,0.11788118,-0.0369049,False
4746,-0.2028616,-0.041679442,False
4747,0.0067851543,-0.08056271,False
4748,-0.0313797,-0.05578518,False
4749,-0.13527875,-0.12047048,False
4750,-0.010156563,-0.032002207,False
4751,0.009987223,0.06848983,False
4752,0.22796965,0.16302669,False
4753,0.0,0.0,False
4754,-0.07409966,0.23146105,False
4768,-0.026236624,-0.081977576,False
4767,-0.21192412,0.0014117658,False
4766,-0.0075263157,-0.06625092,False
4765,-0.064377174,-0.0529965,False
4764,0.12936687,-0.2612679,False
4763,0.09255904,0.080384195,False
4737,-0.08733854,-0.026054233,False
4762,0.049351573,0.017817736,False
4760,-0.008054531,-0.008054531,False
4759,-0.05096911,-0.047555283,False
4758,0.0,0.0,False
4757,-0.24632394,-0.30419648,False
4756,-0.09584454,-0.02852723,False
4755,-0.033373654,0.10384786,False
4761,0.0,0.0,False
4736,-0.049940705,0.12564874,False
4735,-0.004814517,-0.004814517,False
4734,0.13124025,0.046061397,False
4715,-0.022772517,-0.021957453,False
4714,-0.1619133,-0.019395024,False
4713,0.08285903,-0.022551829,False
4712,0.022448098,0.0,False
4711,0.011429608,-0.004245021,False
4710,0.04128331,0.07947558,False
4716,0.03760451,0.08483869,False
4709,-0.029171811,-0.028294602,False
4707,-0.007809788,-0.021396244,False
4706,0.0,0.0,False
4704,-0.008656072,-0.008656072,False
4703,-0.0010962524,0.003847301,False
4702,0.020087449,0.07316806,False
4701,-0.061926432,-0.041398264,False
4708,0.011484931,-0.0104249185,False
4769,-0.13523704,0.21655244,False
4717,-0.023382582,-0.023382582,False
4719,0.0,0.001968994,False
4733,0.015700098,-0.020112166,False
4732,0.060240626,-0.03416741,False
4731,-0.028015785,-0.028015785,False
4730,-0.009581906,-0.009581906,False
4729,0.16208485,-0.07843065,False
4728,0.018354867,-0.0037316314,False
4718,-0.007985789,-0.007985789,False
4727,-0.16921908,0.22267056,False
4725,-0.0016160309,-0.024042796,False
4724,0.021492796,-0.022884155,False
4723,-0.11647737,-0.25805867,False
4722,-0.08675352,-0.07615599,False
4721,0.061546206,0.10978985,False
4720,0.119423635,-0.025098568,False
4726,0.0,0.0,False
4700,0.047895312,0.18147793,False
4770,-0.022176579,0.08506803,False
4772,0.11207044,0.113004446,False
4809,0.020946296,-0.0120211635,False
4810,-0.011209287,-0.046517305,False
4811,-0.0008755848,-0.041033078,False
4812,-0.19853562,0.013723016,False
4813,-0.064673066,-0.1590575,False
4814,0.04297471,-0.00017672777,False
4815,-0.2887621,-0.23465395,False
4816,0.035099797,0.0,False
4817,0.07805561,-0.06831922,False
4818,0.0,0.0011596155,False
4819,0.033646703,0.012636125,False
4820,-0.07584739,0.039251804,False
4821,0.2514428,0.033069193,False
4822,-0.03418817,-0.03418817,False
4823,0.37935156,0.025298476,False
4824,0.09163278,-0.19063994,False
4825,-0.037973225,-0.18115121,False
4839,-0.109354496,-0.9426558,False
4838,0.023442715,0.06175838,False
4837,-0.014813085,-0.0040150126,False
4836,0.010612307,0.31272113,False
4835,0.0,0.0,False
4834,0.07193417,-0.021128783,False
4808,-0.07730162,0.51078856,False
4833,0.0,0.0013399412,False
4831,1.7508864e-05,-0.045340918,False
4830,-0.047979012,0.032734558,False
4829,-0.0013812184,0.037029624,False
4828,-0.0649069,-0.032717995,False
4827,-0.092012465,0.15082675,False
4826,0.045980517,-0.021417629,False
4832,0.036017485,-0.00953557,False
4807,0.17381,0.20338607,False
4806,-0.0075675,-0.0075675,False
4805,0.100517035,0.10297859,False
4786,0.0,0.001548601,False
4785,0.18482468,-7.647276e-05,False
4784,-0.00403199,-0.00403199,False
4783,-0.064490825,-0.21177351,False
4782,0.003369635,-0.01887877,False
4781,0.0,4.283678e-06,False
4787,0.0,0.0,False
4780,0.09385668,0.059827518,False
4778,0.0617045,-0.012551948,False
4777,-0.0037316314,-0.0032268749,False
4776,-0.0070415735,-0.25307447,False
4775,0.046315506,-0.022375716,False
4774,0.25205362,0.011697859,False
4773,0.04341793,0.014258772,False
4779,-0.0034502968,-0.025062246,False
4771,-0.0017895699,-0.13528752,False
4788,-0.0097510815,0.07944876,False
4790,0.015999582,-0.03572926,False
4804,-0.041843593,-0.16617556,False
4803,0.117394686,-0.0562858,False
4802,0.0,0.0,False
4801,0.035018686,-0.006674669,False
4800,0.18353784,-0.16471153,False
4799,0.08060647,0.030046448,False
4789,0.025016263,-0.15298554,False
4798,-0.049335293,-0.061452806,False
4796,0.290385,0.20822263,False
4795,-0.068990745,-0.068990745,False
4794,-0.0045843073,-0.0045843073,False
4793,0.10914695,0.056531638,False
4792,-0.0031745136,-0.08051767,False
4791,0.02986531,0.023052141,False
4797,-0.0048927,-0.0048927,False
4840,-0.004741758,-0.004741758,False
4699,0.017756164,0.07124758,False
4697,-0.24536991,-0.11046183,False
4594,0.004141828,-0.005686738,False
4595,-0.03925559,-0.06319365,False
4596,-0.35613704,0.17668176,False
4597,-0.028746665,-0.03892511,False
4598,0.10551879,-0.0719607,False
4599,-0.036320567,0.051153153,False
4600,-0.004687762,-0.004687762,False
4601,0.062193036,0.075941354,False
4602,-0.047440514,-0.07078926,False
4603,-0.0057403743,0.09969503,False
4604,-0.186916,-0.21662307,False
4605,-0.010287106,-0.030953746,False
4606,-0.050721526,0.01668185,False
4607,-0.16575438,-0.07630944,False
4608,0.07830173,0.004006505,False
4609,0.13580573,0.054127723,False
4610,-0.46531212,0.013091564,False
4624,0.013998954,0.0010598488,False
4623,0.010828957,0.01047577,False
4622,0.12794733,0.03904611,False
4621,-0.12919497,0.13112593,False
4620,-0.14102331,-0.13510954,False
4619,0.048423514,-0.0016702265,False
4593,-0.083759785,-0.3930543,False
4618,0.0,0.0,False
4616,-0.083703935,0.291681,False
4615,-0.07163772,0.07378253,False
4614,0.0,0.03426997,False
4613,-0.32257646,-0.12880206,False
4612,-0.0032744692,-0.0032744692,False
4611,-0.07585272,-0.2780273,False
4617,-0.7293141,-0.5791018,False
4592,-0.3212871,0.1606673,False
4591,-0.028608851,-0.056794845,False
4590,-0.017784089,-0.049392372,False
4571,0.1384077,-0.19547996,False
4570,0.045877747,0.044832252,False
4569,-0.030389026,-0.041662186,False
4568,0.15664005,0.026810706,False
4567,0.21786714,-0.42110717,False
4566,-0.009641356,-0.009641356,False
4572,-0.041069783,-0.055145357,False
4565,-0.16950035,-0.02613616,False
4563,0.02243045,0.111937866,False
4562,-0.008249221,-0.008249221,False
4561,-0.10707861,-0.15914118,False
4560,-0.057926387,-0.06786879,False
4559,0.04945314,-0.028841734,False
4558,-0.009346094,-0.0042562867,False
4564,-0.12303555,-0.14541769,False
4625,-0.09337711,0.17802835,False
4573,0.039318115,0.15962729,False
4575,0.0,9.606096e-05,False
4589,0.0,0.0,False
4588,-0.16075587,0.16942835,False
4587,-0.00985253,-0.006414734,False
4586,-0.102096826,-0.16733494,False
4585,-0.2627704,0.07028723,False
4584,0.012818098,-0.32326162,False
4574,-0.029220369,-0.029220369,False
4583,-0.41832256,-0.048452616,False
4581,0.015849091,0.040174596,False
4580,-0.0057278574,0.06891309,False
4579,-0.16790414,-0.06931466,False
4578,0.0,0.0,False
4577,0.14423728,0.19705975,False
4576,0.17106915,0.071875274,False
4582,-0.019063944,-0.013508312,False
4698,0.020168915,-0.01999604,False
4626,-0.0015987083,-0.045880046,False
4628,-0.058707446,0.024258614,False
4666,0.20035973,0.14944777,False
4667,0.01970148,0.27249435,False
4668,0.0035763942,0.015408624,False
4669,0.0136259645,-0.009176746,False
4670,-0.10724062,-0.0626606,False
4671,0.052432224,0.037521347,False
4672,0.0,0.0,False
4673,0.014303865,-0.008327171,False
4674,-0.12625796,0.20958936,False
4675,-0.0992516,0.022895396,False
4676,-0.009513748,-0.009513748,False
4677,-0.06005408,-0.08382869,False
4678,0.07188821,-0.018309057,False
4679,0.0533351,-0.006690085,False
4680,-0.3945452,0.042526364,False
4681,-0.009438051,-0.009438051,False
4682,-0.0051574707,-0.16768369,False
4696,0.013954936,-0.02246671,False
4695,-0.025328146,-0.044399474,False
4694,-0.031793833,-0.1965,False
4693,-0.004961039,-0.004961039,False
4692,-0.018009186,-0.072224855,False
4691,-0.11796942,0.017847657,False
4664,-0.03842497,0.0573678,False
4690,0.15865612,0.029729173,False
4688,-0.10456021,-0.09463762,False
4687,0.02306991,-0.03960274,False
4686,0.049027342,-0.05333204,False
4685,-0.092247486,-0.42182636,False
4684,-0.10500178,-0.1445016,False
4683,-0.010937691,-0.15750682,False
4689,0.041631877,-0.06431961,False
4663,-0.064970136,0.048560172,False
4662,0.018262323,-0.0046968544,False
4661,0.035187904,-0.05491599,False
4642,-0.016852558,-0.1679928,False
4641,-0.11218804,0.049439877,False
4640,-0.0043885396,-0.0041268407,False
4639,-0.0039994186,-0.0039994186,False
4638,-0.0029986482,-0.019044895,False
4637,0.004214421,0.014132932,False
4643,0.12629345,0.084634215,False
4636,-4.052557e-05,-0.023084357,False
4634,-0.053172007,-0.043037683,False
4633,-0.059162952,0.023858197,False
4632,-0.010088396,-0.004355352,False
4631,-0.014090324,-0.014090324,False
4630,-0.0048343074,-0.0048343074,False
4629,0.17954767,0.12129164,False
4635,0.0,2.4239787e-08,False
4627,0.014846109,-0.03457764,False
4644,-0.08744115,-0.08009297,False
4646,0.17372751,-0.07297343,False
4660,-0.20566463,-0.322536,False
4659,0.0,0.0,False
4658,0.024842918,0.12528694,False
4657,0.018260684,-0.041966237,False
4656,0.056153893,-0.05875045,False
4655,-0.018293591,-0.018293591,False
4645,-0.13299221,-0.19187263,False
4654,-0.08916032,0.013280928,False
4652,-0.12681544,-0.23010707,False
4651,-0.0793826,0.0547958,False
4650,0.017859012,0.0052149594,False
4649,0.15426275,-0.12737116,False
4648,-0.34840447,-0.2615248,False
4647,-0.06544247,-0.080688074,False
4653,0.015363187,-0.03392619,False
5125,-0.049282752,0.05979927,False
4841,-0.05336352,-0.043597087,False
4843,-0.032151565,-0.0085580945,False
5022,-0.090066314,0.12776089,False
5023,-0.013062723,-0.013062723,False
5024,0.013247564,0.013913885,False
5025,-0.006312549,0.014511287,False
5026,0.2136432,0.1120016,False
5027,-0.019006453,-0.009437379,False
5028,0.03993382,-0.00480292,False
5029,0.027744185,0.0059249885,False
5030,-0.39058495,-0.54645944,False
5031,-0.01550524,-0.00951942,False
5032,-0.019840725,-0.019840725,False
5033,0.0,0.0,False
5034,0.075906694,0.021338955,False
5035,0.022883795,0.0064463913,False
5036,-0.0047307294,-0.0047307294,False
5037,-0.08168587,-0.08698505,False
5038,-0.012202254,-0.010272885,False
5052,0.015769817,0.029069182,False
5051,-0.005175149,0.0325763,False
5050,0.04517758,0.01734519,False
5049,-0.004784322,-0.0045557944,False
5048,0.007886212,0.0233833,False
5047,-0.004508894,-0.004508894,False
5021,-0.02014631,-0.2457912,False
5046,-0.0047958563,0.039385803,False
5044,-0.018716421,-0.018716421,False
5043,-0.074617505,-0.0955822,False
5042,-0.025704823,-0.1474702,False
5041,-0.03466975,-0.025143273,False
5040,-0.21607816,-0.07225937,False
5039,-0.6735153,-0.3564725,False
5045,0.022846114,0.0,False
5020,-0.025893947,-0.040949836,False
5019,0.030929886,-0.031193445,False
5018,0.0,0.0,False
4999,0.015858501,-0.011443526,False
4998,0.052629143,-0.091292955,False
4997,-0.01814431,-0.056161404,False
4996,-0.3731649,-0.11373496,False
4995,-0.2659027,-0.04633963,False
4994,0.1412254,0.017743707,False
5000,-0.014727319,-0.014727319,False
4993,-0.09533507,0.11726481,False
4991,0.056256242,-0.007266527,False
4990,0.13159055,0.113592565,False
4989,-0.04206828,0.038252935,False
4988,0.043794893,0.045074128,False
4987,0.018134933,-0.0036848104,False
4986,0.0,0.0042839064,False
4992,-0.056545213,-0.09352508,False
5053,0.02443964,-0.014291219,False
5001,-0.20904294,-0.013763428,False
5003,0.0,0.0,False
5017,-0.08404241,-0.03975326,False
5016,0.017895162,0.0069621503,False
5015,-0.14208972,-0.08443415,False
5014,-0.08758722,0.07710892,False
5013,-0.09251359,-0.09159331,False
5012,0.004780799,-0.11369331,False
5002,-0.02685859,-0.016777411,False
5011,-0.015817463,0.09878652,False
5009,0.04241267,-0.039015234,False
5008,-0.015818743,-0.023562472,False
5007,0.006233558,0.10771726,False
5006,-0.010230064,-0.2715603,False
5005,-0.43654132,-0.21045172,False
5004,-0.009100974,-0.007945846,False
5010,-0.1815345,-0.033337295,False
4985,0.0,0.0,False
5054,-0.1841434,-0.11303401,False
5056,-0.11761105,0.06648183,False
5093,0.05251175,-0.061485842,False
5094,-0.020184606,0.1514644,False
5095,0.12106031,-0.032323554,False
5096,-0.063253455,-0.00045768917,False
5097,-0.057921745,-0.033043448,False
5098,-0.2503635,0.015893698,False
5099,-0.032897457,0.036904603,False
5100,-0.15174928,-0.124081284,False
5101,-0.055363595,0.09782791,False
5102,-0.019836783,-0.110387206,False
5103,0.0,0.0,False
5104,0.040477213,-0.004782067,False
5105,-0.070276365,-0.004595071,False
5106,-0.088890314,0.1190103,False
5107,-0.026329473,0.054742843,False
5108,0.0544312,0.052375913,False
5109,-0.04391098,-0.13600805,False
5123,-0.12614429,-0.017062023,False
5122,0.0013713539,0.25903577,False
5121,-0.01801771,0.07568646,False
5120,-0.0052269474,-0.056083612,False
5119,-0.024055026,-0.03734492,False
5118,-0.2043966,0.007491052,False
5092,-0.047118515,0.1422565,False
5117,0.118899465,0.008403003,False
5115,-0.0461545,0.07178283,False
5114,0.0,0.0018099206,False
5113,0.04219702,-0.058897555,False
5112,-0.03180208,-0.00060953945,False
5111,-0.26816237,-0.022191167,False
5110,0.0,0.0,False
5116,-0.02889435,0.015638903,False
5091,-0.2560386,-0.11944115,False
5090,0.020324491,-0.064842924,False
5089,0.005594671,-0.037383065,False
5070,0.06922725,0.09339437,False
5069,0.0,6.2129024e-05,False
5068,0.20942691,0.43855527,False
5067,-0.019374644,-0.019374644,False
5066,-0.02381227,-0.02381227,False
5065,0.01345595,-0.005438239,False
5071,0.054406032,0.010637373,False
5064,-0.043660946,-0.048087306,False
5062,0.0,0.0,False
5061,-0.2801597,0.24132371,False
5060,-0.19526213,0.023838282,False
5059,0.0,1.0550523e-05,False
5058,-0.01479391,-0.051094998,False
5057,0.00225503,-0.04343988,False
5063,-0.010014094,-0.010014094,False
5055,-0.3125646,0.10805297,False
5072,0.03524041,-0.08748564,False
5074,0.00042948313,-0.018447142,False
5088,0.0057461523,-0.034315147,False
5087,0.11148965,0.05331084,False
5086,-0.042472355,-0.03564956,False
5085,-0.11645749,-0.010567725,False
5084,0.04043591,-0.019483808,False
5083,-0.036621254,-0.03652623,False
5073,-0.010040164,-0.061141133,False
5082,0.08179645,-0.031985346,False
5080,0.03015098,-0.058931634,False
5079,-0.06638518,0.083544955,False
5078,0.013825744,0.0146879405,False
5077,0.011024231,-0.0048224535,False
5076,0.06592077,0.0027183294,False
5075,-0.011702508,-0.05115655,False
5081,0.22933105,-0.11550279,False
4842,0.03364885,-0.1218003,False
4984,0.0,1.5886246e-06,False
4982,-0.110002995,-0.3943116,False
4880,0.045941696,0.009793505,False
4881,-0.0458498,-0.6483521,False
4882,-0.015050234,-0.014144737,False
4883,0.11069718,1.828733,False
4884,0.03037472,0.00089328433,False
4885,0.2438618,0.35048234,False
4886,-0.04614079,-0.08845174,False
4887,-0.09787344,-0.1306061,False
4888,-0.019332543,-0.01928766,False
4889,0.007099051,0.21773228,False
4890,0.05753374,-0.3248474,False
4891,0.05071819,-0.17441976,False
4892,0.079298936,-0.04222463,False
4893,-0.0046280283,0.004614786,False
4894,0.021533586,0.0011515699,False
4895,0.0,0.00023645238,False
4896,-0.017399738,-0.012058938,False
4910,0.48062658,0.07409215,False
4909,-0.02761554,-0.026775425,False
4908,-0.24901676,-1.2419624,False
4907,0.0555158,0.12202811,False
4906,0.008320138,1.7351501,False
4905,0.042185634,0.025261171,False
4879,-0.14604771,-0.4314493,False
4904,-0.0447744,1.8098428,False
4902,-0.19084466,-0.62730765,False
4901,0.10317087,-1.0758076,False
4900,-0.008652974,0.046580438,False
4899,-0.0092153875,0.016516421,False
4898,0.059744924,0.4165631,False
4897,-0.039633118,0.04213587,False
4903,0.007869422,2.0255008,False
4878,-0.004707792,-0.004707792,False
4877,0.035213314,-0.08890247,False
4876,0.30039674,-0.08335844,False
4857,-0.025100172,-0.039946064,False
4856,0.084181786,-0.21243024,False
4855,-0.30015874,-0.4039191,False
4854,0.04113102,0.1448943,False
4853,-0.029568799,0.016325869,False
4852,0.0075473236,-0.006680615,False
4858,0.06126082,0.22419542,False
4851,-0.19112563,-0.32940006,False
4849,0.017839383,-0.0038571064,False
4848,-0.07203865,-0.49722433,False
4847,0.12045193,-0.33950353,False
4846,-0.33214927,-0.21568656,False
4845,-0.16836041,-0.04108572,False
4844,-0.3157549,-0.24802908,False
4850,0.15543294,0.0425601,False
4911,0.0,0.0,False
4859,-0.039347023,-0.22019297,False
4861,-0.0049472,-0.0014998694,False
4875,-0.09809054,1.5631931,False
4874,-0.004584724,-0.004423799,False
4873,0.14307517,-0.0029556751,False
4872,0.22807416,-0.14018197,False
4871,-0.0047310563,-0.0047117514,False
4870,-0.018866649,-0.03799183,False
4860,0.0,0.03975193,False
4869,-0.5869198,-0.8673799,False
4867,-0.33842516,-0.5702646,False
4866,0.0,0.0,False
4865,-0.006221233,-0.010755611,False
4864,-0.018415703,-0.03952633,False
4863,0.14448102,0.013331741,False
4862,-0.035703193,-0.025468718,False
4868,0.24603462,-0.23594958,False
4983,-0.0029004198,-0.008674651,False
4912,0.04254961,-0.07893741,False
4914,-0.2634244,-0.5537524,False
4951,0.021779653,0.039783176,False
4952,-0.052164495,-0.16233835,False
4953,-0.032620832,-0.081325725,False
4954,-0.047825933,0.52633226,False
4955,-0.1967014,-0.025317192,False
4956,-0.13022548,-0.2205351,False
4957,0.0031247437,0.018155992,False
4958,-0.069645286,0.19097006,False
4959,-0.061032534,-0.013623357,False
4960,0.03133825,0.13267775,False
4961,0.26939917,-0.23611975,False
4962,0.19023946,-0.12087233,False
4963,0.0018322244,0.09191825,False
4964,-0.0052919565,-0.0052919565,False
4965,0.012389228,0.033573613,False
4966,0.012675352,-0.00922048,False
4967,-0.10455117,0.27767274,False
4981,-0.021627432,0.0021076258,False
4980,-0.012839066,-0.012839066,False
4979,0.01870656,-0.11135943,False
4978,0.017964028,-0.004478243,False
4977,0.0,0.00034175883,False
4976,-0.17516267,-0.058269143,False
4950,0.038474977,-0.008510709,False
4975,0.019458037,-0.015838534,False
4973,-0.09339094,-0.13550484,False
4972,-0.15948248,0.070277214,False
4971,0.15668821,0.12425494,False
4970,0.0022085458,0.010277636,False
4969,-0.004753763,-0.004753763,False
4968,0.0,0.0,False
4974,-0.007257517,-0.0067974213,False
4949,0.10191655,0.1239959,False
4948,0.07049915,0.038558684,False
4947,0.023257941,0.00019139051,False
4928,-0.023302078,-1.4170628,False
4927,-0.68794394,-0.8820343,False
4926,0.018773139,0.051014453,False
4925,0.09457942,0.508621,False
4924,-0.40719414,-0.9881425,False
4923,-0.013541058,-0.029483136,False
4929,-0.033156395,-1.9289517,False
4922,-0.16224909,0.22527862,False
4920,0.17211407,0.25908333,False
4919,0.024462938,-0.05902797,False
4918,0.329643,0.043370247,False
4917,0.013814449,-0.3144536,False
4916,0.2400279,0.17898464,False
4915,-0.03425494,0.2538955,False
4921,-0.022002377,0.2088792,False
4913,-0.27710462,-0.29690742,False
4930,0.36530352,-1.1703625,False
4932,-0.019233704,-0.6991651,False
4946,-0.009430839,-0.0028959853,False
4945,0.07435155,0.052789986,False
4944,-0.00093299896,0.017177299,False
4943,-0.05973196,0.16371632,False
4942,0.15325043,0.12029314,False
4941,0.0,0.0031164342,False
4931,0.0011709034,-0.07701977,False
4940,0.0779182,-0.10072684,False
4938,0.01736084,-0.043315403,False
4937,-0.020585872,-0.031140354,False
4936,-0.083016336,-0.30783644,False
4935,-0.287943,0.055414736,False
4934,-0.1998086,-0.3988775,False
4933,0.031116605,-0.17783642,False
4939,0.014434092,-0.0027680006,False
5694,-0.04854077,-0.104798734,False
5680,0.049256325,-0.26125574,False
5696,-0.00038112327,-0.019590566,False
6422,0.027553767,-0.14369252,False
6423,0.0012136176,-0.05936355,False
6424,-0.031199235,-0.047230154,False
6425,0.0,0.0,False
6426,-0.009678155,-0.009678155,False
6427,0.022414215,0.0,False
6428,0.0,0.00016689755,False
6429,-0.038426697,-0.020909362,False
6430,0.009119619,-0.037346613,False
6431,-0.008088217,-0.008073807,False
6432,-0.08548874,-0.21543723,False
6433,-0.01479727,-0.054331273,False
6434,-0.12567478,0.0009546578,False
6435,-0.20073795,-0.29822302,False
6436,-0.013561417,-0.013561417,False
6437,0.0,0.0,False
6438,0.05517876,0.097776085,False
6452,-0.0073484164,-0.029845417,False
6451,0.08581114,-0.29169083,False
6450,-0.15065968,-0.0721488,False
6449,0.014075264,-0.028085578,False
6448,0.17302942,-0.43856812,False
6447,0.14799589,-0.015158288,False
6421,-0.05494404,-0.122604996,False
6446,-0.007240705,0.0074561145,False
6444,0.047333956,0.07386844,False
6443,-0.020626435,0.00066704303,False
6442,-0.021671591,-0.021671591,False
6441,0.0780077,-0.14557743,False
6440,-0.049636364,-0.4950314,False
6439,-0.17748436,0.124966085,False
6445,-0.01164338,-0.09017342,False
6453,-0.0050043217,-0.0050043217,False
6420,-0.0046977997,-0.004696021,False
6418,-0.013976634,0.015511453,False
6387,-0.0017472357,-0.018393064,False
6388,-0.0149968285,-0.01458138,False
6389,-0.09560445,0.01689896,False
6390,-0.013683278,-0.013683278,False
6391,-0.0044386256,-0.0044386256,False
6392,-0.06542832,-0.13207644,False
6393,0.0407871,-0.4476316,False
6394,-0.041521728,-0.0104976,False
6395,-0.1263678,-0.033682793,False
6396,-0.18825209,-0.14509337,False
6397,0.04449842,-0.022033814,False
6398,-0.678313,-1.1289889,False
6399,0.21752453,0.2540195,False
6400,-0.014338106,-0.071373284,False
6401,0.013181686,-0.22624463,False
6402,-0.008570966,-0.008181561,False
6403,-0.11770427,-0.17275262,False
6417,-0.5642282,-0.14610362,False
6416,-0.03563886,-0.04595336,False
6415,-0.0011031777,0.11215696,False
6414,0.014465332,-0.053402185,False
6413,-0.1196841,0.002302885,False
6412,-0.153063,-0.23481154,False
6419,0.13539934,-0.026723862,False
6411,-0.04125598,-0.1278,False
6409,-0.10295868,-0.009526372,False
6408,-0.1697594,-0.025928676,False
6407,0.08743596,-0.26822782,False
6406,-0.021999374,0.020662874,False
6405,0.075552836,-0.081596375,False
6404,0.016543342,-0.004990244,False
6410,0.0052748322,0.16441685,False
6454,-0.005548345,-0.026595002,False
6455,0.14196002,0.17427814,False
6456,0.052992113,0.0022271946,False
6493,0.08552775,0.014269114,False
6494,-0.047784537,-0.13295326,False
6495,0.16327184,0.13594705,False
6496,-0.010210454,-0.063984334,False
6497,-0.26579276,-0.36864242,False
6498,-0.0051150434,-0.005109269,False
6499,-0.016995966,-0.016648326,False
6500,0.039782822,-0.02391076,False
6501,0.04989457,-0.040438324,False
6502,-0.039238542,-0.09830397,False
6503,5.7697296e-05,0.20276785,False
6504,-0.079063475,0.09296709,False
6505,-0.011834741,-0.040875345,False
6506,0.032712758,0.07614252,False
6507,0.15174294,-0.008111477,False
6508,-0.20414996,0.016447127,False
6509,-0.24153996,-0.27370453,False
6523,-0.083094954,0.040732086,False
6522,-0.053076893,-0.009804219,False
6521,-0.10695374,-0.14402267,False
6520,-0.050444543,-0.06807172,False
6519,0.21721143,0.098394275,False
6518,-0.11771965,0.10714093,False
6492,-0.012020364,-0.10091409,False
6517,0.04247117,-0.053367227,False
6515,-0.037542522,0.11993408,False
6514,0.070127726,-0.07452428,False
6513,0.064955615,0.0008547045,False
6512,0.07803774,-0.1409564,False
6511,-0.511667,-0.28590155,False
6510,0.011778938,-0.008650139,False
6516,-1.0032674,-1.1107258,False
6491,0.11437863,-0.046739437,False
6490,0.016245522,-0.10567009,False
6489,-0.020055564,-0.042175047,False
6470,0.0,6.5967855e-05,False
6469,0.0026586652,0.0088214725,False
6468,0.038474433,-0.028984016,False
6467,-0.15452564,-0.061909787,False
6466,-0.26763517,0.14054883,False
6465,-0.040340632,-0.013748378,False
6471,0.008625612,-0.013732113,False
6464,-0.052542053,-0.015936509,False
6462,-0.008155326,-0.0075517655,False
6461,-0.0028298795,-0.032698274,False
6460,-0.019336894,-0.11991341,False
6459,0.07103379,-0.0012198538,False
6458,0.08876228,-0.1183238,False
6457,-0.008541172,-0.008541172,False
6463,0.0,0.0,False
6386,0.079760045,-0.027562141,False
6472,0.05270812,-0.0129035115,False
6474,0.0,0.0,False
6488,-0.08234858,-0.08234858,False
6487,0.003789235,0.019204494,False
6486,-0.28721595,-0.39170066,False
6485,-0.009205225,-0.009205225,False
6484,0.0,0.0,False
6483,-0.006522119,0.012191296,False
6473,0.0,0.0,False
6482,-0.3277241,-0.027097285,False
6480,0.0,0.0,False
6479,-0.03092575,-0.05412987,False
6478,-0.035449512,-0.057825282,False
6477,0.0,0.0,False
6476,-0.09708923,-0.10441236,False
6475,-0.0110503435,0.00037813187,False
6481,-0.01878824,-0.01744944,False
6385,0.0,3.04004e-05,False
6384,-0.008507775,-0.022703905,False
6383,0.0,0.0,False
6281,-0.052263375,-0.03722707,False
6282,-0.023122452,-0.045911714,False
6283,0.0075712474,-0.009503207,False
6284,0.039863877,-0.020277519,False
6285,0.045080394,0.08642984,False
6286,0.010491736,0.10923316,False
6287,0.0395602,0.13717556,False
6288,-0.060346633,0.29178408,False
6289,0.0,0.0,False
6290,0.007000208,0.23911816,False
6291,0.0,0.0,False
6292,-0.20977634,0.0832603,False
6293,0.0,9.506097e-06,False
6294,-0.054209113,-0.1278874,False
6295,-0.067041636,-0.2958796,False
6296,-0.78506327,-0.7058327,False
6297,-0.01390636,-0.013608408,False
6311,0.021659672,-0.13746491,False
6310,0.0076861978,0.02517435,False
6309,0.012015862,-0.010070635,False
6308,-0.022785781,-0.022123346,False
6307,0.2573637,-0.16291001,False
6306,0.014258422,-0.02855099,False
6280,0.019388555,-0.004047248,False
6305,0.0035493374,-0.019117594,False
6303,0.017989716,0.0045300187,False
6302,0.0,0.00035722254,False
6301,-0.12347904,-0.12529953,False
6300,0.03543037,0.029723227,False
6299,-0.07427618,-0.15893474,False
6298,-0.013027579,-0.067604735,False
6304,-0.03408748,-0.03408748,False
6279,0.0,0.0,False
6278,0.0075709783,-0.038116198,False
6277,-0.047646925,-0.062452063,False
6258,-0.05174362,-0.045066632,False
6257,0.011788309,-0.01649499,False
6256,-0.13188708,-0.13607651,False
6255,-0.036544427,-0.029858854,False
6254,-0.03095858,-0.05096181,False
6253,0.08236234,0.11801219,False
6259,0.06966625,0.007652983,False
5695,0.12761223,0.044706374,False
6250,-0.0050395867,-0.0050395867,False
6249,0.05717963,-0.19153048,False
6248,0.11086103,0.53749466,False
6247,-0.117862314,-0.08480537,False
6246,-0.09198451,-0.097504094,False
6245,0.03529019,-0.010552203,False
6251,0.0,0.00023456647,False
6312,-0.023605555,-0.022238303,False
6260,0.05183646,-0.007020954,False
6262,-0.07940924,-0.03290528,False
6276,0.043308496,0.10271025,False
6275,-0.018638492,0.37724376,False
6274,-0.018772649,-0.015619138,False
6273,-0.16674164,-0.16923086,False
6272,0.065189004,0.082412004,False
6271,-0.0048398376,-0.13903958,False
6261,0.39418122,-0.01523599,False
6270,-0.11297041,0.009268403,False
6268,-0.024543792,-0.011736259,False
6267,0.15133172,0.0883562,False
6266,-0.010590553,-0.24365461,False
6265,-0.051272437,-0.0348797,False
6264,0.020592118,-0.022522558,False
6263,-0.007793164,-0.026835162,False
6269,-0.06918836,-0.03166303,False
6524,0.12043136,-0.09043884,False
6313,0.048401892,0.40846366,False
6315,-0.1346592,-0.02368036,False
6352,0.009864867,-0.02914934,False
6353,-0.091101214,-0.1763714,False
6354,0.05672644,-0.087470524,False
6355,0.013404459,0.12583935,False
6356,0.0,0.0,False
6357,-0.13203168,0.00958395,False
6358,-0.024296708,-0.024296708,False
6359,-0.01887801,-0.01887801,False
6360,0.04967186,-0.014731232,False
6361,0.06341596,-0.017653167,False
6362,-0.0022074282,-0.1303653,False
6363,0.08626145,0.002480045,False
6364,-0.07259509,-0.06062469,False
6365,-0.33560288,0.0047973394,False
6366,0.20318723,0.2747506,False
6367,-0.0053577055,0.0014553196,False
6368,0.12087619,-0.07222879,False
6382,-0.02974987,-0.030981034,False
6381,-0.009723421,-0.009723421,False
6380,0.30099463,0.15276366,False
6379,0.05222036,-0.014048189,False
6378,-0.16822791,-0.11138338,False
6377,-0.05754149,-0.19860548,False
6351,-0.1460337,-0.06915878,False
6376,-0.6464567,-0.861552,False
6374,-0.082051516,0.025792599,False
6373,-0.14940906,-0.03514713,False
6372,0.111257315,0.26278543,False
6371,0.13894142,-0.016503528,False
6370,0.04201597,-0.02488219,False
6369,-0.136069,0.1286524,False
6375,0.0,0.0,False
6350,0.03729272,0.097400576,False
6349,0.12869838,0.010429859,False
6348,0.16212761,-0.054724693,False
6329,-0.8270105,-1.0617454,False
6328,0.0099129025,0.030302797,False
6327,-0.073147394,-0.067436434,False
6326,0.03198281,0.034637734,False
6325,0.023698702,-0.08634122,False
6324,0.07141505,0.066254765,False
6330,-0.08771959,-0.018552497,False
6323,0.017764509,-0.1686871,False
6321,0.030588724,0.026206695,False
6320,-0.004584724,-0.004578954,False
6319,0.0,0.0014420494,False
6318,0.0,0.012987551,False
6317,-0.15753269,0.02586788,False
6316,0.0023918748,0.07331437,False
6322,-0.26116383,-0.47886038,False
6314,0.00033187866,-0.03568622,False
6331,-0.18412545,0.010515988,False
6333,0.030861542,-0.0486883,False
6347,0.11338568,-0.1742006,False
6346,0.009418838,-0.03342712,False
6345,-0.015527986,0.10556287,False
6344,-0.040710617,0.29698154,False
6343,-0.0130649265,-0.033390753,False
6342,-0.055857062,-0.08524023,False
6332,0.048091367,-0.013755982,False
6341,-0.0033291578,0.04356563,False
6339,0.03599669,-0.09576608,False
6338,0.04753442,0.015046731,False
6337,0.0087650865,0.1008582,False
6336,-0.08940919,-0.014658257,False
6335,0.05134201,-0.12266606,False
6334,0.22553039,0.06096059,False
6340,-0.013165414,0.12993008,False
6525,0.027127147,-0.12035644,False
6526,-0.15680361,0.16052818,False
6527,-0.00280834,-0.09104947,False
6706,-0.09658986,-0.040631473,False
6707,0.027928453,-0.029117681,False
6708,0.0,0.00027191683,False
6709,0.06690855,-0.06603855,False
6710,-1.0343752,-1.4716022,False
6711,0.0023081303,-0.03701584,False
6712,-0.24287936,0.00059324503,False
6713,-0.4626317,-0.1886059,False
6714,0.012891233,-0.07109759,False
6715,-0.023491034,-0.023486316,False
6716,-0.030609012,0.08042538,False
6717,-0.06618324,0.040555388,False
6718,-0.028871536,-0.16416162,False
6719,0.04803241,-0.03096117,False
6720,0.083269626,0.02623418,False
6721,0.029303968,-0.020168483,False
6722,0.026595391,0.004083641,False
6736,0.01888612,-0.08267185,False
6735,0.0076185465,-0.020393232,False
6734,0.027094454,0.013700187,False
6733,-0.20282364,-0.17806482,False
6732,0.055110574,0.19534707,False
6731,0.026152253,0.01864469,False
6705,-0.21837974,-0.2852658,False
6730,-0.10408527,-0.045856655,False
6728,-0.08269274,-0.015288398,False
6727,-0.014986165,-0.014986165,False
6726,0.034561075,0.0905536,False
6725,0.10149816,0.054430217,False
6724,0.013453584,-0.006993836,False
6723,-0.19409724,0.039674222,False
6729,-0.12534446,-0.040283978,False
6704,0.052797437,-0.10179067,False
6703,-0.003413568,-0.003413568,False
6702,-0.022081926,-0.010796472,False
6683,-0.003275305,-0.05320041,False
6682,0.30626523,-0.026680708,False
6681,-0.040235646,0.0012906194,False
6680,0.021011777,0.011284601,False
6679,-0.11758906,-0.2693666,False
6678,0.34899735,0.6275331,False
6684,0.16935873,0.09294748,False
6677,-0.010616908,-0.004865438,False
6675,-0.01924175,-0.07945329,False
6674,-0.32547754,0.08254111,False
6673,0.0005250238,-0.017067425,False
6672,0.02499453,-0.03131401,False
6671,-0.068068266,-0.15459347,False
6670,0.24891344,-0.027426094,False
6676,-0.05462818,0.05056557,False
6737,0.19807363,-0.18198144,False
6685,-0.16329852,-0.055377305,False
6687,-0.031440526,0.04366952,False
6701,-0.028628327,-0.028628327,False
6700,-0.077845156,-0.014862359,False
6699,-0.03154236,-0.08936268,False
6698,0.03642124,0.018626213,False
6697,0.057172388,0.10026762,False
6696,-0.0046749087,0.0014586621,False
6686,-0.014182264,-0.014139641,False
6695,-0.017840717,0.034246627,False
6693,0.1517843,0.12738761,False
6692,0.0,0.0,False
6691,0.022984609,0.0057717697,False
6690,-0.029070348,-0.07798534,False
6689,-0.058136985,-0.02667293,False
6688,-0.014039677,-0.013542879,False
6694,0.007994555,-0.033088207,False
6669,-0.029489752,-0.029249799,False
6738,-0.008589571,-0.008589571,False
6740,0.1022048,0.012066364,False
6777,0.11738998,-0.061061792,False
6778,0.018476218,-0.019658655,False
6779,0.025906563,-0.054743648,False
6780,0.23324767,-0.0955202,False
6781,0.14438593,0.056192875,False
6782,0.020253902,0.030796582,False
6783,-0.103649855,0.7089963,False
6784,0.009296849,-0.10667865,False
6785,-0.03076146,-0.048288926,False
6786,-0.043601915,-0.09718992,False
6787,-0.004892896,-0.0048839226,False
6788,-0.18072069,-0.3175087,False
6789,-0.18150464,-0.32021955,False
6790,0.06132464,0.06365384,False
6791,0.00871301,0.0034409687,False
6792,0.0,0.0,False
6793,-0.017262056,-0.017262056,False
6807,0.0,0.0010855111,False
6806,0.01961273,0.044764623,False
6805,-0.13779208,-0.12957278,False
6804,0.1964322,0.018792242,False
6803,0.1671781,0.025775313,False
6802,-0.014272347,-0.006739326,False
6776,0.1500175,0.12743533,False
6801,-0.030329995,0.025359876,False
6799,-0.3592075,-0.1702764,False
6798,-0.3254552,0.34586954,False
6797,-0.071619466,-0.070891514,False
6796,-0.07019967,-0.053948313,False
6795,0.28081036,-0.6430719,False
6794,-0.29487634,-0.08992684,False
6800,0.012018584,-0.027333492,False
6775,0.18574035,-0.013996959,False
6774,-0.06470559,-0.0805422,False
6773,0.108036876,-0.1512891,False
6754,-0.13257548,-0.1556704,False
6753,-0.004049537,-0.004049537,False
6752,0.09609616,-0.2478323,False
6751,0.05898714,-0.49889183,False
6750,0.031143468,-0.014836813,False
6749,-0.27894813,-0.13680786,False
6755,-0.06419009,0.06343375,False
6748,-0.45358157,-0.14332962,False
6746,-0.020111144,-0.085644946,False
6745,-0.028645983,-0.014465567,False
6744,-0.0017798692,-0.010693669,False
6743,-0.07425313,-0.056557972,False
6742,0.0652937,0.030673891,False
6741,0.0711429,-0.12964872,False
6747,-0.024135865,-0.07779363,False
6739,0.05093369,-0.06445847,False
6756,-0.08963968,0.033644587,False
6758,0.0028139725,-0.019320393,False
6772,0.027558863,0.057455838,False
6771,-0.0431623,0.061077088,False
6770,-0.08055723,0.0022601485,False
6769,-0.0139220655,-0.04044044,False
6768,-0.16361487,-0.21410888,False
6767,0.1440438,0.17468682,False
6757,-0.0087801665,-0.008474613,False
6766,0.0017898101,-0.0151543785,False
6764,0.011491621,-0.004841125,False
6763,0.0,0.0,False
6762,0.2582916,0.051944613,False
6761,-0.112959266,-0.25300062,False
6760,-0.014468566,-0.014468566,False
6759,0.02778089,0.15647507,False
6765,-0.0052858796,-0.0052858796,False
6244,-0.04418631,-0.08909911,False
6668,-0.036901735,0.008370742,False
6666,-0.12429336,-0.046284527,False
6564,-0.10810304,-0.021497011,False
6565,-0.38820803,-0.17912745,False
6566,-0.041594744,-0.027860284,False
6567,-0.021567345,0.12917662,False
6568,-0.15340424,-0.45528126,False
6569,0.021248192,0.069005355,False
6570,0.03440415,-0.015731897,False
6571,-0.25633907,-0.29010344,False
6572,-0.20738697,-0.36345065,False
6573,0.22263017,0.07465854,False
6574,-0.024281919,-0.13390073,False
6575,0.04149717,-0.10554266,False
6576,0.09095311,-0.01055634,False
6577,0.0,0.0,False
6578,-0.23593712,-0.43654752,False
6579,0.20043182,0.110667706,False
6580,-0.024394076,-0.024394076,False
6594,-0.07409549,-0.055171728,False
6593,0.11415541,0.20128688,False
6592,0.017057348,0.025868956,False
6591,0.024337053,0.06546081,False
6590,0.020622088,0.0,False
6589,-0.14642292,-0.051697016,False
6563,0.12636214,-0.1843527,False
6588,0.029530503,-0.034324326,False
6586,-0.028272271,-0.091820434,False
6585,-0.47491038,-0.3317312,False
6584,-0.24960113,-0.23278916,False
6583,0.070485875,-0.037676737,False
6582,-0.011596635,-0.01627846,False
6581,-0.032085977,-0.09660667,False
6587,-0.05627577,-0.1117239,False
6562,0.0035712384,-0.038092803,False
6561,0.0655213,0.010009795,False
6560,-0.004650863,-0.027707094,False
6541,-0.1538651,0.05939901,False
6540,-0.1122092,0.21366596,False
6539,-0.07527375,-0.04593897,False
6538,0.14027214,-0.57382965,False
6537,0.23968625,0.16711092,False
6536,0.24047327,-0.043447495,False
6542,0.41137505,-0.14690924,False
6535,-0.01199007,-0.27875137,False
6533,-0.04983829,0.11087261,False
6532,0.08331847,0.094932914,False
6531,-0.054443,0.36420035,False
6530,-0.013820175,-0.013805539,False
6529,0.12710214,-0.3650639,False
6528,0.06532442,0.011485901,False
6534,0.060853004,-0.25850463,False
6595,-0.13103133,-0.09454906,False
6543,0.12419391,0.04359603,False
6545,-0.13008034,0.13153195,False
6559,0.031192541,0.1365223,False
6558,-0.027446866,-0.13242745,False
6557,-0.16415422,0.16873617,False
6556,0.059843063,-0.077117205,False
6555,0.13448584,0.105511665,False
6554,-0.0021360628,-0.022048905,False
6544,0.24292612,-0.14389658,False
6553,-0.018705439,-0.018705439,False
6551,0.05755663,0.052882195,False
6550,-0.1928134,-0.07606411,False
6549,-0.027310506,-0.027308365,False
6548,0.009181309,-0.012384323,False
6547,0.04497406,0.0,False
6546,-0.0038599067,-0.0038599067,False
6552,0.31655478,0.15081811,False
6667,-0.019153222,0.00021126121,False
6596,-0.022785962,-0.026990116,False
6598,0.2459588,0.29500437,False
6635,0.063944995,0.07622643,False
6636,-0.0009739399,-0.10579765,False
6637,0.030855285,-0.025495656,False
6638,0.024929892,-0.053436827,False
6639,0.01203268,-0.009892369,False
6640,-0.009962751,-0.009962751,False
6641,-0.09275055,0.3977027,False
6642,-0.044944733,0.060322702,False
6643,-0.060304485,-0.07572457,False
6644,-0.05331795,0.01071348,False
6645,-0.13493234,-0.086755276,False
6646,0.110078186,0.20978695,False
6647,0.14253941,-0.0040249527,False
6648,-0.026459306,-0.06825666,False
6649,-0.042918827,-0.051900387,False
6650,0.0,0.0,False
6651,-0.02517848,-0.047915634,False
6665,-0.03435497,-0.017460048,False
6664,0.003650695,0.040758193,False
6663,-0.030648887,0.1483742,False
6662,-0.08074784,-0.3861258,False
6661,0.0036100317,-0.013094836,False
6660,0.112119704,-0.16360953,False
6634,0.03576927,0.010547275,False
6659,-0.0038988031,-0.008003895,False
6657,0.012327958,0.12445374,False
6656,-0.08869967,-0.084680825,False
6655,0.005875496,-0.030860307,False
6654,-0.17676127,-0.0740924,False
6653,0.038033612,-0.053997643,False
6652,-0.9656491,-0.63376045,False
6658,-0.07802914,-0.008173436,False
6633,0.18868245,0.1063938,False
6632,0.05559288,-0.02249059,False
6631,0.0,0.0,False
6612,-0.07503834,-0.06350452,False
6611,-0.0742355,0.0126488805,False
6610,0.08627838,0.13158423,False
6609,-0.0113263205,-0.012894712,False
6608,0.0,8.674975e-06,False
6607,0.12134898,0.040730834,False
6613,-0.17447257,0.2220689,False
6606,0.0,6.2808096e-05,False
6604,-0.19356722,-0.075410485,False
6603,0.20771718,0.02086997,False
6602,0.016744656,-0.005006542,False
6601,-0.028741367,-0.07286203,False
6600,0.04063937,-0.019830743,False
6599,-0.30118585,-0.13736618,False
6605,0.0,0.0,False
6597,-0.026802644,0.025083795,False
6614,0.20743757,-0.0064605474,False
6616,0.019480139,-0.062917605,False
6630,-0.3169778,-0.2691036,False
6629,0.008603601,0.029238867,False
6628,-0.0048315576,-0.0048315576,False
6627,0.06860083,-0.094211936,False
6626,0.024027526,-0.07152377,False
6625,-0.02621001,0.0037083924,False
6615,0.09432638,0.1879896,False
6624,-0.23782957,-0.083233476,False
6622,-0.20382082,0.020079613,False
6621,-0.10591793,-0.19163257,False
6620,-0.12809688,0.0040489435,False
6619,-0.27121374,0.012773871,False
6618,0.109677315,0.070522964,False
6617,0.03839135,0.018630654,False
6623,0.016714454,-0.1389904,False
6243,-0.43454218,-0.07392645,False
6252,-0.057510227,-0.08070541,False
6241,-0.01442083,-0.01442083,False
5890,0.047222823,0.00011861324,False
5889,-0.06398803,-0.05838287,False
5888,-0.022541106,0.066970766,False
5887,0.011350393,0.0401721,False
5886,0.15796334,0.4634586,False
5885,-0.12232113,-0.4491855,False
5891,-0.049123228,-0.0012972355,False
5884,-0.014024138,-0.019287795,False
5882,0.018108536,-0.0050598695,False
5881,-0.1677723,-0.103961945,False
5880,0.0,0.0,False
5879,-0.02094505,0.0061284676,False
5878,0.087010264,0.12257439,False
5877,-0.31950665,-0.20653129,False
5883,0.015429791,-0.004896036,False
5876,0.12759316,-0.015165746,False
5892,-0.005034769,0.0071615726,False
5894,0.013809906,-0.008153947,False
5908,-0.004497087,-0.004497087,False
5907,0.0,0.0,False
5906,0.0249835,-0.012556946,False
5905,-0.031034067,0.050685503,False
5904,0.09823973,-0.004493378,False
5903,0.026930183,-0.006096363,False
5893,-0.1937725,-0.0029028654,False
5902,-0.13920915,0.048637748,False
5900,-0.043129504,-0.011735946,False
5899,-0.0045474074,-0.0045474074,False
5898,-0.04063113,-0.044028804,False
5897,-0.07015607,0.027025461,False
5896,0.01776743,0.083343595,False
5895,0.08677012,-0.02919349,False
5901,0.34464478,0.050074577,False
5909,-0.39002788,-0.4305271,False
5875,-0.18579054,0.015628457,False
5873,-0.17639989,-0.29022184,False
5854,0.0,0.0,False
5853,-0.005222162,-0.005222162,False
5852,0.11414829,0.18741852,False
5851,0.027648047,-0.07375061,False
5850,-0.042552203,0.38584268,False
5849,-0.004898398,-0.002971368,False
5855,0.037001945,0.029569771,False
5848,-0.28859568,-0.20305634,False
5846,0.0040728617,-0.017762927,False
5845,-0.22715124,-0.0371235,False
5844,0.13331282,0.33238018,False
5843,-0.13254562,-0.010058284,False
5842,-0.009687987,0.0002672635,False
5841,0.21322966,-0.5147548,False
5847,0.19985867,0.28102708,False
5874,-0.05252149,-0.032877415,False
5856,-0.00045849383,-0.04579424,False
5858,-0.25671315,0.19426274,False
5872,-0.7909627,-0.4249661,False
5871,-0.3779037,-0.68518305,False
5870,-0.10148916,-0.08012363,False
5869,0.08154574,-0.05573917,False
5868,-0.004661479,0.0008836519,False
5867,-0.0024913028,-0.003957594,False
5857,0.0020681862,-0.020307645,False
5866,-0.058847964,-0.05913335,False
5864,-0.004127486,-0.004127486,False
5863,0.28002584,-0.12920237,False
5862,0.061453313,-0.13253462,False
5861,-0.079765126,-0.02261296,False
5860,-0.009050237,-0.008344036,False
5859,0.025888711,0.054492943,False
5865,-0.20001996,-0.36785424,False
5840,0.028466344,0.004316181,False
5910,0.007696326,-0.009103834,False
5912,-0.030810134,0.062829316,False
5962,-0.16827863,-0.22132774,False
5961,-0.114347294,0.01214391,False
5960,0.0,0.0,False
5959,-0.489789,-0.3284657,False
5958,0.18156004,0.22197914,False
5957,-0.009878572,-0.009878572,False
5963,0.047715634,0.03791994,False
5956,-0.18343331,-0.16749161,False
5954,-0.16362497,-0.119503945,False
5953,-0.014573276,0.24152678,False
5952,-0.029461235,-0.012301683,False
5951,-0.054852694,0.040198207,False
5950,0.00015074015,0.061016977,False
5949,-0.0046281735,-0.0046281735,False
5955,-0.0012550242,-0.020075534,False
5948,-0.0024199486,-0.043496046,False
5964,-0.26152945,-0.12778664,False
5966,-0.36121964,0.080351114,False
5980,0.28998852,0.22918844,False
5979,0.0059865415,0.08677399,False
5978,0.15669826,0.010901183,False
5977,-0.040304422,-0.09510279,False
5976,0.00013199821,-0.02009475,False
5975,0.055847287,-0.27941984,False
5965,0.073848546,0.07520795,False
5974,0.06347069,-0.11119428,False
6242,0.080663815,-0.09622011,False
5971,-0.012050748,0.081055164,False
5970,-0.16104525,-0.30232698,False
5969,-0.026089162,-0.027268782,False
5968,-0.033762053,-0.010350406,False
5967,0.04395938,0.09339845,False
5973,-0.20358676,-0.031214714,False
5911,0.0018235892,0.023390595,False
5947,-0.10373676,0.13261688,False
5945,-0.0015178323,-0.022054955,False
5926,-0.05586776,-0.1464555,False
5925,-0.19347516,0.0707643,False
5924,0.048498094,-0.07113172,False
5923,0.1609006,0.27437007,False
5922,0.22397554,0.049940884,False
5921,-0.00094872713,-0.118676275,False
5927,-0.21288222,-0.19735062,False
5920,0.25778732,0.0021875203,False
5918,-0.00908873,-0.00908873,False
5917,-0.009261847,0.008879483,False
5916,-0.032595754,0.12914288,False
5915,0.0024166405,0.18075311,False
5914,-0.21865252,-0.02377677,False
5913,-0.38317692,-0.44707435,False
5919,-0.005140462,-0.005140462,False
5946,0.0,0.0,False
5928,0.03261596,-0.10086179,False
5930,-0.014054246,-0.055089954,False
5944,-0.0175026,-0.0175026,False
5943,-0.6072691,-0.6388393,False
5942,0.05371064,-0.20485198,False
5941,0.015295297,-0.060729694,False
5940,-0.097543,-0.07986373,False
5939,-0.07055643,0.19582084,False
5929,-0.04198651,0.057770647,False
5938,-0.13294208,-0.12988007,False
5936,-0.389347,-0.15476328,False
5935,-0.17198342,-0.29920036,False
5934,-0.08770847,0.06576145,False
5933,0.2185862,-0.0057154894,False
5932,0.007754147,-0.13271707,False
5931,-0.042108834,-0.0016247779,False
5937,-0.119666874,0.30630606,False
5981,-0.025488615,0.066357136,False
5839,0.0,0.0,False
5837,0.035353392,0.02369611,False
5746,0.026554123,-0.10985958,False
5745,0.006755024,-0.04812026,False
5744,-0.008031599,-0.009939939,False
5743,-0.004415072,-0.004415072,False
5742,-0.003592351,-0.003592351,False
5741,-0.24253535,-0.5503559,False
5747,0.012033267,-0.009508086,False
5740,0.08367335,0.49900708,False
5738,0.038844645,-0.07650417,False
5737,-0.035795614,-0.059758164,False
5736,-0.015065657,-0.012491647,False
5735,0.19784331,-0.31675255,False
5734,0.060577877,-0.06332928,False
5733,0.09716737,0.051819026,False
5739,-0.29565,-0.49407578,False
5732,0.10931033,0.39852303,False
5748,-0.004825721,-0.004825721,False
5750,-0.0049733785,2.1502841e-05,False
5764,2.7289614e-05,-0.024502307,False
5763,0.024191678,0.09564006,False
5762,-0.1686731,-0.0132369995,False
5761,0.015322387,0.12293863,False
5760,0.032478094,0.28854132,False
5759,-0.07920771,0.10429464,False
5749,-0.0021219533,-0.024555495,False
5758,-0.009467758,-0.050798625,False
5756,0.030769974,-0.029271215,False
5755,0.15967306,0.16009226,False
5754,-0.30591106,-0.076183915,False
5753,-0.0296489,-0.047128797,False
5752,-0.021982253,-0.047145426,False
5751,-0.2187947,-0.27949798,False
5757,-0.015522599,-0.015776992,False
5765,-0.43316782,0.031571627,False
5731,-0.21598405,0.089262426,False
5729,-0.013852173,-0.013852173,False
5710,0.034360766,-0.13359076,False
5709,-0.04504375,-0.0631834,False
5708,0.107699156,-0.12986076,False
5707,0.0,0.0,False
5706,-0.16213632,0.048888445,False
5705,-0.151872,0.08572677,False
5711,-0.016438782,0.08161056,False
5704,-0.0917778,0.0122318715,False
5702,-0.008031454,-0.014208661,False
5701,-0.08554506,0.03871098,False
5700,0.022674888,-0.015695821,False
5699,0.09746748,0.014762819,False
5698,-0.00978405,-0.00978405,False
5697,0.053272,-0.014590557,False
5703,-0.10157582,-0.08764431,False
5730,-0.028375387,0.13077265,False
5712,0.0,3.4223813e-05,False
5714,-0.008436672,-0.030187871,False
5728,-0.23264569,-0.13560688,False
5727,-0.05143164,-0.018864665,False
5726,-0.026345924,0.038518712,False
5725,0.035334997,-0.07623065,False
5724,-0.016825616,-0.10683456,False
5723,-0.2226814,-0.23824096,False
5713,0.090076625,0.012044311,False
5722,-0.07020338,-0.10961251,False
5720,0.023978941,-0.022114422,False
5719,-0.05392009,0.0674285,False
5718,0.016642373,0.1906974,False
5717,-0.014559416,-0.036169592,False
5716,0.008143282,-0.028588597,False
5715,-0.03604474,-0.08535515,False
5721,0.01599133,-0.0048448443,False
5838,-0.056099445,-0.13662493,False
5766,-0.013382733,0.07355428,False
5768,-0.004995942,0.07693976,False
5818,-0.1593895,0.31108594,False
5817,0.07190703,-0.03456474,False
5816,0.090320826,-0.113013506,False
5815,0.21195257,-0.033874154,False
5814,0.0,0.004686302,False
5813,-0.04485762,-0.32798994,False
5819,-0.10090703,-0.02995336,False
5812,0.04914379,-0.9060303,False
5810,-0.02793796,-0.071392946,False
5809,-0.1722796,-0.1250732,False
5808,-0.022660732,-0.074555516,False
5807,0.031054568,-0.040960763,False
5806,0.022520512,0.04935068,False
5805,-0.051531404,0.023205519,False
5811,-0.013302326,-0.26047754,False
5804,-0.2835886,-0.0491333,False
5820,-0.15172482,0.26547098,False
5822,0.011601431,-0.008068545,False
5836,0.016377594,0.0,False
5835,0.0,3.0643252e-05,False
5834,-0.009541677,-0.009541677,False
5833,0.09350791,-0.07940025,False
5832,-0.0833146,-0.11039762,False
5831,-0.0048066503,-0.0048066503,False
5821,-0.0980269,0.035705484,False
5830,-0.0087942,-0.008351176,False
5828,-0.014512058,-0.014512058,False
5827,-0.0048273588,-0.0048273588,False
5826,-0.005193006,-0.005193006,False
5825,0.043178167,0.07732575,False
5824,-0.0043838597,-0.0043838597,False
5823,0.073507965,0.24358493,False
5829,0.021102339,0.08973335,False
5767,0.06511593,-0.11551839,False
5803,0.22431624,0.12635899,False
5801,0.12962532,0.21537131,False
5782,0.0,0.0,False
5781,-0.012174368,-0.23117916,False
5780,-0.033704087,-0.09882132,False
5779,0.0,0.0,False
5778,-0.015023401,-0.015012253,False
5777,-0.004025647,-0.004007888,False
5783,-0.004880251,0.058091603,False
5776,-0.0656763,-0.09218456,False
5774,-0.47338387,-0.5078182,False
5773,0.0,0.0,False
5772,0.0,0.0,False
5771,0.03394369,0.13789448,False
5770,0.066607,0.08342719,False
5769,0.048217416,0.03236875,False
5775,-0.036487833,-0.05857433,False
5802,-0.030684903,0.07300323,False
5784,-0.019397723,-0.019397723,False
5786,0.21677971,0.10484743,False
5800,-0.034611538,0.111504555,False
5799,0.047847748,-0.47475302,False
5798,0.008117225,-0.028444035,False
5797,0.5973346,-0.4845451,False
5796,0.0,0.0063511217,False
5795,-0.23079103,-0.1824705,False
5785,0.03878349,-0.10213813,False
5794,0.0028444082,-0.043234494,False
5792,-0.004635468,-0.06753044,False
5791,0.00878939,0.07445097,False
5790,-0.06105733,-0.03219974,False
5789,0.029409945,-0.17618668,False
5788,-0.022768937,-0.013959181,False
5787,0.06470978,-0.018700898,False
5793,-0.057063863,-0.0062159747,False
5982,0.0015667975,-0.013034701,False
5972,-0.04577613,0.018523455,False
5984,0.1054554,-0.022831082,False
6139,-0.10182525,-0.007160485,False
6140,-0.038292646,0.19756436,False
6141,0.10381237,0.054148644,False
6142,-0.08813685,-0.21888882,False
6143,0.014524892,-0.008404627,False
6144,-0.09999089,-0.21539438,False
6145,0.024938468,-0.0204369,False
6146,0.04810799,-0.02213664,False
6147,-0.041893926,-0.029178202,False
6148,-0.07366848,-0.07499707,False
6149,0.0,0.012441028,False
6150,-0.042821348,0.010709196,False
6151,-0.0034815073,-0.22175407,False
6152,-0.0022172928,-0.011119995,False
6153,0.008597888,-0.038240567,False
6154,-0.0042631375,-0.0042631375,False
6155,0.14427438,-0.03394583,False
6169,-0.16457808,-0.19616652,False
6168,0.06984502,0.060039878,False
6167,-0.004267156,0.096965075,False
6166,-0.018304251,-0.026411224,False
6165,0.16885224,-0.009123117,False
6164,-0.24602878,-0.176803,False
6138,-0.033444416,-0.033444416,False
6163,-0.46779346,-1.0041847,False
6161,0.019209443,0.0,False
6160,0.007057376,-0.032578398,False
6159,0.00291783,-0.039449327,False
6158,-0.045139953,-0.010932926,False
6157,0.021498516,0.095118046,False
6156,-0.00799015,-0.00799015,False
6162,0.0,0.0,False
6137,-0.014823384,-0.014731777,False
6136,0.052916624,-0.00914659,False
6135,-0.009027153,-0.046346083,False
6116,-0.0048224535,-0.0048224535,False
6115,0.0,0.0,False
6114,0.0,0.0,False
6113,0.07839763,-0.0014734268,False
6112,-0.0035210575,-0.00020825164,False
6111,-0.034291666,-0.034291666,False
6117,0.038778603,-0.014663458,False
6110,0.050979055,-0.048140947,False
5983,-0.08989914,-0.04283248,False
6107,-0.034576654,-0.027324677,False
6106,0.05070734,0.024987578,False
6105,-0.09121156,-0.09551543,False
6104,-0.017951619,-0.017951619,False
6103,0.014789797,-0.014351189,False
6109,0.036705904,-0.006965384,False
6170,-0.30410528,-0.014614582,False
6118,0.0,0.00031083982,False
6120,-0.0044635446,-0.0044635446,False
6134,-0.12184015,-0.35440224,False
6133,0.018094787,-0.02048674,False
6132,0.0038991794,-0.019221794,False
6131,-0.041346133,0.05862379,False
6130,0.0,0.0019882636,False
6129,-0.027497122,-0.027497122,False
6119,-0.06772792,-0.2296018,False
6128,0.01671937,0.0074805897,False
6126,0.018135428,0.122543216,False
6125,-0.009353703,-0.009353703,False
6124,-0.010382461,-0.0103702145,False
6123,-0.04209443,-0.041827902,False
6122,0.018140495,-0.18937552,False
6121,0.042904437,0.10110247,False
6127,0.023999002,-0.036668386,False
6102,0.021155428,-0.04885787,False
6171,-0.057516336,-0.100061625,False
6173,-0.0016543567,-0.023007883,False
6210,0.0053789765,0.083103254,False
6211,-0.046474397,-0.035906434,False
6212,0.046507068,0.042836823,False
6213,0.0,0.0,False
6214,0.035639286,-0.068965286,False
6215,0.015448749,0.18906331,False
6216,0.01011923,-0.032154143,False
6217,0.060133755,0.029221848,False
6218,0.053565457,-0.030494612,False
6219,-0.015261399,-0.015261399,False
6220,-0.15245324,-0.019971967,False
6221,0.013441552,-0.01000915,False
6222,-0.012915406,-0.012915406,False
6223,0.08313775,0.061787724,False
6224,-0.019472038,-0.011070703,False
6225,0.02394396,-0.019785851,False
6226,-0.37590113,0.117807984,False
6240,0.024110042,-0.011169107,False
6239,0.031567264,-0.01251964,False
6238,-0.0051853876,-0.0051853876,False
6237,-0.23675287,0.053071976,False
6236,-0.11210954,0.104010224,False
6235,-0.15929836,-0.10349524,False
6209,-0.05319073,0.05455532,False
6234,0.0,0.00024595816,False
6232,0.0,0.0,False
6231,0.016610742,-0.016320229,False
6230,-0.062164813,0.06866416,False
6229,0.030931234,0.35874033,False
6228,-0.086808026,-0.17571104,False
6227,-0.078133404,0.00071288645,False
6233,-0.01297099,-0.027273154,False
6208,-0.07212001,-0.036493942,False
6207,-0.004428873,-0.004428873,False
6206,0.2100864,0.26078933,False
6187,0.08368373,0.0034098625,False
6186,-0.0107597485,-0.033562742,False
6185,0.015134364,-0.026682347,False
6184,0.008990914,-0.17235819,False
6183,-0.09408522,-0.6417421,False
6182,-0.021731839,-0.046461523,False
6188,-0.009328847,-0.009328847,False
6181,-0.009406716,-0.024512887,False
6179,-0.13909678,-0.07501404,False
6178,-0.15256047,-0.18356049,False
6177,-0.1541313,-0.25384825,False
6176,0.11885136,-0.05504158,False
6175,0.018403882,-0.018830797,False
6174,-0.232077,-0.2425853,False
6180,0.024734866,0.0,False
6172,-0.049331754,-0.058294684,False
6189,-0.20280904,-0.11683816,False
6191,0.019774973,0.08669427,False
6205,-0.028089285,-0.1819861,False
6204,-0.19445693,-0.24087596,False
6203,0.016679654,0.0,False
6202,-0.033590496,-0.033827346,False
6201,0.043636188,-0.015586257,False
6200,0.1381585,0.0018438697,False
6190,-0.16402364,-0.15511978,False
6199,-0.14435205,-0.13450944,False
6197,-0.20400488,0.013239026,False
6196,0.046169527,0.019377246,False
6195,0.066076204,-0.03082718,False
6194,-0.08465765,-0.0031312406,False
6193,-0.02465018,-0.024649661,False
6192,-0.024187401,0.036001727,False
6198,0.062807836,-0.0036634542,False
6101,-0.02636253,-0.04849625,False
6108,-0.035156216,-0.055544123,False
6099,0.0,0.0,False
6020,-0.004701514,-0.004701514,False
6021,0.03744346,-0.02358248,False
6022,-0.07253431,0.03594707,False
6023,0.0,0.0023305367,False
6024,-0.004886454,-0.004886454,False
6025,0.12700194,-0.09356052,False
6026,-0.032274485,-0.08390939,False
6027,-0.22926879,-0.053909898,False
6028,0.12215862,-0.1384326,False
6029,-0.09129375,-0.12115723,False
6030,-0.19171742,0.012133479,False
6031,-0.037015803,-0.046764124,False
6032,-0.044048637,-0.06643835,False
6033,-0.13929719,-0.1258415,False
6034,0.0016011149,0.05859293,False
6035,-0.011637747,-0.07754276,False
6036,-0.03568038,-0.026252914,False
6050,0.15848327,-0.026560307,False
6049,-0.120008826,0.07997763,False
6048,0.04984981,0.2390137,False
6047,-0.057264306,-0.101466015,False
6046,-0.02303442,0.34954712,False
6045,-0.01579436,-0.04303289,False
6019,-0.10770571,-0.13068306,False
6044,-0.06732145,0.24795768,False
6042,0.074082255,0.4865054,False
6041,-0.0059879124,-0.13623343,False
6040,0.14974257,0.32629576,False
6039,0.044166297,-0.010000416,False
6038,-0.04006792,0.030483961,False
6037,0.011802965,-0.0019976634,False
6100,0.08434212,0.05141294,False
6051,-0.0033912933,0.00025695795,False
6018,0.06459561,-0.09166959,False
6016,-0.23508346,-0.10908294,False
5985,0.1672839,-0.0027634501,False
5986,0.08639279,0.044029206,False
5987,-0.13303655,-0.037957847,False
5988,-0.2808712,-0.59555674,False
5989,-0.04089272,-0.058364987,False
5990,-0.22801471,0.19972563,False
5991,-0.32293928,-0.61844903,False
5992,-0.34403372,-0.48840135,False
5993,0.061115086,0.10402271,False
5994,-0.023882866,-0.27104926,False
5995,0.004009813,0.00043887086,False
5996,-0.14517428,-0.11223513,False
5997,0.025737762,0.03492576,False
5998,0.039414823,0.017845571,False
5999,0.029975891,-0.101854146,False
6000,0.0,0.0,False
6001,-0.22298849,-0.09813762,False
6015,0.021157652,-0.19645286,False
6014,0.0073336363,0.055671662,False
6013,-0.06428909,0.063345015,False
6012,-0.0113348365,-0.04597187,False
6011,-0.18689686,-0.040389836,False
6010,0.056307495,-0.14977008,False
6017,-0.049337223,0.23704597,False
6009,-0.004990244,-0.004990244,False
6007,0.012805134,0.11691028,False
6006,0.011214703,-0.049906105,False
6005,-0.07960807,-0.06502168,False
6004,0.066925645,-0.25499928,False
6003,-0.70614624,-0.21729422,False
6002,-0.022837035,0.011471286,False
6008,-0.019860888,-0.019860888,False
6053,-0.032516204,-0.084083684,False
6043,-0.43158388,-0.27192187,False
18210,-0.07978076,0.0024019182,False
6071,-0.04181975,-0.042050153,False
6072,-0.0027761385,-0.023521246,False
6073,-0.17097747,-0.25848126,False
6074,0.3285463,0.11675334,False
6096,-0.10739142,-0.09495604,False
6095,0.04132019,0.08627498,False
6075,-0.116185665,0.048109323,False
6076,0.14488703,0.16593921,False
6077,0.08843684,0.05318421,False
6078,-0.13775386,0.07014713,False
6094,-0.10375929,0.14905405,False
6088,0.035431564,0.07766408,False
6079,-0.01866746,0.06606017,False
6093,-0.0093902415,-0.0093902415,False
6081,0.061902717,0.06740661,False
6082,-0.5123453,0.023080826,False
6083,-0.05309838,-0.027721465,False
6092,-0.024714649,-0.062962204,False
6084,-0.09081054,-0.18589202,False
6085,0.05494958,-0.062331915,False
6086,-0.084776215,0.09706727,False
6091,-0.057603836,0.40924245,False
6090,-0.047784872,0.02070874,False
6087,-0.14914843,-0.35571384,False
6080,-0.045144953,-0.018848851,False
6070,-0.036901426,-0.027727127,False
6089,-0.13724113,-0.029049397,False
6056,-0.0475612,0.005563259,False
6097,0.05375898,0.04134184,False
6063,-0.02417086,0.015282273,False
6060,-0.026959091,-0.16236275,False
6064,-0.0023702905,0.040443975,False
6059,-0.22148383,-0.16030133,False
6065,-0.068439946,0.04908693,False
6066,-0.07281399,-0.19982386,False
6058,-0.10377623,-0.11204101,False
6057,-0.07634195,-0.023853883,False
6062,-0.055111825,0.03998649,False
6061,0.059446894,-0.0400998,False
6067,-0.0875625,0.06611389,False
6068,0.31612265,0.33594632,False
6055,0.023404937,0.0,False
6069,-0.023843825,0.07248703,False
6054,-0.04673791,0.02706924,False
6098,-0.043964416,0.41989177,False
4705,-0.05767934,-0.052241046,True
15057,-1.4099997,-0.43152356,True
9254,-0.035134025,0.098601125,True
6812,-0.0950679,0.046821475,True
8515,-1.2668031,-1.7614808,True
16329,-1.5060124,-1.0191939,True
18040,-0.07710122,-0.026621528,True
9696,-0.099551044,-0.0053596646,True
9409,-0.09944073,-0.09944073,True
1863,-0.053590864,-0.048889864,True
2595,-0.101533785,-0.084832266,True
18193,-0.088219225,-0.015366785,True
7523,-0.14168714,-0.14168714,True
8514,-1.6832001,-2.8297524,True
8519,-1.7741777,-2.1449246,True
8518,-1.3494086,-1.7348549,True
8517,-1.2732761,-1.5780519,True
2597,-0.082536526,0.026440568,True
7522,-1.4687185,-1.0221529,True
12596,-0.067741245,0.44938633,True
11922,-0.08892937,-0.08890938,True
6052,-0.117159374,-0.10170888,True
12141,-0.072262935,0.052727476,True
14015,-0.74482256,-0.9122005,True
10450,-0.121807635,-0.09665575,True
4665,-0.09140907,-0.06425055,True
3219,-0.11611971,0.015061364,True
12158,-0.06892519,-0.062445104,True
18094,-0.106051184,0.0596871,True
9295,-1.1936895,-0.8805134,True
2050,-0.07950993,-0.07499663,True
478,-0.073968016,0.02050247,True
12385,-0.12880422,-0.014755152,True
250,-0.06250552,0.017469607,True
7559,-0.076206386,0.060345024,True
13990,-0.06686304,-0.06092641,True
7430,-0.08359837,-0.00441052,True
16991,-0.6695016,-0.7257006,True
8130,-0.08498708,0.003758043,True
7494,-0.081441514,-0.07245499,True
3934,-0.18504429,-0.2373476,True
12113,-0.077505834,-0.028997324,True
17986,-0.12960917,-0.09766145,True
13825,-0.06661515,-0.041796267,True
9809,-0.10420064,-0.06264931,True
5378,-0.6470058,-0.7322087,True
13967,0.22654295,-0.16424513,True
2699,-0.044935774,-0.019887328,True
17320,-1.4062173,-1.1809876,True
13828,0.24859667,-0.025357723,True
