exp,label
7.318604,CRISP
7.4595113,CRISP
7.4622736,CRISP
7.3358083,CRISP
7.3057685,CRISP
7.4135303,CRISP
7.12515,CRISP
7.1487074,CRISP
7.4119687,CRISP
7.303522,CRISP
7.207384,CRISP
7.292085,CRISP
7.1908283,CRISP
6.7964892,CRISP
7.1851616,CRISP
7.269663,CRISP
6.930312,CRISP
7.2429533,CRISP
7.614104,CRISP
7.161224,CRISP
7.6034613,CRISP
7.3651876,CRISP
7.6981435,CRISP
7.1113095,CRISP
7.3254147,CRISP
7.4540787,CRISP
7.881758,CRISP
7.217518,CRISP
7.0807014,CRISP
7.7308154,CRISP
7.0466557,CRISP
7.298376,CRISP
7.1917944,CRISP
7.5566735,CRISP
7.19293,CRISP
7.367737,CRISP
7.4116783,CRISP
7.5871468,CRISP
7.211687,CRISP
7.883381,CRISP
7.2020335,CRISP
7.272634,CRISP
7.170938,CRISP
7.0513167,CRISP
7.7271447,CRISP
7.609591,CRISP
7.282312,CRISP
7.2340803,CRISP
7.2914834,CRISP
7.4625087,CRISP
7.3348875,CRISP
7.750759,CRISP
7.1199336,CRISP
7.4855504,CRISP
7.3887777,CRISP
7.429591,CRISP
7.0573683,CRISP
7.7029157,CRISP
7.108379,CRISP
7.0873876,CRISP
6.9838505,CRISP
7.7650194,CRISP
7.2888846,CRISP
7.6364183,CRISP
7.327744,CRISP
7.2963815,CRISP
7.3947306,CRISP
7.297317,CRISP
7.51645,CRISP
7.71101,CRISP
6.547658,CRISP
7.681312,CRISP
6.661031,CRISP
7.3308864,CRISP
7.3735633,CRISP
7.1174245,CRISP
7.0340066,CRISP
7.3211813,CRISP
7.2402225,CRISP
7.679775,CRISP
7.1240873,CRISP
7.0986376,CRISP
7.1930923,CRISP
7.135242,CRISP
7.47913,CRISP
7.352589,CRISP
7.253838,CRISP
7.510208,CRISP
7.9753685,CRISP
7.2792544,CRISP
7.213243,CRISP
7.1877217,CRISP
7.595671,CRISP
7.313449,CRISP
6.895342,CRISP
7.3508296,CRISP
7.3322177,CRISP
7.5401077,CRISP
7.1920247,CRISP
7.3494563,CRISP
7.2229276,CRISP
7.657823,CRISP
7.4023128,CRISP
7.060406,CRISP
7.3121123,CRISP
7.230315,CRISP
7.578604,CRISP
7.3202724,CRISP
7.359509,CRISP
7.0850177,CRISP
7.693447,CRISP
6.9882965,CRISP
7.5490084,CRISP
7.1856704,CRISP
7.347145,CRISP
6.986803,CRISP
7.1837134,CRISP
7.3925347,CRISP
7.2241526,CRISP
7.627518,CRISP
7.0954304,CRISP
6.9931016,CRISP
7.6710496,CRISP
6.9350114,CRISP
7.4406223,CRISP
7.340642,CRISP
7.042442,CRISP
7.3002114,CRISP
7.162553,CRISP
7.3788595,CRISP
7.032389,CRISP
7.5871563,CRISP
7.6979547,CRISP
7.1124315,CRISP
7.4443393,CRISP
7.7321463,CRISP
6.963528,CRISP
7.144039,CRISP
7.2654614,CRISP
7.2402077,CRISP
7.1200066,CRISP
7.550144,CRISP
7.4652247,CRISP
7.0731792,CRISP
7.6479354,CRISP
7.4008617,CRISP
7.2058682,CRISP
6.9180017,CRISP
6.8216395,CRISP
7.1024055,CRISP
7.359503,CRISP
7.3266354,CRISP
6.9934382,CRISP
7.2173576,CRISP
7.193016,CRISP
7.22069,CRISP
7.316672,CRISP
7.2532973,CRISP
7.041715,CRISP
7.06956,CRISP
7.0602922,CRISP
7.143591,CRISP
7.421035,CRISP
7.4306545,CRISP
7.2827215,CRISP
7.4247003,CRISP
7.535044,CRISP
7.2977943,CRISP
7.208087,CRISP
7.3118486,CRISP
7.283437,CRISP
7.2751584,CRISP
7.263287,CRISP
7.1688685,CRISP
7.2239614,CRISP
7.435352,CRISP
7.249305,CRISP
7.1262503,CRISP
7.451614,CRISP
7.1993275,CRISP
7.0938277,CRISP
7.1761665,CRISP
7.054113,CRISP
7.694772,CRISP
7.40062,CRISP
7.493742,CRISP
7.36014,CRISP
7.413276,CRISP
7.2255697,CRISP
7.331727,CRISP
7.3300114,CRISP
7.5721498,CRISP
7.6690083,CRISP
7.3807263,CRISP
7.0977497,CRISP
7.0257063,CRISP
7.640154,CRISP
7.1046247,CRISP
7.5293856,CRISP
7.3545904,CRISP
7.155166,CRISP
7.1402106,CRISP
7.042162,CRISP
7.176661,CRISP
7.183962,CRISP
7.1538067,CRISP
7.390184,CRISP
7.2129464,CRISP
6.8829823,CRISP
7.454701,CRISP
7.231393,CRISP
7.7038426,CRISP
7.401208,CRISP
7.1378994,CRISP
7.087973,CRISP
6.7906013,CRISP
7.202281,CRISP
7.1465955,CRISP
7.5563297,CRISP
7.3470006,CRISP
7.180946,CRISP
7.098647,CRISP
7.8225083,CRISP
7.364882,CRISP
7.2536535,CRISP
7.250852,CRISP
7.357867,CRISP
7.0747733,CRISP
7.388134,CRISP
7.4249597,CRISP
7.322015,CRISP
7.158041,CRISP
7.138414,CRISP
7.1500382,CRISP
7.043026,CRISP
7.4653354,CRISP
7.4596524,CRISP
7.219411,CRISP
7.176126,CRISP
7.252024,CRISP
7.6163116,CRISP
6.8768945,CRISP
7.024307,CRISP
7.7095203,CRISP
7.3622565,CRISP
7.213073,CRISP
7.219811,CRISP
7.51907,CRISP
7.320089,CRISP
7.008333,CRISP
7.361296,CRISP
7.026251,CRISP
7.434063,CRISP
7.5006847,CRISP
7.4065137,CRISP
7.255205,CRISP
7.3072066,CRISP
6.985789,CRISP
7.1690946,CRISP
7.3942256,CRISP
7.430715,CRISP
7.2216454,CRISP
6.8568044,CRISP
7.5248485,CRISP
7.532775,CRISP
7.1357436,CRISP
7.3341517,CRISP
7.2915525,CRISP
7.074643,CRISP
7.1002736,CRISP
6.843601,CRISP
7.1420965,CRISP
7.7110896,CRISP
7.2554817,CRISP
7.221291,CRISP
7.5293484,CRISP
7.2498784,CRISP
7.2154865,CRISP
7.607867,CRISP
7.60087,CRISP
7.3391304,CRISP
7.3842826,CRISP
7.2968946,CRISP
7.4017406,CRISP
7.049533,CRISP
7.28084,CRISP
7.317878,CRISP
7.159095,CRISP
7.903898,CRISP
7.0564733,CRISP
7.28827,CRISP
7.31938,CRISP
7.591844,CRISP
7.3733892,CRISP
6.98557,CRISP
7.2166934,CRISP
7.28744,CRISP
7.419955,CRISP
7.1591735,CRISP
7.1438165,CRISP
7.3983836,CRISP
7.1548576,CRISP
7.2680655,CRISP
7.4322963,CRISP
7.15314,CRISP
7.279973,CRISP
7.754768,CRISP
7.269685,CRISP
7.314898,CRISP
7.7428837,CRISP
7.5972953,CRISP
7.410692,CRISP
7.2331977,CRISP
7.406953,CRISP
7.244482,CRISP
7.216004,CRISP
7.2665496,CRISP
7.3014917,CRISP
7.2245955,CRISP
7.101263,CRISP
7.482593,CRISP
7.476429,CRISP
7.188758,CRISP
7.6769485,CRISP
7.4993625,CRISP
6.9889355,CRISP
7.0997634,CRISP
7.0562134,CRISP
7.0700436,CRISP
7.080876,CRISP
7.095841,CRISP
7.297404,CRISP
7.4229693,CRISP
7.220343,CRISP
7.4118176,CRISP
7.410008,CRISP
7.250577,CRISP
7.026962,CRISP
7.6489167,CRISP
7.388131,CRISP
7.233893,CRISP
7.2377896,CRISP
7.481755,CRISP
7.1746,CRISP
7.061669,CRISP
7.2869096,CRISP
7.330018,CRISP
7.47111,CRISP
7.1491013,CRISP
7.4401155,CRISP
7.374447,CRISP
7.3604126,CRISP
7.2443967,CRISP
7.160118,CRISP
7.5289474,CRISP
7.216434,CRISP
7.4791937,CRISP
7.3481364,CRISP
7.4302845,CRISP
7.7168803,CRISP
7.1672263,CRISP
7.3245077,CRISP
7.513463,CRISP
7.420281,CRISP
7.3138943,CRISP
7.6889167,CRISP
7.173022,CRISP
8.062419,CRISP
7.4740005,CRISP
7.259822,CRISP
7.218607,CRISP
6.9942927,CRISP
7.725045,CRISP
7.0569916,CRISP
7.233533,CRISP
7.445996,CRISP
7.2727613,CRISP
7.18628,CRISP
7.178562,CRISP
7.2015877,CRISP
7.010499,CRISP
7.2389855,CRISP
7.3279195,CRISP
7.694301,CRISP
7.5508237,CRISP
7.0937276,CRISP
7.18958,CRISP
7.467389,CRISP
7.1573477,CRISP
7.2640457,CRISP
7.004353,CRISP
7.130578,CRISP
6.8975606,CRISP
6.9938383,CRISP
7.1903,CRISP
7.3137684,CRISP
7.788579,CRISP
7.663729,CRISP
7.182575,CRISP
7.179209,CRISP
7.335212,CRISP
7.606743,CRISP
7.379384,CRISP
7.5744305,CRISP
6.970732,CRISP
7.252443,CRISP
7.227986,CRISP
7.5043087,CRISP
7.220407,CRISP
7.5189495,CRISP
7.3391056,CRISP
7.530466,CRISP
7.270527,CRISP
7.0606737,CRISP
7.3389516,CRISP
7.638439,CRISP
6.9456887,CRISP
7.30206,CRISP
7.515204,CRISP
7.7001815,CRISP
7.5108323,CRISP
7.4296727,CRISP
7.274177,CRISP
7.284388,CRISP
7.384949,CRISP
7.2863417,CRISP
7.190799,CRISP
7.3551188,CRISP
7.312505,CRISP
7.2388396,CRISP
6.922276,CRISP
7.0841174,CRISP
7.2952757,CRISP
7.329517,CRISP
7.1643605,CRISP
7.504673,CRISP
7.03958,CRISP
7.1446667,CRISP
7.250258,CRISP
6.8374543,CRISP
7.2270904,CRISP
7.00056,CRISP
7.7687774,CRISP
7.5893292,CRISP
7.268552,CRISP
7.5427775,CRISP
7.482062,CRISP
6.9526987,CRISP
7.4577875,CRISP
7.4687214,CRISP
7.203819,CRISP
7.3308864,CRISP
7.5782614,CRISP
7.1016974,CRISP
7.2758126,CRISP
7.288442,CRISP
7.750789,CRISP
7.2940946,CRISP
7.0040765,CRISP
7.2808533,CRISP
7.41414,CRISP
7.3647685,CRISP
7.569919,CRISP
7.692777,CRISP
7.392916,CRISP
7.112918,CRISP
7.291054,CRISP
7.002266,CRISP
7.23858,CRISP
7.1727676,CRISP
7.1856956,CRISP
7.138475,CRISP
7.610496,CRISP
7.569673,CRISP
7.187596,CRISP
7.092705,CRISP
7.2464,CRISP
7.7181544,CRISP
7.2518363,CRISP
7.293012,CRISP
7.535408,CRISP
7.2894006,CRISP
7.0778303,CRISP
7.447738,CRISP
7.320456,CRISP
7.1623425,CRISP
7.166144,CRISP
7.3123007,CRISP
7.256528,CRISP
7.2770514,CRISP
7.3631225,CRISP
7.3473754,CRISP
7.5171022,CRISP
7.391747,CRISP
7.4066076,CRISP
7.272651,CRISP
7.232667,CRISP
6.9992757,CRISP
7.385761,CRISP
7.0419693,CRISP
7.404494,CRISP
7.3040247,CRISP
6.9996834,CRISP
7.7264857,CRISP
7.6412024,CRISP
7.0920324,CRISP
7.7209587,CRISP
7.3494186,CRISP
7.3742385,CRISP
7.530625,CRISP
7.3982987,CRISP
6.787317,CRISP
6.934483,CRISP
7.3086114,CRISP
6.8918405,CRISP
7.2759542,CRISP
6.9422956,CRISP
7.193919,CRISP
6.98204,CRISP
7.572462,CRISP
7.2295456,CRISP
7.1632566,CRISP
7.381113,CRISP
7.3926525,CRISP
7.103955,CRISP
7.219479,CRISP
7.2039986,CRISP
7.796277,CRISP
7.1433024,CRISP
6.926699,CRISP
7.517494,CRISP
7.318495,CRISP
7.279708,CRISP
7.0683246,CRISP
7.38634,CRISP
7.1826906,CRISP
7.519166,CRISP
7.43059,CRISP
7.308752,CRISP
7.1274776,CRISP
6.9906116,CRISP
7.095111,CRISP
7.359141,CRISP
7.2021728,CRISP
7.2663937,CRISP
7.1709924,CRISP
7.4176674,CRISP
6.9298162,CRISP
7.260316,CRISP
7.175052,CRISP
7.5228596,CRISP
7.2394485,CRISP
7.145432,CRISP
7.469913,CRISP
7.1844554,CRISP
7.3603487,CRISP
7.2599454,CRISP
7.3360095,CRISP
7.299397,CRISP
7.05804,CRISP
7.2218423,CRISP
7.4711466,CRISP
7.3206925,CRISP
7.2446165,CRISP
7.1335297,CRISP
6.993507,CRISP
7.682409,CRISP
7.271099,CRISP
7.3303113,CRISP
7.1628,CRISP
7.181024,CRISP
7.160343,CRISP
7.580197,CRISP
7.2554584,CRISP
7.34517,CRISP
6.9644384,CRISP
7.827744,CRISP
7.2495775,CRISP
6.826432,CRISP
7.3415475,CRISP
7.338548,CRISP
7.156235,CRISP
7.3279862,CRISP
7.402102,CRISP
7.206775,CRISP
7.340752,CRISP
7.7154236,CRISP
7.2632465,CRISP
7.11998,CRISP
7.421298,CRISP
7.058634,CRISP
7.134812,CRISP
7.277692,CRISP
7.1438494,CRISP
7.221309,CRISP
7.5720167,CRISP
7.634738,CRISP
7.1904182,CRISP
7.1260476,CRISP
7.5903363,CRISP
6.7901306,CRISP
7.1906924,CRISP
7.1622906,CRISP
7.071267,CRISP
7.579859,CRISP
7.3649073,CRISP
7.4569483,CRISP
7.157175,CRISP
7.7182307,CRISP
7.110206,CRISP
6.930676,CRISP
7.2488127,CRISP
7.8702307,CRISP
7.431573,CRISP
7.0649104,CRISP
7.308185,CRISP
6.970966,CRISP
7.45333,CRISP
7.184871,CRISP
7.696447,CRISP
7.3185067,CRISP
7.3156576,CRISP
7.278598,CRISP
7.1127234,CRISP
7.2098975,CRISP
7.5610766,CRISP
7.0597873,CRISP
7.735838,CRISP
7.2753606,CRISP
7.321485,CRISP
7.200117,CRISP
7.191465,CRISP
7.086591,CRISP
7.1588454,CRISP
7.10988,CRISP
7.4740586,CRISP
7.1949797,CRISP
7.1730156,CRISP
6.8340063,CRISP
7.3664236,CRISP
7.238523,CRISP
7.634695,CRISP
7.3310657,CRISP
7.160119,CRISP
7.5971456,CRISP
7.778088,CRISP
7.273908,CRISP
7.3600945,CRISP
7.31017,CRISP
7.1450605,CRISP
6.9949975,CRISP
6.904292,CRISP
6.9487767,CRISP
7.3360085,CRISP
7.138451,CRISP
7.277743,CRISP
7.1751494,CRISP
7.3753037,CRISP
7.3887343,CRISP
7.407507,CRISP
7.174409,CRISP
7.315794,CRISP
6.8826795,CRISP
6.8857284,CRISP
7.057944,CRISP
7.345169,CRISP
7.7756596,CRISP
7.0824113,CRISP
6.897142,CRISP
7.251318,CRISP
7.4205484,CRISP
7.422978,CRISP
7.1100183,CRISP
7.7292614,CRISP
7.4518642,CRISP
7.205826,CRISP
7.4107075,CRISP
7.0556016,CRISP
7.728268,CRISP
7.2898636,CRISP
7.6250806,CRISP
7.2806845,CRISP
7.6633306,CRISP
7.147773,CRISP
7.1052866,CRISP
7.340603,CRISP
7.40974,CRISP
7.585674,CRISP
7.170911,CRISP
7.2912793,CRISP
7.190176,CRISP
7.4733124,CRISP
7.6347494,CRISP
7.0053697,CRISP
7.4005313,CRISP
7.316111,CRISP
7.689999,CRISP
7.108877,CRISP
7.270103,CRISP
7.3185124,CRISP
7.262687,CRISP
7.0238914,CRISP
7.1832137,CRISP
7.5766225,CRISP
7.185891,CRISP
7.3999176,CRISP
7.1969647,CRISP
7.181378,CRISP
7.199807,CRISP
7.2193317,CRISP
7.1993084,CRISP
7.213724,CRISP
7.2825217,CRISP
7.245745,CRISP
7.1489305,CRISP
7.427782,CRISP
7.1316047,CRISP
7.643832,CRISP
7.1924806,CRISP
7.0239024,CRISP
7.294315,CRISP
7.609001,CRISP
7.136732,CRISP
7.3451514,CRISP
7.4692197,CRISP
7.6083336,CRISP
6.926787,CRISP
7.0174537,CRISP
7.5047503,CRISP
7.2938294,CRISP
7.319578,CRISP
7.3876305,CRISP
7.915549,CRISP
7.220325,CRISP
7.0841637,CRISP
7.162901,CRISP
7.551051,CRISP
7.2224936,CRISP
7.4691925,CRISP
7.5873537,CRISP
7.231289,CRISP
7.7834888,CRISP
7.360677,CRISP
7.844563,CRISP
6.9424815,CRISP
7.208287,CRISP
7.262987,CRISP
7.709867,CRISP
7.3280416,CRISP
7.365706,CRISP
7.3555355,CRISP
7.3436165,CRISP
7.1636977,CRISP
7.1607995,CRISP
7.316255,CRISP
7.2197156,CRISP
7.0560474,CRISP
7.704763,CRISP
7.7363358,CRISP
7.655116,CRISP
7.084194,CRISP
7.272876,CRISP
7.279368,CRISP
7.3386917,CRISP
7.4729133,CRISP
7.147342,CRISP
7.3244734,CRISP
7.3651185,CRISP
6.88409,CRISP
7.8042006,CRISP
7.2361107,CRISP
6.9109054,CRISP
7.336094,CRISP
7.206882,CRISP
7.3289714,CRISP
7.0120397,CRISP
7.0916667,CRISP
6.9604187,CRISP
7.279986,CRISP
7.6871815,CRISP
7.829462,CRISP
7.671239,CRISP
7.732401,CRISP
7.117255,CRISP
7.5117135,CRISP
7.136541,CRISP
7.0765195,CRISP
7.2371125,CRISP
7.2306747,CRISP
7.21543,CRISP
7.0563803,CRISP
7.074743,CRISP
7.2622933,CRISP
7.2403874,CRISP
7.771568,CRISP
7.7051244,CRISP
7.1063166,CRISP
7.224865,CRISP
7.340312,CRISP
7.0663342,CRISP
7.17631,CRISP
7.3550572,CRISP
7.0937924,CRISP
7.2799797,CRISP
6.9149933,CRISP
7.295478,CRISP
7.2212515,CRISP
7.228582,CRISP
7.1519003,CRISP
7.0075173,CRISP
7.226592,CRISP
7.6788387,CRISP
7.4401584,CRISP
7.7141013,CRISP
7.9058137,CRISP
7.3957405,CRISP
7.095096,CRISP
7.6859627,CRISP
7.2536244,CRISP
7.1682167,CRISP
7.260615,CRISP
7.5198126,CRISP
7.3343434,CRISP
7.3603344,CRISP
7.533757,CRISP
7.4416637,CRISP
7.089039,CRISP
7.064846,CRISP
7.0861897,CRISP
7.3399153,CRISP
7.0745134,CRISP
7.199842,CRISP
7.274598,CRISP
7.276555,CRISP
7.191585,CRISP
7.687368,CRISP
7.8031716,CRISP
7.1837697,CRISP
7.025309,CRISP
7.148235,CRISP
7.1669564,CRISP
7.077204,CRISP
6.912511,CRISP
7.7363486,CRISP
6.934071,CRISP
6.9538655,CRISP
7.383542,CRISP
7.1273584,CRISP
7.074248,CRISP
7.132455,CRISP
6.997028,CRISP
6.975112,CRISP
7.4322147,CRISP
7.22824,CRISP
7.501413,CRISP
7.0554457,CRISP
7.0226264,CRISP
7.695668,CRISP
7.4513874,CRISP
7.546998,CRISP
7.3067083,CRISP
7.186465,CRISP
7.1692057,CRISP
7.823203,CRISP
7.229872,CRISP
7.447212,CRISP
7.1820235,CRISP
7.13899,CRISP
7.301733,CRISP
7.7348413,CRISP
7.287702,CRISP
7.323757,CRISP
7.054701,CRISP
6.8579483,CRISP
7.264817,CRISP
7.290665,CRISP
7.3021035,CRISP
7.392137,CRISP
7.265021,CRISP
7.2838335,CRISP
7.016528,CRISP
7.1484876,CRISP
7.1541915,CRISP
7.1760664,CRISP
7.200652,CRISP
7.690639,CRISP
7.5562468,CRISP
7.2235627,CRISP
7.2311687,CRISP
7.320652,CRISP
7.2787037,CRISP
7.4728174,CRISP
7.4774723,CRISP
7.3789663,CRISP
7.291949,CRISP
7.256524,CRISP
7.133784,CRISP
6.994583,CRISP
7.3899503,CRISP
7.1548314,CRISP
7.348837,CRISP
7.501423,CRISP
7.195378,CRISP
7.3188486,CRISP
7.416119,CRISP
7.027007,CRISP
7.314528,CRISP
7.746244,CRISP
7.186125,CRISP
7.5044765,CRISP
7.060168,CRISP
7.449212,CRISP
7.2620273,CRISP
7.0080857,CRISP
7.340149,CRISP
7.4118514,CRISP
7.419286,CRISP
7.3516693,CRISP
7.34371,CRISP
7.706272,CRISP
7.4303374,CRISP
7.2233877,CRISP
7.6810412,CRISP
7.675913,CRISP
7.5721555,CRISP
7.5278134,CRISP
7.1584897,CRISP
7.2077622,CRISP
7.145169,CRISP
7.4352727,CRISP
7.754365,CRISP
7.1497846,CRISP
7.142733,CRISP
7.3777795,CRISP
7.174269,CRISP
7.0765038,CRISP
7.3226385,CRISP
7.369315,CRISP
7.1806602,CRISP
7.309038,CRISP
7.484402,CRISP
7.353222,CRISP
7.4309664,CRISP
7.082522,CRISP
7.142105,CRISP
7.715014,CRISP
7.342505,CRISP
7.1476407,CRISP
7.2234797,CRISP
7.1742144,CRISP
7.606336,CRISP
6.9670277,CRISP
7.5531235,CRISP
7.14758,CRISP
7.1469374,CRISP
7.199072,CRISP
7.163533,CRISP
7.136378,CRISP
7.2687416,CRISP
7.10017,CRISP
7.408694,CRISP
7.2448235,CRISP
7.4552097,CRISP
7.0498466,CRISP
7.1173697,CRISP
7.1539407,CRISP
7.009323,CRISP
7.226333,CRISP
7.225253,CRISP
7.115543,CRISP
7.179886,CRISP
7.209633,CRISP
7.1012926,CRISP
7.1032968,CRISP
7.1286855,CRISP
6.9857993,CRISP
7.3255725,CRISP
6.954758,CRISP
7.1295233,CRISP
7.203712,CRISP
7.1270127,CRISP
7.3351717,CRISP
7.0832343,CRISP
6.974528,CRISP
7.2072,CRISP
7.1765637,CRISP
7.766144,CRISP
7.1395082,CRISP
7.31779,CRISP
7.269685,CRISP
7.3227386,CRISP
7.340521,CRISP
7.394497,CRISP
7.111163,CRISP
7.70816,CRISP
7.469613,CRISP
7.2611885,CRISP
7.0456467,CRISP
7.0756407,CRISP
7.322036,CRISP
7.421532,CRISP
7.2838106,CRISP
7.3339972,CRISP
7.262789,CRISP
7.496123,CRISP
7.200863,CRISP
7.385462,CRISP
7.493798,CRISP
6.8735476,CRISP
7.68075,CRISP
7.2088995,CRISP
7.313823,CRISP
7.538463,CRISP
7.687724,CRISP
7.100616,CRISP
7.3181887,CRISP
7.5232205,CRISP
7.485818,CRISP
7.461468,CRISP
6.993105,CRISP
7.749136,CRISP
7.0477176,CRISP
7.361848,CRISP
7.103281,CRISP
7.324767,CRISP
7.4007936,CRISP
7.6885986,CRISP
6.894975,CRISP
7.2214165,CRISP
7.495375,CRISP
7.061186,CRISP
7.179111,CRISP
7.347543,CRISP
7.3613396,CRISP
7.180271,CRISP
7.431676,CRISP
7.309138,CRISP
7.24945,CRISP
7.4244184,CRISP
7.249066,CRISP
7.461707,CRISP
7.50293,CRISP
7.6968875,CRISP
7.554247,CRISP
7.3640385,CRISP
7.1964707,CRISP
7.227532,CRISP
7.187113,CRISP
6.973181,CRISP
7.474298,CRISP
7.2755527,CRISP
7.176645,CRISP
7.2697067,CRISP
7.231384,CRISP
7.0455823,CRISP
7.382552,CRISP
7.229342,CRISP
7.2817607,CRISP
7.710953,CRISP
7.33339,CRISP
7.1131935,CRISP
6.9998317,CRISP
7.1466503,CRISP
7.2105455,CRISP
7.307562,CRISP
7.530816,CRISP
7.1261015,CRISP
7.3773537,CRISP
7.5615835,CRISP
7.1517377,CRISP
7.186709,CRISP
7.748512,CRISP
6.9037423,CRISP
7.262038,CRISP
7.3900437,CRISP
7.486418,CRISP
6.894399,CRISP
7.239634,CRISP
7.7011175,CRISP
7.0905576,CRISP
7.235151,CRISP
7.448879,CRISP
7.2710934,CRISP
7.219881,CRISP
7.089522,CRISP
7.4455967,CRISP
7.043565,CRISP
7.0976872,CRISP
7.316104,CRISP
7.543085,CRISP
7.376589,CRISP
7.5419183,CRISP
7.2619867,CRISP
7.18544,CRISP
7.090973,CRISP
7.247601,CRISP
7.263147,CRISP
7.4326625,CRISP
7.062991,CRISP
7.0894628,CRISP
7.076913,CRISP
7.1999664,CRISP
7.1070914,CRISP
7.1552596,CRISP
7.441207,CRISP
7.3997955,CRISP
7.146067,CRISP
6.910535,CRISP
7.12505,CRISP
7.319058,CRISP
7.128066,CRISP
7.3825293,CRISP
7.7329254,CRISP
7.1959577,CRISP
7.40622,CRISP
7.443386,CRISP
7.730643,CRISP
7.6369643,CRISP
7.3904233,CRISP
7.7234154,CRISP
7.4428787,CRISP
7.5262766,CRISP
7.055264,CRISP
7.1374784,CRISP
7.186968,CRISP
7.5095534,CRISP
7.720322,CRISP
7.4348927,CRISP
7.386143,CRISP
7.731227,CRISP
7.2972555,CRISP
7.6509356,CRISP
7.579677,CRISP
7.138768,CRISP
7.427185,CRISP
7.179222,CRISP
7.294598,CRISP
6.983876,CRISP
7.509116,CRISP
7.133778,CRISP
7.3130345,CRISP
7.230806,CRISP
7.238102,CRISP
7.32002,CRISP
7.661482,CRISP
7.5447354,CRISP
7.320833,CRISP
7.3746266,CRISP
7.0676713,CRISP
7.036824,CRISP
7.204016,CRISP
7.3397536,CRISP
7.581724,CRISP
7.373246,CRISP
7.6051764,CRISP
6.8639026,CRISP
7.0442605,CRISP
7.419377,CRISP
7.3608103,CRISP
7.5598345,CRISP
7.12859,CRISP
7.1933093,CRISP
6.981551,CRISP
7.08832,CRISP
7.106751,CRISP
7.350733,CRISP
7.6324677,CRISP
7.5345054,CRISP
7.0860877,CRISP
7.1321354,CRISP
7.004334,CRISP
7.431039,CRISP
7.023085,CRISP
7.3637557,CRISP
7.1020813,CRISP
7.343587,CRISP
7.1910315,CRISP
7.5575466,CRISP
7.367875,CRISP
7.678019,CRISP
7.2882123,CRISP
7.463807,CRISP
7.4823995,CRISP
7.0874834,CRISP
7.0664043,CRISP
7.467035,CRISP
7.347294,CRISP
7.088122,CRISP
7.6742163,CRISP
6.93209,CRISP
7.12664,CRISP
7.1239996,CRISP
7.1508155,CRISP
7.1880517,CRISP
7.294691,CRISP
7.200112,CRISP
7.3101497,CRISP
7.16101,CRISP
7.161356,CRISP
7.2800956,CRISP
7.357501,CRISP
7.244831,CRISP
7.401217,CRISP
7.4436226,CRISP
7.626209,CRISP
7.347711,CRISP
7.3166976,CRISP
7.7018795,CRISP
7.420533,CRISP
7.1217566,CRISP
7.143594,CRISP
7.3193316,CRISP
7.303852,CRISP
6.995653,CRISP
6.87786,CRISP
7.3569574,CRISP
7.4517436,CRISP
7.0902324,CRISP
6.939372,CRISP
7.376668,CRISP
7.542444,CRISP
7.106512,CRISP
7.3484354,CRISP
7.58991,CRISP
7.4766154,CRISP
7.2065864,CRISP
7.2876034,CRISP
7.2780952,CRISP
7.244488,CRISP
7.23686,CRISP
7.095637,CRISP
7.2272725,CRISP
7.847591,CRISP
7.311184,CRISP
7.351321,CRISP
7.3156824,CRISP
7.2771187,CRISP
7.0285325,CRISP
7.009453,CRISP
7.3756866,CRISP
7.0435557,CRISP
7.2921457,CRISP
7.020334,CRISP
7.232504,CRISP
7.239877,CRISP
7.296551,CRISP
7.0303173,CRISP
7.2354407,CRISP
7.5794797,CRISP
7.3661184,CRISP
7.2451057,CRISP
7.4776964,CRISP
7.4133205,CRISP
7.255223,CRISP
7.604213,CRISP
7.225794,CRISP
7.4675612,CRISP
7.2233777,CRISP
7.2225537,CRISP
7.4305005,CRISP
7.190497,CRISP
7.42013,CRISP
7.3941813,CRISP
7.063132,CRISP
7.021238,CRISP
7.719874,CRISP
7.2608395,CRISP
7.3499384,CRISP
7.31893,CRISP
7.131539,CRISP
7.236642,CRISP
7.4077964,CRISP
7.7048235,CRISP
7.1062117,CRISP
7.409047,CRISP
7.250807,CRISP
7.097257,CRISP
7.6810102,CRISP
7.2771225,CRISP
6.89672,CRISP
6.995312,CRISP
7.1806355,CRISP
7.213365,CRISP
7.205634,CRISP
7.0538387,CRISP
7.3084254,CRISP
6.9435363,CRISP
7.588586,CRISP
7.390368,CRISP
7.103806,CRISP
7.2667656,CRISP
7.1553397,CRISP
7.244396,CRISP
7.504956,CRISP
7.1605353,CRISP
7.1925,CRISP
7.1422048,CRISP
7.1791687,CRISP
7.1708508,CRISP
7.258371,CRISP
7.2123027,CRISP
7.7149706,CRISP
6.951719,CRISP
7.1236653,CRISP
7.494901,CRISP
7.496985,CRISP
7.2279744,CRISP
6.9339824,CRISP
7.263345,CRISP
7.1669903,CRISP
7.206403,CRISP
6.969298,CRISP
7.3616433,CRISP
7.1276855,CRISP
6.8309493,CRISP
7.123036,CRISP
7.254725,CRISP
7.0916204,CRISP
7.641572,CRISP
7.108568,CRISP
7.3403034,CRISP
7.3308797,CRISP
7.4332924,CRISP
7.119605,CRISP
7.738265,CRISP
7.165699,CRISP
7.3003263,CRISP
7.305444,CRISP
7.389633,CRISP
7.2416654,CRISP
7.4444127,CRISP
7.5522757,CRISP
7.0697465,CRISP
6.9213586,CRISP
7.3230577,CRISP
7.4623127,CRISP
7.3313355,CRISP
7.063749,CRISP
7.3757925,CRISP
7.1642423,CRISP
7.073063,CRISP
7.348165,CRISP
7.404551,CRISP
7.5558953,CRISP
7.1896815,CRISP
7.3580685,CRISP
7.4498453,CRISP
7.251023,CRISP
7.255366,CRISP
7.261346,CRISP
7.699841,CRISP
7.409403,CRISP
7.3116565,CRISP
7.2296057,CRISP
7.4889727,CRISP
7.154644,CRISP
7.553577,CRISP
7.4422746,CRISP
7.44122,CRISP
7.1305003,CRISP
7.0167465,CRISP
7.1838646,CRISP
7.1509833,CRISP
7.318475,CRISP
7.4239798,CRISP
7.333191,CRISP
7.185309,CRISP
7.520991,CRISP
7.225815,CRISP
7.238886,CRISP
7.711076,CRISP
7.7339797,CRISP
7.151129,CRISP
7.350283,CRISP
7.386203,CRISP
7.2410307,CRISP
7.341834,CRISP
7.682965,CRISP
7.9380856,CRISP
7.447374,CRISP
7.273738,CRISP
7.2810583,CRISP
7.231949,CRISP
7.5878243,CRISP
7.7972183,CRISP
7.383554,CRISP
7.155813,CRISP
7.102215,CRISP
7.4254603,CRISP
7.288347,CRISP
7.395888,CRISP
7.158283,CRISP
7.079736,CRISP
6.852127,CRISP
7.2396574,CRISP
7.3654814,CRISP
7.49194,CRISP
6.96962,CRISP
7.297506,CRISP
7.127189,CRISP
7.1256113,CRISP
7.532923,CRISP
7.040647,CRISP
7.0407867,CRISP
7.6686864,CRISP
7.520466,CRISP
6.884905,CRISP
7.2130313,CRISP
7.447619,CRISP
7.234497,CRISP
6.8754325,CRISP
7.1019664,CRISP
7.1551666,CRISP
7.367162,CRISP
7.3036957,CRISP
7.1370115,CRISP
7.8657894,CRISP
7.4749007,CRISP
7.192716,CRISP
7.558776,CRISP
7.3076673,CRISP
7.4537764,CRISP
7.21596,CRISP
7.434224,CRISP
7.5089855,CRISP
7.689304,CRISP
6.999556,CRISP
7.2724333,CRISP
7.269615,CRISP
6.9180655,CRISP
7.3501945,CRISP
7.646274,CRISP
7.3719115,CRISP
7.5496244,CRISP
7.1595225,CRISP
7.530607,CRISP
7.250711,CRISP
7.3310466,CRISP
7.0888243,CRISP
7.2695327,CRISP
7.3306236,CRISP
7.3289156,CRISP
7.147017,CRISP
7.187306,CRISP
7.689401,CRISP
7.416972,CRISP
7.2157083,CRISP
7.535877,CRISP
7.519503,CRISP
7.730842,CRISP
7.2302623,CRISP
7.3267417,CRISP
7.699933,CRISP
7.2967486,CRISP
7.699809,CRISP
6.9718575,CRISP
7.560017,CRISP
7.205429,CRISP
7.226943,CRISP
7.497589,CRISP
7.1646824,CRISP
7.230299,CRISP
7.181152,CRISP
7.703264,CRISP
7.348563,CRISP
7.525618,CRISP
7.154538,CRISP
7.0285573,CRISP
7.1053014,CRISP
7.135553,CRISP
7.2304783,CRISP
7.148104,CRISP
7.222512,CRISP
7.8186617,CRISP
7.0383244,CRISP
7.184864,CRISP
7.1863947,CRISP
7.0689225,CRISP
7.374684,CRISP
7.246909,CRISP
7.489095,CRISP
7.0019073,CRISP
6.932119,CRISP
7.231905,CRISP
7.6621985,CRISP
7.3224554,CRISP
7.3225865,CRISP
7.2027173,CRISP
7.3565903,CRISP
7.0208793,CRISP
6.913772,CRISP
7.500545,CRISP
7.790205,CRISP
7.353332,CRISP
7.2078786,CRISP
7.387659,CRISP
7.170853,CRISP
7.3363724,CRISP
7.2451625,CRISP
7.196692,CRISP
7.521937,CRISP
7.5018115,CRISP
7.6514783,CRISP
6.9039907,CRISP
7.257308,CRISP
7.353312,CRISP
7.2646494,CRISP
7.2174006,CRISP
7.7145915,CRISP
7.108121,CRISP
7.2940683,CRISP
7.699077,CRISP
7.369721,CRISP
7.412588,CRISP
7.1593313,CRISP
7.828632,CRISP
7.324368,CRISP
6.9844313,CRISP
7.1145844,CRISP
7.0195026,CRISP
7.3220177,CRISP
7.6130896,CRISP
7.5347066,CRISP
7.445187,CRISP
7.289067,CRISP
7.3371706,CRISP
7.228766,CRISP
7.2140136,CRISP
7.253867,CRISP
7.3455873,CRISP
7.2634087,CRISP
7.190351,CRISP
7.3609366,CRISP
7.473775,CRISP
6.867848,CRISP
7.3873305,CRISP
7.408735,CRISP
7.1453843,CRISP
7.18899,CRISP
6.8824415,CRISP
7.383505,CRISP
7.5854597,CRISP
7.0104938,CRISP
7.4584465,CRISP
7.385398,CRISP
7.255236,CRISP
7.09088,CRISP
6.967035,CRISP
7.1981063,CRISP
8.153481,CRISP
7.31431,CRISP
7.391413,CRISP
7.3351183,CRISP
7.362391,CRISP
7.273305,CRISP
7.4262414,CRISP
7.1506143,CRISP
7.5646276,CRISP
7.0462937,CRISP
7.5132127,CRISP
7.5014777,CRISP
7.1511683,CRISP
7.2675543,CRISP
7.1142044,CRISP
7.4740224,CRISP
7.2250786,CRISP
7.3519573,CRISP
7.249602,CRISP
7.1066275,CRISP
7.1040545,CRISP
7.5786843,CRISP
7.2570915,CRISP
7.2390027,CRISP
7.235427,CRISP
7.061329,CRISP
7.558498,CRISP
7.300841,CRISP
7.278943,CRISP
7.4884725,CRISP
7.4355288,CRISP
7.4092402,CRISP
7.849333,CRISP
7.359166,CRISP
7.363452,CRISP
7.3396015,CRISP
7.2423487,CRISP
7.026057,CRISP
7.2704697,CRISP
6.827459,CRISP
7.618543,CRISP
6.8559465,CRISP
7.108826,CRISP
7.65145,CRISP
7.4739223,CRISP
7.224963,CRISP
7.2857676,CRISP
7.7152014,CRISP
7.1720424,CRISP
6.958067,CRISP
7.204798,CRISP
7.0861006,CRISP
7.182955,CRISP
7.3712583,CRISP
7.087167,CRISP
7.2050285,CRISP
7.3542767,CRISP
7.4180455,CRISP
7.4983954,CRISP
7.367926,CRISP
7.62685,CRISP
7.7807045,CRISP
7.1553283,CRISP
7.283178,CRISP
7.548328,CRISP
7.0169888,CRISP
7.0684566,CRISP
7.1375694,CRISP
7.461255,CRISP
7.415054,CRISP
7.2974644,CRISP
7.3784213,CRISP
7.3106647,CRISP
7.154264,CRISP
7.6027346,CRISP
7.511861,CRISP
7.1599684,CRISP
7.488523,CRISP
7.311929,CRISP
7.7864704,CRISP
7.1011534,CRISP
7.3040915,CRISP
7.425934,CRISP
7.303029,CRISP
7.1995387,CRISP
7.308182,CRISP
7.4290566,CRISP
7.095339,CRISP
7.1388083,CRISP
7.264655,CRISP
7.238041,CRISP
7.274187,CRISP
7.131745,CRISP
7.6579885,CRISP
7.4411182,CRISP
7.8499,CRISP
7.7811255,CRISP
7.162442,CRISP
7.3134923,CRISP
7.7481284,CRISP
7.246755,CRISP
7.190785,CRISP
7.0806284,CRISP
7.5244803,CRISP
7.2072067,CRISP
7.2049813,CRISP
7.3070927,CRISP
7.236341,CRISP
7.1857057,CRISP
7.3464265,CRISP
7.2903156,CRISP
7.1760798,CRISP
7.383975,CRISP
7.384539,CRISP
7.513868,CRISP
7.145931,CRISP
7.4586864,CRISP
7.032974,CRISP
7.086042,CRISP
7.520412,CRISP
7.363884,CRISP
7.3063407,CRISP
7.230922,CRISP
7.3481107,CRISP
7.3776493,CRISP
7.115023,CRISP
7.250426,CRISP
7.422998,CRISP
7.0937705,CRISP
7.402724,CRISP
7.3264384,CRISP
7.45577,CRISP
7.274127,CRISP
7.20205,CRISP
6.8689175,CRISP
7.471447,CRISP
7.411988,CRISP
7.068475,CRISP
7.3454156,CRISP
7.370656,CRISP
7.4386606,CRISP
7.0272665,CRISP
7.4186773,CRISP
7.22536,CRISP
7.3588767,CRISP
7.196363,CRISP
7.326794,CRISP
7.696959,CRISP
7.1951585,CRISP
7.069276,CRISP
7.3962584,CRISP
7.201759,CRISP
7.2270103,CRISP
7.103671,CRISP
7.3238626,CRISP
7.3804812,CRISP
7.3906384,CRISP
7.5740113,CRISP
7.2623005,CRISP
7.1076703,CRISP
6.9599767,CRISP
7.433641,CRISP
7.346987,CRISP
7.102694,CRISP
6.9336915,CRISP
7.428344,CRISP
6.9090304,CRISP
7.325008,CRISP
6.9937425,CRISP
7.022175,CRISP
7.0299516,CRISP
7.6631103,CRISP
7.3667235,CRISP
7.7444615,CRISP
7.049203,CRISP
7.4267735,CRISP
7.02632,CRISP
7.9569407,CRISP
7.7166634,CRISP
6.903374,CRISP
7.2583456,CRISP
7.3404016,CRISP
7.2023153,CRISP
7.063096,CRISP
7.3207197,CRISP
7.3827868,CRISP
7.473289,CRISP
7.109249,CRISP
7.227112,CRISP
7.429503,CRISP
7.5099697,CRISP
7.3880486,CRISP
7.5457196,CRISP
7.6231484,CRISP
7.188526,CRISP
6.9753747,CRISP
7.305754,CRISP
7.1438036,CRISP
7.3524923,CRISP
6.9927163,CRISP
7.1500373,CRISP
7.3434105,CRISP
7.0753074,CRISP
7.2782183,CRISP
7.371627,CRISP
7.371768,CRISP
7.011048,CRISP
7.4164147,CRISP
7.267438,CRISP
7.2258306,CRISP
7.12763,CRISP
7.33774,CRISP
7.812508,CRISP
6.9787564,CRISP
7.298213,CRISP
7.2447305,CRISP
7.3211274,CRISP
7.2703743,CRISP
6.9772673,CRISP
7.3482327,CRISP
7.2076907,CRISP
7.230124,CRISP
7.263545,CRISP
6.934364,CRISP
7.2307134,CRISP
7.4288034,CRISP
7.165307,CRISP
7.2057076,CRISP
7.498714,CRISP
7.6370673,CRISP
7.343333,CRISP
7.06285,CRISP
7.5365396,CRISP
7.0664005,CRISP
6.915006,CRISP
7.2212944,CRISP
7.233663,CRISP
7.819449,CRISP
7.3469095,CRISP
6.9554763,CRISP
7.634356,CRISP
7.3930335,CRISP
6.9801197,CRISP
7.055448,CRISP
7.0988903,CRISP
7.3467793,CRISP
7.3646216,CRISP
7.7763715,CRISP
7.3594384,CRISP
7.689746,CRISP
7.350863,CRISP
7.7183228,CRISP
7.061525,CRISP
7.023195,CRISP
7.5811005,CRISP
7.060785,CRISP
7.0916815,CRISP
7.0645924,CRISP
7.161901,CRISP
7.411098,CRISP
6.8999104,CRISP
6.9548335,CRISP
7.443904,CRISP
6.8981423,CRISP
7.0755796,CRISP
7.4991236,CRISP
7.435095,CRISP
7.2311635,CRISP
7.0772276,CRISP
7.2784014,CRISP
7.053477,CRISP
7.151457,CRISP
7.516123,CRISP
7.3680873,CRISP
7.1349387,CRISP
7.6636944,CRISP
7.88446,CRISP
7.092864,CRISP
7.073574,CRISP
6.9282217,CRISP
7.326583,CRISP
7.4283957,CRISP
7.286205,CRISP
7.233229,CRISP
7.4472814,CRISP
7.2481303,CRISP
7.7202635,CRISP
7.6986547,CRISP
7.256176,CRISP
7.852324,CRISP
7.23843,CRISP
7.4288073,CRISP
6.9629745,CRISP
7.3387218,CRISP
7.350428,CRISP
7.395538,CRISP
7.1338143,CRISP
7.4222903,CRISP
7.262459,CRISP
7.6332827,CRISP
7.3017063,CRISP
7.5585294,CRISP
7.6726832,CRISP
7.501756,CRISP
6.9520006,CRISP
7.447273,CRISP
6.8768177,CRISP
7.197835,CRISP
7.3293586,CRISP
7.6346025,CRISP
7.119696,CRISP
7.4706593,CRISP
7.7338223,CRISP
7.090955,CRISP
7.3150716,CRISP
7.149281,CRISP
7.502647,CRISP
7.355732,CRISP
7.042806,CRISP
7.6294427,CRISP
6.905174,CRISP
6.9931912,CRISP
7.433703,CRISP
7.2507935,CRISP
6.9833055,CRISP
7.3566318,CRISP
7.3325725,CRISP
7.2347775,CRISP
7.397164,CRISP
7.355803,CRISP
7.1096005,CRISP
7.75143,CRISP
7.5693645,CRISP
7.312117,CRISP
7.4471493,CRISP
7.2534785,CRISP
7.279866,CRISP
7.2057953,CRISP
7.2573633,CRISP
7.7080464,CRISP
7.267597,CRISP
7.3078933,CRISP
6.9693007,CRISP
7.038572,CRISP
7.7444396,CRISP
7.322344,CRISP
7.3488717,CRISP
7.4033694,CRISP
7.5345445,CRISP
7.0752726,CRISP
7.3587184,CRISP
7.3787923,CRISP
7.2133384,CRISP
7.6543174,CRISP
7.4095826,CRISP
7.2273145,CRISP
7.6414165,CRISP
7.329423,CRISP
7.0289397,CRISP
6.8802857,CRISP
7.1820374,CRISP
7.5278254,CRISP
7.4698906,CRISP
7.1632357,CRISP
7.0548973,CRISP
7.726812,CRISP
7.27191,CRISP
7.330181,CRISP
7.308505,CRISP
6.8478007,CRISP
7.227999,CRISP
7.7010345,CRISP
7.204413,CRISP
7.75311,CRISP
7.544865,CRISP
7.466115,CRISP
7.384015,CRISP
7.70638,CRISP
7.127335,CRISP
7.2260137,CRISP
7.0099955,CRISP
7.582336,CRISP
7.3942394,CRISP
7.428124,CRISP
6.9446964,CRISP
6.9660945,CRISP
8.009005,CRISP
7.4830813,CRISP
7.267635,CRISP
7.4304156,CRISP
7.7036777,CRISP
6.950817,CRISP
6.984548,CRISP
7.766099,CRISP
7.2011495,CRISP
7.4083366,CRISP
7.284566,CRISP
7.014698,CRISP
7.0743523,CRISP
7.232224,CRISP
7.4936223,CRISP
7.681017,CRISP
8.010726,CRISP
7.334282,CRISP
7.320097,CRISP
7.595566,CRISP
6.915413,CRISP
7.0731626,CRISP
6.9773226,CRISP
7.339573,CRISP
7.1109905,CRISP
7.284382,CRISP
7.2725067,CRISP
7.324311,CRISP
7.723084,CRISP
7.777588,CRISP
7.1257334,CRISP
7.0506086,CRISP
7.408013,CRISP
7.3282967,CRISP
7.350258,CRISP
7.383333,CRISP
7.1387944,CRISP
7.044059,CRISP
7.129304,CRISP
7.1833987,CRISP
7.0036464,CRISP
7.1660523,CRISP
7.7263913,CRISP
7.361048,CRISP
7.3388844,CRISP
7.5740795,CRISP
7.732041,CRISP
7.309152,CRISP
7.175658,CRISP
6.90875,CRISP
7.434847,CRISP
7.6485095,CRISP
7.3036547,CRISP
7.0591946,CRISP
7.602804,CRISP
7.384837,CRISP
7.313062,CRISP
7.368907,CRISP
7.230173,CRISP
7.0721517,CRISP
7.2297883,CRISP
6.9350004,CRISP
7.6037645,CRISP
7.0335593,CRISP
7.34921,CRISP
7.16572,CRISP
7.4057903,CRISP
7.3237457,CRISP
7.6627426,CRISP
7.5603914,CRISP
7.0469217,CRISP
7.167437,CRISP
7.129104,CRISP
7.4266224,CRISP
7.1504445,CRISP
7.3820953,CRISP
7.390701,CRISP
7.544801,CRISP
7.3501015,CRISP
7.565477,CRISP
7.1661644,CRISP
7.774005,CRISP
7.517615,CRISP
7.1999435,CRISP
7.3334274,CRISP
7.006727,CRISP
7.1871867,CRISP
7.326146,CRISP
7.5151634,CRISP
7.4259434,CRISP
7.402668,CRISP
7.178129,CRISP
6.981919,CRISP
7.2028418,CRISP
7.2382336,CRISP
7.405904,CRISP
7.2256885,CRISP
7.410491,CRISP
7.588093,CRISP
7.144815,CRISP
7.1254587,CRISP
7.0416126,CRISP
7.0652165,CRISP
7.342896,CRISP
7.5407395,CRISP
7.3393726,CRISP
7.061617,CRISP
7.4656982,CRISP
6.9374723,CRISP
7.1686435,CRISP
7.396667,CRISP
7.2230167,CRISP
7.1100564,CRISP
7.2684274,CRISP
7.7531686,CRISP
7.4295635,CRISP
7.0429344,CRISP
7.469223,CRISP
7.2577977,CRISP
7.4543567,CRISP
7.228566,CRISP
7.41966,CRISP
7.3000283,CRISP
7.380668,CRISP
7.396006,CRISP
7.2675505,CRISP
7.3639297,CRISP
7.079929,CRISP
7.7753077,CRISP
7.675642,CRISP
7.2226534,CRISP
7.2271886,CRISP
7.7264113,CRISP
7.5657077,CRISP
7.501202,CRISP
7.2102485,CRISP
7.0115294,CRISP
7.198904,CRISP
7.6496506,CRISP
7.154667,CRISP
7.4622645,CRISP
7.5887623,CRISP
7.4244385,CRISP
7.437408,CRISP
7.2250285,CRISP
7.549461,CRISP
7.559945,CRISP
7.9351788,CRISP
7.098862,CRISP
6.9799166,CRISP
7.2592206,CRISP
7.217018,CRISP
7.499779,CRISP
7.61894,CRISP
7.234318,CRISP
7.489892,CRISP
7.2790923,CRISP
7.6099815,CRISP
7.1746163,CRISP
7.463728,CRISP
7.2671947,CRISP
7.2844114,CRISP
7.3158774,CRISP
7.487052,CRISP
7.141459,CRISP
7.3401356,CRISP
7.387489,CRISP
7.340722,CRISP
7.24644,CRISP
7.249888,CRISP
7.662714,CRISP
7.518606,CRISP
7.212199,CRISP
7.2705913,CRISP
7.6944695,CRISP
7.17284,CRISP
7.6942687,CRISP
7.1979265,CRISP
7.1632395,CRISP
7.185967,CRISP
7.4925127,CRISP
7.001936,CRISP
6.837027,CRISP
7.203465,CRISP
7.8241405,CRISP
7.699687,CRISP
7.160476,CRISP
7.4850545,CRISP
7.4604554,CRISP
6.9557595,CRISP
7.0227337,CRISP
7.7315,CRISP
7.3854165,CRISP
7.168341,CRISP
7.5515637,CRISP
7.720912,CRISP
7.4646487,CRISP
7.0179477,CRISP
6.8568,CRISP
7.439937,CRISP
7.3537903,CRISP
7.0523624,CRISP
7.428406,CRISP
7.1091905,CRISP
7.117695,CRISP
7.2198687,CRISP
7.262493,CRISP
6.884085,CRISP
7.279172,CRISP
7.448463,CRISP
7.306111,CRISP
7.1203465,CRISP
7.4451523,CRISP
7.0031147,CRISP
7.5575786,CRISP
7.15797,CRISP
7.0214744,CRISP
7.1285853,CRISP
7.654069,CRISP
7.3313923,CRISP
7.114075,CRISP
7.1668835,CRISP
7.618249,CRISP
7.24155,CRISP
7.1459794,CRISP
7.103821,CRISP
7.47111,CRISP
7.401861,CRISP
7.3710628,CRISP
7.323453,CRISP
7.3431644,CRISP
7.141997,CRISP
7.2397447,CRISP
7.248053,CRISP
7.232596,CRISP
7.1467977,CRISP
7.3280315,CRISP
7.4570127,CRISP
7.008289,CRISP
7.2176914,CRISP
7.3074107,CRISP
7.6390233,CRISP
7.055573,CRISP
7.3263454,CRISP
7.411474,CRISP
7.692077,CRISP
7.053474,CRISP
6.981131,CRISP
7.4513364,CRISP
7.7246027,CRISP
6.955479,CRISP
7.1070065,CRISP
7.2992587,CRISP
7.7165914,CRISP
7.271393,CRISP
7.4535136,CRISP
7.200178,CRISP
7.647303,CRISP
7.3940277,CRISP
7.3086624,CRISP
7.6975574,CRISP
7.4269185,CRISP
7.2090287,CRISP
7.5222063,CRISP
7.642708,CRISP
7.498034,CRISP
7.0305142,CRISP
7.1570544,CRISP
7.275694,CRISP
7.3756123,CRISP
7.186387,CRISP
7.1563725,CRISP
7.1316485,CRISP
7.796687,CRISP
7.2193503,CRISP
7.6020885,CRISP
7.373574,CRISP
7.024515,CRISP
7.3192077,CRISP
7.122574,CRISP
7.6895633,CRISP
7.06076,CRISP
7.384253,CRISP
7.624869,CRISP
7.4363613,CRISP
7.4558787,CRISP
7.1855745,CRISP
7.119847,CRISP
6.9584394,CRISP
7.3033013,CRISP
7.232543,CRISP
7.3530374,CRISP
7.3382406,CRISP
6.838009,CRISP
7.617464,CRISP
7.7311816,CRISP
7.245497,CRISP
7.068234,CRISP
7.346105,CRISP
7.041586,CRISP
7.0805836,CRISP
7.2212067,CRISP
7.121327,CRISP
7.40325,CRISP
7.4111853,CRISP
7.431764,CRISP
7.545564,CRISP
7.068482,CRISP
7.315664,CRISP
7.143221,CRISP
7.0283294,CRISP
7.3877087,CRISP
7.2642384,CRISP
7.4711947,CRISP
7.2082567,CRISP
7.1697288,CRISP
7.1871157,CRISP
7.1104,CRISP
7.7885065,CRISP
7.2825913,CRISP
7.08655,CRISP
7.188526,CRISP
7.362632,CRISP
7.361084,CRISP
7.1497946,CRISP
7.388586,CRISP
7.906268,CRISP
7.3272963,CRISP
7.735716,CRISP
7.759029,CRISP
6.9918475,CRISP
6.839544,CRISP
7.12623,CRISP
7.4373074,CRISP
7.201758,CRISP
7.3749704,CRISP
7.226455,CRISP
7.419976,CRISP
7.2010646,CRISP
7.220334,CRISP
7.354994,CRISP
7.6173315,CRISP
7.191495,CRISP
7.3412404,CRISP
7.16249,CRISP
7.20575,CRISP
7.2898283,CRISP
7.002437,CRISP
7.357943,CRISP
7.343191,CRISP
7.589323,CRISP
7.062159,CRISP
7.277325,CRISP
7.367558,CRISP
7.3020344,CRISP
7.044941,CRISP
7.4387608,CRISP
7.2958274,CRISP
7.119484,CRISP
7.4102945,CRISP
7.3663797,CRISP
7.802728,CRISP
7.424237,CRISP
7.2013617,CRISP
7.2239623,CRISP
7.2239666,CRISP
7.3466787,CRISP
7.8192177,CRISP
7.5865006,CRISP
7.256958,CRISP
7.4344635,CRISP
7.1172533,CRISP
7.7363615,CRISP
7.1898117,CRISP
7.3151536,CRISP
7.2166457,CRISP
7.258435,CRISP
7.74993,CRISP
7.0422544,CRISP
7.582162,CRISP
7.3888636,CRISP
7.2801237,CRISP
7.022941,CRISP
7.6795063,CRISP
7.174769,CRISP
7.0153556,CRISP
7.481889,CRISP
7.830295,CRISP
7.3225603,CRISP
7.4553056,CRISP
7.4397807,CRISP
6.914661,CRISP
7.291147,CRISP
7.6213617,CRISP
7.357925,CRISP
7.2626348,CRISP
7.079545,CRISP
7.344712,CRISP
7.059882,CRISP
7.763469,CRISP
7.3398333,CRISP
7.1216297,CRISP
7.0373783,CRISP
7.145856,CRISP
6.8468075,CRISP
7.734574,CRISP
7.045692,CRISP
7.346425,CRISP
7.5149693,CRISP
7.624019,CRISP
7.418821,CRISP
7.399139,CRISP
7.038237,CRISP
7.240501,CRISP
7.2932563,CRISP
7.3926463,CRISP
7.467879,CRISP
7.7066183,CRISP
7.818316,CRISP
7.2814393,CRISP
7.087563,CRISP
7.2722635,CRISP
7.291795,CRISP
7.2022815,CRISP
7.2016244,CRISP
7.486509,CRISP
7.7747283,CRISP
7.2833605,CRISP
7.5526366,CRISP
7.147528,CRISP
7.1874127,CRISP
7.1418805,CRISP
7.152002,CRISP
7.468845,CRISP
7.6641064,CRISP
7.410802,CRISP
7.081004,CRISP
7.171982,CRISP
7.279322,CRISP
7.2602067,CRISP
7.682838,CRISP
6.969703,CRISP
7.3645597,CRISP
7.4964285,CRISP
7.1023855,CRISP
7.0042615,CRISP
7.41022,CRISP
7.2253914,CRISP
7.28159,CRISP
7.3399158,CRISP
7.735433,CRISP
7.1226935,CRISP
6.9734106,CRISP
7.1475024,CRISP
7.0868077,CRISP
7.2925696,CRISP
7.4594774,CRISP
7.3979836,CRISP
7.205392,CRISP
7.387029,CRISP
7.7068834,CRISP
7.387423,CRISP
7.6660714,CRISP
7.313083,CRISP
7.0181785,CRISP
7.2169485,CRISP
7.093804,CRISP
7.68091,CRISP
7.343169,CRISP
7.172109,CRISP
7.2248836,CRISP
7.2587514,CRISP
7.085807,CRISP
7.52771,CRISP
7.219686,CRISP
7.063452,CRISP
7.832804,CRISP
7.6313133,CRISP
7.7300053,CRISP
7.2327046,CRISP
7.383127,CRISP
7.257342,CRISP
7.300005,CRISP
7.2892666,CRISP
6.6663966,CRISP
7.300537,CRISP
7.472502,CRISP
7.370745,CRISP
7.0848823,CRISP
7.141773,CRISP
7.2246785,CRISP
7.1689687,CRISP
7.3204923,CRISP
7.034495,CRISP
7.3484135,CRISP
7.0592365,CRISP
7.793174,CRISP
7.7413483,CRISP
7.2060466,CRISP
7.392597,CRISP
6.9652624,CRISP
7.2262526,CRISP
7.1336937,CRISP
7.130477,CRISP
7.4276514,CRISP
7.1326594,CRISP
7.3034964,CRISP
7.8212543,CRISP
7.2447443,CRISP
6.872364,CRISP
7.6747913,CRISP
7.1474385,CRISP
7.447006,CRISP
7.403486,CRISP
7.2815175,CRISP
7.45994,CRISP
7.040219,CRISP
7.0948176,CRISP
7.460032,CRISP
7.243121,CRISP
6.949673,CRISP
7.461336,CRISP
7.6451545,CRISP
7.4996543,CRISP
7.414648,CRISP
7.056283,CRISP
7.168085,CRISP
7.418898,CRISP
7.2174187,CRISP
7.282476,CRISP
6.906298,CRISP
7.2932625,CRISP
7.3730555,CRISP
7.048153,CRISP
7.037743,CRISP
7.1953163,CRISP
7.4992146,CRISP
7.368044,CRISP
6.958012,CRISP
7.4130964,CRISP
7.1988707,CRISP
7.0440784,CRISP
7.3731055,CRISP
7.343003,CRISP
7.0089684,CRISP
7.088935,CRISP
7.3675103,CRISP
7.18289,CRISP
6.9053874,CRISP
7.1741343,CRISP
7.46709,CRISP
7.368763,CRISP
7.2540183,CRISP
7.232521,CRISP
7.3384604,CRISP
7.2569337,CRISP
7.740181,CRISP
7.1903534,CRISP
7.006274,CRISP
7.127096,CRISP
7.2758136,CRISP
7.2861853,CRISP
7.339604,CRISP
7.156895,CRISP
7.5040627,CRISP
7.307342,CRISP
7.114335,CRISP
7.82956,CRISP
7.297135,CRISP
7.512698,CRISP
7.3232737,CRISP
7.243903,CRISP
7.105699,CRISP
6.8838243,CRISP
7.5557194,CRISP
7.7169905,CRISP
7.728855,CRISP
7.4460616,CRISP
7.863199,CRISP
7.2634764,CRISP
7.717042,CRISP
7.2379246,CRISP
7.259548,CRISP
6.9069867,CRISP
7.28133,CRISP
7.4865866,CRISP
7.4173527,CRISP
7.2092123,CRISP
7.337737,CRISP
7.274369,CRISP
7.6717405,CRISP
7.2080293,CRISP
7.407736,CRISP
6.9582696,CRISP
7.449017,CRISP
7.8336387,CRISP
7.089746,CRISP
7.384985,CRISP
7.373508,CRISP
7.051608,CRISP
7.1716537,CRISP
7.2639685,CRISP
7.7330394,CRISP
7.2565184,CRISP
7.268715,CRISP
7.0572934,CRISP
7.065743,CRISP
7.298467,CRISP
6.9649515,CRISP
7.3169093,CRISP
6.9819508,CRISP
7.0631914,CRISP
7.1124964,CRISP
7.44527,CRISP
7.420876,CRISP
7.142371,CRISP
7.7080746,CRISP
7.445986,CRISP
7.546616,CRISP
7.11596,CRISP
7.413332,CRISP
7.1995773,CRISP
7.077553,CRISP
7.1407785,CRISP
7.1223745,CRISP
7.6767445,CRISP
7.0729303,CRISP
7.1819897,CRISP
7.4340124,CRISP
7.0459676,CRISP
7.3194523,CRISP
7.411506,CRISP
7.5381455,CRISP
7.7007623,CRISP
7.4116116,CRISP
7.4205527,CRISP
7.196627,CRISP
7.253866,CRISP
7.136075,CRISP
7.1497025,CRISP
7.354272,CRISP
6.9586067,CRISP
7.4095902,CRISP
7.2209105,CRISP
7.8054967,CRISP
7.006958,CRISP
7.337437,CRISP
6.93026,CRISP
7.1037006,CRISP
7.2964845,CRISP
7.6133986,CRISP
7.158184,CRISP
7.1941347,CRISP
7.55488,CRISP
7.170596,CRISP
7.1604624,CRISP
7.2091594,CRISP
7.37801,CRISP
7.278006,CRISP
7.513475,CRISP
7.217467,CRISP
7.380493,CRISP
7.8676558,CRISP
7.31545,CRISP
7.3152623,CRISP
7.4108386,CRISP
7.386155,CRISP
7.540966,CRISP
7.2877674,CRISP
7.097972,CRISP
7.332986,CRISP
7.4315653,CRISP
7.103962,CRISP
7.0863676,CRISP
7.16296,CRISP
7.2882833,CRISP
7.41461,CRISP
7.3769293,CRISP
7.097031,CRISP
7.3343554,CRISP
7.40421,CRISP
7.1768765,CRISP
7.6421924,CRISP
7.279039,CRISP
7.0437284,CRISP
7.23857,CRISP
7.3508544,CRISP
7.1945467,CRISP
7.443076,CRISP
6.914705,CRISP
6.8385553,CRISP
7.0853133,CRISP
7.0111375,CRISP
7.182231,CRISP
7.1880164,CRISP
7.2599893,CRISP
7.3439612,CRISP
7.033402,CRISP
7.954861,CRISP
7.1324472,CRISP
7.2543063,CRISP
7.246531,CRISP
7.306619,CRISP
7.0575686,CRISP
7.3285184,CRISP
7.4584394,CRISP
7.194886,CRISP
7.301803,CRISP
7.177759,CRISP
7.725808,CRISP
7.5384665,CRISP
7.231696,CRISP
8.188414,CRISP
7.3032603,CRISP
7.7596993,CRISP
6.978714,CRISP
7.211894,CRISP
7.3000283,CRISP
7.2211885,CRISP
7.600647,CRISP
7.415508,CRISP
7.4749923,CRISP
7.3529177,CRISP
7.514069,CRISP
7.3042507,CRISP
7.472175,CRISP
7.3105435,CRISP
7.51019,CRISP
7.874336,CRISP
7.7374296,CRISP
7.3887877,CRISP
7.7040753,CRISP
7.2757683,CRISP
7.559001,CRISP
7.2863774,CRISP
7.2012825,CRISP
6.9348965,CRISP
6.9194393,CRISP
7.5770183,CRISP
7.160784,CRISP
7.5586386,CRISP
7.4539742,CRISP
6.977161,CRISP
7.3667192,CRISP
7.314136,CRISP
7.0649185,CRISP
6.9745445,CRISP
7.322473,CRISP
7.411147,CRISP
7.2969656,CRISP
7.3236113,CRISP
7.710654,CRISP
7.2871056,CRISP
7.264374,CRISP
7.14138,CRISP
7.459146,CRISP
7.117716,CRISP
7.4848394,CRISP
7.4590616,CRISP
7.3656473,CRISP
9.014817,DIFFCRISP
8.642017,DIFFCRISP
7.829679,DIFFCRISP
7.919225,DIFFCRISP
8.135363,DIFFCRISP
8.100349,DIFFCRISP
7.8592772,DIFFCRISP
7.850953,DIFFCRISP
7.417956,DIFFCRISP
7.9546857,DIFFCRISP
8.000854,DIFFCRISP
7.6956553,DIFFCRISP
8.161333,DIFFCRISP
7.324488,DIFFCRISP
7.933425,DIFFCRISP
7.7003303,DIFFCRISP
7.3937664,DIFFCRISP
8.516945,DIFFCRISP
8.548917,DIFFCRISP
7.338231,DIFFCRISP
7.618315,DIFFCRISP
9.2105055,DIFFCRISP
6.7341795,DIFFCRISP
8.598672,DIFFCRISP
7.674557,DIFFCRISP
7.781527,DIFFCRISP
7.950452,DIFFCRISP
7.55922,DIFFCRISP
8.393038,DIFFCRISP
8.523516,DIFFCRISP
9.107133,DIFFCRISP
8.09977,DIFFCRISP
8.398654,DIFFCRISP
7.800667,DIFFCRISP
8.110959,DIFFCRISP
8.525985,DIFFCRISP
7.329521,DIFFCRISP
8.980439,DIFFCRISP
7.6480303,DIFFCRISP
8.202305,DIFFCRISP
7.4947157,DIFFCRISP
8.388077,DIFFCRISP
7.5726256,DIFFCRISP
7.94387,DIFFCRISP
8.148784,DIFFCRISP
7.499656,DIFFCRISP
7.65797,DIFFCRISP
7.3875785,DIFFCRISP
7.0602684,DIFFCRISP
7.866164,DIFFCRISP
7.7994504,DIFFCRISP
8.0641,DIFFCRISP
7.598525,DIFFCRISP
8.553334,DIFFCRISP
9.106065,DIFFCRISP
7.298661,DIFFCRISP
7.234653,DIFFCRISP
7.863092,DIFFCRISP
8.02988,DIFFCRISP
7.461677,DIFFCRISP
7.8481426,DIFFCRISP
8.864955,DIFFCRISP
7.1731143,DIFFCRISP
8.18039,DIFFCRISP
7.9698553,DIFFCRISP
7.8565545,DIFFCRISP
7.864316,DIFFCRISP
8.228197,DIFFCRISP
7.316154,DIFFCRISP
7.918733,DIFFCRISP
7.44055,DIFFCRISP
8.483359,DIFFCRISP
8.217772,DIFFCRISP
7.6582146,DIFFCRISP
7.0363693,DIFFCRISP
7.3152113,DIFFCRISP
8.189148,DIFFCRISP
9.199874,DIFFCRISP
8.383958,DIFFCRISP
8.076375,DIFFCRISP
7.746934,DIFFCRISP
7.097066,DIFFCRISP
7.560185,DIFFCRISP
8.107247,DIFFCRISP
9.131876,DIFFCRISP
7.580933,DIFFCRISP
8.1174965,DIFFCRISP
8.475932,DIFFCRISP
8.715855,DIFFCRISP
7.7773104,DIFFCRISP
7.5007596,DIFFCRISP
9.089523,DIFFCRISP
7.781695,DIFFCRISP
7.5117497,DIFFCRISP
8.418616,DIFFCRISP
7.1656637,DIFFCRISP
7.163015,DIFFCRISP
7.1746006,DIFFCRISP
7.656946,DIFFCRISP
8.235684,DIFFCRISP
7.2086697,DIFFCRISP
8.264314,DIFFCRISP
8.705988,DIFFCRISP
7.4436865,DIFFCRISP
8.289965,DIFFCRISP
8.534846,DIFFCRISP
7.9850626,DIFFCRISP
6.7823133,DIFFCRISP
7.634308,DIFFCRISP
8.4708605,DIFFCRISP
7.360222,DIFFCRISP
8.0668955,DIFFCRISP
8.386465,DIFFCRISP
8.079647,DIFFCRISP
7.9325943,DIFFCRISP
7.8230767,DIFFCRISP
7.930791,DIFFCRISP
7.8295407,DIFFCRISP
7.464366,DIFFCRISP
7.8041353,DIFFCRISP
7.773429,DIFFCRISP
7.4568377,DIFFCRISP
8.107555,DIFFCRISP
7.823552,DIFFCRISP
7.705858,DIFFCRISP
8.526202,DIFFCRISP
8.111709,DIFFCRISP
7.6564035,DIFFCRISP
7.2376895,DIFFCRISP
8.586909,DIFFCRISP
8.341332,DIFFCRISP
7.8465858,DIFFCRISP
8.190994,DIFFCRISP
8.519111,DIFFCRISP
8.620403,DIFFCRISP
8.145014,DIFFCRISP
7.5277343,DIFFCRISP
7.359267,DIFFCRISP
8.116335,DIFFCRISP
7.6729207,DIFFCRISP
8.406844,DIFFCRISP
7.99769,DIFFCRISP
7.39684,DIFFCRISP
7.857995,DIFFCRISP
7.7743063,DIFFCRISP
7.501937,DIFFCRISP
7.514761,DIFFCRISP
8.238717,DIFFCRISP
8.201508,DIFFCRISP
7.0663104,DIFFCRISP
7.5604877,DIFFCRISP
8.476701,DIFFCRISP
7.6935987,DIFFCRISP
7.855148,DIFFCRISP
7.50492,DIFFCRISP
7.6571684,DIFFCRISP
8.265033,DIFFCRISP
7.3811064,DIFFCRISP
7.8970957,DIFFCRISP
7.7352185,DIFFCRISP
7.7731094,DIFFCRISP
8.966263,DIFFCRISP
7.763601,DIFFCRISP
7.483399,DIFFCRISP
7.6213174,DIFFCRISP
7.4400992,DIFFCRISP
7.431932,DIFFCRISP
8.923446,DIFFCRISP
7.436881,DIFFCRISP
8.275399,DIFFCRISP
8.523991,DIFFCRISP
7.4582376,DIFFCRISP
7.5243626,DIFFCRISP
8.160788,DIFFCRISP
7.3767104,DIFFCRISP
8.609672,DIFFCRISP
7.8863535,DIFFCRISP
7.90784,DIFFCRISP
7.0835667,DIFFCRISP
7.48699,DIFFCRISP
7.645991,DIFFCRISP
7.9052286,DIFFCRISP
8.13676,DIFFCRISP
8.350676,DIFFCRISP
7.569087,DIFFCRISP
7.6047688,DIFFCRISP
8.015276,DIFFCRISP
8.767504,DIFFCRISP
8.202712,DIFFCRISP
7.2890844,DIFFCRISP
7.7735367,DIFFCRISP
7.7494025,DIFFCRISP
8.391044,DIFFCRISP
8.784678,DIFFCRISP
7.583054,DIFFCRISP
7.6353216,DIFFCRISP
8.54427,DIFFCRISP
7.82303,DIFFCRISP
7.602492,DIFFCRISP
7.614773,DIFFCRISP
8.558344,DIFFCRISP
7.025036,DIFFCRISP
8.235561,DIFFCRISP
8.347911,DIFFCRISP
8.210279,DIFFCRISP
8.154158,DIFFCRISP
8.330275,DIFFCRISP
7.9069324,DIFFCRISP
7.480042,DIFFCRISP
7.559836,DIFFCRISP
8.059429,DIFFCRISP
7.52587,DIFFCRISP
8.378491,DIFFCRISP
7.1891565,DIFFCRISP
8.183641,DIFFCRISP
7.6175075,DIFFCRISP
9.215958,DIFFCRISP
8.370824,DIFFCRISP
8.059681,DIFFCRISP
8.113037,DIFFCRISP
8.683422,DIFFCRISP
8.305278,DIFFCRISP
7.721311,DIFFCRISP
7.7751417,DIFFCRISP
7.7643485,DIFFCRISP
7.7691736,DIFFCRISP
7.9034314,DIFFCRISP
7.706604,DIFFCRISP
7.4388943,DIFFCRISP
7.524511,DIFFCRISP
7.3230104,DIFFCRISP
7.466699,DIFFCRISP
7.60529,DIFFCRISP
8.675807,DIFFCRISP
7.677388,DIFFCRISP
8.663587,DIFFCRISP
7.2726417,DIFFCRISP
7.389766,DIFFCRISP
7.5578284,DIFFCRISP
7.5359945,DIFFCRISP
7.596762,DIFFCRISP
7.8510947,DIFFCRISP
7.3409204,DIFFCRISP
7.929625,DIFFCRISP
8.559582,DIFFCRISP
8.963841,DIFFCRISP
8.236319,DIFFCRISP
8.479478,DIFFCRISP
7.43932,DIFFCRISP
7.6363025,DIFFCRISP
7.9677773,DIFFCRISP
7.3120174,DIFFCRISP
7.503972,DIFFCRISP
8.738553,DIFFCRISP
7.584364,DIFFCRISP
8.139682,DIFFCRISP
7.7910943,DIFFCRISP
6.960759,DIFFCRISP
7.492739,DIFFCRISP
8.295975,DIFFCRISP
7.8741,DIFFCRISP
7.675951,DIFFCRISP
7.9556828,DIFFCRISP
7.4167123,DIFFCRISP
7.678149,DIFFCRISP
7.760805,DIFFCRISP
8.5062,DIFFCRISP
7.722819,DIFFCRISP
8.171609,DIFFCRISP
7.8573055,DIFFCRISP
7.780171,DIFFCRISP
7.5336876,DIFFCRISP
8.230903,DIFFCRISP
8.000263,DIFFCRISP
7.6374283,DIFFCRISP
7.813432,DIFFCRISP
7.5630302,DIFFCRISP
7.360463,DIFFCRISP
7.3176427,DIFFCRISP
7.732324,DIFFCRISP
8.080878,DIFFCRISP
7.478518,DIFFCRISP
9.154161,DIFFCRISP
7.9623246,DIFFCRISP
7.5696363,DIFFCRISP
7.8929944,DIFFCRISP
7.27387,DIFFCRISP
7.9546976,DIFFCRISP
8.559946,DIFFCRISP
7.8466215,DIFFCRISP
8.643372,DIFFCRISP
8.107445,DIFFCRISP
7.0540776,DIFFCRISP
7.415773,DIFFCRISP
8.519592,DIFFCRISP
8.765835,DIFFCRISP
8.08359,DIFFCRISP
8.728031,DIFFCRISP
8.285657,DIFFCRISP
7.414484,DIFFCRISP
8.503602,DIFFCRISP
7.082611,DIFFCRISP
7.643704,DIFFCRISP
8.437217,DIFFCRISP
7.889078,DIFFCRISP
7.8710394,DIFFCRISP
8.79347,DIFFCRISP
8.640564,DIFFCRISP
7.9132934,DIFFCRISP
8.198802,DIFFCRISP
8.268779,DIFFCRISP
8.186653,DIFFCRISP
8.518647,DIFFCRISP
8.619888,DIFFCRISP
7.7735243,DIFFCRISP
8.059948,DIFFCRISP
7.920712,DIFFCRISP
8.303062,DIFFCRISP
7.751526,DIFFCRISP
7.447177,DIFFCRISP
8.609514,DIFFCRISP
7.7953563,DIFFCRISP
7.4191737,DIFFCRISP
9.025417,DIFFCRISP
8.513068,DIFFCRISP
8.46202,DIFFCRISP
8.047936,DIFFCRISP
8.643168,DIFFCRISP
7.598155,DIFFCRISP
7.836103,DIFFCRISP
7.2452173,DIFFCRISP
7.647828,DIFFCRISP
7.2801404,DIFFCRISP
8.127823,DIFFCRISP
8.188538,DIFFCRISP
8.4127245,DIFFCRISP
8.868839,DIFFCRISP
8.185176,DIFFCRISP
8.398357,DIFFCRISP
7.4560313,DIFFCRISP
7.606196,DIFFCRISP
8.52484,DIFFCRISP
7.7722344,DIFFCRISP
7.468072,DIFFCRISP
8.240677,DIFFCRISP
7.1819997,DIFFCRISP
7.9542327,DIFFCRISP
7.810273,DIFFCRISP
8.513744,DIFFCRISP
7.7829666,DIFFCRISP
7.7222447,DIFFCRISP
7.861835,DIFFCRISP
7.7269454,DIFFCRISP
8.238967,DIFFCRISP
7.269508,DIFFCRISP
8.764265,DIFFCRISP
7.2772694,DIFFCRISP
8.639293,DIFFCRISP
7.7491736,DIFFCRISP
7.87349,DIFFCRISP
8.565238,DIFFCRISP
7.7072167,DIFFCRISP
7.1137967,DIFFCRISP
8.548267,DIFFCRISP
7.5851555,DIFFCRISP
7.6220584,DIFFCRISP
7.716936,DIFFCRISP
8.207229,DIFFCRISP
9.300448,DIFFCRISP
6.9565363,DIFFCRISP
8.168292,DIFFCRISP
8.60599,DIFFCRISP
8.372311,DIFFCRISP
7.315003,DIFFCRISP
7.8176765,DIFFCRISP
8.244011,DIFFCRISP
8.097461,DIFFCRISP
7.699593,DIFFCRISP
9.029214,DIFFCRISP
8.303123,DIFFCRISP
7.218699,DIFFCRISP
7.254257,DIFFCRISP
7.929981,DIFFCRISP
7.891916,DIFFCRISP
7.630123,DIFFCRISP
7.6178513,DIFFCRISP
7.460568,DIFFCRISP
7.890462,DIFFCRISP
7.7276373,DIFFCRISP
9.1959915,DIFFCRISP
7.936912,DIFFCRISP
8.949941,DIFFCRISP
7.362529,DIFFCRISP
8.498401,DIFFCRISP
7.9148903,DIFFCRISP
7.424519,DIFFCRISP
7.987401,DIFFCRISP
8.476303,DIFFCRISP
7.1559906,DIFFCRISP
7.6548986,DIFFCRISP
8.284619,DIFFCRISP
8.228103,DIFFCRISP
7.222949,DIFFCRISP
7.669286,DIFFCRISP
8.778634,DIFFCRISP
8.710701,DIFFCRISP
7.4128056,DIFFCRISP
7.508738,DIFFCRISP
7.5022554,DIFFCRISP
7.5728083,DIFFCRISP
8.52706,DIFFCRISP
7.8711576,DIFFCRISP
7.720191,DIFFCRISP
8.394984,DIFFCRISP
8.188605,DIFFCRISP
7.9127107,DIFFCRISP
7.3081613,DIFFCRISP
8.707579,DIFFCRISP
9.1265745,DIFFCRISP
8.602247,DIFFCRISP
8.5782585,DIFFCRISP
8.556456,DIFFCRISP
7.8598123,DIFFCRISP
8.8763685,DIFFCRISP
8.801815,DIFFCRISP
7.2060223,DIFFCRISP
7.8917947,DIFFCRISP
8.608683,DIFFCRISP
7.5571694,DIFFCRISP
8.819341,DIFFCRISP
7.990869,DIFFCRISP
7.2967024,DIFFCRISP
7.490104,DIFFCRISP
6.94995,DIFFCRISP
7.0238175,DIFFCRISP
8.867637,DIFFCRISP
7.609915,DIFFCRISP
8.001193,DIFFCRISP
7.545497,DIFFCRISP
8.059363,DIFFCRISP
7.4517474,DIFFCRISP
7.0477657,DIFFCRISP
8.441059,DIFFCRISP
8.391665,DIFFCRISP
7.6322184,DIFFCRISP
8.873783,DIFFCRISP
8.38094,DIFFCRISP
7.0878134,DIFFCRISP
7.770992,DIFFCRISP
8.542351,DIFFCRISP
8.447295,DIFFCRISP
7.144047,DIFFCRISP
8.00686,DIFFCRISP
7.604533,DIFFCRISP
8.069409,DIFFCRISP
9.11875,DIFFCRISP
7.7167187,DIFFCRISP
8.263046,DIFFCRISP
8.659247,DIFFCRISP
8.028001,DIFFCRISP
7.6817365,DIFFCRISP
8.512321,DIFFCRISP
7.673801,DIFFCRISP
7.6061106,DIFFCRISP
8.022689,DIFFCRISP
7.554255,DIFFCRISP
7.934836,DIFFCRISP
8.631341,DIFFCRISP
6.9314065,DIFFCRISP
8.332987,DIFFCRISP
8.140718,DIFFCRISP
7.6550527,DIFFCRISP
7.425009,DIFFCRISP
7.904231,DIFFCRISP
7.0563073,DIFFCRISP
8.029478,DIFFCRISP
8.246287,DIFFCRISP
7.827346,DIFFCRISP
7.441186,DIFFCRISP
8.191823,DIFFCRISP
7.5930977,DIFFCRISP
9.019467,DIFFCRISP
7.103153,DIFFCRISP
7.821293,DIFFCRISP
7.7892923,DIFFCRISP
7.797891,DIFFCRISP
8.030811,DIFFCRISP
7.6003585,DIFFCRISP
7.993415,DIFFCRISP
7.675323,DIFFCRISP
7.654934,DIFFCRISP
8.1105,DIFFCRISP
8.224439,DIFFCRISP
7.3731837,DIFFCRISP
8.583253,DIFFCRISP
7.9690046,DIFFCRISP
8.320772,DIFFCRISP
8.630335,DIFFCRISP
7.3065557,DIFFCRISP
8.321083,DIFFCRISP
8.100104,DIFFCRISP
8.145521,DIFFCRISP
7.584516,DIFFCRISP
7.9039083,DIFFCRISP
7.2023234,DIFFCRISP
7.5094423,DIFFCRISP
8.116067,DIFFCRISP
7.517112,DIFFCRISP
7.7520585,DIFFCRISP
7.6791525,DIFFCRISP
9.026928,DIFFCRISP
8.272148,DIFFCRISP
8.654491,DIFFCRISP
7.929506,DIFFCRISP
7.9416137,DIFFCRISP
8.320366,DIFFCRISP
7.85725,DIFFCRISP
7.1778035,DIFFCRISP
7.807151,DIFFCRISP
7.8804054,DIFFCRISP
7.9285107,DIFFCRISP
7.5153804,DIFFCRISP
8.160312,DIFFCRISP
8.418658,DIFFCRISP
7.7912583,DIFFCRISP
7.5609913,DIFFCRISP
8.10219,DIFFCRISP
7.9272866,DIFFCRISP
7.5271983,DIFFCRISP
7.688342,DIFFCRISP
7.233201,DIFFCRISP
8.894621,DIFFCRISP
8.383757,DIFFCRISP
7.2032404,DIFFCRISP
8.010277,DIFFCRISP
7.925408,DIFFCRISP
8.685899,DIFFCRISP
7.9695888,DIFFCRISP
7.5100436,DIFFCRISP
8.540391,DIFFCRISP
7.6390886,DIFFCRISP
7.01913,DIFFCRISP
7.4445457,DIFFCRISP
8.002299,DIFFCRISP
7.9644074,DIFFCRISP
8.29576,DIFFCRISP
7.8543825,DIFFCRISP
7.7730236,DIFFCRISP
8.5665,DIFFCRISP
7.823548,DIFFCRISP
8.165174,DIFFCRISP
8.344269,DIFFCRISP
8.696927,DIFFCRISP
7.857024,DIFFCRISP
7.3527718,DIFFCRISP
8.379846,DIFFCRISP
8.146662,DIFFCRISP
7.5446615,DIFFCRISP
8.3407,DIFFCRISP
7.134158,DIFFCRISP
7.8072214,DIFFCRISP
8.024793,DIFFCRISP
6.9667997,DIFFCRISP
9.243305,DIFFCRISP
7.7190213,DIFFCRISP
8.549586,DIFFCRISP
8.733359,DIFFCRISP
7.3654275,DIFFCRISP
8.17323,DIFFCRISP
8.125771,DIFFCRISP
8.994797,DIFFCRISP
8.958835,DIFFCRISP
8.111844,DIFFCRISP
8.288269,DIFFCRISP
9.0360365,DIFFCRISP
7.9481597,DIFFCRISP
7.798991,DIFFCRISP
7.595063,DIFFCRISP
7.3325195,DIFFCRISP
8.743899,DIFFCRISP
8.939804,DIFFCRISP
7.599258,DIFFCRISP
8.128296,DIFFCRISP
8.727654,DIFFCRISP
7.8474636,DIFFCRISP
8.362716,DIFFCRISP
7.802743,DIFFCRISP
8.018591,DIFFCRISP
7.399531,DIFFCRISP
8.23454,DIFFCRISP
7.589623,DIFFCRISP
7.8002386,DIFFCRISP
7.8154564,DIFFCRISP
7.601432,DIFFCRISP
8.898841,DIFFCRISP
7.9168816,DIFFCRISP
8.722556,DIFFCRISP
8.236748,DIFFCRISP
8.245118,DIFFCRISP
7.9203496,DIFFCRISP
6.6677194,DIFFCRISP
8.330946,DIFFCRISP
7.6319284,DIFFCRISP
7.90152,DIFFCRISP
7.8712697,DIFFCRISP
7.9683614,DIFFCRISP
8.727732,DIFFCRISP
8.378754,DIFFCRISP
8.380322,DIFFCRISP
7.7792144,DIFFCRISP
7.6405377,DIFFCRISP
7.98224,DIFFCRISP
7.8365283,DIFFCRISP
7.6203117,DIFFCRISP
7.5447245,DIFFCRISP
7.0095763,DIFFCRISP
8.619567,DIFFCRISP
6.9816875,DIFFCRISP
8.321701,DIFFCRISP
7.461388,DIFFCRISP
8.180997,DIFFCRISP
7.2248564,DIFFCRISP
8.195684,DIFFCRISP
8.920067,DIFFCRISP
7.7583456,DIFFCRISP
7.273612,DIFFCRISP
7.925878,DIFFCRISP
8.12842,DIFFCRISP
8.279885,DIFFCRISP
8.215808,DIFFCRISP
7.0715003,DIFFCRISP
7.757084,DIFFCRISP
8.697681,DIFFCRISP
7.8401995,DIFFCRISP
8.175505,DIFFCRISP
7.823645,DIFFCRISP
7.200246,DIFFCRISP
8.285103,DIFFCRISP
8.275681,DIFFCRISP
7.989595,DIFFCRISP
8.109489,DIFFCRISP
8.562212,DIFFCRISP
6.7918024,DIFFCRISP
8.390122,DIFFCRISP
7.771857,DIFFCRISP
8.509286,DIFFCRISP
8.019451,DIFFCRISP
7.912059,DIFFCRISP
7.8297086,DIFFCRISP
8.793542,DIFFCRISP
7.823223,DIFFCRISP
8.095881,DIFFCRISP
8.276425,DIFFCRISP
8.536893,DIFFCRISP
8.0944,DIFFCRISP
8.916393,DIFFCRISP
7.317923,DIFFCRISP
7.398542,DIFFCRISP
8.668404,DIFFCRISP
7.9443293,DIFFCRISP
7.0874705,DIFFCRISP
7.7382355,DIFFCRISP
8.295816,DIFFCRISP
8.12268,DIFFCRISP
7.893783,DIFFCRISP
9.203948,DIFFCRISP
8.524955,DIFFCRISP
7.0133386,DIFFCRISP
8.850996,DIFFCRISP
8.758725,DIFFCRISP
8.14832,DIFFCRISP
8.394436,DIFFCRISP
8.38536,DIFFCRISP
8.632738,DIFFCRISP
7.9413652,DIFFCRISP
7.648215,DIFFCRISP
7.847379,DIFFCRISP
7.733324,DIFFCRISP
7.9229174,DIFFCRISP
8.306038,DIFFCRISP
7.3654685,DIFFCRISP
7.3482304,DIFFCRISP
8.482578,DIFFCRISP
8.439927,DIFFCRISP
7.6463366,DIFFCRISP
8.468594,DIFFCRISP
7.809572,DIFFCRISP
7.915483,DIFFCRISP
8.978546,DIFFCRISP
8.937549,DIFFCRISP
6.9841022,DIFFCRISP
8.904971,DIFFCRISP
8.416886,DIFFCRISP
8.011163,DIFFCRISP
8.022431,DIFFCRISP
7.3084717,DIFFCRISP
8.072936,DIFFCRISP
7.365756,DIFFCRISP
7.9620066,DIFFCRISP
7.5402555,DIFFCRISP
7.727138,DIFFCRISP
7.2190003,DIFFCRISP
8.292952,DIFFCRISP
8.495452,DIFFCRISP
7.6419644,DIFFCRISP
8.10492,DIFFCRISP
7.212014,DIFFCRISP
8.631955,DIFFCRISP
7.7211795,DIFFCRISP
7.9892097,DIFFCRISP
7.56384,DIFFCRISP
7.804582,DIFFCRISP
8.033139,DIFFCRISP
8.06327,DIFFCRISP
7.861644,DIFFCRISP
8.227326,DIFFCRISP
7.923839,DIFFCRISP
8.562448,DIFFCRISP
7.3713636,DIFFCRISP
8.228187,DIFFCRISP
7.6754313,DIFFCRISP
7.3425493,DIFFCRISP
8.01574,DIFFCRISP
8.703476,DIFFCRISP
8.768169,DIFFCRISP
8.646874,DIFFCRISP
7.5173283,DIFFCRISP
8.144913,DIFFCRISP
7.456819,DIFFCRISP
8.162086,DIFFCRISP
7.74572,DIFFCRISP
7.265799,DIFFCRISP
7.835108,DIFFCRISP
8.112773,DIFFCRISP
8.17834,DIFFCRISP
8.615442,DIFFCRISP
7.3281784,DIFFCRISP
8.22686,DIFFCRISP
7.699109,DIFFCRISP
8.555988,DIFFCRISP
7.904939,DIFFCRISP
6.89417,DIFFCRISP
8.359272,DIFFCRISP
7.8434787,DIFFCRISP
7.754572,DIFFCRISP
8.456011,DIFFCRISP
7.805476,DIFFCRISP
8.588157,DIFFCRISP
7.5751066,DIFFCRISP
7.0680027,DIFFCRISP
8.516193,DIFFCRISP
8.503352,DIFFCRISP
7.0189443,DIFFCRISP
7.7903805,DIFFCRISP
7.595687,DIFFCRISP
6.8207364,DIFFCRISP
8.314727,DIFFCRISP
8.0871725,DIFFCRISP
6.922881,DIFFCRISP
7.614296,DIFFCRISP
7.7011776,DIFFCRISP
7.1761065,DIFFCRISP
7.7345457,DIFFCRISP
7.677607,DIFFCRISP
7.724837,DIFFCRISP
8.779036,DIFFCRISP
8.295275,DIFFCRISP
6.657945,DIFFCRISP
7.5688696,DIFFCRISP
7.607903,DIFFCRISP
7.8814654,DIFFCRISP
7.655585,DIFFCRISP
7.4273615,DIFFCRISP
7.9808545,DIFFCRISP
8.333646,DIFFCRISP
7.624514,DIFFCRISP
8.080572,DIFFCRISP
8.301279,DIFFCRISP
8.275773,DIFFCRISP
7.8850985,DIFFCRISP
7.3009906,DIFFCRISP
6.8037,DIFFCRISP
6.959315,DIFFCRISP
7.645474,DIFFCRISP
8.969892,DIFFCRISP
7.8409653,DIFFCRISP
7.446505,DIFFCRISP
8.187145,DIFFCRISP
8.778073,DIFFCRISP
9.394889,DIFFCRISP
8.39097,DIFFCRISP
7.626541,DIFFCRISP
8.693955,DIFFCRISP
7.9180026,DIFFCRISP
8.504351,DIFFCRISP
8.683939,DIFFCRISP
7.6923223,DIFFCRISP
7.9503284,DIFFCRISP
8.889314,DIFFCRISP
7.9754086,DIFFCRISP
8.134979,DIFFCRISP
8.2513685,DIFFCRISP
8.058827,DIFFCRISP
8.281266,DIFFCRISP
7.53503,DIFFCRISP
7.675586,DIFFCRISP
7.882654,DIFFCRISP
8.381023,DIFFCRISP
8.180619,DIFFCRISP
8.584741,DIFFCRISP
7.5076704,DIFFCRISP
7.7563424,DIFFCRISP
7.3242555,DIFFCRISP
7.5773735,DIFFCRISP
8.428864,DIFFCRISP
8.658217,DIFFCRISP
8.139062,DIFFCRISP
7.7255855,DIFFCRISP
8.300923,DIFFCRISP
7.6646004,DIFFCRISP
7.609841,DIFFCRISP
8.611626,DIFFCRISP
8.358801,DIFFCRISP
8.275713,DIFFCRISP
7.9684973,DIFFCRISP
7.5792503,DIFFCRISP
8.082412,DIFFCRISP
8.172631,DIFFCRISP
8.020852,DIFFCRISP
7.8262744,DIFFCRISP
7.397895,DIFFCRISP
7.722599,DIFFCRISP
8.479549,DIFFCRISP
8.059891,DIFFCRISP
7.5760694,DIFFCRISP
7.8722034,DIFFCRISP
8.356309,DIFFCRISP
8.349126,DIFFCRISP
8.355489,DIFFCRISP
8.021727,DIFFCRISP
6.977095,DIFFCRISP
8.225882,DIFFCRISP
7.9139986,DIFFCRISP
8.064664,DIFFCRISP
8.773373,DIFFCRISP
7.6377807,DIFFCRISP
7.787128,DIFFCRISP
7.9013515,DIFFCRISP
7.930028,DIFFCRISP
7.8161416,DIFFCRISP
7.315724,DIFFCRISP
7.509644,DIFFCRISP
9.098338,DIFFCRISP
8.56868,DIFFCRISP
8.48338,DIFFCRISP
7.8113055,DIFFCRISP
7.2615166,DIFFCRISP
7.836041,DIFFCRISP
8.603385,DIFFCRISP
8.296743,DIFFCRISP
7.3038096,DIFFCRISP
7.567608,DIFFCRISP
7.431638,DIFFCRISP
8.49863,DIFFCRISP
7.5603004,DIFFCRISP
7.322617,DIFFCRISP
8.089183,DIFFCRISP
8.915239,DIFFCRISP
7.7758336,DIFFCRISP
8.353398,DIFFCRISP
7.247617,DIFFCRISP
7.7451715,DIFFCRISP
7.4205513,DIFFCRISP
8.625621,DIFFCRISP
8.623855,DIFFCRISP
7.062129,DIFFCRISP
8.030215,DIFFCRISP
8.387722,DIFFCRISP
8.525093,DIFFCRISP
9.156235,DIFFCRISP
6.9783688,DIFFCRISP
7.6685967,DIFFCRISP
6.9044333,DIFFCRISP
8.573408,DIFFCRISP
8.531417,DIFFCRISP
7.344082,DIFFCRISP
7.508046,DIFFCRISP
7.587498,DIFFCRISP
7.987332,DIFFCRISP
8.1653805,DIFFCRISP
8.234628,DIFFCRISP
7.707709,DIFFCRISP
8.323455,DIFFCRISP
7.9189835,DIFFCRISP
7.490599,DIFFCRISP
8.045335,DIFFCRISP
7.333525,DIFFCRISP
7.913293,DIFFCRISP
7.9341345,DIFFCRISP
8.617257,DIFFCRISP
9.306148,DIFFCRISP
7.525783,DIFFCRISP
8.736412,DIFFCRISP
8.071564,DIFFCRISP
8.142256,DIFFCRISP
8.398031,DIFFCRISP
7.8301578,DIFFCRISP
7.4269986,DIFFCRISP
7.033246,DIFFCRISP
7.4459705,DIFFCRISP
7.2093143,DIFFCRISP
7.9141607,DIFFCRISP
7.755137,DIFFCRISP
7.8176007,DIFFCRISP
7.7917385,DIFFCRISP
7.8407903,DIFFCRISP
8.307117,DIFFCRISP
7.7365227,DIFFCRISP
8.049176,DIFFCRISP
7.987466,DIFFCRISP
7.7231145,DIFFCRISP
7.819148,DIFFCRISP
8.045449,DIFFCRISP
7.1007867,DIFFCRISP
8.650913,DIFFCRISP
7.8996887,DIFFCRISP
7.821758,DIFFCRISP
8.365773,DIFFCRISP
8.807169,DIFFCRISP
7.062503,DIFFCRISP
9.048498,DIFFCRISP
8.333978,DIFFCRISP
7.886994,DIFFCRISP
7.697213,DIFFCRISP
8.1049,DIFFCRISP
7.920697,DIFFCRISP
8.141393,DIFFCRISP
7.8227625,DIFFCRISP
7.822912,DIFFCRISP
7.667121,DIFFCRISP
7.8947363,DIFFCRISP
8.278828,DIFFCRISP
8.763317,DIFFCRISP
7.443023,DIFFCRISP
8.602921,DIFFCRISP
7.8855,DIFFCRISP
7.985447,DIFFCRISP
6.9906025,DIFFCRISP
8.214007,DIFFCRISP
7.9952354,DIFFCRISP
7.869173,DIFFCRISP
8.333981,DIFFCRISP
7.7321153,DIFFCRISP
7.110806,DIFFCRISP
9.179276,DIFFCRISP
7.5463595,DIFFCRISP
7.9109,DIFFCRISP
7.8906713,DIFFCRISP
7.92534,DIFFCRISP
6.862344,DIFFCRISP
8.199732,DIFFCRISP
7.75603,DIFFCRISP
8.321107,DIFFCRISP
7.876588,DIFFCRISP
7.4371567,DIFFCRISP
8.389305,DIFFCRISP
8.401413,DIFFCRISP
8.52486,DIFFCRISP
7.2023063,DIFFCRISP
7.6809278,DIFFCRISP
7.460024,DIFFCRISP
7.9694695,DIFFCRISP
7.8554053,DIFFCRISP
7.905716,DIFFCRISP
7.6189947,DIFFCRISP
7.2496095,DIFFCRISP
7.5446725,DIFFCRISP
7.938756,DIFFCRISP
7.987274,DIFFCRISP
7.8324757,DIFFCRISP
8.410988,DIFFCRISP
9.171374,DIFFCRISP
8.632626,DIFFCRISP
7.71978,DIFFCRISP
6.148465,DIFFCRISP
8.084451,DIFFCRISP
7.744886,DIFFCRISP
7.738372,DIFFCRISP
8.350295,DIFFCRISP
8.105506,DIFFCRISP
8.503075,DIFFCRISP
8.517372,DIFFCRISP
8.608565,DIFFCRISP
7.7866745,DIFFCRISP
8.119353,DIFFCRISP
8.872153,DIFFCRISP
8.40673,DIFFCRISP
7.6004357,DIFFCRISP
8.231101,DIFFCRISP
8.495778,DIFFCRISP
8.011044,DIFFCRISP
7.6394205,DIFFCRISP
8.08504,DIFFCRISP
7.943269,DIFFCRISP
8.89891,DIFFCRISP
8.532891,DIFFCRISP
8.252282,DIFFCRISP
8.539621,DIFFCRISP
8.282544,DIFFCRISP
7.724931,DIFFCRISP
8.306382,DIFFCRISP
8.462919,DIFFCRISP
7.453245,DIFFCRISP
8.603062,DIFFCRISP
7.8515253,DIFFCRISP
7.763707,DIFFCRISP
8.181717,DIFFCRISP
7.640744,DIFFCRISP
8.633997,DIFFCRISP
8.174922,DIFFCRISP
7.1534886,DIFFCRISP
7.7723813,DIFFCRISP
8.473123,DIFFCRISP
7.9460936,DIFFCRISP
7.2913985,DIFFCRISP
7.1280065,DIFFCRISP
7.687171,DIFFCRISP
8.401366,DIFFCRISP
8.865179,DIFFCRISP
8.264385,DIFFCRISP
7.00228,DIFFCRISP
8.372578,DIFFCRISP
7.595596,DIFFCRISP
7.9386168,DIFFCRISP
8.225381,DIFFCRISP
7.7219086,DIFFCRISP
9.130527,DIFFCRISP
8.068996,DIFFCRISP
8.965009,DIFFCRISP
7.7266088,DIFFCRISP
8.739324,DIFFCRISP
7.727819,DIFFCRISP
8.142271,DIFFCRISP
7.902947,DIFFCRISP
7.3878984,DIFFCRISP
7.8981094,DIFFCRISP
7.3449097,DIFFCRISP
8.048934,DIFFCRISP
8.359962,DIFFCRISP
7.1987247,DIFFCRISP
7.600585,DIFFCRISP
8.469969,DIFFCRISP
8.101363,DIFFCRISP
7.9221854,DIFFCRISP
7.883111,DIFFCRISP
7.359418,DIFFCRISP
7.8820515,DIFFCRISP
9.153088,DIFFCRISP
7.563766,DIFFCRISP
7.0744944,DIFFCRISP
7.5971246,DIFFCRISP
7.3908424,DIFFCRISP
7.6900363,DIFFCRISP
7.886862,DIFFCRISP
7.8922157,DIFFCRISP
7.832082,DIFFCRISP
7.455329,DIFFCRISP
8.060693,DIFFCRISP
6.9348016,DIFFCRISP
7.9353123,DIFFCRISP
6.396482,DIFFCRISP
8.25427,DIFFCRISP
7.8531513,DIFFCRISP
7.3910923,DIFFCRISP
7.4800477,DIFFCRISP
8.34054,DIFFCRISP
7.528879,DIFFCRISP
7.8410587,DIFFCRISP
8.354471,DIFFCRISP
7.971917,DIFFCRISP
8.172877,DIFFCRISP
7.8025956,DIFFCRISP
8.064857,DIFFCRISP
7.7030163,DIFFCRISP
7.6298885,DIFFCRISP
6.8691583,DIFFCRISP
8.245139,DIFFCRISP
7.815256,DIFFCRISP
7.972055,DIFFCRISP
8.126891,DIFFCRISP
8.058031,DIFFCRISP
7.2318764,DIFFCRISP
8.547935,DIFFCRISP
7.588462,DIFFCRISP
7.596229,DIFFCRISP
8.818588,DIFFCRISP
7.5333147,DIFFCRISP
7.8645372,DIFFCRISP
7.9813304,DIFFCRISP
8.876314,DIFFCRISP
8.326781,DIFFCRISP
8.68993,DIFFCRISP
7.1035895,DIFFCRISP
8.535929,DIFFCRISP
8.030281,DIFFCRISP
7.5838304,DIFFCRISP
7.7586856,DIFFCRISP
8.078103,DIFFCRISP
7.0749745,DIFFCRISP
8.08041,DIFFCRISP
7.1467447,DIFFCRISP
8.325013,DIFFCRISP
7.9059787,DIFFCRISP
7.827291,DIFFCRISP
7.45033,DIFFCRISP
7.5037756,DIFFCRISP
8.328087,DIFFCRISP
8.474329,DIFFCRISP
7.530225,DIFFCRISP
8.30992,DIFFCRISP
7.0919743,DIFFCRISP
7.470405,DIFFCRISP
8.107514,DIFFCRISP
7.742002,DIFFCRISP
7.776432,DIFFCRISP
8.213253,DIFFCRISP
8.088368,DIFFCRISP
8.2390175,DIFFCRISP
8.210629,DIFFCRISP
7.4865117,DIFFCRISP
8.079944,DIFFCRISP
7.386613,DIFFCRISP
8.133247,DIFFCRISP
8.375298,DIFFCRISP
8.514248,DIFFCRISP
7.562373,DIFFCRISP
7.5409703,DIFFCRISP
7.7578206,DIFFCRISP
7.7506857,DIFFCRISP
7.9975615,DIFFCRISP
8.033115,DIFFCRISP
9.148935,DIFFCRISP
8.316237,DIFFCRISP
6.947354,DIFFCRISP
7.644536,DIFFCRISP
9.086744,DIFFCRISP
8.192188,DIFFCRISP
9.230348,DIFFCRISP
7.1364217,DIFFCRISP
7.648935,DIFFCRISP
8.379351,DIFFCRISP
8.66822,DIFFCRISP
7.611031,DIFFCRISP
7.721706,DIFFCRISP
7.989436,DIFFCRISP
8.055445,DIFFCRISP
8.845475,DIFFCRISP
7.3559275,DIFFCRISP
7.8748736,DIFFCRISP
7.9773293,DIFFCRISP
8.376716,DIFFCRISP
7.3455324,DIFFCRISP
7.8331466,DIFFCRISP
8.345557,DIFFCRISP
7.5404234,DIFFCRISP
7.694336,DIFFCRISP
7.0098124,DIFFCRISP
7.2573886,DIFFCRISP
7.198517,DIFFCRISP
7.894242,DIFFCRISP
7.813492,DIFFCRISP
7.108554,DIFFCRISP
7.9901752,DIFFCRISP
8.152156,DIFFCRISP
7.6791325,DIFFCRISP
8.065847,DIFFCRISP
8.7737465,DIFFCRISP
8.321593,DIFFCRISP
7.699796,DIFFCRISP
7.5379744,DIFFCRISP
7.2254143,DIFFCRISP
7.8865523,DIFFCRISP
7.380173,DIFFCRISP
8.534438,DIFFCRISP
7.3257685,DIFFCRISP
8.043153,DIFFCRISP
7.340249,DIFFCRISP
7.479578,DIFFCRISP
8.590532,DIFFCRISP
7.037036,DIFFCRISP
8.826684,DIFFCRISP
7.1531324,DIFFCRISP
8.385839,DIFFCRISP
7.7743554,DIFFCRISP
7.7626004,DIFFCRISP
7.169573,DIFFCRISP
8.121668,DIFFCRISP
7.63166,DIFFCRISP
8.771965,DIFFCRISP
9.218105,DIFFCRISP
8.69361,DIFFCRISP
7.375659,DIFFCRISP
8.741896,DIFFCRISP
8.155635,DIFFCRISP
9.042694,DIFFCRISP
8.319511,DIFFCRISP
7.5583997,DIFFCRISP
7.2036104,DIFFCRISP
8.096284,DIFFCRISP
7.406743,DIFFCRISP
8.996071,DIFFCRISP
7.285438,DIFFCRISP
8.042144,DIFFCRISP
7.1967754,DIFFCRISP
8.518366,DIFFCRISP
8.07744,DIFFCRISP
8.672285,DIFFCRISP
8.164849,DIFFCRISP
7.863142,DIFFCRISP
8.8396435,DIFFCRISP
7.4092536,DIFFCRISP
8.647992,DIFFCRISP
7.342356,DIFFCRISP
8.066229,DIFFCRISP
8.517793,DIFFCRISP
7.675299,DIFFCRISP
8.7377615,DIFFCRISP
7.6740723,DIFFCRISP
7.731466,DIFFCRISP
7.5968766,DIFFCRISP
7.977646,DIFFCRISP
8.254876,DIFFCRISP
8.473556,DIFFCRISP
7.975112,DIFFCRISP
8.01183,DIFFCRISP
8.002822,DIFFCRISP
7.75029,DIFFCRISP
7.861022,DIFFCRISP
7.404495,DIFFCRISP
7.733753,DIFFCRISP
8.04458,DIFFCRISP
7.8381696,DIFFCRISP
7.627927,DIFFCRISP
8.133481,DIFFCRISP
7.7563796,DIFFCRISP
7.487608,DIFFCRISP
7.855486,DIFFCRISP
8.298706,DIFFCRISP
8.3064785,DIFFCRISP
7.460658,DIFFCRISP
7.939815,DIFFCRISP
7.938975,DIFFCRISP
7.5419493,DIFFCRISP
7.368182,DIFFCRISP
8.267096,DIFFCRISP
8.375417,DIFFCRISP
8.604025,DIFFCRISP
7.5873575,DIFFCRISP
7.5484715,DIFFCRISP
8.3105955,DIFFCRISP
9.103445,DIFFCRISP
8.640521,DIFFCRISP
8.499848,DIFFCRISP
8.073823,DIFFCRISP
8.084011,DIFFCRISP
8.451313,DIFFCRISP
8.679517,DIFFCRISP
8.159028,DIFFCRISP
8.169451,DIFFCRISP
8.225357,DIFFCRISP
7.458638,DIFFCRISP
7.036313,DIFFCRISP
7.8062005,DIFFCRISP
8.269103,DIFFCRISP
8.792125,DIFFCRISP
7.7863607,DIFFCRISP
7.795229,DIFFCRISP
8.477372,DIFFCRISP
8.064314,DIFFCRISP
7.2219243,DIFFCRISP
7.1908092,DIFFCRISP
8.376826,DIFFCRISP
7.4871993,DIFFCRISP
7.7842793,DIFFCRISP
8.684309,DIFFCRISP
7.5991936,DIFFCRISP
7.206061,DIFFCRISP
8.0289545,DIFFCRISP
7.792143,DIFFCRISP
7.96186,DIFFCRISP
7.874444,DIFFCRISP
7.4080715,DIFFCRISP
8.172728,DIFFCRISP
8.055542,DIFFCRISP
7.408115,DIFFCRISP
7.529585,DIFFCRISP
8.281348,DIFFCRISP
7.3055363,DIFFCRISP
7.031487,DIFFCRISP
7.616216,DIFFCRISP
7.0387955,DIFFCRISP
7.499049,DIFFCRISP
6.953826,DIFFCRISP
7.829256,DIFFCRISP
7.8675756,DIFFCRISP
7.837504,DIFFCRISP
8.195088,DIFFCRISP
6.9076886,DIFFCRISP
7.3632073,DIFFCRISP
8.455431,DIFFCRISP
7.3513184,DIFFCRISP
8.421059,DIFFCRISP
7.3129926,DIFFCRISP
7.2403655,DIFFCRISP
7.7789598,DIFFCRISP
7.419397,DIFFCRISP
8.054886,DIFFCRISP
8.168506,DIFFCRISP
7.4845495,DIFFCRISP
8.230917,DIFFCRISP
7.54619,DIFFCRISP
7.71293,DIFFCRISP
7.83687,DIFFCRISP
7.9596505,DIFFCRISP
8.288438,DIFFCRISP
7.980609,DIFFCRISP
7.9164557,DIFFCRISP
7.7918096,DIFFCRISP
7.654971,DIFFCRISP
8.305773,DIFFCRISP
8.444535,DIFFCRISP
7.42487,DIFFCRISP
8.060923,DIFFCRISP
6.2942576,DIFFCRISP
8.433552,DIFFCRISP
7.2153683,DIFFCRISP
8.084511,DIFFCRISP
8.196829,DIFFCRISP
8.03674,DIFFCRISP
7.808795,DIFFCRISP
8.045737,DIFFCRISP
8.116577,DIFFCRISP
8.140242,DIFFCRISP
7.715412,DIFFCRISP
8.219966,DIFFCRISP
8.33233,DIFFCRISP
8.585735,DIFFCRISP
8.188711,DIFFCRISP
7.9528885,DIFFCRISP
7.5356226,DIFFCRISP
6.9877005,DIFFCRISP
7.3271346,DIFFCRISP
7.582142,DIFFCRISP
7.395478,DIFFCRISP
7.9750366,DIFFCRISP
8.093264,DIFFCRISP
8.123188,DIFFCRISP
7.208908,DIFFCRISP
6.954395,DIFFCRISP
8.055118,DIFFCRISP
7.9638715,DIFFCRISP
8.26811,DIFFCRISP
8.134755,DIFFCRISP
7.289745,DIFFCRISP
8.237345,DIFFCRISP
8.319825,DIFFCRISP
7.0872436,DIFFCRISP
7.525128,DIFFCRISP
8.393669,DIFFCRISP
8.485483,DIFFCRISP
7.672061,DIFFCRISP
7.5336704,DIFFCRISP
8.121296,DIFFCRISP
7.483483,DIFFCRISP
8.290639,DIFFCRISP
8.435848,DIFFCRISP
7.6850343,DIFFCRISP
8.368964,DIFFCRISP
8.37278,DIFFCRISP
7.1741366,DIFFCRISP
8.052627,DIFFCRISP
8.429742,DIFFCRISP
8.723565,DIFFCRISP
8.034193,DIFFCRISP
8.080702,DIFFCRISP
7.98557,DIFFCRISP
8.470448,DIFFCRISP
8.833168,DIFFCRISP
7.8168964,DIFFCRISP
8.610263,DIFFCRISP
8.0852165,DIFFCRISP
8.088678,DIFFCRISP
8.286545,DIFFCRISP
8.023648,DIFFCRISP
7.9638653,DIFFCRISP
7.373077,DIFFCRISP
8.022184,DIFFCRISP
7.786921,DIFFCRISP
7.463381,DIFFCRISP
7.5592527,DIFFCRISP
7.616339,DIFFCRISP
9.173495,DIFFCRISP
8.084355,DIFFCRISP
8.783728,DIFFCRISP
7.114548,DIFFCRISP
7.9090824,DIFFCRISP
8.159734,DIFFCRISP
7.987541,DIFFCRISP
7.614743,DIFFCRISP
7.9628654,DIFFCRISP
8.891025,DIFFCRISP
8.740197,DIFFCRISP
7.7947803,DIFFCRISP
7.57058,DIFFCRISP
7.349019,DIFFCRISP
7.81337,DIFFCRISP
8.644847,DIFFCRISP
6.720305,DIFFCRISP
7.817302,DIFFCRISP
7.557723,DIFFCRISP
7.59527,DIFFCRISP
7.8575444,DIFFCRISP
7.730865,DIFFCRISP
8.7815275,DIFFCRISP
7.2423115,DIFFCRISP
7.8260994,DIFFCRISP
8.670338,DIFFCRISP
7.787366,DIFFCRISP
8.10372,DIFFCRISP
7.6348596,DIFFCRISP
9.0716505,DIFFCRISP
8.12014,DIFFCRISP
7.9539595,DIFFCRISP
7.296152,DIFFCRISP
7.466434,DIFFCRISP
8.232368,DIFFCRISP
7.0933995,DIFFCRISP
8.125559,DIFFCRISP
7.8103247,DIFFCRISP
7.6247435,DIFFCRISP
8.500203,DIFFCRISP
7.9957976,DIFFCRISP
7.5386868,DIFFCRISP
6.9365606,DIFFCRISP
7.8748307,DIFFCRISP
9.592702,DIFFCRISP
8.230274,DIFFCRISP
7.548123,DIFFCRISP
8.351409,DIFFCRISP
7.6773577,DIFFCRISP
7.6283827,DIFFCRISP
7.7274,DIFFCRISP
8.1566925,DIFFCRISP
7.557574,DIFFCRISP
7.503069,DIFFCRISP
7.521077,DIFFCRISP
8.381738,DIFFCRISP
7.463135,DIFFCRISP
7.925442,DIFFCRISP
8.172826,DIFFCRISP
7.1411705,DIFFCRISP
7.403875,DIFFCRISP
7.773493,DIFFCRISP
9.308144,DIFFCRISP
7.8315864,DIFFCRISP
7.8276033,DIFFCRISP
7.519293,DIFFCRISP
8.458721,DIFFCRISP
7.583833,DIFFCRISP
8.085464,DIFFCRISP
7.632029,DIFFCRISP
8.322676,DIFFCRISP
7.4141445,DIFFCRISP
8.1647835,DIFFCRISP
7.665458,DIFFCRISP
8.396824,DIFFCRISP
7.8917556,DIFFCRISP
7.545312,DIFFCRISP
8.340366,DIFFCRISP
8.793605,DIFFCRISP
8.588117,DIFFCRISP
7.7789025,DIFFCRISP
8.324878,DIFFCRISP
7.311204,DIFFCRISP
7.6467905,DIFFCRISP
7.6761518,DIFFCRISP
7.754472,DIFFCRISP
7.872461,DIFFCRISP
7.537623,DIFFCRISP
8.565231,DIFFCRISP
8.227491,DIFFCRISP
7.6209445,DIFFCRISP
8.308519,DIFFCRISP
7.8527946,DIFFCRISP
8.293419,DIFFCRISP
8.699963,DIFFCRISP
8.210742,DIFFCRISP
8.326787,DIFFCRISP
8.585166,DIFFCRISP
7.3409133,DIFFCRISP
8.442423,DIFFCRISP
8.792825,DIFFCRISP
8.859593,DIFFCRISP
7.372517,DIFFCRISP
7.5088053,DIFFCRISP
9.070985,DIFFCRISP
8.777212,DIFFCRISP
8.435833,DIFFCRISP
8.141416,DIFFCRISP
7.479343,DIFFCRISP
7.4439406,DIFFCRISP
7.242945,DIFFCRISP
6.959115,DIFFCRISP
7.8256783,DIFFCRISP
7.691839,DIFFCRISP
8.419974,DIFFCRISP
7.0694165,DIFFCRISP
7.9742284,DIFFCRISP
8.102878,DIFFCRISP
7.3810163,DIFFCRISP
8.367897,DIFFCRISP
8.9518585,DIFFCRISP
8.989373,DIFFCRISP
7.533109,DIFFCRISP
7.1799326,DIFFCRISP
7.5128074,DIFFCRISP
7.6628656,DIFFCRISP
7.6160207,DIFFCRISP
7.621758,DIFFCRISP
8.239089,DIFFCRISP
7.495779,DIFFCRISP
7.8873444,DIFFCRISP
7.6788125,DIFFCRISP
8.208138,DIFFCRISP
7.456926,DIFFCRISP
7.4939575,DIFFCRISP
7.9266315,DIFFCRISP
7.852772,DIFFCRISP
8.4201145,DIFFCRISP
7.686959,DIFFCRISP
7.3465705,DIFFCRISP
7.6549964,DIFFCRISP
8.481275,DIFFCRISP
7.94113,DIFFCRISP
7.983667,DIFFCRISP
6.9732985,DIFFCRISP
7.7123027,DIFFCRISP
8.312564,DIFFCRISP
7.9318867,DIFFCRISP
8.125852,DIFFCRISP
7.492314,DIFFCRISP
7.8279705,DIFFCRISP
7.574717,DIFFCRISP
8.837433,DIFFCRISP
8.921272,DIFFCRISP
8.603595,DIFFCRISP
7.4732156,DIFFCRISP
7.885352,DIFFCRISP
8.494866,DIFFCRISP
7.773463,DIFFCRISP
7.760679,DIFFCRISP
6.777214,DIFFCRISP
7.978955,DIFFCRISP
7.704802,DIFFCRISP
8.05735,DIFFCRISP
6.8129053,DIFFCRISP
7.366795,DIFFCRISP
7.2058406,DIFFCRISP
6.9057913,DIFFCRISP
7.5597963,DIFFCRISP
8.080781,DIFFCRISP
6.852982,DIFFCRISP
7.3866553,DIFFCRISP
7.0958056,DIFFCRISP
8.083614,DIFFCRISP
7.4086766,DIFFCRISP
7.2758484,DIFFCRISP
7.5721245,DIFFCRISP
8.321625,DIFFCRISP
8.467206,DIFFCRISP
7.2439003,DIFFCRISP
7.85622,DIFFCRISP
7.870608,DIFFCRISP
8.0997505,DIFFCRISP
7.666849,DIFFCRISP
8.77752,DIFFCRISP
7.6411333,DIFFCRISP
8.765066,DIFFCRISP
8.461659,DIFFCRISP
8.511566,DIFFCRISP
7.557482,DIFFCRISP
7.7785487,DIFFCRISP
7.829728,DIFFCRISP
8.342004,DIFFCRISP
8.209498,DIFFCRISP
8.71774,DIFFCRISP
8.167467,DIFFCRISP
7.5991406,DIFFCRISP
7.8178735,DIFFCRISP
7.5729966,DIFFCRISP
7.2029757,DIFFCRISP
7.683534,DIFFCRISP
8.1136265,DIFFCRISP
8.653811,DIFFCRISP
7.51928,DIFFCRISP
7.922721,DIFFCRISP
7.7897964,DIFFCRISP
7.8487067,DIFFCRISP
7.702845,DIFFCRISP
8.017057,DIFFCRISP
7.585947,DIFFCRISP
8.115106,DIFFCRISP
8.639499,DIFFCRISP
7.7267184,DIFFCRISP
7.6536436,DIFFCRISP
8.036207,DIFFCRISP
7.5557857,DIFFCRISP
8.026266,DIFFCRISP
7.718043,DIFFCRISP
7.95522,DIFFCRISP
8.814673,DIFFCRISP
8.060524,DIFFCRISP
7.480831,DIFFCRISP
7.616515,DIFFCRISP
9.050042,DIFFCRISP
8.599429,DIFFCRISP
8.030045,DIFFCRISP
8.0998125,DIFFCRISP
8.6375475,DIFFCRISP
7.048575,DIFFCRISP
7.6359825,DIFFCRISP
8.20149,DIFFCRISP
8.800986,DIFFCRISP
7.357576,DIFFCRISP
7.818204,DIFFCRISP
7.8366213,DIFFCRISP
7.5472383,DIFFCRISP
7.7430487,DIFFCRISP
7.1542954,DIFFCRISP
7.7716184,DIFFCRISP
8.035072,DIFFCRISP
7.9262104,DIFFCRISP
8.852924,DIFFCRISP
7.519203,DIFFCRISP
8.689898,DIFFCRISP
7.8656936,DIFFCRISP
7.914744,DIFFCRISP
8.283571,DIFFCRISP
8.547433,DIFFCRISP
7.745945,DIFFCRISP
6.7565746,DIFFCRISP
9.042164,DIFFCRISP
7.5632463,DIFFCRISP
7.941153,DIFFCRISP
8.49393,DIFFCRISP
7.9263935,DIFFCRISP
8.26339,DIFFCRISP
7.83874,DIFFCRISP
7.7219706,DIFFCRISP
9.535448,DIFFCRISP
7.6035933,DIFFCRISP
8.175958,DIFFCRISP
7.112913,DIFFCRISP
8.612262,DIFFCRISP
7.6284246,DIFFCRISP
7.3462377,DIFFCRISP
7.444329,DIFFCRISP
7.9870787,DIFFCRISP
7.98806,DIFFCRISP
7.6191597,DIFFCRISP
7.013254,DIFFCRISP
7.649899,DIFFCRISP
7.1359644,DIFFCRISP
7.310904,DIFFCRISP
8.41172,DIFFCRISP
8.676526,DIFFCRISP
9.080573,DIFFCRISP
7.360792,DIFFCRISP
7.770348,DIFFCRISP
7.825445,DIFFCRISP
7.5161185,DIFFCRISP
7.9090743,DIFFCRISP
9.402242,DIFFCRISP
7.8627944,DIFFCRISP
8.012861,DIFFCRISP
7.1122055,DIFFCRISP
8.907274,DIFFCRISP
8.032799,DIFFCRISP
8.004833,DIFFCRISP
7.591392,DIFFCRISP
7.333891,DIFFCRISP
8.350167,DIFFCRISP
8.317037,DIFFCRISP
7.0891066,DIFFCRISP
7.0775504,DIFFCRISP
7.7682214,DIFFCRISP
7.4384923,DIFFCRISP
7.5494986,DIFFCRISP
7.335144,DIFFCRISP
7.68918,DIFFCRISP
8.715736,DIFFCRISP
7.222742,DIFFCRISP
6.6145663,DIFFCRISP
7.360436,DIFFCRISP
8.39795,DIFFCRISP
8.0734415,DIFFCRISP
8.592929,DIFFCRISP
7.749664,DIFFCRISP
7.757808,DIFFCRISP
7.5137677,DIFFCRISP
7.8052597,DIFFCRISP
8.2769375,DIFFCRISP
7.1505847,DIFFCRISP
7.7746887,DIFFCRISP
7.66967,DIFFCRISP
7.455758,DIFFCRISP
7.0145116,DIFFCRISP
8.270131,DIFFCRISP
7.8330393,DIFFCRISP
8.071029,DIFFCRISP
9.148572,DIFFCRISP
7.321643,DIFFCRISP
7.50417,DIFFCRISP
7.826604,DIFFCRISP
7.60462,DIFFCRISP
7.953055,DIFFCRISP
8.549314,DIFFCRISP
7.898855,DIFFCRISP
8.167934,DIFFCRISP
7.5280933,DIFFCRISP
6.999927,DIFFCRISP
7.700139,DIFFCRISP
7.3899198,DIFFCRISP
8.7354,DIFFCRISP
7.7166696,DIFFCRISP
7.800875,DIFFCRISP
7.511462,DIFFCRISP
7.6143,DIFFCRISP
7.152993,DIFFCRISP
8.248073,DIFFCRISP
8.338344,DIFFCRISP
7.9414945,DIFFCRISP
8.574774,DIFFCRISP
8.075534,DIFFCRISP
7.348375,DIFFCRISP
7.4209695,DIFFCRISP
8.043488,DIFFCRISP
7.901157,DIFFCRISP
8.318803,DIFFCRISP
8.225029,DIFFCRISP
8.01179,DIFFCRISP
8.245734,DIFFCRISP
7.9976892,DIFFCRISP
7.369107,DIFFCRISP
7.405968,DIFFCRISP
7.4385676,DIFFCRISP
8.762843,DIFFCRISP
8.565987,DIFFCRISP
7.9162607,DIFFCRISP
7.754821,DIFFCRISP
7.465146,DIFFCRISP
7.2159853,DIFFCRISP
9.17287,DIFFCRISP
7.9487543,DIFFCRISP
8.069846,DIFFCRISP
7.683495,DIFFCRISP
7.2745357,DIFFCRISP
8.41886,DIFFCRISP
8.56131,DIFFCRISP
7.6737604,DIFFCRISP
8.508892,DIFFCRISP
7.7940445,DIFFCRISP
7.483815,DIFFCRISP
7.9627166,DIFFCRISP
8.612252,DIFFCRISP
7.664966,DIFFCRISP
7.6381397,DIFFCRISP
7.6361914,DIFFCRISP
8.454178,DIFFCRISP
8.742783,DIFFCRISP
8.125865,DIFFCRISP
8.0506735,DIFFCRISP
7.8773556,DIFFCRISP
6.5816555,DIFFCRISP
7.539524,DIFFCRISP
8.25383,DIFFCRISP
7.752362,DIFFCRISP
7.7945347,DIFFCRISP
7.3099003,DIFFCRISP
7.7705183,DIFFCRISP
8.356081,DIFFCRISP
7.926377,DIFFCRISP
7.615836,DIFFCRISP
7.978745,DIFFCRISP
8.344669,DIFFCRISP
8.544431,DIFFCRISP
7.604689,DIFFCRISP
7.701594,DIFFCRISP
8.449298,DIFFCRISP
7.6371446,DIFFCRISP
7.2665205,DIFFCRISP
8.133673,DIFFCRISP
7.901614,DIFFCRISP
8.635488,DIFFCRISP
9.395001,DIFFCRISP
7.422453,DIFFCRISP
8.446334,DIFFCRISP
8.560395,DIFFCRISP
8.459664,DIFFCRISP
9.006195,DIFFCRISP
7.996434,DIFFCRISP
6.9963775,DIFFCRISP
7.504311,DIFFCRISP
7.4407554,DIFFCRISP
7.8107204,DIFFCRISP
8.040122,DIFFCRISP
7.443981,DIFFCRISP
8.576919,DIFFCRISP
8.037505,DIFFCRISP
8.090356,DIFFCRISP
7.7157726,DIFFCRISP
8.22675,DIFFCRISP
8.931057,DIFFCRISP
8.847018,DIFFCRISP
6.9238443,DIFFCRISP
7.708758,DIFFCRISP
8.71816,DIFFCRISP
7.8696938,DIFFCRISP
7.6605353,DIFFCRISP
7.9851413,DIFFCRISP
7.7647557,DIFFCRISP
8.249404,DIFFCRISP
9.034927,DIFFCRISP
8.695143,DIFFCRISP
7.100697,DIFFCRISP
7.8982897,DIFFCRISP
7.9993305,DIFFCRISP
7.9192724,DIFFCRISP
8.421167,DIFFCRISP
8.549827,DIFFCRISP
9.146547,DIFFCRISP
8.639636,DIFFCRISP
8.424608,DIFFCRISP
8.556376,DIFFCRISP
7.996138,DIFFCRISP
7.892682,DIFFCRISP
7.492582,DIFFCRISP
7.645635,DIFFCRISP
8.45328,DIFFCRISP
7.850366,DIFFCRISP
7.733355,DIFFCRISP
7.5787945,DIFFCRISP
8.198472,DIFFCRISP
7.2161393,DIFFCRISP
8.455613,DIFFCRISP
7.412983,DIFFCRISP
7.8429027,DIFFCRISP
8.321092,DIFFCRISP
7.5880203,DIFFCRISP
7.247671,DIFFCRISP
8.212822,DIFFCRISP
7.902676,DIFFCRISP
8.960779,DIFFCRISP
7.986563,DIFFCRISP
7.965824,DIFFCRISP
7.4157357,DIFFCRISP
8.093749,DIFFCRISP
7.5951133,DIFFCRISP
8.323039,DIFFCRISP
7.647546,DIFFCRISP
7.9622536,DIFFCRISP
7.8659773,DIFFCRISP
8.912219,DIFFCRISP
8.119207,DIFFCRISP
8.077253,DIFFCRISP
8.196958,DIFFCRISP
8.911317,DIFFCRISP
7.3448396,DIFFCRISP
7.940889,DIFFCRISP
7.91307,DIFFCRISP
8.637127,DIFFCRISP
7.4987826,DIFFCRISP
8.685142,DIFFCRISP
8.045028,DIFFCRISP
8.226762,DIFFCRISP
7.2215014,DIFFCRISP
7.640375,DIFFCRISP
7.6975036,DIFFCRISP
7.9467545,DIFFCRISP
8.567508,DIFFCRISP
8.088596,DIFFCRISP
8.54945,DIFFCRISP
7.6796517,DIFFCRISP
8.332171,DIFFCRISP
7.9611096,DIFFCRISP
8.268351,DIFFCRISP
7.5720124,DIFFCRISP
8.353506,DIFFCRISP
8.192192,DIFFCRISP
7.5110936,DIFFCRISP
7.7786217,DIFFCRISP
7.678935,DIFFCRISP
7.284655,DIFFCRISP
8.089263,DIFFCRISP
7.2899823,DIFFCRISP
8.7156725,DIFFCRISP
8.407362,DIFFCRISP
7.363717,DIFFCRISP
7.213777,DIFFCRISP
7.3026896,DIFFCRISP
7.7481794,DIFFCRISP
8.211092,DIFFCRISP
8.811028,DIFFCRISP
8.734692,DIFFCRISP
8.243025,DIFFCRISP
7.97393,DIFFCRISP
7.7657323,DIFFCRISP
7.609538,DIFFCRISP
8.386982,DIFFCRISP
7.8781734,DIFFCRISP
8.867567,DIFFCRISP
7.705653,DIFFCRISP
7.4639664,DIFFCRISP
7.8240576,DIFFCRISP
8.356135,DIFFCRISP
7.9159856,DIFFCRISP
7.770362,DIFFCRISP
8.564475,DIFFCRISP
7.4030294,DIFFCRISP
8.520229,DIFFCRISP
7.5512204,DIFFCRISP
7.2954817,DIFFCRISP
8.8085375,DIFFCRISP
7.670758,DIFFCRISP
7.10145,DIFFCRISP
8.494566,DIFFCRISP
8.156543,DIFFCRISP
8.540948,DIFFCRISP
8.7995,DIFFCRISP
7.235348,DIFFCRISP
8.413717,DIFFCRISP
7.398006,DIFFCRISP
7.828421,DIFFCRISP
8.077297,DIFFCRISP
7.6893163,DIFFCRISP
7.968413,DIFFCRISP
8.185913,DIFFCRISP
8.40329,DIFFCRISP
7.665764,DIFFCRISP
7.396265,DIFFCRISP
7.5866613,DIFFCRISP
8.385117,DIFFCRISP
7.3867707,DIFFCRISP
7.9101973,DIFFCRISP
7.713445,DIFFCRISP
8.614121,DIFFCRISP
7.8643622,DIFFCRISP
7.7310038,DIFFCRISP
7.984292,DIFFCRISP
7.14614,DIFFCRISP
8.380793,DIFFCRISP
8.155646,DIFFCRISP
8.91641,DIFFCRISP
7.4991984,DIFFCRISP
8.123644,DIFFCRISP
8.186115,DIFFCRISP
7.4092507,DIFFCRISP
7.3596387,DIFFCRISP
7.8485556,DIFFCRISP
7.3619714,DIFFCRISP
7.539413,DIFFCRISP
9.060511,DIFFCRISP
8.174794,DIFFCRISP
8.196788,DIFFCRISP
8.411844,DIFFCRISP
7.892832,DIFFCRISP
7.9151635,DIFFCRISP
7.505395,DIFFCRISP
7.7653556,DIFFCRISP
8.737163,DIFFCRISP
7.5632024,DIFFCRISP
7.691503,DIFFCRISP
7.5501738,DIFFCRISP
7.068653,DIFFCRISP
7.7202826,DIFFCRISP
7.7664695,DIFFCRISP
7.7540236,DIFFCRISP
7.2935433,DIFFCRISP
7.1398606,DIFFCRISP
8.797393,DIFFCRISP
6.8052535,DIFFCRISP
8.29051,DIFFCRISP
7.7523518,DIFFCRISP
7.1935067,DIFFCRISP
7.4008603,DIFFCRISP
7.497327,DIFFCRISP
7.677644,DIFFCRISP
8.670861,DIFFCRISP
7.838855,DIFFCRISP
8.844896,DIFFCRISP
7.501483,DIFFCRISP
7.79283,DIFFCRISP
7.421185,DIFFCRISP
7.6191826,DIFFCRISP
8.086988,DIFFCRISP
7.248212,DIFFCRISP
7.5418997,DIFFCRISP
7.1274605,DIFFCRISP
7.64564,DIFFCRISP
8.350389,DIFFCRISP
8.100458,DIFFCRISP
7.7974596,DIFFCRISP
8.109326,DIFFCRISP
8.616235,DIFFCRISP
8.648928,DIFFCRISP
8.907018,DIFFCRISP
7.607907,DIFFCRISP
7.211056,DIFFCRISP
8.574093,DIFFCRISP
8.086127,DIFFCRISP
7.6507726,DIFFCRISP
8.57224,DIFFCRISP
7.3788843,DIFFCRISP
7.713197,DIFFCRISP
7.517172,DIFFCRISP
7.873462,DIFFCRISP
7.691514,DIFFCRISP
7.789366,DIFFCRISP
8.101671,DIFFCRISP
7.7825384,DIFFCRISP
8.018738,DIFFCRISP
6.807571,DIFFCRISP
8.014471,DIFFCRISP
8.593332,DIFFCRISP
8.423343,DIFFCRISP
7.2622995,DIFFCRISP
8.430346,DIFFCRISP
7.7660213,DIFFCRISP
8.172477,DIFFCRISP
7.822395,DIFFCRISP
7.08901,DIFFCRISP
7.800838,DIFFCRISP
7.509912,DIFFCRISP
7.647582,DIFFCRISP
7.2989163,DIFFCRISP
7.355199,DIFFCRISP
7.1641855,DIFFCRISP
8.502231,DIFFCRISP
7.331366,DIFFCRISP
8.548072,DIFFCRISP
8.352759,DIFFCRISP
6.8618255,DIFFCRISP
7.835928,DIFFCRISP
8.006801,DIFFCRISP
7.1891265,DIFFCRISP
8.09951,DIFFCRISP
8.114599,DIFFCRISP
7.775871,DIFFCRISP
7.851232,DIFFCRISP
7.544636,DIFFCRISP
8.307265,DIFFCRISP
8.201378,DIFFCRISP
7.7753806,DIFFCRISP
7.8253393,DIFFCRISP
8.138469,DIFFCRISP
7.081112,DIFFCRISP
8.7923765,DIFFCRISP
7.5420704,DIFFCRISP
8.164677,DIFFCRISP
7.6498647,DIFFCRISP
7.9966445,DIFFCRISP
7.292062,DIFFCRISP
8.3920965,DIFFCRISP
8.140697,DIFFCRISP
7.9217315,DIFFCRISP
8.172003,DIFFCRISP
6.9633393,DIFFCRISP
8.950675,DIFFCRISP
7.78423,DIFFCRISP
8.201045,DIFFCRISP
8.632852,DIFFCRISP
7.3832693,DIFFCRISP
8.180157,DIFFCRISP
8.247434,DIFFCRISP
8.543718,DIFFCRISP
7.305972,DIFFCRISP
7.0647745,DIFFCRISP
7.476753,DIFFCRISP
7.4024596,DIFFCRISP
7.4036183,DIFFCRISP
7.7476077,DIFFCRISP
8.273645,DIFFCRISP
7.3763185,DIFFCRISP
7.728592,DIFFCRISP
7.9803114,DIFFCRISP
7.6853633,DIFFCRISP
8.600862,DIFFCRISP
8.923868,DIFFCRISP
8.397396,DIFFCRISP
7.9557986,DIFFCRISP
7.2927046,DIFFCRISP
8.606952,DIFFCRISP
7.613799,DIFFCRISP
7.0036526,DIFFCRISP
7.5246873,DIFFCRISP
7.577954,DIFFCRISP
7.2334294,DIFFCRISP
8.106257,DIFFCRISP
7.997338,DIFFCRISP
8.317672,DIFFCRISP
7.4128814,DIFFCRISP
7.6350794,DIFFCRISP
7.5467534,DIFFCRISP
7.367801,DIFFCRISP
7.3120537,DIFFCRISP
7.98952,DIFFCRISP
7.7605505,DIFFCRISP
7.3751054,DIFFCRISP
8.695461,DIFFCRISP
8.914388,DIFFCRISP
8.673975,DIFFCRISP
7.663829,DIFFCRISP
7.7199445,DIFFCRISP
8.009487,DIFFCRISP
8.330001,DIFFCRISP
8.808052,DIFFCRISP
8.68322,DIFFCRISP
7.6219754,DIFFCRISP
7.260746,DIFFCRISP
7.953138,DIFFCRISP
8.382516,DIFFCRISP
7.1845684,DIFFCRISP
7.4665995,DIFFCRISP
7.870584,DIFFCRISP
8.299904,DIFFCRISP
8.08375,DIFFCRISP
7.9293637,DIFFCRISP
7.6477056,DIFFCRISP
8.413173,DIFFCRISP
8.221471,DIFFCRISP
8.083131,DIFFCRISP
7.3900237,DIFFCRISP
8.483306,DIFFCRISP
7.5667486,DIFFCRISP
8.026582,DIFFCRISP
7.4474206,DIFFCRISP
7.2991247,DIFFCRISP
8.969823,DIFFCRISP
8.033851,DIFFCRISP
8.224972,DIFFCRISP
8.065252,DIFFCRISP
7.3451424,DIFFCRISP
7.091074,DIFFCRISP
7.90661,DIFFCRISP
7.5112395,DIFFCRISP
7.1667566,DIFFCRISP
7.2425385,DIFFCRISP
7.8984976,DIFFCRISP
7.15886,DIFFCRISP
8.668787,DIFFCRISP
7.3183885,DIFFCRISP
8.316277,DIFFCRISP
8.238042,DIFFCRISP
7.5286484,DIFFCRISP
7.519805,DIFFCRISP
7.5046167,DIFFCRISP
8.344814,DIFFCRISP
8.38496,DIFFCRISP
7.22867,DIFFCRISP
7.7160645,DIFFCRISP
7.294244,DIFFCRISP
7.537691,DIFFCRISP
7.9069786,DIFFCRISP
8.428498,DIFFCRISP
7.347635,DIFFCRISP
7.555182,DIFFCRISP
8.237125,DIFFCRISP
9.012861,DIFFCRISP
7.1586027,DIFFCRISP
7.042876,DIFFCRISP
7.6664762,DIFFCRISP
8.418209,DIFFCRISP
7.399684,DIFFCRISP
7.660815,DIFFCRISP
8.218421,DIFFCRISP
7.2216454,DIFFCRISP
7.7354393,DIFFCRISP
7.3769298,DIFFCRISP
8.318609,DIFFCRISP
8.3629465,DIFFCRISP
8.101828,DIFFCRISP
7.3952384,DIFFCRISP
7.905167,DIFFCRISP
7.7402124,DIFFCRISP
8.66515,DIFFCRISP
7.92825,DIFFCRISP
9.05201,DIFFCRISP
8.04678,DIFFCRISP
8.313038,DIFFCRISP
7.624025,DIFFCRISP
7.376233,DIFFCRISP
8.255465,DIFFCRISP
8.431292,DIFFCRISP
8.564604,DIFFCRISP
7.5679092,DIFFCRISP
7.0438714,DIFFCRISP
7.279976,DIFFCRISP
7.931314,DIFFCRISP
8.176072,DIFFCRISP
7.698023,DIFFCRISP
8.205169,DIFFCRISP
7.384696,DIFFCRISP
8.264309,DIFFCRISP
8.166831,DIFFCRISP
8.535408,DIFFCRISP
7.4489675,DIFFCRISP
7.555287,DIFFCRISP
8.081183,DIFFCRISP
7.6938286,DIFFCRISP
7.149603,DIFFCRISP
8.115375,DIFFCRISP
7.1236343,DIFFCRISP
7.7193155,DIFFCRISP
8.967523,DIFFCRISP
7.601847,DIFFCRISP
6.9684906,DIFFCRISP
7.6964297,DIFFCRISP
8.809419,DIFFCRISP
8.043832,DIFFCRISP
7.028509,DIFFCRISP
7.8352904,DIFFCRISP
8.013752,DIFFCRISP
7.1302876,DIFFCRISP
7.8852906,DIFFCRISP
8.177917,DIFFCRISP
7.6059856,DIFFCRISP
6.8144226,DIFFCRISP
7.7065606,DIFFCRISP
7.8935833,DIFFCRISP
7.467994,DIFFCRISP
7.073551,DIFFCRISP
7.455627,DIFFCRISP
8.205585,DIFFCRISP
7.7368436,DIFFCRISP
7.688778,DIFFCRISP
7.5141563,DIFFCRISP
7.4318595,DIFFCRISP
7.6312,DIFFCRISP
8.442237,DIFFCRISP
7.083586,DIFFCRISP
7.0989428,DIFFCRISP
7.765056,DIFFCRISP
8.049008,DIFFCRISP
7.6819835,DIFFCRISP
7.582337,DIFFCRISP
7.604073,DIFFCRISP
8.82865,DIFFCRISP
7.7883005,DIFFCRISP
7.8019724,DIFFCRISP
7.0835924,DIFFCRISP
7.936183,DIFFCRISP
7.9967494,DIFFCRISP
7.555142,DIFFCRISP
8.235253,DIFFCRISP
7.294036,DIFFCRISP
8.436497,DIFFCRISP
8.167235,DIFFCRISP
7.863404,DIFFCRISP
8.490516,DIFFCRISP
7.695494,DIFFCRISP
7.7758183,DIFFCRISP
8.236581,DIFFCRISP
8.152086,DIFFCRISP
8.126182,DIFFCRISP
7.66143,DIFFCRISP
7.7503953,DIFFCRISP
8.713481,DIFFCRISP
7.927517,DIFFCRISP
7.840484,DIFFCRISP
7.8365254,DIFFCRISP
8.142695,DIFFCRISP
7.7856674,DIFFCRISP
7.421131,DIFFCRISP
8.138035,DIFFCRISP
7.5498323,DIFFCRISP
8.438137,DIFFCRISP
8.083361,DIFFCRISP
8.339219,DIFFCRISP
7.578054,DIFFCRISP
8.046499,DIFFCRISP
8.318872,DIFFCRISP
7.6391554,DIFFCRISP
7.518045,DIFFCRISP
8.0950985,DIFFCRISP
8.030306,DIFFCRISP
7.5962095,DIFFCRISP
7.816126,DIFFCRISP
7.6760445,DIFFCRISP
7.0398293,DIFFCRISP
8.33758,DIFFCRISP
7.336116,DIFFCRISP
8.313641,DIFFCRISP
7.616761,DIFFCRISP
7.832477,DIFFCRISP
8.006047,DIFFCRISP
7.2158184,DIFFCRISP
7.537964,DIFFCRISP
7.719287,DIFFCRISP
7.4077225,DIFFCRISP
8.410484,DIFFCRISP
8.01971,DIFFCRISP
6.881542,DIFFCRISP
7.670566,DIFFCRISP
8.139277,DIFFCRISP
7.665894,DIFFCRISP
8.395487,DIFFCRISP
8.324746,DIFFCRISP
7.2506056,DIFFCRISP
8.051514,DIFFCRISP
7.8264694,DIFFCRISP
7.2829204,DIFFCRISP
6.907956,DIFFCRISP
8.567191,DIFFCRISP
8.7,DIFFCRISP
8.43016,DIFFCRISP
7.6619945,DIFFCRISP
8.4338875,DIFFCRISP
7.134599,DIFFCRISP
8.783216,DIFFCRISP
8.491966,DIFFCRISP
8.155341,DIFFCRISP
7.1165204,DIFFCRISP
8.758236,DIFFCRISP
7.8404074,DIFFCRISP
7.1489105,DIFFCRISP
8.101555,DIFFCRISP
7.61594,DIFFCRISP
8.191988,DIFFCRISP
7.8575716,DIFFCRISP
7.580476,DIFFCRISP
8.174898,DIFFCRISP
7.873193,DIFFCRISP
7.9751735,DIFFCRISP
7.390347,DIFFCRISP
7.3881383,DIFFCRISP
8.858959,DIFFCRISP
7.855967,DIFFCRISP
7.558425,DIFFCRISP
8.604058,DIFFCRISP
7.390236,DIFFCRISP
7.2514963,DIFFCRISP
8.094751,DIFFCRISP
6.718051,DIFFCRISP
7.931528,DIFFCRISP
7.381236,DIFFCRISP
7.4979315,DIFFCRISP
8.624192,DIFFCRISP
8.7370205,DIFFCRISP
7.269779,DIFFCRISP
7.809737,DIFFCRISP
7.49563,DIFFCRISP
7.124566,DIFFCRISP
7.7599564,DIFFCRISP
7.8756347,DIFFCRISP
7.7137527,DIFFCRISP
7.072607,DIFFCRISP
7.968509,DIFFCRISP
8.364189,DIFFCRISP
7.741217,DIFFCRISP
8.210609,DIFFCRISP
8.546461,DIFFCRISP
7.765511,DIFFCRISP
7.407185,DIFFCRISP
7.7768874,DIFFCRISP
8.2941065,DIFFCRISP
7.7105017,DIFFCRISP
7.636815,DIFFCRISP
7.660213,DIFFCRISP
7.9706144,DIFFCRISP
7.635541,DIFFCRISP
7.312506,DIFFCRISP
7.1048098,DIFFCRISP
8.349666,DIFFCRISP
8.856542,DIFFCRISP
7.1250577,DIFFCRISP
8.172827,DIFFCRISP
7.845525,DIFFCRISP
7.792098,DIFFCRISP
8.1967325,DIFFCRISP
7.895914,DIFFCRISP
8.414415,DIFFCRISP
7.7933235,DIFFCRISP
7.7097926,DIFFCRISP
8.160998,DIFFCRISP
8.231767,DIFFCRISP
8.269253,DIFFCRISP
7.8028255,DIFFCRISP
8.129247,DIFFCRISP
8.129808,DIFFCRISP
7.7729135,DIFFCRISP
7.786855,DIFFCRISP
7.7149577,DIFFCRISP
7.6566153,DIFFCRISP
8.221776,DIFFCRISP
8.387392,DIFFCRISP
6.97636,DIFFCRISP
8.250988,DIFFCRISP
7.568328,DIFFCRISP
7.8650045,DIFFCRISP
7.7144337,DIFFCRISP
7.572562,DIFFCRISP
8.27996,DIFFCRISP
7.3099165,DIFFCRISP
7.4684954,DIFFCRISP
8.255304,DIFFCRISP
8.2366705,DIFFCRISP
9.272314,DIFFCRISP
7.6201744,DIFFCRISP
7.6081038,DIFFCRISP
8.204792,DIFFCRISP
8.523515,DIFFCRISP
8.310568,DIFFCRISP
7.5873556,DIFFCRISP
7.682317,DIFFCRISP
7.211948,DIFFCRISP
8.060324,DIFFCRISP
7.442022,DIFFCRISP
7.2483897,DIFFCRISP
8.647507,DIFFCRISP
7.7210813,DIFFCRISP
7.649174,DIFFCRISP
7.8556333,DIFFCRISP
8.006389,DIFFCRISP
7.653083,DIFFCRISP
8.168412,DIFFCRISP
8.086924,DIFFCRISP
8.517063,DIFFCRISP
7.700555,DIFFCRISP
8.634311,DIFFCRISP
7.6560526,DIFFCRISP
7.9526467,DIFFCRISP
8.410558,DIFFCRISP
8.065838,DIFFCRISP
7.662469,DIFFCRISP
7.331795,DIFFCRISP
7.303036,DIFFCRISP
7.7125015,DIFFCRISP
7.9521537,DIFFCRISP
8.750679,DIFFCRISP
6.97714,DIFFCRISP
7.936342,DIFFCRISP
8.089161,DIFFCRISP
7.564434,DIFFCRISP
7.2602463,DIFFCRISP
8.439434,DIFFCRISP
7.0486674,DIFFCRISP
8.817415,DIFFCRISP
8.453944,DIFFCRISP
7.6861053,DIFFCRISP
8.908004,DIFFCRISP
8.3862505,DIFFCRISP
7.4156446,DIFFCRISP
7.5050473,DIFFCRISP
8.028547,DIFFCRISP
7.512357,DIFFCRISP
7.4302607,DIFFCRISP
7.530748,DIFFCRISP
8.320035,DIFFCRISP
7.3848133,DIFFCRISP
7.3872175,DIFFCRISP
7.5676794,DIFFCRISP
8.5300665,DIFFCRISP
7.962141,DIFFCRISP
8.094378,DIFFCRISP
7.8046465,DIFFCRISP
8.932937,DIFFCRISP
8.011817,DIFFCRISP
7.8439174,DIFFCRISP
7.6452484,DIFFCRISP
8.634306,DIFFCRISP
7.38107,DIFFCRISP
7.692216,DIFFCRISP
7.061127,DIFFCRISP
7.498217,DIFFCRISP
6.5405784,DIFFCRISP
8.894788,DIFFCRISP
7.224761,DIFFCRISP
7.779473,DIFFCRISP
8.035567,DIFFCRISP
8.812588,DIFFCRISP
7.828107,DIFFCRISP
7.899334,DIFFCRISP
7.8633895,DIFFCRISP
8.622793,DIFFCRISP
8.100095,DIFFCRISP
7.2014365,DIFFCRISP
8.175959,DIFFCRISP
7.832237,DIFFCRISP
8.021204,DIFFCRISP
8.468214,DIFFCRISP
7.749258,DIFFCRISP
7.707641,DIFFCRISP
8.242005,DIFFCRISP
8.698367,DIFFCRISP
8.4309435,DIFFCRISP
7.7997875,DIFFCRISP
8.1026945,DIFFCRISP
7.2319746,DIFFCRISP
7.822897,DIFFCRISP
7.5510917,DIFFCRISP
8.605753,DIFFCRISP
8.163986,DIFFCRISP
7.5232887,DIFFCRISP
8.396521,DIFFCRISP
7.7140913,DIFFCRISP
8.871523,DIFFCRISP
7.8295474,DIFFCRISP
7.6155667,DIFFCRISP
8.2867985,DIFFCRISP
7.8274713,DIFFCRISP
7.4513736,DIFFCRISP
8.183895,DIFFCRISP
7.0773706,DIFFCRISP
8.604371,DIFFCRISP
8.88018,DIFFCRISP
8.120863,DIFFCRISP
7.826062,DIFFCRISP
8.610159,DIFFCRISP
7.7713985,DIFFCRISP
8.109869,DIFFCRISP
8.309808,DIFFCRISP
8.270775,DIFFCRISP
7.7194405,DIFFCRISP
8.350428,DIFFCRISP
8.199781,DIFFCRISP
8.22151,DIFFCRISP
7.645872,DIFFCRISP
7.6767774,DIFFCRISP
8.392046,DIFFCRISP
7.8386774,DIFFCRISP
7.805086,DIFFCRISP
8.3867655,DIFFCRISP
8.342016,DIFFCRISP
6.8909106,DIFFCRISP
7.865392,DIFFCRISP
7.6362076,DIFFCRISP
7.7777977,DIFFCRISP
7.494916,DIFFCRISP
7.617319,DIFFCRISP
7.7628016,DIFFCRISP
7.4484825,DIFFCRISP
7.693623,DIFFCRISP
7.1966057,DIFFCRISP
7.435039,DIFFCRISP
8.713341,DIFFCRISP
9.355614,DIFFCRISP
7.373779,DIFFCRISP
7.2608585,DIFFCRISP
8.456212,DIFFCRISP
7.0300593,DIFFCRISP
7.4273734,DIFFCRISP
7.9674144,DIFFCRISP
8.009528,DIFFCRISP
7.5026174,DIFFCRISP
8.173483,DIFFCRISP
8.281564,DIFFCRISP
7.8470497,DIFFCRISP
7.943891,DIFFCRISP
7.7345123,DIFFCRISP
8.557902,DIFFCRISP
8.372728,DIFFCRISP
7.448201,DIFFCRISP
8.325055,DIFFCRISP
7.106314,DIFFCRISP
8.02441,DIFFCRISP
8.252382,DIFFCRISP
8.112984,DIFFCRISP
7.4894724,DIFFCRISP
7.4538827,DIFFCRISP
7.576598,DIFFCRISP
8.655132,DIFFCRISP
8.125297,DIFFCRISP
8.171888,DIFFCRISP
7.2536554,DIFFCRISP
8.014492,DIFFCRISP
8.058554,DIFFCRISP
8.315832,DIFFCRISP
8.590275,DIFFCRISP
8.047218,DIFFCRISP
8.3303795,DIFFCRISP
6.7707086,DIFFCRISP
8.064989,DIFFCRISP
7.208546,DIFFCRISP
8.169955,DIFFCRISP
7.463948,DIFFCRISP
8.077419,DIFFCRISP
8.366753,DIFFCRISP
7.7845836,DIFFCRISP
7.8314815,DIFFCRISP
7.6667953,DIFFCRISP
8.032417,DIFFCRISP
7.774692,DIFFCRISP
7.9115934,DIFFCRISP
7.4952216,DIFFCRISP
7.613011,DIFFCRISP
7.5269685,DIFFCRISP
8.810315,DIFFCRISP
8.002898,DIFFCRISP
7.2924585,DIFFCRISP
7.885773,DIFFCRISP
9.314485,DIFFCRISP
7.400272,DIFFCRISP
8.253978,DIFFCRISP
7.733098,DIFFCRISP
7.872807,DIFFCRISP
7.830878,DIFFCRISP
8.053517,DIFFCRISP
8.379648,DIFFCRISP
7.468588,DIFFCRISP
7.3218255,DIFFCRISP
7.002174,DIFFCRISP
7.755319,DIFFCRISP
7.801145,DIFFCRISP
7.7482843,DIFFCRISP
7.9140925,DIFFCRISP
7.3862367,DIFFCRISP
8.200351,DIFFCRISP
8.294164,DIFFCRISP
8.179721,DIFFCRISP
7.885022,DIFFCRISP
8.395297,DIFFCRISP
7.653959,DIFFCRISP
7.2415276,DIFFCRISP
7.843261,DIFFCRISP
8.705743,DIFFCRISP
7.772148,DIFFCRISP
7.1812873,DIFFCRISP
7.920591,DIFFCRISP
8.224565,DIFFCRISP
8.076059,DIFFCRISP
8.499893,DIFFCRISP
7.9548717,DIFFCRISP
7.5126476,DIFFCRISP
7.0535645,DIFFCRISP
7.4103045,DIFFCRISP
8.394999,DIFFCRISP
8.146381,DIFFCRISP
8.300313,DIFFCRISP
7.992391,DIFFCRISP
7.462059,DIFFCRISP
8.049799,DIFFCRISP
7.543859,DIFFCRISP
8.352305,DIFFCRISP
7.248756,DIFFCRISP
7.4138165,DIFFCRISP
7.873187,DIFFCRISP
7.5768976,DIFFCRISP
8.285208,DIFFCRISP
8.134386,DIFFCRISP
7.793703,DIFFCRISP
7.9234295,DIFFCRISP
8.767377,DIFFCRISP
7.8807054,DIFFCRISP
8.406935,DIFFCRISP
7.5150423,DIFFCRISP
9.668972,DIFFCRISP
7.889947,DIFFCRISP
8.3032055,DIFFCRISP
8.140336,DIFFCRISP
7.8626623,DIFFCRISP
7.891329,DIFFCRISP
7.9775763,DIFFCRISP
7.292987,DIFFCRISP
7.7738743,DIFFCRISP
9.360888,DIFFCRISP
8.0866375,DIFFCRISP
7.51825,DIFFCRISP
7.2957134,DIFFCRISP
8.317823,DIFFCRISP
8.070783,DIFFCRISP
6.7880654,DIFFCRISP
7.304958,DIFFCRISP
7.7885065,DIFFCRISP
7.863784,DIFFCRISP
8.107335,DIFFCRISP
8.819452,DIFFCRISP
7.7754517,DIFFCRISP
8.215512,DIFFCRISP
6.8173165,DIFFCRISP
7.8396354,DIFFCRISP
8.932701,DIFFCRISP
7.5782585,DIFFCRISP
7.7399073,DIFFCRISP
8.068034,DIFFCRISP
7.750263,DIFFCRISP
8.140672,True
8.168506,True
7.56658,True
8.021112,True
8.3496065,True
8.063252,True
7.544034,True
7.6712546,True
7.8968205,True
7.4114375,True
8.438698,True
7.748229,True
8.086231,True
7.449794,True
7.666152,True
7.565839,True
8.157583,True
8.128604,True
8.040186,True
7.723674,True
8.351601,True
7.6996303,True
7.967253,True
7.9856677,True
8.431763,True
7.4373903,True
8.086531,True
8.047336,True
8.251622,True
7.249549,True
8.284069,True
8.12754,True
8.230647,True
7.6918807,True
8.086574,True
7.3386116,True
7.582917,True
7.5699196,True
8.547314,True
8.012429,True
8.047326,True
7.885559,True
8.04632,True
7.473136,True
7.356897,True
8.387856,True
8.22897,True
7.6163054,True
8.098614,True
8.255986,True
8.354566,True
7.7856417,True
7.5284224,True
8.123393,True
7.866182,True
8.355179,True
8.35542,True
8.334715,True
7.785241,True
7.6005282,True
8.291504,True
8.2421,True
7.955225,True
7.1501346,True
7.745371,True
7.325109,True
7.7638464,True
7.9762306,True
7.9168916,True
7.999786,True
8.492863,True
8.368316,True
8.467593,True
8.184578,True
8.588917,True
8.055941,True
7.769448,True
7.9767528,True
8.640022,True
7.327301,True
8.383415,True
8.124822,True
8.040936,True
7.874405,True
7.986266,True
7.6973596,True
7.804243,True
7.3790236,True
7.6009583,True
7.482955,True
7.7697434,True
8.012403,True
7.810143,True
7.6602397,True
8.020216,True
7.4669433,True
8.135483,True
8.315313,True
8.173885,True
8.582267,True
7.5022125,True
8.039265,True
8.39945,True
7.932373,True
7.8200345,True
7.4792495,True
7.856268,True
7.899141,True
7.9228487,True
8.3091755,True
7.8753147,True
8.187368,True
8.211723,True
7.7926373,True
8.328291,True
7.5999756,True
8.27137,True
7.949395,True
7.599073,True
8.1219225,True
7.6486616,True
8.148763,True
7.761497,True
8.339286,True
7.9684553,True
7.585537,True
7.7328744,True
8.012549,True
8.398952,True
8.154202,True
8.557807,True
7.786443,True
8.101631,True
7.9092455,True
7.9085503,True
7.805217,True
7.217055,True
8.08333,True
7.641164,True
8.081862,True
7.8077593,True
7.6848993,True
7.484966,True
7.417147,True
8.354852,True
7.3745537,True
8.35039,True
7.8330736,True
8.20503,True
7.472199,True
7.842681,True
8.053777,True
8.06962,True
7.930229,True
7.8518534,True
7.7211537,True
7.9677196,True
7.3300056,True
7.8933005,True
7.516901,True
7.8216877,True
7.5345573,True
7.9769583,True
8.361098,True
7.940345,True
7.686919,True
8.055875,True
7.8558846,True
8.278638,True
8.015234,True
7.4331584,True
8.245363,True
8.084865,True
8.155155,True
7.4115953,True
8.375708,True
7.303399,True
8.020162,True
7.703756,True
8.160971,True
7.7848716,True
7.7232866,True
7.827923,True
8.410806,True
7.930229,True
8.090007,True
7.707824,True
8.208756,True
8.024752,True
7.4468355,True
7.4975886,True
8.103829,True
7.7195673,True
7.764702,True
7.4215155,True
7.713399,True
8.073111,True
8.211653,True
7.33321,True
8.095801,True
7.8236775,True
8.229909,True
7.297164,True
7.7092547,True
7.760764,True
7.805877,True
8.007049,True
7.894603,True
7.499802,True
7.9427543,True
7.829038,True
7.278351,True
8.204375,True
8.623763,True
7.3642387,True
8.465001,True
8.1270485,True
8.454432,True
7.493901,True
8.177607,True
8.010206,True
7.9076257,True
7.6603746,True
8.234161,True
7.9950585,True
8.064924,True
7.4119387,True
8.199534,True
8.005018,True
7.867035,True
7.849412,True
7.4874964,True
7.9125605,True
7.490814,True
8.164403,True
8.215401,True
7.1668663,True
8.021571,True
8.261225,True
7.4863505,True
8.178115,True
7.965573,True
8.15963,True
8.061491,True
7.9353356,True
7.8772435,True
7.674399,True
7.42973,True
8.215856,True
7.4118786,True
7.6482964,True
8.183555,True
7.3128257,True
7.6389127,True
7.9632645,True
7.3052635,True
8.201563,True
8.152838,True
7.253245,True
8.502722,True
7.8752184,True
7.871407,True
8.066856,True
7.734643,True
7.970268,True
7.2664156,True
7.3301578,True
7.7114444,True
7.971768,True
7.6188173,True
7.993673,True
7.6304736,True
7.8204556,True
7.3528385,True
8.060803,True
8.052521,True
7.7942524,True
8.245221,True
8.046041,True
7.6158323,True
8.132424,True
8.113029,True
8.1256075,True
7.8432918,True
7.8053517,True
8.175068,True
8.130187,True
7.9940486,True
7.60658,True
7.7346807,True
8.552459,True
7.744141,True
7.377265,True
7.8753433,True
7.8389683,True
7.9395328,True
8.082681,True
8.145756,True
8.062507,True
7.579474,True
8.080145,True
8.315081,True
7.9773946,True
7.963149,True
7.342268,True
8.024211,True
8.243785,True
8.453169,True
8.343478,True
8.156702,True
7.992433,True
7.3691525,True
8.050813,True
8.10381,True
7.9968123,True
7.662103,True
8.029596,True
7.931049,True
7.709732,True
7.9227424,True
7.6005697,True
8.208543,True
8.131092,True
7.9432063,True
7.4844337,True
7.7475166,True
7.2589197,True
7.513176,True
7.710747,True
8.205978,True
8.469804,True
8.33355,True
7.909942,True
8.342878,True
8.311932,True
8.205763,True
7.7027907,True
8.03753,True
8.178148,True
7.8387084,True
7.7278786,True
7.91685,True
8.514482,True
7.825014,True
7.923254,True
7.700874,True
7.340727,True
7.373421,True
7.877859,True
7.385158,True
7.9834194,True
7.455101,True
8.527441,True
8.441247,True
7.975836,True
7.6632476,True
7.352148,True
8.016937,True
7.4185753,True
7.4354134,True
8.017657,True
7.9775095,True
7.771717,True
8.24972,True
8.006587,True
7.9801826,True
8.102998,True
8.171953,True
8.141743,True
8.006763,True
7.7027225,True
7.9058356,True
7.7723494,True
8.110515,True
8.071112,True
8.164008,True
7.9976945,True
7.92937,True
7.254245,True
8.088563,True
7.5660534,True
7.7379518,True
7.3755894,True
8.292968,True
7.4422083,True
8.294761,True
7.1835155,True
8.086604,True
8.560412,True
7.3595204,True
8.185938,True
8.31503,True
8.197908,True
7.493665,True
8.151847,True
8.284438,True
7.9485016,True
7.205924,True
8.477028,True
7.8893147,True
7.7185555,True
8.153042,True
8.18714,True
7.717269,True
7.9878855,True
7.659533,True
8.116246,True
8.586372,True
8.26773,True
7.874968,True
8.448387,True
8.360052,True
7.6340685,True
7.992336,True
7.668426,True
7.753408,True
8.194913,True
7.588493,True
7.851197,True
7.971442,True
7.9132433,True
7.9101753,True
7.800344,True
7.628293,True
8.1499195,True
7.6419964,True
7.7365227,True
8.2852,True
8.215693,True
8.038353,True
7.699336,True
7.6890993,True
7.888127,True
7.6596656,True
7.79378,True
8.557791,True
7.801077,True
7.218602,True
7.355776,True
8.432053,True
7.976182,True
8.256838,True
7.9181104,True
8.42324,True
8.126715,True
7.7141447,True
8.511833,True
8.476259,True
7.654939,True
7.754906,True
7.618395,True
7.935859,True
7.60792,True
7.8217425,True
7.404301,True
8.232638,True
7.8626523,True
7.6426506,True
7.534194,True
7.7903805,True
7.6022024,True
7.5722466,True
8.055245,True
7.6806045,True
8.238622,True
7.833591,True
7.9995856,True
7.758878,True
7.951576,True
8.181266,True
8.0969095,True
8.381827,True
8.225147,True
8.238233,True
8.093866,True
8.150671,True
7.6163054,True
8.321474,True
7.8317776,True
7.9620414,True
8.038585,True
8.104167,True
8.017475,True
7.343109,True
8.158721,True
8.001288,True
7.442157,True
7.839106,True
8.0255375,True
8.316949,True
7.878353,True
7.57075,True
7.610982,True
7.990717,True
7.593438,True
7.767834,True
8.228828,True
7.7295003,True
7.9639754,True
8.296381,True
7.517202,True
7.800889,True
8.463047,True
7.306668,True
7.9435716,True
7.8062277,True
8.008584,True
8.083403,True
7.95034,True
7.9776373,True
8.341471,True
8.298976,True
8.403866,True
7.490278,True
8.035636,True
8.483603,True
7.8774743,True
8.033165,True
8.101874,True
7.535649,True
8.014101,True
7.764027,True
7.617727,True
7.4485297,True
7.882759,True
7.9573565,True
8.451994,True
8.016142,True
8.154575,True
7.5816097,True
8.240423,True
7.7812448,True
7.910676,True
7.7438874,True
8.200171,True
7.76052,True
7.7438216,True
7.89397,True
8.565502,True
8.002544,True
7.592371,True
7.8673368,True
8.352198,True
8.314824,True
8.073559,True
7.269422,True
8.032181,True
7.385283,True
8.042489,True
8.052032,True
8.15559,True
8.026557,True
7.5679846,True
7.818466,True
7.451723,True
8.213521,True
8.313138,True
8.147213,True
7.7419305,True
7.8023925,True
8.159306,True
7.8681197,True
7.9804573,True
7.8398356,True
7.9187207,True
7.939425,True
7.5896773,True
8.362233,True
7.9334755,True
8.180451,True
8.14433,True
8.477476,True
8.099444,True
7.575964,True
8.176809,True
8.126159,True
8.186605,True
7.352083,True
7.8446407,True
8.317611,True
8.168935,True
8.128104,True
8.39908,True
7.9609666,True
7.863416,True
7.897885,True
8.002089,True
8.024503,True
7.78609,True
7.926342,True
8.133307,True
7.9992604,True
8.173126,True
8.171188,True
8.37549,True
7.836008,True
7.9947267,True
8.044391,True
7.220958,True
7.878705,True
8.290973,True
7.2725334,True
7.728116,True
8.060235,True
8.413485,True
8.448622,True
8.239331,True
8.098014,True
8.064444,True
7.546651,True
7.885559,True
7.8770356,True
7.820365,True
7.408206,True
7.3335156,True
8.519538,True
8.1749935,True
8.383045,True
8.387346,True
7.9094267,True
7.6308165,True
8.183751,True
7.712803,True
8.213926,True
8.320735,True
8.337989,True
7.7583275,True
8.184266,True
7.980273,True
7.7785697,True
7.761028,True
7.8321285,True
8.001218,True
7.317441,True
7.202627,True
7.840823,True
7.7357736,True
8.2684765,True
7.5979815,True
7.59434,True
8.283452,True
7.7527366,True
7.804335,True
8.073821,True
7.3536415,True
7.9265323,True
7.977759,True
7.885828,True
7.576026,True
8.306921,True
7.173046,True
7.4177012,True
7.915796,True
8.448328,True
7.256035,True
7.999926,True
8.428233,True
8.248897,True
7.9736977,True
8.040955,True
7.346905,True
7.645124,True
7.36252,True
7.895543,True
8.028218,True
7.809563,True
7.795593,True
7.981042,True
7.732101,True
7.9003983,True
7.567598,True
8.515253,True
7.6058545,True
7.8175974,True
7.8990455,True
8.250677,True
8.1978035,True
7.896221,True
7.6072836,True
8.100133,True
8.580968,True
8.311534,True
7.8696547,True
7.8906746,True
7.5871124,True
8.249685,True
7.1925297,True
7.8734956,True
8.211666,True
8.322986,True
8.129,True
7.271267,True
8.187677,True
8.100511,True
7.368044,True
8.315142,True
7.6295137,True
7.586631,True
8.27768,True
8.124266,True
7.411123,True
7.707083,True
7.911354,True
8.4218,True
8.283758,True
7.40217,True
7.2847724,True
8.186012,True
7.974871,True
8.004358,True
7.7267447,True
8.083214,True
7.5964174,True
7.876772,True
8.097293,True
8.192059,True
7.8223658,True
8.1603565,True
7.2591777,True
7.925303,True
7.9048824,True
8.390135,True
8.218439,True
7.3200836,True
7.8659463,True
7.947731,True
7.848473,True
8.011755,True
8.186457,True
7.7089367,True
8.105084,True
8.046859,True
7.6095986,True
7.732101,True
8.216174,True
8.200163,True
7.874569,True
7.790616,True
8.313682,True
7.4513407,True
7.2804146,True
7.687432,True
8.11748,True
8.212843,True
8.091415,True
7.9863863,True
8.397334,True
8.304347,True
8.366572,True
7.9980354,True
8.220715,True
8.045726,True
7.5588436,True
8.312663,True
8.114984,True
8.128117,True
7.910788,True
7.942258,True
7.3283315,True
7.794726,True
6.30268,Ctrl
6.4991403,Ctrl
6.390244,Ctrl
6.6914697,Ctrl
6.843035,Ctrl
5.391061,Ctrl
7.05789,Ctrl
7.0642905,Ctrl
7.5905437,Ctrl
5.892034,Ctrl
6.640309,Ctrl
5.457143,Ctrl
6.9625554,Ctrl
5.977343,Ctrl
6.2850204,Ctrl
6.8173656,Ctrl
6.2808423,Ctrl
6.8300257,Ctrl
7.473224,Ctrl
5.1959147,Ctrl
6.916175,Ctrl
6.222361,Ctrl
6.1530585,Ctrl
6.4198856,Ctrl
6.0878286,Ctrl
6.512145,Ctrl
6.2714834,Ctrl
6.934487,Ctrl
5.8144674,Ctrl
5.7578177,Ctrl
5.288393,Ctrl
6.6633453,Ctrl
5.9870033,Ctrl
6.593403,Ctrl
6.641518,Ctrl
6.1211934,Ctrl
6.0210605,Ctrl
6.890148,Ctrl
7.495298,Ctrl
7.463772,Ctrl
6.932819,Ctrl
5.8938365,Ctrl
4.8945184,Ctrl
7.414818,Ctrl
7.047887,Ctrl
6.9129596,Ctrl
6.1126156,Ctrl
7.026302,Ctrl
5.513449,Ctrl
6.0592313,Ctrl
4.859876,Ctrl
5.8201466,Ctrl
6.7318788,Ctrl
5.5648193,Ctrl
6.946005,Ctrl
5.9529243,Ctrl
6.0334373,Ctrl
5.220316,Ctrl
6.3003707,Ctrl
5.894017,Ctrl
7.0817595,Ctrl
6.9900417,Ctrl
6.43251,Ctrl
6.3085456,Ctrl
6.757056,Ctrl
6.881006,Ctrl
6.700348,Ctrl
6.117422,Ctrl
7.1562643,Ctrl
6.773495,Ctrl
7.707157,Ctrl
6.566141,Ctrl
6.137805,Ctrl
6.753801,Ctrl
6.798896,Ctrl
7.026944,Ctrl
5.7829924,Ctrl
6.2073345,Ctrl
6.313208,Ctrl
6.9561496,Ctrl
6.8021674,Ctrl
5.386505,Ctrl
7.033068,Ctrl
6.767118,Ctrl
7.0855684,Ctrl
7.0283647,Ctrl
6.4038,Ctrl
7.17808,Ctrl
6.497816,Ctrl
5.094691,Ctrl
7.0190234,Ctrl
5.068765,Ctrl
6.524047,Ctrl
6.475137,Ctrl
6.209149,Ctrl
6.8287954,Ctrl
7.351434,Ctrl
6.028055,Ctrl
6.134736,Ctrl
6.1850505,Ctrl
6.5297523,Ctrl
6.6612387,Ctrl
6.9468646,Ctrl
6.5701885,Ctrl
7.420292,Ctrl
6.483364,Ctrl
6.93057,Ctrl
5.285359,Ctrl
6.275446,Ctrl
6.970393,Ctrl
7.3652782,Ctrl
6.350887,Ctrl
5.385207,Ctrl
6.6112213,Ctrl
7.0413055,Ctrl
6.117309,Ctrl
6.679489,Ctrl
6.3954053,Ctrl
5.311498,Ctrl
6.124979,Ctrl
5.785685,Ctrl
6.918795,Ctrl
5.286728,Ctrl
6.10664,Ctrl
5.138012,Ctrl
6.472123,Ctrl
5.622558,Ctrl
7.3576145,Ctrl
6.3010945,Ctrl
5.724251,Ctrl
6.170771,Ctrl
6.3354473,Ctrl
6.3658447,Ctrl
6.844595,Ctrl
4.899795,Ctrl
7.0408573,Ctrl
5.3817544,Ctrl
6.460477,Ctrl
6.8169556,Ctrl
6.6611996,Ctrl
5.882536,Ctrl
7.3614717,Ctrl
6.303905,Ctrl
6.04471,Ctrl
5.186497,Ctrl
7.2541776,Ctrl
7.0349555,Ctrl
5.9617696,Ctrl
6.157046,Ctrl
6.840233,Ctrl
6.4175425,Ctrl
6.4333363,Ctrl
6.3767724,Ctrl
7.218708,Ctrl
4.9256597,Ctrl
5.0576816,Ctrl
7.3928795,Ctrl
5.9302125,Ctrl
6.2945976,Ctrl
7.1147733,Ctrl
6.7418694,Ctrl
6.434371,Ctrl
7.554352,Ctrl
6.611129,Ctrl
7.053415,Ctrl
7.352083,Ctrl
6.7713165,Ctrl
7.759856,Ctrl
6.695092,Ctrl
6.492098,Ctrl
6.92563,Ctrl
6.71642,Ctrl
5.982457,Ctrl
6.279557,Ctrl
6.518036,Ctrl
6.434992,Ctrl
6.4449825,Ctrl
7.0281014,Ctrl
6.640754,Ctrl
7.646188,Ctrl
5.4291844,Ctrl
6.750556,Ctrl
5.210302,Ctrl
6.2808423,Ctrl
7.1783605,Ctrl
6.695697,Ctrl
6.5445514,Ctrl
6.6156797,Ctrl
6.7939124,Ctrl
7.480514,Ctrl
5.0961423,Ctrl
6.7604947,Ctrl
7.6161027,Ctrl
6.297525,Ctrl
5.898538,Ctrl
6.3615065,Ctrl
6.139112,Ctrl
6.7681007,Ctrl
5.479711,Ctrl
6.766107,Ctrl
6.605308,Ctrl
7.3857665,Ctrl
6.737232,Ctrl
7.032745,Ctrl
5.5786467,Ctrl
6.7878833,Ctrl
6.3554654,Ctrl
6.7686214,Ctrl
6.987722,Ctrl
6.9846992,Ctrl
6.92122,Ctrl
6.249581,Ctrl
6.053143,Ctrl
6.7140884,Ctrl
5.070808,Ctrl
6.4086285,Ctrl
6.797868,Ctrl
6.3069053,Ctrl
6.862078,Ctrl
6.472338,Ctrl
7.183774,Ctrl
6.901065,Ctrl
6.1278653,Ctrl
5.1560235,Ctrl
6.573991,Ctrl
7.100433,Ctrl
5.5401278,Ctrl
6.643048,Ctrl
7.009585,Ctrl
6.7447753,Ctrl
6.890933,Ctrl
6.8186426,Ctrl
4.975083,Ctrl
6.8708553,Ctrl
6.316016,Ctrl
6.5362644,Ctrl
7.061376,Ctrl
6.0384316,Ctrl
5.8627577,Ctrl
6.263083,Ctrl
6.042194,Ctrl
7.0952587,Ctrl
7.022376,Ctrl
7.1003466,Ctrl
5.9420714,Ctrl
5.698724,Ctrl
6.6466904,Ctrl
6.694152,Ctrl
6.71979,Ctrl
4.7720785,Ctrl
6.380589,Ctrl
6.4837556,Ctrl
5.7780023,Ctrl
5.863632,Ctrl
6.5297527,Ctrl
6.498478,Ctrl
6.748299,Ctrl
6.9843297,Ctrl
5.8310385,Ctrl
6.3569484,Ctrl
7.3980303,Ctrl
6.253198,Ctrl
6.7011585,Ctrl
6.6261606,Ctrl
6.8287954,Ctrl
7.1933045,Ctrl
7.4723454,Ctrl
6.6919518,Ctrl
6.530094,Ctrl
6.550413,Ctrl
6.550114,Ctrl
5.286337,Ctrl
6.8088336,Ctrl
6.913093,Ctrl
7.2992544,Ctrl
6.5569363,Ctrl
5.34165,Ctrl
6.935415,Ctrl
6.499803,Ctrl
7.523556,Ctrl
6.9080415,Ctrl
6.2602983,Ctrl
6.4993057,Ctrl
6.248808,Ctrl
6.1979856,Ctrl
6.8640184,Ctrl
6.6987276,Ctrl
6.5858936,Ctrl
6.3444834,Ctrl
6.408024,Ctrl
6.896838,Ctrl
6.3733597,Ctrl
6.7519207,Ctrl
7.0492,Ctrl
6.041775,Ctrl
6.674737,Ctrl
6.736191,Ctrl
6.7968845,Ctrl
6.3550353,Ctrl
6.5260015,Ctrl
6.5863276,Ctrl
6.649768,Ctrl
6.858874,Ctrl
7.202871,Ctrl
5.8292336,Ctrl
7.3618913,Ctrl
6.7813773,Ctrl
6.2164397,Ctrl
7.2339764,Ctrl
7.2507796,Ctrl
4.954316,Ctrl
7.133842,Ctrl
7.2518353,Ctrl
6.8337255,Ctrl
6.278893,Ctrl
5.4348497,Ctrl
6.5248113,Ctrl
7.1640673,Ctrl
6.6079645,Ctrl
6.708692,Ctrl
6.707344,Ctrl
6.7220654,Ctrl
6.591766,Ctrl
6.5824304,Ctrl
5.61558,Ctrl
6.2666183,Ctrl
6.747874,Ctrl
7.272725,Ctrl
6.3920674,Ctrl
7.3576145,Ctrl
6.1874304,Ctrl
6.535806,Ctrl
5.3221903,Ctrl
6.2697277,Ctrl
7.687925,Ctrl
6.429416,Ctrl
5.7087064,Ctrl
6.918459,Ctrl
7.3980846,Ctrl
5.7581325,Ctrl
6.425101,Ctrl
5.749826,Ctrl
6.6375136,Ctrl
6.695173,Ctrl
5.370723,Ctrl
7.0149407,Ctrl
6.2428985,Ctrl
7.0770187,Ctrl
6.2042084,Ctrl
6.2305083,Ctrl
5.8065047,Ctrl
6.3702497,Ctrl
6.175548,Ctrl
6.586183,Ctrl
7.017537,Ctrl
6.736167,Ctrl
6.9017863,Ctrl
7.0438757,Ctrl
6.852905,Ctrl
6.076854,Ctrl
7.020326,Ctrl
6.658864,Ctrl
6.995501,Ctrl
5.4412336,Ctrl
5.8613596,Ctrl
6.644005,Ctrl
7.302213,Ctrl
6.7802057,Ctrl
5.3936734,Ctrl
5.7502947,Ctrl
5.7821856,Ctrl
5.9089236,Ctrl
6.6188498,Ctrl
5.507318,Ctrl
6.0647855,Ctrl
6.7123094,Ctrl
6.533243,Ctrl
7.354995,Ctrl
4.9986324,Ctrl
5.984036,Ctrl
6.2811975,Ctrl
6.3451457,Ctrl
7.1623178,Ctrl
6.5846415,Ctrl
5.106037,Ctrl
6.4818435,Ctrl
6.319413,Ctrl
6.806564,Ctrl
6.0369725,Ctrl
6.59559,Ctrl
6.6653004,Ctrl
6.6802835,Ctrl
7.069446,Ctrl
7.641788,Ctrl
6.2516465,Ctrl
6.947631,Ctrl
6.777282,Ctrl
7.191903,Ctrl
5.9911723,Ctrl
6.322322,Ctrl
6.757378,Ctrl
5.3627663,Ctrl
7.1821632,Ctrl
7.7454367,Ctrl
6.0472326,Ctrl
6.008295,Ctrl
6.0964155,Ctrl
6.5086827,Ctrl
7.055727,Ctrl
6.8790874,Ctrl
5.8395996,Ctrl
6.173794,Ctrl
6.4593086,Ctrl
5.924615,Ctrl
6.1026263,Ctrl
6.903971,Ctrl
6.081927,Ctrl
6.613745,Ctrl
6.5224686,Ctrl
5.284773,Ctrl
7.288028,Ctrl
6.5775084,Ctrl
5.486631,Ctrl
6.736952,Ctrl
6.788584,Ctrl
7.0700793,Ctrl
6.588499,Ctrl
6.615978,Ctrl
7.408294,Ctrl
5.652808,Ctrl
7.2661505,Ctrl
6.815544,Ctrl
6.3613625,Ctrl
6.8923078,Ctrl
4.6617565,Ctrl
6.889952,Ctrl
6.89503,Ctrl
5.4278293,Ctrl
5.9648647,Ctrl
6.7548275,Ctrl
7.18502,Ctrl
6.758201,Ctrl
6.7188945,Ctrl
5.569754,Ctrl
6.105598,Ctrl
6.7650256,Ctrl
5.926664,Ctrl
5.898357,Ctrl
7.1176424,Ctrl
6.332696,Ctrl
5.5045104,Ctrl
6.202977,Ctrl
7.0606003,Ctrl
6.600896,Ctrl
6.36117,Ctrl
7.09071,Ctrl
7.3526025,Ctrl
7.468942,Ctrl
7.1007094,Ctrl
6.7761154,Ctrl
7.1968536,Ctrl
6.585123,Ctrl
7.2557926,Ctrl
6.3020005,Ctrl
6.102404,Ctrl
6.4013944,Ctrl
7.4302773,Ctrl
4.964574,Ctrl
6.147224,Ctrl
6.0348916,Ctrl
7.084734,Ctrl
7.0183263,Ctrl
6.8000154,Ctrl
5.7650814,Ctrl
5.9854198,Ctrl
6.29157,Ctrl
6.148621,Ctrl
6.618066,Ctrl
5.1381803,Ctrl
5.743448,Ctrl
7.1777062,Ctrl
6.3650236,Ctrl
7.0522027,Ctrl
5.9390464,Ctrl
6.499637,Ctrl
6.7729716,Ctrl
6.4767017,Ctrl
6.163964,Ctrl
6.7966614,Ctrl
7.2067685,Ctrl
6.620158,Ctrl
6.707344,Ctrl
4.929469,Ctrl
5.9687476,Ctrl
7.2558937,Ctrl
6.7142253,Ctrl
6.266225,Ctrl
5.619131,Ctrl
6.592857,Ctrl
6.5903125,Ctrl
5.8312645,Ctrl
6.880779,Ctrl
6.5111384,Ctrl
6.6704006,Ctrl
5.7338796,Ctrl
6.736251,Ctrl
6.5413666,Ctrl
6.800553,Ctrl
6.500599,Ctrl
7.2455163,Ctrl
6.771752,Ctrl
6.4052057,Ctrl
6.8200736,Ctrl
7.1874323,Ctrl
6.5016613,Ctrl
6.468904,Ctrl
7.319549,Ctrl
6.1325936,Ctrl
6.0056005,Ctrl
6.8241954,Ctrl
7.050618,Ctrl
7.2983317,Ctrl
6.8245015,Ctrl
6.59699,Ctrl
7.125473,Ctrl
4.9829664,Ctrl
6.6361823,Ctrl
5.6903095,Ctrl
7.326812,Ctrl
6.0518737,Ctrl
5.849212,Ctrl
6.416932,Ctrl
6.257002,Ctrl
6.119457,Ctrl
5.8957624,Ctrl
6.4855404,Ctrl
6.4136834,Ctrl
6.5985503,Ctrl
5.840112,Ctrl
6.7712293,Ctrl
7.3623238,Ctrl
6.6069307,Ctrl
6.314584,Ctrl
6.9055634,Ctrl
6.9642134,Ctrl
6.9954753,Ctrl
5.943019,Ctrl
6.843971,Ctrl
7.429684,Ctrl
7.516697,Ctrl
6.061862,Ctrl
5.673981,Ctrl
5.250981,Ctrl
6.510803,Ctrl
6.464202,Ctrl
6.523962,Ctrl
5.994893,Ctrl
6.207788,Ctrl
7.7183995,Ctrl
6.2168555,Ctrl
6.719583,Ctrl
7.2652726,Ctrl
5.443753,Ctrl
6.1531367,Ctrl
6.638466,Ctrl
6.6975145,Ctrl
7.0176697,Ctrl
7.2363844,Ctrl
5.943777,Ctrl
5.243834,Ctrl
7.582515,Ctrl
6.9941096,Ctrl
4.991784,Ctrl
6.6233425,Ctrl
5.6718144,Ctrl
7.0919094,Ctrl
6.645922,Ctrl
5.368276,Ctrl
6.0629306,Ctrl
6.9464197,Ctrl
6.5548325,Ctrl
7.5343394,Ctrl
6.628421,Ctrl
5.8625827,Ctrl
7.6988683,Ctrl
6.0382233,Ctrl
7.318645,Ctrl
6.1704535,Ctrl
6.3756986,Ctrl
7.469568,Ctrl
5.857874,Ctrl
6.828181,Ctrl
7.3504324,Ctrl
7.669434,Ctrl
7.537522,Ctrl
6.263083,Ctrl
6.97057,Ctrl
7.2436323,Ctrl
6.6626425,Ctrl
6.4490066,Ctrl
7.6729465,Ctrl
6.4351473,Ctrl
6.535577,Ctrl
6.391433,Ctrl
6.6064878,Ctrl
6.6959796,Ctrl
6.4716935,Ctrl
6.390046,Ctrl
7.660416,Ctrl
6.693078,Ctrl
6.1761866,Ctrl
6.988155,Ctrl
7.0125365,Ctrl
7.0871863,Ctrl
5.376384,Ctrl
6.2831516,Ctrl
6.5001345,Ctrl
5.9390464,Ctrl
6.8567853,Ctrl
6.4333363,Ctrl
5.821152,Ctrl
6.4835815,Ctrl
7.167298,Ctrl
6.0551214,Ctrl
6.875768,Ctrl
6.646498,Ctrl
7.4819064,Ctrl
6.5114737,Ctrl
6.1761866,Ctrl
6.0956783,Ctrl
7.028552,Ctrl
5.9253597,Ctrl
6.8051796,Ctrl
6.615829,Ctrl
6.9402146,Ctrl
5.6582017,Ctrl
6.8400464,Ctrl
8.133813,Ctrl
6.361651,Ctrl
7.265606,Ctrl
6.222947,Ctrl
5.9832463,Ctrl
7.390287,Ctrl
5.944536,Ctrl
5.940558,Ctrl
7.0487485,Ctrl
7.724481,Ctrl
6.5318727,Ctrl
6.667651,Ctrl
6.950578,Ctrl
7.062696,Ctrl
6.638656,Ctrl
6.6185565,Ctrl
5.436442,Ctrl
6.5665193,Ctrl
6.3786297,Ctrl
5.199492,Ctrl
7.3751907,Ctrl
6.744267,Ctrl
6.323062,Ctrl
7.4748373,Ctrl
6.9055963,Ctrl
4.9952755,Ctrl
6.7768154,Ctrl
7.538773,Ctrl
6.8560266,Ctrl
6.764809,Ctrl
6.7769904,Ctrl
5.588946,Ctrl
6.7601504,Ctrl
6.6373615,Ctrl
6.798225,Ctrl
5.719547,Ctrl
6.5091286,Ctrl
6.871497,Ctrl
6.5482564,Ctrl
6.375747,Ctrl
6.7851214,Ctrl
6.67711,Ctrl
6.505121,Ctrl
6.464628,Ctrl
5.468833,Ctrl
7.1283736,Ctrl
6.758559,Ctrl
7.017988,Ctrl
5.884857,Ctrl
6.0361395,Ctrl
7.1394005,Ctrl
6.0392666,Ctrl
5.5980124,Ctrl
6.488049,Ctrl
5.307893,Ctrl
7.02874,Ctrl
6.493689,Ctrl
6.995501,Ctrl
6.4083867,Ctrl
6.74342,Ctrl
6.8010397,Ctrl
5.2304325,Ctrl
5.756717,Ctrl
6.2051945,Ctrl
6.5850267,Ctrl
6.997189,Ctrl
6.015133,Ctrl
5.283992,Ctrl
5.2208652,Ctrl
6.882529,Ctrl
7.0883155,Ctrl
6.598209,Ctrl
6.4925365,Ctrl
6.693561,Ctrl
5.9362187,Ctrl
5.872068,Ctrl
5.96797,Ctrl
5.7972946,Ctrl
6.327886,Ctrl
7.0949144,Ctrl
6.569122,Ctrl
8.025368,Ctrl
7.0487485,Ctrl
5.463205,Ctrl
6.9970646,Ctrl
7.0594378,Ctrl
6.6029153,Ctrl
5.6315227,Ctrl
7.171448,Ctrl
7.507181,Ctrl
5.0714374,Ctrl
6.864209,Ctrl
6.6612644,Ctrl
7.175094,Ctrl
6.8666964,Ctrl
6.6334624,Ctrl
6.463136,Ctrl
6.9250712,Ctrl
7.418681,Ctrl
6.2458487,Ctrl
6.179386,Ctrl
5.7286716,Ctrl
6.0414963,Ctrl
6.356613,Ctrl
6.779913,Ctrl
6.416932,Ctrl
5.6218715,Ctrl
6.897431,Ctrl
6.6999426,Ctrl
6.200519,Ctrl
6.8200736,Ctrl
7.2019134,Ctrl
6.897167,Ctrl
7.2854805,Ctrl
6.4795885,Ctrl
5.4794736,Ctrl
6.176666,Ctrl
6.547097,Ctrl
5.7031813,Ctrl
6.1534486,Ctrl
4.6940546,Ctrl
6.231386,Ctrl
6.597782,Ctrl
5.337727,Ctrl
6.159085,Ctrl
5.7415886,Ctrl
6.0250316,Ctrl
7.0184655,Ctrl
7.2453413,Ctrl
7.6330247,Ctrl
6.310463,Ctrl
6.7101235,Ctrl
7.151885,Ctrl
7.1244802,Ctrl
5.3348465,Ctrl
7.1880045,Ctrl
6.2634315,Ctrl
5.8770223,Ctrl
6.374577,Ctrl
5.3116984,Ctrl
5.6464586,Ctrl
6.9052644,Ctrl
6.828642,Ctrl
6.338685,Ctrl
6.2965784,Ctrl
6.59242,Ctrl
6.8761597,Ctrl
6.8860383,Ctrl
6.5707226,Ctrl
6.318261,Ctrl
6.3598247,Ctrl
5.724859,Ctrl
5.9668045,Ctrl
5.0331516,Ctrl
6.3359156,Ctrl
7.151885,Ctrl
5.0995374,Ctrl
6.6721725,Ctrl
6.4378953,Ctrl
6.4314775,Ctrl
6.9581594,Ctrl
6.126953,Ctrl
6.7553415,Ctrl
6.997501,Ctrl
6.775591,Ctrl
5.6047325,Ctrl
5.831434,Ctrl
6.7230325,Ctrl
7.216181,Ctrl
6.269552,Ctrl
7.8355026,Ctrl
6.759118,Ctrl
6.8796415,Ctrl
6.475569,Ctrl
5.937537,Ctrl
5.596808,Ctrl
6.712788,Ctrl
6.493063,Ctrl
6.517462,Ctrl
7.0539756,Ctrl
6.8768735,Ctrl
7.1223745,Ctrl
7.012906,Ctrl
6.214114,Ctrl
6.5416083,Ctrl
7.2924194,Ctrl
7.097476,Ctrl
7.0709767,Ctrl
6.7497888,Ctrl
5.0164857,Ctrl
5.6390324,Ctrl
6.5091286,Ctrl
7.086353,Ctrl
7.1886215,Ctrl
6.3070874,Ctrl
5.5646896,Ctrl
6.137344,Ctrl
6.735351,Ctrl
5.1733217,Ctrl
6.7812014,Ctrl
7.7352524,Ctrl
7.118464,Ctrl
7.403317,Ctrl
6.566992,Ctrl
6.55969,Ctrl
7.108489,Ctrl
6.2765055,Ctrl
7.3915825,Ctrl
6.769722,Ctrl
7.1930833,Ctrl
7.0983815,Ctrl
7.4086866,Ctrl
5.9885893,Ctrl
6.611407,Ctrl
5.1701856,Ctrl
6.45984,Ctrl
5.708407,Ctrl
6.773277,Ctrl
6.9396257,Ctrl
6.634929,Ctrl
6.927511,Ctrl
6.185413,Ctrl
7.006904,Ctrl
5.5815406,Ctrl
7.069949,Ctrl
7.4104366,Ctrl
6.187228,Ctrl
7.3949676,Ctrl
6.5583415,Ctrl
6.8496037,Ctrl
5.6286173,Ctrl
6.529821,Ctrl
6.958197,Ctrl
6.920411,Ctrl
6.446238,Ctrl
6.5336885,Ctrl
5.971474,Ctrl
7.716011,Ctrl
6.273067,Ctrl
7.1460395,Ctrl
6.997501,Ctrl
6.5597486,Ctrl
6.376919,Ctrl
6.198802,Ctrl
6.592129,Ctrl
6.483038,Ctrl
5.8103123,Ctrl
6.579984,Ctrl
5.149699,Ctrl
5.0877852,Ctrl
6.743662,Ctrl
6.5819983,Ctrl
7.1806536,Ctrl
6.8115788,Ctrl
6.517192,Ctrl
6.9410396,Ctrl
6.293609,Ctrl
5.0333033,Ctrl
5.3274784,Ctrl
6.233972,Ctrl
5.5736675,Ctrl
7.0519147,Ctrl
7.309201,Ctrl
6.857797,Ctrl
6.7687087,Ctrl
6.635124,Ctrl
6.36117,Ctrl
6.071089,Ctrl
7.1058083,Ctrl
6.4090323,Ctrl
6.144435,Ctrl
5.813968,Ctrl
7.0917597,Ctrl
6.3178926,Ctrl
6.3544617,Ctrl
6.180348,Ctrl
7.0026097,Ctrl
4.9628806,Ctrl
6.164595,Ctrl
6.3074517,Ctrl
5.5119743,Ctrl
5.851457,Ctrl
6.6771107,Ctrl
7.0873194,Ctrl
7.4535546,Ctrl
6.4881034,Ctrl
6.4805417,Ctrl
6.821751,Ctrl
6.8046846,Ctrl
5.996158,Ctrl
6.556059,Ctrl
6.8051047,Ctrl
7.164528,Ctrl
6.2381277,Ctrl
5.9125934,Ctrl
7.109466,Ctrl
6.5084596,Ctrl
6.4395585,Ctrl
7.049496,Ctrl
6.809919,Ctrl
6.721983,Ctrl
6.735201,Ctrl
7.309089,Ctrl
5.4728394,Ctrl
7.143906,Ctrl
7.1438456,Ctrl
6.738635,Ctrl
7.050647,Ctrl
6.6756597,Ctrl
6.382355,Ctrl
7.021071,Ctrl
6.5634522,Ctrl
5.275055,Ctrl
6.3277,Ctrl
5.966416,Ctrl
6.335166,Ctrl
6.8871784,Ctrl
5.462036,Ctrl
7.38863,Ctrl
6.6312537,Ctrl
6.0496206,Ctrl
6.8603315,Ctrl
6.884672,Ctrl
5.6752834,Ctrl
5.2263737,Ctrl
6.613634,Ctrl
7.2367477,Ctrl
7.45257,Ctrl
6.5903125,Ctrl
6.5780463,Ctrl
7.19702,Ctrl
7.0925097,Ctrl
6.8097377,Ctrl
6.978752,Ctrl
6.9060946,Ctrl
6.5390186,Ctrl
7.142845,Ctrl
6.6878605,Ctrl
5.9441566,Ctrl
7.5983176,Ctrl
5.871186,Ctrl
6.5756416,Ctrl
5.269462,Ctrl
6.7655015,Ctrl
5.9984937,Ctrl
6.966328,Ctrl
6.589708,Ctrl
6.263606,Ctrl
6.3541756,Ctrl
5.8718915,Ctrl
7.0132756,Ctrl
7.078399,Ctrl
7.227922,Ctrl
6.1974306,Ctrl
6.8547955,Ctrl
5.61449,Ctrl
6.37687,Ctrl
7.179577,Ctrl
5.529445,Ctrl
7.2515182,Ctrl
5.8361893,Ctrl
6.106193,Ctrl
6.1169705,Ctrl
6.323617,Ctrl
6.0062733,Ctrl
6.5764933,Ctrl
6.6616545,Ctrl
6.452963,Ctrl
6.68762,Ctrl
6.703189,Ctrl
6.647715,Ctrl
6.5263424,Ctrl
6.8323364,Ctrl
7.309462,Ctrl
6.0942063,Ctrl
7.16989,Ctrl
6.8755474,Ctrl
6.429648,Ctrl
6.7042465,Ctrl
5.896365,Ctrl
5.8828926,Ctrl
5.9332113,Ctrl
6.801988,Ctrl
4.781886,Ctrl
6.137037,Ctrl
6.222947,Ctrl
6.874388,Ctrl
6.3455243,Ctrl
6.7088146,Ctrl
7.552637,Ctrl
5.877732,Ctrl
6.4146976,Ctrl
6.384863,Ctrl
7.3275332,Ctrl
6.5215874,Ctrl
7.01828,Ctrl
6.470534,Ctrl
5.5501604,Ctrl
6.4120226,Ctrl
7.9464016,Ctrl
5.341443,Ctrl
6.215941,Ctrl
5.194131,Ctrl
7.4181404,Ctrl
6.9739413,Ctrl
6.3320794,Ctrl
6.2310147,Ctrl
5.057837,Ctrl
6.620345,Ctrl
6.3054495,Ctrl
6.133817,Ctrl
6.6767936,Ctrl
6.230677,Ctrl
7.395045,Ctrl
6.3346043,Ctrl
6.4842777,Ctrl
5.7619166,Ctrl
7.1146097,Ctrl
6.9610505,Ctrl
7.08712,Ctrl
6.9169803,Ctrl
5.875604,Ctrl
6.250097,Ctrl
7.1577654,Ctrl
7.3866796,Ctrl
6.375162,Ctrl
6.6639967,Ctrl
7.173418,Ctrl
6.3088193,Ctrl
7.6282463,Ctrl
6.5522957,Ctrl
6.186381,Ctrl
5.3619213,Ctrl
6.6466904,Ctrl
6.0794597,Ctrl
6.175189,Ctrl
6.393417,Ctrl
6.531599,Ctrl
7.1785245,Ctrl
6.284397,Ctrl
6.582178,Ctrl
7.3424606,Ctrl
6.9092546,Ctrl
6.3615546,Ctrl
5.2795134,Ctrl
7.084479,Ctrl
7.3780284,Ctrl
5.978521,Ctrl
7.304995,Ctrl
6.6576333,Ctrl
7.392271,Ctrl
7.2649517,Ctrl
6.253198,Ctrl
6.1619935,Ctrl
6.9850225,Ctrl
7.080572,Ctrl
5.46227,Ctrl
6.6534348,Ctrl
6.0775776,Ctrl
6.6988893,Ctrl
5.624069,Ctrl
7.179015,Ctrl
7.151503,Ctrl
5.391713,Ctrl
7.041933,Ctrl
7.0691667,Ctrl
7.63332,Ctrl
4.6893444,Ctrl
7.3783836,Ctrl
5.2272944,Ctrl
6.251233,Ctrl
6.5297523,Ctrl
6.818095,Ctrl
7.1377535,Ctrl
5.880754,Ctrl
6.211794,Ctrl
5.1544814,Ctrl
6.627165,Ctrl
6.935586,Ctrl
6.492701,Ctrl
7.391553,Ctrl
6.506589,Ctrl
6.275975,Ctrl
6.0556874,Ctrl
6.157359,Ctrl
6.8984847,Ctrl
5.230063,Ctrl
7.0949144,Ctrl
6.5156193,Ctrl
7.3324842,Ctrl
5.6192684,Ctrl
7.0180197,Ctrl
5.2977486,Ctrl
7.140102,Ctrl
6.914566,Ctrl
5.7630234,Ctrl
6.6406903,Ctrl
6.7476616,Ctrl
6.279291,Ctrl
6.2749166,Ctrl
5.7638144,Ctrl
6.116068,Ctrl
6.6952934,Ctrl
5.7755966,Ctrl
6.9013896,Ctrl
6.6043873,Ctrl
7.283655,Ctrl
6.7054567,Ctrl
5.743758,Ctrl
6.694286,Ctrl
7.0623465,Ctrl
5.8356786,Ctrl
5.9722548,Ctrl
6.5700703,Ctrl
6.8302774,Ctrl
6.3410854,Ctrl
6.315823,Ctrl
7.151339,Ctrl
5.693254,Ctrl
6.460477,Ctrl
6.506956,Ctrl
6.4181533,Ctrl
5.8765492,Ctrl
6.0849824,Ctrl
6.498478,Ctrl
5.3497505,Ctrl
6.6700077,Ctrl
6.5359206,Ctrl
6.0708733,Ctrl
7.6051855,Ctrl
7.211966,Ctrl
5.684009,Ctrl
5.4527364,Ctrl
5.908008,Ctrl
7.4499083,Ctrl
6.688902,Ctrl
5.9320855,Ctrl
7.038969,Ctrl
6.237448,Ctrl
6.3536983,Ctrl
7.1711884,Ctrl
7.509378,Ctrl
5.29301,Ctrl
6.1225543,Ctrl
7.1433644,Ctrl
5.9761662,Ctrl
5.761443,Ctrl
7.6587915,Ctrl
6.6981206,Ctrl
6.771752,Ctrl
6.6916304,Ctrl
6.5379357,Ctrl
6.805585,Ctrl
7.117701,Ctrl
6.1147156,Ctrl
6.763081,Ctrl
6.1290073,Ctrl
6.8886456,Ctrl
5.772239,Ctrl
6.5655746,Ctrl
6.142928,Ctrl
5.9893837,Ctrl
5.9854198,Ctrl
6.5966854,Ctrl
6.162702,Ctrl
6.5572877,Ctrl
7.011613,Ctrl
6.0988507,Ctrl
6.994884,Ctrl
7.0071564,Ctrl
5.481615,Ctrl
5.977343,Ctrl
7.1008005,Ctrl
6.435458,Ctrl
6.9514713,Ctrl
6.716695,Ctrl
6.786667,Ctrl
6.6478434,Ctrl
5.2326536,Ctrl
6.8407927,Ctrl
5.735417,Ctrl
5.1895084,Ctrl
6.250269,Ctrl
6.991188,Ctrl
7.1227875,Ctrl
5.744068,Ctrl
5.6897216,Ctrl
7.021337,Ctrl
6.283685,Ctrl
6.923274,Ctrl
7.3400426,Ctrl
6.958647,Ctrl
6.590494,Ctrl
6.868038,Ctrl
7.1658425,Ctrl
6.9690833,Ctrl
6.723641,Ctrl
5.541139,Ctrl
6.4214168,Ctrl
6.9614015,Ctrl
6.8978257,Ctrl
5.9255457,Ctrl
6.6550217,Ctrl
7.3809853,Ctrl
5.488788,Ctrl
6.403198,Ctrl
6.988371,Ctrl
7.529677,Ctrl
7.487737,Ctrl
7.0754433,Ctrl
5.923871,Ctrl
7.0396523,Ctrl
6.074833,Ctrl
5.689869,Ctrl
5.0966268,Ctrl
5.4348497,Ctrl
7.275173,Ctrl
6.921574,Ctrl
6.373165,Ctrl
6.5194435,Ctrl
6.573158,Ctrl
5.2965617,Ctrl
6.4418497,Ctrl
6.592493,Ctrl
6.686127,Ctrl
6.6104803,Ctrl
6.933877,Ctrl
6.5106916,Ctrl
7.009585,Ctrl
6.0007677,Ctrl
5.4328065,Ctrl
6.786667,Ctrl
6.230677,Ctrl
6.4470763,Ctrl
5.468598,Ctrl
5.230063,Ctrl
7.2399325,Ctrl
5.9691367,Ctrl
6.3780427,Ctrl
6.228823,Ctrl
5.5770717,Ctrl
5.65097,Ctrl
6.6663446,Ctrl
7.3014727,Ctrl
6.6145635,Ctrl
7.015126,Ctrl
6.2434106,Ctrl
7.173465,Ctrl
6.8082914,Ctrl
7.3248773,Ctrl
7.28744,Ctrl
6.0833807,Ctrl
5.5916038,Ctrl
7.0053573,Ctrl
6.8039646,Ctrl
5.370829,Ctrl
6.6453466,Ctrl
6.728299,Ctrl
5.7157693,Ctrl
6.931796,Ctrl
7.263418,Ctrl
6.04534,Ctrl
7.759446,Ctrl
6.35366,Ctrl
6.155011,Ctrl
6.6975594,Ctrl
6.444198,Ctrl
5.972841,Ctrl
6.7609253,Ctrl
7.25176,Ctrl
6.104854,Ctrl
5.9519677,Ctrl
6.106193,Ctrl
6.0796046,Ctrl
6.4085073,Ctrl
5.978128,Ctrl
4.994984,Ctrl
6.0948687,Ctrl
7.0149674,Ctrl
5.800246,Ctrl
7.1571794,Ctrl
6.482278,Ctrl
6.8585887,Ctrl
6.290111,Ctrl
7.56871,Ctrl
6.976968,Ctrl
6.211877,Ctrl
7.0476575,Ctrl
6.107832,Ctrl
7.868729,Ctrl
6.757228,Ctrl
6.3191824,Ctrl
6.7155967,Ctrl
5.991371,Ctrl
6.2615156,Ctrl
6.779871,Ctrl
5.9635096,Ctrl
6.798762,Ctrl
6.824685,Ctrl
5.9091067,Ctrl
6.271308,Ctrl
7.499501,Ctrl
5.5023184,Ctrl
6.3731165,Ctrl
6.3162365,Ctrl
6.851646,Ctrl
6.4173393,Ctrl
7.234998,Ctrl
6.564336,Ctrl
5.888798,Ctrl
5.3418565,Ctrl
6.5796013,Ctrl
5.975775,Ctrl
6.5744667,Ctrl
6.0769987,Ctrl
5.2635183,Ctrl
6.6853814,Ctrl
5.851918,Ctrl
6.9901037,Ctrl
6.5939493,Ctrl
5.8344884,Ctrl
6.1771774,Ctrl
6.5947995,Ctrl
5.399139,Ctrl
6.866888,Ctrl
6.222361,Ctrl
5.560425,Ctrl
5.5666347,Ctrl
6.4234104,Ctrl
7.253774,Ctrl
7.2150164,Ctrl
6.608014,Ctrl
6.312567,Ctrl
6.683786,Ctrl
6.5466337,Ctrl
6.6073737,Ctrl
7.1892166,Ctrl
5.4420342,Ctrl
7.3869486,Ctrl
6.543165,Ctrl
5.9856176,Ctrl
6.783578,Ctrl
6.5844493,Ctrl
5.858744,Ctrl
6.062717,Ctrl
6.9884944,Ctrl
6.3623247,Ctrl
6.0689354,Ctrl
6.365603,Ctrl
7.4129915,Ctrl
6.7989407,Ctrl
6.710615,Ctrl
7.0863905,Ctrl
6.760782,Ctrl
5.9568887,Ctrl
5.8703046,Ctrl
6.112915,Ctrl
6.269903,Ctrl
5.9332113,Ctrl
6.484887,Ctrl
7.174605,Ctrl
7.3728027,Ctrl
5.2406535,Ctrl
5.991371,Ctrl
7.572344,Ctrl
7.0660987,Ctrl
7.0678964,Ctrl
6.393417,Ctrl
7.3803844,Ctrl
6.785342,Ctrl
6.1008477,Ctrl
6.8351164,Ctrl
6.5141606,Ctrl
6.6265373,Ctrl
6.8393006,Ctrl
6.963369,Ctrl
7.0201397,Ctrl
6.6092463,Ctrl
7.0294538,Ctrl
7.5533514,Ctrl
6.318814,Ctrl
5.9550323,Ctrl
6.632957,Ctrl
6.3579063,Ctrl
5.192706,Ctrl
6.810824,Ctrl
6.0832353,Ctrl
5.0410576,Ctrl
6.5669923,Ctrl
6.443519,Ctrl
6.0155406,Ctrl
5.438949,Ctrl
4.8824883,Ctrl
6.4110518,Ctrl
7.634736,Ctrl
6.401274,Ctrl
6.136576,Ctrl
6.5952253,Ctrl
7.126715,Ctrl
7.5400825,Ctrl
6.879808,Ctrl
7.5775204,Ctrl
5.409496,Ctrl
5.5890784,Ctrl
6.9159737,Ctrl
6.0832353,Ctrl
7.0726366,Ctrl
6.8139076,Ctrl
6.0080256,Ctrl
6.892242,Ctrl
5.1810303,Ctrl
6.8757405,Ctrl
7.5319123,Ctrl
6.947458,Ctrl
6.071305,Ctrl
5.890055,Ctrl
6.8355803,Ctrl
7.7593207,Ctrl
6.0817814,Ctrl
6.678101,Ctrl
6.263083,Ctrl
6.0767097,Ctrl
6.5950427,Ctrl
7.3972154,Ctrl
7.379984,Ctrl
6.649922,Ctrl
7.51298,Ctrl
6.417746,Ctrl
7.5573344,Ctrl
5.7871966,Ctrl
5.9105735,Ctrl
6.11404,Ctrl
5.7708035,Ctrl
6.7653284,Ctrl
5.7786446,Ctrl
6.8481927,Ctrl
7.4175167,Ctrl
7.447906,Ctrl
6.320474,Ctrl
6.5868697,Ctrl
5.6496987,Ctrl
6.006408,Ctrl
6.5319753,Ctrl
6.4652686,Ctrl
6.535577,Ctrl
7.297778,Ctrl
7.6460295,Ctrl
5.9617696,Ctrl
6.318722,Ctrl
6.931796,Ctrl
6.205688,Ctrl
5.1454487,Ctrl
7.415855,Ctrl
6.6530094,Ctrl
7.000782,Ctrl
6.2127876,Ctrl
6.898419,Ctrl
6.3918295,Ctrl
6.858114,Ctrl
7.003603,Ctrl
6.1130652,Ctrl
7.2312455,Ctrl
6.23169,Ctrl
6.0644283,Ctrl
6.2503552,Ctrl
6.8374386,Ctrl
6.51517,Ctrl
5.9179387,Ctrl
6.0767097,Ctrl
6.835209,Ctrl
7.357288,Ctrl
6.3625174,Ctrl
5.074433,Ctrl
6.107832,Ctrl
6.9164915,Ctrl
5.837552,Ctrl
5.364247,Ctrl
6.9062605,Ctrl
6.127409,Ctrl
6.475137,Ctrl
6.7375126,Ctrl
6.89503,Ctrl
6.8250527,Ctrl
7.283378,Ctrl
5.156538,Ctrl
6.33615,Ctrl
5.2271104,Ctrl
7.220462,Ctrl
6.3464713,Ctrl
6.791274,Ctrl
7.620983,Ctrl
7.292079,Ctrl
5.948912,Ctrl
6.5782256,Ctrl
6.6209064,Ctrl
6.4899073,Ctrl
5.7454658,Ctrl
6.801988,Ctrl
6.7272573,Ctrl
7.12636,Ctrl
6.499582,Ctrl
6.9103546,Ctrl
6.130837,Ctrl
7.1028566,Ctrl
5.8837852,Ctrl
6.8447514,Ctrl
5.527946,Ctrl
6.985562,Ctrl
6.495998,Ctrl
6.6356125,Ctrl
6.9183917,Ctrl
6.7515793,Ctrl
7.6101027,Ctrl
7.1103387,Ctrl
6.304904,Ctrl
6.484669,Ctrl
5.353093,Ctrl
6.59242,Ctrl
6.9389267,Ctrl
5.842508,Ctrl
6.2690263,Ctrl
6.2865357,Ctrl
6.5314617,Ctrl
6.071089,Ctrl
6.0678606,Ctrl
7.012589,Ctrl
6.729634,Ctrl
7.1456594,Ctrl
6.753288,Ctrl
6.53112,Ctrl
5.064692,Ctrl
6.636753,Ctrl
6.3973975,Ctrl
6.0793147,Ctrl
6.9285007,Ctrl
6.568589,Ctrl
7.2212205,Ctrl
6.925376,Ctrl
6.3133,Ctrl
6.8653564,Ctrl
6.4365463,Ctrl
5.2133865,Ctrl
6.9684467,Ctrl
6.3825026,Ctrl
6.2739472,Ctrl
7.345357,Ctrl
6.180348,Ctrl
6.4385185,Ctrl
6.5360923,Ctrl
6.2189612,Ctrl
6.4474955,Ctrl
6.5694776,Ctrl
6.685861,Ctrl
7.0206985,Ctrl
5.5262003,Ctrl
6.6991324,Ctrl
6.8033056,Ctrl
6.7471514,Ctrl
6.166175,Ctrl
6.0278487,Ctrl
5.6104126,Ctrl
6.547329,Ctrl
6.6715817,Ctrl
7.1247835,Ctrl
7.002793,Ctrl
5.454126,Ctrl
5.3129034,Ctrl
6.1842046,Ctrl
6.934868,Ctrl
6.0258555,Ctrl
7.2856426,Ctrl
6.1586137,Ctrl
6.92255,Ctrl
7.0610366,Ctrl
6.9852023,Ctrl
6.9124246,Ctrl
7.7732987,Ctrl
6.859254,Ctrl
6.759634,Ctrl
7.5780234,Ctrl
6.957722,Ctrl
6.6639314,Ctrl
6.1923285,Ctrl
6.623155,Ctrl
7.389101,Ctrl
6.814635,Ctrl
6.5995755,Ctrl
6.061435,Ctrl
5.7897925,Ctrl
6.0670013,Ctrl
6.4671917,Ctrl
4.8229795,Ctrl
7.5755706,Ctrl
7.024758,Ctrl
6.9949565,Ctrl
7.052722,Ctrl
6.2483783,Ctrl
6.7926517,Ctrl
6.785342,Ctrl
6.4896884,Ctrl
5.9887877,Ctrl
5.241588,Ctrl
5.400894,Ctrl
5.2295084,Ctrl
6.6961007,Ctrl
6.4814095,Ctrl
6.4156113,Ctrl
6.252508,Ctrl
6.655952,Ctrl
5.25685,Ctrl
7.4234467,Ctrl
6.4678335,Ctrl
7.2334523,Ctrl
6.588258,Ctrl
5.055666,Ctrl
5.8568306,Ctrl
5.8685446,Ctrl
5.3755274,Ctrl
6.4853225,Ctrl
6.951829,Ctrl
5.8855724,Ctrl
5.7136602,Ctrl
5.9368463,Ctrl
5.867314,Ctrl
6.4329233,Ctrl
6.416119,Ctrl
6.503789,Ctrl
6.011065,Ctrl
5.5196185,Ctrl
6.6140056,Ctrl
6.507624,Ctrl
5.4488106,Ctrl
6.4001937,Ctrl
7.3928795,Ctrl
5.9643483,Ctrl
6.251388,Ctrl
6.0606523,Ctrl
6.8097677,Ctrl
6.737793,Ctrl
6.0695095,Ctrl
5.952159,Ctrl
7.054031,Ctrl
7.2136593,Ctrl
7.3644896,Ctrl
6.433543,Ctrl
4.9662704,Ctrl
6.673772,Ctrl
7.756179,Ctrl
6.7684913,Ctrl
5.0890665,Ctrl
6.3156853,Ctrl
6.3370414,Ctrl
6.7581296,Ctrl
7.0760336,Ctrl
5.762233,Ctrl
7.3017197,Ctrl
6.296984,Ctrl
6.096268,Ctrl
5.9635096,Ctrl
6.764982,Ctrl
5.6351314,Ctrl
6.5426116,Ctrl
6.477512,Ctrl
5.4847174,Ctrl
7.393617,Ctrl
7.0264893,Ctrl
6.505288,Ctrl
4.98556,Ctrl
6.1648316,Ctrl
5.3023105,Ctrl
6.085529,Ctrl
6.4301887,Ctrl
5.8435364,Ctrl
7.3801174,Ctrl
7.0548015,Ctrl
6.02778,Ctrl
5.898538,Ctrl
6.4818,Ctrl
6.0501833,Ctrl
7.076664,Ctrl
7.0076528,Ctrl
6.872171,Ctrl
6.6123343,Ctrl
5.1229725,Ctrl
5.268117,Ctrl
6.6137786,Ctrl
5.7752767,Ctrl
5.9370975,Ctrl
6.5127044,Ctrl
5.9787173,Ctrl
7.3111424,Ctrl
6.375601,Ctrl
7.1852083,Ctrl
6.7396183,Ctrl
7.202871,Ctrl
6.4815397,Ctrl
7.1344085,Ctrl
7.0531836,Ctrl
6.4285927,Ctrl
7.047504,Ctrl
6.5741096,Ctrl
7.137335,Ctrl
6.797868,Ctrl
7.70838,Ctrl
6.190504,Ctrl
6.363673,Ctrl
6.23817,Ctrl
6.383928,Ctrl
6.7084875,Ctrl
6.394928,Ctrl
5.9333363,Ctrl
7.1354527,Ctrl
5.3033047,Ctrl
7.4725895,Ctrl
7.1506114,Ctrl
7.141951,Ctrl
6.81559,Ctrl
7.121756,Ctrl
6.5957727,Ctrl
5.584047,Ctrl
6.6773086,Ctrl
6.133588,Ctrl
6.587051,Ctrl
5.329315,Ctrl
6.6358404,Ctrl
6.953708,Ctrl
6.24752,Ctrl
7.018243,Ctrl
6.850734,Ctrl
6.7752414,Ctrl
6.543396,Ctrl
6.7658186,Ctrl
6.6514387,Ctrl
7.627733,Ctrl
5.2787366,Ctrl
6.71642,Ctrl
6.8868756,Ctrl
5.3080926,Ctrl
6.653822,Ctrl
6.492043,Ctrl
7.000052,Ctrl
6.704898,Ctrl
5.6970944,Ctrl
5.9693313,Ctrl
5.053963,Ctrl
6.9157724,Ctrl
6.5918865,Ctrl
6.504011,Ctrl
6.4809213,Ctrl
6.6909876,Ctrl
6.6094437,Ctrl
6.685861,Ctrl
5.602846,Ctrl
6.4652686,Ctrl
7.456829,Ctrl
6.1501756,Ctrl
6.217938,Ctrl
6.5782614,Ctrl
7.1852555,Ctrl
6.301638,Ctrl
6.3958035,Ctrl
6.3710265,Ctrl
7.05619,Ctrl
5.42198,Ctrl
6.7561984,Ctrl
6.726841,Ctrl
6.644388,Ctrl
6.7496467,Ctrl
6.970145,Ctrl
7.258625,Ctrl
6.258562,Ctrl
6.8590636,Ctrl
5.78493,Ctrl
5.5910716,Ctrl
7.022616,Ctrl
7.1697044,Ctrl
6.350078,Ctrl
6.1057467,Ctrl
5.718639,Ctrl
5.2271104,Ctrl
6.714431,Ctrl
7.3878446,Ctrl
7.129671,Ctrl
6.60863,Ctrl
6.22815,Ctrl
6.073031,Ctrl
6.4227967,Ctrl
5.7240987,Ctrl
6.525548,Ctrl
6.390046,Ctrl
6.519556,Ctrl
6.1017365,Ctrl
6.487776,Ctrl
6.293519,Ctrl
6.873102,Ctrl
6.531633,Ctrl
6.555884,Ctrl
6.312796,Ctrl
5.354559,Ctrl
7.1077223,Ctrl
6.528319,Ctrl
6.233549,Ctrl
6.806847,Ctrl
6.6974335,Ctrl
5.3163257,Ctrl
6.4991403,Ctrl
7.084337,Ctrl
6.602364,Ctrl
6.4900713,Ctrl
5.80667,Ctrl
6.70951,Ctrl
6.9750443,Ctrl
5.9982266,Ctrl
7.460971,Ctrl
7.1537986,Ctrl
5.2589407,Ctrl
6.2359204,Ctrl
5.1341467,Ctrl
5.943398,Ctrl
4.992801,Ctrl
6.643622,Ctrl
6.4964933,Ctrl
5.59654,Ctrl
6.545939,Ctrl
6.9850225,Ctrl
6.3047223,Ctrl
5.7794485,Ctrl
6.682537,Ctrl
6.5265465,Ctrl
6.6272902,Ctrl
6.883275,Ctrl
6.734991,Ctrl
6.708651,Ctrl
7.099607,Ctrl
5.0124736,Ctrl
5.779288,Ctrl
6.729411,Ctrl
7.546753,Ctrl
4.95908,Ctrl
5.383911,Ctrl
5.1044083,Ctrl
6.921574,Ctrl
7.516371,Ctrl
6.0823627,Ctrl
6.5919476,Ctrl
6.151889,Ctrl
5.869248,Ctrl
6.423462,Ctrl
6.595955,Ctrl
6.425562,Ctrl
5.2148414,Ctrl
5.787845,Ctrl
6.7534585,Ctrl
6.2189374,Ctrl
5.843708,Ctrl
7.047723,Ctrl
6.663215,Ctrl
7.4904566,Ctrl
6.158143,Ctrl
7.7854013,Ctrl
6.2206063,Ctrl
7.4813156,Ctrl
5.927037,Ctrl
6.711455,Ctrl
6.516293,Ctrl
5.399577,Ctrl
6.9292774,Ctrl
6.5026803,Ctrl
6.3474193,Ctrl
6.3415565,Ctrl
5.468363,Ctrl
7.4031296,Ctrl
5.576023,Ctrl
6.5002766,Ctrl
5.889876,Ctrl
7.383881,Ctrl
6.3069053,Ctrl
5.9522862,Ctrl
5.3904085,Ctrl
6.8632545,Ctrl
6.5175295,Ctrl
5.958941,Ctrl
6.399114,Ctrl
6.289216,Ctrl
6.9934535,Ctrl
6.5368147,Ctrl
6.3811774,Ctrl
6.3909373,Ctrl
6.6171703,Ctrl
6.828872,Ctrl
5.7611275,Ctrl
7.4221835,Ctrl
6.7536297,Ctrl
8.083085,Ctrl
6.900134,Ctrl
6.821751,Ctrl
5.9571447,Ctrl
6.5941315,Ctrl
7.344893,Ctrl
5.13936,Ctrl
6.36541,Ctrl
6.781597,Ctrl
7.1127286,Ctrl
6.9054303,Ctrl
6.93183,Ctrl
6.201256,Ctrl
6.5736337,Ctrl
7.572635,Ctrl
7.2382417,Ctrl
7.2237434,Ctrl
6.2010922,Ctrl
6.4662294,Ctrl
6.679357,Ctrl
5.962156,Ctrl
6.407268,Ctrl
6.815544,Ctrl
6.513152,Ctrl
6.0572453,Ctrl
6.537985,Ctrl
7.572456,Ctrl
7.1137505,Ctrl
6.3464713,Ctrl
5.5329514,Ctrl
7.344032,Ctrl
6.4953375,Ctrl
6.3392963,Ctrl
7.2150164,Ctrl
6.7314725,Ctrl
6.1501756,Ctrl
6.957897,Ctrl
6.846783,Ctrl
6.5895867,Ctrl
6.9229846,Ctrl
7.3294344,Ctrl
7.015285,Ctrl
6.370832,Ctrl
6.9404206,Ctrl
7.0081124,Ctrl
6.2206063,Ctrl
6.9991403,Ctrl
6.803156,Ctrl
6.159713,Ctrl
6.8517246,Ctrl
6.863064,Ctrl
7.0681896,Ctrl
5.8796864,Ctrl
5.190573,Ctrl
7.227922,Ctrl
6.0324693,Ctrl
7.7506065,Ctrl
6.0612216,Ctrl
6.502237,Ctrl
5.3086925,Ctrl
5.9687476,Ctrl
7.4090533,Ctrl
5.6895747,Ctrl
5.8385754,Ctrl
5.9769506,Ctrl
6.8203783,Ctrl
6.7794447,Ctrl
6.529411,Ctrl
5.179097,Ctrl
6.928646,Ctrl
5.8996263,Ctrl
6.7561984,Ctrl
6.730469,Ctrl
6.3195515,Ctrl
5.778163,Ctrl
6.8617287,Ctrl
7.5511575,Ctrl
7.619677,Ctrl
6.10597,Ctrl
6.558166,Ctrl
5.820035,Ctrl
6.3352785,Ctrl
6.4410157,Ctrl
7.4338627,Ctrl
5.5478654,Ctrl
5.2084923,Ctrl
5.2427106,Ctrl
6.9059615,Ctrl
6.668907,Ctrl
6.5519753,Ctrl
6.129693,Ctrl
5.0782294,Ctrl
6.4451914,Ctrl
6.7918367,Ctrl
6.899804,Ctrl
5.371895,Ctrl
6.8621097,Ctrl
6.734572,Ctrl
7.0246177,Ctrl
6.0597286,Ctrl
6.079967,Ctrl
5.6163983,Ctrl
6.9896703,Ctrl
5.2212315,Ctrl
6.144157,Ctrl
5.9364696,Ctrl
7.4621897,Ctrl
6.9659047,Ctrl
7.287506,Ctrl
6.9942307,Ctrl
7.254657,Ctrl
5.875604,Ctrl
6.23034,Ctrl
6.419274,Ctrl
6.588934,Ctrl
5.917569,Ctrl
6.919603,Ctrl
6.5872316,Ctrl
6.769838,Ctrl
5.045494,Ctrl
6.750073,Ctrl
5.3157206,Ctrl
7.0789123,Ctrl
7.395897,Ctrl
6.7084875,Ctrl
6.282618,Ctrl
6.4372725,Ctrl
5.9746,Ctrl
7.066901,Ctrl
7.1682043,Ctrl
5.1001854,Ctrl
5.2065053,Ctrl
6.2796016,Ctrl
6.2509575,Ctrl
7.2150164,Ctrl
7.5679846,Ctrl
7.1368866,Ctrl
6.45984,Ctrl
7.071292,Ctrl
6.4744906,Ctrl
6.7553415,Ctrl
6.073031,Ctrl
7.0398803,Ctrl
6.2695084,Ctrl
6.8577576,Ctrl
6.529639,Ctrl
7.454521,Ctrl
6.289395,Ctrl
5.8979945,Ctrl
6.977443,Ctrl
6.5214176,Ctrl
7.624864,Ctrl
6.5454183,Ctrl
5.09292,Ctrl
6.311423,Ctrl
6.185171,Ctrl
6.795769,Ctrl
6.96361,Ctrl
6.262386,Ctrl
7.2518353,Ctrl
6.7186747,Ctrl
7.021444,Ctrl
6.838602,Ctrl
6.8901973,Ctrl
6.690827,Ctrl
5.7807355,Ctrl
6.8283124,Ctrl
6.67533,Ctrl
6.7422357,Ctrl
5.5386124,Ctrl
7.2415,Ctrl
6.2587357,Ctrl
5.9864883,Ctrl
6.782844,Ctrl
6.587051,Ctrl
6.8339567,Ctrl
6.5840163,Ctrl
7.092167,Ctrl
5.9487214,Ctrl
6.5877748,Ctrl
5.7611275,Ctrl
7.1711884,Ctrl
5.4754405,Ctrl
5.757346,Ctrl
6.0588765,Ctrl
6.906958,Ctrl
6.5002007,Ctrl
6.6184764,Ctrl
6.898108,Ctrl
5.827207,Ctrl
5.9049025,Ctrl
7.0018783,Ctrl
6.7771654,Ctrl
6.5061216,Ctrl
6.5142727,Ctrl
5.7676206,Ctrl
5.6306915,Ctrl
6.166966,Ctrl
6.959341,Ctrl
7.1060514,Ctrl
6.9252067,Ctrl
5.176468,Ctrl
6.6596417,Ctrl
6.2191043,Ctrl
5.5726223,Ctrl
6.283685,Ctrl
6.412468,Ctrl
6.652237,Ctrl
5.3437204,Ctrl
6.0200357,Ctrl
7.0596037,Ctrl
6.302907,Ctrl
7.071594,Ctrl
6.2405953,Ctrl
7.2608566,Ctrl
7.072973,Ctrl
6.112166,Ctrl
7.04102,Ctrl
6.7368817,Ctrl
7.0785966,Ctrl
5.9255457,Ctrl
6.4797835,Ctrl
6.7935414,Ctrl
6.555884,Ctrl
7.3858066,Ctrl
7.137544,Ctrl
7.022936,Ctrl
5.404194,Ctrl
6.942869,Ctrl
5.808986,Ctrl
7.418441,Ctrl
6.4682617,Ctrl
5.570275,Ctrl
6.816637,Ctrl
6.902282,Ctrl
7.200192,Ctrl
6.697803,Ctrl
5.861534,Ctrl
6.1476893,Ctrl
6.576562,Ctrl
7.8350334,Ctrl
6.3310995,Ctrl
5.2359943,Ctrl
5.9984937,Ctrl
6.773277,Ctrl
6.9648476,Ctrl
6.8051047,Ctrl
6.0495505,Ctrl
5.4702454,Ctrl
6.447024,Ctrl
5.99816,Ctrl
5.9357166,Ctrl
6.9940133,Ctrl
5.1364975,Ctrl
6.8600144,Ctrl
7.5445113,Ctrl
5.913513,Ctrl
6.6750007,Ctrl
6.7113523,Ctrl
6.976611,Ctrl
6.832799,Ctrl
5.401993,Ctrl
6.2354965,Ctrl
6.9841247,Ctrl
7.0222363,Ctrl
6.029984,Ctrl
6.370784,Ctrl
7.5391097,Ctrl
6.6567273,Ctrl
6.6666055,Ctrl
6.8011355,Ctrl
6.8653564,Ctrl
5.7741566,Ctrl
6.9688005,Ctrl
6.827628,Ctrl
5.817971,Ctrl
6.1825156,Ctrl
6.5906754,Ctrl
6.807509,Ctrl
6.0920024,Ctrl
6.0849824,Ctrl
5.701842,Ctrl
7.177112,Ctrl
7.496497,Ctrl
6.296849,Ctrl
4.7741723,Ctrl
7.011936,Ctrl
5.1408787,Ctrl
5.3721085,Ctrl
6.5586934,Ctrl
5.9732313,Ctrl
6.7278824,Ctrl
6.667808,Ctrl
6.360497,Ctrl
4.9545956,Ctrl
6.394212,Ctrl
6.8785334,Ctrl
6.0582376,Ctrl
6.3169265,Ctrl
6.9784393,Ctrl
7.0600834,Ctrl
6.2721868,Ctrl
6.578943,Ctrl
7.226109,Ctrl
7.198474,Ctrl
6.214612,Ctrl
7.307598,Ctrl
6.4805417,Ctrl
5.139866,Ctrl
6.202567,Ctrl
5.362344,Ctrl
6.321351,Ctrl
6.8701506,Ctrl
6.6216555,Ctrl
7.4655147,Ctrl
6.4236665,Ctrl
7.1500664,Ctrl
5.063598,Ctrl
5.329622,Ctrl
7.349698,Ctrl
7.137544,Ctrl
6.2442656,Ctrl
6.475569,Ctrl
6.1761866,Ctrl
6.6833076,Ctrl
6.944347,Ctrl
6.926901,Ctrl
6.078156,Ctrl
6.718344,Ctrl
5.301913,Ctrl
6.3738465,Ctrl
6.9149346,Ctrl
6.164358,Ctrl
5.8998075,Ctrl
5.96119,Ctrl
6.535348,Ctrl
6.558799,Ctrl
5.943967,Ctrl
6.7380733,Ctrl
6.576076,Ctrl
6.907956,Ctrl
7.0069046,Ctrl
6.1214957,Ctrl
6.3936157,Ctrl
6.382748,Ctrl
6.084764,Ctrl
5.9575295,Ctrl
5.599353,Ctrl
6.5926747,Ctrl
7.2867765,Ctrl
5.963703,Ctrl
7.09281,Ctrl
6.700348,Ctrl
6.719583,Ctrl
6.660875,Ctrl
5.038466,Ctrl
5.755932,Ctrl
6.7902093,Ctrl
5.019468,Ctrl
5.9290905,Ctrl
6.9898868,Ctrl
6.586038,Ctrl
6.4809756,Ctrl
7.0377936,Ctrl
6.882951,Ctrl
7.237905,Ctrl
5.930587,Ctrl
5.75955,Ctrl
6.705835,Ctrl
7.2870197,Ctrl
5.4518113,Ctrl
6.3751135,Ctrl
7.4519663,Ctrl
7.2257085,Ctrl
5.491191,Ctrl
7.437037,Ctrl
6.208984,Ctrl
6.9467654,Ctrl
5.1794486,Ctrl
5.890235,Ctrl
7.1940956,Ctrl
6.3297477,Ctrl
6.771752,Ctrl
7.355268,Ctrl
6.257695,Ctrl
6.9237084,Ctrl
7.010875,Ctrl
6.0209236,Ctrl
6.733314,Ctrl
7.52105,Ctrl
6.6987276,Ctrl
5.12115,Ctrl
6.638656,Ctrl
6.097891,Ctrl
6.061008,Ctrl
7.3882546,Ctrl
7.0770187,Ctrl
6.5126486,Ctrl
5.6368012,Ctrl
7.070771,Ctrl
6.482549,Ctrl
6.4224386,Ctrl
6.3967996,Ctrl
6.9807186,Ctrl
5.789143,Ctrl
7.5045857,Ctrl
5.907825,Ctrl
6.2168555,Ctrl
6.2917237,Ctrl
6.084764,Ctrl
6.807885,Ctrl
6.950578,Ctrl
6.3400965,Ctrl
7.1316986,Ctrl
7.3293285,Ctrl
6.80136,Ctrl
5.7280607,Ctrl
6.266225,Ctrl
6.26815,Ctrl
7.0148087,Ctrl
7.226395,Ctrl
6.530094,Ctrl
6.9159403,Ctrl
7.0654583,Ctrl
6.685861,Ctrl
6.395107,Ctrl
6.079532,Ctrl
6.4567657,Ctrl
6.2472625,Ctrl
6.7292523,Ctrl
6.230846,Ctrl
6.852905,Ctrl
6.9612007,Ctrl
8.088828,Ctrl
6.2181044,Ctrl
7.128314,Ctrl
6.7083244,Ctrl
7.137544,Ctrl
5.8356786,Ctrl
6.8093157,Ctrl
6.814453,Ctrl
5.1611814,Ctrl
7.165197,Ctrl
5.9127774,Ctrl
6.772841,Ctrl
6.922536,Ctrl
6.276947,Ctrl
6.5253215,Ctrl
6.3817663,Ctrl
6.9293456,Ctrl
7.4978695,Ctrl
5.2789307,Ctrl
7.38964,Ctrl
6.24572,Ctrl
5.828051,Ctrl
6.3065414,Ctrl
6.4449825,Ctrl
5.340616,Ctrl
7.5194964,Ctrl
6.553082,Ctrl
6.5886803,Ctrl
7.672616,Ctrl
6.715048,Ctrl
5.055511,Ctrl
6.1763463,Ctrl
6.1693425,Ctrl
5.92257,Ctrl
7.283863,Ctrl
7.5269523,Ctrl
6.6290245,Ctrl
7.3609476,Ctrl
6.511362,Ctrl
6.879711,Ctrl
6.8376245,Ctrl
6.5728602,Ctrl
6.990429,Ctrl
6.65797,Ctrl
5.742208,Ctrl
6.7697945,Ctrl
6.072815,Ctrl
6.4036493,Ctrl
6.608852,Ctrl
6.4285927,Ctrl
6.7908006,Ctrl
7.239759,Ctrl
6.8103714,Ctrl
6.6362967,Ctrl
6.3516006,Ctrl
6.7804985,Ctrl
6.7035956,Ctrl
5.720304,Ctrl
5.6847396,Ctrl
7.092167,Ctrl
7.108001,Ctrl
6.0959735,Ctrl
6.568175,Ctrl
6.29748,Ctrl
6.8503575,Ctrl
5.5089083,Ctrl
6.2737713,Ctrl
6.863032,Ctrl
6.4922075,Ctrl
7.04026,Ctrl
5.742828,Ctrl
6.380197,Ctrl
7.558365,Ctrl
7.058111,Ctrl
7.472902,Ctrl
7.204661,Ctrl
7.4026613,Ctrl
6.7472367,Ctrl
5.9168305,Ctrl
6.7491927,Ctrl
6.900134,Ctrl
6.329934,Ctrl
6.9062605,Ctrl
7.0993385,Ctrl
7.0239167,Ctrl
6.737849,Ctrl
6.549882,Ctrl
6.156889,Ctrl
6.848506,Ctrl
6.7669735,Ctrl
7.064874,Ctrl
6.8279505,Ctrl
7.6855345,Ctrl
5.9294643,Ctrl
7.2309256,Ctrl
7.3500085,Ctrl
5.175593,Ctrl
7.359116,Ctrl
7.3245363,Ctrl
6.8871784,Ctrl
6.201256,Ctrl
6.6045713,Ctrl
6.9501615,Ctrl
7.0913095,Ctrl
6.575718,Ctrl
6.758897,Ctrl
6.7556844,Ctrl
6.805765,Ctrl
5.9787173,Ctrl
5.5878844,Ctrl
7.559562,Ctrl
6.740884,Ctrl
6.6091847,Ctrl
5.0497966,Ctrl
7.4427767,Ctrl
5.531447,Ctrl
7.3524537,Ctrl
7.244197,Ctrl
5.996158,Ctrl
6.1929374,Ctrl
7.1522675,Ctrl
6.018808,Ctrl
6.424076,Ctrl
6.847159,Ctrl
6.673474,Ctrl
6.5258656,Ctrl
6.9716334,Ctrl
5.3941092,Ctrl
6.764161,Ctrl
6.691202,Ctrl
6.571969,Ctrl
7.1791787,Ctrl
7.318753,Ctrl
7.6982803,Ctrl
6.9564986,Ctrl
5.724707,Ctrl
5.899989,Ctrl
7.7729335,Ctrl
6.5776877,Ctrl
4.9603453,Ctrl
6.693883,Ctrl
7.545261,Ctrl
6.9595776,Ctrl
5.96797,Ctrl
7.043113,Ctrl
6.1294646,Ctrl
7.104997,Ctrl
6.4675126,Ctrl
6.6846633,Ctrl
6.4820604,Ctrl
7.196187,Ctrl
6.305268,Ctrl
7.3176413,Ctrl
6.154386,Ctrl
6.2575216,Ctrl
7.05894,Ctrl
6.191963,Ctrl
6.1137023,Ctrl
5.078705,Ctrl
6.434992,Ctrl
5.4030924,Ctrl
5.6521006,Ctrl
6.202731,Ctrl
6.3743334,Ctrl
6.8917184,Ctrl
5.884321,Ctrl
6.0461106,Ctrl
6.073247,Ctrl
5.8955216,Ctrl
6.733314,Ctrl
6.669025,Ctrl
7.1715593,Ctrl
6.589466,Ctrl
7.3777843,Ctrl
6.763513,Ctrl
6.8727007,Ctrl
6.379217,Ctrl
6.5655746,Ctrl
6.7789936,Ctrl
5.812471,Ctrl
6.3938146,Ctrl
7.087001,Ctrl
6.694689,Ctrl
6.857639,Ctrl
7.3574185,Ctrl
7.282591,Ctrl
6.6269135,Ctrl
5.9571447,Ctrl
6.7046127,Ctrl
7.42419,Ctrl
5.338964,Ctrl
7.0431404,Ctrl
6.672632,Ctrl
6.257175,Ctrl
7.747517,Ctrl
6.7951,Ctrl
7.017797,Ctrl
6.117196,Ctrl
7.4532347,Ctrl
6.6998615,Ctrl
5.918802,Ctrl
6.9444947,Ctrl
6.664127,Ctrl
5.910023,Ctrl
6.208159,Ctrl
6.015744,Ctrl
7.0101376,Ctrl
7.1327696,Ctrl
5.275442,Ctrl
7.2864523,Ctrl
7.464181,Ctrl
6.576971,Ctrl
7.311558,Ctrl
7.5438495,Ctrl
6.0562534,Ctrl
6.5776877,Ctrl
7.115241,Ctrl
6.2851095,Ctrl
5.185967,Ctrl
6.8866243,Ctrl
7.2909794,Ctrl
6.611073,Ctrl
5.7575035,Ctrl
5.9360304,Ctrl
4.908297,Ctrl
6.56204,Ctrl
5.2644744,Ctrl
5.736032,Ctrl
7.4196353,Ctrl
5.889876,Ctrl
6.9755936,Ctrl
6.820104,Ctrl
5.5478654,Ctrl
6.9179544,Ctrl
6.94919,Ctrl
