gt,pred,de
0.12651674449443817,0.07999509940266317,False
0.09323851764202118,0.009354932233691216,False
0.10086345672607422,0.7663627862930298,False
0.5240856409072876,2.359883447265159,False
-0.002696987707167864,0.0,False
-0.030077680945396423,0.1712876942222554,False
0.01886799931526184,-0.016130608727786978,False
-0.1787373423576355,-0.07908957636279779,False
-0.23644781112670898,1.3094376252050433,False
0.1459392011165619,0.29146402521204373,False
-0.0584908127784729,0.29025954154358996,False
-0.09109311550855637,-0.07265373098930239,False
0.016653314232826233,0.10374843008906388,False
0.015244018286466599,-0.006746275036884641,False
-0.014814630150794983,-0.021833347275103082,False
-0.1552208662033081,0.3617006592693601,False
-0.106772780418396,0.8842793900163662,False
0.0007182396948337555,0.00033534321119077504,False
-0.0036251256242394447,0.0,False
-0.2702902555465698,0.16767126079125316,False
-0.008556677028536797,0.0,False
-0.007631848566234112,-0.008968409924154173,False
-0.027534902095794678,0.18001035752736474,False
-0.013195745646953583,6.819063855800778e-05,False
0.0023652706295251846,0.015286437992104943,False
-0.14244304597377777,0.03369478960632594,False
0.06068403646349907,0.15167794434651505,False
0.01065179705619812,0.19526848671648547,False
-0.0047244117595255375,-0.015062079203123552,False
-0.020879670977592468,0.06157301752590205,False
-0.000925965141505003,-0.003953956334885828,False
0.1171160340309143,1.168654807406771,False
-0.015270404517650604,0.05623550136078122,False
-0.018003037199378014,0.0,False
-0.004675084725022316,0.0,False
-0.03220126032829285,0.062333340000476994,False
-0.12967288494110107,-0.04271227012500617,False
-0.016126368194818497,-0.06727842982917218,False
-0.033797487616539,-0.03962973603086732,False
-0.06235358119010925,-0.023308698682629844,False
-0.01049739494919777,0.0,False
-0.019325021654367447,-0.00519026566198132,False
0.007606692612171173,-0.0275812362394978,False
-0.030949458479881287,0.2398653179790043,False
0.01214408129453659,0.03852495217883312,False
-0.013486966490745544,0.09270663828597156,False
-0.06238856911659241,0.030057049157705018,False
-0.15820270776748657,0.11997781628332252,False
-0.14942628145217896,0.4765086013684154,False
-0.6354433298110962,0.792340600416048,False
-0.15964896976947784,0.09195156172801226,False
-0.12256541848182678,0.16102470327926593,False
-0.07836832106113434,-0.23395737174454798,False
0.0031422600150108337,-0.004364587577357729,False
-0.001118553802371025,-0.004156964424596948,False
0.029132626950740814,0.08397728974097476,False
0.013416916131973267,0.09535768992565787,False
-0.004512518644332886,0.14968958849866595,False
-0.01511189341545105,0.00044321916455372645,False
-0.11317130923271179,-0.12869378102199353,False
-0.1367497444152832,0.2732837082149254,False
0.09002016484737396,0.12576085329055786,False
0.02455127239227295,0.3295849399353734,False
0.12409624457359314,0.3187203550996377,False
-0.0023487303406000137,0.0,False
-0.038184572011232376,0.03579622134566307,False
0.35143518447875977,1.9640403170965226,False
0.03192909061908722,0.13220685280624572,False
-0.015298407524824142,-0.028172893257137246,False
0.023386910557746887,0.04765996135829548,False
0.03837907314300537,0.1590867991510551,False
-0.04153710603713989,0.24721768129232127,False
0.112126424908638,0.25373571883928253,False
-0.10354535281658173,0.1126365026787313,False
-0.06868202984333038,0.00038606983118713925,False
0.036230966448783875,-0.029263391024445043,False
-0.17377841472625732,0.6077176601919956,False
-0.084716796875,0.41638940095378263,False
-0.4284682869911194,0.2735304992427488,False
-0.086130291223526,-0.0939518355191809,False
0.06166572868824005,0.10714517021979436,False
-0.10501521825790405,-0.07483665014669294,False
-0.005678883288055658,0.0,False
-0.0009539159946143627,-0.0034907145643349644,False
-0.1293938010931015,-0.05100125440813558,False
-0.49164342880249023,1.338265932796432,False
-0.11632132530212402,0.28910168783107215,False
0.20524728298187256,0.4295481714052195,False
-0.003788046771660447,0.0,False
0.003403366543352604,-0.0173537980918836,False
-0.0059423744678497314,0.0,False
0.0,0.0,False
-0.0033482518047094345,-0.05483681680778987,False
-0.0019749216735363007,9.776405022421386e-06,False
-0.031278565526008606,0.12168233096599579,False
0.012429844588041306,0.0,False
0.006317783147096634,0.0,False
0.011960094794631004,-0.007440179825186941,False
0.020676597952842712,0.0007199529791250825,False
-0.008437053300440311,0.05901021882891655,False
-0.007795549929141998,0.0,False
0.01119783241301775,0.055484138429164886,False
-0.014462505467236042,-0.016346858837392272,False
-0.01047621387988329,-0.01351008934159026,False
-0.012189730070531368,0.0,False
0.009820116683840752,0.0,False
0.022433200851082802,-0.020494778401654392,False
0.017450353130698204,0.0,False
0.006663569249212742,0.0,False
0.0339001826941967,0.08909390866756439,False
0.0,0.0,False
0.0336788035929203,0.0,False
-0.0567452609539032,0.057534798979759216,False
-0.002856401726603508,0.0,False
0.015034839510917664,-0.006044409976636522,False
-0.0016989260911941528,0.0,False
-0.003768177703022957,-0.017945619103781785,False
0.0330585278570652,0.10052407532930374,False
-0.002705054823309183,-0.008857737757375963,False
-0.010413204319775105,0.0,False
0.0,0.0,False
-0.0037206592969596386,0.0,False
0.01694454625248909,0.0,False
0.05737973004579544,0.07900913804769516,False
-0.007625088095664978,0.0,False
0.01368255540728569,-0.011586917493584873,False
-0.007649652659893036,0.12841200828552246,False
-0.029647767543792725,0.189724687525453,False
-0.009387188591063023,0.0,False
0.18267756700515747,0.7588719436918394,False
0.06459926068782806,0.14642889020734726,False
0.003770887851715088,0.13479183874932563,False
-0.0009641044307500124,-0.007276929173318292,False
-0.06947027146816254,0.01588144339621067,False
0.004749564453959465,0.0,False
0.03703109920024872,0.0017886613495647907,False
-0.030135389417409897,0.012153718620538712,False
-0.0018775127828121185,0.0,False
-0.014053753577172756,-0.005834926162016412,False
0.0,-0.00512387071207475,False
-0.006587672978639603,0.0,False
-0.007418826222419739,0.0,False
-0.007683069910854101,0.0,False
0.011685051955282688,-0.3129518756324126,False
-0.004836255684494972,0.0,False
-0.0055428496561944485,0.0,False
0.01662350632250309,-0.006438358231961355,False
-0.004824142903089523,0.0,False
0.04600123316049576,-0.006757907816642282,False
0.0,0.0008385712862946093,False
0.013892382383346558,0.2278505563735962,False
-0.0039417375810444355,0.0,False
-0.04217349365353584,-0.015971758036868074,False
-0.004596657585352659,0.0012211882276460528,False
0.010538716800510883,0.0,False
0.033181317150592804,0.037043921649456024,False
0.05007016658782959,0.019330278317681804,False
0.014498550444841385,-0.041821418606590305,False
0.039212677627801895,0.0,False
-0.009512513875961304,0.0,False
-0.0028978725895285606,0.0,False
-0.0008777898037806153,0.0,False
-0.008484534919261932,0.0712978880078581,False
-0.01042838953435421,4.134408663958311e-05,False
-0.06845168024301529,0.000448234990471974,False
-0.005736926104873419,-0.008311040462547064,False
-0.022620564326643944,0.05179958418011665,False
-0.010933268815279007,0.04309115558862686,False
-0.019240625202655792,-0.05820146911811949,False
0.02574775740504265,-0.02399560500377817,False
0.05134738236665726,0.17537221115362378,False
0.16263645887374878,0.6972956619804944,False
-0.23112785816192627,0.41520673848299905,False
0.027314387261867523,0.045794612306880145,False
-0.040640827268362045,0.006102306219963452,False
0.03353419899940491,-0.0014166016802193739,False
0.013145113363862038,0.08532658964395523,False
-0.01749640703201294,0.24552359807210833,False
-0.02922224998474121,0.049417515888678626,False
-0.014765799045562744,0.8636245434138814,False
-0.025740966200828552,0.19886045671370894,False
0.1251906305551529,0.12387683629794616,False
-0.2511821985244751,0.023840706239262044,False
-0.5633267164230347,0.44567175258622127,False
-0.15408992767333984,0.8490233631053892,False
-0.002032339572906494,-0.02234750308096886,False
-0.15624463558197021,-0.057642709663187644,False
-0.19646528363227844,0.04724631946490994,False
0.1365174651145935,0.702432288477502,False
-0.02322128415107727,0.04232196691777483,False
-0.05210691690444946,0.419810722370976,False
0.11846810579299927,0.1576106587204127,False
0.007902305573225021,-0.006452199361983442,False
-0.052839070558547974,0.19666028953240405,False
-0.022043872624635696,0.00899408300786992,False
-0.060179874300956726,0.026498363508731013,False
-0.000975273665972054,0.0,False
0.07797908782958984,0.670637613305341,False
-0.03432232141494751,-0.012442119137941991,False
-0.007573714945465326,-0.016051666126472176,False
-0.033391356468200684,0.1717771150997416,False
0.06581641733646393,0.11587585983727758,False
-0.022000104188919067,0.12437518926160557,False
-0.010180381126701832,-0.012368609097013254,False
-0.2830009460449219,0.4529990172478728,False
0.005749233067035675,0.2066192508196583,False
-0.05501031130552292,-0.07269927427265663,False
0.02882862091064453,0.19098996658535675,False
-0.05550360679626465,0.15969707706566696,False
-0.10670170187950134,0.10063553899724424,False
0.03405369818210602,0.252533121106833,False
0.0,0.0,False
0.009734779596328735,-0.010086403686683086,False
0.04616248607635498,0.9994270391743423,False
-0.02365727722644806,0.026255375851950667,False
-0.09702740609645844,0.03390812523773478,False
-0.021485939621925354,0.0001995657906223372,False
-0.0038534514605998993,0.0,False
0.05369190126657486,0.119051493704319,False
-0.004879675339907408,0.0,False
-0.028188135474920273,-0.038209357669899295,False
-0.008914649486541748,0.32961788200095576,False
0.002127908170223236,0.026544185655678593,False
0.03539261221885681,0.30210433761386574,False
-0.17136846482753754,-0.025644711445926976,False
-0.08860993385314941,-0.03695420531070742,False
0.08195747435092926,0.0731855609014562,False
-0.01050837803632021,-0.010336127321379281,False
-0.025697290897369385,-0.0016880562934016904,False
0.035585492849349976,0.39304209444815297,False
-0.024621933698654175,-0.013539650788573622,False
-0.07540023326873779,0.182172164413945,False
-0.010825042612850666,0.0,False
-1.2386622428894043,1.8311691906338279,True
-0.7517013549804688,2.3427128011322345,False
-0.002050846815109253,0.224095727198829,False
-0.19645652174949646,-0.01916156634734925,False
-0.011308267712593079,-0.061974513558581065,False
-0.6743612289428711,1.0207380312359728,False
-0.2598046064376831,0.46073758872022724,False
-0.14380678534507751,0.13999447500205842,False
-0.1077408492565155,0.15543029750652057,False
-0.5614912509918213,1.1751978034428854,False
-0.9416134357452393,1.300341347359895,False
0.03585575148463249,0.03778304226295798,False
0.010993435978889465,0.052682792493005476,False
-0.05158761888742447,0.08824372799910135,False
-0.05233108997344971,0.8265004440827287,False
-0.020759612321853638,0.28435337940508887,False
-0.02871786430478096,-0.0186909118345217,False
-0.020718954503536224,-0.06334048409408091,False
0.020063351839780807,0.0,False
0.019805550575256348,0.03587311462118235,False
-0.02342236414551735,1.1242715117987245e-05,False
-0.0008607644704170525,0.0,False
-0.008382129482924938,0.0,False
0.054754793643951416,0.5003299948694676,False
-0.0038196146488189697,0.5197135505130636,False
-0.015580594539642334,0.2407290940452319,False
-0.030200570821762085,0.3442797479478672,False
0.07231271266937256,0.9982907474328736,False
-0.006772860884666443,0.004369666334241629,False
-0.04608571156859398,-0.1486268593577531,False
-0.05322381854057312,0.09306419414535921,False
-0.06801442056894302,-0.012643281318618568,False
0.0033137742429971695,0.0,False
0.021047495305538177,0.030165180563926697,False
-0.029969388619065285,0.008609393611550331,False
-0.004545500501990318,0.0,False
-0.050283364951610565,0.14926401312527285,False
-0.25765085220336914,0.13778757867228464,False
0.0502106212079525,0.06467815466343974,False
-0.0017750449478626251,3.3449246984673664e-05,False
-0.016365595161914825,0.0715494100905655,False
0.026810429990291595,-0.04415428337078686,False
0.01440848782658577,-0.005162770021567353,False
0.008527465164661407,-0.007843912285242465,False
-0.02291548252105713,-0.0034368509555591344,False
-0.034580230712890625,-0.026478224578698237,False
-0.015674075111746788,2.5183981051668525e-05,False
-0.008430725894868374,0.0,False
0.17971476912498474,0.3973641282401358,False
-0.015362418256700039,-0.001421777986486838,False
-0.49081218242645264,0.6600022024766414,False
-0.05790621042251587,-0.03374330097286445,False
-0.010768424719572067,-0.004787997842140762,False
-0.053421854972839355,0.16778029254775098,False
0.035931989550590515,0.07804454898432957,False
0.004176413640379906,0.0,False
-0.005054265260696411,-0.012254486375323302,False
-0.05002029985189438,0.02377165722689864,False
0.01010178029537201,0.11504578502759764,False
-0.007573495153337717,-0.0027954653473627558,False
0.027640236541628838,-0.004504333589869812,False
-0.04221523553133011,0.09632693255097387,False
0.012059126049280167,0.03281182979098958,False
-0.225204735994339,0.011526253869957537,False
0.084766685962677,0.1473102542217859,False
-0.1857616901397705,0.5400890837685188,False
-0.003947417717427015,-0.019909949140457232,False
-0.29991281032562256,-0.10391204799958875,False
0.0182711910456419,-0.005293851209069849,False
0.01622791774570942,0.035836636564311256,False
-0.0010369005613029003,0.0,False
-0.00827966071665287,0.0,False
-0.03774233162403107,0.0021079559810459614,False
0.016436882317066193,-0.0029290603694788965,False
-0.22788548469543457,-0.027387690823969413,False
-0.012346425093710423,0.0,False
-0.4793826937675476,-1.0142385484895358,False
0.08334270864725113,-0.016375006921026378,False
-0.049585044384002686,0.08344511321102271,False
-0.05235704034566879,-0.04706850090408523,False
0.10307514667510986,1.0158387649033425,False
0.06612991541624069,0.0802653395826862,False
-0.34254682064056396,0.05069577090602442,False
-0.22028884291648865,0.1943771330125596,False
-0.1248161792755127,0.22946867565612028,False
0.26859647035598755,0.6792823561593544,False
-0.02010834775865078,0.06644117087125778,False
-0.016062410548329353,0.009183065965771675,False
-0.007509574759751558,0.0,False
0.12190055847167969,0.6952739975822453,False
0.0032404661178588867,0.009036528877913952,False
-0.044283002614974976,-0.10490804076780122,False
-0.09951333701610565,0.02250017978963023,False
-0.01124351006001234,-0.010462633434645228,False
-0.0027743312530219555,-0.006857225342257637,False
-0.0017130231717601418,0.0,False
0.07532012462615967,0.33533297121068395,False
0.0065780747681856155,0.0,False
-0.027009041979908943,0.002257284478415233,False
0.012508454732596874,-0.01176294975258705,False
-0.04094487428665161,0.4288934807376552,False
-0.18644049763679504,-0.05925460531996314,False
0.008146293461322784,0.0022635797478442726,False
-0.03282451629638672,1.6031881709623463,False
0.0,0.0,False
-0.36533451080322266,0.37733411095763547,False
-0.11625437438488007,-0.08562861936518418,False
0.07729148864746094,0.6853875484548168,False
0.017429951578378677,0.038161841901184254,False
-0.01600239798426628,2.0463903638301417e-05,False
0.006630543619394302,0.0006238309433683753,False
0.055314600467681885,0.34268303482199314,False
-0.10404530167579651,-0.04415221392970976,False
-0.5589213371276855,0.8767650986127307,False
-0.006816461682319641,0.28809624910354614,False
-0.0011967942118644714,0.0005112348007969558,False
-0.012336277402937412,0.0,False
-0.0007037967443466187,0.011774772993113664,False
0.05728644132614136,0.07480251395925011,False
-0.16009590029716492,0.08865670526573856,False
0.01740337163209915,0.0,False
0.0066140200942754745,0.008318167179822922,False
-0.03032088279724121,-0.03336169843441894,False
-0.08779925107955933,0.24653875182517176,False
0.04998020455241203,0.2052594888659443,False
0.3100522756576538,0.5327826392487749,False
0.07353633642196655,0.34512035597357027,False
-0.04468773305416107,-0.10254996884542425,False
-0.10456928610801697,0.18962589293844115,False
-0.0038774795830249786,0.0,False
-0.0020985305309295654,0.05169011684561671,False
0.018698841333389282,0.003698883345350623,False
0.047967612743377686,0.04481153291193975,False
0.0043385811150074005,-0.005000487659849053,False
0.004062497057020664,-0.0022044853904796906,False
0.010721392929553986,0.10045014321804047,False
-0.03706732392311096,-0.04680409478886148,False
-0.02486591786146164,0.06304854373743216,False
-0.09989780187606812,0.274958404275575,False
-0.07593843340873718,-0.005388740390541261,False
-0.04156568646430969,-0.12289245990710404,False
-0.14602473378181458,0.018446375977885565,False
0.05632704496383667,0.2913880635200607,False
0.017353713512420654,-0.02220843432524162,False
0.024988651275634766,0.1989822473783081,False
0.17642492055892944,0.569590820914212,False
-0.03988462686538696,0.4002540717088851,False
0.2752661108970642,0.31343421402885224,False
-0.04964509606361389,0.049596896805237156,False
0.03864136338233948,0.20155752390538342,False
-0.04424232244491577,-0.07732610519381405,False
0.04068350791931152,0.14512966987643597,False
-0.13341590762138367,0.05172156327325045,False
-0.09547638893127441,0.112161803411569,False
-0.018780117854475975,-0.010767684576451126,False
0.18531900644302368,1.0746970959008755,False
-0.34507453441619873,-0.028721739512083344,False
-0.05617287755012512,0.1056087713664629,False
-0.025997266173362732,-0.07939230034511044,False
-0.029216885566711426,0.14424486166158054,False
0.07881951332092285,0.07998121340399192,False
-0.01846325397491455,0.07019921336315343,False
0.06475812196731567,0.5097022551537583,False
-0.34050679206848145,2.2360673459501754,False
-0.036469168961048126,0.023748691216205407,False
-0.017207186669111252,-0.001999711507262117,False
-0.25317221879959106,0.8599631308845719,False
-0.2593628764152527,-0.15572517711552317,False
-0.1135888397693634,-0.026480227156926377,False
-0.1787823885679245,-0.020399447155956096,False
0.012456260621547699,-0.010891054491158594,False
-0.0018069685902446508,0.0,False
-0.06705131381750107,-0.04019589088238283,False
-0.11339119076728821,0.00985634233802557,False
-0.14088332653045654,0.687320817756385,False
-0.12688559293746948,0.1361613061502313,False
0.05229592323303223,1.3102472733598294,False
-0.005503349006175995,0.0,False
-0.04052840545773506,0.013469330035150051,False
-0.00741580780595541,0.0,False
0.01815609633922577,-0.052417714597408904,False
-0.11930757761001587,0.24193585903943468,False
0.2904553711414337,0.34814827519826785,False
-0.046666014939546585,0.0002046398731181398,False
-0.027000974863767624,-0.1838366983979408,False
-0.015296995639801025,0.6145716337313579,False
0.0156392864882946,0.0,False
-0.04485541582107544,0.31768253500332605,False
-0.0016004890203475952,-0.00949899589378869,False
0.03786882758140564,0.23145271373829404,False
-0.012885093688964844,0.40720016943289167,False
-0.0009787613525986671,0.0,False
0.12195944786071777,2.09792647419649,False
-0.08009040355682373,0.4660104491762774,False
-0.028843315318226814,0.0,False
0.007549552246928215,0.0035065209958702326,False
0.09294047951698303,0.31958279308940474,False
-0.0018198526231572032,-0.00540630639619678,False
-0.026121318340301514,0.35996795080429334,False
-0.12224474549293518,-0.1162164751924516,False
-0.08386152982711792,0.33347586748037694,False
0.2776803970336914,1.5013293069942888,False
-0.03925144672393799,0.15440475953773697,False
-0.11680060625076294,0.00826752372179318,False
0.053910136222839355,0.6527123975010886,False
0.07589387893676758,0.6982464960688715,False
-0.1342068314552307,0.4271175030544182,False
0.030429482460021973,0.0567394239613519,False
-0.0019347008783370256,0.0,False
-0.19846361875534058,1.1800242075691716,False
0.0,0.0,False
-0.058089256286621094,0.590300055428697,False
-0.1918245553970337,-0.4567113786089968,False
0.0824689120054245,0.20486372469230424,False
-0.2612249553203583,-0.1446372228629676,False
0.31333762407302856,1.051259336062642,False
-0.06412070989608765,0.1102645695023477,False
-0.005458096042275429,0.0,False
-0.001962615642696619,0.0,False
-0.01362803764641285,0.0,False
-0.00577353872358799,0.00037119383341632783,False
0.028997760266065598,0.005187807604670525,False
0.020760290324687958,0.039879631616452735,False
0.04930393397808075,0.07606500168690257,False
-0.09662193059921265,0.08282653481731476,False
-0.01952962577342987,0.004770176950842142,False
-0.15406911075115204,0.07078302677847753,False
-0.1333385854959488,-0.010030630545067143,False
-0.013362403027713299,0.0,False
0.0,0.0,False
-0.0064611658453941345,0.008597141829491617,False
0.013488984666764736,-0.0038688976287825643,False
-0.03346404433250427,0.015620231431412775,False
-0.08486178517341614,0.07209795750210664,False
0.009752009063959122,-0.03368832187509999,False
0.0118497833609581,-0.006903907807315115,False
-0.024091310799121857,0.09372248912062472,False
0.0823058933019638,0.2059591761584505,False
-0.03617247939109802,0.2039535351124851,False
-0.004775550216436386,-0.0012192044587501052,False
-0.19881343841552734,0.11403127377356057,False
-0.34100931882858276,-1.5668690140926045,False
-0.0019512836588546634,0.0,False
-0.22901347279548645,-0.058524569370147016,False
-0.0594167560338974,0.0077901838592625144,False
0.0007603466510772705,0.11829094083934213,False
0.016643166542053223,0.16259902630684814,False
-0.02137187123298645,0.1698613416690539,False
-0.024514541029930115,0.16294844716583873,False
0.11572813987731934,0.5092893903612759,False
-0.011334957554936409,0.0,False
-0.0892089456319809,-0.02910537457326414,False
0.0029837042093276978,0.17309613381747369,False
0.04783424735069275,0.165040981917435,False
-0.0036721229553222656,0.5514688539034523,False
0.090177983045578,0.29042127229932846,False
-0.1808355450630188,0.5557290351840702,False
-0.1221257895231247,0.21370812065589415,False
-0.04218018054962158,0.26036735335565286,False
0.01090480387210846,0.018451382155468155,False
0.016517674550414085,0.0,False
0.008316464722156525,0.07891615392329389,False
0.07713806629180908,0.3552114884101493,False
-0.03065928816795349,0.1597548533540861,False
-0.02387048490345478,0.0,False
-0.15874895453453064,-0.003710992269106525,False
-0.14766359329223633,-0.37264814555488324,False
0.05608992278575897,0.28725155009925885,False
0.39706993103027344,0.9027266852199758,False
0.07682733237743378,0.1739227151747701,False
0.13516543805599213,0.1461759734080876,False
0.02014806866645813,0.2176427197459156,False
0.01679856702685356,0.00014851210289634764,False
0.0056821443140506744,0.002276758197695017,False
-1.2001979351043701,1.1767133200390096,False
-0.060496993362903595,-0.0063588311156796504,False
-0.021839991211891174,0.022231840400317657,False
0.01356944628059864,0.0,False
0.024280555546283722,-0.027179864073415196,False
-0.29322928190231323,-0.09250485072180503,False
0.004373803734779358,0.03232984545435561,False
0.03080609440803528,0.0977661960278997,False
0.08376753330230713,0.4989395651671326,False
-0.011415204033255577,-0.012816874205162756,False
0.0024579763412475586,0.28964204939190275,False
0.02439073845744133,-0.0030135908361627393,False
0.057653725147247314,-0.013513063121041113,False
0.008592624217271805,0.0018385360081857906,False
0.3143157362937927,0.23502402043525428,False
0.03185662627220154,0.32988381502018693,False
-0.06531423330307007,0.035504015813889254,False
-0.0003810971975326538,0.08171626925468445,False
0.057243749499320984,0.2602404154395984,False
-0.013478375971317291,0.012422650121152401,False
-0.012437256053090096,0.00052074991977075,False
-0.030790917575359344,-0.03871528037596611,False
-0.04164557904005051,0.07692648456824404,False
0.016074080020189285,0.050555633511027945,False
0.012145772576332092,0.08683942689346968,False
0.021585527807474136,0.005223568777917622,False
-0.008392325602471828,0.00044383385102264583,False
-0.18784168362617493,0.11514308910549464,False
-0.07188527286052704,-0.08383220540591446,False
-0.16878679394721985,0.22498656996440952,False
-0.5024518966674805,1.2661129458305858,False
-0.18106716871261597,0.35922421342468003,False
-0.14038100838661194,-0.09602637033585687,False
-0.20888900756835938,1.9961796514401056,False
0.02681145817041397,0.06627081588514405,False
0.08260148763656616,0.4245216009775042,False
-0.17544794082641602,0.8639943469779165,False
0.003840923309326172,0.24193271320689994,False
-0.009320087730884552,0.0007376356516033411,False
-0.06343185901641846,0.012035752964951539,False
-0.1496686041355133,0.35982934340466416,False
-0.05763901770114899,0.12260370296826206,False
-0.0019619185477495193,0.0,False
-0.0009854692034423351,0.0,False
-0.016084307804703712,-0.1686001961721142,False
-0.01272660680115223,0.0,False
-0.02666229009628296,-0.028815489857555124,False
0.17100271582603455,0.2877487228267467,False
0.015873923897743225,0.069531493346387,False
0.028841465711593628,-0.0032762071529888553,False
-0.048697590827941895,0.05238962522560378,False
0.23070237040519714,0.4129005198133059,False
0.0017530322074890137,-0.014927207294408662,False
-0.007797447964549065,0.025445829016435675,False
-0.052720487117767334,0.2589030261567704,False
-0.006722976453602314,0.0,False
-0.06892305612564087,0.3553583958510844,False
-0.010917231440544128,0.17443065686777207,False
-0.008199453353881836,0.12840268483283446,False
0.16264402866363525,0.5362500274333895,False
-0.06634610891342163,0.35839756008397594,False
-0.10565924644470215,0.15475488767184453,False
0.20537304878234863,1.7945639908778444,False
0.024624407291412354,0.340857358615953,False
-0.005813801661133766,0.027426686137914658,False
0.013205945491790771,0.0681500322253325,False
0.059001922607421875,0.2949526979588283,False
-0.02301228791475296,0.07159608333463885,False
-0.176283597946167,0.04267962494064684,False
0.0123452078551054,0.0,False
-0.01094052568078041,-0.004416859750389703,False
-0.0028715007938444614,0.0,False
-0.00567825511097908,-0.0030023379527529684,False
-0.0025322139263153076,-0.01374062823392366,False
0.002156853675842285,0.3739462665369425,False
-0.027089670300483704,0.12702310346229523,False
0.5608185529708862,1.1674285121351384,False
-0.0019680075347423553,-0.01471526579531868,False
0.007406384684145451,0.005846864078193903,False
-0.0057809483259916306,-0.0030611328505994076,False
-0.030282936990261078,0.001957210712134838,False
-0.02966778539121151,-0.009894742988414779,False
0.12547993659973145,0.13821706734985328,False
-0.12471672892570496,-0.10037412693507655,False
0.010967850685119629,0.22975887060362488,False
-0.29694420099258423,0.003346833400428295,False
0.02856120467185974,0.1422004534834862,False
0.03600722551345825,0.24910032038889424,False
0.042689576745033264,0.033537968122844396,False
-0.37748849391937256,0.10661147539615445,False
-0.07763083279132843,0.25732342817707293,False
-0.08214092254638672,0.8830316873689902,False
0.008628972806036472,0.00018909320351667702,False
0.012343019247055054,-0.005269313165226691,False
0.0023145824670791626,0.24699712581254696,False
-0.0008545462042093277,0.0,False
0.007789216935634613,0.009445901960134506,False
0.005706328898668289,-0.1797251270580089,False
0.04157910495996475,0.08306205021044316,False
-0.004834457766264677,-0.013927662753115574,False
-0.05864553153514862,0.25767367686632237,False
-0.025184299796819687,-0.03065991957838391,False
0.049646735191345215,0.5348207195692939,False
-0.028987616300582886,0.019111921935949752,False
-0.0018973073456436396,0.0,False
-0.10783277451992035,0.17113157159499337,False
-0.0019266428425908089,0.0,False
-0.021878572180867195,-0.03811551184899166,False
-0.050463754683732986,0.00032148638274520636,False
-0.0009242710075341165,0.0,False
-0.63688063621521,0.8565768499275258,False
0.5162768363952637,2.4851086704769587,False
-0.43083858489990234,0.5049539037102062,False
-0.004608387127518654,0.00021210486011113971,False
-0.05392327904701233,0.06576915632188822,False
-0.1317887306213379,2.8944680528836564,False
-0.29874134063720703,0.20229374720761406,False
-0.5622681379318237,-0.006766094253427557,False
0.29189813137054443,1.8327141712457167,False
0.11579537391662598,1.1495618440916402,False
-0.5502492189407349,0.6537574545201947,False
-0.6715917587280273,-0.5843546110643116,False
-0.27271902561187744,0.455687508117556,False
-0.19203555583953857,1.8148239406344138,False
-0.0010212244233116508,-0.0012192044587501052,False
-0.01157822273671627,-0.008527926343278144,False
-0.17578977346420288,-0.11809126568697162,False
-0.024256277829408646,0.04885203391313553,False
0.0,0.0,False
-0.0028174796607345343,0.0,False
0.0,0.0,False
0.037311673164367676,0.1950370818376541,False
0.022822607308626175,0.074406199157238,False
-0.0166738610714674,-0.012408288449736952,False
0.0,-0.01949464689645207,False
0.1403171420097351,0.5850103497505188,False
0.022371619939804077,0.3594626175376172,False
-0.10556045174598694,-0.11697159223782355,False
-0.1832585632801056,0.051092925660160715,False
-0.07206729054450989,0.12729984242481135,False
0.05831211805343628,0.22552061731075423,False
-0.3148338198661804,-0.010502440095937156,False
-0.10783964395523071,0.4933302600919137,False
0.000769689679145813,0.09911237528240428,False
-0.02073007822036743,0.04181912912119762,False
-0.13398322463035583,0.049738519569243245,False
-0.3289952278137207,0.8083083319196315,False
-0.07947564125061035,0.5397347583032681,False
-0.4996483325958252,0.37702936510275664,False
-0.0916893482208252,0.10439695716604802,False
-0.007039517164230347,0.010122802703486478,False
-0.2650821805000305,0.12729678591115173,False
-0.04852265119552612,0.14767954926877783,False
-0.07691317796707153,0.1654118855603804,False
0.08165526390075684,0.33146861716861625,False
-0.016289666295051575,0.13079710690344398,False
0.018793564289808273,0.09080739812812624,False
-0.12013909965753555,0.012881945661833955,False
0.015637606382369995,0.0639053998698378,False
-0.04283571243286133,0.24399122163415946,False
-0.05981644243001938,-0.014378633629782811,False
-0.08505147695541382,0.3611945782939442,False
-0.025997035205364227,-0.04874843170125644,False
0.012513697147369385,0.2079948698211665,False
-0.14469057321548462,0.2482794496957138,False
0.0,-0.0064689192133963345,False
-0.09227737039327621,-0.25886953410988867,False
-0.11339454352855682,0.1372845218776217,False
-0.06237854063510895,-0.05194870820021168,False
-0.3372035026550293,2.262663258828156,False
-0.0019608198199421167,0.00017046165885403752,False
0.021383419632911682,0.06158506775159549,False
-0.08095419406890869,0.2654607951087666,False
-0.013361841440200806,0.26106236012738093,False
0.1773895025253296,0.8468867210640527,False
-0.046285346150398254,0.1115737606845857,False
0.1697847843170166,0.23942791779924222,False
-0.13010308146476746,0.047237359863152494,False
-0.23278015851974487,0.15182844158360756,False
0.03751111030578613,0.570882952947352,False
-0.01886255294084549,0.00015959411393851042,False
-0.0019247237360104918,0.0002924006839748472,False
-0.06730818748474121,0.2890840342675782,False
0.23820734024047852,2.1055713640293634,False
-0.0006036274135112762,0.0006413611532823833,False
-0.020040933042764664,0.0,False
0.0108534786850214,0.0003855764807667583,False
0.0,0.0,False
-0.45902466773986816,0.6522740032875929,False
-0.034246355295181274,0.15855328187975534,False
-0.09464071691036224,0.13999435411053004,False
-0.7939486503601074,2.563477894871671,False
-0.164886474609375,0.1693513351091831,False
0.0005083978176116943,0.10218266048194155,False
0.08317293971776962,0.18786567449569702,False
-0.001848337473347783,0.0,False
-0.012731164693832397,0.0030750115402042866,False
-0.3430466055870056,-0.08373148491312973,False
-0.09529685974121094,0.1897714479192108,False
-0.5779098868370056,0.27992052993531613,False
-0.013231032527983189,-0.002800252581168994,False
-0.9276796579360962,0.0048534428353251835,False
0.06086033582687378,0.3298089244621285,False
0.07426577806472778,-0.04491843363149641,False
-0.08594433963298798,-0.03869957862285411,False
-0.11635418981313705,-0.007586221684391867,False
0.23398226499557495,0.9310526205727243,False
0.05550488084554672,-0.02878099837985286,False
0.056909024715423584,0.35191486611338096,False
0.08956539630889893,0.5657458575045491,False
-0.038913846015930176,0.27568250757543344,False
-0.5285913944244385,1.462258419777975,False
0.024236813187599182,0.12609611882570018,False
0.11725705862045288,0.2253171416114032,False
-0.0009586713276803493,0.0,False
0.03622107952833176,0.06672221015215736,False
-0.2824530303478241,-0.026840024471170412,False
-0.0010180986719205976,0.0,False
0.014086544513702393,0.04809393161592443,False
0.04719105362892151,0.19980924540341646,False
-0.10077422857284546,0.016088617096770147,False
0.020058808848261833,0.0,False
0.02459585666656494,1.248040564259273,False
0.06834717094898224,-0.024860587774418217,False
0.05871009826660156,0.6604252729496217,False
-0.0200019720941782,-0.5921364082946543,False
-0.01265871524810791,-0.11081128965220338,False
0.1428968906402588,1.9412170772624628,False
-0.29186829924583435,-0.13816303031629462,False
-0.45346271991729736,0.5606141385030095,False
0.014331229031085968,0.01684642759968962,False
-0.1787053346633911,1.2329988626449244,False
-0.587547779083252,0.36041270504417344,False
0.019596397876739502,0.06730752716947093,False
0.021580219268798828,0.39319152459605644,False
-0.3086909055709839,0.9708470469158064,False
-0.16067153215408325,0.28449854255849705,False
-0.0566292405128479,0.16626042510549657,False
-0.07802888751029968,0.43686789446953767,False
-0.10701426863670349,0.19441755126667168,False
0.0003330111503601074,0.2807169095587311,False
0.011018870398402214,0.0007006926462054253,False
0.3170590400695801,2.458800416443043,False
-0.10986143350601196,0.13514121189332784,False
-0.001160651445388794,0.36512978432183,False
-0.017594117671251297,-0.009976571469763761,False
0.005259210243821144,-0.052068310793680815,False
-0.04828137159347534,0.06224007219189159,False
-0.2712123394012451,0.7748466730521251,False
0.05049028992652893,0.06214245667585688,False
-0.4516621232032776,0.12687543413843724,False
0.08408401161432266,0.06531403056386526,False
-0.0008757520117796957,0.0,False
0.021229222416877747,0.1862846759732279,False
-0.014172909781336784,-0.004197375810434494,False
-0.0018516136333346367,-0.006369960264098114,False
-0.008603371679782867,0.012875587679445744,False
-0.010080337524414062,1.052973942976323,False
-0.20355749130249023,0.3516530378092644,False
-0.11662474274635315,0.011813829888658534,False
0.014570116996765137,0.879440072005088,False
-0.015244532376527786,-0.01671494427207028,False
-0.014210551977157593,-0.008578320541760128,False
-0.0029998477548360825,-0.040920965246128205,False
0.15679526329040527,0.37487205447484007,False
-0.09092646837234497,-0.2999068021753245,False
-0.007915312424302101,-0.0043694297270562175,False
-0.023177053779363632,-0.01376207198330945,False
0.07425463199615479,-0.07450540711257111,False
-0.013529006391763687,0.0,False
0.0,0.0,False
0.29264092445373535,0.7989356595221766,False
-0.3031560182571411,0.240053240015472,False
-0.77239990234375,1.4924033875674607,False
-0.19553053379058838,0.41180803192145343,False
-0.010865231044590473,-0.10182929096844595,False
0.05847606807947159,0.0,False
-0.011220835149288177,-0.0056010549747259565,False
-0.03281228244304657,-0.1436756689299435,False
-0.0009765824070200324,0.0,False
0.008050816133618355,0.0,False
-0.03144124895334244,0.10004756495602297,False
-0.10367244482040405,0.21702467235843118,False
-0.013763178139925003,0.004161854638632889,False
0.12047922611236572,1.020776756164617,False
0.0007746778428554535,0.0,False
0.03187006711959839,0.024511720615073465,False
-0.021178143098950386,-0.014176357405647183,False
0.01583615504205227,-0.018048399279895412,False
0.014853391796350479,-0.007166335613459326,False
-0.012485628947615623,-0.0031046244882117525,False
-0.14829272031784058,0.13584655232198592,False
-0.08335763216018677,0.02288949410537558,False
-0.1858564019203186,0.6811089099998314,False
-0.02759397029876709,0.41738344142935546,False
-0.04779243469238281,1.147291535832851,False
0.08369851112365723,0.23094356378721353,False
0.06193356215953827,0.1571317072396009,False
-0.003781452775001526,0.03619164201853772,False
0.06447935104370117,0.45036889471520414,False
-0.15461444854736328,0.9090826570771864,False
-0.17914873361587524,-0.09269003934045439,False
0.18346738815307617,0.8643169463700902,False
0.07208096981048584,0.13176716502244779,False
0.054595112800598145,0.841529581274568,False
0.06364044547080994,0.3121670769041263,False
-0.2855563163757324,0.46012652561828743,False
-0.018202662467956543,0.0077415995674272875,False
-0.008595897816121578,-0.005712789715810849,False
-0.11470968276262283,0.04410065775162479,False
-0.10095107555389404,1.3111997071725172,False
0.0003710538148880005,0.2176926173604648,False
0.05178344249725342,0.623078421049242,False
0.004324108362197876,0.13206802857712743,False
-0.05467190593481064,0.023512559546755102,False
-0.18077433109283447,0.20851666639583186,False
-0.16179007291793823,-0.15884543620110048,False
-0.12777301669120789,0.48750947347312545,False
-0.09315058588981628,0.08781066052736891,False
-0.5750203132629395,0.7280950187050728,False
-0.025965142995119095,-0.046172892919702675,False
-0.06820321083068848,-0.3369503052809889,False
-0.06507415324449539,-0.12853636009740937,False
0.009244561195373535,0.0005660341121256351,False
0.03775525093078613,1.5126164671589875,False
0.10112369060516357,0.6344661922325039,False
-0.7052021026611328,1.8919841636244765,False
-0.22686833143234253,0.761962172093726,False
0.05311095714569092,0.2467255641057382,False
-0.0727684497833252,0.1992802925729425,False
-0.15006309747695923,0.4920373208833639,False
-0.08402162790298462,0.44099072990569776,False
-0.025293678045272827,0.05727624221586043,False
-0.04276178777217865,0.00957281564171546,False
-0.09642786532640457,-0.024683471521838016,False
0.09779539704322815,0.29965352452707117,False
-0.003936827182769775,0.2545925842722648,False
-0.010326356627047062,-0.008393315876351573,False
-0.005006081890314817,0.00038331004907377064,False
-0.0006120763719081879,0.0003192995791323483,False
0.051630496978759766,0.34662139981733675,False
0.018929142504930496,0.05073455795089007,False
-0.0638062059879303,-0.017482031564728516,False
-0.04636139050126076,-0.11725011029801877,False
-0.04905122518539429,0.22517116771912454,False
0.0027612149715423584,0.20127567113175399,False
0.00939538236707449,0.0007326078080674399,False
0.026928424835205078,0.748644241489002,False
-0.012770021334290504,-0.014689018701447216,False
-0.1844596564769745,0.32542766903925396,False
-1.348078727722168,0.22625954524446223,False
-0.8343863487243652,2.295910179669138,False
-0.5605874061584473,2.3350191400614295,False
-0.6718145608901978,0.6430983115283022,False
-0.6172349452972412,2.2210526170617135,False
-0.5609362125396729,0.9322047109837219,False
-0.014530885964632034,-0.025238031440229597,False
-0.42337411642074585,0.5414063358372385,False
-0.08061476051807404,-0.05225617473042246,False
0.051143527030944824,1.0844043742358642,False
0.045773446559906006,0.5427306831286579,False
0.071610227227211,0.1699272712917837,False
0.07256180047988892,0.45759178279069557,False
0.44007909297943115,1.3465821609660165,False
-0.04014125093817711,0.02654654701667484,False
-0.00024562515318393707,-0.01971741756809222,False
0.03247611224651337,0.09486605092963923,False
-0.031778618693351746,-0.011410028870744104,False
-0.012619946151971817,-0.020598332431117798,False
-0.06191236525774002,-0.04672098110549726,False
-0.042487531900405884,-0.029152569620274182,False
0.19127722084522247,0.3978543829016079,False
0.013783931732177734,0.3180869736932338,False
-0.019810274243354797,-0.0478196797702278,False
0.31216418743133545,0.7444168746730611,False
0.008837014436721802,0.09726320972205914,False
-0.10381126403808594,0.10917305878744132,False
-0.006943129003047943,0.0,False
0.07563546299934387,0.040074181571394,False
-0.0008858777582645416,0.0002597525017336011,False
0.013177942484617233,0.0,False
0.07526721060276031,-0.02113292037199345,False
-0.035130538046360016,0.06593746891947955,False
-0.010637685656547546,0.1332612984824779,False
0.08111287653446198,0.061644121660200085,False
-0.02885119616985321,-0.008680545131669104,False
-0.2283812165260315,0.4881882879913315,False
-0.18026360869407654,-0.04643366130505966,False
-0.05703246593475342,0.39732741768168767,False
-0.25577881932258606,-0.06940313999494849,False
-0.048941075801849365,0.0694175760865865,False
-0.07836341857910156,0.616315966464833,False
-0.03809256851673126,-0.007902280080404049,False
-0.01982278935611248,-0.007072868143963602,False
0.025232501327991486,-0.002821593461207478,False
0.07525622844696045,0.8675478807058233,False
0.0070576295256614685,0.0013304185520010142,False
0.17223498225212097,0.3411108321409363,False
-0.10869015753269196,-0.024112450886695946,False
-0.003760779742151499,0.0,False
0.029839783906936646,0.22897138430036273,False
-0.005769774783402681,0.0,False
2.944469451904297e-05,0.6686796975533809,False
-0.005062326788902283,-0.0856019598061039,False
0.028312206268310547,0.5261627845542481,False
-0.046924881637096405,-0.05276022798205715,False
0.0,0.0,False
-0.028479106724262238,-0.0241367808877406,False
0.015021968632936478,0.008380988612771034,False
-0.023142218589782715,0.10869766372860745,False
0.013311948627233505,-0.009259199035414075,False
-0.021459639072418213,0.38571628716422107,False
-0.01453273743391037,-0.023880732722422863,False
-0.04468071460723877,0.32866858172226227,False
-0.03084021806716919,0.3999346689107547,False
-0.023367702960968018,0.38182275299884155,False
0.0931708812713623,0.25569587892425927,False
-0.2329993098974228,0.03707043810175428,False
0.002765461802482605,0.06264665228841346,False
-0.099329374730587,-0.09294576406169497,False
-0.028302351012825966,-0.007963523179731225,False
-0.015071108937263489,0.006209657745745431,False
0.006499573588371277,0.04889871272950978,False
-0.006795650348067284,-0.017186858758024996,False
-0.061101049184799194,0.4282951430757385,False
-0.004969192203134298,0.0,False
-0.06608736515045166,0.31763347790210184,False
-0.009266436100006104,0.42342302366484164,False
0.01365278847515583,-0.0471822313265103,False
1.7622069120407104,2.5268482285153517,True
-0.07091425359249115,-0.030428974385828034,False
-0.158261239528656,0.05115071961609677,False
-0.07148486375808716,-0.10290221714230485,False
-0.021768033504486084,0.2174824916220987,False
0.018480420112609863,0.632763223551734,False
-0.09926152229309082,0.7019206033253768,False
-0.07472814619541168,0.07928696349013745,False
-0.1353691816329956,0.2572919109045152,False
0.46109139919281006,1.1065303818366425,False
0.09374383091926575,-0.026772349461202827,False
0.0679270327091217,0.2923643148498991,False
0.053715676069259644,0.1568789846901422,False
-0.06790484488010406,-0.025744591816139473,False
0.15282991528511047,-0.10416726877357274,False
0.0043560415506362915,0.24521270584335544,False
-0.27674734592437744,0.2904836259343484,False
-0.060546875,0.12257658854280438,False
0.11812600493431091,0.1249879324653379,False
0.0021401196718215942,0.0425751751539106,False
-0.03486526012420654,-0.06411553834082145,False
-0.1955876350402832,0.46973391830902067,False
-0.040837451815605164,0.10408315857716766,False
-0.022609559819102287,-0.16639161790768336,False
-0.016008252277970314,0.019506309837570027,False
-0.14592239260673523,0.12747208806924498,False
-0.01679188385605812,-0.017887634583197382,False
-0.07780784368515015,0.08208368523897489,False
-0.2148858606815338,0.39693051628528087,False
0.2875514030456543,2.226311269599493,False
-0.060951054096221924,0.16047366689868137,False
-0.1176145151257515,0.012859224952012985,False
-0.2943613529205322,0.7868967639929071,False
-0.11421813070774078,0.10305910999024936,False
-0.011824235320091248,0.37157733531095,False
-0.028311267495155334,0.023995019889396778,False
-0.006910954602062702,0.0,False
-0.08793538808822632,0.23922483474216866,False
-0.03003154695034027,0.1335645046719065,False
0.09621213376522064,0.15184791302922562,False
0.012580424547195435,0.03912948019791762,False
-0.03149387240409851,0.21421291759588734,False
-0.012237386777997017,-0.0059307498659975175,False
-0.28900212049484253,-0.19510261384279298,False
0.006461169570684433,-0.07610258091220959,False
-0.12023790180683136,0.04894544742920516,False
0.014776349067687988,0.4972690677900453,False
0.008150866255164146,0.05072073411313117,False
-0.0498940646648407,0.20111636852661674,False
-0.18437498807907104,-0.04996984890182621,False
0.009459614753723145,0.46440460240186193,False
-0.1622401475906372,0.8835951989553417,False
-0.07857787609100342,0.21064156841026752,False
-0.05805850028991699,0.28332799319964425,False
-0.04134160280227661,0.4245910556903493,False
0.07006800174713135,-0.012963788380715194,False
-0.4252268075942993,0.5439789089310652,False
0.005707673728466034,0.01114902338611402,False
-0.14434421062469482,0.11229674668012232,False
-0.3047068119049072,0.8283283896990644,False
0.0239764004945755,0.013013259507715702,False
-0.00933748483657837,0.3951893936050914,False
-0.0027956259436905384,0.0,False
-0.40344905853271484,1.9169450564999406,False
0.017791450023651123,-0.25826939381090397,False
-0.010088587179780006,0.0,False
0.004989504814147949,0.22360086000047424,False
0.05773976445198059,0.3217178605597612,False
-0.17407748103141785,0.3039283735231669,False
-0.009489295072853565,0.0,False
-0.192335844039917,0.4795143757742991,False
-0.27397584915161133,0.538891217703059,False
0.036398857831954956,0.20570425716133456,False
-0.26921534538269043,1.2643747545902044,False
-0.14702081680297852,1.6752897234611006,False
-0.02257717400789261,0.0,False
-0.047864556312561035,0.022524340523549347,False
-0.045589566230773926,0.19047635591803652,False
0.038094401359558105,0.7465184324301164,False
-0.0067186541855335236,-0.02888770479551868,False
-0.008001089096069336,0.1245563947568572,False
-0.03836721181869507,0.25237435913451345,False
-0.0033888090401887894,-0.009916495908041367,False
0.07543833553791046,0.23233428640839504,False
0.045783720910549164,0.18699988722801208,False
0.023738205432891846,0.027636867166044188,False
-0.11931701004505157,-0.08820007508651595,False
-0.1091642826795578,-0.04931953189999727,False
0.011617302894592285,0.2987271602310929,False
0.21255409717559814,1.1239500598240952,False
-0.03976602107286453,0.11095035076141357,False
-0.0348995104432106,-0.0403478734848666,False
-0.4482123851776123,0.9020545184326706,False
0.22484040260314941,0.8215425669230069,False
-0.17396032810211182,0.37560453025707913,False
0.1995321810245514,0.3894987819262666,False
-0.037970781326293945,0.5364025989897099,False
-0.03180825710296631,-0.004937695368545714,False
0.06143486499786377,0.5048740093139619,False
-0.056430261582136154,-0.4241550832685275,False
0.15467065572738647,0.23545766237792223,False
-0.02758132666349411,-0.01903100160375269,False
-0.003832608461380005,0.11322658825680489,False
-0.0022031068801879883,0.7786957713197588,False
0.09901750087738037,0.3968360740298323,False
-0.38002583384513855,-0.12991324056394582,False
-0.06238842010498047,0.003849551116118238,False
-0.5404256582260132,0.8048551710963352,False
0.014310063794255257,0.0,False
0.002886158414185047,-0.01580020325825966,False
-0.1858772337436676,0.36674722223861017,False
-0.03260372579097748,0.18306117020215712,False
-0.023974187672138214,0.049402677068033175,False
0.18083342909812927,0.27912992487253296,False
0.0,0.0,False
-0.03192465007305145,-0.04284145658886564,False
0.05962395668029785,0.13628348040313398,False
-0.010133900679647923,-0.0034053332496257497,False
0.014570951461791992,0.0,False
-0.18314474821090698,0.20339297927379113,False
0.24712121486663818,0.4112799155120329,False
0.05087589472532272,0.10978921811689614,False
0.02045968919992447,-0.009009816363863558,False
0.0,-0.0017988542709748453,False
-0.2519521713256836,2.7783749540466367,True
-0.0004456155002117157,-0.06228510462942151,False
0.03411056101322174,0.021344586846282473,False
-0.031889185309410095,0.09148166328668594,False
-0.0019463300704956055,0.30554804734990515,False
-0.044498711824417114,0.1016528807737985,False
0.0017716363072395325,0.023127421783797758,False
-0.027618154883384705,0.13160844939355754,False
-0.049998342990875244,0.4078139069968516,False
0.05488860607147217,0.14478999958305266,False
-0.1236642599105835,0.11328268181649664,False
-0.02442258410155773,2.432909604976885e-05,False
-0.021464647725224495,0.0,False
0.08381351083517075,-0.12447867913209967,False
-0.0034830644726753235,0.0013204115675762296,False
0.009191788733005524,0.0036844585556536913,False
-0.031193427741527557,-0.036721427460236,False
-0.031072892248630524,0.10150875151157379,False
-0.0865665078163147,0.20294430926737805,False
0.018175125122070312,0.03805113813145144,False
-0.020781325176358223,-0.014816955135312983,False
0.002097487449645996,0.08767402171317246,False
0.05070757865905762,0.24224280006153515,False
-0.12279489636421204,0.1770466585928856,False
0.015537776052951813,0.004929653413080097,False
0.0561254620552063,0.3484521206234153,False
0.019452989101409912,-0.02693038204920476,False
0.008389485999941826,-0.011519420103489395,False
-0.11765217781066895,-0.052552796201372334,False
-0.043100494891405106,-0.0071538315049585605,False
0.0009102821350097656,0.4368402265805764,False
0.011229629628360271,-0.0015207578594033206,False
0.04689524695277214,0.036705073061324554,False
0.01029993686825037,-0.002016900263803527,False
0.23779767751693726,0.6742471114838593,False
-0.00867373589426279,-0.0018460008556071008,False
0.010293005965650082,0.0,False
-0.060103289783000946,0.03197215332056845,False
0.06551748514175415,0.43655791784628145,False
0.6052042245864868,1.5046074413730237,False
-0.1568208634853363,-0.03283715208085939,False
-0.03442046046257019,-0.02990379802770193,False
-0.07043001055717468,-0.009490535358267382,False
-0.10552805662155151,0.662925404888882,False
-0.02960231900215149,0.23078361586002838,False
-0.005954160820692778,0.0,False
0.008684828877449036,0.10657982048659712,False
-0.020941240713000298,-0.08084856310039498,False
-0.005220502149313688,-0.0016288923419373726,False
0.012616412714123726,0.10177037794350702,False
-0.23675361275672913,-0.10576543130320912,False
-0.3170996904373169,1.0854275200719519,False
-0.02801186963915825,0.012497649528086185,False
-0.06635168194770813,0.36714353175224623,False
0.09021146595478058,0.16317045575708589,False
-0.06309910118579865,0.06148272039852954,False
0.0030372031033039093,0.005739038344472647,False
0.0710492730140686,0.9197918278697604,False
-0.0009830270428210497,0.0,False
0.00407399982213974,-0.006325420321050284,False
-0.37270915508270264,1.0044830545783285,False
-0.43716108798980713,0.23789712075692815,False
0.01633685827255249,0.7251246609968521,False
-0.04383975267410278,-0.30720815326510187,False
-0.03808325529098511,0.4374807665574835,False
0.4480511546134949,1.0241735883710015,False
-0.11803215742111206,0.21930661474686844,False
0.0446089506149292,0.13241474330425262,False
0.02363467589020729,0.0004347156500443816,False
-0.031899161636829376,0.06736475974321365,False
-0.017812512814998627,-0.004560382725652493,False
0.09928157925605774,0.34614803812748507,False
-0.008168935775756836,0.2739576489807808,False
0.06502686440944672,0.004517062567174435,False
-0.048828378319740295,-0.015060927922323851,False
-0.07484462857246399,0.0646141453249083,False
-0.36832284927368164,0.18168786980008844,False
-0.16408663988113403,0.4419568586137426,False
-0.395499587059021,-0.05263845392959121,False
0.029850276187062263,0.0015409530606120825,False
-0.00950576364994049,-0.008830174696548418,False
-0.2494579553604126,0.04751574167753925,False
0.08384239673614502,0.2478524102514057,False
0.015537470579147339,0.05949452029542748,False
0.0009047891944646835,0.0008717112359590828,False
-0.09857549518346786,-0.04673759453489219,False
-0.17158108949661255,0.37043368293880036,False
0.05761235952377319,0.30590445658250964,False
0.027541108429431915,0.0,False
-0.008277710527181625,-0.0095805828727782,False
0.07900325953960419,0.08148439797199042,False
-0.05476805567741394,0.1270361744703796,False
-0.06220442056655884,0.46811487133546914,False
0.007691686041653156,0.019730539992451668,False
-0.1753610372543335,-0.0406447989326639,False
-0.23917561769485474,-0.04812854807418397,False
-0.22754421830177307,-0.012691382361307083,False
-0.12916678190231323,0.07391015826493705,False
0.11804398894309998,0.27810794321211163,False
0.06847545504570007,0.26381848838901567,False
0.07768240571022034,0.19350365292690133,False
-0.007593195885419846,-0.013184509652714282,False
0.015276532620191574,0.017581460224003025,False
0.09601035714149475,0.09576567979411754,False
-0.21120864152908325,-0.21878784589121916,False
0.00594685971736908,0.23965294167361956,False
-0.027113856747746468,-0.013495633707800683,False
-0.1675085425376892,0.17079823855886683,False
-0.2240586280822754,1.0698681545995956,False
0.048763472586870193,-0.017561481752669687,False
-0.28369057178497314,0.27305458860246257,False
-0.11325705051422119,-0.2723403071601509,False
-0.017168959602713585,0.026127714921208196,False
-0.047460585832595825,0.174361352044468,False
-0.010061219334602356,0.0018878482514992356,False
0.08763366937637329,-0.07553475022076134,False
-0.07536621391773224,0.07522374677404037,False
0.005908314138650894,-0.05429238679276212,False
0.03726296126842499,0.11597548033183523,False
-0.01636907458305359,0.4181756898215496,False
0.0233160387724638,0.0,False
0.1498243808746338,1.317118389233826,False
-0.06277275085449219,0.24969389174537787,False
-0.0018060695147141814,0.0,False
-0.01113757211714983,0.0003558995376806706,False
0.009371398016810417,0.0001186783192679286,False
0.01781884767115116,0.0009369802428409457,False
0.012014515697956085,-0.003234543454741422,False
-0.02359134703874588,-0.09556732164738888,False
0.01964503340423107,0.0,False
-0.19922411441802979,0.4131287421022452,False
0.014596432447433472,0.39650843141044845,False
-0.0035713952966034412,-0.008443663473953093,False
0.06954687833786011,0.06793374134525024,False
0.19048243761062622,0.559518356946282,False
-0.04531580209732056,-0.009616298459584807,False
-0.1662811040878296,0.37850300319949315,False
-0.00883440487086773,-0.01767562171754783,False
-0.0009882586309686303,0.0,False
0.010419761762022972,-0.002693565932491848,False
0.014338359236717224,0.0,False
-0.35306328535079956,0.006909345388742327,False
-0.015226710587739944,0.0007236725650727749,False
-0.015347746200859547,0.0017871392192319036,False
0.057136327028274536,0.17001643947405082,False
-0.10390287637710571,-0.03542870678859289,False
-0.3305314779281616,0.4050594519480839,False
-0.014971461147069931,2.745093843259383e-05,False
-0.13121294975280762,0.9407314261660156,False
-0.3906586170196533,1.69594316250682,False
-0.21909302473068237,-0.028755256586976377,False
-0.12762850522994995,0.33119007160587843,False
-0.8709005117416382,0.22749194056325522,False
0.08497942984104156,0.138622932507185,False
0.2533520460128784,0.6595715691456123,False
0.04116541147232056,0.09040694384142181,False
0.06265544891357422,0.1644252394719713,False
0.06148141622543335,0.5045841742550996,False
0.015322096645832062,0.14554056525230408,False
0.0012565404176712036,0.172054894277103,False
-0.0833916962146759,0.0574277025984786,False
-0.011416752822697163,0.09782585501670837,False
-0.4488811492919922,1.2503209292295074,False
-0.07284832000732422,0.7675039464757479,False
-0.04251806437969208,0.13333457100296162,False
-0.2767760753631592,0.7482923246646744,False
-0.012453556060791016,0.29840212742050926,False
0.11386287212371826,0.8341026905102278,False
-0.14477548003196716,-0.02064602708337729,False
0.09058898687362671,0.48578136542711126,False
-0.10154417157173157,0.3805883535172909,False
0.012715743854641914,0.016117224469780922,False
0.16617733240127563,0.4728003317880779,False
0.05040732026100159,0.0259636952598315,False
0.05375285446643829,0.20731534147556613,False
0.012454699724912643,0.0,False
0.1021757498383522,0.1184754851626659,False
0.031168878078460693,0.17130489541571792,False
-0.04048657417297363,0.2823490374267677,False
0.1536351442337036,0.14554993624964221,False
-0.06600204110145569,-0.09399544038761098,False
-0.19272196292877197,0.2680335266528302,False
-0.3984719216823578,-0.1357476441509954,False
-0.7164211273193359,-0.12155727216398926,False
0.0069086551666259766,0.005694058189911123,False
0.0691114068031311,0.5185708084307923,False
0.04993319511413574,1.1365126625442397,False
-0.046099212020635605,-0.051560585480583336,False
-0.020734697580337524,0.4395827089220045,False
0.026922035962343216,0.025481456890702248,False
-0.14114335179328918,-0.003388492273198729,False
-0.2953777313232422,0.024125954746546552,False
0.009889259934425354,0.04161100462079048,False
-0.0769333690404892,0.007097774886403549,False
-0.005941517651081085,0.07111868634298892,False
-0.08495032787322998,0.4193562452703509,False
-0.09938985109329224,0.6195449917492523,False
-0.042582154273986816,0.6344264155212019,False
-0.1304953396320343,0.27193175803021574,False
-0.21852931380271912,-0.11711221636438046,False
-0.0012569427490234375,0.1944245547056198,False
0.0,0.0,False
-0.09918805956840515,0.09288280592638185,False
-0.07684993743896484,1.7648823552469524,False
-0.27436643838882446,0.043398507103084544,False
-0.12116764485836029,-0.06392676847657747,False
0.020490676164627075,0.10400605077564981,False
0.11655203998088837,0.16434762780385617,False
0.07167050987482071,0.08867213632182576,False
-0.04666617512702942,-0.02244859378424713,False
-0.02790701389312744,0.5073559239603345,False
0.23453068733215332,1.321668154455946,False
-0.024135112762451172,0.36784207757588494,False
0.08410418033599854,0.34027315880975373,False
-0.15980076789855957,0.5965000307176999,False
-0.036165207624435425,0.4483877690816687,False
0.025158584117889404,0.28538690417989765,False
-0.01260019838809967,0.056745944342210974,False
-0.09783577919006348,0.0092293643986395,False
1.2462434768676758,2.582535043197566,False
-0.05195192992687225,-0.08050012771231649,False
0.05404770374298096,0.1807915189563647,False
-0.03127428516745567,-0.0030822306075013097,False
-0.14830857515335083,0.26590250271074417,False
-0.7190115451812744,0.8425548118886645,False
-0.16840672492980957,0.5128221695416977,False
-0.03242757171392441,-0.026984831568807488,False
0.03140556812286377,0.8798408019020849,False
-0.0016317367553710938,-0.002003805522098362,False
-0.0627773106098175,0.03876729025306738,False
0.02356674335896969,0.040965980274024844,False
-0.014126598834991455,0.20675312981884986,False
-0.01422548945993185,0.045181382447481155,False
-0.035399556159973145,0.11782454895932798,False
0.0035673407837748528,0.0,False
0.08986282348632812,0.3152569852000461,False
-0.45297133922576904,0.3911623925142955,False
-0.02242102660238743,-0.019567426165882373,False
0.003557756543159485,-0.012598984404939763,False
-1.0482172966003418,1.2057958887547149,False
-0.03469964861869812,0.21934916793634215,False
-0.14154283702373505,0.10619383480961747,False
-0.10669809579849243,0.0014963757903423969,False
0.09528158605098724,-0.009724085095163287,False
-0.0054795709438622,-0.006565027714697217,False
-0.040835440158843994,0.00391129330670352,False
-0.004804694559425116,9.700652299216017e-05,False
0.09037405252456665,0.4940614084151953,False
-0.044592469930648804,0.35105261856489167,False
-0.002535790205001831,0.11274497210979462,False
-0.03390800952911377,0.02363281252239567,False
-0.029454976320266724,0.23582895384690128,False
0.37180042266845703,2.933447140080686,False
-0.047086238861083984,0.6095856550384988,False
0.5867786407470703,4.277452670695241,True
-0.7009384632110596,0.3141142265081155,False
0.05047607421875,0.028495517573663642,False
-0.0012025628238916397,0.05380130186676979,False
-0.0645025297999382,0.0006588029791601002,False
0.08857405185699463,0.5497517879736408,False
-0.0788472592830658,-0.017898028495211438,False
-0.14099478721618652,1.4085726950498492,False
0.11678457260131836,3.0836821325806683,False
-0.11029714345932007,0.6554600286043206,False
-0.0009068590588867664,-0.00680166967728639,False
-0.09845441579818726,0.0884630712236947,False
-0.00970713421702385,0.002054846379905939,False
0.01787320338189602,0.019817965105175972,False
-0.12664103507995605,1.041196340390755,False
-0.06687866151332855,0.12572346179509342,False
0.45139598846435547,1.70347109557604,False
-0.09104800224304199,0.07235196332989796,False
-0.44287633895874023,0.3424119869541835,False
0.09134957194328308,0.3525897424258849,False
0.024582982063293457,0.7998253202478334,False
-0.06281262636184692,0.43791793596297496,False
-0.087095707654953,0.38637523734447377,False
-0.00994165986776352,0.01723288930952549,False
-0.019507840275764465,0.10589153319597244,False
-0.25407373905181885,0.3964590945829297,False
-0.008800690993666649,0.0,False
0.014414142817258835,-0.01293833365179027,False
0.026482276618480682,0.14760908474013787,False
-0.011540049687027931,0.0,False
-0.017943257465958595,-0.01358231868005804,False
-0.14790380001068115,0.11694442541338876,False
0.008558228611946106,0.11324853758916914,False
-0.0038351519033312798,0.0,False
0.006907215341925621,-0.02258944239999948,False
-0.007466420531272888,0.008114318363368511,False
-0.007524639368057251,-0.06726726237985722,False
0.060839295387268066,0.15755599143113302,False
0.002380087971687317,0.10404615104198456,False
-0.004851311445236206,0.29819920035072095,False
-0.01619160734117031,-0.003483473429884133,False
-0.2332432121038437,0.15043584483043085,False
0.0,0.0,False
-0.009512532502412796,0.0,False
-0.021097427234053612,-0.0031360845916360894,False
-0.021336495876312256,-0.025737626632607827,False
-0.035269543528556824,0.16163202020419837,False
0.05901642143726349,0.1664716750383377,False
0.011440113186836243,0.0036997454701081078,False
-0.003702630056068301,0.0,False
-0.01787915825843811,-0.05478722785351585,False
0.12304633855819702,0.563980767720502,False
-0.000973687507212162,-0.0030846444465026206,False
-0.2105715572834015,0.3963201930993928,False
-0.32619112730026245,0.11591040778425193,False
-0.03832890838384628,0.06812406587963497,False
-0.22710099816322327,0.05612727050922553,False
0.004562458023428917,0.04983300343155861,False
-0.00575246661901474,0.00509225856512785,False
0.03063160926103592,-0.0971115009729799,False
-0.0018131911056116223,0.0,False
-0.005038009956479073,0.03166364777645193,False
0.0,0.0,False
0.010600544512271881,-0.06446345815498848,False
-0.01961851492524147,0.0,False
0.1323162168264389,0.057118438042595025,False
-0.019100824370980263,-0.0035205043029185863,False
-0.006397845223546028,4.7444475058000535e-05,False
-0.03193138539791107,-0.18477155219131028,False
0.01852840930223465,0.0,False
0.130529522895813,0.37547220055468283,False
-0.031041370704770088,-0.02500266575711871,False
0.016067666932940483,-0.009674211876292343,False
-0.04733671993017197,0.032330509765090804,False
-0.012239688076078892,-0.003073895504200986,False
-0.007835812866687775,0.04074885211934744,False
0.17822325229644775,0.24780689200451705,False
-0.19350004196166992,0.38336152715908445,False
0.04100403934717178,-0.021533491235179794,False
0.03354102373123169,0.06621158761229057,False
-0.004665755666792393,0.0,False
-0.0076486761681735516,-0.002983226274444544,False
-0.011455263942480087,-0.04562969289597617,False
0.19070208072662354,0.9980534530964279,False
-0.31661057472229004,0.35193286281552644,False
-0.003791607916355133,0.0,False
-0.018399380147457123,-0.022265835815093653,False
-0.11831489205360413,0.3358143309391616,False
-0.5467476844787598,2.59602507144325,False
-0.3212249279022217,2.2255182445523447,False
-0.39371418952941895,-0.2669473763944714,False
-0.008514699526131153,-0.010211426919067363,False
-1.2103428840637207,-1.0759611775266422,False
-0.04597166180610657,0.13585436012239666,False
-0.007573277689516544,0.0,False
-0.07848071306943893,0.007758905432108276,False
-0.05528971552848816,0.06508614492372625,False
-0.000989828142337501,0.0,False
-0.0723617672920227,0.33810425019931334,False
-0.03398922085762024,0.19135111995150014,False
0.13899320363998413,0.5855398111647563,False
-0.011470193043351173,0.0,False
-0.16134727001190186,0.03434530349057745,False
-0.003351401537656784,-0.014522172723428508,False
0.0729093849658966,0.11087863564682826,False
-0.04495915770530701,0.14064394619414117,False
0.16278398036956787,1.158688721184095,False
-0.0019089801935479045,0.0,False
0.16484001278877258,0.30054899485968956,False
-0.01674863137304783,0.0,False
0.26982712745666504,0.6189341949521809,False
-0.023150235414505005,0.10907483280599382,False
-0.1059221625328064,0.1890590628145803,False
-0.008610007353127003,-0.005466057053908192,False
0.08446094393730164,0.07416492171775108,False
0.03432345390319824,1.675297475542846,False
-1.035771131515503,0.327181181239137,False
-0.23369160294532776,0.020707333086802712,False
-0.14243215322494507,0.014555164262655018,False
0.024071305990219116,0.09412079932957704,False
0.3625720739364624,1.2725388566887272,False
-0.03250880539417267,-0.19784535099344858,False
-0.6346916556358337,-0.5760798454960208,False
-0.007626946084201336,-0.014441260649722594,False
0.027465268969535828,-0.013147619418965747,False
-0.1108144223690033,0.3671916289235222,False
-0.5208550095558167,-0.3805114170470574,False
-0.0009652393055148423,0.0,False
-0.043842852115631104,0.296886100766456,False
0.13696521520614624,0.3533301223111486,False
0.10437147319316864,0.02892531523790802,False
0.0026932843029499054,0.058920372277498245,False
-0.5578434467315674,0.716848907944077,False
-0.12480032444000244,0.47887534133349596,False
-0.9580134153366089,-0.1893947032908041,False
-0.07459446787834167,-0.010962121761937338,False
-0.021205101162195206,-0.0025618020395529375,False
-0.5142977237701416,1.841365518367267,False
-0.00783684104681015,0.0,False
0.2228548526763916,1.2629238774675544,False
-0.03062940388917923,0.05824655294418335,False
-0.062293410301208496,1.2645761598753718,False
0.2573041319847107,0.973483026512734,False
-0.001994101330637932,0.00029160783742554486,False
0.07316303253173828,0.26066316108881227,False
0.29286932945251465,1.1702532107504469,False
-0.07773952186107635,0.04896055279924314,False
0.04190802574157715,0.12936522858076227,False
-0.0170392245054245,-0.141348201100468,False
0.05323955416679382,0.4661582108517485,False
0.043039470911026,0.05835056704744965,False
0.03265615552663803,0.03830868378281593,False
-0.12051337957382202,0.40834285915655033,False
-0.132906973361969,0.46044175381911295,False
0.1491800844669342,0.5664495455729174,False
0.012692838907241821,0.32611394964089513,False
-0.7382581233978271,0.1581285322616826,False
-0.1253294050693512,0.19339051234129595,False
0.11890965700149536,0.31768585986766995,False
0.10275202989578247,0.734132908189791,False
0.04727339744567871,1.1746149218831965,False
-0.0009453501552343369,0.0,False
-0.020322367548942566,-0.039405273369045944,False
-0.06809031963348389,-0.05100986597367589,False
-0.36004436016082764,0.3581894108054383,False
-0.150002121925354,0.638037505660724,False
-0.06250032782554626,0.0291055826341866,False
-0.037353936582803726,-0.06591741341321342,False
-0.5086236000061035,1.957690667798636,False
0.03880700469017029,0.09165383649108641,False
-0.17754551768302917,0.2203672939030535,False
-0.0008607644704170525,-0.003248174756839061,False
0.17525775730609894,0.444730631761473,False
0.01229756698012352,0.005262819539773762,False
0.014070304110646248,-0.013746007219223064,False
-0.0594286173582077,0.013995242419392241,False
-0.002833976875990629,5.1888226153096184e-05,False
0.01958286762237549,0.3378235979405876,False
-0.004639710299670696,0.002574062906205654,False
-0.1528366506099701,-0.16789407264249623,False
0.11780160665512085,0.504363333460166,False
0.05956459045410156,0.9399492723191835,False
0.1917998194694519,0.7486997840685415,False
0.00911901518702507,0.0001255159149877727,False
-0.1394425630569458,0.07638396453621334,False
-0.031226778402924538,0.0036633640993386507,False
0.21862155199050903,0.8809307218052778,False
-0.10020202398300171,0.18720493024836493,False
0.014290496706962585,0.21107482602525818,False
0.18466049432754517,0.24496816846490946,False
0.008289068937301636,0.3034723964152909,False
0.24508243799209595,0.5725685926721322,False
-0.0016488659894093871,0.0,False
-0.24930858612060547,1.2852457720485853,False
0.03460925817489624,0.035454212195925816,False
-0.22433292865753174,0.062155168444669506,False
-0.20088881254196167,-0.000386846912431682,False
0.10434812307357788,0.4793098272396797,False
0.01754637062549591,0.016126543324217278,False
0.08451536297798157,0.3098728588512846,False
-0.09211170673370361,-0.14454244870269034,False
0.013890191912651062,0.13562535024661576,False
-0.014416773803532124,-0.054860714489927326,False
0.015623952262103558,0.0,False
-0.01735740900039673,0.559157896349057,False
0.04796968400478363,0.1058270258649889,False
0.012331548146903515,-0.03392831759037311,False
-0.0471462607383728,0.07162784122666538,False
0.03237827122211456,0.08660761740352305,False
0.018955513834953308,-0.005924191898589259,False
-0.9437109231948853,0.8594187081028241,False
-0.004851927049458027,0.0,False
-0.08921758830547333,0.02190406181838553,False
-0.012827932834625244,0.7873535556351454,False
-0.16978897154331207,0.1337312410569761,False
-0.11621594429016113,0.9431440885017321,False
-0.008984841406345367,0.03720889044162364,False
-0.009405180811882019,0.013056451454758644,False
0.0380835235118866,-0.0050825607438971625,False
-0.10356682538986206,0.40076984635936247,False
0.09069560468196869,0.30803870512752207,False
0.031177818775177002,0.3295131315024416,False
-0.15065962076187134,0.19699677915855998,False
-0.0019936084281653166,-0.006399592087379857,False
-0.012781798839569092,0.7095705247319618,False
0.029685385525226593,0.13725291033415293,False
5.8025121688842773e-05,0.010282110136976727,False
0.0851791501045227,0.8129382935508417,False
-0.023728609085083008,0.16928212283689645,False
-0.035049259662628174,0.2886303633813912,False
-0.008851028978824615,0.0013283371226862073,False
-0.01691422611474991,0.020880242629123743,False
-0.04876924306154251,0.05832643099167479,False
-0.0978640466928482,0.143287138928241,False
-0.0009622593643143773,0.0,False
0.061160653829574585,0.15245333393148253,False
0.0017802529036998749,0.0030446847546517844,False
-0.0019112448208034039,0.0,False
-0.09034359455108643,0.2842257767940608,False
-0.004849482327699661,0.0,False
0.0055599212646484375,-0.0038992912800656604,False
0.037324827164411545,0.006556250456336468,False
-0.11823564767837524,0.2709419383579066,False
-0.3477745056152344,0.022102086130220078,False
-0.0188917126506567,0.000579331477638334,False
0.008059296756982803,-0.018396367351359424,False
-0.0018085942137986422,-0.002239200150439391,False
-0.004642389714717865,0.03521461721874258,False
-0.09180223941802979,0.6855752997749205,False
-0.02406524121761322,0.16068392496193604,False
0.02511143684387207,-0.010969101817530275,False
-0.015409711748361588,0.0,False
0.009843779727816582,-0.017617444650137096,False
0.3483167886734009,1.129913084227253,False
0.010955030098557472,0.13963478803634644,False
-0.042855970561504364,0.09763050388999651,False
-0.13667955994606018,0.09208335415307572,False
0.009369311854243279,-0.009971190112375876,False
0.0005345344543457031,0.877663583849424,False
0.015811951830983162,0.0,False
-0.15746855735778809,0.7479541378954196,False
-0.20946043729782104,0.09128340565522136,False
0.021868117153644562,0.22761657633679339,False
-0.07077129185199738,-0.038267730603523176,False
-0.027753561735153198,0.1478897986132966,False
-0.09314244985580444,0.43153584386275684,False
-0.0006357133388519287,0.23906488140774762,False
-0.010653331875801086,0.08510446623535224,False
-0.132840096950531,0.28562943405295504,False
-0.0396023690700531,0.12881478270743443,False
0.25708818435668945,1.0649174771481902,False
-0.03384748101234436,0.03005778649142886,False
0.07763102650642395,0.25157483004292486,False
0.049551598727703094,-0.020500429120214467,False
0.15160559117794037,0.3603012860588544,False
-0.26035916805267334,1.2725486455582833,False
-0.018513504415750504,0.0002721714263316244,False
0.1133805513381958,0.26512511134101635,False
0.007015138864517212,0.1688012182855368,False
-0.05749969556927681,0.012128651199138779,False
-0.21606720983982086,-0.1826759121769409,False
-0.01432252861559391,-0.039997183361925974,False
-0.006864696741104126,-0.002469482413296281,False
0.0041822344064712524,-0.007555654475435906,False
-0.005725763738155365,0.0,False
-0.1932469606399536,0.9791001529214135,False
-0.04039967060089111,0.21804445842454476,False
-0.9956402778625488,0.5846913753948031,False
-0.03272281587123871,-0.038343521707289135,False
-0.0313052162528038,-0.02433780541825418,False
-0.026008576154708862,0.17217616735867677,False
0.021049916744232178,-0.038879072155521444,False
0.10463666915893555,0.8398409790759624,False
-0.011706575751304626,0.23408274259948172,False
-0.07165133953094482,0.7478325039097415,False
0.11726117134094238,0.7955022262497542,False
-0.02437281608581543,0.08519866546409127,False
-0.06150883436203003,0.04446876662638907,False
-0.010243689641356468,0.021729383848237378,False
0.05529463291168213,0.23613838901704995,False
-0.022386394441127777,0.06925466221305693,False
0.02407817356288433,0.0,False
-0.006911788135766983,0.001052966108545661,False
-0.009565276093780994,0.0,False
-0.017620107159018517,1.4348627701110672e-05,False
-0.07365386188030243,0.06009010598063469,False
0.005797825753688812,6.443250458687544e-05,False
-0.026928335428237915,0.01404935272407781,False
-0.00795989204198122,0.0,False
-0.0038090080488473177,0.0,False
0.2885996997356415,0.777657314067453,False
0.8002500534057617,1.6843643194354985,False
1.4621706008911133,3.807270325898633,False
0.5351477265357971,1.5323446485475933,False
0.36672163009643555,5.062152603580377,False
-0.009584569372236729,0.0012651572469621897,False
-0.045916713774204254,0.005905496887862682,False
0.07436180114746094,1.566258425631334,False
-0.0009455124964006245,0.0,False
0.07637083530426025,0.05732422823794637,False
0.026811402291059494,0.04192828776076686,False
0.3259967565536499,0.9113270331650607,False
0.021074166521430016,-0.0006754387686916043,False
0.11425477266311646,0.4995653741561375,False
0.02039768360555172,0.037946708500385284,False
-0.6895447373390198,-0.052130923975439336,False
0.044011883437633514,0.0,False
-0.5512796640396118,0.1933610691975156,False
0.24195706844329834,1.9644722728570532,False
0.007997965440154076,-0.007131951545185925,False
0.026699796319007874,0.09323874789678183,False
-0.04400881007313728,-0.002445178684957937,False
0.14770710468292236,0.31856011073425383,False
0.0512353777885437,0.5225802698206801,False
0.03716897964477539,0.8707970953498428,False
0.6467418670654297,3.3330342943404156,False
0.007415919564664364,0.0,False
-0.030070625245571136,0.003586310054666862,False
-0.018866144120693207,0.2967203115856058,False
-0.16212445497512817,0.6268459872703053,False
0.1904311180114746,1.1597017990597491,False
0.06183654069900513,0.6681744835428884,False
0.0536765456199646,0.35783962624491367,False
-0.14392933249473572,0.2757277402247188,False
-0.030886072665452957,-0.013923625697085856,False
-0.08374029397964478,0.18061238481345848,False
0.017570041120052338,0.07546319014350661,False
0.0318906307220459,0.2801477365643134,False
0.06859885156154633,0.004199183899087133,False
-0.1459917426109314,0.02861938811838627,False
-0.018082059919834137,-0.008829241868354902,False
-0.06170654296875,0.008847224526107311,False
-0.001852941233664751,0.0,False
0.014667488634586334,-0.005359160173417998,False
-0.20450332760810852,0.0037973872385919094,False
0.0003821384161710739,0.0,False
-0.16122952103614807,-0.013392194532979664,False
0.017693107947707176,2.161910742870532e-05,False
-0.009423259645700455,-0.0065550082726481464,False
0.00019121170043945312,0.27205437611615874,False
-0.038518115878105164,0.091562682416773,False
0.0,0.0,False
0.3202627897262573,1.6048520804587936,False
-0.28829336166381836,0.5970967851018821,False
-0.567859411239624,0.6854733544035451,False
-0.47990715503692627,0.5296754921786958,False
-0.5387691259384155,1.0062419444451562,False
-0.40611934661865234,0.6492453119569299,False
-0.01964951492846012,-0.03385333574903903,False
-0.15561270713806152,0.8926956959133342,False
-0.23593676090240479,0.7986229331080138,False
-0.05147135257720947,-0.3420528704019071,False
0.0032467693090438843,0.2009707491890425,False
-0.0595887117087841,-0.0006056208582117494,False
0.027443736791610718,-0.0065624660047589175,False
-0.03393623232841492,0.0009251138544641435,False
-0.03512027859687805,-0.04704968726125758,False
-0.1142650842666626,0.5082010071660308,False
0.020110584795475006,-0.002003187902224872,False
0.0,0.0,False
-0.5791959762573242,1.3373862111869317,False
0.012494763359427452,0.00825712364166975,False
-0.013716569170355797,0.012894885614514351,False
-0.0010015727020800114,0.0,False
-0.010272844694554806,3.2644638849888e-05,False
-0.003928682766854763,0.0031014778651297092,False
-0.005743231158703566,0.0008176814299076796,False
-0.01449393667280674,0.0,False
-0.9306595325469971,2.3715431956417374,False
-0.003820528509095311,0.0,False
-0.0169551819562912,0.002104245126247406,False
-0.005668145604431629,-0.001669644053403537,False
0.029009029269218445,0.015628166496753693,False
-0.3035188317298889,0.6209435171417526,False
-0.011035822331905365,0.0787583515048027,False
-0.11672517657279968,0.10475169311166488,False
-0.29422521591186523,1.879192427602665,False
-0.004625388421118259,0.0,False
-0.14326447248458862,0.1710350265374686,False
-0.051609426736831665,-0.03209767497413291,False
0.012821108102798462,-0.006745986081823518,False
-0.1102994978427887,0.010498303097571708,False
-0.11539554595947266,0.1337586968930783,False
-0.23953020572662354,0.5867227757999662,False
-0.365370512008667,0.8859692399378725,False
-0.012703150510787964,-0.024116836462482732,False
0.008351890370249748,3.277556970715523e-05,False
-0.006480012089014053,-0.017084403699178425,False
-0.0028738733381032944,0.0005702547496184707,False
-0.05139682814478874,-0.013967834654868418,False
-0.09866738319396973,-0.12543871796903305,False
-0.009111317805945873,-0.01658966448815339,False
-0.017349854111671448,-0.004262546207260185,False
0.40222835540771484,3.1974230965218786,False
-0.22102782130241394,0.2652341883944046,False
-0.7463092803955078,0.8995359039905286,False
-0.3690972328186035,0.6352091816488823,False
-0.007041029632091522,0.010376161895692348,False
-0.6162440776824951,0.6916910863846437,False
-0.14360098540782928,-0.011041638747663925,False
0.07763561606407166,-0.05082316415072527,False
-0.14112424850463867,-0.008874524392105617,False
0.6829416751861572,3.117763928662569,False
0.036614418029785156,1.3169782319462626,False
-0.5305740833282471,0.556568621959749,False
0.13197898864746094,3.863501530366534,False
-0.054016709327697754,-0.0235836202535699,False
-0.765009880065918,3.2700165916812596,False
-0.8747766017913818,1.142428794735752,False
0.0768645703792572,0.13149536540810497,False
-0.35674381256103516,0.31384454332283673,False
-0.0005178451538085938,0.30501569099831166,False
-0.08439522981643677,-0.004690113278368213,False
-0.4621882438659668,2.074673736442385,False
0.04146825522184372,-0.026050696621735914,False
-1.09744393825531,-0.32886995672817454,False
0.1260671615600586,1.1332057757544476,False
-0.07246574759483337,0.0038669828791171312,False
0.07027937471866608,0.1641260036228307,False
-1.6951265335083008,0.7791944350469382,False
-0.0045809075236320496,0.11803316324949265,False
-0.02215316891670227,0.2730683759398687,False
0.014331955462694168,0.0003189946000929922,False
-0.501187801361084,1.7827936771389115,False
-0.2805870473384857,-0.020596017279299432,False
-0.10716784000396729,-0.20044327938867315,False
-0.2218666672706604,0.30307881480433185,False
-0.0016648545861244202,0.0068787396885454655,False
-0.36315953731536865,0.14584225724590616,False
-0.11773133277893066,0.04745799525689126,False
0.04050898551940918,0.03087013214826584,False
-0.019462937489151955,0.0,False
-0.6316483020782471,0.763443128588221,False
0.8644213676452637,3.287242732946151,False
-0.06412960588932037,-0.024335559902388074,False
0.029584743082523346,0.00032839615596458316,False
0.07334178686141968,0.05835825085254839,False
0.03287677466869354,0.01802315128962681,False
-0.24972617626190186,0.2857912612628477,False
-0.19438904523849487,0.21881835851364584,False
0.07018628716468811,0.1694363550139135,False
-0.16316011548042297,0.1828744263530573,False
0.06886813044548035,0.2174337325508751,False
-0.10258293151855469,0.2191775676291426,False
-0.24897241592407227,0.9067264892779081,False
-0.11603149771690369,0.16680002006488467,False
-0.06058040261268616,0.30700450689086856,False
-0.2038809061050415,0.8033576776420563,False
0.01150447130203247,0.33022767193691804,False
-0.18226957321166992,0.968610928161121,False
-0.1679472029209137,-2.0703290298181054,False
0.012493981048464775,0.0,False
0.011688824743032455,0.00038127225707285106,False
0.014831606298685074,0.0,False
0.04846644401550293,2.0945251017945967,False
-0.004693602677434683,0.0,False
0.0,0.0,False
-0.2747814655303955,0.961508871700522,False
-0.33109164237976074,1.6206159890404614,False
-0.2816135883331299,0.5439537387395477,False
0.00651814229786396,0.01891583147878271,False
-0.019642770290374756,0.002978288850978471,False
-0.04050225019454956,0.728313167475884,False
0.0028600217774510384,0.0,False
0.0017913198098540306,-0.009244584326062327,False
0.006139010190963745,0.20507346923384914,False
0.01377519778907299,0.016804341716708998,False
0.03099418431520462,0.07171809777941063,False
0.023367147892713547,0.05778206616927171,False
0.00524105504155159,0.027602897956967354,False
-0.006270796991884708,-0.006670014525222821,False
-0.000979625852778554,0.0,False
-0.020200004801154137,0.0,False
-0.011471560224890709,0.0,False
0.06352051347494125,0.13695106744314905,False
-0.024844065308570862,0.1212065437934206,False
-0.03190350532531738,0.33823254286984056,False
0.0224984809756279,0.034813275991511176,False
-0.05094607174396515,0.11222176687800048,False
0.12076470255851746,0.34101445347961284,False
-0.05349695682525635,0.006649579811559114,False
-0.023882031440734863,0.7698817311826356,False
-0.20021653175354004,1.0768348678025625,False
-0.008006333373486996,0.00792013481259346,False
-0.08981934189796448,-0.07686561915254675,False
-0.12750893831253052,0.020945144243947,False
-0.007421461865305901,0.0,False
0.003960251808166504,0.22452211395801275,False
0.007911071181297302,-0.024980604845370492,False
-0.01584121584892273,-0.0045907649487207875,False
-0.016149885952472687,0.0,False
-0.010034799575805664,1.6403943298119996,False
-0.03858429193496704,0.5744225554064817,False
-0.02197374403476715,0.059554689065506414,False
0.06828707456588745,0.08512475357346849,False
-0.14881229400634766,0.13886637427308857,False
0.03607216477394104,0.17910777588920124,False
-0.04809559881687164,-0.09683867803450968,False
-0.09368515014648438,0.1261533871361459,False
-0.00944933295249939,0.2176025739133065,False
0.00427013635635376,-0.0021752373169808548,False
-0.049281537532806396,0.10940700274154291,False
-0.05017164349555969,0.09265157417089916,False
-0.03955410420894623,0.0012825893936678767,False
-0.0040014879778027534,0.0,False
-0.012426819652318954,-0.011356877440603302,False
-0.0037567615509033203,-0.025362444260273426,False
-0.0579134076833725,-0.009164556265813775,False
0.18682575225830078,1.4702997860727394,False
0.010985180735588074,-0.010586875710532184,False
-0.05168268829584122,-0.04803894747909479,False
0.497996985912323,0.6970902877222052,False
-0.1364496946334839,0.185020871252298,False
-0.012420658953487873,0.0,False
0.030581358820199966,-0.0015135842262844054,False
-0.010955661535263062,0.24308623685701441,False
-0.22659754753112793,0.6693046315000566,False
0.014767974615097046,0.009991633136088064,False
0.02558058127760887,-0.02365429740955985,False
-0.0018231139983981848,1.1935352631553542e-05,False
0.0441625639796257,0.05401618139172304,False
-0.004090219736099243,-0.04108314241113659,False
-0.005701975431293249,0.0,False
-0.0876421332359314,-0.26319085560085664,False
-0.02089366503059864,-0.03690856498905376,False
-0.17591333389282227,0.9322769783338736,False
0.07922375202178955,0.35412840606638807,False
-0.01656733825802803,-0.024870376110852254,False
-0.01916596293449402,-0.02870465017526129,False
-0.03012969344854355,0.06903222069255271,False
-0.002988615073263645,0.0,False
0.0,0.0,False
-0.01588694006204605,0.02710639483349452,False
-0.25924766063690186,0.5488368647184425,False
0.0033591222018003464,-0.020604391620728763,False
0.5565683841705322,3.9780382182588245,False
-0.0008595566032454371,0.008133573457598686,False
-0.10772359371185303,0.13407309671011935,False
-0.19356834888458252,0.5537018227254422,False
0.05307340621948242,0.8257239659163013,False
0.0,-0.006170620795311986,False
-0.015176146291196346,0.00963100250899939,False
0.0004750005900859833,0.0007617405499331653,False
-0.07830369472503662,0.0024366548169505453,False
-0.005461215972900391,0.7320363421277238,False
-0.020080411806702614,0.0012163566425442696,False
0.011762694455683231,-0.03222855490782883,False
-0.005581296049058437,0.01790335215628147,False
0.014098236337304115,-0.04743659834041446,False
0.02755398117005825,-0.027344635037247454,False
0.025865960866212845,0.0,False
0.012900719419121742,-0.0010169546904208512,False
-0.07841354608535767,-0.002212548423568772,False
0.03785397857427597,0.09313130033810502,False
-0.0017031431198120117,0.7641503463756509,False
-0.01033264771103859,-0.0023705862434046376,False
0.06317026913166046,-0.012500205165488172,False
0.05261200666427612,0.09206093344616313,False
0.009439323097467422,-0.01637532142487453,False
0.008537128567695618,-0.035195505435298854,False
0.07550191879272461,0.05712665629069419,False
0.12290552258491516,0.17910318750487375,False
0.22877074778079987,0.4717562003116953,False
0.01642920821905136,-0.03597225473103521,False
0.006557293236255646,0.0026760082691907883,False
-0.06437823176383972,-0.021956379436365657,False
0.10131056606769562,0.176979965532911,False
-0.11010421812534332,0.09195671772581668,False
0.0064497217535972595,0.07075313537827178,False
0.08199501037597656,0.06884250977001788,False
0.012922041118144989,-0.017375000237466468,False
0.010600149631500244,0.26120887031963375,False
0.0024914704263210297,-0.0028568305261337267,False
-0.0558285117149353,0.07159027782266589,False
0.06694492697715759,0.37180538021022724,False
-0.07210449129343033,0.027280782749198255,False
0.03711266815662384,0.05387160435051757,False
-0.1233387291431427,-0.007429108039956389,False
-0.007273644208908081,0.05562774975829547,False
0.07227307558059692,0.3368052818293173,False
-0.07914695143699646,0.26753605438428424,False
-0.01960587501525879,-0.0038521051680456553,False
-0.003708066651597619,0.0,False
-0.05798855423927307,0.08199123536483689,False
0.04283398389816284,0.534061398275629,False
0.012675166130065918,0.13004299214671264,False
-0.1424100399017334,0.4284401781382379,False
0.03162872791290283,0.2032559577638363,False
0.0,0.0,False
0.11586010456085205,0.9195488111186625,False
-0.00745449960231781,-0.04645844575019996,False
0.10226693749427795,0.5389120126143098,False
0.006294954102486372,-0.010415490551439406,False
0.3011007308959961,1.0596795439156002,False
0.03212419152259827,0.17261848558704163,False
0.07480663061141968,0.5300838986080065,False
0.1513456404209137,0.2505460662036816,False
-0.0007607340812683105,0.13991057607699015,False
0.011938914656639099,-0.014712799112196376,False
0.04794049263000488,0.08658443718909672,False
0.17682206630706787,0.7325226318351634,False
0.029460370540618896,0.09440609330844783,False
-0.016353201121091843,0.038158864122770565,False
-0.14681577682495117,0.05848487627976812,False
-0.012365922331809998,0.07093275486644761,False
0.03448411822319031,0.259285718182644,False
0.038712650537490845,0.18250009311711876,False
-0.007952332496643066,0.41500380852345453,False
-0.00566636398434639,-0.0195241557218587,False
0.3452327251434326,0.8637525259651039,False
0.02211807668209076,0.00745577795130257,False
-0.04124927520751953,0.5963633289425987,False
0.09801754355430603,0.3122436256526906,False
0.08577930927276611,0.5594760523719353,False
-0.09301327168941498,-0.034376413346148695,False
-0.0011639595031738281,0.14334363782576587,False
-0.029804974794387817,0.26051147521599005,False
-0.0008234791457653046,-0.051179240115601016,False
-0.1764228790998459,0.004727029859765197,False
-0.14853572845458984,0.27998217455257646,False
-0.0010126115521416068,-0.012496754253163092,False
0.07213297486305237,0.2342738366072853,False
-0.014019191265106201,0.3465035828783487,False
-0.012716423720121384,-0.00035057648304956217,False
0.007386230863630772,0.0027211070992052555,False
-0.01225399598479271,0.0,False
0.018545500934123993,0.003068429883569479,False
-0.34732282161712646,0.7803940636950998,False
-0.0029999669641256332,0.00044284891919232905,False
-0.07904654741287231,-0.0041052204292316395,False
0.0207291841506958,1.0580298259557863,False
-0.03774869441986084,0.2469662921814335,False
-0.9449596405029297,1.7721835563935593,False
0.02086678147315979,0.16213483802299772,False
-0.022362709045410156,1.82101635947551,False
-0.03733797371387482,0.0035018485395824535,False
0.006234157830476761,-0.047594508102156596,False
-0.01155233383178711,0.882702314637311,False
0.0035997629165649414,0.4372780686901334,False
-0.017814815044403076,0.12389545886877772,False
0.017879709601402283,0.0,False
-0.009441887959837914,0.0,False
-0.11380146443843842,-0.006236322576587024,False
0.036103762686252594,-0.05575067227271194,False
-0.003293987363576889,-0.10290526837353256,False
-0.005475431680679321,-0.018691083878489015,False
-0.4432413578033447,0.7659977416632633,False
-0.2194303274154663,-0.11984738046295018,False
-0.8202266693115234,1.5107136893175577,False
-0.14402079582214355,0.3368943432055081,False
0.03369052708148956,0.06677919025341406,False
0.07495355606079102,0.9122738229474576,False
-0.019341133534908295,-0.016642163907841734,False
-0.03225266933441162,0.574132867668145,False
-0.023119211196899414,0.18875036091176645,False
-0.0996100902557373,-0.07918038085179206,False
0.23766553401947021,0.9969387517069916,False
0.012523651123046875,0.4893600419776012,False
-0.09493821859359741,0.24091292265723802,False
0.11005240678787231,0.8311848935702415,False
-0.04039457440376282,-0.11980930012976648,False
-0.2602394223213196,0.39091850699214753,False
-0.37567806243896484,0.8780569619734169,False
0.008342583663761616,0.0,False
-0.024184662848711014,-0.02029942213668173,False
0.020213503390550613,0.08434959455728525,False
-0.009669363498687744,0.21038319604139494,False
-0.07633179426193237,-0.015037577447765849,False
-0.006421202793717384,0.0,False
0.2195194959640503,0.19050016172103793,False
-0.0013267695903778076,0.11527710810660163,False
0.047611236572265625,1.0866350938028126,False
-0.16613280773162842,0.1715179632744887,False
-0.0019723190926015377,0.0,False
0.0027928203344345093,-0.07707949235947718,False
-0.022487089037895203,0.24583615362644196,False
0.0,0.0,False
0.010088503360748291,0.4572736921279954,False
0.02058298885822296,-0.00898328720993807,False
-0.14358460903167725,0.25355170963484475,False
0.060004353523254395,0.3088116089954298,False
-0.7054265737533569,0.6881532713062435,False
0.012314796447753906,0.5701486603062055,False
0.44554197788238525,0.5829664493698908,False
-0.2781878411769867,-0.2929305481628157,False
-0.2832745313644409,0.05913068505652341,False
-0.5598148107528687,0.6943873625029686,False
-0.09853586554527283,0.1641346144299257,False
-0.18140952289104462,-0.055441652470048224,False
-0.005428671836853027,3.6752073356183246e-05,False
-0.03506843000650406,-0.028194368418599666,False
-0.17937219142913818,0.2931947688673361,False
-0.06335842609405518,0.03678985855104211,False
-0.011721320450305939,0.012125963412687658,False
0.07294100522994995,0.10879127127491947,False
0.21290481090545654,0.47944627466336465,False
-0.28203654289245605,0.04188813091374627,False
0.01623346284031868,-0.016068282818758595,False
-0.008557531982660294,-0.0034737313420867906,False
0.03898473083972931,0.003380943089723587,False
-0.014519695192575455,-0.017161532268717552,False
0.04802238941192627,0.3387435520345661,False
-0.022202858701348305,-0.03833897993156936,False
-0.010443408042192459,-0.03588796662443147,False
-0.21125853061676025,0.09215784824685602,False
-0.4029463529586792,1.0704363616999928,False
-0.0009605667437426746,0.00014783463848289102,False
-0.05469188839197159,0.16247565388343596,False
-0.0074465349316596985,-0.009462073991218787,False
-0.08337125182151794,0.24636919646458078,False
-0.03926161676645279,-0.06549954553081626,False
-0.07304522395133972,0.17348968819904947,False
0.003668643534183502,0.04233595902126717,False
-0.12413200736045837,0.15379819623251934,False
0.05151408910751343,0.6074650953151154,False
0.01770952343940735,0.186937542444892,False
-0.3138759136199951,1.768459537476324,False
-0.15034699440002441,0.540466623100268,False
-0.061918824911117554,0.17955561466525727,False
-0.010528258979320526,-0.007714674545371201,False
-0.715656042098999,0.3116941210967181,False
-0.027230415493249893,0.0005677363369613886,False
-0.018120020627975464,0.025353142082123054,False
0.180436372756958,0.22502843585367013,False
-0.03465080261230469,-0.0031793442280247594,False
-0.042700886726379395,0.2805467497510955,False
-0.06561998277902603,-0.007845503050573653,False
0.15586566925048828,1.201546329698914,False
3.0257537364959717,3.5950080508882016,True
-0.14784157276153564,0.35847138536920514,False
-0.27820199728012085,0.41311108504103183,False
-0.2491413950920105,0.6513671736131608,False
-0.42371898889541626,0.001083617564290762,True
0.007783061824738979,0.03746001367303539,False
0.07994979619979858,0.6283154692664528,False
-0.015377134084701538,-0.08277377451938232,False
0.017880558967590332,0.06517650997369007,False
-0.046505123376846313,0.11742885669211715,False
-0.0012355595827102661,-0.011318938763897807,False
-0.05880657583475113,-0.0021181359459674616,False
-0.1340194195508957,0.13324471503304125,False
0.06267576664686203,-0.0053214700193809986,False
0.18701457977294922,3.4394400090850805,False
0.0,0.0,False
-0.0634102076292038,0.046595659654006284,False
-0.08346974849700928,0.18319269837760732,False
-0.09965050220489502,0.40150510467137324,False
0.023563385009765625,0.42861595615436016,False
0.06753766536712646,0.08755151419247656,False
-0.038340479135513306,0.08615036972637,False
-0.015406444668769836,0.11390641780628624,False
-0.012558355927467346,-0.013099512493643016,False
-0.02481413446366787,-0.003202411916172608,False
0.037933290004730225,0.7921462773633958,False
-0.0018177612219005823,0.0,False
-0.01369194034487009,-0.008568417067659241,False
0.01388905942440033,0.12603698176857295,False
-0.010548263788223267,0.14728049721676773,False
0.02096976339817047,-0.0028872014291621093,False
-0.011094287037849426,0.02841774508792641,False
0.017649667337536812,0.0,False
0.009662125259637833,0.01158838625997305,False
0.08188295364379883,2.2378079601595804,False
0.08275026082992554,0.5180175681883902,False
-0.00432935357093811,0.08640062808990479,False
0.02227167785167694,0.1409269221054559,False
-0.03929418325424194,0.06919538974761963,False
-0.0008817158523015678,0.0,False
-0.00664915144443512,0.09108595870418684,False
0.0,1.774659176589921e-05,False
0.04538495093584061,0.0,False
0.0,0.0,False
-0.0038768346421420574,0.0,False
-0.07895851135253906,3.7375960220175775,False
-0.12347722053527832,1.5720189758673935,False
0.00562743004411459,0.0,False
-0.002845741342753172,0.0,False
-0.030643539503216743,0.0,False
-0.0009351543267257512,0.0,False
-0.022302167490124702,0.0015741023235023022,False
-0.0008078046957962215,0.0,False
-0.013037391006946564,0.10889720171689987,False
-0.12478705495595932,0.038576142380420654,False
-0.011796247214078903,0.07492433684240521,False
-0.875551700592041,2.5547820271776547,False
-0.02256748080253601,9.074570698430762e-05,False
-0.36116743087768555,0.8040399979329609,False
-0.008229786530137062,0.0033906218595802784,False
-0.038403838872909546,-0.010840703926305395,False
-0.05334830284118652,1.415151148548748,False
-0.16234570741653442,-0.05435916928595563,False
0.033448196947574615,-0.00914386377878424,False
0.013270734809339046,0.0,False
-0.06071174144744873,0.3333253168259107,False
0.4083430767059326,1.9453053779826885,False
-0.037068501114845276,0.10727075913563093,False
-0.12326556444168091,0.07894498578275833,False
0.3759499788284302,1.2886909923099306,False
-0.0010131525341421366,0.0,False
-0.004713769536465406,0.00024383282288908958,False
-0.011038977652788162,0.0006082725012674928,False
0.03527584671974182,0.06680255471738017,False
-0.07609143853187561,-0.02152566431011417,False
0.004222255200147629,0.025988434609233696,False
-0.040258362889289856,0.07641933324859393,False
-0.013869374990463257,0.007279738852021326,False
-0.016156315803527832,0.5680755572018706,False
-0.04686552286148071,0.4000597463410589,False
-0.08519379794597626,0.00416735623055467,False
0.06007768213748932,0.03450580857380278,False
-0.10339730978012085,0.19867281898613842,False
-0.08132600784301758,-0.09037029838099492,False
0.09059637784957886,0.41045786894575026,False
0.03321874141693115,0.407020513386834,False
-0.026084162294864655,-0.030197389969737316,False
0.0022960901260375977,0.08622359493054749,False
-0.15084245800971985,0.0904416855452774,False
0.01800823211669922,1.9086469322034834,False
-0.39497649669647217,0.4345674867106826,False
-0.25546950101852417,0.3764215253091215,False
-0.002969038672745228,0.0,False
-0.11571723222732544,0.07686196267604828,False
-0.06341677904129028,-0.022759769127165035,False
-0.06014203280210495,-0.04291417803793891,False
-0.045258015394210815,0.13821906259086014,False
-0.03249192237854004,0.49292183801663525,False
0.005016711540520191,-0.021092528542221645,False
0.35717082023620605,4.3979901433030655,False
-0.18688178062438965,0.29213908989033427,False
0.044415175914764404,0.1257614513288723,False
0.029729127883911133,0.2352847840086122,False
-0.10564715415239334,0.04534756489770564,False
-0.225083589553833,0.3292767605566693,False
-0.4668769836425781,-0.0006790384564650462,False
-0.08203354477882385,-0.04815409959446426,False
0.21456539630889893,0.9868943784419063,False
-0.008517080917954445,0.0,False
-0.2094898223876953,0.6944413707726811,False
-0.0768442451953888,0.04307632871997555,False
0.01205500215291977,0.0,False
-0.07685407996177673,0.10505612238496728,False
-0.04556077718734741,0.5677146451728095,False
-0.008738984353840351,0.0011696773581206799,False
0.1002320647239685,0.0717054336579181,False
-0.07222247123718262,1.5267060211322474,False
-0.24738574028015137,0.08412521702930759,False
-0.10274262726306915,0.1935685569145381,False
-0.03494017571210861,0.011718647483155547,False
0.011069713160395622,0.0,False
-0.10002362728118896,0.757484980483508,False
0.05238261818885803,0.00926786486121093,False
0.004845559597015381,0.6649144168581003,False
-0.005621766671538353,-0.0072654182462270735,False
0.00817655585706234,0.0,False
0.020809199661016464,-0.030749598289594948,False
-0.3177083730697632,0.28692421851625854,False
0.009181848727166653,0.0,False
-0.06612859666347504,0.01325172242891108,False
0.12347467243671417,0.18771944497350243,False
-0.01276446133852005,0.10093325330320224,False
0.04121285676956177,0.4426279779521766,False
-0.10622423887252808,-0.04680044081420204,False
-0.06099817156791687,0.15352897745693828,False
-0.41639888286590576,0.26143784062896613,False
0.13919493556022644,0.5192299147353859,False
0.12686729431152344,0.973368524218629,False
-0.058944523334503174,0.33534630713640734,False
0.2008286714553833,1.2859447067657517,False
-0.08378064632415771,0.4376495136518627,False
-0.08293575048446655,0.4906878480084861,False
-0.11581704020500183,-0.03981266935971994,False
0.02819955348968506,0.39432278758141026,False
0.21666085720062256,1.52671763212147,False
0.2642432451248169,1.183945106233561,False
-0.07805725932121277,0.26075898839993095,False
0.0,0.011727099306881428,False
-0.004204221069812775,0.1259444273987475,False
-0.0007974869222380221,0.0,False
-0.0412600040435791,0.17139732402684013,False
-0.03599786385893822,0.0003515650168992579,False
0.0012009739875793457,-0.022522866168356276,False
0.04415462166070938,0.025612663477659225,False
-0.007624935358762741,-0.009968267686538199,False
-0.0009092078544199467,0.005925881676375866,False
-0.12589538097381592,0.13878463765887006,False
-0.06006268411874771,-0.021078548476960206,False
-0.274524450302124,0.4822296024811364,False
-0.43610894680023193,0.6533990135123201,False
-0.13291454315185547,0.7648502991895899,False
0.06322062015533447,0.7726480170261322,False
-0.14906221628189087,0.6002160762756896,False
0.05565115064382553,0.16199006066795785,False
-0.06501999497413635,0.11325753154004722,False
-0.00745686748996377,0.014040708094821,False
-0.01705927774310112,-0.002420333415064287,False
0.08443319797515869,0.09006206277263223,False
0.22884809970855713,0.46358430728903705,False
0.08484894037246704,-0.07367248850312308,False
-0.054728031158447266,0.4429305276761816,False
-0.06877344846725464,0.13247889092618714,False
0.12600907683372498,0.25263252560855565,False
0.031299322843551636,0.06901036450969757,False
0.08705461025238037,0.1375535604142591,False
-0.19618409872055054,0.32056623555849717,False
-0.0077694375067949295,0.0,False
-0.004551207646727562,0.0,False
0.05298050120472908,0.09558585260488664,False
0.0,0.0,False
0.014792116358876228,0.0,False
-0.0019171677995473146,-0.0071357289724610605,False
0.0,0.0,False
-0.002852553967386484,-0.012531157868602231,False
0.11321550607681274,0.7574664242526488,False
-0.007718230597674847,0.0001885665551526472,False
0.1604469120502472,0.11364459246397018,False
0.040812622755765915,0.0,False
0.051653578877449036,-0.022523785785254824,False
-0.0015186145901679993,0.004583879839628935,False
-0.00650617852807045,0.0,False
-0.003704832401126623,0.0,False
0.006204207427799702,-0.005245989666875197,False
0.008583856746554375,0.011073574423789978,False
-0.003954081796109676,0.0,False
-0.021314790472388268,-0.07009166785671717,False
0.016125574707984924,0.16920840138396806,False
0.08069877326488495,0.1569997885052783,False
-0.046198368072509766,0.045687765607794736,False
-0.13347798585891724,0.27166737050866424,False
-0.1952606439590454,0.1561839048786845,False
-0.1265507936477661,0.27718522679203084,False
-0.03137385845184326,1.1931514266990155,False
-0.1631408929824829,0.29284995644020906,False
-0.20726674795150757,0.6239012641728652,False
0.22831296920776367,3.010141199615755,False
-0.4302881956100464,-0.07731940448665742,False
-0.3227311372756958,0.3483996616017247,False
-0.151945561170578,0.0905315128823484,False
-0.21662628650665283,0.6284861747787898,False
-0.025493532419204712,0.15954476059945322,False
-0.11428201198577881,0.35804235207666346,False
-0.31790804862976074,0.3569661694806243,False
-0.44148939847946167,0.6926762691163515,False
-0.723334789276123,0.9741430957344219,False
0.009735107421875,0.15989937568895624,False
-0.002343319356441498,0.013167911839317465,False
0.04554954171180725,0.23171444035641714,False
-0.18355792760849,0.12176687920065732,False
-0.12580835819244385,0.39911497286306397,False
-0.14415425062179565,0.23297454073791,False
0.1505749225616455,1.4535005287424592,False
-0.6011124849319458,0.372869161180438,False
-0.15843451023101807,0.05054651889452555,False
-0.08070972561836243,0.16353588431598795,False
-0.22132140398025513,0.20712382777269434,False
-0.3447803258895874,0.6310581808474682,False
-0.031016483902931213,-0.1129302997073296,False
-0.013636887073516846,0.2916615331372921,False
0.034996747970581055,0.763671625904588,False
0.020610064268112183,0.0626522712174295,False
-0.06003890559077263,-0.026935813418738325,False
0.06150335073471069,0.37868619547473237,False
-0.11850836873054504,0.010990301172399214,False
0.043896257877349854,0.12700515664922815,False
0.07162369787693024,0.2551713074701158,False
-0.008816510438919067,0.2697396231352771,False
-1.2581629753112793,0.7737357574648831,False
-0.6447321772575378,-0.05808458153614301,False
-0.0011853724718093872,0.23892152197251693,False
-0.0007329881191253662,-0.030486994376604615,False
-0.001884379074908793,0.0,False
0.03398827463388443,-0.01097882588308921,False
-0.05215904116630554,-0.05097200014913311,False
-0.7439630627632141,-0.16000289380213548,False
-0.08818820863962173,0.10403188095530957,False
0.03552043437957764,0.4599246712754188,False
0.05579662322998047,1.0895765709099456,False
0.024130314588546753,0.21240889627508025,False
-0.05212831497192383,0.12437941801555616,False
-0.9226282835006714,0.6261642410585018,False
-0.20649020373821259,0.01187696384998338,False
-0.021339058876037598,0.4581000955195361,False
-0.5018774271011353,0.732661903729909,False
0.18027544021606445,3.194168560305575,False
-0.35480189323425293,0.8816217725526041,False
-0.8193056583404541,1.2672597994147194,False
-0.27232861518859863,1.7603165373293286,False
-0.5391864776611328,2.3733594881120745,False
-0.0065787723287940025,0.0,False
-0.9052886962890625,1.0377439083915738,False
-0.46321606636047363,1.3420271411906417,False
0.22199082374572754,1.995201874273325,False
-0.9499890804290771,0.9372995494896523,False
0.12658357620239258,3.6511475903536237,False
-0.7524890899658203,0.8896213659932903,False
-0.04003838822245598,0.0045406632125377655,False
-0.0037918880116194487,0.0,False
0.010556899942457676,0.00482747470960021,False
-0.00022087618708610535,-0.013749080691919918,False
0.08683282136917114,0.31442673423651224,False
-0.006062492728233337,0.19637290744665675,False
0.05563608556985855,0.04349921838304846,False
-0.08477047085762024,0.12835244987730648,False
-0.001936507411301136,0.0,False
-0.0044499970972537994,0.0,False
-0.01599116437137127,-0.02843648031009184,False
-0.0717315673828125,1.104359145547249,False
-0.07902393490076065,0.0008073471253737807,False
-0.40214550495147705,0.7102613544520007,False
-0.02600647509098053,0.0015496064443141222,False
0.17540162801742554,0.6603643894195557,False
0.00615229457616806,0.045632300526687174,False
0.0169956274330616,7.304958216991508e-06,False
-0.08689796924591064,0.05761350713722588,False
-0.007644206285476685,0.09847501343440532,False
-0.18126490712165833,0.3205731095134867,False
-0.0012910477817058563,-0.011710997228421742,False
0.081388920545578,-0.017458929574331483,False
-0.03352975845336914,0.2939423297766949,False
-0.05566936731338501,0.16435072302697315,False
0.033062905073165894,0.0935100226580097,False
-0.12969237565994263,-0.02359425713430663,False
0.017906397581100464,0.20348493562399078,False
-0.006861001253128052,0.23425901346977362,False
-0.013422263786196709,-0.006604843129549855,False
-0.00663734832778573,-0.010546505471756002,False
-0.07253596186637878,0.08671067237478154,False
-0.07712878286838531,0.09326650594404513,False
-0.02810712717473507,0.000564485089853406,False
0.05077056586742401,0.03356270990210374,False
0.0,4.118015112908324e-06,False
-0.0045646484941244125,0.0,False
-0.11932940781116486,0.010375666768646846,False
0.007756145671010017,-0.005433041689097036,False
-0.04280942678451538,0.04918308248028781,False
-0.0065407902002334595,0.041815308601255485,False
0.13778331875801086,0.2840885730463393,False
-0.018213683739304543,0.00024288750137202442,False
0.01518702507019043,0.863997923093001,False
0.17001789808273315,0.7476090034154261,False
0.044397950172424316,0.5904161286554076,False
-0.01527714729309082,0.35472448260851164,False
-0.0859338641166687,0.22296244255901337,False
-0.0022186189889907837,0.12531233145453727,False
0.01252240501344204,0.0,False
0.22253960371017456,0.5070572043631598,False
0.10939505696296692,0.30755819478755253,False
0.6223764419555664,1.2472833461341768,False
0.46053922176361084,1.1964399805217867,False
0.01302117109298706,0.11905349295549639,False
-0.046955764293670654,0.21476558883311497,False
-0.25413626432418823,-0.017622967242488352,False
-0.2915480136871338,-0.5169437123595126,False
0.0,0.0,False
0.03561599552631378,0.27224836410772146,False
-0.1858769655227661,1.1705178829306084,False
-0.018537962809205055,0.0,False
0.035601310431957245,0.02424209143853647,False
0.06466281414031982,1.0468210571010723,False
-0.0076421103440225124,-0.004141197416613198,False
-0.030769646167755127,0.2429230799352557,False
0.0841253399848938,0.35804834909554145,False
-0.07147079706192017,0.1291930139049718,False
-0.02696797251701355,0.24995063685272972,False
-0.007323883473873138,0.0,False
-0.08222377300262451,0.6295746137207597,False
0.11467686295509338,0.19719127891561927,False
-0.044631630182266235,0.19372480420851446,False
-0.09320735931396484,0.17054701882547332,False
0.01861327886581421,0.3035237555651343,False
-0.03248210251331329,0.010049321738989632,False
0.15708032250404358,0.49996503241858625,False
0.054698288440704346,0.5045963838355476,False
-0.001971150515601039,-0.008474161319919857,False
-0.025497451424598694,0.09118773516723178,False
0.054664790630340576,0.12009004215145062,False
0.0,0.0,False
0.04422605782747269,0.0024528300516771864,False
0.004313003271818161,0.0,False
-0.01624561846256256,-0.08846356953816495,False
-0.0028306511230766773,-0.0032316975494234056,False
0.013931259512901306,0.039771145606550914,False
-0.04336059093475342,0.14909180575556694,False
0.03757578134536743,0.19059757418907922,False
0.08219254016876221,0.2570346741241948,False
-0.2544569969177246,0.18099169686011773,False
0.05518653988838196,0.04609651318257016,False
-0.037768639624118805,0.0,False
0.009344860911369324,0.00048630460514687,False
-0.047365568578243256,0.003369463374838233,False
0.007768347859382629,-0.031804328610279535,False
0.004510268568992615,2.7763686375692487e-05,False
-0.016575198620557785,-0.0030163491889935844,False
-0.011393167078495026,-0.2675984442562685,False
-0.33331775665283203,0.3684824876474661,False
-0.7553268671035767,0.22758370725084298,False
0.0,0.0,False
-0.10879302024841309,0.5353508863222526,False
-0.14584404230117798,-0.32242684340956473,False
-0.11843454837799072,-0.13854622457462507,False
-0.2288684844970703,0.08421649603907307,False
-0.20818257331848145,0.5307553217388492,False
0.00959402322769165,0.7827323696304355,False
-0.16948151588439941,0.8994410682487188,False
0.2898479700088501,1.1129743645177241,False
0.021628865972161293,0.0,False
0.04172182083129883,1.2205154906708444,False
-0.09006732702255249,0.057330776896014374,False
0.0224759504199028,-0.2504456799495999,False
0.0052359700202941895,0.02862564755372072,False
0.045775026082992554,0.1311950663530888,False
-0.02069205790758133,0.0,False
-0.3887269198894501,-0.027990694502341484,False
-0.007027791813015938,0.0,False
0.4316577911376953,4.858383391641687,False
-0.039211079478263855,-0.00780818419420296,False
0.026052236557006836,2.4279207240594793,False
-0.1765071600675583,0.187107369232911,False
-0.034316420555114746,-0.013129929609541319,False
0.025719672441482544,-0.01953175038089014,False
-0.018881022930145264,0.17021812477339537,False
-0.02067619562149048,0.0,False
-0.011141746304929256,0.0,False
-0.23437240719795227,-0.33694407426177575,False
-0.029843851923942566,-0.004794244213430094,False
-0.1857251524925232,0.48976258735308215,False
0.08490380644798279,0.46070964998743347,False
-0.06416048109531403,-0.03061931930906095,False
0.07970035076141357,0.8478380544665753,False
-0.0025625431444495916,0.0,False
-0.11324465274810791,-0.05278288306800394,False
-0.10102467238903046,-0.03035121674428004,False
0.18243956565856934,0.9504184797992599,False
0.31514716148376465,0.4768085814233817,False
-0.003360095899552107,-0.014064320979504748,False
-0.04541957378387451,0.49813743299206115,False
-0.01347911823540926,0.02329970089488917,False
0.0,0.0,False
0.033468760550022125,0.06263274264014067,False
-0.009503703564405441,-0.004842086525809924,False
-0.004714952781796455,0.0,False
-0.1146230399608612,-0.014220645860522366,False
0.11106783151626587,-0.0071745801489676905,False
0.0742102861404419,0.415148810244165,False
0.12255209684371948,0.4468591688887288,False
-0.1352750062942505,0.35680917750604624,False
-0.040175095200538635,-0.0351806367772356,False
-0.05730878561735153,0.031514936302907526,False
-0.01683783531188965,-0.17533866352829824,False
-0.013338878750801086,-0.015083451757026682,False
-0.03176391124725342,0.4135462840460592,False
0.003640800714492798,0.0,False
-0.013745367527008057,0.30959210071791887,False
-0.13744288682937622,0.4406746615506224,False
0.08251428604125977,3.7259294240122793,False
0.31464076042175293,0.7462407798730928,False
0.1822214424610138,0.5242706422475807,False
0.007243096828460693,0.09415336563741622,False
-0.007450583390891552,-0.036920021033815864,False
0.013996738940477371,0.0,False
-0.19943925738334656,0.01034813948095989,False
-0.6417460441589355,0.3387022440158983,False
-1.4367396831512451,0.3975613874156312,False
-0.21724933385849,0.19704003892494618,False
0.0,0.0,False
0.0,0.0,False
-0.005434711929410696,-0.014646549910896662,False
-0.08477500081062317,0.47057860539188656,False
-0.043946973979473114,0.11645557196821807,False
0.004950450733304024,-0.015483037888694035,False
-0.0018974322592839599,5.843338658451103e-05,False
-0.02872687578201294,0.38267395993854975,False
-0.15748924016952515,0.30101771875310773,False
-0.2074824571609497,0.07442489705472599,False
-0.21894121170043945,0.35492987411556864,False
0.10022825002670288,0.3456267914731801,False
-0.0031501054763793945,0.23789158050744733,False
0.023569762706756592,0.3188891569162365,False
0.056342050433158875,0.20378658559846505,False
-0.04734719544649124,0.06784987163640456,False
-0.049230337142944336,1.3938231649808217,False
0.1963489055633545,0.5925411489662785,False
-0.11365216970443726,0.3587754675190258,False
-0.0171540267765522,0.0,False
0.043648481369018555,0.9825692936592118,False
0.06807148456573486,0.6773687153397132,False
0.005059540271759033,0.7480296280374532,False
-0.10458403825759888,0.14698714005178787,False
0.006434440612792969,0.09467466156871457,False
0.22660601139068604,1.1825672376830905,False
-0.8197652101516724,1.0461294221149469,False
-0.004665804095566273,-0.005805843849975956,False
-0.0027210437692701817,0.0,False
-0.20005345344543457,0.425648957490921,False
-0.03945266455411911,0.0014932862250134349,False
-0.04440712928771973,-0.00637027496732814,False
-0.011760463938117027,0.0,False
-0.009364371187984943,0.00020014627079945058,False
0.0,0.0,False
-0.012201622128486633,0.05556904261990705,False
-0.24248258769512177,0.00011873852054122835,False
0.07620372623205185,0.08548577911434511,False
0.0788177102804184,0.13398493717051016,False
-0.01400768756866455,0.6549554038594635,False
1.2780921459197998,2.809466758088007,False
-0.022310785949230194,0.0029420852661132812,False
-0.19703733921051025,0.305714875459671,False
0.056429386138916016,0.3058826349788759,False
-0.02469533495604992,0.003460921347141266,False
-0.12908661365509033,0.9649037143597632,False
-0.009427785873413086,0.009538393592565808,False
0.04275178909301758,0.12466898322096193,False
-0.02437824010848999,0.10747859805270375,False
-0.1591617465019226,0.5120280897056964,False
-0.1754886507987976,0.6200962906309382,False
-0.04720127582550049,0.7919952192697196,False
0.0996389091014862,0.3548377145004742,False
0.019418537616729736,0.06740127030907414,False
-0.006703350227326155,0.0006434887764044106,False
-0.11993676424026489,-0.059745533149509256,False
-0.25434640049934387,0.03828288278797254,False
0.030412185937166214,-0.015778826001243123,False
-0.3627920150756836,3.278571959741127,False
-0.1355878859758377,0.022182950749993324,False
0.10157828778028488,0.3531360087269389,False
-0.18675345182418823,0.17178502514079674,False
-0.6226785182952881,0.25519483178983937,False
-0.009075865149497986,0.17320226728219407,False
-0.021975398063659668,0.16093718169694882,False
-0.1346137523651123,0.3790681925089522,False
-0.584078311920166,0.06156721524802766,False
-0.04021886736154556,0.15404494084576092,False
-0.0048850239254534245,-0.00686760232451606,False
-0.05583733320236206,0.36255777293691815,False
0.0,0.0,False
0.038559459149837494,0.0069144852459430695,False
0.007606926374137402,0.0,False
-0.007439958862960339,0.0,False
0.009323149919509888,0.1290542686295814,False
-0.010356226935982704,0.0,False
0.02033282443881035,0.05314432432771574,False
0.012208744883537292,0.15690012312756196,False
0.0034684371203184128,-0.04944057345183153,False
0.0050772689282894135,0.02075354754924774,False
-0.14043833315372467,0.17458425763689006,False
-0.016767533496022224,0.00220208871178329,False
-0.12595926225185394,-0.015869053647863514,False
-0.00024357065558433533,0.0012854827800765634,False
-0.07759855687618256,-0.08381127901682821,False
-0.17851269245147705,0.9009928295579193,False
0.09334778785705566,0.49242106709837474,False
0.11405877768993378,0.44647730323396984,False
0.10900574922561646,0.5655157928263299,False
-0.20985746383666992,1.6473184827187595,False
-0.009641202166676521,0.002585452748462558,False
0.06609974801540375,0.22561436983627897,False
-0.04114764928817749,0.03559462684930892,False
0.012765288352966309,-0.006021812478934676,False
0.0065192170441150665,0.0,False
-0.0840652585029602,0.023336092235114556,False
0.0,0.0,False
0.009893732145428658,-0.02271379421305086,False
-0.12348651885986328,2.3621991926558445,False
-0.0898708701133728,-0.011491704712133642,False
0.0,0.0,False
0.048600152134895325,0.1563104701592016,False
0.008746057748794556,0.4508207036277313,False
-0.0009494964615441859,0.0,False
0.007745593786239624,0.3725226545332805,False
-0.026652097702026367,0.384592717342935,False
0.011529356241226196,0.0004837421583943069,False
0.000444561243057251,0.09563972935381107,False
-0.06906455755233765,0.14661538413878297,False
-0.06731365621089935,-0.005543818624512042,False
-0.31278300285339355,0.19580244772644384,False
-0.04853827878832817,0.0,False
-0.06499884277582169,-0.015220567748034375,False
-0.21335256099700928,0.43498401750308513,False
0.06475287675857544,0.04378560479032567,False
-0.5774273872375488,0.5041084574997745,False
0.03384113311767578,0.34296574494532683,False
-0.02165360562503338,-0.05023277096688226,False
0.0,0.0,False
-0.3899819850921631,1.1699197375108268,False
0.074765145778656,0.3353097296235707,False
-0.002828853204846382,0.0,False
0.03810751438140869,0.41676109670392114,False
0.256838321685791,1.2430203293935502,False
-0.08873122930526733,0.09438318720088218,False
-0.07100966572761536,0.17877155475041734,False
-0.0358223021030426,0.07656288081349927,False
0.10815882682800293,0.2829551881095673,False
-0.10199321806430817,0.04077236647160238,False
-0.08915448188781738,0.4532999662814626,False
0.049584656953811646,0.21224749171499974,False
0.1752009391784668,0.3731069116961905,False
-0.019896313548088074,0.16994231856580316,False
0.08236516267061234,0.13430338787991736,False
0.00721188448369503,0.009864062616147954,False
-0.003751993179321289,0.2906313253105001,False
0.02656155824661255,0.2551278294988908,False
0.0276259183883667,0.7324559595591476,False
-0.050134867429733276,0.11259334909810084,False
-0.07239895313978195,0.10244095241149465,False
0.007842227816581726,0.2140786505645771,False
-0.00172587507404387,-0.01017547679660969,False
0.0,0.0,False
-0.0037732187192887068,0.011609970591962337,False
-0.13106155395507812,0.7473385100456993,False
-0.0009075733250938356,0.0,False
-0.06459440290927887,0.05618903413414955,False
-0.008918769657611847,0.006811643484979868,False
-0.22057369351387024,-0.027867258090089275,False
-0.014323055744171143,0.056900912361062206,False
-0.06132438778877258,0.15953660797229152,False
0.36280715465545654,0.8177019134515124,False
-0.18681645393371582,0.13685259081344048,False
-0.0007486616377718747,0.0,False
-0.03391826152801514,0.0594082737444222,False
-0.07742589712142944,0.021124707511038787,False
-0.04255080223083496,0.38108551377406047,False
-0.02361893653869629,0.37166923535411445,False
-0.05545343458652496,-0.04078047045804098,False
0.0127219557762146,0.32922599997273966,False
-0.15073758363723755,0.051780924175561294,False
0.03204834461212158,0.2510976583556807,False
0.08041512966156006,0.47057884975078024,False
0.09771744161844254,0.15499734635791945,False
0.040245480835437775,0.18873213821064697,False
-0.011374041438102722,0.3175746378041614,False
0.13019895553588867,0.4983241158838318,False
-0.17571747303009033,2.0481517683251735,False
-0.21877014636993408,-0.041079467470763575,False
-0.05508464574813843,0.5675838985515915,False
-0.10654973983764648,-0.2290230889238275,False
0.019475340843200684,0.36360693543217154,False
-0.11546456813812256,0.41106287702118294,False
-0.011196255683898926,-0.02513021718514888,False
-0.04386717081069946,0.1300779486722697,False
0.016844915226101875,-0.005991680154089309,False
1.0463159084320068,1.8047416503570015,False
-1.124971628189087,-1.0016149470422622,True
0.0,0.0,False
-0.01965928077697754,0.3314104582428238,False
0.010330280289053917,0.0,False
-0.016384942457079887,-0.010116865381726453,False
0.09558665752410889,1.127432755771668,False
0.03456771373748779,-0.2925365304940333,False
-0.02046976052224636,0.05460994924612275,False
-0.13486558198928833,0.3198453217704482,False
-0.05210879445075989,0.06001717915693085,False
-0.0391809344291687,0.18182359983673982,False
0.29665184020996094,2.856920564904599,False
0.06624960899353027,2.0079254586468753,False
-0.1458161622285843,-0.018086843567036825,False
-0.03409695625305176,0.19431888441779296,False
-0.12378990650177002,0.09837460746485133,False
-0.5832536220550537,0.43095645573285757,False
-0.18178629875183105,0.42536096719397776,False
-0.5040271282196045,1.725024111456571,False
-0.09775674343109131,0.3346973200805465,False
-0.0012001097202301025,0.27506925831115736,False
-0.03347966820001602,0.024826550814260842,False
-0.2818003296852112,-0.15945068500897774,False
-0.024296998977661133,0.9006548193155319,False
-0.2111506462097168,0.7647645529367508,False
-0.12056547403335571,0.08995726032928564,False
0.11111751198768616,0.18859689211602232,False
0.07579994201660156,0.668924699432755,False
0.008059149608016014,-0.03751903771885726,False
-0.4656968116760254,1.5973130655242358,False
-0.026978986337780952,-0.006832720276034147,False
-0.09734129905700684,0.2670083563328621,False
-0.32349538803100586,2.535876345461673,False
0.09242522716522217,0.839570660847113,False
0.049471646547317505,0.10998380806818775,False
-0.13061577081680298,0.609352385342415,False
0.017980217933654785,0.4379841243853298,False
-0.00503307580947876,0.2580613061106355,False
-0.10184711217880249,0.2689956156419276,False
-0.45459920167922974,0.3051436657841034,False
-0.15361949801445007,0.26236831689410256,False
-0.0763082504272461,0.7136002669520787,False
-0.4281322956085205,0.02572225738559855,False
-0.3534761667251587,0.2895910799831381,False
-0.06471140682697296,0.03428875338899337,False
-0.2897958755493164,0.6183379427026477,False
0.05364380031824112,0.08771032416961683,False
0.02104640007019043,0.1570409359823553,False
-0.056340694427490234,0.12452198985491436,False
-0.39736872911453247,0.2846103213595016,False
-0.09115296602249146,-0.1443521384843641,False
-0.003832802176475525,0.0,False
-0.14471644163131714,0.39034201816753966,False
-0.06222343444824219,-0.017947412158009008,False
0.44851183891296387,2.8022222905916863,False
-0.023574523627758026,-0.02234395187469502,False
-0.10452291369438171,0.09413267505966821,False
0.07838216423988342,0.14172356626238308,False
-0.006729256361722946,-0.03409542418581321,False
0.005246393382549286,-0.005250312956184867,False
0.9331929683685303,2.7471901891941197,False
-0.10558383166790009,-0.7456332878006897,False
-0.15356650948524475,0.1671699072730199,False
-0.14659129083156586,0.18359065161627186,False
-0.015059113502502441,0.46553609382520794,False
0.02741333842277527,-0.1284001490549587,False
-0.006681693717837334,-0.005532343294822539,False
0.040559977293014526,0.164380788525735,False
-0.020314708352088928,-0.03145163704357723,False
0.03221452236175537,0.6552265964186074,False
0.0039733340963721275,-0.0010169546904208512,False
-0.009480389766395092,-0.007354792942303023,False
0.03719767928123474,0.11282899994157122,False
0.01152479462325573,0.0,False
-0.0047758291475474834,0.0,False
-0.0736408531665802,0.28987383068035644,False
-0.16443169116973877,0.6449295676956256,False
-0.024875998497009277,0.39717850994074844,False
-0.013209952972829342,0.00637061707675457,False
-0.10924509167671204,0.14298897340682154,False
-0.0920175313949585,0.26956021841109395,False
-0.03050363063812256,-0.00671603950795814,False
0.057598233222961426,0.6698085393161561,False
0.1263841688632965,0.42757952012203504,False
0.005431562662124634,0.24192642443978066,False
0.07277411222457886,0.1641079491164684,False
-0.0018634796142578125,-0.002716689055571844,False
0.17111466825008392,0.23665585794112765,False
-0.010008469223976135,0.059509187979810196,False
-0.053497254848480225,0.6323249873808234,False
-0.04936705529689789,-0.12686729011189934,False
-0.19430139660835266,0.03928444108416534,False
0.3879324197769165,1.1535646175185064,False
-0.014674931764602661,-0.2566942612626496,False
-0.0009694814798422158,0.0012992431875318289,False
-0.028155699372291565,-0.02693487752452885,False
-0.11274312436580658,-0.1676802389677311,False
-0.12643635272979736,0.6162326995874281,False
0.46980226039886475,1.9803698641421552,False
-0.010050475597381592,0.0,False
-0.020687736570835114,-0.011473169889341151,False
0.03287554532289505,-0.05899962907791412,False
0.0984022319316864,0.4553783007098594,False
-0.007622447796165943,0.0,False
0.05301041901111603,0.06323960822127439,False
-0.09819395840167999,0.03718779724468542,False
0.06317627429962158,0.2900991571776519,False
-0.13265937566757202,-0.05254864592146058,False
-0.0012850984930992126,0.06461090475138434,False
0.20346340537071228,0.38366048842731154,False
0.07075266540050507,0.0894745047794887,False
-0.08301877975463867,0.7611592418879964,False
-0.00737684965133667,0.36054154425754753,False
-0.11307424306869507,0.40216101304435287,False
-0.05942738056182861,0.4539684235887086,False
-0.06766319274902344,2.422318803042182,False
-0.06854593753814697,0.13455820042904648,False
-0.0066595678217709064,-0.010499096727382844,False
-0.07758224010467529,0.024339527412466574,False
0.010137468576431274,0.12310929249129562,False
-0.17649972438812256,0.24045719711757463,False
0.009654968976974487,0.3258951740983781,False
-0.10483449697494507,0.225963335122711,False
0.023509562015533447,0.16458263455724143,False
-0.013962656259536743,0.21953934898851965,False
0.023655787110328674,0.07436593987030285,False
0.060126081109046936,0.20249462115550093,False
-0.011498168110847473,-0.008584871378037852,False
-0.044963836669921875,1.167445698111802,False
0.0025389492511749268,-0.06643248798123746,False
0.03523331880569458,0.4261740477473802,False
0.13428112864494324,0.3388537474655313,False
-0.03891003131866455,-0.09054022050006266,False
-0.012100040912628174,-0.04415493014725841,False
0.0844995379447937,0.39962191762054866,False
-0.15011250972747803,0.024262677998270976,False
-0.46523571014404297,0.6914543725811936,False
-0.004885256290435791,0.0909325691865012,False
-0.0018645552918314934,0.0,False
0.22570383548736572,0.6691149327669161,False
0.06681150197982788,-0.010694727325645883,False
-0.020330488681793213,0.29317101697560727,False
-0.1546342968940735,0.035907120293506095,False
-0.12237173318862915,0.02748687055102883,False
0.0057862550020217896,-0.036053894159204306,False
-0.02613314427435398,-0.012998024423173011,False
0.0,0.009037966839969158,False
0.0022442415356636047,0.13692333659216085,False
0.004207409918308258,0.0,False
-0.1488320231437683,0.10002270223433368,False
0.14035435020923615,0.15614361344237362,False
-0.01373395323753357,0.23196186150416256,False
-0.054295267909765244,0.030659744676181284,False
-0.025152437388896942,0.1115422922271194,False
0.008428623899817467,-0.03921101669956548,False
-0.013207091018557549,0.02763035148382187,False
-0.14109361171722412,0.5892751505249129,False
0.015208212658762932,0.0,False
-0.027381230145692825,0.00014562801516149193,False
0.09053553640842438,0.10042132942050415,False
-0.0018876332323998213,0.0,False
0.015879034996032715,0.23860846636288857,False
-0.004687199369072914,-0.031907324123891814,False
0.02706831693649292,0.12090463243401742,False
0.11707526445388794,0.5296713680888724,False
-0.004831492435187101,0.0,False
-0.002811083337292075,-0.008383494300607577,False
0.03231510519981384,0.1016487011075985,False
0.012717997655272484,0.018782890269943585,False
-0.02357606589794159,0.05362294668785053,False
0.006878413259983063,0.0,False
-0.032093681395053864,-0.023309878225705627,False
0.06046336889266968,0.6922176094796244,False
0.03900372236967087,0.00623460469648332,False
0.049945201724767685,0.040621739413883445,False
-0.10839462280273438,0.09823342281281683,False
0.020919937640428543,0.0,False
-0.020292358472943306,0.0,False
-0.013961268588900566,-0.003985006031336471,False
0.011320303194224834,0.00017424210091121495,False
0.11680564284324646,0.344635953550767,False
-0.056860148906707764,0.29209323264272924,False
-0.006587018258869648,0.0,False
0.0,0.014458407647907734,False
0.021781351417303085,0.08051163703203201,False
0.013714715838432312,0.06490500681769754,False
0.049167025834321976,-0.014602277137758204,False
-0.2351071834564209,0.4535308415250507,False
-0.008727669715881348,-0.03437543428538768,False
-0.06513267755508423,0.0526962366143047,False
0.04496392607688904,0.16301519335261302,False
0.008077330887317657,0.11772069213291142,False
-0.03335496410727501,-0.03536908023009867,False
-0.010820729658007622,-0.011556391829085516,False
0.051073551177978516,0.22005201348617098,False
-0.00782977044582367,-0.012299705535237992,False
0.001504942774772644,-0.05604351769324631,False
-0.004645324312150478,0.0,False
-0.00458792969584465,-0.024389261030705996,False
0.03253049775958061,0.0,False
-0.002723673125728965,-0.005693885603385606,False
-0.929328441619873,-0.12051058932773506,False
-0.2536957263946533,1.1170534302706017,False
-0.07880926132202148,0.4904899634260175,False
-0.042210351675748825,-0.022464100785242344,False
-0.1754685640335083,0.16319197163246413,False
-0.20219719409942627,-0.135873918018947,False
-0.06859779357910156,0.15138962183129234,False
0.1366044282913208,0.7140205350607073,False
0.15120813250541687,0.5035482703929995,False
0.0345599502325058,0.1096028342376178,False
0.028450965881347656,0.0,False
-0.18576645851135254,0.3993744297437243,False
0.028347879648208618,0.0,False
-0.10046344995498657,0.6225532353450034,False
-0.00846719741821289,1.6436081013507502,False
-0.25174272060394287,0.10966250281519774,False
0.012885436415672302,0.1799561655972201,False
-0.0019320189021527767,0.0,False
-0.0042029619216918945,0.2409888371119045,False
-0.05405040085315704,0.01950921787229913,False
-0.4107615351676941,-0.021528339191630108,False
-0.018454253673553467,0.25582696430127905,False
-0.03380662202835083,0.12308734234926823,False
-0.024433977901935577,0.019698342008270545,False
-0.10742318630218506,0.7740401289601995,False
-0.12043297290802002,0.13719426021268344,False
0.06681215763092041,1.0878065436908777,False
0.09040123224258423,0.32833112676380877,False
0.046620264649391174,0.1176691585372464,False
0.003178786486387253,0.0,False
0.058862894773483276,0.19802641831711437,False
0.09040146321058273,0.14082667231559753,False
-0.019159073010087013,0.08580334484577179,False
-0.4350050687789917,-0.04340409568443371,False
0.00023615360260009766,0.2372048943529699,False
0.1780375838279724,0.6884359690862882,False
-0.09911978244781494,0.14317453738258973,False
0.033690229058265686,-0.01623185854980358,False
0.008338045328855515,0.0,False
-0.5378859043121338,0.5188807156072451,False
-0.28885436058044434,1.6726410234615918,False
0.015358507633209229,0.13991537697124556,False
-0.011552836745977402,-0.020573070844475648,False
0.049449414014816284,0.11065309800985738,False
0.158755823969841,0.23859431655256197,False
0.16024473309516907,0.3761210027014129,False
0.05202767252922058,0.0433122406961012,False
-0.010669644922018051,0.0,False
-0.0018343497067689896,8.214019180741161e-05,False
0.06961524486541748,0.5415262007467568,False
-0.017676016315817833,-0.008788578273618218,False
-0.017876379191875458,0.15616409083967528,False
0.03593041002750397,0.13912974298000336,False
-0.009629420004785061,-0.006559735909189436,False
-0.013409972190856934,0.2508711280347273,False
-0.2619417905807495,0.04360036247212462,False
0.0143313929438591,-0.03964549542583404,False
0.01005997508764267,0.09756091237068176,False
-0.24443578720092773,0.2990113028001521,False
-0.06014513969421387,0.10010697049407927,False
-0.06662982702255249,0.12093306910439805,False
-0.5110053420066833,0.03428775611843861,False
0.013431280851364136,0.21391141993851698,False
-0.38277578353881836,0.07014698040114664,False
-0.0038068844005465508,-0.015321724584692251,False
-0.0018804927822202444,0.0,False
-0.0176774263381958,0.37656330823892664,False
-0.06365388631820679,0.3888168479712163,False
-0.39825743436813354,0.12261749749004253,False
-0.01374559011310339,0.00039463528082706034,False
0.00757001806050539,-0.003504702714753073,False
-0.017219461500644684,-0.22078988296889906,False
0.012341123074293137,-0.019502883014771596,False
-0.0065778642892837524,0.1046893468866171,False
-0.4137080907821655,1.0470360209625587,False
0.016253381967544556,0.14788152040033098,False
-0.12871766090393066,0.053589244595829776,False
0.02166348695755005,0.42311767705598546,False
-0.8538082838058472,-0.4437342965921951,False
0.019706930965185165,0.003969736862927675,False
0.021229030564427376,0.0104685504402352,False
-0.01008530706167221,0.007934434339404106,False
0.02700081467628479,0.01333464402705431,False
0.004195220768451691,0.029097635383301818,False
-0.049428924918174744,0.08130198463359664,False
0.03860972076654434,-0.01970275721976885,False
-0.05677761882543564,0.09708729017870815,False
0.020941302180290222,0.2809259869676105,False
-0.03497441112995148,-0.01193468728546979,False
0.2861460745334625,1.0055656716834809,False
0.12918341159820557,0.6039031161162483,False
-0.016055753454566002,-0.008193850146055986,False
0.023542851209640503,0.037416849913410474,False
0.019968554377555847,0.09733557058927433,False
-0.1555314064025879,0.373884717263119,False
0.3380837142467499,0.972914262346292,False
-0.06249043345451355,0.17769072231467842,False
-0.09239336848258972,0.28594251779524826,False
0.32840633392333984,0.7758646866219845,False
-0.22123152017593384,0.12928472058840873,False
-0.288754940032959,0.9470338457113732,False
-0.12378829717636108,-0.15154463452776337,False
-0.1647690236568451,0.041135452687740326,False
0.2208327054977417,1.1883978565830282,False
-0.00495988130569458,0.33471122058144787,False
-0.029744386672973633,-0.12148483482653955,False
-0.003532052505761385,-0.009225511646894781,False
-0.07315817475318909,-0.016635216989362586,False
0.027225270867347717,0.03162677053435606,False
0.04830479621887207,0.07860965518546095,False
-0.5084181427955627,0.5835543153158285,False
-0.0966307520866394,0.5660377756457807,False
-0.21371719241142273,0.23504656907915147,False
0.0,-0.03167908696552771,False
-0.17089009284973145,0.4438346386863914,False
-0.024652771651744843,0.0,False
-0.0909317135810852,0.005446861984456625,False
0.31869691610336304,0.8481420686630288,False
-1.09075927734375,0.7461204406872903,False
-0.03954897075891495,-0.10656440176922237,False
-0.03332001343369484,-0.00794638962178458,False
-0.15500006079673767,-0.10894600786902936,False
-0.023051679134368896,0.31145603893450524,False
-0.10640929639339447,0.1447634651959899,False
-0.001834580209106207,6.129563553258777e-05,False
-0.00974547304213047,0.0,False
-0.00822235643863678,1.9799255824182183e-05,False
-0.022013114765286446,0.044184427708387375,False
-0.024827109649777412,0.0,False
-0.009722009301185608,0.14257611438894524,False
0.01300123892724514,0.0,False
-0.001933783176355064,-0.022522232776799517,False
-0.05947702378034592,-0.08053814064570997,False
0.0,0.0,False
-0.03585835173726082,-0.007269971776653363,False
-0.6349107027053833,0.11248551656474048,False
-0.01118960976600647,0.09137304814261693,False
-0.11598575115203857,0.11500277688484206,False
-0.00664973258972168,0.07177997065217143,False
0.33371639251708984,0.707845609598566,False
0.0015638358891010284,-0.023300522008834215,False
-0.0018807651940733194,0.0,False
0.03778187930583954,0.18209098660681333,False
0.07311630249023438,1.0922438558971697,False
0.02867990732192993,0.6651906678470784,False
0.013910874724388123,0.12432539263826727,False
-0.003508706111460924,0.05017515644431114,False
-0.04248373955488205,0.02017150721254007,False
0.043822646141052246,0.2041514060736371,False
-0.5555720925331116,0.10254739399259913,False
-0.0037634442560374737,0.0,False
-0.1150963306427002,0.3299311393691655,False
0.017935164272785187,0.006310979835689068,False
0.07824641466140747,0.13149980141521417,False
-0.11876088380813599,-0.033874334354723534,False
-0.08753056079149246,0.015255272218199618,False
-0.03176318109035492,-0.02549258884375938,False
0.019198238849639893,0.17007695541199291,False
0.2948802411556244,-1.3921259941176403,False
-0.0634019672870636,0.21115603550844653,False
0.10000693798065186,0.8374534988131084,False
0.16372036933898926,0.504592892676115,False
0.032975345849990845,0.18546749097971912,False
0.0,0.0,False
0.065519779920578,0.12003541875540012,False
0.02353908121585846,0.11987650679448841,False
-0.04733073338866234,-0.006924872864172156,False
1.494668960571289,3.436062122231505,False
0.07549852132797241,0.278964508055075,False
-0.21916663646697998,0.4470681839932114,False
0.06825822591781616,0.401985493192612,False
0.01660025119781494,0.03598553284462064,False
-0.03488961607217789,0.007844680529334,False
-0.18497107923030853,-0.21084035840854284,True
-0.004919007420539856,-0.03660276966132775,False
-0.06287385523319244,0.18564386122917473,False
-0.05270294100046158,-0.02913366643807075,False
-0.32541000843048096,0.3913911116025012,False
0.012279778718948364,0.011323949222175646,False
0.014297589659690857,0.03344340836197199,False
-0.0468004047870636,0.2063323287530474,False
0.03797994554042816,0.17317866967486636,False
0.017803460359573364,0.2423102422791116,False
0.09670054912567139,0.7582333185598797,False
-0.3035116195678711,0.7117675401689381,False
-0.09639054536819458,0.3190608974898712,False
-0.11794984340667725,0.40946089223919324,False
0.1361602544784546,0.14530018593352712,False
-0.00507982075214386,0.008577036459039511,False
-0.04891633987426758,3.174709541825795,False
-0.26933854818344116,-0.24243304232064133,False
-0.43991875648498535,1.5042536583629706,False
0.0009613111615180969,0.0,False
-0.750831127166748,0.10932342661468897,False
-0.23369091749191284,0.21247628441165245,False
0.07014834880828857,0.5993531326226258,False
0.01413048803806305,0.18815789161579344,False
0.19908511638641357,1.4752741579729665,False
0.008177291601896286,0.01584954559803009,False
-0.021457582712173462,0.17500189315711145,False
-0.015161614865064621,-0.019783228025999786,False
0.0327654629945755,0.19490816522110593,False
0.017421957105398178,0.0,False
-0.0034914910793304443,0.19941423605718342,False
-0.0029288865625858307,-0.017703714587243572,False
-0.009882335551083088,-0.0125075585253617,False
0.043827950954437256,0.81648699429658,False
-0.19144690036773682,0.08983541224349256,False
0.040340229868888855,-0.021359799158838205,False
-0.05607520788908005,0.00030563190121015577,False
-0.023928791284561157,0.10683434601840403,False
-0.13714855909347534,0.06432054670130316,False
0.022231176495552063,0.12342839404430266,False
-0.068754643201828,0.0012129549868404865,False
-0.0765390396118164,1.0429160197135943,False
-0.041994359344244,-0.0165778917068639,False
0.09691095352172852,0.4599819144131125,False
0.01600020006299019,-0.005491269835811229,False
0.0016136765480041504,-0.03747194139632546,False
-0.011412281543016434,0.002718270057812333,False
0.04016520082950592,-0.010883820794114582,False
-0.16517803072929382,-0.03661954286149016,False
-0.07408761978149414,-0.14747591278510075,False
0.039100468158721924,0.40066296370087057,False
0.053542137145996094,-0.0008764064217288148,False
-0.08149939775466919,-0.0896752738165603,False
-0.6726378202438354,0.7424907336587043,False
-0.275290846824646,0.5354715671391425,False
0.16961565613746643,0.14694977147973798,False
0.011793251149356365,-0.0013731064097492157,False
-0.38147473335266113,0.5696333953185984,False
0.06408137083053589,0.37577623208276434,False
-0.07356303930282593,0.5694569588331915,False
-0.007972449995577335,0.0,False
-0.032456472516059875,-0.01545963821479035,False
-0.006724085658788681,0.033931516051192365,False
-0.033305615186691284,0.03495634128289618,False
0.00045116618275642395,0.0,False
-0.0009640592033974826,0.0,False
0.0,0.0,False
-0.03804507106542587,0.06764958798885345,False
-0.009888648986816406,0.053913700244445986,False
-0.037341952323913574,-0.009087469947093635,False
0.18925133347511292,0.4151394179700832,False
0.0778721272945404,0.5654917588381033,False
0.03759244084358215,0.19914791840581825,False
-0.24910640716552734,2.539052858466931,False
-0.0018088589422404766,0.0,False
0.0,0.0,False
-0.05858364701271057,0.00915044286472591,False
-0.1341938078403473,0.20872806436763225,False
0.01630425453186035,0.22941195999976885,False
0.17701244354248047,3.456161656616062,False
0.009207303635776043,0.0,False
0.2984309196472168,2.7766221684538834,False
0.017217636108398438,3.05988375702224,False
0.031527817249298096,0.5437840438969791,False
-0.048306263983249664,0.029893826693296432,False
0.5669589042663574,1.8408021448582348,False
0.018412135541439056,0.12416376298149892,False
0.01067216694355011,0.18791783468582457,False
-0.02209615707397461,0.25785948998089914,False
0.013122955337166786,0.0017156788380816579,False
0.004813122563064098,-0.01625562026571265,False
-0.006565116345882416,0.06856383051741771,False
-0.020065849646925926,0.04806409403681755,False
-0.008432745933532715,0.714663869601377,False
-0.04781612008810043,0.004435025313001578,False
0.02088458091020584,0.004702722653746605,False
-0.008173592388629913,0.0923122183756944,False
-0.012002363801002502,-0.011840019718193234,False
0.033952496945858,0.0,False
0.15106119215488434,0.31323870340690974,False
0.04850388318300247,0.10037202737903521,False
-0.0025825980119407177,0.0,False
-0.6989603042602539,1.3160706397282778,False
-0.006814754568040371,-0.02047249062119505,False
-0.024813184514641762,-0.006947885707066124,False
0.028342820703983307,0.01874363169904418,False
0.016419386491179466,0.0033420035082983163,False
0.010105753317475319,0.01684386096894741,False
-0.24962860345840454,0.19551468467506813,False
0.06936925649642944,0.1560259262457141,False
-0.003641471965238452,0.0,False
0.027233902364969254,-0.0026969862385229646,False
-0.2491491138935089,-0.0818533459404534,False
-0.04547800123691559,0.01826157573735132,False
-0.024209246039390564,0.0,False
0.01602969504892826,0.0,False
-0.07054483890533447,-0.027509683469835372,False
-0.056492578238248825,0.0115799056366086,False
-0.03185492381453514,0.0024013330694288015,False
-0.00988498330116272,0.20408960329413434,False
-0.21892939507961273,-0.13882258805427727,False
0.08577477931976318,0.8730499737388165,False
-0.012114100158214569,0.0,False
-0.26603469252586365,-0.16972681067870204,False
0.0,0.0,False
-0.006388908252120018,0.0011214650686622064,False
0.013571202754974365,0.4258077060393462,False
0.018076211214065552,0.2849437477481824,False
-0.06351926922798157,0.04063935891028092,False
-0.02659010887145996,1.5777722788841946,False
0.06066572666168213,0.16452003683426347,False
0.058901309967041016,0.25557329922371347,False
-0.07386870682239532,0.1068515676776462,False
0.17504215240478516,3.0305583174385493,False
-0.05526141822338104,0.07137832473037961,False
0.08606839179992676,1.4210969704194736,False
-0.26134341955184937,0.12020742617823421,False
-0.3390616178512573,0.9532407130020718,False
0.26241791248321533,1.1189764759949585,False
-0.02989417314529419,0.2672318686812534,False
-1.01441490650177,0.6455519626591552,False
0.08263683319091797,0.15023182706473703,False
-0.13503117859363556,0.13637290529933507,False
-0.30849042534828186,0.16485944372048472,False
-0.02841898798942566,0.21954996824571568,False
-0.175417959690094,0.11573088430686598,False
-0.0998242199420929,0.2846797625607045,False
0.015069305896759033,0.11459384856915145,False
0.13829481601715088,0.3403298313796838,False
-0.4475751519203186,0.37855708228818225,False
-0.4623241424560547,1.740712106812985,False
-0.07493042945861816,0.7252051106341834,False
-0.05813944339752197,1.0731425002865962,False
-0.052153706550598145,0.13305279887380006,False
-0.03274673968553543,0.07086878231215177,False
0.41222620010375977,1.965250897307874,False
0.4437568187713623,2.525625561032247,False
0.6713571548461914,2.3358171116737925,False
0.29773807525634766,3.0859349623038383,False
0.38761305809020996,1.9275911996929247,False
-0.01427149772644043,1.1642941561351468,False
0.23445260524749756,1.2632914181456414,False
0.5257821083068848,2.6096686165058087,False
0.24613654613494873,0.06503331055330386,False
0.2438526153564453,2.303596058554062,False
-0.1319461166858673,-0.7948139429466459,False
0.5467877388000488,3.4885983413643498,False
-0.19545453786849976,0.4045877008115912,False
0.6992504596710205,1.6788920854142793,False
-0.1405138373374939,0.17100156260162402,False
-0.11435270309448242,0.5765905026666132,False
-0.15106931328773499,0.05610117610628637,False
-0.08992049098014832,0.21819327815208758,False
-0.34430640935897827,0.6398996263205482,False
-0.014204880222678185,0.0,False
-0.0020538270473480225,0.10730866253489912,False
-0.24303260445594788,0.06137877271649919,False
-0.2438364028930664,1.25767672444449,False
-0.32288554310798645,-0.2828857759247394,False
-0.29647892713546753,0.20661839614759792,False
-0.17400717735290527,1.5928676147078205,False
-0.8330790996551514,0.22977309822800396,False
0.09345975518226624,0.281108028454438,False
0.02426263876259327,-0.03856432471461129,False
-0.6411951780319214,0.6114377777050044,False
-0.3228902816772461,0.7689868020597884,False
-0.05189107358455658,0.14897953182217907,False
0.013932883739471436,0.03241069391539633,False
-0.022313237190246582,0.47770168501497556,False
-0.0028590038418769836,0.0,False
0.08840417861938477,1.95828388410287,False
-0.0633934736251831,0.6147479285898733,False
-0.003704785369336605,-0.035636231708182226,False
-0.023569241166114807,0.12489325850048966,False
-0.06528162956237793,-0.030700678018592623,False
-0.21429798007011414,0.10066589387398407,False
0.014040887355804443,0.30755161657171703,False
-0.023321568965911865,0.29767756020431346,False
-0.00945241004228592,0.06646393651747047,False
-0.0028854776173830032,0.0,False
-0.11577668786048889,-0.1449944883524841,False
-0.000955974857788533,0.0004528200952336192,False
0.0515577495098114,0.053861610505412494,False
-0.017604833468794823,-0.010289639234374794,False
-0.037832409143447876,0.18981643714607693,False
0.003351449966430664,0.19069513074318867,False
-0.004662573337554932,0.12167248224436997,False
-0.003209054470062256,0.4549828411097604,False
-0.042681217193603516,0.5087632680837015,False
-0.0009007488843053579,0.0,False
-0.08695156127214432,0.0003907319623976946,False
0.11687010526657104,0.6796721145956786,False
-0.052755892276763916,-0.07013967124218269,False
0.09851443767547607,0.35612364359486887,False
-0.0374336838722229,0.3842545970835289,False
-0.09467816352844238,0.15809158226430728,False
-0.21459782123565674,0.4673046007024641,False
-0.1417444944381714,0.31421339968626827,False
-0.5196912288665771,1.047614314861605,False
-0.07603411376476288,0.08618146270957917,False
-0.18791663646697998,0.024667262896123088,False
-0.033587515354156494,0.46095966914186526,False
-0.06292927265167236,0.3118072805525093,False
-0.3515697717666626,-0.048296176824368486,False
-0.301771879196167,0.27105517743388974,False
-0.1645979881286621,0.4366510373237936,False
-0.1326652467250824,0.25788949194665123,False
0.054539889097213745,0.3042886904969212,False
-0.10452419519424438,-0.05605006280517966,False
-0.013776254840195179,0.00016244288417510688,False
0.007987916469573975,0.011636467042177717,False
-0.35863053798675537,0.3329541821501867,False
0.007724178489297628,1.8999407984665595e-05,False
0.08124995231628418,0.24304105464071202,False
-0.16073790192604065,0.271466099927263,False
-0.07771103084087372,-0.10834821248127463,False
-0.5087765455245972,-0.5316309711585401,False
0.02043021470308304,-0.008052890542978107,False
-0.011394365690648556,-0.012026940021480463,False
-0.008361375890672207,0.00021171261323615909,False
0.014890674501657486,-0.014696026237485282,False
-1.0554986000061035,2.795641530989207,False
-0.10822242498397827,0.1596571231977479,False
-0.0031206440180540085,-0.005537965820384974,False
-0.03540131822228432,-0.13289413843187906,False
0.031166523694992065,0.2306387189071755,False
-0.015133976936340332,0.2928041535380261,False
0.08853098750114441,0.4504725846560792,False
0.09637588262557983,0.16067899122933504,False
0.05252503603696823,0.12257632663078845,False
-0.0029545831494033337,0.0,False
0.0018706545233726501,0.005093522369861603,False
-1.9525718688964844,1.2206357804536125,True
0.008732477203011513,-0.012753881002998808,False
-0.17979928851127625,-0.07477182937049269,False
-0.043683312833309174,-0.035462895842737256,False
0.007184267044067383,0.2556846956629221,False
0.06931295990943909,0.3540907738538381,False
0.07926614582538605,0.20295581058073559,False
-0.02035566233098507,0.0,False
-0.14846569299697876,0.3962432098506263,False
0.07189492881298065,0.48683894575059533,False
-0.5308406352996826,-0.008008372104894135,False
-0.03411165624856949,0.007333062908161093,False
-0.19727052748203278,-0.0013318144097858794,False
0.141922265291214,0.3622397819749265,False
-0.10561710596084595,0.1866017534326639,False
0.0030546486377716064,0.19133057653304064,False
-0.00825779139995575,-0.06008777046757613,False
0.016528118401765823,-0.0046046468134291006,False
-0.029375791549682617,1.2753329041430819,False
-0.03336373716592789,-0.0029435806188901348,False
0.22290611267089844,1.8051651353226421,False
-0.09478175640106201,0.32375104122950793,False
0.04086604714393616,0.27445837314686944,False
0.007680282928049564,0.030597682995261725,False
0.47590065002441406,2.8028350493259486,False
-0.07094193994998932,0.0011880269982092167,False
-0.005413848906755447,0.09225870369663249,False
0.0715823620557785,0.06760249007685645,False
3.978377342224121,4.374421724958049,True
-0.024118848145008087,0.0020928585436195135,False
0.45825862884521484,1.9727182840756663,False
-0.2450963258743286,0.24324160768630101,False
-0.0014600437134504318,0.01127206813544035,False
0.007831662893295288,0.3033098410211035,False
-0.06361808627843857,-0.0063437408995533325,False
0.10124516487121582,-0.01389077249865664,False
-0.016428500413894653,0.1892736938578456,False
-0.003777384990826249,-0.0028802557523617696,False
-0.0008588702185079455,-0.0034096255316663367,False
-0.05597837269306183,-0.0063169863874305825,False
0.02974677085876465,0.00048292684368789196,False
0.017423152923583984,-0.010468746617917255,False
-0.05587726831436157,-0.007895646415006865,False
-0.01997397094964981,-0.0027963786257784416,False
-0.1290264129638672,0.555551072223423,False
-0.03872627019882202,0.032656960380627376,False
-0.08289498835802078,-0.006138220720380991,False
0.09644398093223572,0.04474617054364878,False
0.0,0.0,False
-0.12837469577789307,0.7154253040443218,False
-0.04586493968963623,0.42095707596853693,False
0.10850536823272705,0.2307363532012911,False
0.023137204349040985,0.010884752353662158,False
0.044984832406044006,0.07484480547790932,False
-0.06639432907104492,0.1033582563305708,False
-1.0704221725463867,0.2276035890389541,False
-0.08574673533439636,0.035474978495649984,False
-0.05027210712432861,0.29440994509344587,False
-0.07237803936004639,0.058494434617598956,False
-0.07217329740524292,-0.07696911207541327,False
-0.028615938499569893,-0.012719343924282648,False
-0.08343718945980072,-0.044182261528457244,False
-0.2798173725605011,0.023862591712118353,False
-0.014399506151676178,0.011064624162135732,False
-0.018703222274780273,0.0926495400398584,False
-0.038110971450805664,0.2790496993038114,False
0.07243601977825165,-0.05329158517332577,False
0.05816078186035156,0.2141566683297752,False
-0.0001432318240404129,0.00046175974421203136,False
-0.003862828016281128,0.40520336960452685,False
-0.0680568590760231,-0.015962022603122357,False
-0.0026935481000691652,-0.008437393416091253,False
0.07252068817615509,0.19239473741244026,False
-0.004390299320220947,0.13830415102706528,False
-0.26670968532562256,0.6409068665055445,False
0.11368763446807861,0.05987588594705212,False
-0.3106114864349365,1.318885609052564,False
-0.05368444323539734,0.24068997332178607,False
0.0004931613802909851,-0.0017447750393284646,False
-0.0011286139488220215,0.18290458839137877,False
-0.07584905624389648,0.9752779792443056,False
-0.04530826583504677,-0.010915998659589112,False
0.1181723028421402,0.210646379963833,False
0.007128477096557617,0.9423885792710981,False
-0.04713685065507889,0.03135829976217296,False
0.06409375369548798,0.2400664973605623,False
0.01244727149605751,0.02803615853190422,False
-0.046208858489990234,0.1234331884087823,False
0.022352799773216248,-0.142248265734538,False
0.13569512963294983,0.3814877721682841,False
0.21954703330993652,1.5039617625860384,False
-0.17650824785232544,0.2024574291825778,False
-0.06979483366012573,0.03328645056386054,False
-0.02053028903901577,-0.00228564198824948,False
1.3363702297210693,3.340702294050293,False
-0.5341453552246094,0.42913998539542986,False
0.00552024133503437,0.0,False
0.010909229516983032,0.32469531338318125,False
0.04342082142829895,0.3475008587270908,False
-0.01376822404563427,0.00022398446162696928,False
-0.001963544636964798,0.0,False
-0.22368353605270386,0.7683704032012905,False
0.01927487552165985,0.00029335715337055167,False
-0.020110487937927246,0.5751959864062482,False
-0.2476252317428589,0.3744476159385465,False
0.0013361778110265732,0.03351476513129864,False
-0.004206937272101641,-0.01061682941642916,False
-0.016591746360063553,0.0,False
0.00823911651968956,0.042470090091228485,False
0.15359996259212494,0.2981709271475656,False
-0.09621649980545044,0.1910534877106728,False
-0.1602330207824707,0.04226136938307923,False
0.1871112585067749,0.20344894295117388,False
0.01100003719329834,0.326476954808391,False
-0.20818737149238586,-0.12091035904982389,False
-0.12295323610305786,0.4837512776751197,False
-0.2919200658798218,0.41078163646026883,False
-0.026458680629730225,0.11336816595959964,False
-0.21406298875808716,0.19814252527003018,False
-0.07226449251174927,0.48993219057430226,False
-0.01987791433930397,0.00031323384610004723,False
-0.33922600746154785,2.900149709785245,False
-0.02292013168334961,0.05252844611984534,False
-0.02872803807258606,0.1683745349119083,False
-0.08425047993659973,-0.0005446464771789172,False
0.03258581832051277,-0.017932649620299612,False
-0.04880601167678833,-0.014629213747860512,False
-0.11954694241285324,-0.04759464174662183,False
-0.07278811931610107,0.501119780454701,False
0.13524097204208374,0.21997254667359226,False
-0.002829765435308218,-0.008353380679014522,False
0.018453292548656464,0.0181280467659235,False
0.6779848337173462,2.037644915888388,False
0.7907569408416748,3.16904135027642,False
-0.027924958616495132,-0.005774803026296984,False
-0.01766958087682724,0.0013773596929607251,False
-0.2846548557281494,1.4452795212987866,False
-0.22394132614135742,0.2507080698991129,False
0.033702440559864044,-0.0030700254521214185,False
-0.005040079355239868,0.12988008500010279,False
0.0014738962054252625,0.0059755438128987134,False
0.011412441730499268,0.4476724044553206,False
0.050404876470565796,0.21722969295820987,False
0.0060613155364990234,0.42913193380125547,False
-0.0494736023247242,0.00473139730325425,False
-0.0009809184120967984,-0.0010169546904208512,False
-0.001910715363919735,0.0,False
-0.09143048524856567,0.29005683588377473,False
-0.037046730518341064,0.19168871495399734,False
-0.1440022885799408,0.056838223029782975,False
-0.04586295783519745,-0.026487362148050236,False
-0.008808672428131104,0.12256381252114812,False
-0.09894357621669769,0.14561517393289744,False
0.10068517923355103,0.26541222913620593,False
-0.08034169673919678,0.7899915222359852,False
-0.2110176384449005,0.06462840955436083,False
-0.0477314293384552,0.11000610735383703,False
-0.11098122596740723,0.4459917272013189,False
-0.021280288696289062,0.09855638991569662,False
-0.03683876991271973,0.18841718907966382,False
0.08122479915618896,0.33779932258809975,False
0.09303194284439087,0.515805482602701,False
0.07210803031921387,0.8289084940205538,False
-0.14369142055511475,-0.01849046853449693,False
0.023371510207653046,-0.01041498938708536,False
0.026532597839832306,0.054654668054302816,False
0.04743783175945282,0.14452116254292507,False
-0.012237079441547394,-0.008574874612821021,False
0.04225403070449829,0.16469096794350385,False
0.007549862377345562,-0.043247782842800044,False
-0.013094291090965271,0.14527421521551073,False
0.02433241531252861,-0.01423496431270911,False
0.17189490795135498,0.9594311043188088,False
-0.10346606373786926,-0.10017421524681719,False
-0.4417492151260376,0.9336471991927459,False
0.03877151012420654,0.09385782390124571,False
-0.014819328673183918,-0.009214533723571608,False
-0.00568963261321187,0.0,False
-0.05255258083343506,0.7577920348804811,False
-0.0027470809873193502,0.0,False
-0.006923859938979149,-0.0036391448572103044,False
-0.003663349896669388,0.01178887952119112,False
-0.03209945559501648,-0.015547826862850347,False
-0.058898866176605225,0.46706421283513083,False
-0.0016142427921295166,0.04573766171161962,False
-0.009689114056527615,0.0,False
-0.03296111896634102,0.0,False
-0.05488801375031471,0.00902684805637248,False
-0.2027350664138794,0.5798091940192194,False
0.026967085897922516,0.09340660834009089,False
-0.005905854515731335,0.0,False
-0.31187254190444946,-0.02999128238031898,False
-0.036914050579071045,0.32342230698579744,False
0.006355665624141693,-0.027409264177995295,False
-0.003562089055776596,0.07711067580206502,False
-0.0627334713935852,-0.022477361627015295,False
-0.11866593360900879,0.07083537647176646,False
-0.3231688141822815,-0.0009571544175263902,False
0.05570799857378006,-0.028802215781079346,False
-0.02396145462989807,0.06061422225848209,False
-0.03153535723686218,-0.05646592945763335,False
-0.05196455121040344,0.00793419064622427,False
0.20347607135772705,0.594960784340985,False
-0.0009359587565995753,0.0,False
-0.0553424097597599,0.0611212891713968,False
-0.010490953922271729,0.04714483406708238,False
0.23689578473567963,0.3613356106719408,False
-0.01727914810180664,0.34698611133477913,False
-0.09616926312446594,-0.037496495659847695,False
0.0035131191834807396,0.002306590020487543,False
0.18722176551818848,1.922794999352906,False
-0.15978822112083435,0.07585469923880596,False
-0.010424441657960415,-0.008423516377976512,False
-0.02726680412888527,-0.02294310035246023,False
-0.3219025135040283,0.8092864660236854,False
0.00128260999917984,0.0,False
-0.0029735411517322063,0.0,False
-0.27397429943084717,0.08156359633159166,False
0.05452638864517212,0.914050118945384,False
0.06050553917884827,-0.032317828723614536,False
0.020835131406784058,-0.11474416794212666,False
-0.02491176873445511,0.07890669756584798,False
0.04914450645446777,0.4772853855904566,False
-0.18309074640274048,0.27410389704595817,False
-0.0011173784732818604,0.22603224548771922,False
-0.00256425142288208,0.033560269903654225,False
0.058474332094192505,0.26011948425750275,False
-0.07953263819217682,0.029725825144737983,False
-0.12302261590957642,0.05962311155884295,False
-0.003733441000804305,0.0,False
-0.14820221066474915,-0.103260472258111,False
0.05296134948730469,0.21724701801780882,False
-0.37096887826919556,0.18631980571286721,False
-0.024030545726418495,0.0009851824725046754,False
0.0018495898693799973,-0.01564090575274197,False
-0.028555892407894135,0.04934485226873282,False
0.0007079094648361206,-0.006889028083532522,False
0.07879185676574707,0.16509902103198693,False
0.04954376071691513,0.22793152795125193,False
0.06937867403030396,0.5080892851565093,False
-0.05565628036856651,-0.04464517672755021,False
0.045425206422805786,0.023319563261325924,False
0.30424124002456665,0.6022762696016268,False
0.004660479724407196,0.02893469919269446,False
-0.0028060334734618664,-0.0016288923419373726,False
-0.0020418097265064716,-0.0075040414098137154,False
0.015788273885846138,-0.00885486352380628,False
-0.002937390236184001,0.0,False
-0.0019254073267802596,0.0,False
-0.008751152083277702,0.0020298646163812223,False
0.0705881118774414,0.1118008668076419,False
-0.05668553709983826,-0.039628779533260106,False
0.11180609464645386,0.35019958652469085,False
0.13274961709976196,0.1547040400656266,False
0.11583799123764038,0.13442074154947167,False
-0.4024273157119751,0.32331731513629286,False
-0.008529450744390488,-0.00972936527081868,False
0.03732218220829964,-0.02132577996357194,False
-0.045130304992198944,0.0018185036054785553,False
0.019352734088897705,0.2130705643793179,False
0.02562248706817627,0.02728937695965722,False
0.017278270795941353,5.250492176855914e-05,False
0.012674521654844284,0.004534437202549527,False
0.01516681257635355,0.0,False
0.09074831008911133,0.6977724602520609,False
-0.17726266384124756,1.2114194966115712,False
0.00305841863155365,0.20683791855506917,False
-0.0872727632522583,0.048924687213670194,False
-0.020245946943759918,-0.007629222217014393,False
-0.2740129232406616,0.4524400193900881,False
0.015456432476639748,0.0018971762619912624,False
0.08545604348182678,0.07274296134710312,False
0.007483644410967827,0.0,False
0.12493757903575897,0.09386851956214927,False
-0.04338940232992172,0.020476885009838554,False
0.022535286843776703,0.1651639136024284,False
-0.17337268590927124,0.4471590172986996,False
-0.019714802503585815,0.09801080276549232,False
0.08103637397289276,-0.03306539037735701,False
-0.00852061714977026,0.00015076017007231712,False
-0.12933999300003052,0.052727407450322256,False
0.02784004434943199,0.012945257127285004,False
-0.02380664460361004,-0.024744609086888927,False
0.09587055444717407,0.3942636369056103,False
0.054393768310546875,0.7945872087957091,False
-0.00727671617642045,0.0,False
-0.35753774642944336,0.8368582549842936,False
-0.04139871150255203,0.02661867800977024,False
-0.09430885314941406,0.14760220261013263,False
-0.05847287178039551,0.8326626229830318,False
-0.1360541582107544,0.15241212597429626,False
-0.0029616490937769413,-0.009312512271997204,False
-0.0058062393218278885,-0.01081392426176032,False
0.04303726553916931,0.04046723246574402,False
-0.045069620013237,-0.037187683586536194,False
0.00534957367926836,0.0,False
-0.05551549792289734,0.24003159491789947,False
-0.0021181106567382812,0.06805969696703643,False
-0.05462789535522461,0.25830879625245584,False
-0.0017245709896087646,0.10127366037527179,False
0.17409661412239075,0.5076935069959316,False
0.0006296336650848389,0.037484117828636115,False
0.1910807490348816,0.6134187473593349,False
0.004396345466375351,0.0,False
0.023115672171115875,0.05488840612450592,False
0.11665931344032288,0.5659387100334053,False
-0.08382487297058105,-0.010973956733872536,False
0.010885581374168396,0.09838357971335418,False
0.014725005254149437,0.001137180021032691,False
-0.12326960265636444,-0.05669981733303599,False
0.0,0.0,False
-0.0006737280637025833,-0.03146832366186583,False
-0.03743191063404083,0.19538987727847304,False
0.1515578329563141,0.39815925094294813,False
0.016689550131559372,-0.03642873339630734,False
-0.04994027689099312,0.002833485014490017,False
-0.06538496911525726,-0.006989414457169031,False
-0.006058700382709503,0.04341325650346079,False
0.2390182912349701,0.23810674052191091,False
0.019620191305875778,-0.0037448521524833314,False
-0.10293543338775635,0.5954492359167749,False
0.000999152660369873,0.46057665932172503,False
0.0,0.0,False
0.07210612297058105,0.7725630858848849,False
-0.003800744190812111,-0.0544059075365841,False
0.15726235508918762,0.8719651254389924,False
0.031018733978271484,0.308162451334387,False
0.05426454544067383,0.4893543670228454,False
-0.3934025764465332,1.7863907015594445,False
-0.36104702949523926,0.6486768428220333,False
0.20016779005527496,0.30888305895501916,False
-0.002687195548787713,0.0,False
0.06478649377822876,0.1812928531882746,False
0.1937280148267746,0.19118048612057253,False
-0.022405197843909264,-0.010359750491578602,False
0.04258771985769272,0.06368032637748783,False
-0.04492694139480591,-0.01541610798403753,False
0.01804647222161293,0.0,False
0.011977152898907661,0.0,False
0.00847600121051073,-0.01755555381397038,False
0.01534094288945198,0.0,False
0.010968528687953949,0.0,False
-0.0017698317533358932,0.0,False
0.16239604353904724,0.24079360457667093,False
-0.04730498790740967,0.34489976358164826,False
-0.21818679571151733,0.44908187082696377,False
0.0,0.0,False
-0.007758708205074072,-0.011753718700714774,False
0.03794558718800545,0.046903587957060344,False
0.04428601637482643,-0.0171745396943757,False
0.04321791231632233,0.1562204358104211,False
0.008472995832562447,0.0016295997193083167,False
0.017808541655540466,0.01424388773739338,False
-0.06488873064517975,0.10538877749914108,False
-0.3301095962524414,0.43557558630719373,False
0.043932318687438965,0.812864055793493,False
-0.07774540781974792,0.2759231990207563,False
0.05534392595291138,0.31615098394251445,False
-0.13220757246017456,0.14512905771844378,False
0.1041574478149414,0.3933123305452303,False
-0.06963948905467987,0.06402517277615265,False
-0.11727219820022583,-0.027658657160818167,False
0.02528485655784607,0.05984706538668717,False
0.010104255750775337,-0.0046164537177644654,False
-0.024934235960245132,-0.05157525637004406,False
0.08777812123298645,0.14236101663723147,False
0.01055365800857544,0.3570687655467025,False
-0.005579911172389984,-0.013203648834822904,False
-0.012325040996074677,0.03745023379152079,False
-0.05818845331668854,0.010618847468245107,False
-0.007353365421295166,-0.04335311381423905,False
0.01199270412325859,0.004447838757187128,False
-0.08684766292572021,0.42610527225011324,False
-0.058900393545627594,0.00018098134023603052,False
-0.015015024691820145,-0.015421627090575877,False
0.0011610612273216248,-0.056100437947823684,False
-0.03584557771682739,0.07379251872746392,False
-0.08719584345817566,0.05568196710549886,False
0.01017335057258606,0.09669349849856884,False
-0.1096760630607605,0.1514542633933212,False
0.033206820487976074,1.5865537724604033,False
0.027604438364505768,-0.021588795999341298,False
0.09093627333641052,0.11930336986257528,False
-0.07225953042507172,-0.03634521092121101,False
-0.16300401091575623,0.0662505616306707,False
-0.049480900168418884,0.06505544167128342,False
-0.09035909175872803,-0.01387112386180861,False
0.18049287796020508,3.818686269404089,False
-0.009934023022651672,0.0,False
0.01708575151860714,-0.01881725352529348,False
0.1291808784008026,0.3780034764550908,False
0.07436978816986084,0.6309283658094519,False
-0.03870071470737457,0.026317652718937726,False
-0.19833150506019592,0.06114995739568938,False
-0.02054804004728794,-0.00907332757197366,False
-0.0009633369627408683,0.0,False
-0.03967061638832092,0.29365734413058364,False
-0.23569008708000183,-0.05786883411334803,False
0.09432560205459595,0.1830234249286552,False
-0.020686864852905273,0.05133230344706993,False
-0.017250843346118927,1.0320158253307454e-05,False
0.001817457377910614,0.06105540983089385,False
-0.17919504642486572,0.3388615957636544,False
0.014838870614767075,0.001259380136616528,False
-0.02862122654914856,0.08386725433937009,False
0.011865824460983276,0.074864491790778,False
-0.018284671008586884,-0.010923466948134324,False
-0.011590573936700821,0.004306073214938672,False
-0.027087751775979996,-0.002980496332129524,False
-0.0010702311992645264,0.179430188610768,False
0.012692220509052277,0.015709919205577752,False
-0.0752234160900116,0.10674169153927276,False
-0.03964689373970032,0.15140552316281333,False
0.07931071519851685,0.18343584114263006,False
-0.02035316824913025,0.11763448179619435,False
0.021424993872642517,0.06782625555382953,False
0.012068349868059158,0.0010380620369687676,False
-0.014167487621307373,0.1894320350997029,False
0.0022615864872932434,0.042656781061791535,False
0.015138387680053711,0.03773644139299315,False
-0.0415249764919281,0.0870051665400153,False
-0.1308828592300415,0.22686374881406274,False
-0.08255821466445923,-0.16472007041110787,False
0.010035011917352676,-0.0030785792040054203,False
-0.11764121055603027,0.2623750964625689,False
0.11242133378982544,0.026634317829131615,False
-0.03431543707847595,0.22304452302530806,False
-0.008260555565357208,0.006214687276173442,False
0.5051684379577637,1.010722761636516,False
0.06118375062942505,0.13506395361958057,False
0.2658064365386963,1.5055062828790793,False
0.04178231209516525,0.0005436405969468259,False
0.05971330404281616,0.1460821854311979,False
-0.06987233459949493,-0.029306427177511224,False
0.010947713628411293,-0.009737941270138419,False
0.003709346055984497,-0.014920326430324905,False
0.03376343846321106,0.1480954861583221,False
0.1193113625049591,0.10500768321319492,False
0.05507992208003998,0.13015588237810288,False
-0.04651712626218796,0.08559452025141864,False
-0.09294573962688446,-0.02771884421152304,False
0.20441481471061707,0.40977693486884004,False
-0.33737972378730774,-0.10812500740468478,False
-0.08330678939819336,0.08886387703343057,False
-0.09744852781295776,0.09582510373996955,False
-0.06186962127685547,0.5702339631083755,False
0.058458566665649414,0.6614949934731208,False
-0.04749661684036255,0.24292783436152326,False
0.30622437596321106,0.4027777731466936,False
-0.24873465299606323,0.5189683031965392,False
0.22238779067993164,0.4377075553991483,False
-0.007606476545333862,0.10125682780934293,False
0.009115062654018402,0.1071782037615776,False
0.0,0.0,False
-0.0020306697115302086,-0.003421534389972062,False
0.5044808387756348,2.7181895733700365,False
-0.004825182259082794,0.0027657144237309694,False
0.0913165807723999,0.4547094524899453,False
0.0015901215374469757,-0.06321686476992489,False
-0.008681694976985455,0.0,False
-0.005677711218595505,0.0,False
0.0022873654961586,0.10194439883750848,False
-0.00639236718416214,-0.0082382519930798,False
-0.20844292640686035,0.0955374296298499,False
0.015068799257278442,0.27965984048354026,False
-0.09242825210094452,0.035736801681342245,False
0.11515894532203674,0.3393831307505245,False
0.033433735370635986,0.03183445111497213,False
0.01709437370300293,-0.0720546619474429,False
0.32164108753204346,1.752423872513851,False
0.07973450422286987,0.29020625352859497,False
0.017126915976405144,0.0001860789197962731,False
0.01615631766617298,-0.0040242048189230795,False
-0.10222482681274414,0.7409539436279058,False
0.0,0.002962312661111355,False
-0.2939637005329132,-0.4734273523414875,False
-0.009298249147832394,0.006933391559869051,False
0.0050490424036979675,0.04628647656606407,False
-0.007543087005615234,0.3376193209198518,False
-0.39435315132141113,0.25996230034110956,False
-0.2919330596923828,0.4988365261885348,False
0.0041707828640937805,-0.026657649483340963,False
-0.03029339760541916,-0.019272643925848695,False
0.07692582905292511,0.1546777846261913,False
-0.027185484766960144,0.19731130878174308,False
-0.15493692457675934,0.05515748160857081,False
-0.024842306971549988,0.18638723433770346,False
-0.14716967940330505,0.04712590269059638,False
0.027186423540115356,0.014728175988447792,False
-0.004120670258998871,0.09403869200009324,False
-0.40419065952301025,0.17276732194999,False
-0.07912422716617584,0.043140882566416544,False
-0.3962985575199127,0.08208102281809823,False
-0.10459494590759277,0.2305901371652582,False
-0.002878129482269287,-0.003234543454741422,False
-0.0009345439029857516,0.0,False
-0.037789467722177505,-0.004356644526416648,False
-0.13071703910827637,0.6119296913262244,False
0.005862540565431118,-0.008008747466785721,False
0.010096371173858643,0.4633582707956813,False
0.013050809502601624,0.0,False
-0.003740841057151556,-0.0031742327950279483,False
0.002517094835639,-0.010524556851144682,False
0.01707514375448227,0.03932343261269431,False
-0.00853180792182684,-0.014183489562714802,False
0.005103016272187233,1.639338552195113e-05,False
0.4868772029876709,1.064269908845899,False
0.16360460221767426,0.3027631783046496,False
-0.000675588846206665,0.20539875247188738,False
-0.014047250151634216,-0.040891905163733366,False
-0.520042896270752,0.7102261052692129,False
-0.026105932891368866,-0.007946125930281198,False
0.010265327990055084,0.1205102010255252,False
-0.1182689368724823,0.12323609891223779,False
-0.2524842917919159,0.10237953943649503,False
-0.11472517251968384,0.1495020384038604,False
-0.01494034007191658,-0.014436817276743678,False
0.16364073753356934,-0.0034281309575336476,False
-0.012942489236593246,0.004189390689134598,False
0.024883579462766647,-0.01529302381091031,False
0.04822361469268799,0.6613938172287013,False
-0.03521263599395752,0.08053662339199671,False
-0.1278451681137085,0.7266472735559487,False
-0.023586399853229523,0.1385204133475721,False
-0.09487589448690414,0.04308451329027274,False
0.07524466514587402,0.11850049058795789,False
0.018878553062677383,0.0010157900964882696,False
-0.0038281655870378017,0.0009779006941244006,False
-0.08941465616226196,0.44929281511159574,False
0.022728312760591507,0.0004398069577291608,False
-0.4310598373413086,0.10502165471723468,False
0.006465214304625988,-0.006725128932043206,False
-0.012783315032720566,-0.011579980117277852,False
-0.016070686280727386,0.02119378113726355,False
0.0,0.0,False
-0.37705254554748535,2.01770896022717,False
-0.007643856108188629,-0.06444826628013348,False
-0.20699219405651093,0.08970594360598408,False
-0.30288374423980713,-0.04676972355290365,False
-0.05361176282167435,-0.055017407533349307,False
-0.7632932662963867,1.0011758553191097,False
-0.48329269886016846,0.047019937777812215,False
0.025584816932678223,0.32379599171840984,False
-0.1642775535583496,0.15562928604961612,False
-0.01266118511557579,-0.0052824116184395885,False
-0.38327324390411377,0.7689458185772973,False
-0.0112984087318182,-0.009723454128756047,False
-0.004050880670547485,0.1377143070588591,False
0.029312551021575928,-0.014351622647088867,False
-0.058805353939533234,-0.020691771427395658,False
-0.05558866262435913,0.10083610013306879,False
0.3745214343070984,0.61903346682499,False
0.06848061084747314,0.9029050559595113,False
-0.08837875723838806,0.1809354203481085,False
0.011263860389590263,-0.01216503957069491,False
-0.002683006227016449,0.27608554498837296,False
-0.011237186379730701,0.0,False
0.007777963764965534,-0.040428654098577585,False
-0.017304716631770134,0.0,False
0.07335556298494339,0.17416732013225555,False
0.09255486726760864,0.3437105511443897,False
-0.8440227508544922,-0.08646102389797505,False
0.012432120740413666,-0.01186970309662188,False
-0.19887250661849976,0.2144413182209881,False
0.028680086135864258,0.25594130000837706,False
-0.002993910340592265,-0.00443950997696436,False
0.02900584414601326,-0.006068402318901732,False
0.0,0.0,False
0.09118258953094482,-0.03721588111273069,False
-0.020587382838129997,0.023568538948893547,False
0.00946219265460968,0.08132838365675121,False
0.015601320192217827,-0.003512446077875354,False
-0.006993338465690613,-0.037261002370761145,False
-0.07635784149169922,0.5557129905365813,False
0.00028793327510356903,0.08340959250926971,False
-0.15988600254058838,0.31946067381515686,False
-0.004732796456664801,0.0,False
-0.10753689706325531,0.3100663761903114,False
0.05023167282342911,0.13846273720264435,False
-0.019795922562479973,-0.004869127178996447,False
-0.10380607843399048,0.27229268311461285,False
-0.01942070573568344,0.01023028523871844,False
0.04448940232396126,0.0010139727104632873,False
0.04663822054862976,0.16570473928321153,False
-0.062424421310424805,1.0652319325025443,False
-0.0027466861065477133,0.0,False
-0.02898550033569336,0.4436969592049943,False
-0.12339663505554199,0.2707876675935292,False
-0.21602106094360352,0.02739073874722467,False
0.02191462554037571,0.0,False
0.38514554500579834,0.8730988419327239,False
-0.016679570078849792,0.07647404961865267,False
-0.05496346950531006,1.4105570718931393,False
-0.011816699057817459,0.0448061981563201,False
0.03945052623748779,0.11457101054758848,False
-0.0029498788062483072,0.01085749827325344,False
0.0,0.0,False
0.12155985832214355,0.7556330759405286,False
-0.06940522789955139,-0.92480418324315,False
0.021782709285616875,-0.2994581759886198,False
-0.004635482095181942,0.0001456703757867217,False
-0.07648307085037231,-0.16873199431412178,False
0.014739631675183773,0.0,False
0.03098040632903576,-0.0035818667817750453,False
0.0005799382925033569,-0.010057896494833695,False
-0.005615618079900742,-0.01658744551806989,False
-0.07973450422286987,-0.06924732210171582,False
0.2240734100341797,1.1402745881840293,False
0.0174981951713562,0.022986967130872726,False
-0.03571361303329468,-0.037378704510068306,False
0.01795872300863266,-0.0027375082808876634,False
-0.0027965307235717773,0.5952465503014437,False
0.2047102451324463,0.6610330046098427,False
-0.04981958493590355,-0.00884204463492876,False
-0.01747979037463665,0.0,False
-0.08292439579963684,-0.10838575205356799,False
0.1801866888999939,0.6809352483605505,False
0.02442260831594467,0.11429095715721771,False
0.31469273567199707,0.8994293858967426,False
-0.007487300783395767,0.0,False
0.0019323751330375671,0.05693533475251215,False
-0.09114620089530945,-0.021590694857316864,False
-0.015236266888678074,0.0008764360100030899,False
-0.013254612684249878,0.10820341408427184,False
-0.020378991961479187,0.04985173391452763,False
0.015659978613257408,0.0,False
-0.016458019614219666,-0.0026853624746336594,False
-0.011647454462945461,0.0,False
0.052297331392765045,0.003137151710689068,False
0.020061850547790527,0.49622457605002146,False
0.08862186968326569,0.14593222475445394,False
0.2029043436050415,0.5117255357889199,False
-0.005688442382961512,0.0,False
0.06235063076019287,1.380324490240254,False
-0.01848205365240574,-0.01688624951145712,False
-0.004355115815997124,-0.00869320734556187,False
-0.0923692062497139,-0.03673212505826975,False
0.0002034790813922882,0.0,False
-0.012970887124538422,0.01373390294611454,False
-0.04892393946647644,-0.02871794181881604,False
-0.004703678656369448,-0.0075436026212698844,False
0.013350352644920349,0.03914721926629597,False
0.02901593968272209,-0.01710505792913866,False
-0.13696756958961487,-0.04388004261313386,False
0.004792500287294388,0.039238971385167576,False
-0.04594802111387253,-0.029920008171792564,False
0.02136227861046791,0.01340245049807099,False
0.11743175983428955,0.7566331784966828,False
-0.011220302432775497,0.0,False
-0.009290272369980812,0.07486607134342194,False
-0.05194804072380066,-0.02973649867771569,False
0.0235368050634861,0.0008097218815237284,False
-0.01806076616048813,-0.01466788823174799,False
0.022658150643110275,0.10078673495116929,False
-0.007331833243370056,-0.007983791078794461,False
0.0,0.0,False
-0.02163528837263584,-0.006565004978105373,False
0.009719030931591988,0.006704871271515124,False
-0.033858299255371094,3.0918939386799646,False
0.26610565185546875,3.646310618566111,False
0.057306453585624695,0.2007236470247003,False
-0.10203509032726288,-0.13456551595957367,False
-0.1625400185585022,-0.006200579875372897,False
-0.14997541904449463,0.9697133251503116,False
-0.35420143604278564,-0.006280074001777491,False
-0.09748446941375732,0.0269040805946012,False
-0.02389499545097351,0.4307061896907827,False
0.02000206708908081,0.1720916409555164,False
0.03731907904148102,0.13792616389600074,False
0.030787378549575806,0.4222155701085389,False
-0.3130243420600891,0.06561843804465761,False
0.09108611941337585,0.20867804804295176,False
0.0018594861030578613,-0.20119729226369287,False
-0.05687308311462402,1.680377436605598,False
0.03213497996330261,0.09123013155564785,False
-0.2555607557296753,0.1222722198037075,False
0.0014737248420715332,0.013322476300740332,False
0.06141454726457596,0.11860996578375521,False
-0.06628865003585815,-0.013685099697826088,False
-0.04937981069087982,0.29446065329669063,False
-0.01304949726909399,0.0,False
0.03764913231134415,0.12472841158589343,False
-0.14443565905094147,-0.0348290666129224,False
-0.13849687576293945,0.4654878118698782,False
0.021624311804771423,0.29306180200995524,False
-0.0023580342531204224,0.014914045514891554,False
-0.04386842995882034,0.0004228212055750191,False
0.467867374420166,2.175214528773303,False
-0.00480944849550724,0.0,False
0.094913050532341,-0.00379532233462887,False
-0.0858655571937561,0.25910460311210637,False
0.4967479705810547,2.4035017480809855,False
-0.25975483655929565,0.47798294410281966,False
-0.0036800592206418514,0.0,False
-0.004912874661386013,0.0,False
-0.01747119426727295,-0.1403738479791088,False
-0.004647374153137207,0.0,False
-0.03768649324774742,0.002340287839968949,False
0.018262995406985283,0.0,False
0.006932690739631653,0.030489873227577985,False
0.029369499534368515,0.00453187245875597,False
-0.0005788803100585938,0.5718906449973776,False
-0.2334742546081543,0.5872284573997965,False
-0.5458232164382935,0.025540764349979983,False
0.02100495994091034,0.0907210345945623,False
-0.013145983219146729,-0.15241716581750764,False
0.02982589602470398,0.05996191333242368,False
0.016233734786510468,0.01845565438270569,False
0.006194069981575012,0.00015506910858675838,False
0.26042723655700684,0.9820600333296524,False
-0.16419851779937744,0.3017744894301657,False
0.21388328075408936,0.7815626849659878,False
-0.29456114768981934,2.2660942841933376,False
-0.038981616497039795,0.020783680018146608,False
-0.07487413287162781,0.22222226383217442,False
0.018723249435424805,-0.6300034879484159,False
0.5807693004608154,2.1255558663334044,False
-0.07740938663482666,0.18641927752356588,False
-0.011505465023219585,0.0,False
-0.061152875423431396,-0.02052609393437599,False
-0.18805408477783203,0.9617297471157791,False
-0.00595441646873951,0.0005788611015304923,False
-0.7042938470840454,0.34209041145425245,False
0.10034763813018799,0.1457131817718113,False
0.010882309637963772,0.0,False
0.049041420221328735,0.21846901322854298,False
0.042418599128723145,0.1729095304690147,False
-0.08232685923576355,0.23169519839202565,False
-0.01564621925354004,0.48020776458423725,False
0.18459022045135498,0.6587295830875812,False
0.010820910334587097,0.19517675365175582,False
0.1845606565475464,1.1562102298796573,False
-0.13037589192390442,0.26894660270061166,False
0.17894762754440308,0.6937092401581975,False
0.038438647985458374,-0.020410757366437413,False
0.04830290377140045,-0.2644137880014593,False
-0.07927438616752625,0.28158600871821315,False
-0.08958287537097931,-0.10417537470082372,False
0.10693871974945068,0.40883116353077464,False
-0.28143876791000366,0.009143084454618589,False
-0.06457743048667908,0.122784730231247,False
-0.026510536670684814,0.13609204893760066,False
0.01957225799560547,0.19486737474544608,False
-0.015710890293121338,0.17951811756146785,False
-1.0431756973266602,1.6404207562441138,False
0.02242889255285263,0.0018465187167748809,False
-0.0875120759010315,0.15289578229969697,False
-0.16438055038452148,0.2808058246674464,False
-0.03099752590060234,-0.018002374920888763,False
-0.09046101570129395,0.1971932093762673,False
-0.0989786684513092,0.12457873856576104,False
-0.02275727316737175,0.02537338063120842,False
0.010984614491462708,0.14073112607002258,False
-0.009707925841212273,-0.003642892884598599,False
0.014347897842526436,-0.0030135908361627393,False
-0.003798810997977853,0.0,False
0.00881391204893589,0.00867020059376955,False
-0.011617498472332954,0.0009687209385447204,False
0.6795660853385925,0.8533013564337031,False
-0.009176626801490784,0.0,False
-0.2551229000091553,0.05235438942257431,False
-0.009007805958390236,0.0,False
-0.006690751761198044,0.002119653858244419,False
0.028477132320404053,0.529964556845419,False
-0.2325553297996521,0.032578048963452955,False
0.0038900375366210938,0.32534412602073026,False
0.002641722559928894,-0.02690406417827454,False
0.006070315837860107,0.1474929449541872,False
0.03777993097901344,0.0012675635516643524,False
0.012207143008708954,-0.18785647055843077,False
0.0698188841342926,0.26626400538323625,False
-0.08530635386705399,-0.04730911919490134,False
-0.10616451501846313,0.11764409481122708,False
-0.0041891466826200485,0.0022879024036228657,False
-1.1545815467834473,0.23775908998840986,True
0.8046174049377441,1.6855012858046718,False
-0.20444118976593018,0.44834619316871405,False
-0.7094059586524963,0.2310997870595834,False
-0.6020090579986572,1.1718733675110031,False
-0.07190604507923126,0.0,False
-0.051852524280548096,-0.08398539384453155,False
0.031643886119127274,-0.01976731746277882,False
0.08781546354293823,0.13187273023298146,False
0.04216885566711426,1.3574505784153486,False
-0.022442400455474854,0.24939376122677115,False
-0.09657879173755646,-0.06224416925808565,False
-0.20561105012893677,-0.317576856404492,False
0.1308283805847168,1.1148595912582726,False
-0.033429473638534546,0.14773485931341923,False
-0.09429287910461426,0.6944848192159181,False
0.06115336716175079,0.19165204376285158,False
0.06350365281105042,0.3804095021650287,False
-0.0010898187756538391,-0.011812393394689837,False
-0.02272927016019821,0.04010086879134178,False
0.020258143544197083,-0.010820407445780365,False
-0.03573356568813324,0.018699632902563046,False
-0.015374138951301575,0.00311939556048383,False
-0.03686484694480896,0.13872026929225148,False
-0.026256322860717773,0.3513618805701427,False
0.0,0.0,False
-0.013152927160263062,9.530244714972547e-05,False
0.0,-0.002239200150439391,False
-0.0027515506371855736,0.0,False
0.004719436168670654,0.15620871042173173,False
-0.2554398775100708,0.7348720082148247,False
0.02826034277677536,0.0409897190506125,False
-0.007399313151836395,0.014342801155151847,False
-0.06504479795694351,-0.06196167557982182,False
-0.030895669013261795,0.023306963191725434,False
-0.0009421157883480191,0.0,False
0.06922921538352966,0.1555343401822183,False
-0.036711543798446655,0.10713345985929451,False
0.058276355266571045,0.11958431124541669,False
-0.05002546310424805,0.4781622164907253,False
-0.2953423261642456,0.25562521288735585,False
-0.022528156638145447,0.05300997544100847,False
-0.00013446062803268433,0.11376680066941874,False
0.004617464728653431,0.02268320694565773,False
-0.11934494972229004,0.2395112350195131,False
-0.10610203444957733,0.1674269998386158,False
-0.18955382704734802,0.16361539341977574,False
0.053693681955337524,0.11466384735167962,False
0.47946685552597046,0.7383421665376042,False
-0.023164555430412292,0.19358883604620125,False
-0.014514118432998657,0.16887128817893612,False
-0.0035349831450730562,0.0,False
0.2845093011856079,0.6748288301930324,False
0.008897185325622559,0.6441912593036778,False
-0.055058643221855164,0.19843083889715765,False
-0.07742653787136078,-0.022743948332527283,False
0.06420755386352539,0.32985062609481197,False
-0.01995915174484253,0.10221457370248563,False
-0.01808367297053337,-0.04142326106986775,False
-0.40609025955200195,-0.17250087639083733,False
-0.028258562088012695,0.41067850868437394,False
-0.04993508756160736,0.0,False
0.0020000822842121124,-0.012036779004247185,False
-0.04395339637994766,-0.02659614612835089,False
0.05177640914916992,0.1713472536839839,False
-0.00586751289665699,0.0,False
-0.52863609790802,0.5333331576708322,False
-0.005039550364017487,0.14692056697845457,False
0.0023769233375787735,-0.008331231102906721,False
0.031348034739494324,0.11346159930277347,False
-0.15666228532791138,0.37986170895123167,False
0.04775208234786987,0.165768953147443,False
-0.10662806034088135,0.6087756679534305,False
-0.06727766990661621,3.2600270402648768,False
-0.38348233699798584,1.5518649175095978,False
-0.8916616439819336,3.3834724400551712,False
-0.14942193031311035,0.30640250245942774,False
-0.09593987464904785,1.1618927993235915,False
-0.9193048477172852,5.154824970020778,False
-0.31360843777656555,0.4079173876018808,False
-0.07456842064857483,0.2588328421115875,False
0.025923550128936768,0.4847923739025035,False
0.018018146976828575,0.0006513791158795357,False
-0.009478732943534851,-0.007698387701728241,False
-0.018584055826067924,-0.027411751303904254,False
0.028086543083190918,0.03843245280846233,False
-0.294979989528656,-0.04296064533744044,False
-0.005927661433815956,0.0,False
-0.03615955263376236,-0.030687015557105173,False
-0.0007148981094360352,0.17192374876300792,False
-0.3100185990333557,-0.012784275372444531,False
0.0,0.0,False
-0.0008783647208474576,-0.007717252414414929,False
0.013846000656485558,0.10204344987869263,False
-0.009509923867881298,-0.042503515970288126,False
-0.007608041167259216,0.010235704623433234,False
-0.000886624155100435,-0.007583270921805721,False
-0.015181243419647217,0.27493343937179127,False
0.11941677331924438,0.5296062515314282,False
-0.12625236809253693,0.009760076947819833,False
0.02216416597366333,0.1366938211881689,False
0.005828190594911575,-0.017700596719524175,False
-0.03921451047062874,0.030048593159576788,False
0.01708809658885002,-0.0029966722670937934,False
0.006422102451324463,0.6872972759061029,False
0.011585116386413574,-0.007180779549802039,False
-0.17684128880500793,0.0715302247084958,False
-0.13579463958740234,0.4041775345928006,False
0.15121600031852722,0.25149635445007434,False
0.028639964759349823,6.428189863072475e-06,False
-0.4779130220413208,1.1201125681460948,False
0.015321271494030952,0.041213832795619965,False
-0.6455291509628296,0.41793363672592654,False
-0.011312803253531456,0.0012875741813331842,False
-0.00789591670036316,0.1683044349228613,False
0.020952939987182617,0.12297859003127523,False
-0.31789112091064453,0.3186924771785498,False
-0.17753267288208008,0.5036950951157351,False
-0.37856030464172363,1.6319645678211878,False
0.024469375610351562,0.4803952987725979,False
0.013550281524658203,0.5581318120913163,False
-0.11396241188049316,0.6188433455363267,False
-0.02941882610321045,0.897061929140122,False
0.0008851159363985062,0.03167730197310448,False
-0.01130635291337967,0.007824973883272347,False
0.07179909944534302,0.46255204785783677,False
0.026446346193552017,0.0,False
0.0449749231338501,0.3281723702849063,False
-0.018153071403503418,0.07599593477012473,False
-0.12131822109222412,0.25052397624838146,False
-0.05901119112968445,0.04694070474739147,False
-0.10819527506828308,0.3044143244508075,False
-0.021913982927799225,0.057491428661770504,False
0.15883105993270874,1.0724078372596686,False
-0.07721162587404251,-0.07593794425536649,False
-0.038532525300979614,0.22367104977527566,False
0.02482686936855316,0.09706157645843834,False
-0.2397141307592392,0.10979159819392187,False
-0.41474199295043945,2.654533901502382,False
0.06079182028770447,0.3179256695854935,False
0.01832684874534607,0.08476567333852994,False
-0.06359253823757172,0.18364164537049388,False
-0.10567772388458252,-0.10332988016253311,False
0.032400764524936676,0.0,False
-0.08416759967803955,0.4924793041582987,False
0.07658517360687256,0.12249799458279725,False
-0.0038715291302651167,-0.014054223579047457,False
0.047962404787540436,0.07459914363642377,False
-0.1439947485923767,0.19146851655825015,False
-0.030034540221095085,0.0013388348743319511,False
-0.004190620966255665,0.0001261874713236466,False
-0.5199346542358398,0.6335988772694301,False
-0.2567857503890991,0.8739910283854627,False
0.14286138117313385,0.18336840836397295,False
0.013187091797590256,0.019368592649698257,False
-0.07778392732143402,-0.0017066289401393778,False
-0.3379325866699219,1.550142105645734,False
0.044584598392248154,0.0,False
-0.015385325066745281,-0.006067000918336979,False
-0.29888081550598145,0.316576217235781,False
-0.04886104166507721,0.10438671877945317,False
-0.37730133533477783,-0.06755213295874163,False
-0.005588822066783905,-0.02191754691900581,False
-0.07088318467140198,-0.11319738707520885,False
0.018159255385398865,-0.02260042466022233,False
-0.037620313465595245,0.00012784091813955456,False
-0.005669166333973408,0.0,False
-0.8358194828033447,-0.162832693531745,False
-0.1421005129814148,-0.2630793777895979,False
-0.03024984709918499,0.011275161558900453,False
0.01486777514219284,0.00016205140855163336,False
-0.10318037867546082,-0.13326032583712388,False
0.0443648099899292,0.41784421172857883,False
-0.14484110474586487,0.11458997771908208,False
-0.039737582206726074,0.30571702781830074,False
0.008710086345672607,0.13250175258301564,False
-0.6795477867126465,0.5781230088078093,False
-0.0035967249423265457,0.0,False
-0.003571748733520508,0.2619146180755809,False
0.35600507259368896,0.8510106230893085,False
-0.03875967860221863,0.44673512048200237,False
-0.16059395670890808,-0.012721402076130338,False
0.457955002784729,1.3596415344735522,False
0.022902727127075195,0.4187839448214334,False
0.023391779512166977,0.012910577344836277,False
-0.04596209526062012,0.18211502267922192,False
-0.03980228304862976,0.282186275368677,False
-0.07359272241592407,0.11888406249713046,False
-0.14950472116470337,0.45808158169603036,False
-0.26979565620422363,0.7445975458708972,False
-0.039669960737228394,0.19798934666181073,False
0.03848308324813843,0.0,False
0.011101744137704372,-0.002733550796981961,False
0.03309958800673485,0.021260874345898628,False
-0.07309222221374512,0.7194131977490165,False
-0.025950565934181213,-0.018771231804543383,False
-0.020436078310012817,0.14661211027269538,False
0.035535842180252075,0.3063801749256967,False
0.01481781154870987,0.15814068913459778,False
-0.09630309045314789,0.10085390734522709,False
0.016979709267616272,0.033172737807035446,False
-0.052196115255355835,0.2355540543794632,False
-0.18216419219970703,0.9183639597456974,False
0.1517585963010788,0.2102415621875429,False
0.11076892912387848,-0.0005911771269438149,False
0.024734318256378174,0.4039800644931357,False
0.017660140991210938,0.3426403233483624,False
-0.25623273849487305,-0.16150739359779742,False
-0.13608789443969727,0.7280034160734338,False
-0.10132753849029541,0.7574887787821573,False
-0.08777263760566711,0.10132988951097378,False
-0.05563416704535484,-0.014775371290719793,False
-0.3128476142883301,-0.14627119023888502,False
-0.027219414710998535,0.5966823587594641,False
-0.13592839241027832,0.3357163827316498,False
-0.1287723332643509,0.04818532345653651,False
0.0150529146194458,0.03196221841633315,False
0.0326986238360405,0.11513306864423986,False
-0.00286720204167068,0.0,False
-0.005886845290660858,0.0,False
0.06530285626649857,0.08949299985986696,False
-0.17419204115867615,-0.11045307574711505,False
-0.0067157745361328125,0.24200546672867074,False
-0.03719792515039444,-0.0857735757800494,False
0.1814226508140564,0.8630016996484,False
0.01862582564353943,-0.08468469779067629,False
-0.02993658557534218,0.0006005895556882024,False
-0.007998615503311157,-0.041371217487214174,False
-0.035710081458091736,0.18261714972132964,False
0.14772915840148926,0.7766412352768879,False
-0.03250241279602051,0.3735412005469044,False
0.06234639883041382,0.414077177964921,False
0.02285665273666382,0.07802033956560558,False
-0.0762677788734436,0.18800312035216,False
0.2372441291809082,0.6477464686972523,False
-0.00479899113997817,5.396826963988133e-06,False
-0.19310975074768066,1.576565703991664,False
0.0656745433807373,0.6889918136980113,False
0.01388421468436718,0.0,False
0.03817812725901604,-0.03758495574478952,False
0.0,0.0,False
0.08135569095611572,0.5641777583308324,False
0.016526907682418823,0.010091951967123865,False
-0.009052157402038574,-0.01755174379174677,False
-0.0009313370101153851,0.0,False
-0.004770949482917786,-0.038512713706887275,False
-0.48238247632980347,-0.10349964290215549,False
-0.056330472230911255,0.2715883242315104,False
-0.013197358697652817,0.0008082821732386947,False
-0.07494857907295227,0.04251458785179554,False
-0.05051451921463013,0.2924171837237349,False
-0.06190836429595947,0.17528591583601805,False
0.08599793910980225,0.22740834985507674,False
-0.04244488477706909,0.2867660031012012,False
-0.13128620386123657,0.09394697271190555,False
0.001174136996269226,0.15171286557527208,False
0.10037046670913696,0.5767095413218706,False
-0.03747735917568207,0.18616742593201951,False
-0.021664578467607498,0.0,False
-0.03706267476081848,0.10315512287045227,False
-0.07999773323535919,0.2817585091767873,False
-0.006498600821942091,-0.008061801945287848,False
0.022812455892562866,0.13582098739150902,False
-0.024189015850424767,-0.009424925987221817,False
0.0056870561093091965,0.0,False
-0.005881007760763168,-0.01955740353712273,False
-0.02529771625995636,-0.005151216297913347,False
0.14219319820404053,-0.145230901222918,False
-0.024130506440997124,-0.00952111617379297,False
-0.04754136502742767,-0.025579328242383306,False
0.0203529242426157,-0.009474230711514433,False
-0.006612781900912523,0.0,False
0.07837653160095215,1.6737372845017422,False
-0.3168811798095703,1.2398168902970157,False
-0.3139137625694275,0.04502639668415473,False
-0.11265523731708527,-0.04524844598804155,False
-0.1397964358329773,0.5468845610283988,False
0.036151692271232605,0.08013787120580673,False
0.024446634575724602,0.035680703818798065,False
0.004594232887029648,0.04842823593971306,False
-0.011072971858084202,0.0019340908620506525,False
-0.0051898472011089325,0.0012893695384263992,False
-0.03133445233106613,9.35591961024329e-05,False
0.01680631749331951,4.566309507936239e-05,False
-0.9014865159988403,0.7476028851559654,False
-0.19741703569889069,0.034709491574006865,False
0.007924413308501244,-0.010844126442421689,False
0.059856921434402466,0.1445646218298639,False
-0.00913988146930933,0.0,False
0.013896683230996132,-0.012419114628396042,False
-0.03875263035297394,0.13009776965643605,False
-0.061382755637168884,0.00893921705283289,False
0.004638999700546265,-0.011007839602326555,False
-0.008353086188435555,0.0,False
0.003472420386970043,-0.00814037384890762,False
-0.3737552762031555,-0.022044038585632975,False
-0.13677269220352173,-0.10624233845953701,False
-0.00042951107025146484,0.5767372971938726,False
0.007542060688138008,-0.01601067940450844,False
0.09370303153991699,0.1842108710412694,False
0.08790874481201172,2.262115504167303,False
-0.0038428842090070248,0.00017303704225923866,False
-0.00908281747251749,-0.02202843410214497,False
-0.023982763290405273,0.7398208251721399,False
-0.0008675008430145681,6.487659993581474e-05,False
0.18282842636108398,3.1552117344096153,False
0.1014757752418518,0.2673225712534234,False
-0.13892295956611633,0.34607921443643574,False
-0.040219441056251526,0.07254728318879122,False
0.15402768552303314,0.1899903267621994,False
0.05569314956665039,0.02828874858258547,False
-0.04045725613832474,-0.013059327778368691,False
-0.3556675910949707,0.11559607898972962,False
0.009445740841329098,0.0,False
-0.026582330465316772,-0.25119513367887536,False
-0.004332481883466244,0.0,False
-0.39839375019073486,0.3826576201075217,False
-0.030140578746795654,-0.0018193274286048534,False
0.0022609923034906387,-0.31119012957156805,False
-0.025776291266083717,0.0,False
-0.004540138877928257,-0.027678654970126372,False
-0.10862994194030762,0.36644471115021193,False
-0.006565747316926718,0.0,False
-0.004303954541683197,0.009143669158220291,False
0.016753509640693665,-0.003300148806570487,False
-0.005891084671020508,0.0,False
-0.06241992115974426,-0.08850032841354957,False
-0.0468006394803524,0.0,False
0.011084325611591339,0.0,False
-0.12763458490371704,0.23703619125361355,False
-0.016751516610383987,0.06475407193781764,False
-0.11029444634914398,-0.06544764005789586,False
-0.237423837184906,0.0028229962190895463,False
0.0023750998079776764,-0.005011667079871853,False
-0.17257681488990784,-0.2020870903704612,False
-0.22041630744934082,0.11637864454267693,False
-0.031669653952121735,-0.020656869355570012,False
-0.22671744227409363,0.0861762188033558,False
0.026813821867108345,0.0,False
-0.060911357402801514,0.15930611903683284,False
0.03790269047021866,0.131264408746667,False
-0.16989684104919434,-0.2483371708265557,False
0.0029806531965732574,0.014399540610611439,False
-0.00848076306283474,0.0,False
0.054274238646030426,0.04162969751030273,False
-0.35318291187286377,0.037969667643243055,False
-0.16659168899059296,-0.003580395421779514,False
-0.005657317116856575,0.0,False
-0.17842793464660645,0.22699096774468613,False
-0.2280939221382141,0.11099350784107898,False
-0.09182918071746826,0.14017088495436175,False
-0.09855839610099792,0.07741728210246401,False
-0.0058624050579965115,-0.013815409648033718,False
-0.0436023473739624,0.3785505805615357,False
0.03277713060379028,0.28267590106272733,False
-0.21529105305671692,0.09292794219288693,False
-0.179668590426445,0.0643416760953219,False
-0.015344895422458649,0.00466247832440016,False
0.010750852525234222,0.07936794459399549,False
-0.7744221687316895,-0.05631592334195634,False
-0.0047763376496732235,0.0,False
0.11439760774374008,0.30583682656288147,False
-0.036769233644008636,-0.029902570985327503,False
0.031021207571029663,-0.017222578764471044,False
-0.7540460824966431,0.4496128943585829,False
-0.033382803201675415,0.03394120281354637,False
-0.7909424304962158,0.9202825196666864,False
0.1610199511051178,0.3138301246506055,False
0.140112042427063,0.39163693851822756,False
0.00716555118560791,0.5086792794855022,False
-0.4949904680252075,0.38198768843571584,False
-0.3929711580276489,-0.07498120038222045,False
-0.062991663813591,0.21455984094199612,False
-0.26540374755859375,0.04152664275484627,False
-0.2512034773826599,0.27654467102310576,False
0.00015985965728759766,0.6061012264941499,False
-0.14682286977767944,0.1862285231913117,False
-0.05567193031311035,0.46020237740607284,False
0.04295651614665985,0.36036572999166716,False
0.045794665813446045,0.32513525460251114,False
-0.007576051168143749,0.0,False
-0.6755234003067017,0.12875136094197445,False
-0.17766079306602478,-0.35685619097720256,False
-0.006501681171357632,-0.009946334650056754,False
0.03836250305175781,0.17441898692047517,False
-0.006597369909286499,0.18176596274837542,False
0.32790541648864746,2.362609152217555,False
0.018688082695007324,0.3369785485628438,False
-0.006668791174888611,0.09707312740839881,False
-0.023182202130556107,-0.021895792427635962,False
0.06761118769645691,0.4192214651362197,False
0.0077448636293411255,0.08588803324580639,False
0.027702420949935913,0.0798909344883866,False
-0.4605393409729004,0.5753360501561311,False
-0.11909231543540955,-0.1926528390077516,False
0.030329465866088867,0.41727058814526735,False
-0.044676683843135834,0.036703209584910995,False
-0.09283819794654846,0.011609594238737794,False
-0.18935614824295044,0.1543131437626747,False
-0.16706562042236328,0.5332251977962474,False
0.1485300064086914,0.710409831586711,False
0.0,0.01115478202700615,False
0.01104266382753849,-0.01367443707870019,False
-0.06946678459644318,-0.01393587316887062,False
-0.0802152007818222,-0.13273805288267126,False
0.0,0.0005642013857141137,False
0.058946505188941956,0.2617959175808943,False
-0.9771056175231934,0.9976861322101616,False
-0.08313900232315063,0.12964644756111426,False
0.007329344749450684,0.17895050715454316,False
-0.2528490424156189,0.5485442482616958,False
-0.017606735229492188,1.3838385899224668,False
-0.012518147006630898,0.0,False
-0.015684939920902252,-0.014505066076833883,False
-0.06787317991256714,-0.017347607187015973,False
0.02646350860595703,3.5656795041658524,False
-0.8004014492034912,0.2448906483215323,False
-1.445882797241211,-2.1404519754233102,False
-0.4344218969345093,2.3776248844228434,False
-1.365788459777832,0.7535841360452502,False
-0.028621841222047806,0.0,False
0.247452974319458,1.9846242635045177,False
-0.012392012402415276,0.04305000885853642,False
0.015517830848693848,0.65741531798962,False
-0.24677038192749023,1.1563899864874154,False
0.13002997636795044,0.3925086517434892,False
-0.03787660598754883,0.7129567830841124,False
-0.054831597954034805,0.04417257042901483,False
-0.38020873069763184,1.4698673935377762,False
-0.3774428367614746,1.4915812973087013,False
0.08243370056152344,3.455330253751243,False
-0.02010008692741394,0.01900130991905452,False
-0.002920531202107668,0.0,False
0.02317248284816742,0.009318255722308343,False
-0.02798444591462612,-0.013165680477595256,False
0.03027665615081787,0.21883012179322364,False
-0.174163818359375,0.17919242309496997,False
0.2979680895805359,0.7263608753496582,False
0.10231141000986099,0.22026323092851344,False
0.06875750422477722,0.12989895660722767,False
-0.007535845041275024,0.046765617720613176,False
-0.024819135665893555,1.2558056864845601,False
0.18663513660430908,1.0453032831307838,False
-0.05614829063415527,1.0043124086813326,False
0.4581264555454254,0.8682938651804902,False
-0.0038147589657455683,-0.005571786617304086,False
0.014936287887394428,-0.014529948147619529,False
0.006796486675739288,-0.016916070565970814,False
-0.10762766748666763,-0.005763300000394206,False
0.0458926185965538,0.10158908640262544,False
-0.007679227739572525,-0.0044218450999090435,False
-0.06265038996934891,-0.009619127863603093,False
0.0055768489837646484,0.29603315323747104,False
-0.037656769156455994,0.15801953325076445,False
0.09023183584213257,0.5241910731677523,False
-0.0860295295715332,0.5538547473612216,False
0.027983009815216064,0.031654497867185605,False
-0.07374411821365356,0.16064652516963315,False
0.039466455578804016,-0.0038937066353104677,False
-0.026222266256809235,0.19563182212705316,False
-0.16866332292556763,0.17294828041118643,False
-0.05853442847728729,0.016529051586985588,False
-0.04928429424762726,0.13129592614526037,False
0.017634782940149307,0.0,False
-0.01176309585571289,0.37071893202265654,False
-0.28214752674102783,0.5847954969849573,False
-0.008025851100683212,0.0,False
0.006089653819799423,0.0005272398702800274,False
0.0070363059639930725,0.0,False
0.3306577205657959,0.6360392441517384,False
-0.1427057981491089,0.3924094208738666,False
-0.006713211536407471,0.0,False
-0.002974467584863305,0.0,False
-0.09353813529014587,0.024107233296487465,False
-0.10904023051261902,0.1133906205478458,False
0.008992841467261314,0.0,False
-0.06742841005325317,0.13661481656032975,False
-0.11310705542564392,0.08607419738219788,False
0.004509866237640381,0.4509930951632094,False
0.07947808504104614,1.0291149434198414,False
-0.0067007169127464294,0.0003163025248795748,False
0.026169314980506897,0.11402449011802673,False
0.12729094922542572,0.0009957869770005345,False
0.0025478005409240723,0.002220629481598735,False
-0.5891435146331787,0.05277999757358698,False
0.01844748482108116,0.08607909399675853,False
-0.0006346795707941055,0.0,False
-0.006488276645541191,0.004185845144093037,False
-1.3923559188842773,1.8329736110990864,False
-0.4498128890991211,0.4026692311243321,False
0.04110759496688843,0.2109568781583381,False
-0.011734306812286377,0.06566682271321574,False
-0.19674426317214966,0.22283683544792246,False
-0.058195292949676514,0.14485462833068877,False
0.09302365779876709,-0.017284537035087588,False
0.13810953497886658,0.2719158288368393,False
-0.09439864009618759,0.017837061060615597,False
-0.009704440832138062,-0.1070273597204186,False
-0.10235270857810974,0.11786926065364844,False
-0.039530783891677856,-0.02125418496042636,False
0.11017453670501709,1.2259383714259438,False
0.0882691740989685,0.7222168417306802,False
-0.1772027611732483,-0.17215877382334022,False
0.15907755494117737,0.21153925791743786,False
-0.0866222232580185,0.0662220392566401,False
-0.04827380180358887,0.4856543444914159,False
0.003894589841365814,0.02265773379573608,False
0.021840333938598633,0.2990974752270972,False
0.044190436601638794,0.19786213101425273,False
-0.006773144938051701,0.0,False
0.10199715197086334,0.2673421959172477,False
0.02973085641860962,0.45395009854116325,False
-0.0824679285287857,0.36185251829775483,False
-0.055946655571460724,0.001404645726220996,False
0.06359493732452393,0.06430460519821493,False
-0.16168373823165894,0.4586093727855872,False
0.19325774908065796,0.411542319969268,False
-0.15140587091445923,0.009393479387999948,False
-0.02741916850209236,0.0027400723192840815,False
0.029535315930843353,0.1255624180981435,False
-0.10448355972766876,-0.04650882912043222,False
-0.0018293997272849083,-0.010135529038242792,False
-0.02024272084236145,0.06448018869714477,False
-0.03725224733352661,0.1224603345154712,False
-0.10995602607727051,-0.020623226395274412,False
-0.008445322513580322,0.24819392604639726,False
0.10362684726715088,1.0304079960235193,False
-0.31573423743247986,-0.24709288867615076,False
-0.020624620839953423,0.0004280024440959096,False
-0.01568344235420227,0.21394083771802214,False
0.1650252342224121,0.7455452957865989,False
0.1590660810470581,0.4457800679776216,False
0.0930948257446289,0.048165733586534254,False
0.03966641426086426,0.14372963843750047,False
-0.08277022838592529,1.1020487343993273,False
-0.5525246262550354,0.05355961957241748,False
-0.23779934644699097,-0.023778723687749526,False
-0.08289122581481934,0.4981712669025419,False
0.0678706169128418,0.20891552660193002,False
0.0,0.0,False
0.010758154094219208,-0.01194088044839553,False
0.0,-0.019454805886329474,False
0.10619056224822998,0.22965354371127195,False
-0.008737541735172272,0.0,False
0.016778547316789627,0.0,False
0.3959506154060364,0.7321898047464476,False
-0.02634083293378353,0.0,False
0.016302645206451416,0.03111909343643876,False
-0.0840299129486084,0.30573596262736635,False
-0.0003451108932495117,0.2602505151333639,False
0.11596178263425827,0.21955246511379442,False
-0.01007087156176567,0.0,False
-0.015836048871278763,-0.033913502557695256,False
-0.0009866001782938838,0.0,False
0.10185748338699341,0.3198135467601635,False
0.060984790325164795,0.011002396721107921,False
-0.1274329125881195,0.07703289669675076,False
-0.013476170599460602,0.04957733303308487,False
0.02128026634454727,-0.00908292520000245,False
-0.015601024031639099,-0.011212518955339824,False
0.030022695660591125,0.1742141845810805,False
-0.052312612533569336,0.43472965791880147,False
0.004395648837089539,0.1331535215083245,False
0.07159151881933212,-0.04818931585758214,False
0.013948187232017517,0.0,False
0.06637728214263916,0.7064024945807663,False
-0.04577837139368057,0.0007353720138780773,False
0.12611249089241028,0.32870904089981046,False
-0.12417376041412354,0.010553534861820535,False
-0.2777531147003174,0.816188458006712,False
-0.08082017302513123,-0.004391769424698298,False
0.15371081233024597,0.3591401798952852,False
-0.16163349151611328,3.1087903649761923,False
-0.0572042316198349,-0.15365478354432133,False
0.0024538040161132812,0.0658284633614476,False
-0.059915363788604736,0.19261245379997705,False
0.055992841720581055,-0.006013579460679985,False
-0.2192719578742981,-0.14076161571816903,False
-0.02269522100687027,-0.1269298747334834,False
0.13336408138275146,0.5847937458081636,False
0.2801697254180908,0.7953070446498363,False
-0.09918959438800812,-0.039623680712614184,False
-0.04343327879905701,0.20822899563423752,False
0.008070053532719612,8.404005711781792e-06,False
0.023528605699539185,0.09556495740496962,False
-0.030115842819213867,1.3894408066650457,False
-0.5016504526138306,0.8305926232324697,False
-0.12579131126403809,1.893485341957763,False
0.045504212379455566,0.08127517253160477,False
0.19592726230621338,1.9395564794540405,False
-0.04230434074997902,0.18536632216507742,False
0.04756070673465729,0.15266195096001162,False
0.044579535722732544,0.0480484308961949,False
0.0143069326877594,0.0032919782679528,False
1.387670636177063e-07,0.00543422345072031,False
-0.053469784557819366,0.09492999869685174,False
0.023724529892206192,0.08175256103277206,False
0.009540829807519913,0.0,False
-0.01803269423544407,0.005799370817840099,False
0.04323393106460571,0.20370654438251481,False
0.1123562902212143,0.17110216617584229,False
0.00757966935634613,0.1721648332461258,False
0.033925533294677734,0.022955292835831642,False
-0.014034643769264221,-0.006504100589072007,False
0.011464465409517288,0.06298422813415527,False
0.002425665967166424,0.0,False
0.02819244936108589,0.013874703362621633,False
-0.034563444554805756,0.038895875215530396,False
-0.020007073879241943,-0.012026053882875374,False
0.029918551445007324,0.3219556440005042,False
-0.04036024212837219,0.03801827371014059,False
-0.008474170230329037,0.0,False
-0.005874393507838249,0.008377675898373127,False
-0.010766729712486267,0.009001098573207855,False
0.03482208028435707,0.06216289475560188,False
-0.017424538731575012,-0.0038688976287825643,False
0.008128486573696136,-0.004078683853320412,False
-0.3109431266784668,2.0923759634094883,False
0.0002943500876426697,0.007688186650495182,False
0.030721336603164673,0.25561723863897023,False
0.011906778439879417,-0.002103928715352862,False
0.07925504446029663,0.09871843417177445,False
-0.009927773848176003,0.01538726594299078,False
-0.06321392953395844,0.003139437712744841,False
-0.04716891050338745,0.011598048090534004,False
0.042635418474674225,0.008632063495537213,False
-0.03836333751678467,0.9270121180894844,False
0.011288616806268692,-0.02123190520500992,False
0.009798724204301834,0.003778346511927308,False
0.007177623920142651,0.0,False
0.06904520094394684,0.08596374839544296,False
0.028053630143404007,0.0025957762263715267,False
0.16690748929977417,0.5180334255753156,False
-0.022561397403478622,0.004122565239461976,False
0.045516423881053925,0.141790002328167,False
-0.08738476037979126,-0.09687711343809507,False
-0.05250191688537598,0.29371900524020816,False
-0.20374742150306702,-0.2321254310729523,False
-0.06599429249763489,0.19350996621786531,False
-0.0016387514770030975,0.0,False
-0.007932759821414948,0.0,False
-0.008789543993771076,0.0,False
0.12766529619693756,0.2640999935433809,False
-0.31264591217041016,2.9187842178223873,True
-0.2904930114746094,2.426450065927404,True
-0.3028707504272461,3.0018248052614407,False
-0.2521350681781769,0.37214747697053147,False
-0.00159493088722229,0.35760423128878965,False
0.01848490908741951,0.06689943094449628,False
-0.002092026174068451,-0.01059356427803665,False
-0.37957215309143066,1.6544689272078308,False
-0.3254892826080322,1.9848514476746626,False
-0.09839099645614624,0.29322595831535486,False
-0.17709267139434814,0.10786506533622742,False
-0.24845337867736816,0.45127652514672084,False
-0.004854352679103613,0.0,False
-0.5569319725036621,1.7297083480543096,False
-0.6564148664474487,0.5355452529730673,False
-0.08874934911727905,0.04116864425937252,False
-0.007302761077880859,3.564573183763383,False
-0.5279231071472168,2.3199271905767573,False
0.030939411371946335,0.07172432736555173,False
-9.711086750030518e-05,-0.0038757128885813508,False
-0.004450023174285889,0.0,False
-0.025329113006591797,0.5229006896790872,False
-0.005660570226609707,0.011421714909374714,False
-0.01959669589996338,1.0245771365778826,False
-0.06382367014884949,0.14891841495769162,False
-0.05748187005519867,-0.04817814777704893,False
-0.14780545234680176,0.006548242116773739,False
-0.09787419438362122,0.11690448959893321,False
-0.15045633912086487,0.21867223900409372,False
-0.10691440105438232,0.07100014713463557,False
-0.026265328750014305,0.05519146008321726,False
-0.2707347869873047,3.107491581800182,False
0.26264381408691406,1.8863099703970083,False
0.0021078139543533325,-0.0077003978834439615,False
-0.06269529461860657,0.4328672713209309,False
0.03144432604312897,0.25400204313372926,False
-0.011296138167381287,0.19795814636370684,False
0.3050243854522705,2.084366109846643,False
0.012480020523071289,2.0497001398178196,False
0.014450550079345703,1.3679772406395314,False
0.0172150619328022,0.0593589573362499,False
-0.009800374507904053,0.22922682757632468,False
-0.08286075294017792,-0.005794997314659844,False
-0.051727473735809326,0.1555747319263276,False
0.05549168586730957,0.5843790810863416,False
0.00627126544713974,0.013925177693355084,False
-0.0013500489294528961,0.04030248745382383,False
-0.28403639793395996,0.5487544200814004,False
-0.006215456873178482,0.0,False
-0.011817729100584984,0.0,False
-0.1960829496383667,0.5608797523389366,False
0.46186256408691406,2.185677630827231,False
0.020745687186717987,0.0458446627391096,False
-0.5230011940002441,1.7023859562440427,False
-0.8740358352661133,0.5838269345700584,False
-0.5280663967132568,0.6815168066994478,False
0.14046001434326172,1.5593027158463335,False
-0.5490899085998535,0.49408023158409975,False
-0.5344538688659668,-0.3151229102210218,False
-0.3013420104980469,2.0146755852636478,False
0.2989673614501953,1.001555685524202,False
-0.2074587345123291,0.2841256200636181,False
0.1448068618774414,0.8717037272647257,False
-0.6331348419189453,1.0270318354710244,False
-0.10901021957397461,-0.38543312023737997,False
-0.15166990458965302,-0.02779700718827622,False
-0.8036396503448486,-0.15289530870272405,False
-0.5493848323822021,0.8259713917852094,False
-0.3427579402923584,1.7830213261431014,False
-0.14793896675109863,0.20677539707082437,False
-0.1393927037715912,0.10608551499115548,False
-0.017846666276454926,-0.061052743459232686,False
0.00917024165391922,-0.009692499844102219,False
-0.003531748428940773,0.0004366529465187341,False
0.1002788245677948,0.15666194618067653,False
-0.005764424800872803,0.001255176728591323,False
0.07333645224571228,0.3669227683193971,False
0.057510316371917725,0.39259574625496807,False
0.9332380294799805,4.200051934288577,False
0.0,0.0,False
-0.05269205570220947,0.24728429203459967,False
0.010741660371422768,0.0,False
0.005279172211885452,-0.005039070223157832,False
0.1281081736087799,0.23166071586743925,False
-0.07729846239089966,0.5026951375625652,False
-0.039500605314970016,0.053070967987325836,False
-0.06481750309467316,0.15612825947602055,False
0.07201869040727615,0.1723580208194306,False
0.014995060861110687,-0.02368280813191894,False
0.04239082336425781,1.602249389050446,False
-0.11228173971176147,0.31068038417923116,False
0.010316485539078712,0.002717968076467514,False
-0.11551898717880249,-0.042303070709446056,False
-0.3288394808769226,-0.2768730711768584,False
0.08859401941299438,0.7608829411124169,False
-0.047621726989746094,0.5449805361949643,False
0.07348558306694031,0.018652453156029147,False
0.031094521284103394,0.06956948990690152,False
-0.17053572833538055,0.13939492199330739,False
-0.049636855721473694,-0.027358147397390474,False
0.0,0.0,False
0.008626669645309448,0.3528239665007411,False
-0.08347537368535995,-0.032960682534046715,False
-0.006626026704907417,0.00038736395072191954,False
-0.006858538836240768,0.0,False
-0.0017908189911395311,-0.013976959636121894,False
-0.0009391367202624679,0.0028075267121284715,False
0.007714942097663879,0.07338124224725759,False
0.043836578726768494,0.05506973936282607,False
-0.010357406921684742,-0.006318920933097875,False
0.0,0.0,False
0.017675742506980896,-0.028565572067329507,False
0.03433472663164139,0.042873956165306995,False
-0.2687842845916748,0.713441638900224,False
0.35303840041160583,0.8295091575334531,False
0.17880326509475708,0.7510263403347885,False
-0.026948342099785805,0.0,False
0.13118791580200195,0.07649146124072977,False
-0.03899658843874931,0.12234775190610929,False
-0.22035956382751465,0.348611568377207,False
0.5950360298156738,1.85008906575177,False
-0.13772480189800262,-0.01650054048919447,False
0.004988796077668667,-0.03523710442276017,False
0.023601539433002472,0.07387662678956985,False
-0.004866881296038628,0.0,False
-0.03947398066520691,0.3982683873588005,False
-0.014732022769749165,0.0,False
0.045002758502960205,0.47575197505743394,False
0.07869212329387665,0.1691897877100445,False
0.04109489917755127,0.00042690959526225924,False
0.034162312746047974,0.15431077093917242,False
-0.07838800549507141,0.08899011475134268,False
0.060075968503952026,-0.034709444803504574,False
0.00789797306060791,0.0708730396405993,False
-0.0036590672098100185,0.0,False
0.014433413743972778,0.0,False
-0.0040246713906526566,6.000632856739685e-05,False
-0.4233447015285492,-0.4388319327997148,False
-1.0142512321472168,1.9313693624346202,False
-0.8927783966064453,2.202389423619119,False
-0.7400627136230469,1.1444283973241705,False
-0.002735232235863805,0.0019348949426785111,False
-0.033849477767944336,0.3782463505672466,False
0.028097830712795258,-0.18452882804901732,False
-0.3079671263694763,0.3986869650629914,False
-0.04838547110557556,0.06054602547963642,False
-0.05898487940430641,-0.021101479581126313,False
-0.006579600740224123,-0.005794252005635175,False
-0.31974297761917114,0.07908438694745187,False
-0.027651725336909294,-0.0580621072547203,False
-0.647036075592041,0.2471229313945098,False
-0.02085520327091217,-0.011897363878707466,False
-0.869107723236084,1.253596595749675,False
0.09817516803741455,0.7517499248394698,False
-0.3919082283973694,-0.11467633643396893,False
-0.13909530639648438,0.9560852398311825,False
-0.034107327461242676,0.22175745754764867,False
-0.06735777854919434,-0.1333669271558206,False
-0.46427762508392334,0.4949420404984829,False
-0.5686831474304199,0.7098311518586611,False
0.0,0.0,False
-0.27439525723457336,-0.022248449434085438,False
-0.24409335851669312,0.40628307357758514,False
-0.16078728437423706,0.26715651732863666,False
-0.007475593592971563,0.0,False
0.0,0.0,False
0.01745162345468998,0.0,False
-0.001788414316251874,0.0,False
-0.1072428822517395,0.4720791806011566,False
-0.005859311670064926,-0.029407098756039758,False
-0.06838527321815491,0.20454152816529197,False
0.0004359781742095947,0.3265816426008038,False
-0.013608473353087902,-0.004644317916220739,False
-0.2919310927391052,0.2980771038599778,False
0.05502176284790039,0.3236390299456151,False
-0.027183018624782562,0.1156434491276741,False
0.009940626099705696,0.0,False
0.10648740828037262,0.1999781868528421,False
0.005244818516075611,-0.014173904063828902,False
-0.03796471655368805,0.0686992762818654,False
-0.0690886378288269,0.11368804761568149,False
-0.08614552021026611,-0.009372702517808536,False
0.1632922887802124,0.7434090632596408,False
-0.17713484168052673,-0.010536693711974326,False
0.017393827438354492,0.3327912901486228,False
-0.026415549218654633,-0.04882374335419949,False
-0.03099048137664795,0.3798490335008274,False
-0.031016279011964798,0.030686111305619365,False
-0.055762529373168945,0.02933765873368986,False
0.04595820605754852,0.09546246422643453,False
-0.4235955476760864,0.6606058383902513,False
-0.5081386566162109,-0.03155230801447195,False
-0.006310718134045601,0.0,False
-0.005548552609980106,-0.011064962936201414,False
-0.048390746116638184,0.40173362585611044,False
-0.06945496797561646,0.38897308697059507,False
0.1471358835697174,0.4790035622474292,False
-0.014324918389320374,0.1121122180491264,False
0.2793121933937073,0.34846506644272174,False
-0.01309804618358612,-0.01615805551644293,False
-0.003905859775841236,-0.04690314165827975,False
0.03195071220397949,2.1728029749080124,False
-0.09306669980287552,0.0061921668238937855,False
-0.08102382719516754,-0.03956829893175551,False
-0.008125603199005127,0.28990567309310256,False
0.005507323890924454,0.008743190055899644,False
-0.5263352394104004,0.10767490022697723,False
-0.15578359365463257,-0.02183837989260308,False
0.0014990568161010742,0.27937418886577176,False
-0.23874974250793457,0.1841332320954655,False
-0.31636762619018555,-0.050583560044780373,False
-0.06068234145641327,0.17288023556706245,False
-0.045533858239650726,0.0032471478916704655,False
-0.0019166981801390648,0.0,False
-0.012440919876098633,0.47093361879170903,False
0.03883424773812294,-0.000842861180279833,False
-1.1827430725097656,0.36554889611584374,False
-0.1378345936536789,0.1577234053123646,False
-0.17532837390899658,0.49818472767185307,False
-0.7084202766418457,-0.03987113354156424,False
0.1347523182630539,0.26611252659826007,False
0.18676011264324188,0.05295215424887134,False
0.0292559415102005,0.1310602284101705,False
-0.08101034164428711,3.2490449120122586,False
-0.1333315074443817,-0.0345941986584907,False
-0.08079077303409576,0.011433363234825189,False
-0.9022108316421509,0.3863545860646924,False
-0.010672297328710556,-0.0174729469784644,False
-0.8817227482795715,0.14770986996576585,False
-0.5926666259765625,-0.06512270356679645,False
-1.6699589490890503,-0.47409478083429046,True
-2.057403802871704,0.027742217172877726,True
-0.4605521857738495,-0.1073522917095945,False
-1.1203750371932983,0.05866747945348987,True
-0.6965910792350769,-0.07375594468827407,False
-0.8023980259895325,-0.05632145331412369,False
-0.5085409879684448,-0.09544717368494077,False
-1.1286828517913818,0.9087415697388638,False
-0.005849145352840424,-0.02141103608333364,False
-2.034027099609375,0.6110461197538983,True
-0.6466209292411804,-0.11052441905679544,False
-0.2544322609901428,0.48823501999010266,False
-0.05172702670097351,0.24857871410108473,False
-0.19573034346103668,-0.3426629633883328,False
-0.08250316977500916,0.14844080137251658,False
0.050913453102111816,1.5092536603615687,False
0.08179589360952377,-0.002245439892904051,False
-0.0680525153875351,0.00015270693532396136,False
-0.017742250114679337,-0.003958275639228745,False
0.1914939284324646,0.22670344725586794,False
-0.02035123109817505,0.24254355478296857,False
-0.01128976047039032,-0.034050427156233784,False
-0.005897326394915581,0.014844158281252259,False
-0.03741947561502457,0.03767346113706608,False
0.045216917991638184,0.613208624850414,False
0.013036690652370453,-0.07040288802656743,False
-0.07417786121368408,0.4220598764448753,False
0.0709235668182373,0.2502124086581371,False
-0.060041643679142,0.006863167224697583,False
-0.09010379016399384,0.16660650874360575,False
-0.12469276785850525,-0.1262879769277826,False
1.665949821472168e-05,0.18262534199335687,False
0.027264654636383057,0.24621310544005703,False
-0.02623305842280388,-0.013962629998773075,False
0.05951496958732605,0.29164519240601233,False
0.5825649499893188,1.7239624821445478,False
-0.0018999027088284492,0.0,False
0.061386242508888245,0.1899928389924058,False
-0.012768303975462914,0.003174007470399809,False
0.011185837909579277,-0.01070460160169551,False
0.38539135456085205,0.9226708661628555,False
-0.020014159381389618,0.006667338777333498,False
-0.027378663420677185,0.060148295015096664,False
-0.09273839741945267,0.008419190533459187,False
-0.007424401119351387,0.00032406492391601205,False
-0.2358730137348175,-0.6299768712315934,False
0.0072692036628723145,0.32280760515089024,False
-0.05896298587322235,0.2607017159461975,False
0.01212739571928978,0.0021589435636997223,False
0.05374523252248764,0.0010905381059274077,False
-0.001990638906136155,0.0,False
-0.0064628589898347855,0.0,False
0.04053742438554764,0.035251252353191376,False
0.023794718086719513,0.004593282472342253,False
0.008165659382939339,0.118485227227211,False
-0.01113626267760992,0.016244936734437943,False
0.0,0.0,False
0.02428525686264038,0.006351561131710136,False
0.02464599907398224,0.21654091831607009,False
0.0,0.0,False
0.0,0.0,False
-0.0008065588190220296,0.0,False
-0.0009687826386652887,0.0012271679006516933,False
0.0,0.0,False
0.0,0.0,False
0.0,0.0,False
-0.0010014038998633623,0.00038322305772453547,False
0.0,0.0,False
0.0,0.0,False
0.0,0.0,False
0.0,0.0,False
0.0,0.0,False
0.0,0.00014411004667636007,False
0.0,0.0,False
-0.028092123568058014,0.014847391285002232,False
-0.08736002445220947,1.2761843221559352,False
0.0,0.00020351725106593221,False
0.0,0.0,False
0.0,0.0,False
-0.0019157601054757833,0.0005034763016737998,False
-0.000975080649368465,0.0,False
0.0838252604007721,0.3553781509399414,False
-0.07912210375070572,0.05581810817889824,False
0.0,0.0,False
-0.002744777128100395,0.0,False
-0.0035759308375418186,0.0,False
-0.003762273583561182,0.06029323861002922,False
0.0,0.0026959122624248266,False
-0.0009731144527904689,0.0,False
0.0537891611456871,0.09379580616950989,False
0.0,0.0,False
-0.011650207452476025,0.0,False
-0.01279265433549881,0.0012164799263700843,False
-0.049860578030347824,0.003991792444139719,False
-0.10634379088878632,-0.028330766200542444,False
-0.18015551567077637,-0.06681153949292859,False
-0.008498279377818108,0.0,False
-0.10136198997497559,0.9139840459328356,False
-0.00646209716796875,0.77549316610693,False
0.18126296997070312,0.5366038320147234,False
-0.11898665130138397,-0.06457050243887119,False
-0.06581294536590576,0.045742179319335,False
-0.619361400604248,1.284977701896921,False
0.12967097759246826,1.089081739868786,False
-0.6829441785812378,1.1386552145531983,False
-0.02646065503358841,-0.05395504711648863,False
-0.08422611653804779,0.04387627222534074,False
-0.006665634922683239,-0.015198618587294654,False
-0.029697179794311523,1.359481767887983,False
0.033374205231666565,-0.06138083852686782,False
0.005985558032989502,-0.06635727026877487,False
-0.010376251302659512,-0.0039402662688282014,False
-0.12841209769248962,0.022120857711245112,False
0.034911125898361206,0.04157108664473608,False
-0.02523854374885559,-0.006187084951735202,False
-0.07944460213184357,0.12828077159096396,False
-0.07303604483604431,0.05671588961417319,False
-0.2513781785964966,1.0677615254249675,False
0.006565283052623272,-0.023165610457154033,False
-0.045358240604400635,-0.08342778816994523,False
-0.006260662339627743,-0.03727784110231167,False
-0.02473386749625206,0.0001476126948323762,False
0.004635557532310486,0.22683380241739845,False
-0.11169371008872986,-0.051922639324866036,True
0.13982510566711426,0.7597264098600757,False
-0.0928272008895874,1.2934044263192546,False
-0.0010406379587948322,0.0,False
-0.020865876227617264,0.001209324225783348,False
0.02521035447716713,-0.0030283390649654494,False
-0.005720741115510464,0.0005290661938488483,False
0.09260287135839462,-0.029075385048781113,False
-0.008853922598063946,0.0,False
-0.0039504533633589745,0.0,False
0.025593118742108345,-0.02396150441186857,False
-0.04373319447040558,-0.009984624989729907,False
0.04933645576238632,0.08095915615558624,False
-0.07708381116390228,0.005582037596766669,False
-0.03460625186562538,-0.0029753226318963034,False
0.014547951519489288,0.00014843991084489971,False
-0.0019792262464761734,0.0,False
-0.7359914183616638,0.13331652806514016,False
-0.03110353648662567,0.0003430240321904421,False
0.324415922164917,1.8354424658355664,False
-1.274545431137085,1.1108722731143315,False
-0.000947349239140749,0.0,False
-1.1514825820922852,-0.06489038174200301,False
0.015425950288772583,0.0,False
-0.1859222799539566,0.003075795480981469,False
-0.1502295732498169,-0.1461128312708247,False
-0.005735327489674091,0.0,False
0.013314325362443924,-0.0037436730093733063,False
-0.07073360681533813,-0.05074661702483983,False
-0.019020892679691315,0.0,False
-0.1516575813293457,2.275507873391253,False
0.0043881721794605255,0.0,False
-0.4843711256980896,-0.18308163036140102,False
-0.029674410820007324,0.36922564798414226,False
-0.38658785820007324,0.16556186518214056,False
0.19083690643310547,0.6234996688556044,False
-0.11824362725019455,-0.040442836270910665,False
-0.0565604567527771,0.4360976675961345,False
-0.03854982554912567,0.040748793576083873,False
-0.4616855978965759,0.2874030797225131,False
-0.38497138023376465,1.1517244900977803,False
-0.007442176342010498,0.32189269300176954,False
-0.14136767387390137,0.20691719188981872,False
-0.04030165821313858,-0.03769511995596856,False
-0.01967376470565796,0.09953770878973299,False
-0.10794082283973694,-0.003168385107143401,False
-0.1681796759366989,-0.13343642087099486,False
0.00591200590133667,0.2756641319193847,False
0.022871769964694977,0.008868030272424221,False
0.0018589124083518982,0.09590348613111802,False
0.04789401590824127,-0.03570528149369569,False
-0.0040265233255922794,0.0,False
0.010826446115970612,-0.0011590644069113948,False
0.025752561166882515,-0.0035524540457730074,False
0.007968436926603317,0.011297902474373971,False
-0.09162789583206177,0.25159285009059723,False
-0.07063406705856323,0.23039813551152594,False
0.11225289106369019,0.6651372225661041,False
0.11312586069107056,0.8073806134072814,False
-0.0477634072303772,0.11111719779046231,False
-0.016503077000379562,0.0,False
-0.11201995611190796,0.12565481791553562,False
0.041204869747161865,0.3249696298631397,False
-0.019021421670913696,0.04251398891210556,False
0.019726604223251343,-0.015108884836704292,False
0.02835369110107422,0.7266374332485246,False
0.0844312310218811,0.3811239366490419,False
-0.16010940074920654,-0.06127124430096029,False
-0.08652567863464355,0.49858098629068043,False
-0.21973146498203278,-0.01169036546840894,False
0.07224585115909576,0.03593779968443003,False
-0.016688138246536255,0.25250135844477567,False
0.08101963996887207,0.18956513061126268,False
-0.024487346410751343,-0.004884655812910865,False
0.07151312381029129,0.11111948362477066,False
0.14297416806221008,0.45683960276703517,False
0.03756001591682434,0.11438646346606551,False
0.017025768756866455,-0.15212292901288793,False
-0.13191112875938416,0.3671436488391806,False
-0.02263755351305008,0.0,False
-0.03159578889608383,0.0,False
0.0027494756504893303,0.0006123286439105868,False
-0.0015791207551956177,0.05462592865720656,False
-0.045782387256622314,0.0843803088138747,False
-0.07107657194137573,0.07367847936739322,False
0.04516959190368652,0.07919099623291254,False
-0.07307550311088562,0.15815052912752312,False
-0.052009642124176025,0.24348764355015223,False
-0.08583658933639526,0.02946686481818013,False
-0.07040649652481079,0.13995515175798023,False
0.21479587256908417,0.39164350572190876,False
-0.0873025506734848,-0.04622150109585549,False
-0.01626989245414734,0.10893333986675821,False
0.01888350397348404,0.13912724459224482,False
0.028003456071019173,-0.03280552952757298,False
-0.01670479029417038,0.09980453741587425,False
-0.10426205396652222,0.23399359049255475,False
-0.08627057075500488,0.5943081438348754,False
0.12478196620941162,0.5492577026415016,False
0.007050216197967529,0.16654868951490598,False
0.007696844637393951,-0.0010869953221067912,False
0.007510393857955933,0.03616404336035335,False
0.022279363125562668,-0.0011124693619713846,False
-0.09912320971488953,-0.03223865576356513,False
0.01612609624862671,0.1771822043473763,False
-0.026157647371292114,0.2330769803812408,False
-0.13972799479961395,0.04961728984954347,False
0.005464282818138599,-0.013625658065711801,False
-0.17906612157821655,-0.016603014741961686,False
0.025670699775218964,-0.0018355066194814113,False
-0.006213377229869366,0.0001534356124466285,False
-0.11036345362663269,0.21664479105981155,False
-0.003954291343688965,0.0008659129456720718,False
-0.006829795427620411,0.0,False
-0.035988882184028625,-0.02811666949879068,False
-0.04083821177482605,0.23271431121344055,False
0.0307779461145401,-0.006255361316874567,False
0.003776729106903076,0.13034202092346406,False
-0.016393326222896576,-0.010136571955630365,False
0.0494379997253418,1.6057263118445713,False
-0.28847742080688477,0.9388825306949108,False
-0.11149919033050537,-0.126961991800554,False
0.025127321481704712,0.0,False
-0.09094405174255371,-0.02566192178176052,False
-0.06548702716827393,0.06268664449453354,False
0.03561230003833771,0.2745529858141252,False
-0.0019520409405231476,0.0012413091026246548,False
0.14251607656478882,0.9130022471302741,False
0.02286010980606079,0.2517542828172178,False
-1.4748198986053467,0.30468936704101424,False
-0.35343074798583984,1.60753841140405,False
0.029766365885734558,0.10595427917311323,False
0.07449185848236084,0.32098216632162346,False
-0.048957616090774536,0.041403202859138094,False
0.04152512550354004,1.5757294197507674,False
0.07558505237102509,0.021232669510930433,False
-0.03812355920672417,-0.015105553855681922,False
0.007392043247818947,-0.005235505057111936,False
-0.9872981905937195,0.1154137543244273,False
-0.06841476261615753,-0.10060847531512851,False
-0.4082382917404175,-0.6235745152449054,False
-0.0034070946276187897,0.06246029022067991,False
-0.060873061418533325,0.0676376153841367,False
-0.006745268125087023,0.0,False
0.5230998992919922,0.5481445770520978,False
-0.01888298988342285,0.4145508386771891,False
-0.0710095763206482,0.41525620852021167,False
0.049791812896728516,1.355048873892176,False
-2.077383041381836,1.5913342352085291,True
-1.1882398128509521,0.5059928614552387,False
-0.00845944881439209,0.2554433232607167,False
0.0,0.0,False
-0.0025897338055074215,0.010882055386900902,False
-0.033397823572158813,0.20312337309454284,False
-0.08416807651519775,0.12170928703476766,False
0.0022517256438732147,-0.02896538877728233,False
-0.10739994049072266,0.8546885295377544,False
0.18797039985656738,0.5389404639085013,False
0.02673223614692688,-0.08512018941684517,False
-0.09463131427764893,0.7020003582055926,False
0.005160961300134659,0.09425295719494342,False
0.01055288314819336,-0.04686251759083826,False
-0.07223498821258545,0.44208515141448695,False
-0.06793969124555588,0.11990556865930557,False
-0.009879333898425102,0.0005614641704596579,False
0.028625154867768288,0.006937157362699509,False
-0.013229640200734138,0.0,False
0.0259774848818779,-0.03673612289941039,False
-0.08968114852905273,1.3581872974220428,False
0.055302172899246216,0.24404320982108985,False
-0.0166856050491333,0.03384495831561636,False
-0.0018893219530582428,0.0,False
0.7780522108078003,1.7383845838912189,False
-0.44006478786468506,0.8488855025555087,False
-0.14406806230545044,-0.29935022352345475,False
-0.0312839075922966,-0.015188368466992577,False
-0.19503948092460632,-0.08322287668451978,False
-0.05280923843383789,1.5931465085117298,False
-0.05763673782348633,0.3656316003675404,False
0.00701322453096509,0.0,False
-1.308034896850586,-0.7573340082499405,False
-0.16844698786735535,-0.07792630661467269,False
-0.05979049205780029,0.11694918001011251,False
-0.0028873770497739315,4.9980415496975183e-05,False
-0.6628115177154541,-0.7583417653844662,False
-0.0009065030608326197,-0.022927495401240134,False
-0.012251704931259155,-0.0184732182486144,False
0.01271209865808487,-0.014915743401293403,False
-0.1510457992553711,-0.012033155305211152,False
0.0,0.0,False
-0.3324699401855469,-0.5568362901244633,False
-0.17286157608032227,3.3364550479132307,False
-0.38466188311576843,0.0369867712085819,False
-0.2981990575790405,0.22789717404155307,False
-0.03001709282398224,-0.11081539505273741,False
-0.03812405467033386,0.04096624179054871,False
0.015099983662366867,0.04019773006439209,False
0.12006151676177979,0.47456556873312583,False
-0.05589722469449043,0.009589175693690777,False
0.005350746214389801,0.03755537327570649,False
-0.13445532321929932,0.11420370124568892,False
-0.15828293561935425,0.36982457427509763,False
-0.02060753107070923,0.014816843555914866,False
0.10193987190723419,0.1337546006167649,False
-0.1321668028831482,-0.018654352727944454,False
-0.030882949009537697,-0.017218905106988563,False
0.0024281293153762817,-0.009768220396936436,False
-0.023960113525390625,0.5383278755754064,False
0.02736842632293701,0.3127898439261813,False
-0.008819103240966797,0.9658985059324583,False
-0.30402708053588867,0.2389912573011998,False
-0.005860964767634869,-0.015710942633819586,False
-0.0237019881606102,-0.030357083001935813,False
0.0579221248626709,0.42082426005440177,False
-0.004267513751983643,0.36846411254347244,False
0.017266329377889633,0.0003472401003818959,False
0.005882035940885544,0.0002780429495032877,False
-0.07531297206878662,0.8526227822773101,False
-0.24642133712768555,2.703205391722044,False
-0.02195185422897339,0.2562317934034601,False
-0.7041929960250854,-0.06623738082117472,False
-0.14041370153427124,-0.17352460081206544,False
-0.06541720032691956,0.28516631086462396,False
-0.004651815630495548,-0.010602043717271144,False
-0.007691018283367157,0.0,False
0.6635289788246155,2.017607920145819,False
0.09438174962997437,0.42833014828913896,False
-0.006541685666888952,-0.015514800617806855,False
-0.1109732985496521,0.34354236833667284,False
-0.01679103821516037,0.006066515110433102,False
0.014578970149159431,-0.0015006629025474676,False
-0.04687023162841797,0.29299785496309577,False
-0.2966996431350708,0.44554702987868633,False
-0.003712736302986741,0.0,False
-0.004418537020683289,0.12165398203232758,False
-0.05676591396331787,0.10601078786763113,False
0.030750423669815063,0.07352789959305514,False
0.24373221397399902,0.24888645875434917,False
0.021335959434509277,0.2781242896554331,False
-0.17331647872924805,0.43954899058904723,False
-0.002926275134086609,0.0,False
0.33220773935317993,1.1812958266777378,False
-0.03280540555715561,0.18216571999403863,False
-0.010286495089530945,0.06243842137667564,False
0.08521611988544464,0.0797301297278073,False
-0.022852182388305664,1.4291883522422562,False
-0.2630905508995056,-0.3060627154472084,False
-0.8155339956283569,-0.5761890137934793,False
-1.1818947792053223,-0.35966659175037696,False
-0.004860569257289171,0.0003574600850697607,False
-0.014728698879480362,0.0496325940513054,False
-0.011423551477491856,-0.009816443149519185,False
0.00924692302942276,-0.029981947117453975,False
-0.009230494499206543,-0.0319466607744635,False
-0.08983075618743896,1.8023479839158685,False
0.013007283210754395,1.0418461946285522,False
0.005480751395225525,0.226168633743555,False
0.10252594947814941,0.1696101414794986,False
-0.10452587902545929,0.10840132396925967,False
0.046972326934337616,0.22475035255910908,False
-0.08355766534805298,0.1550072779006385,False
-0.01775817573070526,0.016084720283775167,False
-0.06703224778175354,0.07795510949951057,False
0.02605259418487549,0.41465143246933583,False
0.20969200134277344,1.1259706037595454,False
-0.21382403373718262,0.8324070368076346,False
-0.1266506314277649,0.1760098956536592,False
0.032540321350097656,0.20054858500389683,False
-0.12964746356010437,0.21996944729956175,False
-0.016849718987941742,-0.05496543383548896,False
-0.012554139830172062,0.0,False
0.02688702940940857,0.1126115601091831,False
-0.03410118818283081,0.4568205750489772,False
-0.0009619909687899053,0.0,False
-0.006508476100862026,0.0003604311787057668,False
-0.02709236741065979,0.3962409431295823,False
0.0022305846214294434,0.3038187210489035,False
0.11179366707801819,0.17981139886929057,False
0.03205343335866928,0.02059515890218658,False
-0.07560722529888153,0.21476749422725694,False
-0.003811948001384735,0.0015912605449557304,False
-0.3198164105415344,0.00890580542388486,False
-0.1051090881228447,-0.022812185670609136,False
0.005902113392949104,-0.02689598091937765,False
-0.007684575393795967,0.030527453869581223,False
-0.36341792345046997,0.10655184171976556,False
0.013300321996212006,-0.005496600485863626,False
-0.008388632908463478,0.0,False
-0.004043124616146088,0.0059635331854224205,False
-0.009367132559418678,0.00036856747465208173,False
0.019621767103672028,-0.021469917139219315,False
-0.002922633197158575,-0.00241484859352912,False
-0.02006479538977146,-0.006299551997382984,False
-0.0017752278363332152,-0.02647024050882122,False
0.010019214823842049,3.827462933259085e-05,False
-0.0017989174230024219,-0.008123713108822619,False
-0.0018817728850990534,0.0,False
0.004870885983109474,2.801579648803454e-05,False
0.0,0.0,False
-0.005710084922611713,0.0,False
0.011820470914244652,0.0,False
-0.0009842438157647848,0.0,False
0.01048576831817627,0.0469423271715641,False
-0.000968550331890583,-0.004685297063074153,False
-0.0038297977298498154,-0.005011667079871853,False
-0.000975273665972054,0.0,False
-0.0048545659519732,-0.0894248229208179,False
-0.006640469655394554,0.0,False
0.05392298102378845,0.20448163119167612,False
0.0,0.0,False
-0.03352753818035126,0.1613212036847148,False
-0.0022811386734247208,0.0,False
0.03884555399417877,-0.008226353028702244,False
0.03931012004613876,0.08906093679347904,False
0.024358121678233147,0.011453618871725683,False
-0.004885905422270298,-0.009067211361844033,False
-0.0009882586309686303,-0.0017988542709748453,False
0.02082512155175209,-0.0014742388293299017,False
-0.02393343299627304,-0.005882856162391015,False
0.0037117451429367065,-0.04705936382071027,False
-0.0008512157364748418,0.0,False
-0.019736411049962044,0.02070525288581848,False
-0.003946350887417793,0.01740767182359236,False
-0.007790169212967157,-0.016425883178779986,False
0.0561789944767952,-0.008734182865535753,False
-0.009576529264450073,0.08498798099646507,False
-0.0004071146249771118,0.12062788483384182,False
0.008210308849811554,0.0013008289970457554,False
0.09561148285865784,0.39721678620125034,False
-0.004443294834345579,0.0,False
0.0730508416891098,0.200796910948285,False
0.018430352210998535,0.2538598736029554,False
0.04448065161705017,0.1402618217495395,False
0.042763710021972656,0.3633339353568448,False
0.025998756289482117,-0.04151622552665127,False
-0.017143316566944122,-0.0037639745419329254,False
-0.01185391191393137,-0.008507800355442364,False
0.07629242539405823,0.12134614569997998,False
-0.053943946957588196,0.1900328707963398,False
0.030207544565200806,0.395849828789043,False
0.053112924098968506,0.18214132505300035,False
-0.01277669332921505,0.015562672168016434,False
-0.03484617918729782,-0.009480884538557402,False
0.004782557487487793,1.0814133168422604,False
-0.36222612857818604,0.3671231213601772,False
-0.0007283538579940796,0.0009156712330877781,False
-0.01480321679264307,1.8324260963709094e-05,False
-0.11171159148216248,0.1213299850491707,False
-0.014090120792388916,0.009070975446703052,False
-0.07090723514556885,0.43484055709344827,False
0.015604674816131592,0.2794047849615956,False
-0.14386355876922607,0.23754866660223056,False
0.17027020454406738,0.38699846056967735,False
-0.03774350881576538,0.01297427517845949,False
0.007832163944840431,-0.026304436229768524,False
0.03555983304977417,0.21780876106768698,False
-0.03057563304901123,0.4582255398973266,False
-0.010241139680147171,0.0,False
-0.27898383140563965,0.8683886440458212,False
-0.2468724250793457,0.32583150670994393,False
-0.05172073841094971,0.010394162531662504,False
0.047615692019462585,0.10940739362778548,False
0.055120766162872314,0.2833844764723652,False
0.20151090621948242,0.19108740109238898,False
-0.12765353918075562,0.2909877331826737,False
-0.00589216873049736,-0.030872959609912057,False
0.04651370644569397,-0.006029123917353378,False
-0.0440099835395813,0.36486979061011743,False
0.0,0.0,False
-0.006114255636930466,0.05570188354886224,False
-0.3068760633468628,0.5199443400981211,False
-0.000662441598251462,0.008405782282352448,False
-0.0008643392357043922,0.0,False
-0.042876556515693665,0.05392772043567644,False
-0.041255563497543335,0.13592798521500774,False
-0.28020137548446655,-0.22412410896476254,False
0.05838596820831299,0.07764623456117228,False
-0.013406544923782349,0.043437226844012744,False
0.01454019546508789,0.28594802278535913,False
-0.0781245231628418,0.18074951455748442,False
-0.1500571370124817,0.20824294013743128,False
0.0075438544154167175,0.09818884784016392,False
-0.028609678149223328,0.020301060751080513,False
-0.01888163387775421,0.13753627706824953,False
0.1964525580406189,1.0491996369987728,False
-0.021176576614379883,0.009964394636931308,False
0.09137335419654846,0.15912691706730714,False
-0.0019189673475921154,4.8570662329439074e-05,False
-0.022979605942964554,-0.00841255202335979,False
-0.04394210875034332,-0.06201325297124549,False
-0.1445290446281433,0.43579215861321774,False
-0.307223379611969,0.2954316590567811,False
0.004900574684143066,0.1810211364342525,False
-0.014668047428131104,0.007999057771023416,False
-6.059184670448303e-05,0.0016536752227693796,False
0.056749239563941956,-0.020567713421156278,False
0.006151467561721802,0.052876994013786316,False
-0.004665642976760864,0.39406973580574856,False
-0.0035202736034989357,0.0001126977294916287,False
0.3614926338195801,3.2835766153340202,False
-0.03775246441364288,0.29669812341717866,False
0.016525456681847572,-0.0045907649487207875,False
0.014459159225225449,0.0,False
-0.0683036744594574,0.047698358309078814,False
-0.008450597524642944,-0.006117047579036507,False
-0.007651563733816147,0.007600184039702685,False
-0.010799208655953407,-0.010030378329361623,False
-0.21544307470321655,-0.1942519855458391,False
0.15649044513702393,0.8067388100477073,False
0.3214433789253235,0.6639468291300245,False
0.00125059112906456,0.004063222600912079,False
0.05925501883029938,0.12872271565679833,False
-0.02844780683517456,0.18527660515035937,False
0.004533089697360992,0.002252026926726103,False
-0.0024576717987656593,0.0,False
0.019696608185768127,0.09037947803149482,False
0.0007508508861064911,0.0021844657603651285,False
-0.11343396455049515,-0.17759562784313043,True
-0.01806667447090149,-0.09441032459028861,False
-0.004070937633514404,0.12238915751909488,False
0.06835834681987762,0.14671554759129946,False
0.027209073305130005,0.04667368780666656,False
-0.048690617084503174,0.6449401873543348,False
-0.028937309980392456,0.19112057009716849,False
0.1631905436515808,0.3023108197385686,False
0.01620222069323063,0.03418751270868491,False
-0.0021385657601058483,0.0,False
0.054037123918533325,0.08732406046334196,False
-0.2694864273071289,2.073135715387943,False
0.002660810947418213,-0.0007571311475834323,False
-0.04502156376838684,0.24123449369024952,False
-0.1424400508403778,0.09250816844241444,False
-0.0018944069743156433,0.00011576055112527683,False
0.04660520702600479,0.0,False
-0.19259238243103027,0.6224481588232362,False
0.05430755019187927,0.01863112131846803,False
-0.005861625075340271,0.11390177180117535,False
-0.0031388234347105026,0.015676142943851203,False
-0.11154615879058838,0.4381094403777349,False
0.01573248580098152,0.012749867632604266,False
0.012075752019882202,0.016023630360404155,False
0.11614052951335907,0.1672600561406526,False
-0.13409554958343506,0.6907533621245517,False
0.0274057537317276,0.19646242216685855,False
0.1015910655260086,-0.24839685589194332,False
0.27341681718826294,0.5795639148055935,False
0.04776637256145477,0.34668246272416464,False
0.1294359415769577,-0.06255081255074924,False
-0.0025073327124118805,-0.12070451615511471,False
0.010332811623811722,0.0005786670953966677,False
0.024772364646196365,0.0927654355764389,False
0.0,0.0,False
0.18240153789520264,0.6734982371184342,False
-0.011638756841421127,0.0685645267367363,False
0.009112107567489147,-0.03469286916526867,False
-0.05097728967666626,0.36743129722887324,False
-0.010426729917526245,0.0035685302266848518,False
0.08774137496948242,0.12042713177181602,False
-0.0018315828638151288,0.0,False
-0.15664789080619812,-0.22810156455178826,False
0.041912030428647995,-0.01811666641574411,False
0.06313914060592651,0.23333424983379375,False
-0.13820433616638184,1.6163661491858337,False
0.011126784607768059,0.0,False
-0.033619120717048645,-0.07957908012365585,False
-0.2904949188232422,2.0444012091204034,False
0.22086620330810547,0.9806043768952086,False
0.022666215896606445,-0.006093670914343877,False
0.01283601950854063,0.0,False
0.3084542751312256,1.1014997000767996,False
0.032037653028964996,0.0576274721258275,False
-0.008729610592126846,0.004354499871933145,False
0.10512125492095947,0.5825580734083304,False
-0.04190912842750549,0.09119996251471413,False
-0.08741842210292816,-0.0459441667682344,False
0.014743626117706299,0.6236771524635774,False
-0.12115335464477539,0.3759925026085149,False
-0.02654629945755005,0.2705268876956433,False
-0.1534719467163086,-0.09548970863223692,False
0.010103540495038033,0.00015740157687105238,False
-0.009339739568531513,0.0,False
-0.018083330243825912,0.0,False
0.012600019574165344,0.09227252964380649,False
-0.06855237483978271,0.023698600099777464,False
-0.0009577532764524221,0.030496850609779358,False
-0.052424557507038116,0.005318223707800707,False
-0.016661465167999268,-0.02699648192625842,False
0.0020203441381454468,0.05519021397016194,False
-0.005597174167633057,0.0327869583777199,False
0.009877115488052368,0.02021389243128066,False
0.09558208286762238,0.06678628554300536,False
0.00854925811290741,0.1093443985349965,False
-0.004428640007972717,0.035171097950374736,False
0.5489549040794373,0.9239936399949598,False
0.0341387577354908,0.0498484674034881,False
-0.029906608164310455,-0.019358949902407926,False
-0.19929605722427368,0.3551197424101518,False
-0.002688697073608637,0.0,False
-0.010977614670991898,-0.003628793602095454,False
0.03181679546833038,0.0004414661379996687,False
-0.0018086149357259274,0.01872657798230648,False
-0.0228439774364233,-0.003509839299921186,False
0.0831301212310791,0.45136516912680136,False
-0.026109352707862854,0.04191641225933987,False
0.003713071346282959,0.016917031659194753,False
0.09376996755599976,0.25545600136295854,False
0.17608094215393066,0.4006493661696569,False
0.095506951212883,0.16449286610773503,False
0.002282947301864624,0.2459106636968292,False
-0.00390922836959362,0.05796324461698532,False
0.010363761335611343,-0.012659732671426267,False
-0.0018253636080771685,-0.003606295162681051,False
0.7476987838745117,5.619665434365517,False
0.32608580589294434,2.965555357767805,False
0.15166506171226501,0.06028648531482328,False
0.05050821602344513,0.38429697445386335,False
0.007068216800689697,0.5326891893773555,False
0.06077772006392479,0.080128760418949,False
0.6487431526184082,3.248794812335283,False
0.3360724449157715,1.8213537942760731,False
0.5990970134735107,4.147747499308706,False
0.10031233727931976,0.4338696300983429,False
0.00026424601674079895,0.00020422169473022223,False
-0.09248745441436768,0.25491064105251077,False
0.06828629970550537,0.3970151524409268,False
-0.0645056962966919,0.5332159524842404,False
0.030007153749465942,-0.052683524567120665,False
-0.24443316459655762,0.793528722125517,False
-0.09645456075668335,0.2849984161421286,False
-0.023446261882781982,0.3084052527884419,False
-0.07671111822128296,0.30959636013615377,False
0.06380539387464523,0.13072536074674168,False
0.0786517858505249,0.4246595207974965,False
0.043037690222263336,0.1312159471486264,False
0.00904795527458191,-0.008459927569942568,False
-0.015666991472244263,0.4312342373044782,False
-0.10344323515892029,0.16285269506166122,False
-0.018434882164001465,0.4120685222484799,False
0.14017009735107422,0.581692173032798,False
0.04337799549102783,0.47915847467759787,False
-0.008921980857849121,0.2051965705108985,False
-0.04439735412597656,0.1292059131980089,False
-0.004873596131801605,-0.035624516178995085,False
-0.14206719398498535,0.2118468120593877,False
0.021016418933868408,0.04362338421805529,False
-0.07584217935800552,0.0013110561994835734,False
-0.0046337684616446495,-0.008496145314499555,False
0.061859309673309326,0.27281511585796214,False
-0.025335848331451416,0.9033808632792829,False
-0.003936383407562971,-0.03296648838204172,False
-0.0811394453048706,0.25510469817773324,False
0.019663602113723755,0.07507137520683058,False
-0.40079498291015625,0.45621955580633844,False
0.010757772251963615,0.0,False
-0.3310821056365967,1.1658190109111597,False
-0.005959626287221909,9.323398990090936e-05,False
0.027216434478759766,-0.04144426738521046,False
-0.002865441143512726,0.0,False
0.07590778172016144,0.18356263706528156,False
0.06476795673370361,0.12567715220949505,False
-0.0028513583820313215,0.0011004192056134343,False
-0.007481446955353022,-0.003844385455119067,False
-0.010406453162431717,0.129388785987289,False
-0.06237602233886719,2.2186037254544564,False
-0.011702414602041245,-0.04485808368302915,False
-0.013969853520393372,0.03278024451508281,False
0.03466600179672241,0.2510462854699289,False
-0.23360562324523926,1.4873857908687653,False
-0.014881407842040062,-0.007657228262387447,False
0.1630394458770752,0.5151226815584862,False
0.003119971603155136,0.007070167921483517,False
-0.0009444601600989699,0.0,False
0.01646479405462742,-0.022052869649730317,False
-0.00046159327030181885,0.05160966671714077,False
-0.03590163588523865,0.055302532235492155,False
0.021379686892032623,0.11592992729613627,False
-0.034997910261154175,0.11413792525104378,False
-0.1468207836151123,-0.09906168055624093,False
0.033287279307842255,0.00665680876538198,False
-0.001917957328259945,0.0,False
-0.01941884681582451,0.0010247008176520467,False
-0.1715989112854004,0.07394782277699823,False
0.025743961334228516,0.4310590958175878,False
0.022719737142324448,-0.012681723880270192,False
-0.003834877861663699,0.0,False
0.44110870361328125,0.8655470725276482,False
-0.206140398979187,0.234097798065646,False
-0.06668281555175781,0.7518287021019212,False
-0.261385977268219,-0.13181199720839581,False
0.0173502117395401,-0.011210922925997511,False
-0.002734234556555748,-0.003708419281159065,False
-0.008991895243525505,6.055022095097229e-05,False
-0.0018244603415951133,0.0,False
-0.006990775465965271,0.0,False
0.0,0.0,False
-0.013046026229858398,0.4468039881388267,False
-0.006232082843780518,0.5268146449817881,False
-0.09742151945829391,-0.003920166327833338,True
-0.006713444367051125,0.0,False
0.1600419282913208,1.1130712624812897,False
-0.016682744026184082,0.781964755022232,False
-0.003715813159942627,0.4614424019313656,False
-0.14370417594909668,1.5845370459753492,False
-0.46392059326171875,0.8827912226164084,False
0.0655975192785263,0.105205172163605,False
0.023559197783470154,-0.07547540184149125,False
-0.016974763944745064,0.02249501831829548,False
-0.7380138635635376,-0.17689166636301806,False
-0.14772677421569824,0.38744947894645787,False
0.006857722997665405,-0.029349397409479644,False
-0.024189472198486328,1.724502210910351,False
-0.055249810218811035,0.27276837403140514,False
0.12846821546554565,0.4500553212168037,False
0.02666822075843811,0.3094626214002336,False
-0.11127746105194092,0.1925070579516054,False
-0.09365582466125488,0.8063990736116873,False
-0.2311384677886963,0.7271954339901427,False
-0.05076653137803078,0.04264364674405961,False
-0.007746338844299316,0.0740948786128657,False
-0.3259602189064026,0.4855799669952405,False
-0.06544685363769531,-0.538891370254702,False
-0.2091485559940338,-0.14025269216288583,False
-0.005472064018249512,0.21489973461128767,False
-0.09439540654420853,0.0982136593343382,False
0.0548873245716095,0.02741718478500843,False
0.3536427617073059,1.1180448154200733,False
-0.004815533757209778,0.009049641803038204,False
0.3923468589782715,3.2993018471063973,False
-0.003008149564266205,0.13561198115348816,False
-0.2661195993423462,0.5820280280955825,False
-0.020784923806786537,-0.0056081199887150854,False
0.05784976854920387,0.01527673813799177,False
-0.0010127316927537322,0.0,False
0.009206367656588554,0.0012853528605774045,False
0.0059389956295490265,0.009463283650934864,False
-0.36944150924682617,0.8145265976639382,False
-0.05458716303110123,-0.01847721730820466,False
0.1017007827758789,0.6190092678057648,False
-0.01717105507850647,-0.010588162425569904,False
0.007898412644863129,-0.01170702380369507,False
0.006197489798069,-0.028549141371030793,False
-0.0019533238373696804,0.0,False
0.06846021860837936,-0.07046984038872865,False
0.1584199070930481,0.8723353026914836,False
-0.14415034651756287,0.44425314455403087,False
-1.2184162139892578,1.2448019359931228,False
-0.22425556182861328,0.9859467725354578,False
0.005093389190733433,0.0020361687056720257,False
0.029030561447143555,0.1198471200154712,False
-0.07411719858646393,0.11074775271109716,False
0.008123878389596939,0.065914280367338,False
-1.366316318511963,0.7368549869962528,False
-0.015234229154884815,0.0,False
-0.4601438045501709,-0.6264817919779866,False
-0.0009917307179421186,0.0012363004498183727,False
-0.032957106828689575,-0.20241823095691128,False
0.0,0.0,False
-0.10227912664413452,0.13418653623387344,False
0.007789194583892822,-0.029111650000368965,False
0.04527423903346062,-0.0170486396621262,False
0.11025114357471466,0.2442871017185284,False
-0.09519059956073761,-0.06752550728326098,False
-0.014108343981206417,0.0,False
0.07258874177932739,0.2090084851780625,False
-0.14614269137382507,0.2787373938401595,False
0.06448006629943848,0.601361052032583,False
-0.03863108158111572,0.2447335019416771,False
0.10242816805839539,0.3465273581245465,False
0.011789046227931976,0.19932187474238844,False
-0.12654680013656616,0.42374654617821417,False
0.008060213178396225,0.03666172833566164,False
0.01030951738357544,0.5199218958344121,False
0.97334885597229,2.3109257947407436,False
-0.05501598119735718,0.01880892657313024,False
0.06357696652412415,0.08926314967181566,False
0.7995635867118835,1.4305616713702634,False
-0.0721583366394043,-0.023094466052659204,False
-0.31461068987846375,0.4670902870475334,False
-1.4304556846618652,-0.3981452354630599,False
-0.008305121213197708,0.0,False
-0.28374332189559937,0.2930285541570073,False
-0.1178845688700676,-0.00657148069728149,False
-0.01534673199057579,-0.008564153416669532,False
0.031182944774627686,0.14578919015966574,False
-0.006643534172326326,-0.003253762334547672,False
-0.2986741065979004,-0.20424312715594914,False
-0.01674295961856842,0.07573736791526374,False
-0.006171524524688721,0.0764514312261297,False
0.0066680219024419785,-0.00953035955839345,False
0.0,0.0,False
0.07999032735824585,0.10580595026799039,False
0.02873789146542549,0.014609247890372351,False
-0.021373838186264038,0.009891513459129548,False
-0.036943912506103516,-0.05792862416394079,False
-0.003696803003549576,0.003554808208718896,False
0.14515185356140137,0.690459987366701,False
-0.007795955985784531,0.00017436931375414133,False
0.10838142037391663,0.12932966019848136,False
0.07824444770812988,0.24533028337206497,False
-0.05586189031600952,0.009196910262829674,False
-0.004743907600641251,0.0,False
-0.010483726859092712,-0.0037936070165545416,False
0.0,0.007483582012355328,False
-0.004752647131681442,-0.007025301977205737,False
-0.006659576669335365,0.00019081916252616793,False
-0.005818292498588562,-0.0022641226518167468,False
-0.040193382650613785,-0.0028134451287986657,False
0.008195839822292328,-0.007958255069811892,False
-0.042465075850486755,0.002030641073361039,False
-0.0039055482484400272,0.0,False
-0.10488222539424896,0.014659813351230983,False
-0.29536503553390503,-0.021785960928771345,False
-0.07763002812862396,0.0018273774776000062,False
-0.016222722828388214,0.03016412816941738,False
-0.31969404220581055,2.1714264209612817,False
0.00466308556497097,0.154774010181427,False
0.007795989513397217,0.15550717679395087,False
-0.04591580480337143,-0.020808532626614945,False
-0.07607048749923706,0.2646869681343114,False
-0.004605759866535664,0.0,False
-0.023365378379821777,0.07847977429628372,False
0.10331235826015472,0.2159529361195591,False
0.03430461883544922,0.27030564334003737,False
-0.003627069527283311,0.0,False
0.03678356111049652,0.04946844937939708,False
-0.006173968315124512,0.33119194900019344,False
0.06678365916013718,0.18956862706179242,False
0.009508952498435974,-0.4162108311772218,False
-0.029260950163006783,-0.06080356979809186,False
-0.004511035513132811,-0.013505609930173983,False
-0.039317309856414795,0.03424435998206442,False
-0.001963199581950903,0.0,False
4.4932588934898376e-05,0.04855305701494217,False
0.10602821409702301,0.3756111828369092,False
0.10014920681715012,0.06903286960504681,False
0.01105806790292263,0.0,False
-0.05599669739603996,-0.012816055686725978,False
0.028049226850271225,0.006856550928205252,False
0.05041474103927612,0.05992920324206352,False
-0.004935842007398605,0.05392345303920019,False
-0.006473571062088013,-0.005926990925087708,False
0.03069300204515457,0.15991729940231167,False
-0.01305466890335083,0.13661663968365628,False
-0.29723116755485535,0.028887141257919767,False
-0.08895732462406158,0.3304814052011531,False
0.026073075830936432,0.1175615868707881,False
0.012288757599890232,-0.005623172930270625,False
0.027361908927559853,7.937552254588809e-06,False
-0.016001731157302856,0.0,False
0.018298476934432983,0.14223031011353643,False
0.014407196082174778,-0.00500106193502683,False
0.01705135405063629,0.2478295219794448,False
-0.006107578054070473,0.0,False
0.0,0.0418730191886425,False
0.00028133392333984375,0.04759391698942959,False
-0.008485257625579834,-0.007452543853558644,False
-0.008621443063020706,0.0,False
-0.038264766335487366,-0.05562438589072669,False
0.05484524369239807,0.19638145154139783,False
-0.029855620115995407,0.0008609081269241869,False
-0.014861522242426872,0.0055557782761752605,False
-0.0017040767706930637,0.0,False
-0.02155103161931038,-0.024778752128050464,False
0.005504824221134186,0.05663578538086828,False
-0.003698688466101885,0.0,False
-0.0009281524689868093,0.0,False
-0.014141681604087353,-0.008602679163098132,False
0.056709542870521545,0.16848645476543508,False
-0.021863333880901337,0.0,False
0.019007019698619843,0.03185757626820272,False
0.006262719631195068,-0.01067198255357293,False
0.022736378014087677,-0.007022327505072281,False
0.20587611198425293,0.7646231074596707,False
-0.000996526563540101,0.0,False
0.008239866234362125,0.0,False
0.08075818419456482,0.4649491795107522,False
0.04072415083646774,0.12585792299081758,False
-0.08684039115905762,0.34941248812431347,False
-0.04614377021789551,0.1273809577240893,False
-0.038506701588630676,0.0954243356416878,False
0.22067046165466309,0.4200366860556152,False
0.014785253442823887,0.0,False
0.11193457245826721,0.5780699837210289,False
0.02415686845779419,-0.0388227373387246,False
-0.0009680865914560854,0.0,False
0.32629191875457764,2.489397883998079,False
-0.0057821194641292095,0.0,False
-0.018669797107577324,0.000842960667796433,False
-0.002906259847804904,0.009186395443975925,False
0.0895071029663086,1.9404603308476525,False
-0.0028650760650634766,0.0006935594719834626,False
0.011593020521104336,0.0,False
0.05913475155830383,0.0925143413082484,False
0.14411741495132446,0.15801052187810172,False
-0.027704909443855286,0.13362440318079521,False
0.0018036477267742157,-0.012881390053985458,False
-0.014648429118096828,0.0,False
-0.001916750567033887,7.73890278651379e-05,False
0.18276828527450562,0.9979979498749003,False
0.050935082137584686,0.17405785762045817,False
-0.004912570118904114,0.002072253031656146,False
0.06313568353652954,0.34659712246217256,False
0.009099399670958519,0.01609754193861219,False
0.044319525361061096,0.42792462132178605,False
0.01719622313976288,-0.03710821893819502,False
0.010080893523991108,0.0,False
-0.05039775371551514,0.2652639390177475,False
0.1494065225124359,0.24130020645066574,False
0.00015185028314590454,-0.007767994293314628,False
-0.000968318257946521,0.0,False
0.20221522450447083,0.5757485966654318,False
-0.017355188727378845,0.18410094840003602,False
0.1249229907989502,0.15074425572452382,False
-0.0035375282168388367,0.012967452261601953,False
-0.02110082097351551,-0.004830797636739953,False
0.0,0.0,False
0.12137266993522644,0.16028654833265243,False
-0.03524819016456604,0.0,False
-0.0008456244831904769,0.0,False
0.0031722476705908775,0.0244940842833807,False
-0.005824071820825338,0.00023169453197624534,False
0.024050205945968628,0.17683381966191702,False
-0.0029947496950626373,0.0,False
-0.03189058229327202,-0.006826174253573093,False
-0.02125764638185501,0.029606783984735065,False
-0.0009825730230659246,4.819342939299531e-05,False
-0.006598684471100569,-0.011933063947302322,False
-0.0032809432595968246,-0.024158088391924987,False
0.015377944335341454,-0.009279893826674549,False
-0.09336566179990768,0.11920525863659673,False
-0.15947198867797852,0.835674456504877,False
0.004423171281814575,0.11249764246339364,False
-0.0009700426016934216,0.0,False
-0.026675797998905182,-0.04311247332193896,False
-0.04364177584648132,0.08742308602651043,False
-0.010489610023796558,-0.010264229777836961,False
-0.16097158193588257,-0.0036512297334910047,False
-0.002019108273088932,0.0,False
0.03941761329770088,-0.018360583699601498,False
0.0,0.0,False
-0.013013502582907677,-0.011049698725740489,False
-0.007625947706401348,0.0,False
0.007073994725942612,0.014379849565238936,False
0.018456673249602318,0.0,False
-0.00028557702898979187,0.018822748936714213,False
-0.013403002172708511,-0.006235741912120831,False
0.07450488954782486,0.11437089741230011,False
-0.04419325292110443,0.0007423199131153524,False
0.01149959210306406,0.0,False
-0.0016371123492717743,0.08275265524588761,False
-0.01319931447505951,-0.005957101676543214,False
-0.010615639388561249,-0.0028034991983807863,False
0.05331433191895485,0.014388282315372342,False
-0.004028213210403919,-0.033082789796897355,False
-0.0141884945333004,-0.010654836883816516,False
0.07291829586029053,0.001101359841413796,False
-0.013659538701176643,0.01870749704539776,False
0.041200071573257446,0.6126527786254883,False
-0.0018573985435068607,0.0,False
-0.04113178700208664,-0.04988962214753433,False
-0.01716947741806507,0.03868560120463371,False
-0.000977999297901988,0.0,False
0.04649951681494713,0.06255948074679407,False
0.0,0.0,False
0.012021183967590332,0.02193540189181184,False
0.034130748361349106,0.0,False
0.004552330821752548,0.0,False
0.024969905614852905,-0.035043274541595115,False
-0.007663717493414879,-0.003394929143005528,False
-0.0009279324440285563,0.0,False
-0.03786072880029678,0.06056317687034607,False
0.03518979251384735,0.014051952028125295,False
0.06115353852510452,0.06864141672849655,False
-0.08139711618423462,0.08394921806662413,False
0.040097303688526154,0.017865229234030607,False
0.0,0.0,False
-0.040457598865032196,0.045958963491144866,False
0.06767646968364716,-0.012278345508720437,False
-0.2839370667934418,-0.15830105403875,False
-0.07586386799812317,-0.10434531041596407,False
0.019582126289606094,-0.007529293654189955,False
0.06881210207939148,0.07632735769077598,False
0.004308000206947327,0.15417246271170437,False
0.04964178800582886,0.3157916020451917,False
0.013886675238609314,0.004416058771312237,False
0.46562886238098145,1.1932834757468238,False
-0.0009098000591620803,0.0,False
-0.12300866842269897,0.3272969360701,False
-0.006459367927163839,0.0162822175770998,False
0.05435853824019432,-0.012517385412738242,False
-0.24602891504764557,-0.5942327034618204,False
-0.20421290397644043,0.6779180611373834,False
-0.3707324266433716,0.7135909141208544,False
-0.33757734298706055,1.3012635551171954,False
0.019812434911727905,0.1381501758119794,False
-0.11410952359437943,-0.051902739652174845,False
0.1275392472743988,0.3650189024901616,False
-0.05974936485290527,0.31181045403052,False
0.047836482524871826,0.18446118349836654,False
0.0,0.0,False
0.007649779319763184,-0.040377113163375694,False
-0.21295422315597534,-0.10615814897154069,False
-0.01998249627649784,0.0011599764693528414,False
-0.04141658544540405,-0.11943951405561973,False
0.023742735385894775,0.09319576938094315,False
-0.07095269858837128,-0.020482627469364342,False
0.01246451772749424,-0.028502938013674615,False
-0.006816275417804718,0.00010452423157403246,False
-0.02854180335998535,1.5624104118779265,False
-0.01606256514787674,-0.030552808932434623,False
0.015198443084955215,0.0,False
0.01369619369506836,0.15313787442535765,False
-0.03826536983251572,0.015405468118627808,False
0.0006581135094165802,-0.009913242101384839,False
0.0055014220997691154,-0.018754415597586102,False
-0.07169997692108154,1.28881389915413,False
0.0643116906285286,0.10371147025872401,False
0.08977346122264862,0.07699947395674951,False
0.009418051689863205,-0.021380900095398194,False
0.032373905181884766,0.2107557382173382,False
-0.10608559846878052,0.12503268339878826,False
0.04536128044128418,0.13772818606461362,False
-0.011148959398269653,0.09458788323642307,False
0.0,0.0,False
-0.017470626160502434,-0.003288698330673477,False
-0.04815874248743057,-0.01342593566192226,False
-0.014605013653635979,-0.003190806466201723,False
-0.003009722102433443,0.0003184830129612237,False
-0.003614983055740595,0.0,False
-0.09227965027093887,-0.12764120118363076,False
-0.0015768853481858969,0.0,False
0.36280813813209534,0.7898043922289636,False
-0.2565688490867615,-0.009498755138192122,False
0.11098098754882812,0.053073845774203376,False
-0.014996221289038658,-0.0035955167136368146,False
-0.05662055313587189,0.033839650834709724,False
-0.016063019633293152,-0.025743390795876037,False
-0.31503790616989136,0.45535292871446725,False
-0.14025872945785522,0.10613519762481344,False
-0.3913884162902832,0.9710078893884359,False
0.013936487026512623,3.5838252188113984e-06,False
-0.17747586965560913,0.10118800360218638,False
-0.0015995688736438751,-0.001441246900874972,False
-0.23172003030776978,0.5215200773414044,False
-0.021358847618103027,0.36545507616907047,False
-0.09838148951530457,0.044583198902197516,False
-0.0163801908493042,0.36891743415284883,False
-0.039987802505493164,-0.03905466009425548,False
-0.022499769926071167,0.041680632245142894,False
-0.002502933144569397,0.027288665457748836,False
0.004749517887830734,3.055165143450722e-05,False
-0.0038504900876432657,-0.014168122390518111,False
0.00921177864074707,0.8825379215278538,False
0.05876481533050537,-0.0734057394670955,False
0.05936524271965027,0.3286794645248613,False
-0.10158902406692505,0.18869615282686275,False
0.023472987115383148,0.00024129962548613548,False
-0.3147311210632324,0.28954126431356897,False
-0.0031024841591715813,0.0,False
-0.009051628410816193,-0.00023580458871346605,False
-0.03246712312102318,-0.03235950194906684,False
-0.0019427707884460688,0.0,False
-0.008295746520161629,0.0,False
-0.012996487319469452,-0.023213614371311225,False
-0.0027859951369464397,0.0,False
0.04691004753112793,0.15297790734097427,False
0.05083358287811279,1.1994586657850457,False
-0.07046538591384888,0.2832271119611486,False
0.0110645592212677,0.19449855696330656,False
-0.02285475842654705,-0.007207867330152355,False
0.070041224360466,0.05048173636716302,False
-0.009919439442455769,-0.01493017168855712,False
-0.014199296943843365,-0.009952881533341009,False
-0.03400802984833717,0.01640058755176932,False
-0.00965793151408434,-0.011215232695041488,False
0.0036036698147654533,-0.011567929459073766,False
0.0354786142706871,0.18022535597007144,False
-0.09458411484956741,-0.06566884071348963,False
-0.028577176854014397,0.0,False
-0.009581411257386208,0.0,False
-0.0009190781274810433,0.0,False
0.008419047109782696,0.024421419967995815,False
0.018845099955797195,-0.003546968984972267,False
0.05085451155900955,0.1872099895378863,False
0.04936709627509117,-0.009125670284426367,False
0.13833193480968475,0.13326962567098002,False
0.011880298145115376,-0.015914921549559653,False
-0.04987753555178642,0.0010051984572783113,False
-0.07027463614940643,0.054590643692269125,False
-0.1127806305885315,0.033693173368095464,False
-0.08596112579107285,-0.041694893054121135,False
0.025401920080184937,0.0057786664340102045,False
0.05286216735839844,0.1640131941035784,False
0.023022089153528214,-0.00789113415887576,False
0.03401413559913635,0.11828670983463571,False
0.10187244415283203,0.13550591156396918,False
-0.0022945404052734375,0.20276955445571676,False
-0.0015412867069244385,0.01455660656399301,False
-0.10005377233028412,0.016694979627006837,False
-0.010412040166556835,-0.0004818716443148966,False
-0.06386303156614304,-0.07813620657085633,False
-0.04034475237131119,-0.06336549400435545,False
-0.01046084612607956,-0.011268824023172013,False
0.07070007920265198,0.37745052963205666,False
0.004123760387301445,-0.011022375566883192,False
-0.13072112202644348,-0.1816378180204587,False
0.006972968578338623,-0.0784702908265468,False
0.02504834532737732,0.1087457635579333,False
0.32834991812705994,0.3550581335433288,False
-0.015437543392181396,0.021965849279691755,False
-0.008382098749279976,-0.004861882953807172,False
-0.6413958072662354,0.6771469085548216,False
-0.11298954486846924,0.160756104003516,False
-0.010889627039432526,-0.0018198117097922364,False
-0.008453511632978916,7.61355840950273e-05,False
0.016970627009868622,0.004023707937449217,False
-0.0058563207276165485,0.0427883081138134,False
-0.04163539409637451,0.0,False
-0.010173927061259747,-0.007925638758839447,False
-0.02440822124481201,0.1243713811307502,False
0.03178885951638222,0.07224863293759606,False
-0.06581319123506546,-0.010182593541803717,False
-0.010172843933105469,0.4502199179640545,False
0.023769555613398552,-0.018794418705046383,False
-0.3877401351928711,0.06020677048652645,False
-0.32410383224487305,0.6665754859889532,False
0.04971008747816086,0.12538359381805228,False
0.03027123212814331,0.35516072254089,False
-0.0027445554733276367,0.8660359881793726,False
0.040896981954574585,0.22096542307908576,False
-0.1179819107055664,1.262849508786795,False
-0.8122169971466064,0.3640056739105314,False
-0.1580411195755005,0.9754789266511031,False
-0.161626935005188,0.5025196588694079,False
-0.379841685295105,0.7373927384492914,False
-0.13266873359680176,1.7683397203040918,False
0.48819804191589355,2.3071379955632745,False
0.011368134059011936,0.0,False
-1.0797953605651855,-0.02547959926020349,False
-0.11824223399162292,0.013168901860181123,False
-0.06526103615760803,-0.06831015704144305,False
-0.247921884059906,0.14057751173406835,False
-0.23223286867141724,-0.03393025312081466,False
0.00860583782196045,0.23049062519712277,False
-1.485283613204956,1.7376198468003774,False
-0.05523581802845001,0.07683319590976864,False
-0.0009772591292858124,-0.011242948395358129,False
0.011267302557826042,0.0,False
-0.06419643759727478,0.22859081103028353,False
0.004184991121292114,0.07443167724923544,False
0.0006370916962623596,0.0025571395951854148,False
0.010286346077919006,0.012184654362499714,False
0.030831478536128998,0.1488269804899273,False
-0.08643269538879395,0.5418615254169591,False
-0.2641560435295105,-0.005231972138301955,False
0.11694091558456421,0.5460025763386407,False
0.16747426986694336,0.546211004236036,False
0.059725046157836914,2.0039195479682745,False
-0.02466125786304474,0.04383247345685959,False
-0.002011083997786045,0.0,False
0.025292932987213135,1.1484362830429535,False
-0.014771968126296997,-0.00720688398358791,False
-0.968595027923584,0.05369700493189855,False
-0.018071934580802917,0.030065919941988338,False
-0.08224887400865555,0.0802901545841557,False
-0.04843033850193024,0.010827971917769935,False
-0.03596600890159607,0.0027480924036353827,False
0.0,0.002001265063881874,False
0.09299337863922119,0.8314868950705187,False
-0.11293357610702515,-0.013091767088887988,False
1.3782477378845215,4.2019975925230115,True
0.008743113838136196,-0.00972936527081868,False
-0.008953355252742767,0.0008070153999142349,False
0.00983591377735138,0.015274462290108204,False
0.26130086183547974,0.3175975174897371,False
-0.004845499061048031,0.0,False
-0.03015977330505848,0.007428968790918589,False
-0.0018857386894524097,0.0,False
-0.12964314222335815,0.652282536560125,False
-0.23654577136039734,0.1430846994344146,False
-0.08955943584442139,0.23099318378435957,False
-0.16251808404922485,0.07400593798797675,False
0.04725372791290283,0.7198806983614727,False
-0.18594032526016235,-0.11481483544581084,False
-0.03376424312591553,0.05518830567809925,False
0.03986145555973053,0.04780204582449438,False
-0.002170875668525696,0.0,False
-0.4509953260421753,0.9754447997659248,False
0.11094117164611816,0.644519132348702,False
-0.02788577973842621,-0.06646433920418132,False
0.9105758666992188,3.2564430602965997,False
-0.44121551513671875,2.4514281392657447,False
-0.09652990102767944,0.7132141200534444,False
0.09384408593177795,0.13326356056355648,False
-0.020906656980514526,0.045753028990234174,False
-0.012093097902834415,0.0,False
0.060729362070560455,0.07899081693693386,False
-0.0009145794901996851,0.0,False
-0.3966604471206665,0.35072891282162055,False
-0.015510538592934608,-0.0016740643928324786,False
-0.19119548797607422,1.4317215128272163,False
0.08792585134506226,0.16683991169342643,False
-0.0057812463492155075,0.00016665022121742368,False
0.26433950662612915,0.8936630256565063,False
0.03629946708679199,-0.04887323728522787,False
-0.10343334078788757,0.17281707873307034,False
-0.06229090690612793,0.14101992555930548,False
0.08573266863822937,0.15722964704036713,False
-0.0048452019691467285,-0.011969631023740379,False
-0.13469606637954712,0.34424469924165757,False
0.03351694345474243,0.6480110423811641,False
0.2778722047805786,1.476120605097115,False
0.01866619661450386,0.049544523029285116,False
0.0974126011133194,0.08184165343585115,False
-0.024951696395874023,0.032322152404433147,False
-0.016954995691776276,0.18520813643993655,False
-0.049667052924633026,-0.09822604350294661,False
-0.23331046104431152,0.5148304213262167,False
-0.013136293739080429,-0.013193847473831956,False
-0.06926301121711731,0.17126899689859829,False
-0.14980578422546387,-0.0596742753224388,False
0.013627083972096443,3.804828520515002e-05,False
-0.021526390686631203,0.0,False
-0.026652995496988297,0.0010975803989797962,False
-0.5983964204788208,0.8059452059252188,False
-0.08781218528747559,0.6608632379525141,False
-0.20813924074172974,0.1659208349451253,False
-0.013368751853704453,0.0,False
-0.062019988894462585,0.24857661425124664,False
-0.04114925116300583,-0.006524291104356555,False
0.15216827392578125,3.635349094018226,False
-0.060265541076660156,0.2926186021657256,False
-0.1474553942680359,0.12220777258059201,False
-0.02188318409025669,-0.04531244140344289,False
-0.05338665843009949,0.2883287301375392,False
-0.3233140707015991,-0.03877043000097734,False
0.0014111846685409546,0.008565514270798394,False
-0.003745518159121275,0.0,False
0.014218252152204514,-0.011976533800705494,False
0.006826281547546387,0.4723152398449336,False
-0.09171468019485474,0.42732390592187486,False
0.01611727476119995,0.3134248665500999,False
-0.016249321401119232,-0.0010737874909816452,False
0.026768237352371216,0.1404633338211276,False
0.053891196846961975,0.17681180717304235,False
-0.01746825873851776,-0.06617110005309108,False
0.17261028289794922,0.29058530990332754,False
-0.11331236362457275,-0.15483570580543007,False
0.16652615368366241,0.3506174462873359,False
0.18455052375793457,0.23628488833939376,False
-0.08523489534854889,0.21619088496294303,False
0.005754187703132629,-0.02016039727109014,False
-0.7325742244720459,0.4064041334246895,False
-0.023273497819900513,0.007640134660366067,False
0.0,0.0,False
0.005346707999706268,0.0010501912329345942,False
-0.0016232492635026574,0.0,False
-0.08717938512563705,-0.054155795521258876,False
-0.04513382911682129,1.5774297016030716,False
-0.005094422027468681,-0.11748634093916793,False
-0.10736623406410217,0.0599720273459093,False
0.0,0.0,False
-0.19607889652252197,0.09131835675821601,False
-0.19164371490478516,1.7284577172772426,False
-0.047537267208099365,-0.1433823297946737,False
-0.025510787963867188,0.26378910504249475,False
0.057095691561698914,0.1804022702696156,False
-0.061103835701942444,-0.07137421927069582,False
-0.05524370074272156,-0.0628976262090103,False
-0.07944372296333313,-0.10796868932080328,False
-0.029725849628448486,-0.020998997670680322,False
-0.10677510499954224,0.03353756159928062,False
-0.012766361236572266,0.4452449415599313,False
-0.1511886715888977,-0.09878040030475463,False
-0.03114892542362213,0.03690288829741575,False
0.033656541258096695,-0.006523300921625688,False
0.0358242392539978,0.2985354970547941,False
0.09855574369430542,0.4576541258058735,False
-0.08741456270217896,0.49960472992048216,False
-0.06332024931907654,0.26103299074593866,False
0.08430089056491852,0.1901587331833336,False
0.15196850895881653,0.18941155075724905,False
-0.02356637641787529,0.04508693324478208,False
-0.22618603706359863,-0.5903175948172863,False
0.010672716423869133,-0.03931777524674167,False
-0.22934216260910034,0.5075981945319228,False
-0.19256490468978882,-0.11044891419302416,False
0.01910942792892456,-0.06671252586759663,False
-0.051504675298929214,0.020658388206000793,False
-0.09917175769805908,0.1084721425469175,False
-0.16300684213638306,0.10952256889941436,False
-0.0020554768852889538,0.0,False
-0.2840363383293152,-0.10401490920925827,False
-0.027379333972930908,0.3288723703679457,False
-0.050274819135665894,0.04740700893273731,False
0.616830587387085,1.3202630789942664,False
-0.0019115827744826674,0.0,False
-0.027916008606553078,0.00040406963671557605,False
-0.005416685715317726,0.0,False
-0.08845168352127075,-0.06861440624223641,False
-0.22383296489715576,0.01209597207214691,False
-0.10814470052719116,0.09015729619494472,False
0.1460878849029541,0.138426096814224,False
-0.015148162841796875,0.13967117547111954,False
-0.03771764785051346,0.017975017304379566,False
-0.012851297855377197,0.12799303257989397,False
0.01442993525415659,-0.01391964064489999,False
-0.02961355447769165,0.18725055586279613,False
0.033275604248046875,0.1996719804956526,False
-0.2297385334968567,0.24273190589557855,False
-0.03648179769515991,-0.16548771671618534,False
-0.18099309504032135,0.011619290119930847,False
0.0876183807849884,0.24025456679770663,False
0.1550154685974121,0.9017694405351813,False
-0.05754750594496727,0.032101829551245034,False
-0.3401396870613098,0.01873064980192063,False
-0.0519905686378479,0.6258837929227759,False
-0.020249778404831886,-0.0017482677962055789,False
0.03102552890777588,-0.008565561875976412,False
0.0,-0.004141197416613198,False
0.0,0.00010094897879753262,False
-0.018223818391561508,0.00011431191919216398,False
0.007665446028113365,0.08192098140716553,False
0.04028540849685669,0.300320336901499,False
-0.032317496836185455,-0.0372035964437646,False
-0.06643366813659668,0.43376202840845535,False
0.07256549596786499,0.22586926363514476,False
-0.005466580390930176,0.8927828839211369,False
0.012136131525039673,0.18418503572450864,False
0.0787585973739624,0.08933185047431857,False
-0.04230600595474243,0.008416607975959778,False
-0.07476070523262024,-0.06618223039129933,False
-0.003652139101177454,0.002681024605408311,False
-0.11474102735519409,0.35501286118217124,False
0.12786602973937988,0.29445183999313784,False
0.006607711315155029,-0.037866982095233565,False
-0.1294650286436081,-0.08023998460472645,False
0.13989004492759705,-0.011198500178162856,False
0.01564164087176323,0.0004732866073027253,False
-0.0007264243322424591,-0.001669644053403537,False
-0.007554398849606514,-0.03866365044697604,False
-0.007578650489449501,-0.03233279105414282,False
-0.008674725890159607,-0.008638466120778034,False
0.021853838115930557,0.025891459284502573,False
-0.10126340389251709,0.23627931173679223,False
-0.035901933908462524,-0.022802684590094192,False
-0.004270732402801514,-0.010111488511178351,False
-0.007272183895111084,0.46052720561258526,False
0.030887365341186523,0.8621186668760924,False
-0.1370300054550171,0.6881278534782873,False
0.07270465046167374,-0.002035418070395985,False
0.01332502905279398,-0.0025946969281836958,False
0.011827975511550903,0.1889003299881481,False
-0.03411233425140381,0.1592533171666294,False
-0.31751513481140137,0.46071664038879206,False
-0.27559518814086914,0.7817188553500444,False
0.046854712069034576,0.0,False
0.0029858648777008057,0.3525143051788219,False
-0.08049607276916504,0.5973835438891504,False
-0.10950374603271484,0.09054643340625973,False
0.06278538703918457,1.0332688244535848,False
-0.06673234701156616,0.23429339753895387,False
-0.0019229352474212646,0.1491265784746,False
-0.09590563178062439,-0.2521926369912508,False
-0.002288348972797394,0.01685095058269938,False
0.01316523551940918,0.1258149892091751,False
-0.28405213356018066,2.28472183667303,False
-0.019313417375087738,-0.036235405745979395,False
0.1335315704345703,0.46745671964594415,False
-0.09889361262321472,0.1556989211007911,False
-0.018122494220733643,0.00043365536839701235,False
0.004208436235785484,0.0,False
0.1445024609565735,0.16233050085927486,False
-0.044176578521728516,3.372822633650582,False
0.14217683672904968,0.3763745296825086,False
0.1824619174003601,0.5050865485528585,False
0.051022544503211975,0.21915516594005585,False
0.0037213750183582306,0.0006990972366255925,False
-0.004610417410731316,-0.020938766706535453,False
-0.02130553126335144,0.11308501966688717,False
0.03617271035909653,0.1391274780035019,False
0.021889731287956238,0.24947381467004628,False
-0.023154348134994507,0.19764707942991955,False
0.19020918011665344,0.4528309051609816,False
-0.006641248241066933,0.00040386038017459214,False
-0.010582915507256985,0.0,False
0.009412607178092003,-0.002760776507609962,False
0.027869338169693947,-0.009063896478821552,False
0.01351206935942173,0.02805258147418499,False
0.16892284154891968,0.25528235467711036,False
-0.6717495918273926,0.16744633759597072,False
-0.031492218375205994,-0.026111596725370584,False
-0.06842166185379028,0.47056643953710964,False
-0.12349966168403625,0.10346081113282692,False
-0.03540878742933273,0.06668937730670718,False
-0.022286728024482727,0.03774490309571464,False
0.04521864652633667,0.15222427798098548,False
-0.04785454273223877,-0.1023614623511238,False
0.2512468695640564,0.44949059974571604,False
-0.07485011219978333,-0.01015027468800326,False
-0.024815067648887634,0.11058365843063692,False
-0.1662205159664154,0.04299143452969517,False
0.0009876154363155365,0.0,False
0.11173887550830841,0.1408128396245729,False
0.00020429491996765137,0.03994453657119856,False
0.003061060793697834,0.0,False
0.05897754430770874,0.29639648371243954,False
-0.005756206810474396,-0.0033868005690059497,False
-0.0663708746433258,0.37412081994446916,False
0.08830852061510086,0.18698804080486298,False
0.04145920276641846,0.8095276816901958,False
-0.23210299015045166,0.5518403851320691,False
0.05287632346153259,0.1289931373550682,False
0.022095024585723877,0.3838680971441052,False
-0.05312567949295044,-0.038252330940686016,False
-0.13227319717407227,0.5444816438929545,False
-0.014887556433677673,-0.02728952344494813,False
-0.43785929679870605,0.3951972760973891,False
-0.5660676956176758,0.2820233745059124,False
-0.015130637213587761,-0.016897947630028283,False
-0.024799883365631104,0.20640766542951774,False
-0.05786246061325073,0.35069305867179945,False
-0.15684545040130615,0.4101858021759691,False
0.07048282027244568,0.31091646622436486,False
0.04420596361160278,0.1411917805671692,False
-0.004362061619758606,0.0,False
-0.04000525176525116,0.1191907450556755,False
-0.039543747901916504,0.7539795179064637,False
-0.49772363901138306,0.3641522670112636,False
0.12986540794372559,1.0166800211453177,False
0.13927125930786133,0.5966179980975752,False
0.03959600627422333,0.12075820500050019,False
-0.05977049469947815,0.1661929237162258,False
0.7419998645782471,1.7006835031336411,False
-0.05057024955749512,0.7368137560654244,False
0.0016205906867980957,0.21366898607280088,False
-0.0065843104384839535,0.0,False
0.1438782811164856,0.5134209928309476,False
-0.04289877414703369,0.29184808320137645,False
0.08662500977516174,0.38489794490509827,False
-0.022591935470700264,-0.026326022327169032,False
-0.22469863295555115,0.12782316412193634,False
-0.096382737159729,0.17654278273301627,False
0.18353283405303955,0.2957102352434191,False
-0.05637839436531067,0.3927309905922662,False
-0.20417070388793945,0.2617076336475294,False
-0.043753840029239655,0.15694938600063324,False
-0.23768514394760132,0.09592911726967818,False
-0.02959153801202774,-0.008648479220785987,False
-0.1920834481716156,-0.07421917780021803,False
-0.045970022678375244,-0.05662889568072954,False
0.01248602569103241,0.11449301260798339,False
-0.07972661405801773,-0.07080244843246553,False
-0.1590520590543747,0.022311595116206423,False
-0.0909733772277832,1.0377390204010783,False
-0.16864049434661865,0.26474167181163183,False
-0.12063443660736084,0.8067625827796504,False
-0.10686522722244263,0.32577855451263227,False
-0.18943548202514648,1.2649812443024615,False
-0.020718038082122803,0.13565325184557053,False
-0.0246695876121521,0.6377041870126328,False
-0.11383658647537231,0.2652778519151553,False
-0.01706908643245697,0.006608581419737386,False
-0.027084648609161377,0.368907244373202,False
0.10051218420267105,0.015101034770301343,False
0.016215436160564423,0.03532667388079071,False
-0.08505472540855408,0.06841385144988577,False
-0.002069661393761635,-0.004386529283114056,False
-0.01241486519575119,0.0036675690207630396,False
-0.007716886233538389,-0.0040433004037201984,False
-0.002983812242746353,8.256441651610658e-05,False
0.06151079759001732,0.023687425781595127,False
-0.017529606819152832,0.26145828492834455,False
-0.013009130954742432,0.29514920761920677,False
0.008850784972310066,0.03250659370402075,False
-0.012414282187819481,0.0,False
0.0,0.0,False
-0.014225314371287823,0.0017628783825784922,False
0.02995644509792328,0.1310663850187373,False
-0.08737114071846008,0.03180615179394179,False
-0.004626881331205368,0.0,False
-0.13467125594615936,0.10550241421113662,False
0.017858829349279404,0.0,False
0.05053969845175743,0.07194551563256715,False
0.02384880930185318,-0.029786241572326375,False
-0.04164060950279236,0.2958717572313113,False
0.002278115600347519,-0.03154105881186728,False
-0.4263772964477539,0.5920937671768336,False
-0.06948482990264893,0.7241209375449652,False
-0.1508159637451172,0.25111420074115287,False
-0.017895907163619995,-0.011676915099952542,False
-0.012164831161499023,0.21075369593302945,False
-0.01907193660736084,0.3744839434808276,False
-0.04359602928161621,0.18898870338012763,False
-0.06019711494445801,0.3279706507779467,False
0.10954150557518005,0.13493372085058508,False
-0.000812530517578125,0.45955165590854863,False
0.05293843150138855,0.18509952962764406,False
0.037390559911727905,0.15152418351542918,False
-0.23540973663330078,1.003932350630062,False
-0.09877854585647583,0.1438300333961808,False
-0.04812321066856384,0.138465878571855,False
-0.014182478189468384,0.1539268124069294,False
0.04133942723274231,0.2831664059591567,False
-0.20551013946533203,0.21308930945222448,False
-0.21870911121368408,1.0529764767009548,False
0.014226287603378296,0.41220894402315134,False
-0.03318887948989868,0.15994670736311103,False
0.0,0.0,False
-0.08516804873943329,-0.05091036014192131,False
-0.0034406185150146484,0.9014715799022958,False
-0.002875661477446556,0.0,False
-0.024331867694854736,0.19864475052499653,False
-0.0016354583203792572,0.08238551967292994,False
-0.09557408094406128,0.36933789352410473,False
-0.01705870032310486,0.12849044230816253,False
-0.0009797249222174287,0.0,False
0.05633997917175293,0.7054080245164591,False
0.020045191049575806,0.06320082300988471,False
0.060059815645217896,0.2587924601796094,False
0.007462233304977417,0.2479570526452973,False
-0.0022361427545547485,0.036989436038034146,False
0.25507938861846924,0.8724357668408609,False
0.028862833976745605,0.2041387842553898,False
0.1441270112991333,1.076822694325737,False
0.003947645425796509,0.31936021752003185,False
-0.11101041734218597,-0.002107894718121159,False
-0.00966855138540268,0.07117363112940327,False
-0.026858562603592873,-0.39702529104841244,False
-0.10089150071144104,0.10827172102393923,False
0.21732097864151,0.5426158226727235,False
0.008476296439766884,2.78483876172686e-05,False
-0.010404936969280243,0.14784666845320849,False
0.007020503282546997,0.13209787029292094,False
0.004469245672225952,0.12853369382825242,False
-0.10144254565238953,0.5595899738318513,False
-0.005225174129009247,-0.03676621468003032,False
-0.03833895921707153,0.4388541330463249,False
0.07046270370483398,0.02175253042554967,False
0.13749372959136963,0.8455930856161401,False
-0.18355631828308105,0.40062860441836523,False
-0.0028132617007941008,0.0,False
-0.13261735439300537,-0.21383165092031353,False
0.2489139437675476,0.71399091738204,False
-0.011582106351852417,0.03478064805122397,False
0.014689145609736443,-0.011908715020085142,False
-0.008047766983509064,0.0024605459592281576,False
-0.035283029079437256,0.30331125014393606,False
-0.08347702026367188,0.8127585449072027,False
-0.13113310933113098,-0.016780215109722774,False
0.03791242465376854,0.0031029367819428444,False
-0.0633302628993988,0.18661662107832563,False
-0.3998897075653076,0.72448021234993,False
-0.01646091602742672,0.0,False
-0.10677522420883179,1.0125658512115479,False
0.15435409545898438,0.8320704017692991,False
0.032425642013549805,0.4148126375746002,False
-0.027524352073669434,0.07224850025569765,False
0.002690136432647705,0.22339564481072463,False
0.15564745664596558,0.7676836617143694,False
0.030779927968978882,0.2635439781359842,False
-0.014457650482654572,-0.13399160033806537,False
-0.1720702052116394,0.1654721138363411,False
-0.057991016656160355,-0.029122384731512338,False
-0.044574420899152756,-0.07906130935994714,False
-0.005689818412065506,0.0,False
-0.11252409219741821,-0.2012926132326927,False
-0.12033018469810486,0.2895275810833618,False
-0.13178008794784546,0.6252255298000207,False
-0.03251701593399048,0.026072103530168533,False
-0.05119216442108154,0.5351233197377865,False
0.05362311378121376,6.149642285890877e-05,False
-0.41828984022140503,0.003605761065579749,False
-0.04621309041976929,0.16594639482516466,False
0.02397891879081726,0.10452693998870316,False
-0.22571921348571777,0.6744936881853921,False
-0.6175727844238281,0.3731671687540504,False
0.02780701220035553,-0.004894258924271727,False
-0.060194939374923706,0.00030224923950553095,False
-0.8205986022949219,1.389374542548017,False
-0.08080354332923889,-0.024055756256810022,False
-0.005627334117889404,0.39741192954144156,False
0.10281023383140564,0.2964348770991564,False
-0.01229098904877901,-0.029970307182816184,False
0.08863605558872223,0.26829844214517606,False
-0.16201475262641907,-0.06263443933934773,False
-0.40714430809020996,1.1889239527513136,False
0.009807989001274109,0.03380473077936903,False
0.008255839347839355,0.08779222925526729,False
-0.023509584367275238,-0.03252849535349653,False
0.006260206922888756,-0.0036088163119475827,False
-0.1195334866642952,0.0114585379526532,False
-0.09435442090034485,0.06930596886285928,False
0.0005121007561683655,0.3028114669161659,False
0.004399814642965794,0.0004529658181127161,False
-0.007741932291537523,-0.004453648135512942,False
-0.441771000623703,-0.0547665174342761,True
-0.05454886704683304,0.004222998596524969,False
-0.033377908170223236,-0.19969210675935609,False
-0.06303183734416962,-0.005229702852925893,False
-0.009477752260863781,0.0,False
-0.0009882065933197737,-0.0033917837709672035,False
-0.0009906182531267405,0.0,False
-0.0899057388305664,-0.15546679268242836,False
-0.017444655299186707,-0.011447097974891782,False
0.009350704960525036,0.0,False
-0.004856771323829889,0.0,False
-0.013707388192415237,-0.041433930374907474,False
0.021267518401145935,0.00917537711988229,False
-0.035308271646499634,-0.0012050875178953105,False
-0.003924086689949036,-0.04583889626718693,False
-0.035349249839782715,0.44821751619266903,False
0.09149187803268433,0.3590496539063422,False
-0.09012424945831299,1.0003945733859476,False
0.004984855651855469,1.1280885845900837,False
-0.008534898981451988,0.0,False
0.021461229771375656,0.03932377644214688,False
0.016730576753616333,0.1809565881857012,False
0.10317498445510864,0.5100126229171482,False
-0.01529020071029663,0.136947956301592,False
-0.2233925461769104,0.13508606967319936,False
-0.25623875856399536,0.3046116198814474,False
0.18648329377174377,0.4396297588162018,False
-0.007702590897679329,-0.007167556084427892,False
0.004101693630218506,0.04061831481957909,False
-0.0450550839304924,-0.3017466830293258,False
-0.15903306007385254,0.5439839587502006,False
0.0025941357016563416,-0.05160526472180866,False
-0.2336111068725586,-0.07527842097916959,False
-0.0008622407913208008,0.20518214733200515,False
0.06527435779571533,0.35164123708810113,False
-0.009061068296432495,0.17626754098463243,False
-0.02953997254371643,0.2790145621790423,False
0.06727030873298645,0.3372468024738383,False
0.0017449110746383667,-0.0012108936748333188,False
0.16946840286254883,0.4669147514479165,False
-0.07246541976928711,0.45345830818137,False
-0.0053316205739974976,0.13537063327682344,False
-0.0394366979598999,0.41353172994591675,False
-0.034845441579818726,-0.0987079523987931,False
-0.026221871376037598,0.24205666188503575,False
-0.06335952877998352,0.062055836344314955,False
-0.03628802299499512,0.06134615113583283,False
0.016625553369522095,-0.018465826134962872,False
-0.0960845947265625,0.5607024128328328,False
-0.12671531736850739,-0.05136708139759777,False
-0.0020565215963870287,0.0,False
-0.015362213365733624,0.0,False
0.002448052167892456,0.20069556409149614,False
-0.0019797952845692635,0.0,False
0.0235108882188797,0.0012720790691673756,False
-0.0019879883620887995,0.0,False
-0.0020899996161460876,-0.0034794707740642273,False
0.0,0.0,False
0.002989199012517929,-0.5424210816973475,False
-0.024422213435173035,0.03970033675432205,False
-0.12059617042541504,0.49696282424943117,False
-0.006904306821525097,0.0,False
0.08022545278072357,0.216432586312294,False
0.019939448684453964,0.0,False
-0.00920577347278595,0.05922014762033512,False
-0.043475568294525146,-0.10440930744671949,False
-0.003941248636692762,0.0,False
-0.11818969249725342,0.8461054857793217,False
0.011435704305768013,-0.004312534019560602,False
-0.00610138475894928,0.0043923330252942355,False
-0.005891174077987671,-0.020484479600586136,False
-0.03638029098510742,-0.02414519045929364,False
-0.6960786581039429,0.692905772124175,False
-0.004195690155029297,0.12437982725306837,False
-0.005181312561035156,0.6177050051013112,False
-0.24476855993270874,0.21629401178154595,False
-0.014414852485060692,-0.010548334520518853,False
-0.05095377564430237,-0.006732409883004602,False
-0.18906474113464355,0.7497450588251022,False
0.01443328708410263,-0.005019548378290229,False
0.042373597621917725,0.28309651047448725,False
0.03965756297111511,0.11471136659383774,False
-0.03931596875190735,0.060770818703385465,False
0.08197399973869324,0.11105810142922325,False
0.00655490905046463,0.11322422614968984,False
0.22368422150611877,0.7256988220336483,False
0.0033273696899414062,0.3420049157861711,False
-0.05460736155509949,0.03999555703086156,False
-0.008144877851009369,-0.08670228599234141,False
0.11544346809387207,0.8338724736713614,False
-0.04427982121706009,-0.03249118810445205,False
-0.5515890121459961,1.3598379474224525,False
-0.27562564611434937,0.029176321410755435,False
0.011883873492479324,0.09323168330011139,False
0.005117438733577728,0.10499809994904535,False
-0.02485194057226181,0.08069576786309839,False
-0.010552674531936646,0.15154401533229453,False
0.036486804485321045,0.0821560280257368,False
0.09742967784404755,0.29294533300514347,False
0.017103195190429688,0.3851058901787714,False
-0.053162068128585815,0.08058509190385071,False
-0.07871842384338379,0.01744921403709937,False
-0.0010297601111233234,0.0,False
0.024415016174316406,0.2340513662043291,False
-0.36067748069763184,0.11403914860283504,False
-0.16279299557209015,-0.0824805755347964,False
0.04920290410518646,9.792033233679831e-05,False
-0.017737984657287598,1.2090243502282134,False
-0.12885737419128418,0.47065426596709503,False
-0.33406248688697815,-0.05561867142723337,False
-0.02406477928161621,2.0288198437027125,False
0.1567990779876709,0.42718505752585034,False
-0.039183586835861206,0.17461952786574553,False
-0.09260880947113037,1.0333241498443695,False
-0.1647762805223465,-0.013714979749222922,False
-0.0019686459563672543,0.0,False
0.09705815464258194,0.08430024936406459,False
0.013782169669866562,0.0,False
0.0,0.0,False
0.05668702721595764,-0.03205755666608551,False
0.003198474645614624,0.06657314701463836,False
0.04130040109157562,0.21373032666516723,False
0.08004724979400635,0.4038517610890796,False
-0.03037627413868904,0.02553983624522961,False
-0.12344935536384583,-0.19954108450143393,False
0.017957303673028946,-0.008102542841502788,False
0.3314164876937866,0.6343022136715446,False
-0.0007393956184387207,0.2359268326227668,False
0.03836173564195633,-0.05045786872421927,False
-0.06612451374530792,-0.019609571944722112,False
-0.032322145998477936,-0.005115060044418487,False
0.11758506298065186,0.049362885276731334,False
-0.01944855973124504,4.875345985055901e-05,False
0.15705187618732452,0.3742020534190291,False
-0.0032192468643188477,0.5657408575303611,False
-0.007509966380894184,0.00011773277947213501,False
0.07080597430467606,0.019568156450986862,False
-0.008277208544313908,0.0,False
-0.05556477978825569,-0.01116101144489214,False
0.12316036224365234,2.0349603328787937,False
-0.1688838005065918,0.5943832979698814,False
0.038286805152893066,0.3913301608069214,False
0.05985841155052185,0.3178963462456465,False
0.04896228015422821,0.19023324048665707,False
-0.03694939613342285,-0.046316788369761525,False
0.034854382276535034,-0.026988357179785587,False
-0.014162681996822357,-0.004848954736169533,False
-0.19650131464004517,0.07740996029529848,False
0.2620101571083069,0.6429060028236213,False
-0.2748715281486511,0.09990760913167657,False
-0.061592280864715576,0.028517363172848004,False
-0.38437479734420776,0.1260653798680823,False
-0.3365894556045532,0.3562960572512245,False
-0.12436684966087341,0.16958765421854488,False
-0.36103588342666626,0.0616785090241343,False
-0.38531070947647095,0.013011216221816113,False
-0.25646257400512695,0.5429847495604798,False
0.05037468671798706,0.417097524328896,False
-0.09112304449081421,0.21545269321746158,False
-0.5186123847961426,0.9773595049416229,False
-0.033700525760650635,0.411798424876221,False
-0.12509703636169434,0.7926577192384456,False
-0.32068508863449097,0.27305192482993196,False
-0.06533774733543396,-0.03609219285781301,False
0.004244208335876465,0.40373038438546677,False
-0.13203489780426025,0.48102593490199147,False
-0.030029475688934326,0.47919469310494717,False
0.21045255661010742,0.505711510038612,False
-0.22380679845809937,0.412350765324685,False
-0.11394834518432617,1.2474819100797738,False
0.09050369262695312,1.190016327243826,False
-0.04207867383956909,0.31906109853573245,False
-0.2574416399002075,0.8557873981929207,False
-0.043550342321395874,0.1972006072952125,False
0.029712922871112823,0.13042014837265015,False
-0.033732473850250244,0.2646956380485484,False
-0.22180390357971191,0.47630426386248526,False
-0.007401704788208008,0.34930369951259954,False
-0.5954798460006714,0.839834548956198,False
-0.02832961082458496,0.6631119064054567,False
-0.08086800575256348,0.8861594112661937,False
-0.1960834264755249,0.11268717177134985,False
0.27733442187309265,0.6731089059883343,False
-0.012297168374061584,-0.013522716331592938,False
-0.12470066547393799,0.19497426715825117,False
-0.07498449087142944,0.3467461155119351,False
0.33931922912597656,0.6774418821532349,False
-0.2430669665336609,0.23256788086147695,False
-0.494295597076416,1.5751774730892296,False
-0.14346957206726074,0.9578924408905889,False
-0.012057013809680939,0.040966752449293924,False
-0.3649951219558716,0.23015727843380163,False
-0.1436263918876648,0.30219226070679145,False
-0.31412315368652344,1.2695278784591437,False
-0.013900995254516602,0.4091087265524091,False
-0.08720356225967407,0.49394128906486817,False
-0.05714792013168335,0.5080350689122991,False
-0.2755211591720581,0.5712357223993927,False
-0.12114161252975464,0.6279289168919577,False
-0.05336618423461914,0.5991293495040317,False
-0.11013650894165039,0.6881883622775442,False
0.06138455867767334,0.17505565785350863,False
-0.19023537635803223,0.21503782767339194,False
-0.050029635429382324,0.7416196544471787,False
-0.3012017011642456,1.1939530434658696,False
-0.05173003673553467,0.19299240582355354,False
0.430675745010376,2.0660154276179776,False
-0.01512998342514038,0.2884016581428255,False
-0.22665196657180786,0.3511663484782313,False
-0.02059023082256317,-0.0497646826572411,False
0.012216687202453613,0.30411615437186973,False
0.028493046760559082,0.8126292477233825,False
-0.07808835804462433,0.03428122092066474,False
-0.27182722091674805,0.10495462825608855,False
-0.11884331703186035,0.08001427361127139,False
-0.4585188031196594,0.5020631970620836,False
-0.1773366928100586,0.19385209159516392,False
-0.18792665004730225,1.0977390902017543,False
-0.2300267517566681,0.2215598676902739,False
-0.08108127117156982,1.0787362691592333,False
0.11431419849395752,0.7940604678650395,False
-0.12619233131408691,2.4428739461332087,False
-0.37667131423950195,0.1969169947053131,False
-0.10849535465240479,0.3153279391569762,False
0.036097899079322815,0.16306220101900137,False
0.057297706604003906,0.24084437465419328,False
-0.05406522750854492,0.30146461046693096,False
0.0,0.0,False
-0.08158394694328308,0.17449951171875,False
-0.001845936058089137,0.0,False
-0.005645102355629206,0.0003604345547500998,False
0.0,0.0,False
-0.027539998292922974,0.0,False
0.03871098905801773,-0.003909290004420891,False
-0.005788168869912624,0.0,False
-0.044570475816726685,0.04932666016550193,False
-0.11190147697925568,0.013401116161569582,False
0.002524137496948242,0.2876907296318826,False
-0.060923852026462555,-0.028560799839337018,False
-0.02618926391005516,0.0002977240364998579,False
-0.009007364511489868,0.2272931390246163,False
-0.0866478979587555,0.06082440083338268,False
0.03908944129943848,0.0007814493146724999,False
0.024488359689712524,0.29187407479198524,False
0.030358970165252686,0.31117717938079004,False
0.06698763370513916,0.47091286371996943,False
-0.027199864387512207,0.4715599955425311,False
-0.13129425048828125,0.2915904762415875,False
-0.03614804148674011,0.14422946769513534,False
-0.001915857195854187,0.0,False
-0.10955095291137695,2.178069209163315,False
-0.002778609748929739,-0.003202411916172608,False
-0.07570571452379227,-0.11348997252681295,False
-0.04639551043510437,0.202591900601011,False
-0.07308915257453918,0.1231038433585177,False
-0.002842867746949196,-0.027672404849794458,False
-0.04343077912926674,-0.0015724648026756594,False
0.010177940130233765,-0.014354089920174812,False
0.002457939088344574,0.08764863402632805,False
-0.045045703649520874,0.06537692654465979,False
0.049793243408203125,0.18529919781814072,False
0.0833761990070343,0.10341428220272064,False
0.06185043603181839,0.09758599102497101,False
-0.006139104254543781,0.0,False
-0.23434990644454956,-0.003994249787705351,False
-1.1215496063232422,0.40734330898463167,False
-0.00285318773239851,0.0,False
-0.0084458589553833,0.04649097586803705,False
0.006444722414016724,0.1138556816136059,False
-0.008281663060188293,0.0482009574960127,False
0.04214617609977722,0.16787735474839216,False
0.011869613081216812,-0.016800303116165417,False
0.07993566989898682,0.5331980624811856,False
-0.18083900213241577,0.281364853358427,False
0.05728309601545334,0.04222337156534195,False
-0.46164655685424805,1.1900818003641203,False
-0.13505098223686218,0.024698335514825087,False
-0.08715230226516724,0.1800602830620459,False
-0.13960538804531097,-0.005746356998557217,False
0.10993778705596924,0.875489310290513,False
-0.05005106329917908,-0.018265815863030235,False
-0.048481106758117676,0.2761058764226403,False
0.05455732345581055,0.14707027841845968,False
-0.0835113674402237,0.030277885938223142,False
-0.036940500140190125,0.06005793664058297,False
-0.19181737303733826,0.050835826510610416,False
-0.0023090261965990067,0.0013768106518618104,False
0.04042638838291168,0.10918487667256802,False
0.022780418395996094,0.33821299156766566,False
-0.01565052568912506,0.0285814271201328,False
-0.020569324493408203,0.0014306383027068612,False
-0.09484744071960449,-0.0921833188818737,False
-0.09482140839099884,0.009323314443911657,False
0.007954686880111694,0.3574645186466401,False
0.11629223823547363,0.653746911577858,False
-0.08656048774719238,0.1545489453621801,False
0.13525953888893127,0.49423024005808913,False
-0.17539536952972412,1.375083695985428,False
-0.024921730160713196,0.0011975854868069291,False
-0.02529330551624298,-0.0598571383244485,False
-0.04177109897136688,0.03363772485255,False
0.014528331346809864,0.0,False
-0.10381549596786499,0.33089691846458946,False
0.05460655689239502,0.46512761480601705,False
-0.06014533340930939,0.012019863743935183,False
0.11088313162326813,0.2537805013072777,False
-0.03506788611412048,0.16835129306787508,False
0.042621463537216187,0.3321244416717953,False
0.0005013570189476013,-0.0030023379527529684,False
-0.11983239650726318,-0.08022719800838957,False
0.09581524133682251,0.1872982000835591,False
-0.05706958472728729,0.22009418818662702,False
-0.009592920541763306,-0.08224648336679033,False
-0.387589693069458,1.0452174714416904,False
0.10135352611541748,0.31631542891791936,False
-0.006623461842536926,0.17288027708559325,False
-0.023165851831436157,0.25839134997047464,False
-0.004900588188320398,-0.27668642781381736,False
0.027510348707437515,-1.763334407176028,False
-0.002837032312527299,-0.017647426448797396,False
0.027392743155360222,-1.3364245925512097,False
0.06201143562793732,0.22188253039804717,False
0.19841235876083374,0.8023017277407298,False
0.05497947335243225,0.033646957793107474,False
-0.021821219474077225,-0.01093937490983467,False
-0.07399612665176392,0.06964605919959416,False
-0.12372037768363953,0.27737184081298627,False
-0.03307238221168518,-0.10471373313292551,False
-0.00761611619964242,0.0,False
0.04334155470132828,-0.006608438484513739,False
0.007729768753051758,-0.0002911558825897387,False
0.146731436252594,0.5904863236681333,False
-0.18470609188079834,0.20281373345831077,False
-0.04553899168968201,0.0996834278397023,False
0.1782417744398117,0.15140516078146163,False
0.03759324550628662,0.47927710933391204,False
-0.0848720446228981,0.009761346504092216,False
0.3225801885128021,0.14363219267341698,False
0.06418836861848831,0.12200363825908346,False
-0.32585832476615906,-0.4768697767187793,False
-1.4385312795639038,0.13039073946482171,True
-0.9230876564979553,0.22773182884299364,False
-0.03529989719390869,0.23674325283845518,False
0.10363979637622833,0.07732752559890683,False
-0.04438221454620361,0.7827610837485808,False
0.1024618148803711,0.5527741069818342,False
0.033312976360321045,0.22486053909772513,False
-0.20278148353099823,-0.24414238280900447,False
-0.0035154777579009533,0.00010897043830482289,False
0.01935761421918869,-0.04007486233516194,False
-0.44138967990875244,0.21799147890408888,False
0.0007838457822799683,-0.013750809700109667,False
-0.0009662442607805133,-0.005582399904053732,False
0.042116522789001465,0.4336558226677484,False
-0.16233980655670166,0.03762623429365722,False
-0.10288596153259277,0.38242280013269514,False
-0.020036695525050163,0.0049497345462441444,False
0.003175167366862297,-0.00857027618035374,False
-0.003895451780408621,0.0,False
-0.26550212502479553,-0.043132596290745756,False
-0.010532259941101074,1.2295599664523666,False
0.015966467559337616,-0.043860563975003194,False
-0.004957916215062141,0.0027412112157044425,False
0.07413715124130249,0.20181114489134058,False
0.021935485303401947,-0.022053826179587024,False
-0.013563183136284351,-0.00898392079230893,False
-0.8522535562515259,-0.19235311093739638,False
-0.789304256439209,2.566765300210465,False
-0.40018749237060547,2.7871976402019976,False
0.14624951779842377,0.12006051108152221,False
-0.8514580726623535,1.8768992462665626,False
-0.033860206604003906,-0.012559752439757495,False
-0.0009402748546563089,-0.017323800751590554,False
-0.06830662488937378,0.6236405019710202,False
-0.020794417709112167,0.025072619643632114,False
0.016066178679466248,0.08742349370662891,False
-0.002716796938329935,-0.001999711507262117,False
-0.006570301949977875,0.028310681118386964,False
-0.08458811044692993,0.09120706379630503,False
-0.004796387627720833,-0.05063258439143033,False
0.031530607491731644,-0.037466411397000104,False
-0.01719816029071808,0.08024701515599138,False
0.0,0.0,False
-0.037838272750377655,0.027879586994207974,False
-0.01258017122745514,-0.04927715627140716,False
0.0,0.0,False
-0.0017912659095600247,-0.003015112275248861,False
-0.04356659948825836,-0.016935467813537716,False
0.02287733554840088,0.11024818395754753,False
-0.021278318017721176,0.005296055693179369,False
-0.3175492286682129,0.9045184933574113,False
-0.42351454496383667,-0.9231536471229354,False
-0.04112204909324646,0.1394799100416786,False
-0.022480394691228867,0.00014362673391588032,False
0.014056632295250893,-0.008626532267926954,False
-0.09739422798156738,-0.1622987020532551,False
0.0,-0.001669644053403537,False
0.09901043772697449,0.5788943800315222,False
-0.07006597518920898,-0.03103034265888649,False
-0.026174353435635567,0.0001364818454021588,False
-0.0018968954682350159,0.012520323260421806,False
-0.0450393408536911,-0.40693834522824074,False
0.09374387562274933,0.24628517229718694,False
-0.07793229818344116,0.28931332725190895,False
-0.008897082880139351,-0.01828769988674671,False
0.0,0.0,False
0.013498246669769287,0.02885400520327617,False
-0.06027311086654663,0.013072912611157589,False
0.022331569343805313,0.07780604909077629,False
0.047792136669158936,0.3326113938307464,False
0.21793150901794434,1.411077193333424,False
0.44652342796325684,2.870612363618373,False
-0.3565415143966675,0.66136534943943,False
-0.1574978083372116,0.0856153341061307,False
-0.11774790287017822,-0.11451215144397053,False
0.14852046966552734,3.9029738313156916,False
-0.11753897368907928,-0.03734417387048665,False
-0.026168450713157654,0.11642631673055845,False
-0.15658628940582275,0.45256633996764517,False
-0.27570366859436035,-0.07341446495264298,False
-0.10895395278930664,-0.020035181993225792,False
-0.012570977210998535,0.8311032356350403,False
0.0262126624584198,-0.1365381817106583,False
0.0944051742553711,0.21649094610475872,False
0.10045954585075378,0.20395981136923397,False
-0.562188982963562,0.2457390130617254,False
-0.039825960993766785,-0.05686389904717082,False
-0.014838457107543945,1.1097875666125196,False
-0.05084863305091858,0.3818417401419818,False
0.2214530110359192,0.7340872942161001,False
0.18008655309677124,0.30907684386291207,False
0.08406563103199005,0.2105435561230598,False
0.07636643201112747,0.15764984259597845,False
-0.19888418912887573,0.46635876014385913,False
-0.05319172143936157,0.16408822219504088,False
0.2595834732055664,3.9100281164006687,False
0.005796956829726696,-0.22098006334812617,False
-0.021701708436012268,-0.0965210470792677,False
0.0032845214009284973,-0.047032045725182506,False
-0.05698549747467041,-0.03642808631158351,False
0.010848790407180786,0.0818422363012296,False
-0.11627185344696045,0.14356637445236792,False
-0.11865270137786865,0.3936144663877441,False
0.05998601019382477,0.061261691592090106,False
-0.057125650346279144,-0.022832253683707213,False
0.02960038185119629,0.2205724337975223,False
0.13727322220802307,0.39684994361380965,False
-0.04125833511352539,0.15338432981601202,False
0.012362219393253326,0.041875336788965024,False
-0.016677245497703552,0.050164906633968526,False
0.08709591627120972,0.20954231116838834,False
0.02703964337706566,-0.011757006346384163,False
-0.08244776725769043,-0.12414279357030855,False
-0.012758740223944187,-0.02082510794718276,False
-0.006591275334358215,0.07378795704549357,False
-0.0977548360824585,0.2193308148643376,False
0.02026224136352539,1.821742049853678,False
-0.05041171610355377,0.02265854738652706,False
-0.020560624077916145,-0.008198200674078341,False
0.001453995704650879,1.0682947111305467,False
-0.03752647340297699,-0.10183909509457213,False
-0.00706275412812829,0.0,False
-0.017642870545387268,-0.57969714314632,False
-0.0573139414191246,0.07756653428077698,False
0.10899025201797485,0.21997562471081872,False
0.08340169489383698,0.19480017217318846,False
0.040750086307525635,0.18706512313435142,False
-0.03274589776992798,0.1437035551790083,False
-0.010338355787098408,0.0,False
-0.507547914981842,0.08121849454094954,False
-0.32923829555511475,0.3349773938494664,False
0.0016859173774719238,0.13346746867685816,False
-0.17988359928131104,0.7092730705623522,False
-0.05586877465248108,0.030666090777050715,False
-0.07159246504306793,0.02595521755544867,False
0.008255667984485626,0.012116762618507936,False
0.038201212882995605,0.14762450612220807,False
0.08968468755483627,0.06698143037796365,False
0.006028156727552414,-0.010713276683253673,False
0.006492940708994865,0.0,False
-0.05169922113418579,0.2124596572936008,False
-0.005962112918496132,-0.008565774333119464,False
0.075568288564682,-0.05607945950443005,False
-0.08135661482810974,-0.206036417488613,False
0.03218957781791687,-0.05596323643778356,False
-0.13590091466903687,0.5461292368083615,False
0.0071846842765808105,0.1458372891755527,False
-0.02923501282930374,-0.012237121680916676,False
0.05706731975078583,0.1919782163730641,False
0.04576954245567322,0.33430064055747705,False
-0.01631302386522293,-0.0016384996903708801,False
-0.03087979555130005,0.019447707548229887,False
0.1680951714515686,0.5633017438321866,False
0.014581125229597092,-0.009327664148037986,False
-0.025690853595733643,0.0434906966984272,False
0.01360204815864563,0.10837604671738693,False
-0.033508747816085815,-0.006604470343094693,False
0.03867405652999878,0.6053341967362096,False
0.1757136583328247,0.32219907012347604,False
-0.1315702199935913,0.25305517165158287,False
0.007917732000350952,0.07178239114606663,False
0.06909686326980591,0.07460051483681585,False
0.015721434727311134,0.018925676122307777,False
-0.015499886125326157,-0.03669573153999328,False
0.03513580560684204,0.08523184061050415,False
-0.08610071241855621,-0.02882585379592162,False
0.01460796594619751,0.13540683347518312,False
0.024114489555358887,0.6321849313527961,False
0.1755216121673584,0.6901643563983201,False
0.20194387435913086,0.8417966137366308,False
-0.048185765743255615,0.07963450688145955,False
-0.003944434225559235,0.0913892537355423,False
0.02279774472117424,-0.031420341201045164,False
-0.02619466930627823,0.014366396702826023,False
-0.05713610351085663,-0.004963689174230037,False
-0.24940192699432373,0.9021867880515894,False
-0.2442050576210022,0.34045366507406366,False
0.04074978083372116,0.06982816733262064,False
0.012889504432678223,0.1609719908444831,False
0.027572140097618103,0.1030467547888392,False
-0.058165956288576126,-0.011824100135213591,False
-0.5375678539276123,2.2798986952253206,False
-0.003258451819419861,0.12327102245659119,False
0.04703181982040405,0.35672499726973217,False
0.17858320474624634,0.4759554565995806,False
-0.13048356771469116,0.40145909963162807,False
-0.052485644817352295,0.5010650518026609,False
0.036618903279304504,0.21333374684868217,False
0.16706696152687073,0.2447236213632472,False
-0.1008765697479248,1.188257179965035,False
-0.3512754440307617,0.7799981322878702,False
-0.1259625405073166,0.027088691655587152,False
0.019437193870544434,0.6861920990047352,False
-0.7300840020179749,-0.22068627588058654,False
0.01120692864060402,-0.02694075446262794,False
-0.026386050507426262,-0.003661036564342279,False
-0.07922686636447906,-0.06314246473080765,False
-0.05336781591176987,0.02878173136377457,False
-0.10816332697868347,-0.08192485075244371,False
0.025596141815185547,0.44420879394656887,False
0.02216404676437378,0.35369737836488446,False
-0.059145450592041016,0.5039933057839614,False
-0.1600680947303772,-0.01654512726470387,False
-0.010373556055128574,0.0005265818326734006,False
0.055279385298490524,0.10378016811118193,False
-0.04263576865196228,0.42503241230295424,False
-0.07544335722923279,-0.016755109154444326,False
0.10601478815078735,0.0373080773488198,False
-0.0018971696263179183,-0.012950415744893877,False
0.05274530127644539,0.08958821849863757,False
-0.42441749572753906,1.3768025640517192,False
-0.10405170917510986,0.9386111889325431,False
-0.31337499618530273,1.810675611319696,False
-0.7307085990905762,0.977410350476898,False
-0.8586184978485107,1.2323521013106393,False
-0.5879919528961182,0.7840060412085805,False
-0.8881700038909912,0.5987103769790052,False
-0.9138796329498291,0.9264973981758489,False
-0.0036660111509263515,-0.01094192511241336,False
-0.18151748180389404,0.4333086110405937,False
-0.5714792013168335,0.17538184639800813,False
-0.13328152894973755,0.2180373937145701,False
-0.014882445335388184,0.4163468257464779,False
-0.4107518196105957,-0.23483933495019077,False
-0.3920907974243164,0.9432327890418297,False
-0.12781934440135956,0.11330495094825307,False
0.03560882806777954,0.6215252450868349,False
-0.5185774564743042,0.5626853117102926,False
0.029824137687683105,0.5486409412882322,False
-0.07896873354911804,-0.011433229966168579,False
0.2439066767692566,0.27356094638840006,False
0.110973060131073,0.23140215489655136,False
-0.28364038467407227,1.618407659800345,False
0.016216754913330078,1.4699012479644717,False
-0.5751714706420898,0.8162871349104341,False
-0.9493725299835205,1.5330819619764842,False
0.03600712865591049,0.05310756006597542,False
-0.6186918020248413,1.2960505388589718,False
-0.0846562385559082,1.4494033063459735,False
-0.07522845268249512,1.3381438097885496,False
-0.557774543762207,0.071976101442493,False
-0.7666046619415283,0.40684472194069565,False
-0.6988787651062012,0.7938148586977047,False
-0.13749170303344727,0.7605090110184427,False
-0.13145995140075684,1.0748047167019434,False
-0.3266005516052246,1.2466886219341586,False
0.2070075273513794,0.6760279097082568,False
-0.2936396598815918,0.7695248618185551,False
-0.18441426753997803,0.34071161494264396,False
-0.1334238052368164,0.7659641138448577,False
-0.6570017337799072,0.7805982653685506,False
-0.7275514602661133,0.7884926852196632,False
-0.1543896198272705,0.2984065672586438,False
-0.6246509552001953,-0.09019128535928722,False
-0.10885363817214966,0.33925775927023516,False
-0.20879745483398438,-0.03175733588527274,False
0.13999421894550323,0.2949498180288586,False
0.12515676021575928,0.6298706088762422,False
1.3698348999023438,3.5430540742394965,True
0.04197823628783226,-0.005036848267030956,False
0.0,0.0,False
-0.005611671134829521,0.0,False
0.03035726398229599,0.09221639423016284,False
-0.0037158727645874023,0.27099048799624664,False
-0.7839627861976624,0.05559800234941187,False
-0.012960970401763916,0.31018955263036474,False
-0.043924205005168915,0.007040900643914938,False
0.01552509143948555,-0.032167432041786535,False
-0.7540683746337891,1.145935746399605,False
-0.26941660046577454,0.13564513777743584,False
-0.004635632038116455,0.03085808828473091,False
-0.014404518529772758,0.0,False
0.0176120363175869,0.0,False
0.0,-0.0027362659693716995,False
0.009090393781661987,-0.06455850270673286,False
0.03276260197162628,0.15449169750190403,False
-0.01101477537304163,0.00036040012491866946,False
-0.04696163535118103,0.0220888393235964,False
-0.01270268950611353,0.0,False
0.01827443204820156,0.0,False
0.014260359108448029,0.07262564518506615,False
0.030152812600135803,0.1597312775616019,False
0.010640151798725128,0.19759001100036025,False
-0.003285713493824005,-0.022394944605286463,False
0.21541452407836914,0.6863230689877078,False
-0.009408578276634216,-0.03121257141882526,False
0.007294803857803345,0.09230850021238447,False
0.05579540133476257,0.043599258244218286,False
0.05394062399864197,0.3151864616034925,False
-0.06802397966384888,0.2919030703636031,False
-0.321727454662323,0.5729153940721479,False
0.03969883918762207,-0.005764483731820818,False
-0.24947714805603027,0.3759528541461685,False
0.03141934424638748,0.011784655929485386,False
0.005586907267570496,0.12951383856793242,False
0.17602020502090454,0.6358898662660379,False
-0.024988926947116852,-0.026971748142069346,False
-0.004687950946390629,-0.024344904612132047,False
-0.0009833304211497307,0.0,False
0.014048948884010315,0.0015279426677648079,False
0.017499983310699463,0.27068276317646,False
-0.04903838038444519,-0.02319437172257592,False
-0.0091788899153471,0.0,False
0.02770143561065197,0.0858638808131218,False
-0.004764843266457319,0.0,False
-0.03390800952911377,-0.02836734357647635,False
-0.002954945433884859,-0.0016288923419373726,False
-0.10265021026134491,0.0,False
-0.0838228166103363,0.1993821208231807,False
-0.004595145583152771,-0.01206065319506952,False
-0.016756488010287285,-0.002816353078921096,False
0.10291445255279541,0.45634574161993285,False
-0.08281780034303665,-0.05609867265844179,False
-0.04043769836425781,0.9456211602532996,False
-0.1643218994140625,0.4026313251442461,False
-0.11436420679092407,-0.09883882789652132,False
-0.005799205973744392,0.0,False
0.1351306438446045,0.3752966052464749,False
-0.24226725101470947,0.49444854857345394,False
-0.10379941016435623,0.0006613394943997264,False
0.0711967796087265,0.016310230107850605,False
-0.02669578790664673,0.20195101616216338,False
-0.06781214475631714,-0.051906894221712685,False
-0.019674809649586678,-0.004927378986643209,False
-0.34030798077583313,-0.0788782006954376,False
-0.3929709792137146,-0.2580116628551433,False
-0.8371249437332153,-0.39563466844781514,False
0.130229651927948,0.6827963650391556,False
0.16919562220573425,0.5370580234344594,False
-0.13718965649604797,-0.00766314529865092,False
-0.04625317454338074,0.16659656482786472,False
-0.11299452185630798,-0.06114981830372895,False
0.0027155280113220215,-0.06988343028109692,False
0.0646757036447525,0.19199594980957568,False
0.30048537254333496,0.7208741725545103,False
0.15949460864067078,0.34266105372281713,False
-0.026998326182365417,0.274219774225796,False
-0.11932806670665741,-0.002275954886810941,False
0.08847272396087646,1.0410172453655049,False
0.05097058415412903,0.36100940009194593,False
-0.014200598001480103,0.1369595648166514,False
-0.14727485179901123,0.14978227477445727,False
-0.15130043029785156,0.7173632761495174,False
0.030469432473182678,0.13279813776414848,False
-0.0009844474261626601,-0.01420677764480083,False
0.0026712343096733093,0.0,False
-0.12300688028335571,0.23307301725090385,False
0.2109960913658142,0.8522631823858784,False
-0.0056838784366846085,-0.02089679084927691,False
-0.4766013026237488,-0.09716107113392941,False
-0.0006967840017750859,0.0,False
-0.001975609455257654,0.0,False
-0.13406029343605042,0.0016574737280569685,False
-0.0017638299614191055,0.0,False
-0.03548881411552429,0.33318062810604443,False
-0.611879825592041,0.2028071989958251,False
0.1779649257659912,0.7662685525068613,False
-0.012772440910339355,0.5498957256510743,False
-0.1314498782157898,0.1639722742452513,False
0.07825474441051483,0.11079225942409647,False
-0.0066515360958874226,0.0,False
-0.30457359552383423,0.08292383932116765,False
-0.10301404446363449,0.008936135547934917,False
-0.05150705575942993,0.4167058558880623,False
-0.0028826380148530006,-0.010211336266462728,False
0.012405499815940857,0.00501519429848412,False
-0.14359280467033386,-0.09750751366389651,False
-0.09479403495788574,0.7080367040084175,False
-0.0075050294399261475,0.24073576583544118,False
-0.1261415332555771,0.03540487776970765,False
0.007467558607459068,0.00027115907869301736,False
0.07614967226982117,9.958601096715647e-05,False
-0.00567665696144104,0.47114828330114084,False
-0.03138786554336548,0.46855570889633075,False
-0.08466178178787231,0.483525887707113,False
0.019703349098563194,0.004018299747258425,False
-0.0032266825437545776,-0.005215986112212237,False
0.16355037689208984,3.9165865132982614,False
-0.006340026389807463,0.0032311868853867054,False
-0.04978279769420624,0.015539549233757333,False
-0.08957397937774658,-0.03636086636688457,False
0.016686931252479553,0.012929595645817138,False
0.10364842414855957,0.9792234460333515,False
-0.005623213481158018,0.0,False
0.04707549512386322,0.07757964934250451,False
0.006566132418811321,-0.011226080555946575,False
-0.010340739041566849,-0.023233497503857448,False
-0.005579943768680096,-0.011302682475142153,False
0.045444831252098083,0.06839638241121716,False
-0.011484026908874512,-0.001265889276185996,False
-0.09458303451538086,0.5259031182460808,False
-0.0028703559655696154,0.0005588923813775182,False
-0.25552117824554443,-0.22164689142631377,False
0.09701007604598999,0.3170014693887674,False
-0.0019836395513266325,-0.014968090289661841,False
-0.02702915668487549,-0.02728690052670979,False
-0.029781993478536606,0.0013477061875164509,False
-0.007636468857526779,0.007754486985504627,False
0.013064123690128326,-0.04448560174950274,False
-0.04880499839782715,-0.08879356528342197,False
-0.024660497903823853,0.2866344474649961,False
-0.3214383125305176,-0.2053871667502563,False
-0.018005985766649246,0.034470316698654156,False
0.08040130138397217,0.8791419940655067,False
0.27033159136772156,-0.0009371588435428402,False
-0.06570151448249817,0.370027724641094,False
-0.14031673967838287,0.13077131262142638,False
-0.028474420309066772,0.007186670020653249,False
-0.006325132213532925,0.0,False
-0.8139193058013916,0.2605790369810194,False
0.002681046724319458,0.1258182634387781,False
0.024272538721561432,-0.02207421313332529,False
0.024452686309814453,0.3738837348670204,False
0.30418920516967773,0.9343998359858712,False
-0.2492387294769287,0.796847671285925,False
-0.010237693786621094,0.5439734982057406,False
-0.13103659451007843,-0.023000010232740703,False
-0.04664433002471924,0.29509589715455853,False
0.07280293107032776,0.12941686097754362,False
-0.06272464990615845,0.27682279402507454,False
-0.0028519034385681152,0.5131366515930053,False
-0.007402181625366211,0.42614866158779946,False
-0.1584404706954956,0.17757479335415022,False
-0.029785946011543274,-0.008757834758219174,False
-0.03873906284570694,-0.03935844907023405,False
-0.009581662714481354,0.08129994829641532,False
-0.011763546615839005,0.00020719222084153444,False
-0.005841049365699291,0.0,False
-0.03829118609428406,-0.18351850102434414,False
0.03674197196960449,0.22386368119804095,False
-0.09588579833507538,0.18508259043498382,False
-0.015941839665174484,-0.012788852896053101,False
0.03545701503753662,0.06858071316812409,False
-0.02451849728822708,-0.0024954823775928114,False
-0.3897275924682617,0.9959687597755088,False
-0.06081932783126831,0.4174479474225877,False
-0.0034543871879577637,0.31165875125071557,False
-0.18545106053352356,0.10732788171736565,False
-0.05546519160270691,0.19352088337547868,False
0.003760002553462982,0.018766091860685362,False
-0.025671249255537987,0.0011322371428832412,False
-0.01733006164431572,0.07149708985766615,False
0.00039827823638916016,0.6864124057356364,False
-0.4114375114440918,1.8111102157983217,False
0.07951122522354126,0.23073703321592398,False
-0.036366477608680725,0.0664995644488663,False
0.008458733558654785,0.2811380356630474,False
-0.03390099108219147,-0.09710205799607877,False
-0.24018752574920654,0.758886638927696,False
-0.387207567691803,-0.0010082790988767965,False
0.0376528725028038,0.08123708560673124,False
-0.007294465787708759,-0.005623172930270625,False
0.1910191774368286,1.1598109960393328,False
-0.02296200394630432,0.23656729203523952,False
-0.01772308349609375,0.5513636399726485,False
-0.007854890078306198,-0.014212743502579575,False
-0.0086389584466815,0.0,False
0.014928560703992844,0.043482240202778084,False
-0.004634937737137079,0.0,False
-0.0009848554618656635,0.0,False
-0.11185044050216675,0.04435439999264615,False
0.01833954080939293,0.0,False
0.17909926176071167,0.8087045861278845,False
0.6268166303634644,1.0314914063235399,False
-0.10661223530769348,-0.008191105539402659,False
-0.02458152174949646,0.05946164997052242,False
0.05721402168273926,0.1871848814928861,False
-0.0018690751167014241,-0.007466752897759841,False
-0.013298753648996353,-0.002345882079618083,False
0.11451691389083862,0.36152066416594186,False
-0.032219719141721725,-0.04350023090658935,False
0.04393494501709938,0.13929326751487484,False
-0.008451866917312145,0.0,False
0.02326704002916813,0.0,False
0.031804636120796204,0.06054758527756087,False
0.056827396154403687,0.09257123440524839,False
0.0884697437286377,0.16490215049291124,False
-0.008860170841217041,-0.02393897177061525,False
-0.0088728666305542,0.1884584051670956,False
0.6965126991271973,4.11166921263501,False
-0.029553618282079697,8.403867104789242e-05,False
-0.11244753003120422,0.008064524777680139,False
0.017356976866722107,0.0,False
-0.025283098220825195,0.44340465573416726,False
0.20011860132217407,0.4825029847061695,False
0.056998878717422485,0.10229491096562049,False
0.021372031420469284,-0.005461995020053427,False
0.017254522070288658,0.00029697336140088737,False
0.015462033450603485,-0.07259807884746065,False
0.008591622114181519,0.31395416315670155,False
0.04302413761615753,0.17552357144904232,False
0.20002448558807373,0.4113622805194275,False
-0.0996055006980896,0.37379314507138683,False
0.07813160121440887,0.1236424595117569,False
0.0584050714969635,0.2329428816801994,False
0.16549548506736755,0.2956571147823094,False
-0.05866706371307373,0.1886827436637801,False
0.015041880309581757,-0.003349904324886692,False
-0.011381104588508606,0.0041839671321213245,False
-0.21700549125671387,1.0317890856255028,False
0.01658361405134201,4.6164153900463134e-05,False
-0.018545761704444885,-0.03431391820140994,False
0.0435006320476532,-0.6484339639381711,False
0.007162056863307953,-0.07905513338921295,False
-0.0037532495334744453,0.01785869151353836,False
-0.049905747175216675,0.18592813966236177,False
-0.0015109293162822723,0.0004831793194171041,False
-0.242545485496521,0.5130362654439578,False
-0.40878552198410034,-0.12395700368276918,False
0.048710718750953674,0.16165401238664895,False
0.0,0.0,False
-0.22486019134521484,0.6349866212234241,False
0.05969792604446411,0.39926110342599463,False
-0.014310993254184723,0.062209130559863324,False
-0.007276937365531921,0.083880546135192,False
-0.000997403054498136,0.0,False
-0.006277844309806824,-0.0127962312516063,False
0.01037551648914814,0.00014972244389355183,False
-0.007115657906979322,-2.653510666812426e-05,False
0.051355332136154175,0.4598217814810205,False
0.0018924418836832047,-0.02046560826668076,False
-0.018815428018569946,-0.0033264755374959824,False
-0.02711516059935093,-0.01054624975188517,False
0.018138054758310318,0.011235106328761294,False
-0.07386186718940735,-0.017549038932617538,False
-0.009509905241429806,0.0,False
0.019898144528269768,5.6756707635940984e-05,False
-0.011323051527142525,-0.0030166352949565467,False
0.04175436496734619,0.12821854651162756,False
-0.01011190190911293,-0.027807616851306817,False
-0.031096553429961205,-0.005319603184659884,False
-0.010610408149659634,-0.0033341284352543413,False
0.6076850891113281,2.4864440897362448,False
0.0022007226943969727,0.7259946793491235,False
-0.07147829979658127,-0.014193926753769591,False
-0.07544966042041779,0.1110931773406158,False
-0.2400566041469574,0.1563378534760913,False
0.08716368675231934,0.41019435028931894,False
-0.23128741979599,0.6868156654177864,False
0.080699622631073,0.28126890750466005,False
-0.052926599979400635,0.2769028140224524,False
0.013354182243347168,0.5753102300109787,False
0.16914904117584229,0.5087272679300385,False
-0.18961352109909058,-0.028722003502062,False
-0.07331164926290512,-0.27048589316218424,False
-0.16299450397491455,0.5258079825349652,False
-0.09124785661697388,0.10302473192596354,False
-0.042515069246292114,0.06770683399584226,False
-0.0661374181509018,0.04662294191634624,False
-0.060835421085357666,0.0926106288329896,False
-0.07355707883834839,0.454646840397662,False
-0.000923091487493366,0.0,False
0.3604762554168701,1.4819312753921796,False
0.021882593631744385,0.456547701239985,False
-0.07194328308105469,0.23024993450309678,False
0.0674741119146347,0.13378682432039363,False
0.029633700847625732,0.5571874367400645,False
0.01871001534163952,0.06349531768228305,False
0.00896448828279972,6.311839388217777e-05,False
-0.00406567333266139,0.0,False
-0.02779933623969555,1.6501340724062175e-05,False
0.05487607419490814,0.08416220221809445,False
0.11152839660644531,0.7831784133327627,False
0.0672082006931305,0.21576947134644567,False
0.16549289226531982,0.7257434385700019,False
-0.0011707711964845657,0.02712089568376541,False
0.023545917123556137,0.0011773983715102077,False
0.09967371821403503,-0.049721105459359566,False
-0.03224173188209534,0.33893635028115604,False
-0.006134793162345886,-0.03282709499964036,False
-0.08158300817012787,0.12866651016764105,False
-0.2324901819229126,0.3816019342019715,False
0.00017505884170532227,0.2232683826254833,False
0.15018504858016968,0.5441664120960549,False
-0.010959364473819733,-0.014455069907219419,False
-0.123385488986969,-0.17224301091948446,False
-0.1448460817337036,0.1864498108730257,False
-0.4606912136077881,1.329107106790505,False
-0.3132086992263794,1.0413273413837416,False
-0.06044423580169678,-0.002092189875984819,False
-0.31129175424575806,0.4683858584007161,False
0.03148168325424194,0.26515420365611114,False
-0.5777943730354309,-0.1741875238778564,False
-0.022218134254217148,-0.03098098147217679,False
-0.008508668281137943,4.7164372517727315e-05,False
-0.03629614785313606,0.0008681616745889187,False
0.017210185527801514,0.025190534467214032,False
-0.08762183785438538,-0.024947277533242565,False
0.036367833614349365,0.17077415737699736,False
0.2135412096977234,0.6776899727358456,False
-0.030441109091043472,-0.00865592527461065,False
0.048058927059173584,0.2677560720833335,False
-0.008872583508491516,0.010928592119142044,False
0.32050037384033203,0.7559396509874169,False
-0.06116610765457153,0.1568242501555142,False
-0.3038889169692993,0.2729076310486249,False
0.27652913331985474,-0.06736451944473942,False
-0.093024343252182,-0.13549090811801695,False
-0.26718902587890625,0.373444790124641,False
-0.04029427468776703,-0.03117816968813987,False
-0.06928993761539459,0.011365331709384918,False
-0.025699496269226074,0.1613202195721625,False
-0.16714024543762207,0.060548651666343885,False
-0.0035637617111206055,0.09254806129618016,False
-0.005363538861274719,-0.039401820471381716,False
-0.022638440132141113,0.9673019586009324,False
0.0014224499464035034,-0.036271815622175074,False
0.26242566108703613,0.46525431162758263,False
0.014070719480514526,0.25660915950062924,False
0.016257088631391525,0.005047613597583961,False
-0.16289815306663513,0.17935559199877132,False
-0.06385158002376556,-0.0026544343242355314,False
-0.06651127338409424,0.24425764177358203,False
-0.07124879956245422,0.03975395275010482,False
0.052743107080459595,-0.10929771366159402,False
-0.07685631513595581,0.25358711294657243,False
-0.038758158683776855,0.09674596341593555,False
0.23864156007766724,0.15755481004350713,False
0.13547617197036743,0.4441501678485944,False
0.017614156007766724,0.052786535735834285,False
-0.08851340413093567,0.19101492241088894,False
0.09996357560157776,0.6011383103645977,False
-0.0351981520652771,0.42055702627455727,False
-0.08975088596343994,0.22822560071684345,False
0.05376708507537842,0.0612603124125895,False
-0.1564115285873413,0.304571012352677,False
-0.014316516928374767,0.0,False
-0.0705198347568512,-0.0008106752078466395,False
0.014295965433120728,0.22597911658447323,False
-0.03847971558570862,0.040591456004328494,False
-0.06786197423934937,0.05792164140090128,False
-0.04598677158355713,0.5352531152146738,False
0.004899284802377224,-0.01395052151462262,False
-0.0009849575581029058,0.0,False
-0.09032359719276428,-0.0287913575135835,False
0.015241462737321854,-0.015440235271429768,False
-0.2178913950920105,0.33283625960940366,False
0.07252195477485657,0.20506577548824456,False
-0.1853257417678833,0.5818054842119911,False
-0.043168872594833374,0.2082300915532947,False
-0.01006847620010376,0.09293885492996554,False
-0.0036395173519849777,0.0,False
-0.07590186595916748,-0.07792032064763119,False
0.04334411770105362,0.08850356191396713,False
-0.2712683379650116,-0.034756461819836215,False
-0.026689425110816956,0.09124711388676805,False
-0.01432905811816454,-0.02409167178358279,False
0.38798046112060547,1.4130249318793089,False
-0.8359801173210144,-0.017346628904947634,False
-0.5925520658493042,0.20694528537220347,False
-0.5456171035766602,-0.0063598373370680195,True
-1.1376690864562988,-0.1565566415048643,True
-0.01864612102508545,0.015790506548908956,False
-0.039934635162353516,4.2616206579611635,False
-0.0007657110691070557,0.16894275344087673,False
-0.01136697269976139,0.0,False
-0.02142881229519844,-0.015346394205342001,False
-0.12446215748786926,0.11957746943086793,False
0.08165287971496582,1.9794039259709475,False
-0.2384554147720337,0.9186874751692387,False
-0.006400017533451319,0.0,False
0.0013590380549430847,-0.0061305082153800955,False
-0.006704676430672407,0.00031208497239276767,False
-0.0122719407081604,0.0050953966565430164,False
0.11144715547561646,0.27589682133075333,False
-0.03750300407409668,0.06564512678277776,False
-0.21290886402130127,1.162111399596348,False
-0.10383853316307068,-0.07060679292376731,False
0.010150432586669922,1.3881881289890494,False
-0.03677293658256531,-0.029458938759550163,False
-0.11052945256233215,0.008393984578682623,False
-0.01423974521458149,-0.020230741372906726,False
-0.13998737931251526,-0.14748842575452942,False
-0.03321266174316406,0.4296346332070391,False
-0.032520413398742676,0.3422916770323938,False
-0.06081309914588928,0.12051646325183688,False
0.3742631673812866,1.6871787449412292,False
0.017205312848091125,0.02323528192937374,False
-0.13745522499084473,0.2281749458192161,False
-0.0017891472671180964,0.0,False
-0.07958580553531647,0.0,False
0.0,-0.0050958865308567405,False
0.0,1.543335019960068e-05,False
-0.0008619062136858702,0.0,False
0.0,0.0,False
0.09145787358283997,0.053220659494400024,False
0.016512587666511536,-0.014773544909071158,False
-0.07149451971054077,0.4005725356346072,False
0.0004013311117887497,-0.0032972695562845634,False
0.08821898698806763,0.2617027537333952,False
0.012112334370613098,0.17024484110150342,False
0.00950594525784254,-0.010203352822486553,False
-0.00271298224106431,0.0,False
0.08304503560066223,0.21522770256573576,False
-0.01204444095492363,0.00021530315279960632,False
-0.6747362613677979,1.2482070178619926,False
-0.021231718361377716,0.0023864491377025843,False
-0.001947071054019034,0.0,False
0.003387889824807644,0.03965363974042703,False
-0.02554493024945259,0.026882080361247063,False
-0.0018668122356757522,0.0,False
-0.000985725549980998,0.0,False
-0.004807299468666315,0.0,False
-0.0030553489923477173,3.889536310452968e-05,False
-0.014081954956054688,0.1426514983177185,False
0.016703419387340546,0.08993010967969894,False
0.014293544925749302,0.0,False
0.010646998882293701,0.0,False
-0.0018561608158051968,0.0,False
-0.009297056123614311,0.0,False
-0.0028433739207684994,0.0,False
-0.007294843904674053,0.006430808920413256,False
-0.16183793544769287,0.8684982885538624,False
-0.3824843168258667,0.11150098186172486,False
0.05141773819923401,0.439886977350581,False
0.005604393780231476,-0.02052662403880545,False
-0.03418844938278198,0.01092512548556987,False
-0.1011040210723877,0.21187968367064355,False
-0.06966763734817505,0.19995429541975887,False
0.030907154083251953,0.21950016085835983,False
-0.014068253338336945,0.060024854539923345,False
-0.24092984199523926,1.734414894258452,False
-0.45756375789642334,0.4266551864197646,False
-0.16371110081672668,0.09470024863125587,False
-0.039812445640563965,0.2300624917515306,False
0.04669469594955444,0.30971962710139733,False
0.007237362675368786,-0.007995051596437283,False
-0.011312260292470455,-0.06808516610124654,False
-0.0009500375599600375,0.0,False
0.004609942436218262,0.3151862266047937,False
-0.02214304730296135,0.0027170905377715826,False
-0.019678592681884766,0.2303909097278743,False
0.4212089776992798,0.8614251958209627,False
-0.06670886278152466,-0.23709261323597902,False
-0.0009410642669536173,0.0,False
-0.07960599660873413,-0.03228985934728934,False
-0.2782195806503296,0.9332641463891664,False
-0.06867921352386475,0.45276176381175554,False
-0.006763175129890442,-0.017047612579281723,False
0.0036028344184160233,8.191255619749427e-05,False
0.04905432462692261,0.3245954520475911,False
-0.10813558101654053,0.14507532759002797,False
0.04959893226623535,0.2276022682594238,False
0.008129729889333248,0.02406374365091324,False
0.00785135105252266,0.0,False
0.03697317838668823,-0.291499650393776,False
-0.04191009700298309,-0.07798804492583591,False
-0.006765967700630426,0.0,False
-0.34172868728637695,2.8856503866745595,False
-0.04672861099243164,1.9970540664313665,False
-0.510101318359375,2.333366357294452,False
-0.2083531618118286,0.2087934636993965,False
0.0,-0.005322304332332228,False
-0.00639778096228838,-0.008400572133443428,False
-0.3202977180480957,-0.06067341355267186,False
-0.004606746137142181,0.0,False
0.0542464405298233,0.0588342431238415,False
0.0360807403922081,-0.022372547326221022,False
0.08186152577400208,0.1733495707684486,False
-0.11177501082420349,0.08705373194856819,False
-0.009605229832231998,-0.003953956334885828,False
-0.1298416554927826,0.09521377186253034,False
-0.026920557022094727,1.2523169561081606,False
-0.0823419988155365,0.030927559686768608,False
0.17479291558265686,0.3165204781009326,False
0.08472955226898193,0.7398980488274332,False
0.0004059895873069763,0.15898307081698168,False
0.08972471952438354,0.360926849365129,False
-0.01581844687461853,0.17257731464311324,False
-0.0055315191857516766,0.0,False
0.06209433078765869,0.7061189296441062,False
0.25749242305755615,0.2555398463261645,False
-0.06540372967720032,0.350204568108536,False
-0.031738609075546265,0.3061751303423495,False
-0.05369982123374939,0.37727231921726223,False
0.019029203802347183,0.0,False
-0.003926917910575867,0.0001362117618555203,False
0.07557478547096252,0.22706761993261412,False
-0.06904742121696472,-0.022676887877624393,False
0.0024643614888191223,-0.009401704582913287,False
0.028740495443344116,0.06823960040813826,False
-0.0018303595716133714,0.0,False
0.1018858551979065,0.14607829493134383,False
-0.04010710120201111,0.05786542578440081,False
0.0,0.0,False
-0.020945176482200623,0.0,False
0.02602694183588028,0.0864124670624733,False
0.0,0.0,False
-0.02834642305970192,0.0,False
-0.12341666221618652,0.25567213820397866,False
0.07492564618587494,0.08363839351531965,False
0.02313252165913582,-0.002949282790017495,False
-0.00528360903263092,-0.020650766608166435,False
-0.6201083660125732,0.26012324014609906,False
-0.027381576597690582,0.00043263297993689775,False
-0.003836076706647873,0.017818682722271564,False
-0.13146233558654785,0.7227742671431991,False
0.04554593563079834,0.2975507377932618,False
-0.6693775653839111,0.99950243816532,False
0.08288159966468811,0.5163692188345257,False
0.35604333877563477,1.978891234687842,False
-0.03425618261098862,0.03373632543384906,False
0.041412532329559326,0.5299049331501703,False
-0.011344313621520996,1.1920341373720955,False
-0.06185457110404968,0.1358550254695088,False
-0.0968620777130127,0.4476942469006613,False
-0.005378663539886475,0.1387330255872804,False
0.07671438157558441,0.06739918887615204,False
0.04533928632736206,0.199630221996616,False
-0.0009115227148868144,0.0,False
0.018568390980362892,-0.00499269606931845,False
-0.021694021299481392,0.0,False
0.007826685905456543,-0.04130755192313351,False
-0.391495943069458,0.6295181058690364,False
-0.10583773255348206,0.2073095318214708,False
-0.10996866226196289,0.06997708001731609,False
-0.003186166286468506,0.3343001539122263,False
0.06211495399475098,0.674872304968352,False
-0.009652839973568916,0.0,False
-0.07789209485054016,0.009177878499031067,False
-0.06685259938240051,-0.08654408639291228,False
0.06122928857803345,0.22577379126300617,False
-0.04083871841430664,1.5452119295208462,False
-0.05366826802492142,0.06088483698639781,False
-0.03523392975330353,-0.014402121455828754,False
-0.16627854108810425,0.23093065742877905,False
-0.4934077262878418,1.488892182207013,False
-0.0064684245735406876,-0.007478043662744611,False
-0.011726528406143188,0.0444992747734322,False
0.0112752765417099,0.12211538052821203,False
-0.0008856770000420511,0.0,False
0.0016181617975234985,0.06264100764265945,False
-0.1312994658946991,0.033430151859451196,False
-0.008721470832824707,-0.014656239229262999,False
0.09473229199647903,0.1523144073136155,False
0.03862157464027405,0.11597848590089649,False
0.010371122509241104,-0.024160539726806544,False
0.0014545060694217682,-0.01662276325289782,False
0.01687377691268921,0.6470606440560671,False
0.0736817717552185,0.2394353034602781,False
-0.00808611512184143,0.05501315606085787,False
-0.030173417180776596,-0.004417023317845915,False
-0.04268135130405426,-0.050534633121949155,False
-0.0020212819799780846,0.0,False
-0.003046169877052307,0.09443832424233439,False
0.004884593188762665,0.0,False
-0.3007228374481201,1.0990797468887707,False
-0.02451533079147339,0.32290791527157925,False
-0.0024544764310121536,0.011515524238348007,False
-0.10249271988868713,0.025611662289863182,False
0.007581183686852455,0.0,False
0.08064527809619904,0.06292685211552024,False
-0.012661146000027657,-0.030643366419368878,False
-0.007995359599590302,-0.007632462004625232,False
0.0012793727219104767,-0.005555938671328178,False
0.07209359109401703,0.12370877482321377,False
-0.21847784519195557,-0.05903274565820997,False
-0.06292171776294708,-0.014462180635904119,False
0.012793926522135735,-0.06784330429404271,False
-0.0017733301501721144,0.0,False
-0.1066572368144989,0.01684392767767913,False
-0.5361478328704834,1.7149918590039879,False
0.03750258684158325,0.29782100685365853,False
0.015649795532226562,0.0004649353795684874,False
0.0320621132850647,0.25389249297507255,False
-0.3164196014404297,0.4130463294970508,False
-0.11025610566139221,0.1497974277561859,False
-0.07446944713592529,0.10150045487717832,False
-0.34656524658203125,-0.1414712224929938,False
-0.7497755289077759,-0.059122650960605205,False
-0.0935305655002594,0.1877786344199823,False
-0.029713012278079987,0.048575465643031834,False
0.008840605616569519,0.18075842287992563,False
-0.008723922073841095,-0.01994110917052573,False
-0.2357853651046753,0.29676017703936436,False
0.06967325508594513,0.05954519912408533,False
0.02698063850402832,1.1357632032324543,False
-0.7693657279014587,0.07595099999686314,False
0.028305917978286743,-0.02869318590540429,False
-0.004118017852306366,0.010135303251445293,False
0.0,-0.0030548596104798755,False
-0.04293140023946762,-0.0009910651530730813,False
-0.5003722906112671,0.01487365688976161,False
-0.03999173641204834,-0.03608109863717592,False
-0.06810912489891052,0.14185787287870338,False
0.07150006294250488,1.1016855384988076,False
0.05542591214179993,-0.10293831923098756,False
0.025575853884220123,-0.008467652955796759,False
-0.008428158238530159,0.0011867418630623831,False
0.030707692727446556,0.0,False
-0.013234946876764297,0.013089999556541443,False
-0.04221981763839722,0.5078781889565747,False
0.019514448940753937,0.0,False
0.0750095397233963,0.03318723818134441,False
0.002912968397140503,0.20623775666974256,False
0.0697106122970581,0.3894972492844032,False
-0.4732052683830261,0.4079914159222111,False
0.0032213274389505386,-0.006548471471161506,False
-0.12105536460876465,0.5083004023959152,False
-0.007490438874810934,-0.030201478466879254,False
-0.10178695619106293,0.01784696467894259,False
-0.12973593175411224,-0.02179741272531055,False
0.021565556526184082,0.1569633767964381,False
-0.21934902667999268,0.635824465632745,False
-0.01219506748020649,0.00033353795879520476,False
0.026913359761238098,0.07717426552763439,False
-0.01771365851163864,-0.0034463533042239677,False
0.01234443299472332,-0.003073895504200986,False
-0.10682708024978638,0.2786562828453514,False
0.06451158225536346,0.28538789818057897,False
-0.5853886604309082,1.833615565626422,False
0.19828438758850098,0.8296546196545909,False
-0.0018871044740080833,0.0,False
0.08230505883693695,-0.07590789744772564,False
-0.014912225306034088,0.2585406018227163,False
-0.06691332161426544,0.07273970077023262,False
-0.0011050384491682053,-0.017376752398652738,False
-0.008664777502417564,-0.013635404117274626,False
0.006421234458684921,0.09748366203801284,False
-0.0046695806086063385,0.0001935830805450678,False
0.00531656201928854,-0.00762796317308197,False
0.019844798371195793,0.0525685187831897,False
-0.00559897068887949,-0.024407944633852447,False
0.025146417319774628,0.0,False
0.012851312756538391,0.07716121182502232,False
0.18343836069107056,0.7467127158162455,False
0.0482330322265625,0.5906640657796658,False
-0.003516431897878647,0.05922823477997122,False
0.029605180025100708,0.29614112019550476,False
-0.014053139835596085,0.0,False
-0.025338679552078247,0.16808175497059197,False
-0.07361841201782227,0.28584229913857107,False
-0.11755834519863129,0.09941556736425189,False
-0.08692777156829834,1.1755537625467505,False
-0.11100593209266663,-0.13669538851881502,False
-0.045332327485084534,-0.023226358663953388,False
0.006143093109130859,1.1285522217289037,False
-0.019239425659179688,1.206040245862359,False
0.15380644798278809,1.6387280799382364,False
0.19039121270179749,0.5281448159778576,False
0.09519076347351074,0.2600511001444786,False
0.9437872171401978,2.6704960022275337,False
0.09677112102508545,0.05972884693211539,False
0.04181453585624695,0.16129797080763184,False
0.07036007195711136,0.13527623549355183,False
-0.06284615397453308,0.0004034911107737571,False
-0.003913427237421274,-0.014594216103719552,False
-0.022556841373443604,0.14341636858781726,False
-0.09822094440460205,-0.5460064639186131,False
-0.010114379227161407,-0.052660667206439506,False
0.00792190432548523,0.18874561168270593,False
-0.004184048622846603,0.011601765808307313,False
-0.275600790977478,-0.09849352781748555,False
-0.01554882526397705,0.2646588563869037,False
-0.5375044345855713,0.6516237298491383,False
0.02618098258972168,0.03923202306032181,False
-0.383312463760376,1.2429508958836637,False
0.07809564471244812,0.26780261829013613,False
-0.015123825520277023,0.0,False
-0.10265862941741943,0.5890645955930145,False
-0.059691645205020905,0.08322685483677003,False
-0.5551683902740479,2.3436534284068555,False
-0.016070954501628876,-0.014042186163594188,False
-0.47953975200653076,0.580125741277962,False
-0.10100984573364258,1.2304310493930708,False
-0.18954384326934814,0.5629287321993054,False
0.1389312744140625,0.995286391011468,False
-0.21720638871192932,0.27252081366187636,False
-0.2727433443069458,0.0793802097259323,False
0.0046295784413814545,-0.01027463685916213,False
0.14261290431022644,0.12184887185183657,False
0.023263737559318542,-0.02992140312662565,False
-0.07395350933074951,0.5384094992615177,False
-0.170604407787323,-0.20863697933551445,False
-0.15956169366836548,-0.06701682287809695,False
-0.27622079849243164,0.2401424115091645,False
0.034356504678726196,0.33125203053529234,False
-0.007372710853815079,0.0,False
0.016782645136117935,-0.022773436337343925,False
-0.014053665101528168,0.04948673301873718,False
-0.08106383681297302,0.2969345474140691,False
-0.01634514331817627,0.142381068930558,False
0.0,0.0,False
-0.0580747127532959,0.27952275043189667,False
0.020157720893621445,0.13358399271965027,False
-0.11298143863677979,-0.057828218638489776,False
0.03013552352786064,0.0,False
0.014098627492785454,0.0,False
0.014807738363742828,0.01695959083735943,False
-0.037474289536476135,0.0006499474984593689,False
0.015932191163301468,0.0,False
0.13741111755371094,0.6400147636497961,False
0.0,-0.003524703047211557,False
-0.03429634869098663,-0.01474442288823101,False
-0.000962438469287008,0.0,False
-0.1611681580543518,0.16724800422489922,False
0.03675234317779541,0.947238417767424,False
-0.03137779235839844,0.15352190272256316,False
-1.3246984481811523,0.08773515663366926,False
-0.1344624161720276,0.29388280129620364,False
-0.0029127243906259537,-0.01222171286174942,False
-0.8452243804931641,0.696276936989044,False
0.06937915086746216,0.18739120134132997,False
-0.18710662424564362,-0.11586110552193747,False
0.05133563280105591,0.0813233720929206,False
0.02479732036590576,0.39695802711044326,False
0.014388510957360268,0.0,False
-0.024423182010650635,-0.128713881756216,False
-0.44969701766967773,0.4624580836007809,False
-0.0029030204750597477,0.0,False
-0.07433238625526428,0.15391381202493576,False
-0.012562938034534454,-0.0004434316740226452,False
-0.0030832886695861816,0.05960837096981525,False
-0.028872400522232056,0.09861405963464154,False
0.05616006255149841,0.27457925193513716,False
0.009257882833480835,0.2603215566213867,False
0.10072627663612366,0.4896244821320954,False
0.030485332012176514,-0.010876534645561486,False
-0.1868937909603119,0.10905174235524667,False
-0.05893731862306595,-0.02682967558164897,False
0.018651723861694336,-0.015008005707435462,False
-0.002971261739730835,0.27617910001270013,False
-0.11175137758255005,0.1169228538673523,False
0.005557417869567871,0.2614544182927574,False
-0.017049700021743774,-0.006450441791721873,False
0.039045900106430054,0.07209496302033369,False
0.008719317615032196,-0.006746046490907189,False
0.11647415161132812,0.28041366575001564,False
-0.06170976161956787,0.0951531851472372,False
-0.010348692536354065,0.12073192773439172,False
0.13282394409179688,1.3579326486359047,False
-0.02386227436363697,0.06221554098993369,False
-0.1589406281709671,0.04844495780624941,False
-0.015120357275009155,0.026659561833933976,False
-0.1924583613872528,0.12461009232447096,False
0.009133738465607166,0.0015487016644328833,False
0.04648517817258835,-0.16439887552852858,False
-0.026769332587718964,0.004029773433710512,False
0.01946955919265747,0.01968169564912466,False
-0.08901742100715637,0.2984890617246302,False
-0.08143877983093262,0.10969682829178748,False
-0.05982223153114319,0.04418849654184779,False
-0.26900553703308105,-0.031321404192159674,False
0.04728510230779648,-0.10302106026463781,False
-0.07185506820678711,-0.016801756040047015,False
-0.013848617672920227,0.13866920381978123,False
-0.0481259822845459,0.27644571404651624,False
-0.031989216804504395,-0.04706348796722794,False
-0.18408966064453125,1.8035314269024172,False
0.07161414623260498,0.0948136456449585,False
0.030404120683670044,0.3238784688656663,False
-0.011432252824306488,0.011496273083530559,False
0.011407479643821716,0.18764987587928772,False
-0.03719380497932434,0.12085109282595338,False
-0.01837417483329773,-0.02743548294951416,False
-0.026137517765164375,0.049975073015825565,False
0.0554639995098114,0.3482985092261589,False
0.06626695394515991,0.11879992278535915,False
-0.11513519287109375,0.2840429454520758,False
0.025233298540115356,0.2436797565650256,False
0.052281856536865234,0.6782670924837528,False
-0.050070494413375854,0.2111832194489636,False
0.029186725616455078,0.23235796786012525,False
-0.0008736327290534973,0.059187354391144406,False
0.09298789501190186,0.18580726794239644,False
-0.03982538729906082,0.029640722426554203,False
-0.0005367584526538849,-0.011801274883714963,False
-0.31464940309524536,0.4070509966375488,False
-0.2531003952026367,0.9554159556365385,False
-0.27315908670425415,0.5181539792411224,False
0.2881455421447754,3.6306370233369396,False
-0.2905128002166748,0.7058197455497295,False
0.017949918285012245,-0.00965415714996075,False
-0.097563236951828,0.08495532428344721,False
-0.029544144868850708,0.0002841833920683712,False
-0.1322622299194336,-0.021145974028915382,False
0.011730901896953583,-0.026018893542834355,False
-0.3990892469882965,-0.16730008866305265,False
-1.1313085556030273,1.271316818011262,False
0.02021779492497444,0.04824581369757652,False
-0.707219123840332,-0.537331393295402,False
0.002083614468574524,-0.0334421043044488,False
-0.0914350301027298,-0.02499876581337719,False
-0.03436720371246338,-0.03627166335284217,False
-0.014418460428714752,-0.01687200435870953,False
-0.01722084917128086,0.0,False
0.0972093939781189,0.552128654935358,False
0.08763082325458527,-0.028723532380829003,False
-0.07719434052705765,0.05370066876936308,False
-0.008725453168153763,-0.003920166327833338,False
0.1790931224822998,0.29013944127928626,False
-1.299001693725586,-0.13138580637847252,False
0.40081357955932617,1.4690984718157158,False
0.09067294001579285,0.222929719363613,False
-0.21643176674842834,0.11924120368716287,False
-0.15284422039985657,0.2715894806336531,False
-0.09638859331607819,0.23659837963578131,False
0.0950847715139389,0.18546161727444632,False
-0.187308669090271,0.27277191206130613,False
0.09328585863113403,0.20838788238573774,False
-0.034229665994644165,0.17737560877614905,False
-0.12555336952209473,0.29500123718092225,False
-0.06824643909931183,0.13140585168321725,False
0.03323405981063843,-0.008708916503296353,False
-0.19820642471313477,1.125500106545782,False
0.3829909563064575,0.7404968329593593,False
-0.25219011306762695,0.5688961185475616,False
-0.5903031826019287,0.20901170821638815,False
0.06896722316741943,0.9025896689201155,False
0.01355055719614029,0.012825320287034522,False
0.033498942852020264,-0.0229983243454282,False
0.04663991928100586,0.695961865815804,False
-0.0009864970343187451,-0.010405666206532037,False
0.0035105347633361816,0.01475605773349209,False
0.061286330223083496,0.2746976833305742,False
-0.1134188175201416,0.9753290435991779,False
-0.01960533857345581,0.19866763298611118,False
-0.008487164974212646,0.04857545167479531,False
-0.22062599658966064,0.44893550471375543,False
0.03460851311683655,0.39414752824528076,False
0.07834470272064209,0.16624141852817928,False
-0.15083134174346924,0.3772704440258513,False
-0.025153517723083496,0.563728445608124,False
-0.01880168914794922,0.30631599542902554,False
-0.10755664110183716,0.5195487727158726,False
0.07860970497131348,1.2433351670703798,False
-0.2436268925666809,0.5663641300012057,False
-0.3187999427318573,0.21079415509814675,False
0.07499630749225616,0.1256795231743861,False
-0.06849208474159241,0.025702558698183706,False
0.003816802054643631,-0.03159426479152404,False
-0.2214154601097107,0.045674415692953496,False
0.04448019713163376,0.13742856256497182,False
-0.0547717809677124,0.37320045899860776,False
0.03106403350830078,0.10312750910975022,False
0.16677993535995483,0.3718642664496984,False
-0.09399823844432831,0.23300418875302625,False
-0.012017842382192612,0.0,False
-0.027660660445690155,-0.06271978834450768,False
0.0028100255876779556,-0.0196091272172563,False
-0.04328325390815735,0.153089346762888,False
-0.012034371495246887,-0.007126056394216776,False
-0.03350153565406799,0.04520282852654614,False
0.021801240742206573,0.12807397183513197,False
-0.050236910581588745,0.0997513693096912,False
-0.8486554026603699,0.031011189062229827,False
-0.08576153218746185,0.13968157183836521,False
-0.048447370529174805,0.022752641604928514,False
0.06286290287971497,-0.00843759822930254,False
0.09061884880065918,0.18028502275578714,False
0.018869638442993164,-0.015875532316350208,False
-0.200780987739563,0.1794331596455757,False
-0.009544605389237404,0.0,False
0.02227151393890381,0.30958071664562437,False
-0.04965677857398987,-0.03923347781433714,False
-0.10768575966358185,-0.01106217563502851,False
-0.10390114784240723,-0.01860321791858538,False
-0.00546570960432291,0.0,False
-0.13279402256011963,0.3507048628121991,False
0.006783634424209595,-0.03813451623008035,False
0.017522364854812622,0.09404133546476984,False
0.03801928460597992,0.21392930893728285,False
-0.08958882093429565,0.3363516560587081,False
-0.04021561145782471,0.4209761330078325,False
0.02041666954755783,0.050269210955344396,False
-0.0039337435737252235,-0.001794331029249364,False
0.04404409974813461,0.005071721421952183,False
-0.08319826424121857,0.08199987370622963,False
-0.047611869871616364,-0.07255947621232578,False
-0.007364768534898758,-0.003462841770718582,False
0.014910213649272919,0.06128860929009716,False
-0.051285162568092346,-0.16201822850980008,False
-0.0698733925819397,0.9000265184559842,False
-0.10432791709899902,0.0167819863515542,False
-0.05996984243392944,0.24434111481948148,False
-0.027922555804252625,0.14157109895229378,False
0.045638471841812134,0.2666191018875035,False
-0.14011439681053162,0.17806221505311293,False
-0.14532017707824707,0.04866060867332558,False
-0.003899797797203064,0.163334327848522,False
0.0764896422624588,0.20017420908374456,False
0.05654799938201904,0.1683498672742315,False
0.0311892032623291,0.7012553024010659,False
0.00811486691236496,-0.06210744858497448,False
-0.06796854734420776,0.09076994583587852,False
-0.02640819549560547,-0.12400707619142393,False
-0.04719339311122894,0.1340657244216559,False
0.05939537286758423,0.1773823153352903,False
0.025820493698120117,0.13123534180765245,False
-0.1791630983352661,0.010210552213754415,False
0.06686759740114212,0.14719150725053468,False
-0.18882322311401367,0.3919574063497957,False
-0.13668116927146912,0.3833705413859322,False
-0.07769262790679932,0.004990343462766056,False
-0.0375819131731987,0.041535601609954835,False
0.18603378534317017,0.46706996120045885,False
0.26294612884521484,0.5185575583049923,False
0.019639506936073303,0.06046691563696282,False
-0.12463968992233276,0.40360066994435,False
0.007253261283040047,0.0001107230709749274,False
-0.02184303104877472,-0.007411342641875511,False
-0.03230908513069153,0.24710211273572152,False
0.3512842655181885,1.1254444355636184,False
-0.014052591286599636,-0.010028527488576869,False
0.6070444583892822,2.00924122271533,False
-0.01066262274980545,0.01322529671825089,False
-0.07080994546413422,-0.04174013166667619,False
-0.013255372643470764,0.1360685321438952,False
0.22244545817375183,0.5182679140663142,False
-0.00010365713387727737,-0.01873176097097037,False
0.02864021062850952,0.2687838537635241,False
-0.014688445255160332,-0.011869318177588494,False
-0.026102185249328613,0.15884865551273064,False
-0.3266054391860962,0.7538321813355968,False
0.046949803829193115,-0.2393159035717946,False
-0.304225891828537,0.01631781422447892,False
-0.1090402603149414,0.5702762140218681,False
-0.32298505306243896,1.2117039643163425,False
0.14994242787361145,0.5055686277136253,False
-0.001401010900735855,0.0686003315118508,False
-0.0142291821539402,0.023094552133330032,False
0.28607869148254395,1.6901685323325273,False
0.17498697340488434,0.3805895708750852,False
-0.046549052000045776,-0.042863926813250866,False
-0.05785106122493744,0.11940498267434316,False
-0.005434283521026373,-0.002464589375890041,False
-0.10933436453342438,-0.07967842432953068,False
0.013724420219659805,-0.007240036214132972,False
0.00991870742291212,-0.02235391912824184,False
-0.0038177508395165205,0.0,False
0.06464821100234985,0.16647918352854663,False
0.16276860237121582,0.9909402427946074,False
-0.10010528564453125,0.2685085790659548,False
0.1368950605392456,0.6680384188754181,False
-0.09667700529098511,0.7196171222018787,False
-0.0350031852722168,0.5140672141722484,False
0.12578707933425903,0.2146066796355133,False
0.035786546766757965,0.14322920797052788,False
0.06766419112682343,0.16505102714087155,False
-0.012847376987338066,-0.010328839634559436,False
-0.0036812941543757915,0.0,False
-0.00282579124905169,-0.021149367243837744,False
0.01992976851761341,0.0,False
-0.10928522050380707,-0.09627692173105508,False
0.14526355266571045,1.0145548458152898,False
-0.07846345007419586,-0.053833285463392166,False
-0.056792937219142914,-0.03723962843037628,False
-0.0017219195142388344,0.0,False
0.004476480185985565,-0.022304375443419233,False
0.0,0.001054239459335804,False
0.009339824318885803,0.0019320277497172356,False
-0.005413152277469635,-0.00294888196734744,False
-0.01016511395573616,-0.0034054245672208404,False
-1.1358176469802856,0.1294544799502083,False
-0.5183277726173401,-0.3630216239779045,False
0.08959460258483887,0.8148528521019742,False
0.018545690923929214,-0.03131344262701348,False
0.04629090428352356,0.31213642559874155,False
-0.004660077393054962,-0.026280951889447547,False
0.05242764577269554,0.050831403448968145,False
0.0,0.0,False
0.0554623156785965,0.13500194910255625,False
0.019486501812934875,0.07276019779532142,False
-0.44394779205322266,0.08617555553765133,False
-0.0009245582041330636,-0.0034141164055498364,False
-0.009594880975782871,0.0,False
-0.039542850106954575,-0.0011837959091402432,False
0.03721082955598831,0.05741437983138793,False
0.016302376985549927,0.10814686119556427,False
-0.06546984612941742,0.21189391894464388,False
-0.6837003231048584,0.3418588260509179,False
-0.0176821518689394,-0.002207045431048133,False
-0.062460705637931824,0.1660329552810663,False
-0.014727950096130371,0.043880743207611095,False
-0.0031081829220056534,-0.0057199249086536405,False
-0.031492918729782104,0.024142639711499214,False
-0.12494219094514847,-0.014726738256850343,True
-0.0019331842195242643,0.0,False
0.022484079003334045,7.101157825672999e-05,False
0.0,0.0,False
-0.06294006109237671,-0.017451152152974384,False
-0.03420466184616089,0.7737685899664646,False
-0.0023006796836853027,0.07587115449119677,False
-0.03050066903233528,0.0027478074189275503,False
0.02040436863899231,-0.04988376868156193,False
-0.006797056179493666,-0.0043600757719970745,False
-0.032488852739334106,-0.013887945351206445,False
-0.11419677734375,-0.006904569594814797,False
0.0038475990295410156,0.058293182171793606,False
0.015130255371332169,-0.015985710716255333,False
0.013188648968935013,-0.01465277581370658,False
0.007266044616699219,0.1928141155414061,False
0.009071797132492065,0.04167613514639147,False
-0.03656907379627228,0.083523228764534,False
-0.008015945553779602,0.08156442889922913,False
-0.0021707378327846527,-0.025744488898202758,False
0.022146403789520264,0.10363071368963872,False
-0.002954118885099888,0.002149837790057063,False
-0.0008669869275763631,-0.006110592860681399,False
0.009368902072310448,-0.004588447856732097,False
-0.04600846767425537,0.07805792534689354,False
-0.8331925868988037,2.532577406519136,False
-0.0008545462042093277,0.0,False
-0.31397461891174316,0.967447349898711,False
-0.23742371797561646,0.10753762584784732,False
-0.10753297805786133,0.514783748538167,False
0.028796939179301262,0.032579995691776276,False
-0.03601399064064026,0.012862515692255744,False
0.01874723471701145,0.0,False
-0.06397072225809097,-0.016580173485028403,False
-0.07322630286216736,0.008950352668762207,False
-0.08651626110076904,0.1095981978800844,False
0.010607758536934853,0.0,False
-0.4566080570220947,0.2699586958694725,False
-0.037865400314331055,0.0729602977020449,False
-0.008352966979146004,0.06695724733930665,False
-0.05094525218009949,-0.025274401832425377,False
-0.06895962357521057,0.13429671071447924,False
0.013585759326815605,-0.038237112607894023,False
0.016172807663679123,0.0,False
-0.008729669265449047,-0.002716689055571844,False
0.0,0.0027417619712650776,False
-0.0009548994712531567,0.0,False
0.008640005253255367,-0.013757146080695358,False
-0.006493426393717527,-0.03490745803449955,False
0.1406763792037964,0.7942261658368504,False
0.14520883560180664,0.3057691669914246,False
-0.009222984313964844,-0.03201854525497588,False
-0.0487721785902977,0.027916215582195203,False
-0.007924377918243408,0.02692190458000837,False
0.026096820831298828,0.6699946282271155,False
0.01420527696609497,0.3181229068412609,False
-0.2762141227722168,0.36567611008886364,False
-0.33120495080947876,0.1447059497660806,False
-0.011847198009490967,-0.043167179586322796,False
-0.005605829879641533,-0.049726774618770904,False
0.04193168133497238,0.041747232525422326,False
-0.006948783528059721,-0.0207515167116517,False
0.0543942004442215,-0.02454565323476432,False
0.03465721756219864,0.03772076964378357,False
0.029099643230438232,-0.023148556388019135,False
-0.04821373522281647,-0.2404710352390182,False
0.0,-0.0017988542709748453,False
-0.10486820340156555,-0.013005677233519614,False
0.4519162178039551,1.7481548052481728,False
-0.00886419415473938,-0.020624677004166644,False
-0.023384645581245422,0.019260526218665384,False
-0.0028943922370672226,0.0,False
0.051052093505859375,0.3468004432567825,False
-0.10085607320070267,0.10614218792817993,False
-0.0009643308003433049,0.0,False
0.018708858639001846,0.0,False
-0.15669095516204834,0.21441162593330687,False
-0.03581256791949272,-0.00500106193502683,False
-0.37589383125305176,-0.09342845851471315,False
-0.002967006992548704,0.0,False
-0.00013860687613487244,-0.009859233639746423,False
-0.021581856533885002,-0.06948208219526561,False
0.07662501931190491,-0.05583698867839674,False
0.04376896470785141,0.00581222760177042,False
-0.02121480368077755,0.0002989181084558368,False
0.015362530946731567,0.13132405317213797,False
-0.0012139417231082916,0.0032795896427164073,False
-0.010992094874382019,-0.0059712791528546035,False
0.08356434106826782,0.3748209014852273,False
0.027719497680664062,0.13469742783177932,False
-0.036271050572395325,0.035161158928196094,False
-0.2043280005455017,-0.09279599578945774,False
-0.0026763477362692356,0.0,False
0.09766151010990143,0.149905932988604,False
-0.11374509334564209,0.41603396093394895,False
0.015460794791579247,0.0,False
-0.1739995777606964,0.0938548902041273,False
0.1361599564552307,0.24389708339347566,False
-0.08632171154022217,0.2276056343661109,False
0.019381918013095856,0.000981561141088605,False
-0.18034544587135315,0.06957732383332302,False
-0.0213320255279541,0.6009383005297892,False
-0.15688325464725494,-0.030327977366132908,False
-0.028794988989830017,0.09193593889966564,False
0.0017449259757995605,0.5062927380649264,False
0.1661233901977539,1.8345715586271503,False
-0.16771268844604492,0.9527425216087015,False
-0.07984358072280884,0.5852838178348339,False
0.10954408347606659,0.06200277416933796,False
-0.030423130840063095,-0.008214169519895917,False
-0.00767779815942049,0.0,False
-0.45582807064056396,0.9799793489122923,False
-0.13239988684654236,0.19569588138348962,False
0.013799269683659077,0.004886756185442209,False
-0.4010498523712158,0.2795946534279381,False
0.16030794382095337,0.0842335111195276,False
-0.019675448536872864,0.10226345739871781,False
-0.0009962767362594604,0.07257111558388521,False
-0.029583143070340157,-0.013611659435901306,False
0.03544485569000244,0.591475410431797,False
-0.05501869320869446,0.11815411402738063,False
-0.29182904958724976,0.06139235579052103,False
0.7539477348327637,4.104952867961421,False
-0.12186193466186523,1.2205532088901894,False
-0.009192001074552536,-0.002657895402170667,False
-0.08404076099395752,0.24779117404626266,False
0.017834722995758057,0.40295506090480404,False
-0.01879294589161873,-0.047705636844780276,False
-0.028799185529351234,-0.008647091829204112,False
-0.016488872468471527,-0.0065993526079194224,False
0.0,1.3084114470984787e-05,False
-0.018970362842082977,0.044680190858635886,False
0.11524935066699982,0.08343562128294946,False
-0.13891366124153137,0.22293463676147768,False
-0.12881585955619812,0.1476086563627455,False
0.01142817735671997,0.27484777074652067,False
-0.04178612679243088,0.003380413505408004,False
-0.0827382355928421,-0.021907376934945925,False
-0.1922641098499298,0.12737368308926725,False
-0.014716312289237976,0.12991169329778246,False
-0.07471480965614319,0.26246784478997665,False
-0.13118869066238403,0.08040104951045537,False
0.009507179260253906,0.3175983748765383,False
0.019331544637680054,-0.039775422862182774,False
-0.1124991774559021,0.20109319278332932,False
0.08190391212701797,-0.009604192069827086,False
-0.01359505020081997,0.02830988876913644,False
-0.1081005334854126,0.6711327798216824,False
-0.2769622802734375,-0.2821559011677972,False
-0.11742301285266876,-0.20735433985249946,False
0.07831582427024841,0.24490104623947273,False
-0.02040758728981018,0.1324555927958806,False
0.008831843733787537,0.10356875704595878,False
-0.0953969955444336,0.1347252809074894,False
-0.013328000903129578,0.11980278158921968,False
0.06595972180366516,0.2759651045724921,False
-0.02561527118086815,-0.01952582010396564,False
3.210548311471939e-05,-0.009594361332070617,False
-0.014936037361621857,0.05100938842350714,False
-0.017524361610412598,0.07071004949245918,False
0.028183430433273315,0.09400158499613602,False
0.1638643741607666,2.1338171472678145,False
0.11228489875793457,0.3795549812648909,False
-0.11589324474334717,-0.20093248694885835,False
-0.22210180759429932,0.6414470301717211,False
-0.022850096225738525,0.43966278667479963,False
0.1003853976726532,0.13238518251624196,False
-0.1628139615058899,0.7456857078460112,False
0.14197766780853271,1.068692266242136,False
0.17786872386932373,1.1324365735205197,False
-0.4459260106086731,0.09814315366017817,False
-0.16350197792053223,0.5156409434038609,False
-0.22655200958251953,0.9432899189645119,False
-0.008457247167825699,-0.10442216106223458,False
-0.027950890362262726,-1.0620799185986323,False
-0.45726966857910156,1.0239440864609586,False
-0.5578041076660156,1.6277579798466815,False
-0.05016198754310608,0.355727936282673,False
-0.1538015753030777,0.05766338826885187,False
-0.014298021793365479,-0.010521880625588453,False
0.0316043347120285,0.29321274667442127,False
0.006416290998458862,0.3381003599327948,False
-0.09028516709804535,-0.08467881941648209,False
0.02885611355304718,0.10555620669832762,False
-0.017790326848626137,-0.01154928363346307,False
-0.4118283987045288,0.42448518173307004,False
-0.027171805500984192,-0.0272424258306862,False
-0.13565820455551147,0.44196463737191416,False
-0.09332530200481415,0.0038186066204902586,False
-0.13554078340530396,0.19904825674438043,False
-0.22487488389015198,0.4077667861370366,False
-0.05500870943069458,0.695279696873914,False
0.035700395703315735,0.15484126410646282,False
-0.014416377991437912,-0.017411008934162215,False
-0.026874538511037827,-0.0017855504207768282,False
-0.7722971439361572,0.6072601558640549,False
-0.03739123418927193,0.003177887274747257,False
-0.004709567874670029,-0.011023353877278739,False
-0.026201806962490082,0.023468452047181572,False
-0.04880381375551224,0.00675761647572834,False
0.042116373777389526,-0.04524547639089231,False
-0.15999245643615723,0.2985297156752612,False
-0.3476256728172302,0.3264491981527449,False
0.015833258628845215,0.5702189035278705,False
0.04484228789806366,0.03254622655709957,False
-0.10168832540512085,0.04024742600217987,False
0.025873787701129913,-0.027503005244974565,False
-0.06977784633636475,0.07909288553332385,False
0.07119927555322647,0.006002744519718009,False
-0.0036181495524942875,0.004453455097973347,False
0.007621645927429199,0.1332484457275502,False
0.0168340802192688,0.060157286319758724,False
-0.013292340561747551,0.0,False
-0.004704625345766544,-0.007138211803858437,False
-0.020127909258008003,0.0,False
-0.08333200216293335,0.13376416747577444,False
0.0402030348777771,-0.007404910869519232,False
-0.6315221786499023,0.7748593518783777,False
-0.17173051834106445,0.05860780965885087,False
-0.12794077396392822,0.17495745122815767,False
-0.00854349136352539,0.09440920381288315,False
0.0011698082089424133,0.08569975430587871,False
-0.003750361269339919,8.66465488797985e-05,False
0.015897076576948166,-0.00997690230885746,False
-0.013167202472686768,-0.007946958723530649,False
-0.0075628082267940044,-0.009940273934717454,False
0.06171078979969025,0.33009593668150966,False
-0.06565749645233154,0.7837999769106269,False
-0.3821401596069336,2.8052508296400873,False
-0.03714984655380249,0.29298422414516134,False
-0.013936219736933708,0.0,False
-0.020111333578824997,0.0,False
-0.04223856329917908,-0.004374491773548991,False
-0.05742932856082916,0.011830532923340797,False
-0.12609946727752686,0.4739449765911242,False
-0.19087934494018555,2.9753106427274814,False
0.11214882135391235,0.4085556647406729,False
-0.744469165802002,2.7674259707320976,False
-0.0010095193283632398,0.0,False
-0.2934248447418213,0.7617145737320367,False
0.2702929973602295,1.0010219379477312,False
-0.21258731186389923,0.03301512418917023,False
-0.27828478813171387,0.8016388735244896,False
-0.168792724609375,0.19263921423939667,False
-0.08801750838756561,0.033048938869320685,False
-0.04408332705497742,0.3989887707135234,False
-0.1247413158416748,0.21178825880403473,False
-0.015657484531402588,0.5151392823091214,False
-0.006536603439599276,-0.02358386457845639,False
0.020465143024921417,0.07666404644965691,False
0.1771019697189331,0.7210981557353565,False
0.004414033144712448,0.03350909426808357,False
0.0571364164352417,0.20029063189968016,False
-0.0779714584350586,-0.22982924576677943,False
0.04014614224433899,-0.060877077481646,False
-0.005713760852813721,-0.00048417451834210923,False
-0.614477276802063,0.5175344758197065,False
0.0,0.0,False
-0.0009975680150091648,0.0,False
-0.3119875192642212,0.5195209280638873,False
0.021062716841697693,-0.043245603657106335,False
-0.1355152726173401,0.14112671975762417,False
0.02766132354736328,-0.05032888919546481,False
0.009299129247665405,0.1614008420820846,False
0.08980806171894073,0.1850778806925661,False
-0.6503843069076538,0.2651005954772814,False
-0.1407766342163086,0.964376329239496,False
-0.1038808822631836,0.4767171965673974,False
0.15672945976257324,1.685022769743722,False
-0.24435341358184814,0.396706568402376,False
-0.5651437044143677,1.194973061472541,False
0.04044659435749054,-0.018253382401841434,False
0.18334320187568665,0.22254689113347054,False
0.05665050446987152,0.19992094085715792,False
0.019853517413139343,-0.007534274973134851,False
-0.0009475545957684517,0.0026005234103649855,False
-0.32012832164764404,0.5891924317038307,False
0.32744431495666504,-0.293066410537127,False
-0.10569047927856445,-0.021649233194926953,False
0.04532428830862045,-0.07344052179418736,False
-0.11420819163322449,-0.012434828717442864,False
-0.598009467124939,0.44757328098763116,False
0.43840503692626953,1.4507526549649632,False
0.003558725118637085,0.20765513428750793,False
-0.007605012971907854,-0.010973896297116682,False
0.0006249789148569107,-0.02677949892020513,False
-0.05916309356689453,1.105692782374048,False
-0.04458017647266388,-0.007010304253838903,False
-0.03250443935394287,-0.0589625700890277,False
-0.04044939577579498,0.12190903960156013,False
0.11150026321411133,0.472051712506034,False
-0.0035561062395572662,-0.01316319954414665,False
0.017565898597240448,0.0,False
-0.2894456386566162,0.42435870965827627,False
-0.03515174984931946,0.14208759253898612,False
0.07424072921276093,0.15260583395930472,False
-0.08636528253555298,0.25023870266489057,False
-0.14515233039855957,0.020866282280159743,False
-0.014469265937805176,0.3802798841950067,False
-0.14218634366989136,-0.08202226818668501,False
-0.05106346309185028,0.03350961334052198,False
-0.39941489696502686,0.4415591316418317,False
-0.029774099588394165,0.24617856504318036,False
0.045538902282714844,0.19854068143991088,False
0.006663672626018524,-0.0024526996295240254,False
0.12354713678359985,0.26302304388860803,False
-0.27818596363067627,0.260490707537397,False
-0.2285916805267334,0.7897080072669243,False
-0.005821749567985535,0.13601381878505903,False
-0.35621213912963867,1.384713143231632,False
-0.052338019013404846,0.07834006836432733,False
-0.3446704149246216,0.37938933714622153,False
-0.2917790412902832,0.3452450237756232,False
0.12989026308059692,0.33545414015252395,False
-0.07185447216033936,0.013082530688087735,False
-0.10450118780136108,0.3039792188023844,False
-0.22439539432525635,0.5453612650062787,False
0.004700109362602234,0.4014623746971067,False
0.05419659614562988,0.7053092739526698,False
-0.036840200424194336,0.657700038257226,False
-0.23779165744781494,0.6687448573118995,False
0.0,0.0,False
-0.21215935051441193,-0.08580943759523901,False
0.03603149577975273,0.06467735214663738,False
-0.1800910234451294,-0.12285736663970814,False
-0.046779826283454895,-0.2671464257982149,False
0.1582309603691101,0.5105021007396267,False
-0.03776818513870239,0.46347660431849813,False
-0.07425835728645325,-0.012237655375806508,False
-0.12204039096832275,-0.008826686026291275,False
0.012645449489355087,-0.005555938671328178,False
0.01054184790700674,0.0,False
0.32515645027160645,0.5084620347151483,False
0.12203860282897949,0.8157076601775826,False
0.06430661678314209,0.4415020045796235,False
0.08012938499450684,0.0650079243603559,False
0.04168950766324997,0.1295379783925642,False
-0.04149216413497925,0.005734749769421343,False
-0.05954642593860626,-0.07411789530915278,False
0.0899941623210907,0.15187957689682763,False
-0.00482863187789917,0.034421245163815214,False
0.01950690895318985,-0.015946296155159446,False
-0.09514233469963074,-0.13601017916891678,False
-0.006083461456000805,0.0010798899456858635,False
0.025957196950912476,0.16964195638967883,False
0.17496609687805176,0.41113723098142463,False
0.02687596157193184,-0.02399208282712602,False
0.02289799600839615,-0.02277029458317889,False
-0.015112094581127167,-0.03143540140728483,False
-0.16304302215576172,0.7800999277308176,False
0.07866542041301727,0.1627519307330028,False
-0.0009806192247197032,0.0,False
0.060247354209423065,0.21607232440248714,False
-0.8521500825881958,0.40327764545485284,False
-0.9247901439666748,-0.5632676132559181,False
-0.19310849905014038,0.2595656998053689,False
-0.43548405170440674,-0.21333717711960326,False
-0.4557671546936035,1.3254669083073316,False
-0.12157118320465088,0.7938514966893828,False
-0.016543567180633545,0.27920974713419144,False
-0.7331888675689697,1.293861611294912,False
-0.0037790685892105103,0.0008087615133263171,False
-0.004597807768732309,0.0,False
-0.21914035081863403,-0.1418312771111192,False
-0.017393440008163452,0.08003669947274882,False
0.07044482231140137,0.3147011015988882,False
-0.22271084785461426,0.7143098597547913,False
0.263031005859375,2.1076501091304434,False
-0.008550993166863918,0.0,False
0.1446571946144104,0.8180139064788818,False
0.016632599756121635,0.007375773042440414,False
-0.007283598184585571,0.0002621423627715558,False
-0.04919286072254181,0.02902558246287072,False
-0.08644379675388336,0.05579751195955582,False
-0.03499898314476013,0.157994358101385,False
0.2565292716026306,0.9307572757922209,False
0.0166919082403183,0.17394923619323482,False
-0.07025297731161118,0.13380077280729757,False
-0.03105640411376953,0.062103886496158306,False
-0.3376615047454834,0.8657661087891346,False
-0.20319104194641113,0.33064730178415264,False
-0.29232504963874817,0.15154433333340042,False
-0.038037002086639404,0.04112843558084129,False
-0.13461613655090332,0.46135143357300923,False
0.08216167986392975,0.030763805034168222,False
-0.035467326641082764,0.25210087199330933,False
0.0029923561960458755,0.0,False
-0.024738211184740067,0.0013404309283941984,False
0.08338496088981628,-0.07159675943445595,False
-0.3402888774871826,-0.16702059205724207,False
-0.02080489695072174,-0.1022672126971479,False
-0.07110399752855301,0.10623752261599516,False
0.5842270851135254,1.222373363170336,False
-0.06025788187980652,-0.030879808618756943,False
-0.1171310544013977,0.07457073023212385,False
0.18023473024368286,0.6609452892922281,False
-0.006298884749412537,0.15755518498522766,False
-0.11389279365539551,-0.05010996335464227,False
0.22403830289840698,0.6720445448520878,False
0.21191465854644775,1.2782909952847858,False
0.019985105842351913,0.0,False
0.032918453216552734,0.3813395100141333,False
-0.16438430547714233,0.165204349504848,False
-0.1443663239479065,0.06545175132846626,False
-0.0009471031953580678,0.0,False
-0.5210784673690796,0.4624970822921942,False
-0.012636423110961914,1.7539626872228797,False
0.03722110390663147,0.13110037429999152,False
-0.006082773208618164,-0.017765185629507924,False
-0.10541136562824249,0.03023341359077438,False
0.12022104859352112,0.2995062379668339,False
0.19890761375427246,0.41445578721940984,False
0.0495767779648304,0.09485469937354174,False
-0.3073965311050415,-0.2007174828393251,False
0.020720437169075012,0.08037741482257843,False
-0.0027951153460890055,0.0,False
0.019513055682182312,-0.0011969312811239627,False
0.037064507603645325,0.17601039577213468,False
-0.06656166911125183,0.006411588898700181,False
0.0,0.0,False
-0.053121134638786316,0.03272460615950712,False
-0.00467142416164279,0.0,False
-0.07377885282039642,-0.05541328822856467,False
-0.08610880374908447,0.25478468949651395,False
-0.02419421076774597,0.03722281161641994,False
-0.08344650268554688,0.16930306314527235,False
-0.33054840564727783,0.656142789435584,False
-0.103901207447052,0.5180501182616423,False
0.07215452194213867,1.3888584077421335,False
-0.07630673050880432,0.09826121299982168,False
-0.046410322189331055,0.12169913751915475,False
-0.15917742252349854,0.5378627024088398,False
0.0027910955250263214,0.009179930792116417,False
-0.7037608623504639,0.43627400852587384,False
-0.16429376602172852,0.6035551069346122,False
-0.10941910743713379,0.4722802281989875,False
-0.20720022916793823,-0.10892171666283179,False
0.002588436007499695,0.019142262333710913,False
0.14384382963180542,0.6446637103368975,False
0.0416836142539978,0.4302574279206488,False
-0.018458101898431778,-0.056029065132222465,False
0.050914689898490906,0.3181537191788507,False
-0.5727071762084961,0.24226410097195727,False
-0.11681239306926727,-0.0952213794734342,False
0.01038360595703125,0.3655316352466287,False
0.0,0.0,False
0.007893410511314869,0.006600266617538205,False
0.011684954166412354,-0.006536477552131364,False
0.0029823407530784607,-0.027992810144016687,False
0.03610615432262421,0.21889263572527587,False
0.006314923986792564,0.0,False
0.017606321722269058,-0.005430789940314079,False
-0.10619410872459412,-0.14317624414603025,False
0.17525345087051392,0.5784322700307829,False
-0.16596215963363647,0.6945288363097154,False
-0.1258275955915451,-0.04380642108641811,False
-0.03235248476266861,-0.007122357848875717,False
-0.02504107356071472,0.30328492682479147,False
-0.12719151377677917,0.1010685661761504,False
-0.05563044548034668,0.6651180638781323,False
-0.15131139755249023,2.0221517288958086,False
0.0,0.0,False
-0.001779899001121521,-0.0030114440108144624,False
-0.02938445284962654,0.027648471295833588,False
-0.003231258364394307,-0.015486452360664853,False
0.012661013752222061,0.0,False
0.018382269889116287,0.056131742894649506,False
0.0021383464336395264,0.042457435532478015,False
0.005507352761924267,0.00030238923500292003,False
-0.024671047925949097,0.014239923097193241,False
-0.03909957408905029,-0.5799052773180546,False
-0.013450526632368565,-0.013815270284773966,False
0.06427302211523056,0.10972091555595398,False
-0.0038362182676792145,0.0,False
-0.005906880833208561,-0.0027435326447277177,False
-0.013166198506951332,0.02345152013003826,False
0.022147417068481445,0.4916174674315421,False
-0.06364084780216217,-0.011285422512380707,False
-0.009429298341274261,-0.010488066936469819,False
-0.003816730109974742,0.0,False
-0.2547040581703186,0.05470884395278447,False
0.15804743766784668,0.3972338061283538,False
-0.012055344879627228,0.030109156890182575,False
-0.20328450202941895,0.5534855299167589,False
-0.1412973403930664,0.7115071218200063,False
-0.04698634147644043,0.05128027562920244,False
-0.4261058568954468,0.4001021113941048,False
-0.6453951597213745,1.1108017322984352,False
-0.9551252126693726,0.20658462474576023,False
-0.055321335792541504,0.5433512039741621,False
-0.6796259880065918,0.1518541658651974,False
-0.7799708843231201,0.9088346359370013,False
-0.10330003499984741,0.10519858989024261,False
-1.0827124118804932,1.7947420194865886,False
-0.006622135639190674,0.0,False
-0.5594029426574707,0.984708993973465,False
-0.4614843726158142,0.6405886942238859,False
-0.4472130537033081,0.6572721751413021,False
-0.9368932247161865,0.07474709964434356,False
-0.17271649837493896,1.0503317382131416,False
-0.04464542865753174,0.31209397553691254,False
-1.025894284248352,-0.060459503606228426,False
-0.31110429763793945,0.31691885339217063,False
-0.6650669574737549,2.198910175689169,False
-0.21544039249420166,1.8434899972253065,False
-1.129626750946045,2.0955214836050993,False
-0.38017386198043823,-0.24088528474061688,False
-0.14596891403198242,0.0494595549504962,False
-0.15610158443450928,0.4170957775345422,False
0.0581166073679924,0.06275385101104768,False
-0.5981665253639221,0.3352164545757995,False
-0.41902971267700195,0.5322894063386691,False
-0.5098162889480591,0.44158527979325607,False
-0.3708283603191376,-0.0688206486384603,False
0.053873658180236816,0.04882768140043049,False
-0.2526283860206604,0.46636796645198514,False
-0.16946923732757568,0.5183617964159246,False
-0.49147021770477295,0.7044205029567765,False
-0.5476392507553101,-0.18576608439908515,False
-0.31245851516723633,0.4273478086969785,False
-0.1016385555267334,-0.07577721128014459,False
-0.1598491668701172,1.0180554922289797,False
-0.15050125122070312,0.04689058429453098,False
-0.24480193853378296,0.09225354288351906,False
-0.020500749349594116,0.013441570259199169,False
-0.6791782379150391,-0.11364340178210408,False
-0.49579954147338867,0.8947624337699502,False
-0.11351162195205688,0.5588521768362257,False
-1.324120044708252,0.45486563598037844,False
-1.8193132877349854,0.43168516846474025,True
-0.12442094087600708,-0.043185054637184805,False
-0.058889806270599365,0.18874460659351422,False
-0.19466280937194824,0.2557842738332793,False
-0.0005499720573425293,0.32631102882949303,False
-0.0770803689956665,0.9546764473895668,False
-0.19779545068740845,0.021148794263315895,False
-0.04065163806080818,-0.009568340271932874,False
-0.11515778303146362,0.2068228393582694,False
0.17442446947097778,0.4644193301039947,False
-0.023669162765145302,-0.0005717216509343696,False
-0.002755613997578621,0.010209341204991531,False
-0.012468548491597176,0.0,False
-0.0606488361954689,-0.02469817560352147,False
0.058452725410461426,1.073551302242291,False
-0.1112133264541626,0.27818010236891483,False
-0.036695446819067,-0.007864097108805512,False
-0.003405749797821045,0.34505309824818825,False
-0.24257642030715942,0.05190392180332237,False
0.07724657654762268,0.49945282807380975,False
-0.1546264886856079,0.9564358778196226,False
-0.02712339162826538,-0.044625997116077426,False
0.15559124946594238,0.18179967796083796,False
-0.18164986371994019,0.19148832854464032,False
0.09387484192848206,0.23607261025867451,False
0.0094694122672081,0.005765266484039102,False
0.0,0.0,False
0.02363210916519165,0.18821227872856625,False
0.023037336766719818,0.10187264940155036,False
-0.04205644130706787,0.3328812243123413,False
0.11939796805381775,0.056820716280350805,False
0.1472005844116211,1.308477364293224,False
-0.003587665967643261,0.0,False
-0.0952456146478653,-0.3923355917735748,False
-0.05476820468902588,0.7462535157831595,False
-0.0006613470031879842,0.0,False
0.18069112300872803,0.6758238472707319,False
-0.14865270256996155,0.0515179117169311,False
-0.002943278755992651,0.0,False
-0.8248143196105957,1.5175115161289412,False
-0.006741795223206282,0.0,False
0.028175383806228638,-0.021243044935156108,False
-0.005792584735900164,-0.019518583597783447,False
-0.010777339339256287,-0.03409539198176977,False
0.017287325114011765,0.0012072327081114054,False
-0.0036909072659909725,0.0,False
-0.005008909851312637,-0.019273355433525402,False
-0.21875613927841187,0.09455354208979905,False
0.0251974668353796,-0.013267803905337619,False
-0.007344893179833889,-0.010830810273274583,False
-0.1524815559387207,3.352960281481521,False
0.16046619415283203,0.5646828680108904,False
-0.04582062363624573,-0.1689613631171707,False
-0.014247911050915718,-0.015245317246015135,False
0.02277088165283203,1.9571681336643993,False
-0.04448704421520233,-0.013083241862595449,False
-0.013325314968824387,-0.01977485643633441,False
-0.09082794189453125,0.16273850349049077,False
-0.27173304557800293,0.1270529569538804,False
-0.07225650548934937,0.2926281895635395,False
0.30784672498703003,0.8179318902477754,False
-0.027075478807091713,0.0,False
0.05076614022254944,-0.01282269068482213,False
-0.09853112697601318,0.4805388617891022,False
-0.21233642101287842,0.5614456764747388,False
-0.0017542103305459023,0.0,False
-0.006473660469055176,2.247788294632751,False
-0.007055401802062988,0.07393805870415243,False
-0.05365467071533203,2.4127599918081057,False
0.17576968669891357,1.33883217408583,False
-0.5822992324829102,-0.45068741780302823,False
0.027420327067375183,0.19426162758013182,False
0.04267752170562744,1.4205939349354153,False
-0.44815683364868164,3.5941070835601634,False
-0.3115041255950928,0.5600849073868593,False
0.021950967609882355,0.0,False
-0.13371491432189941,0.29799868095487675,False
-0.004852454178035259,0.001491315895691514,False
0.016973618417978287,0.0964699292365984,False
-0.03595006465911865,-0.23097891899336156,False
-0.004752295091748238,0.0,False
-0.005727057345211506,-0.009097508092411206,False
-0.16080737113952637,0.40648318496483693,False
-0.10433915257453918,0.15681740763335078,False
-0.16422909498214722,0.5197325346842304,False
0.1475505530834198,0.2099168266135471,False
-0.18623444437980652,-0.1507841756100659,False
0.16513663530349731,0.7037854163941909,False
-0.011109838262200356,0.0,False
0.0,0.0,False
-0.08138518035411835,-0.00661620811341105,False
-0.3533787727355957,0.5550773839789606,False
-0.05127900838851929,0.714962702155845,False
-0.03620225191116333,0.7564323159168351,False
-0.22164762020111084,0.3243578579567564,False
0.13342392444610596,1.1647285098505695,False
-0.0887761116027832,0.25696834969958404,False
-0.059810712933540344,-0.1000726067443845,False
0.11247898638248444,0.32245501276807137,False
-0.0016356706619262695,0.05975482144171795,False
-0.006985321640968323,0.04589575972778056,False
-0.2537548542022705,0.39181055943736676,False
-0.13267461955547333,0.11673738142025232,False
0.0009094718843698502,0.00749526172876358,False
-0.032295651733875275,0.00338168372400105,False
0.07422403991222382,0.015243547500398923,False
0.15378433465957642,0.2090767832642519,False
-0.2744078040122986,0.36221782900850724,False
-0.0014498606324195862,0.022893368934797875,False
0.046013712882995605,0.2838508980343353,False
-0.07783079892396927,-0.11579358636288462,False
-0.005859497468918562,0.0015797378728166223,False
-0.08856970071792603,0.3883484429630135,False
0.1582176685333252,0.3123732223719658,False
-0.08382664620876312,0.11425251772332258,False
-0.36145320534706116,-0.40676165923640517,False
-0.06939908117055893,0.07410299839132836,False
-0.06517060846090317,-0.03244296863560181,False
-0.5297276973724365,1.6359928733655782,False
0.045651111751794815,0.08320810607793573,False
-0.006949535105377436,0.0006324367132037878,False
-0.12489199638366699,0.2116089958331926,False
0.10687634348869324,0.14462415045457283,False
-0.010397696867585182,-0.0029966722670937934,False
-0.0006132852286100388,-0.015824423734176668,False
-0.0340120792388916,0.17531628753102155,False
1.0374653339385986,5.181850629419648,False
-0.18965867161750793,0.03680926015883956,False
-0.01923912763595581,0.09809647782006814,False
0.027096405625343323,0.0792833246380435,False
-0.3783130645751953,0.5463308349015096,False
0.2404293268918991,0.684616445810738,False
0.034295499324798584,0.04327727152605765,False
-0.04661506414413452,0.12602910717488128,False
-0.2269423007965088,0.4472909059755884,False
-0.054516322910785675,0.0011078447569161654,False
0.005489759147167206,0.0383634073955136,False
-0.05016611889004707,-0.00903473090307444,False
-0.009263992309570312,-0.03986952747804756,False
-0.009364998899400234,-0.026983598142687804,False
0.05455133318901062,0.2738774157878383,False
-0.07245150208473206,0.044560084033989214,False
-0.021143943071365356,0.10142135977852867,False
-0.05111368000507355,-0.02826896727943795,False
-0.0790182501077652,-0.01855507260064966,False
0.1654200553894043,0.47295648490063347,False
-0.061466336250305176,0.368747575003822,False
-0.08108291029930115,0.2949290217920191,False
0.06603741645812988,1.111306396088912,False
0.02120572328567505,0.35551122782181227,False
-0.09567773342132568,0.5828313176451859,False
-0.15231144428253174,0.7656873058418845,False
-0.06643092632293701,0.4568197584752013,False
-0.037134215235710144,0.1946040629995752,False
0.05853557586669922,0.7503995964879628,False
0.15367469191551208,0.27456482949427097,False
-0.058790042996406555,-0.004838044684098625,False
-0.02421170473098755,-0.09024654070899801,False
0.004623875021934509,-0.25192968096752466,False
0.03149517625570297,0.22729390256263723,False
0.02360393851995468,0.004763173870742321,False
-0.3506556749343872,0.9438325514897681,False
0.0062147388234734535,-0.007005024833146076,False
-0.04173731803894043,1.0964433360882182,False
0.005661684088408947,0.0,False
0.1838856339454651,0.27647462780983795,False
-0.06520235538482666,0.5048089214226859,False
-0.022419970482587814,0.0,False
-0.07373631000518799,0.2305752609454616,False
-0.12850606441497803,0.38594304928989975,False
0.017054591327905655,0.0,False
-0.05008275806903839,0.14328747675064152,False
-0.006059093866497278,0.0,False
0.12394905090332031,1.9994935137097873,False
0.03144645690917969,0.07245897835434653,False
-0.02077406644821167,0.33093911203706444,False
-0.20586299896240234,0.8266879212292709,False
-0.006993770599365234,1.2846946784529232,False
-0.05534300208091736,0.27598119890774464,False
-0.024902284145355225,-0.010936394092526898,False
0.03210604190826416,0.6836665238451921,False
0.008103180676698685,0.03574604168534279,False
-0.04500815272331238,-0.00035888972132513486,False
-0.13243350386619568,0.11939987591089635,False
0.028934091329574585,0.10338607800681726,False
-0.04487068951129913,-0.010978809323854331,False
-0.22047382593154907,0.21864781590961813,False
-0.14072149991989136,0.21841260383409955,False
-0.04137735068798065,0.13068001314307368,False
-0.00297280284576118,0.0,False
-0.04287959635257721,0.10297164312934262,False
-0.007879020646214485,-0.026505789506417743,False
0.00125175341963768,0.0981728966706174,False
-0.08295825123786926,-0.03524434274904758,False
0.08883535861968994,0.38629026257362464,False
-0.0009403142612427473,0.0,False
0.011887907981872559,0.09287477075513721,False
-0.015187259763479233,0.08359381043490288,False
0.002457454800605774,0.12606984806091928,False
-0.007735731080174446,0.0,False
-0.007354001048952341,-0.0029966722670937934,False
0.08808261156082153,0.49053160038392735,False
-0.022933609783649445,-0.177303122693352,False
-0.02632308006286621,0.13937573293656508,False
0.071380615234375,0.29469300173127166,False
-0.3799145221710205,-0.05510622669127785,False
-0.19468557834625244,0.6098214548728561,False
-0.001117367297410965,0.03333260864019394,False
-0.04445195198059082,0.6400483078276799,False
-0.007508641108870506,0.0006021911976858974,False
-0.25682222843170166,1.0010163585011658,False
-0.5701310634613037,0.8718619395943108,False
-0.05890989303588867,0.6914169476977939,False
0.005055396817624569,0.0,False
0.054029226303100586,2.0057470842545486,False
0.03626590967178345,0.6057551201672744,False
-0.06235241889953613,-0.033451479543683715,False
-0.0468238890171051,-0.07215104996981636,False
-0.21551446616649628,0.14349405287021183,False
0.34233415126800537,1.3506257054068813,False
0.08139623701572418,0.17889089950054476,False
-0.1288071572780609,-0.0888135770386359,False
0.23605775833129883,0.7686143372497889,False
0.030690312385559082,0.2038733745036853,False
0.00036178529262542725,-0.025282831853859208,False
0.04949900507926941,0.3056720603108304,False
0.09279251098632812,0.27848711331397824,False
-0.2395583987236023,0.1258400654298371,False
-0.41287875175476074,1.6057013357293997,False
-0.7378768920898438,0.7730069748210808,False
-0.008232703432440758,0.0,False
0.022309936583042145,-0.030953050865524315,False
-0.11631271243095398,0.20909261250911113,False
-0.04534083604812622,0.5433161581498821,False
-0.038804903626441956,0.09195079600081389,False
-0.08882975578308105,1.156651586401885,False
-0.0050386409275233746,0.0,False
-0.15861523151397705,1.0756658417648581,False
-0.0024631619453430176,0.35312180985366604,False
-0.03860031068325043,-0.009025536046535332,False
0.07362274825572968,0.0634676098784974,False
-0.09291747957468033,-0.0016907284515753664,False
-0.15937191247940063,0.08610479908901794,False
0.11215874552726746,0.32922167997716745,False
-0.016115572303533554,-0.006801599257446864,False
-0.015937192365527153,0.014297549612820148,False
0.03529590368270874,-0.20726692058274215,False
-0.135456383228302,0.2184567035648687,False
-0.011435900814831257,-0.002143511722033105,False
-0.1589895486831665,0.19101151448822773,False
-0.06963443756103516,0.06312793213258094,False
-0.018487554043531418,-0.014358789539625884,False
-0.039912477135658264,0.004719644487329491,False
-0.005660944152623415,0.0,False
0.0,0.0,False
0.0794687271118164,0.5886320865423172,False
-0.21281881630420685,0.006650483209268476,False
0.009860873222351074,1.3963584224072747,False
-0.05590960383415222,0.08007667394561402,False
0.05195996165275574,0.25857900179332455,False
0.014708191156387329,0.2538274482180204,False
-0.05535644292831421,0.4835595645922792,False
-0.03704842925071716,0.015727517855817615,False
0.19585177302360535,0.17651018256944567,False
-0.10526072978973389,0.8107352374510367,False
-0.03015645034611225,0.15353558957576752,False
0.21346977353096008,0.649119019732666,False
-0.012790696695446968,0.003984512526981393,False
-0.6462979316711426,1.230583530898415,False
-0.44241225719451904,0.2858279473678993,False
-0.042933180928230286,0.030646885133315066,False
0.04158774018287659,0.08837553451913754,False
0.10403931140899658,0.48140862974689813,False
0.021548032760620117,0.47834743263924184,False
0.011962145566940308,0.27615269345531246,False
0.018144160509109497,0.3697405344157016,False
-0.08627553284168243,-0.059100419149469535,False
-0.20004653930664062,0.2443935974060718,False
-0.26830029487609863,1.4982964139404276,False
-0.37934350967407227,4.455576054803931,False
-0.06383028626441956,-0.22262282217326784,False
-0.20090124011039734,0.29184084933882587,False
-0.046579599380493164,0.10909443255532328,False
-0.40456974506378174,0.5704758536814594,False
-0.036016225814819336,0.24079447637020154,False
-0.01376999169588089,0.0221324370621129,False
-0.12389063835144043,0.15613875554957402,False
-0.09364912658929825,0.018053656192392846,False
-0.0016158621292561293,0.0,False
-0.08145835995674133,-0.018468645363155095,False
-0.0074960049241781235,-0.0027324882575253274,False
-0.00384531170129776,0.0,False
-0.005860514938831329,-0.02258335282199168,False
-0.05906060338020325,-0.026220315122582494,False
-0.008779711090028286,0.00015712768072262406,False
0.023560788482427597,0.0,False
-0.08239877223968506,0.13303440331661492,False
0.013583244755864143,0.0,False
-1.2458600997924805,2.2262576163081005,False
0.00370103120803833,0.2549030006323876,False
0.048408180475234985,0.5352221549106349,False
0.010851472616195679,0.4862847104434664,False
-0.25424522161483765,0.41598489339857914,False
0.3421429991722107,0.7082544704131077,False
-0.046241987496614456,-0.019997677840839907,False
0.0327918641269207,0.0,False
-0.004786982201039791,-0.004629448961148144,False
-0.007596075069159269,-0.009328810044929858,False
-0.12341570854187012,0.8631098289329324,False
-0.07450368255376816,0.11438004735584675,False
-0.03129963576793671,-0.05499551939845216,False
0.0,-0.01134563935101346,False
0.25393742322921753,0.43842651326319554,False
-0.0064974697306752205,0.0,False
-0.49397873878479004,0.8225346524885562,False
-0.04002147912979126,-0.27219083137427913,False
-0.037392690777778625,-0.018042065133635408,False
-0.002853251527994871,0.0,False
-0.003892060136422515,0.0,False
-0.0018337424844503403,0.0,False
0.18119418621063232,1.441624656877572,False
0.07475507259368896,0.09285084592686882,False
-0.11615832149982452,0.006764282938092947,False
-0.164195716381073,0.0181711928764533,False
-0.051808565855026245,0.11189150589073854,False
-0.3040057420730591,0.4385019024703811,False
0.0,0.0007252453360706568,False
-0.09539979696273804,-0.05977162717579168,False
0.007928217761218548,0.0,False
0.0010036388412117958,0.0,False
-0.04927324503660202,-0.0105722171049004,False
-0.00817316584289074,-0.0075561413457748815,False
-0.06313180923461914,0.47263124307452326,False
-0.018462419509887695,0.4846738389964873,False
-0.00407002866268158,9.673996620318537e-05,False
0.11283516883850098,0.7948955128120682,False
0.08188876509666443,0.36558473683797144,False
-0.22252196073532104,0.07865911764888511,False
-0.11790180206298828,0.46013805546509046,False
0.010758288204669952,0.06751663568928236,False
-0.03804195672273636,-0.02444437381462681,False
-0.0870288610458374,0.6001564143856434,False
0.029035240411758423,0.27469185187219847,False
0.02305450476706028,0.006562543101608753,False
0.014523491263389587,-0.023167297912186018,False
-0.04242704063653946,0.0415102080605602,False
-0.030147522687911987,0.15821274328457963,False
-0.43087756633758545,0.2225740198286692,False
-0.02730312943458557,0.2460896625940611,False
-0.006595031823962927,0.0,False
0.015435874462127686,0.23415473087864466,False
0.0682324767112732,0.6492224532176046,False
0.0891444981098175,0.39662522369720776,False
-0.015262804925441742,0.004095721058547497,False
-0.07635127007961273,-0.006756215882355199,False
0.1081017553806305,0.09659552465411914,False
-0.32788753509521484,0.29584438369377797,False
0.010097533464431763,0.11336688231834169,False
0.05536748468875885,0.3081975129653252,False
0.043273091316223145,0.6155422367227072,False
0.034259676933288574,-0.06328381251543758,False
-0.4498175382614136,0.08089104216917553,False
-0.02369070053100586,0.557438796829282,False
0.009319771081209183,0.030978458935491452,False
0.06642422080039978,0.11069453181834837,False
-0.11882808804512024,0.15177076143220075,False
-1.1970795392990112,-1.7121168524685526,False
0.008378148078918457,0.5127799156319968,False
-0.033793091773986816,0.14407016344890053,False
-0.058229029178619385,-1.09167243031755,False
0.3535499572753906,2.132417062924426,False
0.02050161361694336,0.04970229996730091,False
-0.10796180367469788,0.2689684452264724,False
-0.1469641923904419,0.22509266623539087,False
0.12827688455581665,0.7380408954380373,False
0.003302370198071003,-0.008694054985497728,False
0.05010262131690979,-0.013899849379743742,False
-0.0086278785020113,0.0,False
0.027242278680205345,0.0006789701874367893,False
-0.06838655471801758,0.4610841347654474,False
-0.0325324684381485,0.1796990285279167,False
-0.0036731958389282227,0.6003649174807253,False
0.0047178491950035095,0.0,False
0.30503058433532715,0.9689398361921545,False
-0.08886045217514038,-0.07790660552192696,False
-0.6573877334594727,0.7111256299406483,False
-0.21833360195159912,0.5019778723521754,False
-0.01325252652168274,-0.00966596507171228,False
-0.20995354652404785,0.4954216424360699,False
0.06666767597198486,0.8337016619738348,False
-0.1966351568698883,-0.08587638950307448,False
-0.0009968000231310725,0.0,False
0.0,0.0005837245844304562,False
-0.31746554374694824,0.6218550939524479,False
0.017254550009965897,0.0,False
-0.02797040343284607,-0.041393433121361956,False
-0.6921734809875488,1.4691717278016827,False
0.048203885555267334,0.5679583274854093,False
-0.06919914484024048,0.07306296407212426,False
0.04799514263868332,0.09598060067757708,False
-0.011878838762640953,0.0,False
0.04699614644050598,-0.032514494391621476,False
0.016164325177669525,0.01803255473104355,False
-0.2725712060928345,0.213719269504748,False
-0.020203694701194763,0.08184998548230665,False
-0.22108986973762512,-0.10340089765736782,False
0.019248537719249725,0.042222878216948374,False
-0.11459676921367645,-0.05720469228653674,False
0.012761414051055908,0.3619911724503366,False
0.11256200075149536,0.17020540948938845,False
-0.1412580907344818,0.02441985429288357,False
0.2266991138458252,1.1306592378508267,False
-0.014387442730367184,0.0006820184062235057,False
-0.07692915201187134,-0.09014117294538745,False
0.06853634119033813,0.35751527047824094,False
0.15373516082763672,1.0901199891478721,False
0.197892963886261,0.22190342593557982,False
-0.05439251661300659,0.3968343771591457,False
-0.030590951442718506,0.036755375529384016,False
-0.20505201816558838,0.5271632482226122,False
-0.006703969091176987,8.498563147441018e-06,False
-0.07145430147647858,-0.04815821359529031,False
-0.01504254899919033,0.04982192615371738,False
-0.02915292978286743,0.3283444446580022,False
-0.06411352008581161,-0.10488710801841963,False
0.04692791402339935,0.0610585555894278,False
-0.4007291793823242,0.6600769246734899,False
0.04020940884947777,4.006559265690157e-06,False
-0.04983527958393097,0.03751004064790163,False
-0.016859522089362144,0.0,False
-0.04183453321456909,0.06439700655001093,False
0.0024700164794921875,0.21330905836699265,False
-0.5132834911346436,1.5623538808470319,False
-0.006118666380643845,0.000829541590064764,False
0.0,-0.005889381603613054,False
-0.35184019804000854,-0.07430711676372714,False
-0.3100642263889313,0.09422815267662493,False
-0.524474561214447,-0.15234488276635172,False
0.06648679077625275,0.19384349166485326,False
-0.004946008324623108,-0.025199862213432546,False
0.017705164849758148,0.005970380458851315,False
0.0005900636315345764,-0.050317449108464765,False
0.022735275328159332,-0.008819300703598487,False
0.11105471849441528,0.35786213074240925,False
-0.05066540837287903,0.04817908847898639,False
0.014278224669396877,0.0,False
-0.6104122400283813,0.6083381559322985,False
-0.018130332231521606,0.06656969620832338,False
-0.05018484592437744,0.7468652257448456,False
0.0,0.0,False
-0.008822470903396606,0.09542831377152818,False
-0.14851787686347961,0.007784671070246357,False
0.18793118000030518,0.5076964827206276,False
-0.01088675856590271,0.1443186428314685,False
0.055516958236694336,0.6425998668811972,False
0.02026611566543579,0.668249849091705,False
-0.25559699535369873,0.36304220888839966,False
0.18723437190055847,0.44992902918617034,False
-0.05330132693052292,0.022203520291900827,False
-0.15657341480255127,0.11106858581040917,False
0.018569067120552063,0.08429992601049555,False
-0.024310573935508728,0.009796898812055588,False
0.1114625334739685,0.3863999861353399,False
-0.0018965601921081543,0.15379472783836884,False
0.03932720422744751,0.14046312047336768,False
0.02008882164955139,-0.023306458876567734,False
-0.036367133259773254,0.20350809812609275,False
-0.18018022179603577,0.3221296820009516,False
0.02743905782699585,0.0,False
0.023747727274894714,0.16192987399918018,False
-0.1434674859046936,0.17697012436009657,False
-0.04757356643676758,-0.006864517890974359,False
-0.04343973100185394,0.08486834925499974,False
-0.0012384094297885895,0.059681821236965735,False
0.023777753114700317,0.09950000220868643,False
0.06991249322891235,0.18638914571792065,False
-0.1331424117088318,0.30553058165832225,False
0.13661982119083405,0.3268330781834594,False
-0.29990774393081665,0.16695581785904762,False
0.031069230288267136,0.0,False
0.11818002164363861,0.29335133026757043,False
-0.20090502500534058,-0.14930886859023168,False
0.011454256251454353,1.8437450535202515e-06,False
-0.1360931694507599,0.3427754937706648,False
0.02113749459385872,-0.006876496300745906,False
-0.04661404341459274,-0.1167987181410531,False
0.025621198117733,0.0,False
-0.07622690498828888,-0.20926122965978267,False
-0.07137274742126465,0.8072602464759515,False
0.006729487329721451,-0.0506832225737298,False
-0.0785219669342041,0.4365438618021559,False
-0.06951429694890976,0.004206511657685041,False
0.020907774567604065,0.029242694877631863,False
-0.012721329927444458,0.11522003585763742,False
-0.48916059732437134,0.41318520502411415,False
0.9258370995521545,1.7383649238049446,False
0.05606168508529663,0.5785876097994374,False
-0.00864424929022789,0.024818358942866325,False
-0.07837048172950745,0.12483480039805825,False
-0.02381618320941925,0.12636915464351878,False
0.16604012250900269,0.004472598119756921,False
-0.028905026614665985,0.01004785876997663,False
-0.08472123742103577,-0.08048573057342684,False
0.013201283290982246,0.02889155062563486,False
0.009994050487875938,-0.003421534389972062,False
-0.03156112879514694,0.03266197070479393,False
-0.11745893955230713,1.305705835549238,False
-0.021176770329475403,0.16469489990035308,False
-0.053068459033966064,0.12018507045138149,False
-1.0107731819152832,0.4669250831727143,False
-0.012766309082508087,-0.01612578455641936,False
0.0,0.0,False
-0.03995524346828461,-0.007444381589096098,False
0.41080668568611145,0.7297479176393828,False
-0.19209706783294678,0.20481336853744048,False
-0.012076144106686115,0.0,False
-0.42429375648498535,0.5456260264678692,False
-0.3304358720779419,0.0003766024930267342,False
-0.29076087474823,-0.5501702411769571,False
-0.03225302696228027,0.28065558738075636,False
0.13251852989196777,0.2103784447615494,False
-0.08426880836486816,0.025992957234823866,False
-0.024680372327566147,-0.0018713874829211273,False
-0.0036788135766983032,-0.01121992496203899,False
-0.001753839198499918,-0.005026112207962305,False
-0.04467104375362396,0.03413455141679779,False
-0.02673541009426117,-0.08206153466826575,False
-0.025013089179992676,0.2998440338183599,False
0.10517702996730804,0.16184869824335207,False
0.13021361827850342,0.4349239095412789,False
-0.0164298415184021,0.7399197507294227,False
-0.06275384873151779,-0.014939321928656595,False
0.03946591913700104,0.010100288316607475,False
-0.16266673803329468,0.07590408713729282,False
0.013592040166258812,0.0,False
0.016140827909111977,0.01182692552496983,False
-0.05914945527911186,-0.0012671030659583467,False
-0.0013625677675008774,-0.010685694228814217,False
-0.023945363238453865,-0.005759450156166624,False
-0.007656504865735769,0.0,False
-0.041963398456573486,0.3355867383170599,False
-0.0858367383480072,-0.06127852053268146,False
0.326191782951355,1.3002304852689488,False
0.04497498273849487,0.326100292294544,False
-0.10678434371948242,0.31369845897226895,False
0.16559606790542603,0.32088372002912285,False
-0.1663358211517334,0.4143853323933864,False
-0.15496718883514404,0.0958205631540244,False
-0.05085983872413635,0.1640514158352281,False
-0.10125496983528137,0.10889569412082356,False
-0.007686436176300049,0.4463040894674618,False
-0.07282482087612152,0.18652459146427613,False
-0.20749300718307495,0.018186053374207672,False
-0.05269521474838257,0.02765136797657826,False
-0.0345308780670166,7.067881233524531e-05,False
-0.06732170283794403,-0.010904529141345713,False
-0.04476606845855713,0.2761010395490902,False
-0.0565573051571846,0.09143232181179149,False
-0.02699202299118042,-0.14214174317324513,False
0.016624271869659424,0.09025647861025926,False
-0.030645573511719704,-0.014343034247850689,False
0.030549049377441406,0.6156570923967918,False
0.2504771053791046,0.45158588539372424,False
0.030306100845336914,-0.04833448068946951,False
-0.03047463297843933,0.0016598673537373543,False
-0.02606549859046936,-0.01371252736547936,False
-0.030390022322535515,3.3797485230024904e-05,False
0.0,0.0,False
-0.002900398802012205,0.0,False
-0.061013415455818176,-0.012198553794083244,False
-0.01375669240951538,0.09764968888655415,False
0.09424522519111633,0.3130937599638135,False
0.08119742572307587,0.11938961119045012,False
-0.22242987155914307,0.6488953304004468,False
-0.004675702657550573,0.04358642838605819,False
-0.660141110420227,0.36187256849911287,False
-0.07501250505447388,0.3171200929815569,False
0.040805429220199585,0.2278686298025569,False
-0.2536754608154297,0.19967463828731213,False
-0.01962425746023655,0.020931401743903816,False
-0.0048585026524960995,-0.009255678280375254,False
0.07257455587387085,0.48626442460179065,False
0.07663549482822418,0.0025398992892148864,False
0.026899367570877075,0.06020875419547478,False
-0.1975427269935608,0.06434372577590358,False
0.027587056159973145,0.6567067610350598,False
-0.304729700088501,0.04169600125842121,False
0.04350173473358154,0.5719197786723083,False
0.00830937922000885,0.1606010057028156,False
-0.013435937464237213,-0.009036612393912152,False
0.012774571776390076,-0.04202941639895258,False
-0.2521703243255615,0.6892217269150971,False
-0.09180927276611328,0.16958994150731654,False
0.17068123817443848,0.9455810733147468,False
0.06813067197799683,0.08718018680059297,False
0.13817809522151947,0.40489536312147273,False
0.06795299053192139,-0.05908281496136952,False
0.0068219006061553955,-0.03714833928321193,False
0.057974785566329956,0.11512520657381173,False
0.02487081289291382,0.27520250613233593,False
0.08589759469032288,0.21669281198076604,False
0.018022775650024414,-0.04504428430760815,False
-0.007018005475401878,0.0,False
-0.04443436861038208,-0.18954664848479968,False
-0.040775418281555176,0.341509793302758,False
-0.004383087158203125,0.7082920141216188,False
-0.04649125039577484,-0.06376378167258377,False
-0.05471526086330414,0.007806350602992118,False
-0.30855250358581543,-0.28213761597828735,False
-0.35048240423202515,0.08691335375559572,False
0.7401573657989502,1.4044872267005668,False
-0.02613919973373413,0.5945407752423736,False
0.007138729095458984,0.16207074113664177,False
0.0,0.0,False
-0.23246049880981445,0.7777103811251376,False
0.049501433968544006,0.12236236871743181,False
-0.22598761320114136,0.5091567164564939,False
0.0033642053604125977,1.1551681358740093,False
-0.052939027547836304,-0.08616514002368456,False
-0.10601204633712769,0.19034008115643336,False
-0.02717369794845581,0.4391958925023388,False
-0.05990234389901161,-0.0040527902940639925,False
-0.0018997061997652054,0.0,False
0.0022025499492883682,-0.028663224183811967,False
-1.2872838973999023,0.3369386244984651,False
0.02078855037689209,0.17260590832169515,False
0.07099443674087524,0.08483922035873392,False
0.13430583477020264,0.18967400580098037,False
-0.019170992076396942,0.00029688674840144813,False
-0.0009515868150629103,-0.002821593461207478,False
-0.1985887885093689,0.38811338421239044,False
0.08237394690513611,0.22725900061781118,False
-0.02145400643348694,0.006551545978285871,False
0.06777876615524292,0.031828849481124924,False
-0.015590228140354156,-0.028610478204671774,False
-0.015942012891173363,-0.009481864801777637,False
-0.006269406992942095,0.0,False
0.0918428897857666,0.5897373237402673,False
-0.01934826374053955,0.23943786737027,False
0.03880763053894043,0.47558716398499445,False
0.008857041597366333,0.17250366105582565,False
-0.006560653448104858,0.2420756504598744,False
-0.14536014199256897,0.09332294173074938,False
-0.16770201921463013,0.43057182427806445,False
-0.2015146017074585,0.5619846043778998,False
0.014126002788543701,0.49866851583744454,False
0.0792090892791748,1.451692555533751,False
-0.15912607312202454,0.2357266080019453,False
-0.10678645968437195,0.3772965546454664,False
0.0035254275426268578,-0.02340706434742707,False
-0.07032221555709839,0.3030091921574828,False
-0.4496877193450928,0.08021041177363775,False
0.008123401552438736,-0.014108549078498915,False
0.016710519790649414,0.9237065718314748,False
0.12870091199874878,0.7085465691908062,False
-0.00242769718170166,0.18412243862732888,False
-0.35108864307403564,0.40063369034311846,False
-0.22616302967071533,0.22270754933645498,False
-0.0010370733216404915,-0.0034053332496257497,False
-0.042085662484169006,-0.020437523581770763,False
-0.17926418781280518,0.8689983045700304,False
0.01765957474708557,0.4268821807465737,False
-0.006742298603057861,-0.01782910447968892,False
-0.030446665361523628,-0.013106127380476909,False
-0.844078779220581,0.0819495169888868,False
-0.011043896898627281,-0.012151357091415778,False
-0.002720530377700925,4.327750502852723e-05,False
-0.1526622772216797,1.9806488250494731,False
-0.02177981473505497,0.020531460642814636,False
-0.02810811996459961,0.013175529290437454,False
-0.014650695025920868,0.0044965241104364395,False
-0.08223776519298553,-0.05254038722977754,False
-0.04408729076385498,0.17035443132114247,False
-0.22712895274162292,-0.0020167799610308623,False
-0.3427410125732422,0.9360140352973162,False
-0.2586129903793335,0.921333351988096,False
-0.015295454300940037,-0.004322665535094352,False
0.1256115436553955,0.9710499799337179,False
0.04093511402606964,0.09053366394922549,False
-0.10562014579772949,0.8985217076999163,False
-0.07444208860397339,0.050710725023246195,False
-0.013710349798202515,0.4022812357068488,False
-0.13836878538131714,0.03335488717365398,False
0.043520569801330566,0.4671763852865326,False
-0.03234836459159851,-0.09599040496885602,False
-0.0395808145403862,-0.013484607204708732,False
0.052504830062389374,0.20443506364641867,False
-0.08733537793159485,0.06874661896805845,False
0.15719890594482422,3.513306934533862,False
0.11961507797241211,3.307903193861616,False
0.11710262298583984,3.81336652923172,False
0.20020151138305664,3.9939675316848438,False
0.08430767059326172,4.013170563807058,False
0.2683401107788086,4.114781786222087,True
0.24645328521728516,4.186092569591673,True
0.12445402145385742,3.3532905358188128,False
0.3235328197479248,3.6722675589861073,False
0.2109537124633789,4.263491348810231,False
0.10197019577026367,3.9006603939294284,False
0.11927223205566406,3.632571977078287,False
0.16638565063476562,4.013196354551482,False
0.2561073303222656,2.2420874388008443,False
0.7229127883911133,2.442098821847979,False
0.19811487197875977,4.028564497776953,False
0.1896228790283203,4.002515211635624,False
0.16728973388671875,4.144689029467588,False
0.18017196655273438,5.055018636185094,False
-0.07257437705993652,0.3860527757036306,False
0.049213409423828125,3.7694876067353893,False
0.012093544006347656,4.879411199324408,False
-0.051914215087890625,3.6967516971385335,False
0.09453964233398438,4.065351365132404,False
0.2244405746459961,3.537953799617033,False
0.18065357208251953,4.0991558895864415,False
0.30958032608032227,3.8704082624398053,False
0.11511993408203125,3.8176793355757432,False
0.1740570068359375,3.8582002585017197,False
0.030717426910996437,0.01722698173215399,False
0.04679727554321289,3.996547335408358,False
0.2123703956604004,3.8827718784185468,False
0.010623455047607422,4.2698318017970545,False
0.04220771789550781,3.558126975320233,False
0.20554208755493164,4.5050760200950535,False
0.12591075897216797,3.916275009425334,False
0.22232675552368164,4.239750344283771,False
0.1577744483947754,4.607466360325844,False
0.11641693115234375,3.9409740503516155,False
-0.07747313380241394,0.14374590917227426,False
0.41008472442626953,1.8555339945123008,False
0.06159019470214844,5.338703734779733,False
0.27996301651000977,3.5858117869539434,False
0.020963191986083984,3.4135893670204274,False
0.6091227531433105,3.2880780048262936,False
0.1509718894958496,3.9699584998318675,False
-0.24920403957366943,1.0852322663741039,False
0.1734638214111328,3.688728859951445,False
0.2127547264099121,3.681531204160369,False
0.39194297790527344,3.839835959756213,False
0.050591468811035156,4.161244859214496,False
0.11881208419799805,3.8126589500397587,False
-0.22932755947113037,0.31687037218109493,False
-0.6499010324478149,-0.006745395923667186,False
-0.022363141179084778,0.14303167294901376,False
0.05596764385700226,0.15952905725776487,False
0.020304791629314423,0.1319531351327896,False
-0.025835692882537842,0.6266169450753896,False
-0.09672504663467407,0.40942336399425894,False
0.24282610416412354,0.7041642567700346,False
0.0007320716977119446,0.0010481436236880006,False
0.07121500372886658,0.34654644114285743,False
0.029441550374031067,0.1432680675261853,False
-0.21284273266792297,0.09283553264020455,False
0.0,0.0,False
0.12354183197021484,6.233618457915932,False
0.0810556411743164,3.594114696606835,False
0.0314178466796875,3.5129962296363395,False
0.2433938980102539,3.8908549164143205,False
0.1615743637084961,3.920062611244391,False
0.04950904846191406,3.7249157103552744,False
0.0771636962890625,4.144564637651207,False
0.11795282363891602,4.467144424062507,False
0.20954680442810059,-0.8150092638958335,False
0.10043621063232422,4.194522702546436,False
0.15669727325439453,4.273960189367514,False
0.47582149505615234,2.2719715499691002,False
0.08843517303466797,3.541039174436418,False
0.22459936141967773,3.9524924449849137,False
0.19216299057006836,3.899820297159905,False
0.21681880950927734,3.8955320515137206,False
0.05675697326660156,3.6229355837628807,False
0.18946504592895508,3.685037962799902,False
-0.29877376556396484,3.2464022577912846,False
0.22196006774902344,4.430633847643654,False
0.10494518280029297,3.880433253762848,False
-0.42859697341918945,1.704835590209132,False
0.20238304138183594,4.082917155647984,False
0.13116168975830078,4.607645449307974,False
0.18966007232666016,3.881066510369383,False
0.2254161834716797,3.678027258059063,False
0.1724839210510254,3.7349851803226946,False
0.2953519821166992,1.2562653087071438,False
0.2595510482788086,3.5629075284927865,False
0.17095661163330078,3.7520011661569805,False
-0.2116881012916565,0.1178860968316029,False
0.00525810569524765,0.003543277969583869,False
-0.015362977981567383,1.3053714398758285,False
-0.03519351780414581,0.045045098530655886,False
0.24434340000152588,0.5841490638034328,False
0.09686815738677979,0.2939012919352083,False
0.016861140727996826,0.13168856389855577,False
-0.13190244138240814,0.08111974183873517,False
-0.006513824686408043,-0.028561345457262383,False
0.11209535598754883,3.8340877435997545,False
0.04468727111816406,3.898572899374221,False
0.2189483642578125,3.8438214034930565,False
0.22925519943237305,3.6200143957842092,False
-0.026495665311813354,-0.04908825878997093,False
-0.02129584550857544,0.05400542176965764,False
-0.056267887353897095,0.10989028809549117,False
-0.15668517351150513,0.5800948664185114,False
0.10763178765773773,0.20754168668280423,False
0.016278862953186035,0.5626459036921605,False
-0.014141112565994263,0.3059629582859503,False
0.06891773641109467,0.2248932964137199,False
0.000737268477678299,-0.002523847131764594,False
-0.14560145139694214,0.05295551065431639,False
-0.07241123914718628,0.24053364477952388,False
-0.05817592144012451,0.2777106738213209,False
0.043521106243133545,0.08860845140034496,False
-0.0349239706993103,-0.006965961552602706,False
0.007226899266242981,-0.013223872868810313,False
0.05154106020927429,0.28416121048618925,False
-0.10838562250137329,0.2557013054012733,False
0.09902212023735046,0.26927962836332864,False
0.04376876354217529,0.49429267810209826,False
0.10381580889225006,0.08182056808092815,False
-0.13693082332611084,0.38921238502784333,False
-0.14915549755096436,0.16533617803142903,False
-0.37244415283203125,0.23567505761238816,False
-0.33950042724609375,0.059705208553908595,False
-0.009689927101135254,0.03297518793020829,False
-0.021515920758247375,-0.1227968632660483,False
-0.08181777596473694,0.13330890091455389,False
0.002417873591184616,-0.0028621513855461313,False
0.02408197522163391,0.11484894679707464,False
-0.8128449320793152,-0.01971829913722096,True
-0.06708371639251709,0.6615442568900076,False
-0.15116071701049805,1.1272036604459699,False
-0.10927510261535645,0.4845236320049522,False
-0.09431540966033936,0.9699666599348128,False
0.727886438369751,2.5728663378601544,False
0.004884898662567139,0.0607297301944997,False
-0.15313203632831573,0.10716337262715799,False
-0.1978115439414978,0.30342001833564475,False
-0.037034034729003906,1.721016118053182,False
0.2357792854309082,2.3219423202389313,False
-0.2377752661705017,-0.1046897495083346,False
0.08625560998916626,0.6852652028834663,False
0.01830357499420643,0.02632848545908928,False
-0.20292460918426514,0.4528207416223984,False
-0.3408149480819702,0.6697659081524501,False
0.001780480146408081,0.04987643866527213,False
0.04601238667964935,0.12908858060836792,False
-0.008645591326057911,0.0,False
-0.007807108107954264,-0.0026786484906657984,False
-0.06792670488357544,0.5696663244574536,False
-0.15574049949645996,0.8113605504517364,False
-0.07639716565608978,-0.02508120036029613,False
-0.006694134324789047,-0.007422734194643957,False
0.006842472590506077,-0.009470591485569117,False
-0.5270309448242188,-0.06789218423963105,False
0.041128769516944885,0.2502452640206671,False
-0.14617334306240082,-0.033644898178735644,False
-0.13859885931015015,0.09229000559410333,False
0.1580876111984253,0.5491025839765207,False
0.07933087646961212,-0.021699722115449488,False
-0.005655238404870033,0.0,False
-0.05152800679206848,0.024320808834993393,False
-0.005856215953826904,-0.005220556967163573,False
0.07464051246643066,0.35069742903734946,False
-0.02711254358291626,0.038872416681454525,False
-0.5026223659515381,0.3544635528687792,False
0.07900673151016235,0.12184364012649845,False
0.056401751935482025,0.12118125956279846,False
-0.0036261393688619137,0.0,False
-0.1835050880908966,0.08507161708922475,False
-0.05851536989212036,-0.08962738541623397,False
0.12384319305419922,1.622551980323238,False
-0.056245721876621246,0.06562079208966112,False
0.08248719573020935,0.3658102017983811,False
-0.03413020074367523,0.026448040725585046,False
-0.05217266082763672,0.292554592503851,False
-0.06884969025850296,0.025827389738683093,False
-0.05192539095878601,0.07835971915351456,False
-0.042150020599365234,0.3137668279062086,False
0.1927632987499237,0.525003930984411,False
-0.020749911665916443,0.018667764261936188,False
-0.009506592527031898,0.0,False
-1.3198308944702148,1.5980952346570034,False
-1.1448912620544434,2.470838221086093,False
-0.004912541247904301,0.0,False
0.08092129975557327,0.13221690360929017,False
-0.016665028408169746,-0.008821299300735502,False
-0.704409122467041,1.8389648380340482,False
0.03503584489226341,-0.008347523099279129,False
-0.4336872100830078,2.364482924361968,False
-0.05877798795700073,0.0004459203299787273,False
-0.1902075707912445,0.03178076760057741,False
0.04726402461528778,-0.016345921856242326,False
-0.012747807428240776,-0.003248174756839061,False
0.01717996597290039,0.6886554934541405,False
-0.008121799677610397,6.822410796303302e-05,False
0.4271289110183716,1.4393664306221292,False
0.017641641199588776,0.08339867712481347,False
-0.006377096753567457,-0.024868420043606967,False
0.014538049697875977,2.6939721964402974,False
-0.3158615231513977,-0.015735984384126933,False
-0.011362135410308838,0.14335364510855234,False
-0.036018624901771545,0.03896092552864626,False
0.3113011121749878,1.6949819524430005,False
-0.022506237030029297,0.21389895205475468,False
-0.017176806926727295,0.07171385312684214,False
-0.06796741485595703,0.6301223004792359,False
-0.03191345930099487,0.5236180717433897,False
0.0043868208304047585,0.0,False
-0.07528814673423767,0.0827165572685532,False
-0.017140433192253113,0.03938794007731757,False
0.011836923658847809,0.024308517575263977,False
-0.0009903545724228024,0.0,False
-1.065615177154541,3.358771216773068,False
-0.009370516054332256,-0.011403651452844832,False
0.1400929093360901,0.3851522804520089,False
0.033172085881233215,-0.12779746130737982,False
-0.9587810039520264,1.0833588029812626,False
-1.178494930267334,0.6125997885079297,False
-0.5981298685073853,0.7700775970162027,False
-0.14036184549331665,0.3740458107535478,False
0.08049321174621582,0.6488655110443031,False
-0.08487261086702347,-0.03584704257266905,False
-0.5678260326385498,1.5293221942761908,False
0.015153382904827595,-0.16707929141487818,False
6.276369094848633e-05,0.22268311177790062,False
-0.11540943384170532,0.6038212877308426,False
0.1378002166748047,0.13711167793385948,False
-0.02658248133957386,0.045373398810625076,False
-0.0034873231779783964,-0.020628005439269,False
-0.22743910551071167,0.12911526425603936,False
-0.1488323211669922,0.27969057686671944,False
1.4150934219360352,3.9336610512932606,True
-0.021986238658428192,0.0,False
0.03268768638372421,0.006118516049293997,False
0.1756230890750885,0.4501014049671986,False
-0.15605223178863525,0.7798972519452706,False
-0.0586887001991272,-0.0004753771177425127,False
-0.037899911403656006,-0.03425721980730506,False
0.06768941879272461,0.5075065464158732,False
-0.0037320340052247047,-0.008414262113187278,False
-0.251247763633728,0.23251609066230206,False
0.02345454692840576,0.24193747203993665,False
-0.25208282470703125,0.9262062657785488,False
0.5681782960891724,1.7157964621903021,False
0.2808569669723511,0.9367582116587609,False
-0.012822899967432022,0.0,False
-0.04107385873794556,-0.02942777087698243,False
-0.006727294065058231,0.0,False
-0.020107699558138847,-0.011226080555946575,False
-0.11200025677680969,0.21917045527855494,False
0.06766676902770996,0.5406796697648609,False
-0.09143717586994171,0.15073724092953028,False
-0.03515595197677612,0.07509513293443074,False
0.0115036740899086,0.12972676753997803,False
-0.3201485574245453,-0.3067288423923439,False
0.02352851629257202,0.5279618123316409,False
-0.09908345341682434,-0.048878451797229064,False
-0.015270787291228771,0.0,False
-0.17791970074176788,-0.06933640280635306,False
-0.0019107959233224392,0.0,False
-0.013924777507781982,0.14535873340335198,False
-0.1409602165222168,1.8048738865441722,False
-0.06467971205711365,-0.2304042696907474,False
-0.05530080199241638,0.04670139266053153,False
0.008507192134857178,0.4009077267775242,False
0.0770866870880127,0.5660609729687315,False
0.01770108938217163,0.35900635372067746,False
-0.39851510524749756,0.47949256652792094,False
-0.10691523551940918,0.11068074517077642,False
-0.10788331925868988,-0.06175311983130899,False
-0.5269061326980591,0.618231791491308,False
-0.029580622911453247,0.06219906934185844,False
0.14563509821891785,0.39447845618121136,False
-0.011344983242452145,0.00013300668797455728,False
-0.038704514503479004,0.07528742384410426,False
-0.01445670984685421,0.0007671940026782948,False
-0.03222781419754028,0.10157149566123769,False
-0.02061741054058075,0.0021323328837752342,False
0.007519446313381195,0.023729547795791825,False
-0.0665009617805481,0.5075319408304215,False
-0.060793716460466385,-0.022888848330500866,False
-0.0038472493179142475,0.0,False
-0.0134793221950531,0.10410286486148834,False
0.01104876957833767,-0.007285569485323683,False
-0.06354516744613647,0.1224433097080202,False
0.08617039024829865,0.2279797841973627,False
-0.030166923999786377,0.06523590365293094,False
-0.026912054046988487,-0.02617420562092558,False
0.009360131807625294,0.0,False
-0.11294573545455933,0.34593225264544136,False
-0.03765682876110077,9.673287422629073e-05,False
-0.000948007102124393,0.0,False
-0.0017026173882186413,0.0,False
-0.011862635612487793,0.4066776454661558,False
0.010619105771183968,-0.047252380872086046,False
0.0005984213203191757,-0.023450434089929036,False
0.19705122709274292,0.40852138717934056,False
-0.11418336629867554,0.4492618985279637,False
-0.029061242938041687,0.008240776136517525,False
-0.5790945291519165,-0.017028825276442783,False
0.11165529489517212,0.2726063727853909,False
-0.03347984701395035,-0.009618461503258248,False
-0.005902767181396484,0.034111214624997166,False
0.06633473932743073,0.22599335695537595,False
0.2351544201374054,0.4150207880587483,False
0.013380616903305054,0.18809395143247395,False
-0.012197105213999748,5.244105705060065e-05,False
-0.13653767108917236,0.03065137458490183,False
-0.049352020025253296,0.3007100763219661,False
0.060501933097839355,0.32708448288926717,False
0.06062901020050049,0.6616689577449876,False
-0.005577856209129095,0.000537340878508985,False
-0.00488203065469861,0.0,False
-0.03156474605202675,0.01790730655193329,False
0.6254768371582031,1.6832427763312072,False
0.006940742954611778,0.1138181363928638,False
0.01575225591659546,0.10035744819473434,False
0.0177382230758667,0.2327121390015633,False
-0.04267698526382446,0.14698340474978086,False
-0.15965509414672852,0.8806192647435109,False
-0.689382791519165,0.08542848905357792,False
-0.10580575466156006,0.3092256025625406,False
-0.2374098300933838,0.04568617329049679,False
-0.1112942099571228,0.7292440495245275,False
-0.15541261434555054,0.5813429214553157,False
-0.07433044910430908,0.3265398872935557,False
-0.04235377907752991,0.13182873957777538,False
-0.06055951118469238,0.2503843975573671,False
-0.07157158851623535,0.35942118614369223,False
-0.23468196392059326,0.7880596450397268,False
-0.009492308832705021,0.0,False
0.17366141080856323,0.6024207466403972,False
0.019121572375297546,0.11331363760992762,False
0.02967449277639389,0.07847093923280075,False
-0.0038180886767804623,3.706016650539823e-05,False
0.00013893097639083862,0.009768719784915447,False
0.315340518951416,2.3075644803720836,False
-0.43422091007232666,1.0704825122021329,False
-0.10243642330169678,0.1336377897048262,False
-0.1505371332168579,0.1869901769759097,False
-0.006146848201751709,0.0,False
-0.17106416821479797,0.057189585002447835,False
-0.11619212478399277,0.03466815408098791,False
-0.02720201015472412,0.7003883351546233,False
0.015242218971252441,-0.014877428206804294,False
0.14312228560447693,0.28409767464515184,False
-0.17860135436058044,0.06723353584193459,False
0.10446339845657349,0.32397859583196653,False
-0.08846212178468704,-0.11230010622941797,False
0.09481155872344971,0.10901101111285125,False
-0.001894671469926834,-0.013145801906400606,False
0.0786098837852478,0.2423695084822381,False
-0.17663118243217468,0.13025087894854243,False
-0.09288185834884644,0.5998403241451415,False
0.0274500772356987,0.1112029445643284,False
-0.1408442258834839,0.21204948347913127,False
-0.021069183945655823,0.011345067415642618,False
-0.43964362144470215,2.2331307816360555,False
-0.5911200046539307,1.821839875195652,False
-0.3215036392211914,2.042477943254358,False
0.20370715856552124,0.5126248815093248,False
-0.07718819379806519,0.3173988951960678,False
0.043517231941223145,0.3449235604434666,False
-0.021281518042087555,0.0,False
-0.10702523589134216,-0.026368271025353163,False
-0.2913615107536316,0.09465678748490408,False
-0.07844243943691254,0.06571195805343949,False
-0.3351379632949829,-0.5247099754023691,False
-0.0019166484707966447,5.546621196117485e-06,False
0.011706352233886719,1.0544484568259542,False
0.0,0.0,False
-0.0028464526403695345,0.0,False
-0.041920047253370285,0.0,False
-0.009294558316469193,-0.006998393773123197,False
-0.002450253814458847,0.0007578138611279428,False
-0.0014056004583835602,-0.016596689316138648,False
0.0314243882894516,0.1222019642685157,False
-0.3278682827949524,0.24437365357368623,False
-0.027395008131861687,-0.021941285305136546,False
-0.0042558591812849045,0.0,False
-0.007470131851732731,-0.003441797572772112,False
-0.005738395731896162,-0.026795622180948886,False
-0.023336460813879967,0.001830630851098883,False
0.029198840260505676,0.0,False
-0.008388513699173927,0.005042973440140486,False
0.10101156681776047,0.19513297080993652,False
-0.05602392554283142,0.29108499995955384,False
0.024919986724853516,0.13231580680863422,False
0.03080083429813385,-0.012690165035208048,False
-0.041026949882507324,0.2605105269092145,False
0.2355738878250122,1.073068500329618,False
-0.1764606237411499,0.8846075518899849,False
0.012014182284474373,0.020655804449581493,False
-0.1445259302854538,0.008170501839020239,False
-0.07797849178314209,0.9423843622207642,False
0.010010987520217896,-0.02083209629333481,False
0.018157541751861572,0.16311831386688955,False
-0.4494211673736572,0.4297577281426357,False
0.013827808201313019,0.0,False
-0.040904879570007324,0.24138652321560836,False
0.0,0.0,False
-0.2194768190383911,0.6852619158225158,False
0.024391494691371918,-0.005862337264707913,False
-0.5473616123199463,0.29710381329443813,False
-0.015787601470947266,3.6304058489676447,False
0.031173480674624443,0.0,False
0.05543780326843262,0.08513787514405913,False
-0.09370505809783936,0.44807947864322184,False
0.05045619606971741,0.06285292737271808,False
-0.6146676540374756,1.7620518240890137,False
-0.00802791491150856,0.014152023803102307,False
0.007964815013110638,-0.0033264755374959824,False
-0.3950066566467285,3.319927304190081,False
-0.11626619100570679,0.08309075182127842,False
-0.0017645774642005563,-0.010252190111692578,False
0.09013569355010986,1.086615714192633,False
-0.002955435775220394,0.0,False
-0.03982901573181152,0.874244702088651,False
-0.07353177666664124,-0.02204890910794919,False
-0.30881643295288086,2.2779099685206177,False
-0.021357376128435135,0.015349098481237888,False
-0.01904967427253723,0.0019116757271643197,False
1.0403828620910645,2.298447242547894,False
-0.0010149070294573903,0.0,False
-0.007407546043395996,0.914839866199131,False
-0.09515374898910522,0.025979434659303413,False
0.12595868110656738,0.6696838029864293,False
-0.008750857785344124,0.0,False
-0.0057215942069888115,0.0,False
0.026067093014717102,0.04534134502597244,False
-0.017262622714042664,0.014704563958269657,False
-0.006629581563174725,0.0,False
-0.03287680819630623,0.0,False
-0.028040140867233276,0.19396968185901642,False
0.09171827137470245,0.2768496972065809,False
-0.2386302351951599,0.03669254964920493,False
0.06988006830215454,-0.10866633067193424,False
-0.05598822236061096,-0.37189356113258554,False
-0.22175633907318115,0.5057037417926928,False
-0.10860557109117508,0.021415488444250244,False
-0.06187254190444946,-0.015343312861464384,False
0.09152846783399582,-0.06916417685905865,False
-0.4573395252227783,1.9331479199743105,False
-0.08523855358362198,-0.11658174478673558,False
0.005038321018218994,0.020224807362307196,False
0.059664905071258545,0.17809201426703944,False
-0.05061602592468262,0.6600379354744701,False
-0.1785506010055542,0.4881626943787858,False
0.03494691848754883,0.28548636295870256,False
0.12450867891311646,0.4804764417814104,False
-0.006290912628173828,0.19619472071591237,False
0.03340587764978409,0.003970008702658054,False
0.03485986590385437,0.25018255997607675,False
0.03316137194633484,0.1270749200309922,False
0.021702885627746582,0.33600391394471923,False
0.025920897722244263,0.10615275855056772,False
-0.1407468318939209,1.0092581488153243,False
0.01720947027206421,0.05558861047029495,False
0.20286202430725098,1.7594686646655402,False
-0.1803693175315857,0.12721541032874606,False
-0.023379087448120117,0.39005030768217963,False
-0.23785877227783203,0.07909685921266962,False
-0.449021577835083,1.164507875274453,False
-0.14582490921020508,0.6195537970267555,False
0.0156857967376709,0.5796000852663464,False
-0.02758026123046875,0.22302589294205188,False
0.0465083122253418,2.0216350584445215,False
-0.36383819580078125,1.0241865440104652,False
-0.1478678286075592,-0.09336116397992539,False
0.040616244077682495,0.0585501044040956,False
0.16174882650375366,0.33571786195240383,False
-0.11414241790771484,0.13366322702507216,False
0.03457328677177429,0.3666975924015764,False
0.0,0.0,False
0.1687803864479065,0.8647361615755795,False
-0.17057502269744873,0.5718625650075395,False
-0.08094537258148193,0.6890094493264698,False
-0.1159406304359436,0.0878439931332079,False
-0.1902255415916443,-0.21183404430095576,False
-0.015798769891262054,0.038424287921786524,False
0.3907453417778015,0.7309163807731116,False
0.06102645397186279,0.13387544453144073,False
-0.007503964006900787,0.1807414490282369,False
-0.015899986028671265,-0.018191950066747644,False
0.015729598701000214,0.001051980579950056,False
0.04464061185717583,0.04533318700687078,False
-0.15409785509109497,0.41085795342054643,False
0.0006247833371162415,0.005392851773649454,False
-0.016214042901992798,0.29792605048318876,False
0.050074659287929535,0.1833248976705561,False
0.0648127943277359,0.1590956527988546,False
0.05742081254720688,0.068472478953698,False
0.011743718758225441,-0.0028933196119690437,False
0.032416075468063354,0.3227370557395483,False
0.003579750657081604,0.08361105075669477,False
0.013228241354227066,0.0040526557713747025,False
0.06266188621520996,0.18037142824353858,False
0.017023995518684387,-0.09005855777141993,False
-0.05257212370634079,-0.09955328501767698,False
-0.07756565511226654,-0.2324606977908171,False
0.1235913634300232,0.3122838632498391,False
-0.051294341683387756,-0.06163863505974518,False
0.10238677263259888,0.044348039863529726,False
-0.015317225828766823,0.002400449011474848,False
-0.047521188855171204,0.03672673539600832,False
0.54636549949646,2.886770900931598,False
0.26830732822418213,1.2610987964464926,False
-0.10378122329711914,1.2796087759186894,False
0.008661076426506042,-0.053218502613035956,False
-0.13967204093933105,0.3533854286032175,False
-0.0017778174951672554,-0.007956749303299463,False
-0.6786766052246094,0.5632692262285537,False
-0.0019080452620983124,0.006947536487132311,False
-0.7060213088989258,2.601911095632675,False
-0.2868230640888214,-0.11376131802612666,False
-0.04396471381187439,0.08193265976925793,False
-0.0028060246258974075,0.0,False
-0.28446316719055176,0.7602858209928722,False
0.09216585755348206,0.23487989871494638,False
0.00922396034002304,0.16197816929971864,False
-0.0036252595018595457,-0.03726469562675774,False
-0.01361565850675106,0.0,False
-0.045870646834373474,0.1821813415836374,False
-0.6931101083755493,0.8087621203986836,False
-0.10190728306770325,0.00551486462449996,False
-0.036988019943237305,0.9481955310823995,False
-0.036251988261938095,0.1511994462078113,False
-0.0019253822974860668,0.0,False
-0.005399483256042004,0.00015359249664470553,False
-0.0018917546840384603,8.19938286440447e-05,False
-0.01959834061563015,-0.024602719282633828,False
0.15427559614181519,-0.11340793333800556,False
-0.1433030366897583,0.2470132807048782,False
-0.006858584471046925,-0.010634990682402905,False
-0.033169955015182495,0.0874712468598324,False
0.0019485950469970703,0.0010792989050969481,False
-0.023832492530345917,-0.01609951182119484,False
0.011407328769564629,-0.003451351919264026,False
-0.6303108930587769,0.4923718928144847,False
0.012087991461157799,-0.0027197029370822664,False
-0.1925790011882782,-0.029705701632393722,False
-0.07165539264678955,0.11632208442118316,False
-0.07948280870914459,0.16693026760167656,False
-0.2358357310295105,0.6342399614012801,False
0.01506294310092926,0.04913156504327625,False
0.005269467830657959,0.41786866139201123,False
-0.1059296503663063,0.09820792461087027,False
0.0037769749760627747,0.1642522485731082,False
0.0009530484676361084,0.0,False
-0.0071397460997104645,0.0007267182809300721,False
-0.011235550045967102,-0.029815061395024017,False
-0.10158827900886536,0.22523381127470954,False
-0.0008670639363117516,0.0,False
-0.05947846174240112,0.11834153975432946,False
0.06818801164627075,0.22829080073709332,False
0.011866435408592224,0.02133698623349141,False
-0.5183225870132446,0.6149421394406622,False
-0.03180520236492157,-0.0034737313420867906,False
0.04401957616209984,0.0730079793007736,False
-0.0019067618995904922,-0.0030271216406242223,False
-0.00189620116725564,0.0,False
-0.001994263380765915,0.0,False
0.007379693910479546,-0.0010169546904208512,False
-0.0017655480187386274,0.00026260907179675996,False
-0.06034091114997864,0.212979569963212,False
-0.01740892603993416,0.07982831448316574,False
0.01069757342338562,0.04299771999899246,False
-0.0029365322552621365,0.0,False
-0.03723461925983429,0.1225221146309256,False
0.05242568254470825,0.3242487802388484,False
-0.147699773311615,0.7241064686536732,False
-0.06519198417663574,0.12661359015268697,False
0.024429120123386383,0.03326870975401383,False
0.14549440145492554,0.3276769856438544,False
0.005173534154891968,0.17201080806557828,False
-0.18150973320007324,-0.004212408447963223,False
-0.14094075560569763,0.28721234098708337,False
0.00389215350151062,0.006208896636962891,False
-0.011535018682479858,-0.0018081951351330422,False
0.003971073776483536,0.0,False
-0.009558696299791336,0.0,False
-0.0030013532377779484,-0.006453316161987422,False
-0.0009728761506266892,0.0,False
-0.08111823350191116,0.00011078441457357258,False
0.07788240909576416,0.36155485240562346,False
-0.2063821256160736,0.23292060735094056,False
0.04829546809196472,0.041712645078723576,False
0.015917222946882248,0.016325922682881355,False
-0.1026189774274826,0.16565751175668864,False
-0.11753888428211212,0.11859724871206012,False
0.07165205478668213,0.6786946304241671,False
-0.5235682725906372,-0.007635924723597811,False
-0.19203317165374756,0.6154199178355335,False
0.007866757921874523,-0.006772075043809232,False
0.01275530643761158,-0.019443795961706298,False
-0.2651950716972351,0.1521603418224055,False
-0.0022188089787960052,0.013120555318892002,False
-0.4009171724319458,0.9282106253995692,False
-0.07345724105834961,0.9848350711045263,False
-0.04345092177391052,0.19240088721745596,False
-0.10788160562515259,0.621964824768082,False
-0.07406279444694519,0.11103641089980484,False
-0.013958454132080078,1.6565125212203444,False
-0.03634675592184067,0.06763099207320784,False
0.9065223932266235,2.8600000506507786,False
0.059286534786224365,-0.23515803373827193,False
-0.05336230993270874,-0.1077720823435368,False
0.03615385293960571,0.7442059235489946,False
-0.08352714776992798,0.2601246237754822,False
-0.09477841854095459,1.0966653041585062,False
0.15394914150238037,1.7238625681891364,False
-0.04133341461420059,-0.011864693542614884,False
-0.0009067619103007019,0.0,False
-0.21316832304000854,0.18273438488145288,False
-0.12057401239871979,-0.20396050309193337,False
-0.09520018100738525,-0.01037810829145681,False
-0.03729713708162308,0.09523064228259495,False
0.05412749946117401,0.04416326614395541,False
-0.08423823118209839,0.01739464468547884,False
0.024417798966169357,0.12144386355290138,False
-0.0035983826965093613,0.016150379553437233,False
-0.03450596332550049,0.21102007870308273,False
-0.06067480146884918,-0.0052912414182238465,False
0.011619675904512405,0.0,False
0.02337689697742462,0.18775723539676994,False
-0.009801451116800308,0.0,False
0.020032349973917007,-0.02620346166928085,False
0.006162119098007679,0.011372240273161832,False
0.043940022587776184,-0.007000245981822327,False
0.02155238389968872,0.002033298835158348,False
-0.18941450119018555,0.816368488995322,False
0.031164243817329407,0.0011014453931965373,False
0.04048570990562439,0.03817209044085243,False
-0.006342982407659292,-0.019545471728828548,False
0.02903074026107788,0.1109851063323013,False
0.04181984066963196,0.04554726181653364,False
-0.28880852460861206,0.3893005007518913,False
-0.07845249772071838,0.1535732245543021,False
-0.0011469367891550064,0.023367729038000107,False
-0.12185762077569962,-0.0534912346139255,True
0.2069607377052307,0.945293105478751,False
0.004542231559753418,0.10134065819387811,False
-0.0008905511349439621,-0.029250194086361248,False
-0.0009966358775272965,0.0008617803687229753,False
-0.02904580533504486,-0.02003039989566363,False
-0.0022282153367996216,-0.017425651387423045,False
0.017262255772948265,-0.01813656796801734,False
0.015345452353358269,0.0,False
-0.012395106256008148,0.0,False
0.0038148872554302216,-0.04948697546734085,False
-0.056015968322753906,0.16599395011453089,False
0.049612849950790405,0.0389595885862358,False
-0.1062781810760498,0.6736998782829463,False
-0.09052549302577972,0.07510297929077873,False
0.06895478069782257,0.2377297729253769,False
0.0,0.0,False
-0.009432852268218994,0.0,False
0.06842584162950516,-0.0166353877152033,False
-0.004845672287046909,-0.0028662058265246384,False
-0.004775571636855602,0.0,False
-0.004700580611824989,0.0,False
0.0128055140376091,-0.0020153000763365528,False
-0.01341383159160614,-0.026034284365334753,False
0.05538661777973175,0.040437836762392335,False
0.028771918267011642,0.13832798600196838,False
-0.0039509367197752,-0.005848425460056791,False
-0.004681795835494995,0.1300275316238178,False
0.0391995832324028,0.041727029326991925,False
-0.1466386914253235,0.6398920952663854,False
0.07179324328899384,0.23173315773842573,False
-0.0628974437713623,0.035153815677247235,False
0.070431187748909,0.026029771490438405,False
-0.041129544377326965,-0.009388675610906809,False
-0.024741441011428833,0.0027626820840755684,False
-0.0424647331237793,0.1585536018666232,False
-0.019892409443855286,0.1678465520910044,False
-0.022124648094177246,0.31171019198170696,False
-0.06163836270570755,-0.09169188460916874,False
-0.08173565566539764,-0.00278619970980222,False
-0.1660664975643158,0.16905361281998035,False
0.0038969144225120544,-0.05170888807702084,False
0.0011975988745689392,-0.02386526827625995,False
0.3288240432739258,0.7040715416457812,False
-0.0038968869484961033,0.0,False
-0.1230396032333374,-0.006060144095975828,False
0.02260996773838997,-0.1315960899901037,False
-0.05861663818359375,1.6455037861705704,False
0.0034792274236679077,0.04442751870209673,False
-0.01826097071170807,-0.05617877255954121,False
0.02324855327606201,0.10012905441259909,False
-0.005887982901185751,-0.006723139974309787,False
-0.003974754363298416,0.0024950120132416487,False
0.13856267929077148,0.7667506867165446,False
0.10679519176483154,-0.12293333802394071,False
0.09848493337631226,0.49906180750507906,False
-0.1459725797176361,-0.17463087253793969,False
0.06934553384780884,0.28435585263127394,False
0.02325800061225891,0.3132507298463241,False
-0.03757622838020325,0.004711333842087495,False
0.025817260146141052,0.16937907286971715,False
-0.1031121239066124,-0.0909188839313623,False
0.10713046789169312,0.20545779444441004,False
-0.08907480537891388,-0.010895018736750667,False
0.01806163787841797,1.0055195701440878,False
0.014213800430297852,-0.03488789724219615,False
0.030030637979507446,0.4740800852869127,False
0.26392650604248047,1.9843079744235674,False
-0.03272596374154091,0.02099759504199028,False
0.15541046857833862,0.35766158221821065,False
-0.0324711799621582,0.15841058337502806,False
0.007133757695555687,0.0,False
-0.0009510408854112029,-0.012648453840260206,False
0.057386137545108795,0.09633112063025573,False
0.04384714365005493,-0.0002879144901806012,False
-0.03174405172467232,0.002880513174712789,False
-0.0648607611656189,0.15646776299839693,False
-0.02150682359933853,0.018693712236908425,False
0.3153999149799347,0.6506867409594972,False
-0.014269605278968811,0.0,False
0.0,0.0,False
-0.016550211235880852,0.0005227629444561899,False
-0.0061951205134391785,8.272894046967849e-05,False
0.008487731218338013,0.07705842313299777,False
-0.003740358166396618,0.0,False
-0.24108996987342834,-0.13536387544667813,False
-0.03430681675672531,-0.01248845911420577,False
0.012171030044555664,0.04803497337471673,False
-0.035842977464199066,0.024590637610200416,False
0.016696015372872353,0.0,False
-0.49765968322753906,-0.032165625718073576,False
0.10652130842208862,0.6331362742076636,False
-0.004478488117456436,0.0,False
0.015032179653644562,-0.005346157121310062,False
0.023560315370559692,0.07293621132965997,False
-0.006886349059641361,-0.007919216896060803,False
0.034079134464263916,0.23413153757844524,False
0.015950940549373627,-0.05589915771142703,False
0.02148568630218506,0.12487866672638875,False
0.1053621768951416,0.26163092457287457,False
-0.06530052423477173,0.5324552567834204,False
-0.05289512872695923,0.13081723190838995,False
0.1007290631532669,0.12840848745735248,False
0.05060052126646042,-0.011754052807937641,False
0.008281350135803223,0.5118353645151699,False
0.05901351571083069,0.29083526113847114,False
-0.03332968056201935,-0.0523060725947162,False
0.20987635850906372,0.6086037597188808,False
0.0733296275138855,0.23906840519950087,False
-0.06035810708999634,0.058897819678769406,False
-0.028906822204589844,0.17876749793308544,False
-0.013127237558364868,0.0680043242157913,False
-0.13553647696971893,0.29819382316522,False
-0.04381804168224335,0.13089620948990036,False
-0.06312917917966843,0.09472778364930276,False
-0.022273898124694824,0.6353334143425695,False
0.04348379373550415,0.09564480402975187,False
0.02457737922668457,0.4764762302455742,False
0.09271427989006042,0.1330888117147313,False
-0.06522710621356964,0.07060375838816021,False
0.09670037031173706,0.4071545124250231,False
0.007413186132907867,-0.051415491846338895,False
0.038988567888736725,0.08078986406326294,False
0.028781620785593987,0.0,False
0.06336143612861633,0.15103296107470815,False
-0.08309337496757507,-0.05518942668075259,False
-0.025399696081876755,-0.002703097572545742,False
0.0008199438452720642,0.16595035205730255,False
-0.010607346892356873,0.0,False
0.04091330245137215,0.016386519007465336,False
0.017628327012062073,0.07112793234672508,False
0.004171267151832581,-0.0258644645282605,False
0.0016258470714092255,-0.00074410813519011,False
-0.04524007439613342,-0.12434790722120298,False
0.05654541403055191,0.20770665400007973,False
0.13369154930114746,1.3976672550944333,False
-0.08597946166992188,-0.06413859000855726,False
0.0,0.0,False
0.03316688537597656,1.2261301985726933,False
-0.0215301513671875,0.11038231931731755,False
-0.01158963143825531,0.0065507601673846574,False
0.06140213459730148,0.045377683669331856,False
0.06297078728675842,0.2824878724895932,False
0.03299862518906593,-0.06947895894753275,False
-0.19770580530166626,0.4613086112162066,False
-0.08011290431022644,-0.06394420436688987,False
-0.06139764189720154,0.11258935471421264,False
-0.03786998242139816,0.00045059912372380495,False
-0.03772208094596863,0.21079349064619682,False
-0.12780754268169403,0.13383317727053437,False
-0.0035770833492279053,0.08358183606237624,False
0.013987421989440918,0.5378577321110134,False
0.2117471694946289,0.4683464092938518,False
0.06038518249988556,0.2375636534517782,False
-0.0190033707767725,-0.0008061779158744296,False
0.18000733852386475,1.7917505037504944,False
-0.03241487964987755,0.00023802822397556156,False
-0.07116341590881348,-0.05587435193969939,False
-0.020847290754318237,7.32410917407833e-05,False
-0.004820913076400757,0.19568606952366865,False
0.12092790752649307,0.1375883663851301,False
-0.035418931394815445,-0.13751050744880497,False
-0.0809406191110611,-0.02325991338272191,False
0.014739260077476501,0.01555118307668183,False
0.10263389348983765,0.2351355499490292,False
-0.004962507635354996,0.0,False
-0.006649705581367016,-0.0021766261287939,False
0.01588304340839386,0.0017709938110783696,False
0.0159594863653183,0.020919053361314513,False
0.001321692019701004,0.00016478625184390694,False
0.0,0.0,False
-0.1551094800233841,0.003198150248908571,False
-0.0074533140286803246,-0.022801596995650854,False
-0.024679064750671387,0.001912455540150404,False
-0.10520446300506592,0.1452232003211975,False
0.06782907247543335,0.5127227928606284,False
-0.024991534650325775,0.08361316704147881,False
-0.06276268512010574,0.09351834003086974,False
0.03141274303197861,-0.026684796835128963,False
0.023991703987121582,0.5205875036470615,False
0.016414515674114227,0.04833096327196533,False
0.004664361476898193,0.1586941066952267,False
-0.021598633378744125,0.04610744245749751,False
0.02578826993703842,0.0,False
-0.07974100112915039,0.26651737566896294,False
-0.002646808512508869,0.0,False
-0.07221847772598267,0.7467312890833666,False
-0.005611767526715994,-0.0034907145643349644,False
0.0846223533153534,-0.03970447760613832,False
-0.0017009953735396266,0.0,False
-0.024742908775806427,0.10643761107407596,False
-5.3161755204200745e-05,-0.028915931805528115,False
-0.018209636211395264,0.2006438055214501,False
-0.009656894952058792,-0.010890269025612727,False
-0.008222296833992004,0.01176051974370474,False
0.009622590616345406,-0.013567802913919423,False
0.03161697834730148,-0.14918129614632716,False
-0.016404390335083008,0.15492541499624912,False
-0.05785048007965088,0.20696197710971848,False
0.010381899774074554,0.001445851055905223,False
0.01521021593362093,0.00031525164376944304,False
0.005088692530989647,0.0,False
-0.001042056130245328,0.0,False
-0.0069491565227508545,-0.007792496805970078,False
-0.0011886060237884521,0.036253052254071313,False
-0.010399790480732918,0.0,False
-0.48548221588134766,0.7275108371515173,False
-0.0023959241807460785,-0.036734250664580755,False
-0.02055763453245163,-0.022987228582039616,False
-0.02061149664223194,-0.02112079570531423,False
-0.024433553218841553,-0.04498562575835374,False
-0.09384456276893616,0.005271604809834518,False
0.06025286763906479,0.06636879743456632,False
-0.02880401909351349,0.0833497353713972,False
0.016818419098854065,-0.006354608764735819,False
-0.04733383655548096,0.1522040929574906,False
0.007010969333350658,7.663920769118704e-07,False
-0.04509386420249939,0.06064128265558,False
-0.000979774515144527,0.0,False
-0.0516238808631897,0.4590478002667731,False
0.23799943923950195,1.0045102361889602,False
0.04306766390800476,0.16108315726143496,False
-0.15875519812107086,0.1711910929449173,False
-0.03598320484161377,1.1080484387958769,False
-0.17261207103729248,0.1786569811507613,False
-0.9179644584655762,1.7792888252383237,False
-0.005608023144304752,-0.009857177454075283,False
-0.32791268825531006,0.6185736606424463,False
-0.003000799333676696,0.0,False
0.0,0.0,False
-0.005877844523638487,-0.036162771676002174,False
-0.011852383613586426,0.3739623806652703,False
-0.015804141759872437,0.20534344782805097,False
0.27406930923461914,1.1664766022746482,False
-0.09934771060943604,0.18407374536919308,False
0.009307540953159332,0.02890331271103052,False
-0.06790168583393097,0.025376130525759356,False
-0.025111794471740723,0.14218239089952273,False
-0.0053802430629730225,-0.041783398060806984,False
0.009258270263671875,0.8158909798687346,False
0.043842971324920654,0.7634023574130921,False
-0.03024578094482422,0.38146766112272157,False
-0.034375131130218506,0.39240532665241046,False
0.025994177907705307,0.0,False
-0.001606771256774664,0.0,False
0.16117990016937256,1.3802218237915482,False
-0.11212271451950073,-0.10409824505442133,False
-0.12924957275390625,0.6715412794196369,False
-0.22845566272735596,0.6430182267342771,False
0.0,0.0,False
-0.15286213159561157,0.30672670261491364,False
-0.18227878212928772,0.12473603375335693,False
-0.3925415277481079,0.9394288465340297,False
0.03875577449798584,0.46177868620362655,False
-0.08865232765674591,0.04381610229354743,False
-0.1810482144355774,0.12444900870641853,False
-0.1696103811264038,0.46513454599049603,False
0.12392765283584595,0.5134650158844368,False
-0.0739210844039917,0.4048241268575262,False
-0.06511813402175903,0.09982968359055325,False
-0.025882268324494362,0.019009623676538467,False
-0.19017815589904785,0.3034738181285026,False
-0.195406973361969,0.4958408992304458,False
-0.1446589231491089,0.17605131481578448,False
0.039402127265930176,1.2617637887906805,False
-0.14064854383468628,-0.04685075300574704,False
-0.035441458225250244,0.3599143387977717,False
-0.00977792777121067,0.0007236091187223792,False
-0.12757381796836853,0.18817508533683497,False
-0.08913683891296387,0.18804882813353618,False
-0.0008813246968202293,0.0,False
-0.056493766605854034,0.07832964954841265,False
-0.01024620234966278,0.13084639879139806,False
-0.028147190809249878,0.17885846278450196,False
0.6998262405395508,2.2651132043694053,False
0.26534295082092285,0.533533477123103,False
-0.024034440517425537,0.08985344741156712,False
0.27252960205078125,0.6684767247772649,False
0.04659169912338257,0.42990590228611136,False
-0.01824869215488434,0.03798442816231092,False
0.04328182339668274,0.044292816803950426,False
0.020752523094415665,0.04214245453476906,False
0.010964554734528065,0.0,False
-0.2185867428779602,0.5411391725435428,False
0.01082286424934864,0.0,False
-0.017104651778936386,-0.004662567891025698,False
-0.011274218559265137,0.0,False
-0.17876940965652466,0.5866096542715035,False
0.059169188141822815,0.1617232961513316,False
-0.017146050930023193,0.6186068129760419,False
-0.1187429428100586,0.5459073930630383,False
-0.04933273792266846,0.8590385205711376,False
-0.2084619402885437,0.24421339676422646,False
-0.0012234598398208618,0.01762630589566941,False
-0.16929945349693298,0.08839253346871492,False
0.18290495872497559,0.6927857854970455,False
-0.026054054498672485,0.33580743150149717,False
0.09254923462867737,0.3716082843350102,False
0.01171894371509552,0.13983859328791706,False
-0.031124599277973175,0.06332002028203047,False
-0.22952228784561157,0.7198067403303334,False
0.010113909840583801,3.478188955341466e-05,False
-0.05605413019657135,-0.14800324144702726,False
-0.002326980233192444,-0.015342271976720334,False
-0.017620055004954338,-0.013959905094946316,False
-0.048909906297922134,-0.18021367423219334,False
-0.0009268731228075922,0.0,False
-0.004634390585124493,4.826234726351686e-05,False
-0.2171611785888672,0.15300491521440296,False
0.06275637447834015,-0.00363124683145076,False
-0.18247532844543457,0.324626733524757,False
0.030294030904769897,0.28292274938933193,False
-0.0025263801217079163,-0.05116027917521335,False
-0.04934406280517578,0.44101059007513266,False
-0.13027992844581604,-0.13693211255563054,False
-0.1807672083377838,0.09032807246123625,False
-0.057672858238220215,0.05809001924147705,False
-0.04721714183688164,0.0020273282310137647,False
0.1469428837299347,0.5166343940976378,False
0.019268274307250977,0.06715228306458468,False
-0.1131749153137207,0.3229596406271801,False
-0.07168698310852051,0.34303272303840826,False
0.01646268367767334,0.3148048519189836,False
-0.049473077058792114,-0.009218019298959126,False
-0.050660133361816406,0.1480971177253138,False
-0.05466794967651367,0.2108411564686984,False
-0.025988735258579254,0.04296189181444404,False
0.009159982204437256,0.6225099973700146,False
0.026919901371002197,0.2951434864927941,False
-0.004727669060230255,0.01612367480993271,False
-0.22013026475906372,0.22929164721810452,False
0.07768352329730988,0.006001405588188957,False
0.004308226518332958,-0.0048795010377115375,False
-0.2518230676651001,0.32598714574680776,False
-0.08208444714546204,0.0033820659681751825,False
3.8724594116210938,4.268936535260979,True
0.5316411852836609,1.4787917885920088,False
-0.0025407220236957073,0.0,False
0.043302372097969055,-0.0041495802890881145,False
0.03439445048570633,0.13084034427747784,False
0.03243091702461243,0.11014884557138982,False
-0.06634217500686646,0.09378706924000603,False
3.386765480041504,3.994204244753234,True
1.4872064590454102,2.7555566798046915,False
-0.12803739309310913,0.2237435523046079,False
-0.1680726408958435,0.1238184487996204,False
0.038855716586112976,-0.017053679902160456,False
-0.01799626648426056,-0.009741733066744475,False
-0.08152556419372559,0.41428481240249293,False
-0.05327068641781807,-0.003682111356187196,False
-0.07535231113433838,0.2998210886129892,False
-0.022460222244262695,0.2847233255217201,False
0.008221030235290527,0.5758120316231501,False
-0.17138200998306274,0.6993840689933954,False
-0.3949103355407715,0.5775663251119839,False
0.08159342408180237,0.3337131916676847,False
-0.24184083938598633,0.37288961446598445,False
0.06897604465484619,0.23929073818528457,False
0.07390117645263672,0.241986630667277,False
-0.6279251575469971,0.6684981104510348,False
-0.458052396774292,0.8323480730361122,False
-0.4780120849609375,0.3801343841338052,False
-0.40743327140808105,-0.07020534353404895,False
0.0860137939453125,2.8952082413138935,False
-0.562899112701416,0.958113583979002,False
-0.5979880094528198,0.36577898402816866,False
-0.5262105464935303,0.4601134608147699,False
-0.8987081050872803,1.0859275621509716,False
-0.16223597526550293,1.2700220489160057,False
-0.05985584855079651,0.007964983780238181,False
-0.04356749355792999,-0.09451344375385223,False
0.2597225308418274,0.8432707234665696,False
-0.3892853260040283,0.5586949945164155,False
-0.14088276028633118,0.0978893692029163,False
-0.055616043508052826,0.0043461077839283095,False
0.030336976051330566,0.9320879707021315,False
-0.23141038417816162,0.41626428845547336,False
-0.1655135154724121,0.20365188621675362,False
-0.12216143310070038,0.1324655339615597,False
0.006792031228542328,0.05817714576810161,False
-0.007242441177368164,0.22420321886114625,False
-0.12096381187438965,0.44821076937654764,False
0.0121647659689188,-0.002939961490718112,False
-0.01597815752029419,0.07629876538306067,False
-0.23969578742980957,0.3005249279348706,False
0.02898317575454712,0.8130635283557683,False
-0.15435458719730377,0.09450856814506514,False
-0.13454431295394897,0.23398258385042686,False
-0.12051409482955933,0.3001259280383026,False
-0.01165064238011837,-0.0037431340736355386,False
7.326528429985046e-05,-0.09629519554995776,False
-0.043483100831508636,0.009735367389303855,False
-0.04851347953081131,0.014544759676193335,False
-0.08644726872444153,0.18409075992071378,False
-0.061236560344696045,0.10472302030701229,False
-0.21356558799743652,1.0267527459299426,False
0.00927414745092392,0.10883629773281688,False
-0.0066888947039842606,-0.008737995765968835,False
0.01539263129234314,-0.014748582623891504,False
-0.13499915599822998,0.43949966015363584,False
-0.3198888301849365,1.7976692691247438,False
0.0,-0.012950113090645662,False
0.05633805692195892,0.07982366975752125,False
0.12475337088108063,0.2613906500151705,False
-0.16469965875148773,-0.0938606050746828,False
0.013440299779176712,0.0,False
-0.45626240968704224,-0.0304048342034735,False
-0.06456911563873291,-0.05292237825807612,False
-0.07199239730834961,-0.018891208163761754,False
-0.014046311378479004,0.23515443703830077,False
0.030281975865364075,0.2435011216991168,False
-0.025131240487098694,-0.010746457127559002,False
0.0758531466126442,0.012216889699298066,False
-0.5480029582977295,1.2258256424828546,False
0.08862674236297607,0.215003983459506,False
-0.0009522531181573868,-0.01857238808990815,False
-0.4058799743652344,2.6902843722797787,False
-0.008211121894419193,-0.002143511722033105,False
0.0306796133518219,0.16139810524244796,False
-0.02419327199459076,-0.009193635523836584,False
-0.015752434730529785,0.36010930579307754,False
0.002792113460600376,-0.005460903758825544,False
-0.23782125115394592,0.12149418004842726,False
0.07030665874481201,0.6850885619113176,False
0.015074457973241806,0.0,False
0.004806937649846077,0.0012817664537578821,False
-0.04354492202401161,-0.0373619256334283,False
0.009789947420358658,0.006422701601107181,False
0.06681635230779648,0.16761968283086556,False
-0.0009674856555648148,0.00018890747742261738,False
0.00824425183236599,-0.01461478057312161,False
-0.006343543995171785,0.0,False
0.08343970775604248,0.42941529951134905,False
-0.8395023345947266,0.6098035101586157,False
-0.6539686918258667,0.5479146943554903,False
0.024605870246887207,0.6698067646464979,False
-0.26422572135925293,0.2618717257630863,False
-0.0545961856842041,-0.020224622763989508,False
-0.005682371556758881,-0.0023229038889086653,False
-0.04605305194854736,0.6683121334508836,False
-0.12145739793777466,0.49734252939004137,False
-0.006334338337182999,-0.011602656498297465,False
-0.01886185258626938,-0.017935033865473213,False
-0.11284972727298737,0.03438107374696979,False
-0.003655042964965105,-0.01512833358811943,False
-0.0006828531622886658,-0.012309850446767263,False
-0.18996810913085938,0.8177053378170736,False
0.033730488270521164,0.06146653980905889,False
-0.1435871124267578,0.34390719881448195,False
-0.0008897320949472487,0.0,False
0.11543413996696472,0.5666937928480451,False
0.0,0.0,False
-0.32062089443206787,0.5588459113240123,False
-0.0009477189159952104,0.0,False
-0.01966635137796402,-0.05299547602544373,False
0.06998738646507263,0.15077688403236986,False
0.05982985347509384,-0.012282392224950128,False
-0.027720332145690918,-0.025717844776202137,False
0.008539438247680664,0.054539816947740904,False
-0.032988160848617554,0.2313316708605542,False
0.008581958711147308,-0.007399896066189515,False
0.01548643410205841,0.10280221606862296,False
0.018938615918159485,0.16708057455295638,False
-0.02183707058429718,0.0014267904916778207,False
0.007497558370232582,-0.0032821106503952476,False
0.013010360300540924,-0.00786055366619452,False
0.023237798362970352,0.019191082331986235,False
-0.0009767771698534489,0.0,False
0.2152053713798523,0.3724345893516836,False
-0.015560433268547058,-0.08545882316012182,False
-0.14881166815757751,-0.07697898305368006,False
-0.4319314956665039,1.2492516689326343,False
-0.49960970878601074,2.2726919260791405,False
-0.6454918384552002,1.3643881590745348,False
0.08148396015167236,0.16560344376495595,False
0.029720140621066093,0.0,False
-0.028653927147388458,0.02632928639650345,False
-0.032367102801799774,-0.016182005079265475,False
0.03023352660238743,0.01439288890650282,False
-0.0071876924484968185,-0.009693922493912365,False
-0.06295798718929291,0.09644333294851425,False
-0.03118051588535309,0.004654171465384119,False
-0.06130066514015198,0.07129655164020725,False
0.011459721252322197,-0.010773701131567705,False
0.0660739541053772,0.4239781877844538,False
-0.012642644345760345,-0.005467200689958509,False
0.12583386898040771,0.7696644808193105,False
0.09404247999191284,0.39541451952991036,False
0.4024364948272705,0.4226119027806986,False
-0.01661529764533043,-0.019279638318253373,False
0.012925952672958374,0.1286075409442935,False
-0.10962142795324326,0.012039352609208902,False
-0.019213473424315453,-0.029753545531120043,False
0.05689426511526108,0.1299897054378119,False
0.1866210401058197,0.6601492567690822,False
-0.14469929039478302,0.09267496072221344,False
-0.01593158021569252,0.05139346793293953,False
0.04101087152957916,0.18951017929123468,False
0.038512278348207474,0.07992422580718994,False
0.012480497360229492,0.17352337929125913,False
-0.033999234437942505,0.00422080559656024,False
-0.00304444320499897,0.003708541626110673,False
0.005401402711868286,-0.01699500976384405,False
0.032237011939287186,-0.0038296324644950556,False
-0.012721918523311615,0.003946884568592941,False
-0.592413067817688,0.4506864604953642,False
-0.04764971137046814,-0.31542687606216646,False
0.07833623886108398,0.10861967904605643,False
0.0,0.0,False
-0.022308349609375,1.9220422968246105,False
-0.05574554204940796,-0.00013100146569135218,False
-0.36960598826408386,-1.67234399252452,False
-0.2160544991493225,0.5761374010707946,False
0.05171537399291992,0.21410245958036042,False
-0.06304863095283508,0.18785493075847626,False
-0.3166762590408325,0.5325822906325569,False
0.05826856195926666,0.21668279357687698,False
0.048535436391830444,0.06955235686388456,False
-0.00580719206482172,6.214387394720688e-05,False
0.012066097930073738,0.005076702153674444,False
-0.01916031911969185,-0.006182507896807639,False
-0.0029072959441691637,0.0,False
-0.08892571926116943,0.06014444619462378,False
-0.07121254503726959,0.057695724070072174,False
0.011482000350952148,0.14581575989723206,False
-0.010623234324157238,0.00045880660763941705,False
-0.0028625428676605225,0.25193191789171543,False
-0.081898033618927,0.06423315588749348,False
0.06443116068840027,0.23607589639216242,False
-0.032644376158714294,-0.01622358331611269,False
0.05201588571071625,0.3074018869260809,False
0.46366608142852783,1.5495887035763944,False
-0.3686641454696655,0.2328229691820045,False
0.015332430601119995,0.061383847147226334,False
-0.1613686978816986,0.3778172476067697,False
-0.010739888064563274,-0.008003038279070446,False
-0.004943192005157471,0.37128234819125927,False
-0.14067375659942627,0.1654772365081254,False
0.014574766159057617,0.004254593048244715,False
-0.05696982145309448,0.2083446005290365,False
0.01028737798333168,0.07168690860271454,False
-0.13086563348770142,0.5728054258695485,False
-0.10116696357727051,0.12458006878956217,False
0.524878740310669,2.861401481622411,False
-0.17435139417648315,0.22232450390817254,False
-0.09270033240318298,0.2636943309712787,False
-0.011195613071322441,0.00020900991512462497,False
0.014785360544919968,-0.031085187678354928,False
0.05244854837656021,0.2008974539809276,False
-0.034463703632354736,0.09144626682517995,False
-0.10633760690689087,-0.06595616524306326,False
0.06939001381397247,-0.016511465003174963,False
-0.11726260185241699,0.056293933559341536,False
0.10493612289428711,0.8475917657869972,False
-0.08926858007907867,-0.03528760901927968,False
-0.24722790718078613,0.23236805879979322,False
-0.005425997078418732,-0.022768145670674193,False
0.06504394114017487,0.3117171654533657,False
-0.041892439126968384,-0.0861706906164628,False
0.0022178441286087036,0.1094685045790587,False
0.016961224377155304,0.07533024185881854,False
0.2906322479248047,4.060910197371692,False
-0.413463830947876,1.158074707046202,False
-0.05274003744125366,0.28857837085401794,False
-0.5060586929321289,2.1801407382695754,False
-0.039022982120513916,0.1988326758146286,False
-0.5063419342041016,0.11599352533447571,False
-0.42125165462493896,0.5677719801032712,False
-0.10306310653686523,0.03903635972482039,False
-0.16784512996673584,0.3669805556665692,False
-0.4568965435028076,1.2494815982494443,False
0.06233549118041992,0.7060245220145229,False
-0.32544898986816406,1.0374308857480543,False
-0.07910275459289551,1.1714718900173147,False
-0.16613197326660156,0.21356285172552383,False
-0.0008342850487679243,0.0,False
-0.017537832260131836,0.028099110373964294,False
-0.1434987634420395,0.05057318036574725,False
-0.03741025924682617,2.396315658350086,False
-0.29300856590270996,1.4906901698510608,False
-0.00849890522658825,-0.006204784397455041,False
-0.24756264686584473,-0.31414598564873536,False
-0.04884302616119385,0.4308691797327129,False
-0.19686198234558105,0.5779656125442182,False
-0.20163798332214355,1.0007756109619774,False
0.001390179619193077,0.0,False
-0.33522236347198486,-0.478893668061551,False
-0.9240093231201172,0.7233059913100426,False
-0.5374103784561157,0.5997879051610603,False
-0.2274317741394043,2.9253957573107763,False
-0.11902755498886108,0.12007396475700294,False
-0.6288111209869385,0.9941025393173475,False
0.3284045457839966,1.5904483090580461,False
-0.5715463161468506,1.7616578309861426,False
0.009233863092958927,0.0,False
0.04957062005996704,0.39682478547366595,False
0.03588607907295227,0.014796891694156877,False
-0.14178085327148438,0.8856967013059246,False
-0.6411182880401611,0.6754220550384556,False
-0.44869470596313477,1.5331301538306192,False
-0.06256425380706787,0.00942666216678753,False
-0.15244418382644653,0.40865804513480286,False
-0.4136807918548584,-0.38558749363969813,False
-0.004682192578911781,0.00017594301607459784,False
-0.002842617454007268,0.0,False
0.08158871531486511,0.08737491301419803,False
0.1440604329109192,0.6314224929849434,False
-0.00693117082118988,0.12585132312612307,False
-0.06191825866699219,1.1023878311338209,False
-0.0019947614055126905,0.0011677172733470798,False
-0.09627032279968262,0.48541854061462286,False
0.08309364318847656,2.8572590270413896,False
0.11503028869628906,1.7420055096969704,False
-0.4578437805175781,2.4171712090727295,False
-0.04656463861465454,0.0004797782112802018,False
-0.24664247035980225,-0.07245634427448155,False
-0.018351145088672638,-0.017641604774046516,False
-0.0018142957706004381,0.0,False
-0.3216719627380371,1.0785524612273787,False
-0.10859577357769012,0.004183057145509955,False
0.21318435668945312,1.2377062988136696,False
-0.005819710437208414,0.0004833885468542576,False
0.0,0.0,False
-0.040023088455200195,0.2387299220756164,False
-0.06172068044543266,-0.03517444029931242,False
-0.08324271440505981,0.17158840233428346,False
-0.08727529644966125,0.08823540390503284,False
0.07830909639596939,0.1759947888622257,False
0.10289855301380157,0.18096706060782852,False
-0.2363930344581604,0.16832288399773357,False
-0.012640140950679779,-0.00736947608976187,False
-0.008706429973244667,0.000245560280745849,False
0.0,0.0,False
-0.003931403625756502,1.7762078641681e-05,False
-0.11398011445999146,0.7131219302461613,False
-0.011430804617702961,0.0,False
-0.001964157447218895,0.0,False
-0.04159459471702576,0.20978756984442581,False
0.07137329876422882,-0.07416863321212808,False
0.015339918434619904,0.0620138741292747,False
0.0,0.0,False
-0.00046281516551971436,0.09855826590902286,False
-0.10999351739883423,-0.0031390995182041695,False
-0.2712929844856262,0.17336724240941986,False
0.18087777495384216,0.2633571314602164,False
0.011032093316316605,0.012308280915021896,False
-0.005749842617660761,0.0,False
-0.012588389217853546,-0.006939325517081906,False
-0.20889142155647278,0.3011484316299807,False
-0.272632360458374,1.1617650118099156,False
-0.005389422178268433,-0.11856272008231344,False
-0.010588198900222778,0.07828282143522511,False
0.037236347794532776,-0.04262397221996134,False
0.019826292991638184,0.4110250855566338,False
0.17227566242218018,0.2948499110665468,False
0.008481323719024658,0.0929015442225635,False
-0.05689278990030289,-0.011892086161240573,False
-0.021516425535082817,-0.00689237308258896,False
-0.15913718938827515,-0.02216636044234993,False
0.0,0.0,False
0.05540850758552551,0.19511925413213688,False
-0.11584174633026123,0.9411999767384543,False
0.0202062726020813,0.21337256920737552,False
-0.023887556046247482,0.013161622769976298,False
0.019647978246212006,-0.01909944475126414,False
-0.12361925840377808,0.25235623286532693,False
-0.005719880107790232,0.0,False
-0.053533852100372314,0.07497149697290302,False
-1.3365267515182495,0.23618149113274917,False
-0.30480432510375977,-0.08450020547083245,False
-0.3412022590637207,0.477525238318971,False
-0.11018097400665283,0.5766050840608599,False
-0.03897485136985779,0.028717187636842084,False
0.15280073881149292,0.4376563484011027,False
0.031901538372039795,0.36344000770793894,False
-0.11824941635131836,0.33821645233354053,False
-0.16108360886573792,0.22378308747695572,False
-0.00956700462847948,-0.004175047258643358,False
0.0,0.0,False
-0.0034448765218257904,0.0004130484303459525,False
0.011226911097764969,-0.0199070780061236,False
0.03771231696009636,-0.009416638157437894,False
-0.0012477636337280273,0.0948025861885638,False
-0.1492297649383545,0.49241522772782975,False
-0.3339305520057678,0.19699144598089904,False
-0.11019062995910645,0.8540414036094751,False
0.05166059732437134,0.3819079292374072,False
-0.04759509116411209,0.09587165137198289,False
0.09304910898208618,0.3196016114493557,False
-1.2362475395202637,1.8225292993171838,False
-0.6365717649459839,0.48706180782931896,False
0.08381730318069458,0.343988600771476,False
0.06077563762664795,0.48159888642099724,False
-0.006381011568009853,-0.011840872870216295,False
-0.10043734312057495,-0.016286857864945437,False
-0.032050132751464844,0.6014996037939493,False
-0.054293595254421234,0.010997454672239768,False
0.0,0.0,False
-0.14616389572620392,0.19050877331874244,False
-0.003827356733381748,0.043128445744514465,False
-0.024020493030548096,-0.05515267129661451,False
-0.029571207240223885,-0.007452543853558644,False
-0.4932725429534912,1.2853765405071766,False
-0.01765689253807068,0.027138058991474645,False
-0.1838703453540802,0.5549773666733319,False
0.02555704116821289,2.911453609439045,False
-0.02988487482070923,0.0498269850147197,False
0.050570081919431686,-0.006222573236146275,False
0.26699918508529663,1.2068614386561771,False
0.2996138334274292,0.7195959800171562,False
-0.8891609907150269,0.87528711584277,False
0.06708842515945435,0.14516592200496195,False
-0.12679868936538696,0.5139683117171663,False
-0.019694212824106216,-0.012843687341023629,False
0.0,0.0,False
-0.008343198336660862,0.00019151211017742753,False
0.03287136182188988,-0.03939878026484627,False
0.02245315909385681,0.2714776298486673,False
-0.044081442058086395,0.023221905473261688,False
-0.26122939586639404,-0.05297175619976602,False
-0.07733327150344849,0.021138809623865884,False
-0.013444870710372925,0.08597439098194443,False
0.025395601987838745,0.45279138912888256,False
0.13140419125556946,0.2673314444880537,False
0.018420204520225525,0.2333664491671843,False
0.0013532191514968872,2.17634533328237e-05,False
-0.09889452159404755,0.14230640204498413,False
-0.10204517841339111,0.4045290157565756,False
-0.5147631168365479,0.8253813301945678,False
-0.10969507694244385,0.39045666189417383,False
-0.2080664336681366,-0.16354696997736762,False
-0.11576932668685913,0.14375378028822533,False
-0.15303337574005127,0.10631290569076896,False
0.008102670311927795,0.08582368493080139,False
-0.1173391342163086,0.3074579285535939,False
-0.01159687526524067,-0.011862924917542528,False
-0.08136245608329773,0.4741917398069821,False
0.01576000452041626,0.008699515105953994,False
-0.008489217609167099,0.0,False
-0.04678350314497948,0.015448700804363218,False
-0.0029138335958123207,-0.006591994358674046,False
-0.03397056460380554,0.17738220718220482,False
0.06884820759296417,0.2527285977681466,False
-0.14812278747558594,0.5607248163815789,False
-0.14123791456222534,0.23852473298051866,False
-0.19188863039016724,0.11363147732081531,False
0.14917618036270142,0.964776621174716,False
-0.25049889087677,0.742327463676087,False
-0.009143901988863945,0.00116115587297827,False
-0.17073196172714233,0.06921513517796724,False
-0.005410432815551758,0.8036741524436153,False
0.04529479146003723,0.014180972455176584,False
-0.018050402402877808,0.13345444403430898,False
-0.011817355640232563,-0.014276500931437017,False
-0.03030000440776348,0.009097698144614697,False
-0.11401686072349548,0.13947724972948772,False
-0.011872440576553345,0.3143375094096351,False
-0.7353053092956543,1.6284120933269937,False
-0.06086704134941101,0.47173094853496333,False
-0.3768719434738159,0.5609179859208634,False
-0.1859830617904663,-0.2915426345422437,False
-0.0036385729908943176,0.0010175961606259773,False
-0.0038293092511594296,0.0,False
-0.23379570245742798,-0.018531178831020623,False
0.00240325927734375,0.706725713375066,False
-0.03850514441728592,0.11768305053781336,False
0.012421149760484695,0.0,False
-0.03829926252365112,0.15601320741253366,False
-0.05075681209564209,0.23276806553984103,False
-0.3060181140899658,0.7502019102175889,False
-0.005627542734146118,-0.01838207623738803,False
0.14691787958145142,0.2325265165462756,False
-0.0038655726239085197,0.0,False
0.031070075929164886,0.0913035264110714,False
-0.039137937128543854,0.010920531135766135,False
-0.0010337847052142024,-0.007015485010319593,False
-0.006509672850370407,-0.00469533937405384,False
0.014581143856048584,-0.05408777577653806,False
0.19183039665222168,0.7450972670310011,False
-0.29558849334716797,0.44850445500927627,False
-0.3930201530456543,2.4131541905237794,False
-0.3780273199081421,-0.35094129910144,False
-0.03082238882780075,0.0728056909270569,False
0.14175954461097717,0.34541567309963706,False
0.1938621997833252,1.073738511783569,False
-0.013582506217062473,-0.013569913644430526,False
-0.01896645314991474,-0.02827180358364497,False
-0.07658708095550537,1.1424191332116986,False
0.06396180391311646,0.7239336557802076,False
-0.11572384834289551,0.08335980940525246,False
0.03745562583208084,-0.6757408705191792,False
-0.09427237510681152,-0.16198017079225657,False
0.129780113697052,0.09520001222601315,False
-0.1075257658958435,0.015679391116548147,False
-0.10182009637355804,-0.018874164870780696,False
0.3855708837509155,0.7058016388645738,False
-0.018503546714782715,0.5183372177233481,False
-0.06717163324356079,0.4178339855130333,False
-0.18183037638664246,0.2366476077428565,False
-0.08438984304666519,-0.3378529212852555,False
-0.10738039016723633,0.0016702321590855718,False
-0.0025354991666972637,0.0,False
0.03507978469133377,0.0,False
-0.20477956533432007,0.03282366509470486,False
0.0023525655269622803,-0.0631840719433068,False
-0.05919603258371353,-0.012778133773260529,False
0.013289093971252441,0.3865905271723813,False
-0.005984149873256683,-0.017094758515144224,False
0.08097368478775024,0.46028775259552634,False
-0.0030623823404312134,0.16743203825418607,False
-0.09922505170106888,-0.013409007710332516,False
-0.11500203609466553,0.2512621407224449,False
0.062390148639678955,0.1062961565928934,False
0.08700734376907349,0.5524561788426176,False
-0.0006358623504638672,0.0450320038285825,False
0.07230126112699509,0.12051086872816086,False
-0.19469952583312988,-0.4170370312001527,False
-0.001787487417459488,0.0,False
-0.0048320540226995945,-0.011158571753983637,False
0.07854093611240387,-0.0029809666852485678,False
-0.004950596019625664,0.0,False
0.0420982651412487,0.043893209090474575,False
0.025589896366000175,-0.07408862905381279,False
-0.02004539780318737,0.0,False
-0.04356527328491211,2.4021076181529217,False
0.04044175148010254,0.17214710962260468,False
-0.059257447719573975,-0.014966600628064791,False
0.09179669618606567,0.6055056866086422,False
-0.17873656749725342,0.49552477861751154,False
-0.20094871520996094,1.062966366662902,False
0.7842459678649902,3.1360590308965315,False
0.018013566732406616,0.22207253555886372,False
0.07651285827159882,0.22340852135273737,False
-0.11833488941192627,0.13981156174481235,False
-0.0715564489364624,0.12401775433356979,False
-0.036534037441015244,-0.01710710298651532,False
0.054361581802368164,0.17992352526996297,False
-0.08822385966777802,0.011963112736794596,False
-0.1395854651927948,0.19765408731375486,False
-0.00466223806142807,0.0,False
-0.057826876640319824,0.14771805703639984,False
-0.0009398423135280609,6.344730354612693e-05,False
0.02675788849592209,0.0,False
0.0331081785261631,-0.03435517237181684,False
-0.14022696018218994,0.9571461019639182,False
0.0179695226252079,0.020554831109940528,False
-0.13004368543624878,0.15752721473085773,False
-0.1691075563430786,0.42806313818324393,False
0.0,0.0003443159512244165,False
-0.07566919922828674,0.28965315309132167,False
0.018703924492001534,-0.02002515548441958,False
-0.001971836667507887,0.056875087320804596,False
-0.21992367506027222,0.24003989476888732,False
0.11800837516784668,1.2791165081014075,False
-0.22051644325256348,-0.5660586106661294,False
-0.0037851836532354355,-0.023216991629825875,False
0.05280831456184387,0.07066423809098514,False
-0.27990102767944336,0.26373386588766917,False
-0.03503471612930298,0.1363358754478526,False
-0.0365217849612236,-0.02821853209302773,False
-0.175136536359787,0.028871450159031697,False
0.05050598084926605,0.1352426978179476,False
-0.30358171463012695,0.1694862836705744,False
-0.07441841065883636,-0.07873829876124652,False
-0.0369163453578949,0.19423997676347896,False
0.0,0.0,False
0.01991809904575348,-0.037944731692605524,False
0.021592795848846436,0.12465520492234773,False
-0.02485126256942749,0.15678621030456236,False
-0.3662087917327881,0.12333732650454454,False
0.140193372964859,0.29720614417318103,False
-0.1392722725868225,0.05090359751302653,False
0.0021991729736328125,0.2645225403575227,False
-0.23395365476608276,0.6972044177735404,False
-0.10701461136341095,0.016336527294714465,False
-0.03173840045928955,0.8727363283771423,False
-0.035011693835258484,0.08879832919684218,False
-0.004061855375766754,0.0690619945526123,False
-0.07760417461395264,0.3943928763454257,False
-0.04316822811961174,-0.051636232122395015,False
1.044574499130249,3.131923839975891,False
-0.07331180572509766,0.10378270310043468,False
-0.13341063261032104,0.047386139799116433,False
-0.0031795650720596313,0.07214905668986547,False
-0.014741277322173119,-0.005717621797505324,False
-0.016256436705589294,0.014859301641876335,False
0.014344900846481323,0.06951846675373123,False
0.07007938623428345,0.19469433912528789,False
0.04324910789728165,0.08057618406414661,False
0.026387929916381836,1.713456327315753,False
0.03224670886993408,0.09045378453619674,False
-0.0037320852279663086,0.49644903019895564,False
-0.04270678013563156,0.026778132952097824,False
-0.0033632516860961914,0.8119433654014894,False
0.03154739737510681,0.034538302551495675,False
-0.7584517002105713,0.16308854865491562,False
-0.2558438777923584,0.7771169107927132,False
-0.006444811820983887,0.23994780518643283,False
-0.003866980317980051,0.0,False
0.09727078676223755,0.4401748171833592,False
0.033019423484802246,0.03415007165386874,False
0.10668660700321198,0.18007649347100466,False
-0.4933762550354004,0.11163615670132376,False
-0.17953455448150635,0.3884765009792366,False
-0.04857887327671051,0.015845126282667474,False
-0.5419310331344604,0.40775503980315564,False
-0.8573317527770996,-0.05390993267174271,False
-0.11663585901260376,-0.11183750690136252,False
-0.8035485744476318,0.21999888467918916,False
-0.029917240142822266,0.29944661973483794,False
-0.02838379144668579,0.08176381058229398,False
-0.00846579298377037,-0.016596897127397023,False
-0.01629069447517395,-0.0920526338136303,False
-0.0042831748723983765,-0.0026456689272760514,False
0.2094508409500122,0.7782893726322306,False
-0.35072970390319824,-0.10687813794186488,False
-0.02346198260784149,-0.07356010825955417,False
0.27942705154418945,0.5953537191142322,False
-0.027143754065036774,-0.0011755559500674726,False
-0.029424509033560753,-0.005329393898196225,False
0.01829802803695202,0.017930058244926994,False
0.03684735298156738,0.11517134062030071,False
0.024287298321723938,0.013380550567904256,False
0.2782928943634033,1.071868696460076,False
-0.039288416504859924,0.21841292192147332,False
0.02146214246749878,0.2514571419430362,False
-0.582808256149292,1.3415162773203948,False
-0.12131940573453903,0.02407241285925847,False
0.030730128288269043,0.1410681172046056,False
-0.1430453062057495,0.2495088730783829,False
-0.10591518878936768,0.18863266600847367,False
-0.04632791876792908,0.15417580970608072,False
-0.47692227363586426,1.010401532002023,False
-0.010621516965329647,0.0,False
-0.0900895893573761,0.015762900879369095,False
-0.07372498512268066,0.30094541447623746,False
0.08457034826278687,0.6817752951755853,False
0.004036975093185902,-0.008127504871909608,False
0.23797905445098877,0.38785923299064307,False
-0.03652489185333252,0.14279837234698403,False
-0.031490717083215714,0.05168589754160087,False
-0.06564640998840332,0.5355528900241775,False
0.07055222988128662,0.5021131926336044,False
-0.02196638658642769,0.011687107812169889,False
0.018598228693008423,0.18726761253298088,False
0.04174511879682541,0.179131770341556,False
0.1645422875881195,0.1263658861099519,False
0.16836482286453247,0.29917243717052183,False
-0.018290022388100624,-0.003103904226908755,False
-0.08904331922531128,0.37691880237293507,False
0.01041499525308609,0.03988535375530744,False
-0.06569870561361313,0.0004552119644358754,False
-0.004257082939147949,0.34393081011199966,False
-0.03857645392417908,0.05688516996380609,False
0.013804154470562935,0.0,False
-0.028529707342386246,-0.0038602872973107108,False
-0.013430364429950714,0.04365425556898117,False
-0.100012868642807,-0.05944874074492329,False
0.30199670791625977,2.959127906882957,False
-0.29228675365448,0.5137439678541849,False
0.14818799495697021,0.9104313348019927,False
-0.005595691502094269,-0.028418460049355866,False
0.015474259853363037,-0.03937520787796511,False
-0.03619296848773956,0.1261795026549006,False
0.018848218023777008,0.10272270556316786,False
0.10142885148525238,0.1993546382327368,False
-0.17734920978546143,0.6113520731245674,False
-0.05426505208015442,0.000977342512591295,False
0.19821655750274658,0.3012577856925471,False
0.18222999572753906,0.918830347351866,False
0.0043307095766067505,0.19834902958322953,False
0.004417344927787781,0.18357452420321152,False
-0.062343522906303406,0.2123147559006881,False
-0.17429828643798828,0.4894682116021816,False
-0.03779333829879761,0.7079040917158692,False
-0.0446801483631134,0.1659263686613099,False
0.045920539647340775,0.11978371441364288,False
-0.12378489971160889,0.5099338779632231,False
0.0009398646652698517,-0.0021966411829482634,False
0.03017977438867092,0.09589199488187376,False
-0.060959115624427795,0.19695654112862215,False
-0.17465531826019287,1.5588301342111817,False
0.07540616393089294,0.21341203435809464,False
0.11413450539112091,0.12992586712809748,False
0.05972576141357422,0.46519820537182327,False
-0.01914660818874836,0.00016603953554295003,False
-0.06735563278198242,0.9741138536953954,False
-0.18102627992630005,0.17358616717883465,False
-0.026830872520804405,0.0,False
-0.06563277542591095,0.1728824043622586,False
-0.007181951776146889,-0.003902382928053501,False
-0.11794054508209229,-0.001029666116430461,False
-0.003270953893661499,0.02393174357712269,False
-0.20288503170013428,0.29851520001534154,False
0.022234514355659485,0.1425219764115039,False
0.11949296295642853,0.41494543870598904,False
-0.15009400248527527,0.03569312045206985,False
-0.15561243891716003,0.07679062577882743,False
0.028636008501052856,-0.028509025847833457,False
0.0699998140335083,0.24324220353407458,False
-0.12556004524230957,1.2297343535284355,False
0.04139035940170288,0.1269242187268327,False
-0.0027507171034812927,-0.0020212579046985264,False
0.4839944839477539,1.7022415411688208,False
0.015688776969909668,0.0,False
-0.01137077808380127,0.0649582770660028,False
0.14881229400634766,0.10167993424895634,False
-0.0027167608495801687,0.0,False
-0.03559082746505737,0.5118234157457229,False
-0.16884759068489075,-0.08530708450914826,False
-0.012437107041478157,0.0,False
0.006654508411884308,0.0,False
0.013125240802764893,0.11950793540463123,False
0.12293410301208496,0.7266606223954512,False
0.04616907238960266,0.2518624220231796,False
0.13341346383094788,0.3611106191231843,False
0.014472931623458862,0.21681037931049535,False
0.061431318521499634,0.18606771802266053,False
-0.08286485075950623,0.4160590798268602,False
-0.037055157124996185,0.03734967046008203,False
-0.019060995429754257,-0.006619961026227229,False
-0.05293181538581848,0.19210221927250581,False
-0.18517422676086426,0.2403802027109594,False
-0.04369160532951355,0.13492863458480148,False
-0.163876473903656,0.2393039560368423,False
-0.0036631643306463957,0.022935237735509872,False
-0.000819474458694458,0.20617209601702433,False
0.0,0.0,False
-0.13591268658638,-0.01965509181055493,False
-0.0029473737813532352,0.0,False
-0.017306245863437653,-0.02185388379299801,False
0.0,0.0,False
-0.005660489667207003,0.0025470471009612083,False
0.028876107186079025,0.10249387472867966,False
0.07695482671260834,0.059929605468891395,False
-0.021689020097255707,0.03710046473966308,False
-0.3284744620323181,0.3589061845947882,False
0.0015272609889507294,-0.020208660698710523,False
-0.08770149946212769,0.4382252822511117,False
0.04133523255586624,0.17511146657826054,False
-0.017829179763793945,0.29253768416398324,False
0.02089853584766388,0.20647744274630642,False
0.030720585957169533,0.0,False
-0.004620203748345375,-0.011274735936156058,False
-0.3344271183013916,0.5255167875331711,False
-0.020351707935333252,0.43673641402467267,False
-0.3836679458618164,1.5156381740001825,False
-0.41977012157440186,1.0475553538164295,False
-0.15275539457798004,-0.13131189903965826,False
-0.03001636266708374,0.2769205329765035,False
-0.04975003004074097,0.15599460899829865,False
-0.14587590098381042,0.011520464448912693,False
-0.023503504693508148,-0.011055464509464432,False
0.0514986515045166,0.5168703697304813,False
-0.07121644914150238,-0.053183730583751296,False
0.031928807497024536,0.22709847155418056,False
-0.0038892433512955904,-0.03665443737012868,False
0.015615325421094894,-0.0032950047117474065,False
-0.006757531315088272,-0.002794171420719403,False
-0.011524428613483906,0.0,False
0.03850942850112915,0.08188995516930214,False
-0.2204030156135559,0.625487232871879,False
-0.10001711547374725,0.25879976813816113,False
0.012996997684240341,0.0017268974334001541,False
0.02784564718604088,0.005199510604143143,False
-0.11122298240661621,0.11517061171828308,False
-0.00932072289288044,0.0,False
0.10944691300392151,0.2608832877563316,False
0.024089574813842773,0.31803826585357337,False
0.07797418534755707,0.06922604271544414,False
0.033175766468048096,0.43421130608832065,False
-0.0009228289127349854,0.008539832197129726,False
-0.11823612451553345,-0.27454165511805095,False
-0.11947262287139893,0.7308517513243405,False
-0.02438858151435852,-0.008058750871630153,False
-0.16928525269031525,-0.16286967706105657,False
0.029203660786151886,0.00031563761876896024,False
-0.30003973841667175,-0.2531219932366333,False
-0.08273494243621826,-0.03649190630530166,False
-0.0028738793917000294,-0.005755748251254604,False
-0.05314400792121887,0.16369015795399117,False
0.04496394097805023,0.044130178265287597,False
-0.0654875785112381,-0.022067815115227513,False
0.05671611428260803,0.22466834979066164,False
-0.01444680243730545,0.044648513197898865,False
-0.19980907440185547,0.4351216231138515,False
-0.004701967351138592,0.0,False
-0.0009484195034019649,0.0,False
0.050591468811035156,0.07052679861881912,False
-0.0023135803639888763,0.0008470620377920568,False
0.0884905457496643,0.7813441321505312,False
0.28472256660461426,1.379871382985812,False
-0.25487685203552246,0.5975549865140138,False
-0.032279156148433685,0.06944726080857078,False
-0.11351799964904785,0.057519100284476876,False
0.4712395668029785,1.372823271892376,False
-0.1063181459903717,-0.06142582640539568,False
-0.02324560284614563,0.0,False
0.01109534315764904,-0.002009177407403573,False
0.010893449187278748,9.941583266481757e-05,False
0.1404428482055664,1.2035261683214706,False
-0.20545989274978638,0.46334987269577266,False
-0.1085224598646164,0.006516264273427219,False
-0.16521650552749634,0.18481343081889445,False
-0.001917430548928678,0.0,False
-0.02540963888168335,0.33365314257658296,False
-0.10353375971317291,0.00938871768481786,False
0.12021857500076294,0.589699942363703,False
0.047678142786026,0.14560551726616064,False
-0.006762862205505371,0.5771561615883162,False
0.0801725685596466,0.503610293275142,False
-0.09825384616851807,0.46747161413405464,False
0.01023508608341217,0.0392025471995805,False
-0.05793827772140503,0.042200036781943805,False
0.0013199523091316223,0.018597921621414944,False
0.44483697414398193,0.9482548104769521,False
-0.002903662621974945,0.0,False
0.015370458364486694,0.14528377195813513,False
0.011363547295331955,0.14037750752334588,False
0.0006005167961120605,0.6032334032043248,False
-0.028208181262016296,0.22819850110758494,False
-0.3229697048664093,-0.050183250913743996,False
-0.054210662841796875,0.12916952580577923,False
-0.017410069704055786,0.2215673909940219,False
-0.025272145867347717,-0.0013731761186551834,False
0.024663615971803665,0.0,False
0.12248504161834717,0.34015691217531524,False
-0.4182443618774414,0.13061618824286125,False
-0.02249486744403839,-0.05106935717576952,False
0.05307573080062866,0.21250236412620396,False
-0.13868358731269836,-0.12406655552766577,False
-0.32228147983551025,0.4762230544190721,False
-0.04795636609196663,-0.09707046398380295,False
0.055455952882766724,0.6290002239102089,False
0.00184733048081398,0.0,False
-0.29273033142089844,1.4922157768142248,False
-0.005800725892186165,-0.008767904292305674,False
-0.009445514529943466,0.0,False
0.026672903448343277,-0.04622441248549937,False
-0.07610571384429932,0.5772817994368312,False
0.024037688970565796,0.1488049314337926,False
-0.1424405574798584,0.21488700119531276,False
0.24087762832641602,1.6975240600366654,False
-0.058951616287231445,0.22787725598980926,False
-0.0817793607711792,0.20144609826971194,False
-0.009628663770854473,-0.0036391448572103044,False
-0.13376939296722412,0.6711095729966239,False
-0.04216541349887848,-0.003308790185621054,False
0.10650297999382019,0.10315098898383723,False
-0.05040848255157471,-0.06217086691119063,False
-0.001954990206286311,0.0,False
-0.3210463523864746,0.22242305486633102,False
-0.002301465719938278,0.0,False
0.0016793124377727509,-0.10688144212523762,False
0.023248985409736633,0.17890172809406743,False
0.0214303620159626,0.16006208066811176,False
0.008050184696912766,0.0,False
0.02770930528640747,0.07242342477630709,False
-0.01387324184179306,0.08395722689642357,False
-0.03368280082941055,0.016344863921403885,False
-0.31982243061065674,1.1193503948907664,False
-0.012172358110547066,0.03324010595679283,False
-0.03952324390411377,0.00671739849300948,False
-0.0008726119995117188,0.5057697595377351,False
0.02224355936050415,0.4452772682406022,False
0.07006406784057617,0.8555529847582733,False
-0.22561949491500854,-0.011580916478354242,False
-0.008154690265655518,0.6982611736346613,False
0.007723182439804077,0.3506235641439714,False
0.031368792057037354,0.3417767191285731,False
-0.025435686111450195,0.1538523165351085,False
0.05449435114860535,0.0011508388984874662,False
0.12868636846542358,0.3598278235664245,False
0.002964407205581665,0.09472131298822178,False
-0.07929286360740662,0.0021039259700765603,False
-0.18178796768188477,1.1523685676205013,False
0.08565086126327515,0.5576594650448334,False
0.057445526123046875,0.7143543220082674,False
-0.644044816493988,0.2426420798256651,False
0.012371957302093506,0.002622785745188594,False
0.006009350530803204,-0.006099604916108189,False
-0.29930728673934937,0.10523107332223713,False
0.1771509051322937,0.4927557143330965,False
-0.026383578777313232,0.17517555667980178,False
-0.1508575975894928,-0.15283221435295233,False
-0.03689289093017578,0.7493843064294674,False
0.00234416127204895,-0.012938653190266103,False
-0.004854053258895874,0.11966725595774866,False
-0.005651047918945551,-0.02387777156537145,False
-0.033576082438230515,-0.01592945770847679,False
-0.032246556133031845,-0.018020617158531944,False
0.05105715990066528,0.21316692936853937,False
0.06303179264068604,0.17530837596809534,False
0.13267624378204346,0.6911325735118737,False
-0.023648887872695923,-0.08061348165406049,False
-0.008355187252163887,-0.005796851760415168,False
-0.013160794973373413,0.005676273815389359,False
-0.008957639336585999,0.03731172709219628,False
-0.0028700658585876226,-0.003166355486574158,False
-0.06884358823299408,0.23342466877826176,False
0.018712125718593597,-0.0013787082650759848,False
0.08637687563896179,0.253201842497669,False
-0.35833048820495605,0.8111261380967955,False
0.03943943977355957,0.804980388498741,False
0.05603185296058655,0.33411442105881717,False
-0.6428432464599609,1.5210397454023967,False
-0.006568238604813814,-0.012812011737336051,False
0.01793728768825531,0.17933063144977462,False
-0.012531266547739506,-0.007783054377936253,False
-0.0006319116801023483,-0.0011114426112824578,False
-0.17931264638900757,-0.03291506530459739,False
0.00198335200548172,6.774689973099157e-05,False
-0.006634453311562538,0.0001308795326622203,False
0.017295826226472855,-0.011594655671071978,False
0.01263243705034256,-0.006327456412543236,False
-0.002602783963084221,0.0003369515761733055,False
0.08937442302703857,1.0095224835371546,False
-0.016437411308288574,0.3195205601537294,False
-0.3105010688304901,0.27641885880287514,False
-0.03530644625425339,1.3494115592038725e-05,False
-0.020036060363054276,-0.009018710193183281,False
0.0103793079033494,0.0,False
0.04819042235612869,0.05579817187061066,False
0.07900573313236237,0.14467837067262973,False
0.0630495548248291,0.3762213196273915,False
-0.08007650822401047,-0.028587112531351506,False
-0.19798272848129272,0.24801949955921,False
0.0355989933013916,0.6052451347293758,False
-0.07851001620292664,0.34081386020321164,False
-0.043793320655822754,0.2509565767369275,False
-0.010002613067626953,3.2076246864690168,False
0.0836418867111206,0.5449329121092347,False
-0.16049408912658691,2.8976160991855595,False
-0.5163626670837402,2.2280958580098265,False
-0.005697556771337986,0.0,False
0.06331279873847961,0.06299006893207616,False
-0.0018928287317976356,-0.010605090847397873,False
-0.2814176082611084,0.0308963983319398,False
0.19918441772460938,0.6752906309427003,False
-0.03547711670398712,0.04458115030842452,False
-0.02675623632967472,0.03696420416235924,False
-0.013231080956757069,0.0,False
-0.09564312547445297,-0.11108283970754568,False
-0.3674497604370117,1.3413804900676913,False
0.14952614903450012,0.0974448900111235,False
0.07180961966514587,0.20127512902482037,False
0.044995665550231934,0.1404302622592542,False
0.06601220369338989,0.4907015821240487,False
-0.07076692581176758,0.9925050944295053,False
-0.2283649444580078,0.5192059131676432,False
0.05060964822769165,0.07077415826659939,False
-0.25469231605529785,0.8144921273498729,False
-0.03561365604400635,0.44775470287491903,False
-0.007794104516506195,0.0,False
0.1700810194015503,0.26950992984776745,False
-0.053354352712631226,-0.036812879246792884,False
-0.18224775791168213,0.9728079430314551,False
0.22294503450393677,0.534754419934927,False
-0.035505279898643494,0.23982478589434836,False
-0.07909935712814331,0.003506732797233854,False
-0.04537481069564819,0.007968959423828484,False
-0.21469777822494507,0.5895524140151629,False
0.002556145191192627,0.18755042299449304,False
-0.0072064995765686035,0.756278746940035,False
-0.1931847333908081,0.193232612519027,False
0.09971696138381958,0.47908474662173317,False
0.012009117752313614,0.0,False
0.0907573401927948,0.19240799626421237,False
0.09064942598342896,0.4007576258336206,False
0.014887884259223938,0.0013058888383384684,False
0.2065064013004303,0.4450488266207624,False
-0.12740272283554077,0.713778942967557,False
0.021362341940402985,0.0,False
-0.6756144762039185,0.06350512768254568,False
-0.19967979192733765,0.2275291293720981,False
0.06108081340789795,1.0843641790286795,False
-0.03750419616699219,0.06794316484044133,False
0.24361702799797058,0.317967425642135,False
-0.043874070048332214,0.04273850856800254,False
-0.16629013419151306,0.15109353895898686,False
-0.0018396168015897274,0.0,False
-0.04142219200730324,0.010580828413367271,False
0.18088722229003906,1.0199864395524907,False
-0.02679932862520218,0.08788545184710239,False
-0.08817774057388306,0.19623306441678534,False
-0.11455857753753662,0.23505058148197916,False
-0.120999276638031,0.670970134940456,False
0.051508478820323944,0.04998557348909176,False
0.0,0.0,False
0.013564467430114746,0.6464207039495772,False
-0.011047620326280594,-0.020495902679967322,False
-0.06772387027740479,0.042485850577769185,False
-0.17481064796447754,1.17894237967096,False
-0.051198482513427734,0.620015838172808,False
-0.018713191151618958,3.826165630016476e-05,False
0.013229653239250183,0.2479865172911631,False
-0.0038656548131257296,-0.0030834294301998184,False
-0.2128022015094757,-0.07298694196682178,False
-0.04051673412322998,0.159502771432153,False
0.0,0.0,False
0.004403546452522278,0.10313993294444664,False
-0.15706193447113037,1.1196033582303206,False
0.03383180499076843,0.10660636382829203,False
0.02788645029067993,0.38069950164725236,False
0.13103637099266052,0.6623433992681524,False
-0.02094503864645958,-0.02678248529436248,False
-0.052022337913513184,-0.018145075839446898,False
0.17646944522857666,0.7570077642769062,False
-0.23086190223693848,0.8604566773864843,False
-0.06186544895172119,0.20245792919715966,False
0.22776508331298828,0.41130694736108625,False
-0.007322721183300018,9.678499918663874e-05,False
-0.15141689777374268,0.22202997511192885,False
0.024873362854123116,0.05862590496578283,False
-0.027070654556155205,0.0038725044578313828,False
-0.3862820267677307,-0.041646188989719723,False
-0.07560896873474121,-0.08307475546653796,False
0.05130033567547798,0.1796206831932068,False
-0.05955493077635765,0.06249968707561493,False
0.0069247037172317505,0.10873350774068831,False
-0.1974937915802002,0.5253468286073806,False
0.0435604453086853,0.3713533773694805,False
0.00655597448348999,0.2755713807370038,False
-0.004265855997800827,0.03183365240693092,False
-0.03490513563156128,0.5254034372738753,False
-0.0020491797477006912,0.0,False
0.024558380246162415,-0.043134584567342676,False
0.10001260042190552,0.29557894108738797,False
0.10029028356075287,0.23470275761182657,False
-0.015271835029125214,-0.09078783799973968,False
-0.011297941207885742,0.25261736990600225,False
0.02709183096885681,0.11627947819573592,False
0.0613982230424881,0.15759117424775404,False
-0.004106104373931885,0.1387081062920264,False
0.11277846246957779,0.1414974035640955,False
-0.019101113080978394,0.1596881451499502,False
-0.040762752294540405,0.16325208991245102,False
0.004891424439847469,-0.009711215467304211,False
0.02212514542043209,0.1322319811026234,False
-0.019130706787109375,0.26207887218686926,False
0.1824411153793335,0.5078852147008123,False
-0.18300312757492065,0.40990627676839053,False
-0.012630924582481384,-0.011397416759435723,False
-0.12095177173614502,0.6218332627535303,False
0.1465468406677246,0.31147939174225797,False
-0.060172438621520996,0.13466808238590477,False
-0.06451445817947388,0.5305627184715623,False
-0.012331479229032993,0.0,False
-0.09790602326393127,0.29250319357109744,False
-0.09843266010284424,0.9595727407362495,False
-0.015085406601428986,0.0006734832863516671,False
-0.002762819640338421,0.0,False
0.08588558435440063,0.3826479765052079,False
-0.2534748315811157,0.41460929471115165,False
-0.09060461819171906,-0.0007019367558123539,False
-0.3353877067565918,1.001431952842131,False
0.0026404475793242455,-0.009612646318480331,False
-0.002841516397893429,-0.0068313593146841125,False
-0.057871319353580475,0.07177495123208846,False
-0.00196957029402256,-0.026351180943899793,False
-0.001238163560628891,-0.005925799194378604,False
0.04615890979766846,0.12864083737767945,False
0.03929014876484871,0.0,False
-0.000890534371137619,0.01504336114147951,False
-0.10487532615661621,0.3807968955070148,False
0.2757387161254883,1.200518026003256,False
0.0021109841763973236,0.0,False
0.04678046703338623,0.38241538001350206,False
-0.10233378410339355,0.375953447101938,False
0.004056625068187714,0.024479507596537643,False
-0.15603041648864746,0.24982655335534296,False
0.01791781187057495,-0.04559611029219415,False
-0.008732265792787075,1.3987984857521951e-05,False
-0.009236019104719162,0.0016269702464342117,False
-0.0009923162870109081,0.0,False
-0.0786435604095459,0.967984268712949,False
-0.11800432205200195,3.1779195771085353,False
-0.202367901802063,0.16914902619178052,False
-0.05771900713443756,0.1894968548655833,False
-0.27602556347846985,0.14013247250195038,False
-0.16658610105514526,0.2959854597179966,False
-0.0016588866710662842,0.0,False
-0.14659011363983154,-0.008574545744093387,False
0.0,0.0,False
0.01454224530607462,-0.009180675418970472,False
-0.003019005060195923,0.07805431835714638,False
-0.0017570406198501587,0.12673289643886043,False
0.003316447138786316,0.11566384882790717,False
0.029896363615989685,-0.027579425895961518,False
0.2048102617263794,0.767746001623075,False
0.27098342776298523,0.7843372400417995,False
0.15072810649871826,0.46059851117316425,False
0.02257702499628067,0.006282415659318341,False
0.018855489790439606,0.048641137778759,False
-0.010702859610319138,0.0,False
-0.012583710253238678,-0.0030431833716736446,False
-0.9288084506988525,1.1272651846181156,False
0.14157414436340332,0.26548520466720066,False
-0.012410787865519524,0.00019669377070385963,False
-0.0009586275555193424,0.0,False
-0.002908926224336028,3.5474291507853195e-05,False
-0.0019662859849631786,0.0,False
0.004025038331747055,0.12387945995960858,False
0.0,0.0,False
-0.00974801555275917,-0.005964865482239248,False
-0.8083415031433105,1.6582310512666047,False
-0.031764447689056396,0.45287665578382186,False
0.044829949736595154,0.13209707224302036,False
-0.1351335644721985,0.06150146424272686,False
-0.04924386739730835,-0.06005090297934923,False
-0.11531788110733032,0.2242942410999677,False
-0.05841308832168579,0.27056521156767094,False
0.014572147279977798,-0.017954786198772207,False
-0.09955710172653198,0.13144215799547485,False
0.019950270652770996,0.25446380600504326,False
-0.1326938271522522,0.36779281136485575,False
0.2418007254600525,0.9497105081774202,False
0.006889067590236664,0.1609784745574581,False
0.1663191020488739,0.4279150628935561,False
-0.015355299226939678,-0.01333526155397762,False
0.010704193264245987,0.01940660458263435,False
0.0007939450442790985,0.006693840089067399,False
0.06307011842727661,0.664443734929351,False
-0.0053067803382873535,0.35905340915389783,False
-0.003925029654055834,-0.011330561762100698,False
-0.002386927604675293,0.1485289765532971,False
-0.034706421196460724,-0.014757154969777319,False
-0.07556599378585815,0.09746086777606011,False
0.21762026846408844,0.44695496276117935,False
0.0039415061473846436,0.0870306001333344,False
0.03562463819980621,0.12441456414880843,False
-0.17445100843906403,0.14129478490726186,False
-0.251636803150177,0.31168679029000823,False
0.003612019121646881,6.158735050121322e-05,False
-0.06416261196136475,0.9993165602144836,False
-0.0036076849792152643,0.0,False
-0.26138368248939514,0.29205594430166204,False
-0.001864338293671608,0.0,False
-0.011477053165435791,0.13922656102649655,False
-0.0009493718971498311,0.0,False
-0.029646391049027443,0.0035569113679230213,False
-0.07523970305919647,0.004693702794611454,False
0.12504994869232178,1.2039296277871923,False
-0.030849456787109375,0.7193150349173492,False
0.031591542065143585,0.01294938035568594,False
0.010789190419018269,1.1875908967340365e-05,False
0.02585638500750065,-0.006973874207772072,False
-0.018219808116555214,0.0,False
-0.664891242980957,2.817780890207975,True
0.08521467447280884,0.08517197952301911,False
-0.4194021224975586,3.422573204837194,True
-0.029445458203554153,-0.011745540078560724,False
-0.0009777051163837314,0.0,False
0.008945487439632416,0.00026338922907598317,False
-0.05393214151263237,0.015184922772473353,False
0.04772655665874481,0.07820411348792308,False
-0.004720866680145264,0.2809072185882227,False
0.0011726319789886475,0.1738614070869896,False
-0.21080994606018066,0.2830493376136716,False
0.034888625144958496,0.40979221058823817,False
-0.2366524338722229,0.12462965656111974,False
-0.048253655433654785,0.9936734841032516,False
-0.1397068053483963,-0.08259923518135961,False
0.0023733824491500854,0.14324924214942658,False
-0.02864857017993927,0.05890445038676262,False
-0.06556475162506104,0.5575486569139123,False
-0.0056104641407728195,0.0,False
-0.7546331882476807,0.8482096902983511,False
-0.05568893253803253,0.030876119004379213,False
-0.27824920415878296,0.4255069781465775,False
0.0,-0.003015112275248861,False
-0.13174228370189667,-0.015159569457288245,False
-0.08331789821386337,-0.038221943068231956,False
0.0,0.0,False
-0.021557938307523727,0.0,False
0.03724757954478264,-0.01139098899708356,False
-0.006201483309268951,0.04343929674625597,False
-0.016990551725029945,0.006878106389194727,False
0.11730881035327911,0.37065161738316976,False
-0.23396742343902588,0.3483199208862682,False
0.03095519356429577,0.0018237147014588118,False
-0.25997164845466614,-0.03637392253409827,False
-0.046878814697265625,1.0810442642743605,False
-0.2199486494064331,0.2917455327476698,False
-0.00096864317310974,3.2883250241866335e-05,False
-0.15242892503738403,0.14221258254693087,False
-0.15135426819324493,-0.18187807341349957,False
-0.0009270917507819831,3.296911017969251e-05,False
-0.08577101677656174,0.08614363568282445,False
-0.7580205202102661,0.5612797360699974,False
-0.03312009572982788,0.5556709943285891,False
0.0,0.0,False
-0.07391601800918579,-0.02490112561343781,False
-0.3811655640602112,0.8877856310751121,False
-0.0029596658423542976,0.0,False
0.02381335385143757,0.05849950388073921,False
0.02661047875881195,0.0021596127189695835,False
0.0017816945910453796,0.0,False
-0.22104763984680176,0.16511049599606364,False
-0.38930821418762207,-0.01725021806920668,False
-0.09055763483047485,0.5955331888651233,False
0.060925260186195374,0.1178116574883461,False
0.03835389018058777,0.1195703074336052,False
-0.22100219130516052,-0.05720676686312978,False
0.016390878707170486,-0.02469130304095142,False
0.15538033843040466,0.32628760287756475,False
-0.015886927023530006,0.001814847462810576,False
0.05144709348678589,0.7553550741069439,False
-0.018991930410265923,-0.008953450527772511,False
0.004031049087643623,0.005875053349882364,False
-0.0020657796412706375,0.0,False
0.015487296506762505,0.023540377530407233,False
-0.005806783679872751,0.0,False
-0.0163861270993948,-0.017103321357322624,False
-0.18847334384918213,0.003942093202254082,False
0.05996200442314148,0.15790292676047565,False
-0.0098075270652771,0.06565218089504227,False
-0.00450289249420166,0.06419770891077173,False
0.03712183237075806,0.05606634648007047,False
0.20297765731811523,1.0423435146419746,False
-0.3723025918006897,0.08534254475936923,False
-0.006648288574069738,0.0,False
-0.004637571983039379,0.0,False
0.008519254624843597,0.0,False
-0.006711156107485294,0.000912141113076359,False
-0.11478406190872192,0.057641434359317456,False
-0.057103484869003296,0.05749251995418457,False
-0.05683229863643646,0.05545399105890894,False
0.04499354958534241,0.40765025030407537,False
0.06009378656744957,0.04891035426899253,False
-0.0035956352949142456,0.06497656913223837,False
0.0034432020038366318,0.0,False
-0.018793344497680664,0.08651582456997983,False
0.415651798248291,1.8482064867486607,False
-0.2585585117340088,0.18237042080511878,False
-0.005201369524002075,0.14689318897447953,False
-0.056963205337524414,0.06451556581228535,False
0.05005467310547829,0.05500175454606683,False
-0.23862749338150024,0.3509553639725711,False
0.2641744613647461,3.907378446124475,False
-0.05080718547105789,-0.011630082130260084,False
-0.37530601024627686,0.7185467684420739,False
-0.032916828989982605,0.019986505621488702,False
0.00602450966835022,-0.0013469988825098459,False
-0.0054520368576049805,0.8730093148784203,False
-0.06778107583522797,0.13250031412855892,False
0.02322891354560852,-0.03497130087738019,False
-0.10560643672943115,0.21888156229610464,False
0.08380401134490967,0.21370343495739047,False
-0.03619956970214844,0.637839884344079,False
-0.1569417119026184,0.40553979258902545,False
0.0712043046951294,0.3164872288393069,False
-0.03166148066520691,-0.076640521321203,False
-0.027010202407836914,0.14547377011792537,False
-0.07540002465248108,0.2624201749151036,False
-0.08777034282684326,0.03854966385465658,False
-0.14273202419281006,0.42970887727924834,False
0.004599262028932571,0.0,False
-0.3488360643386841,0.15898945359072814,False
-0.2118319571018219,0.03944276545214981,False
-0.03327767550945282,0.20997139533061965,False
-0.05392789840698242,0.2806880539968175,False
-0.03178773820400238,0.040238798939093254,False
-0.02290564775466919,0.3273463964470538,False
0.02292461134493351,0.0019774038810282946,False
-0.035339921712875366,0.05383928741510055,False
-0.009737679734826088,-0.06329574741559607,False
-0.03537231683731079,0.6491992784934578,False
-0.14834052324295044,0.5112229781288726,False
0.011624054983258247,0.011189817450940609,False
0.05192891135811806,0.10411364250438436,False
0.0030226893723011017,0.0,False
0.05958790332078934,0.10368203391367052,False
-0.022781535983085632,0.006828845012933016,False
-0.20791995525360107,0.15882620606274342,False
0.0038156677037477493,-0.021675569495661334,False
0.10019829869270325,0.2244724725795598,False
-0.05693703889846802,0.546766438545773,False
0.011513769626617432,0.3881465351096989,False
-0.01832268387079239,-0.03338350338593022,False
-1.488908290863037,0.6512262212126991,False
-0.03330965340137482,0.0147294503970785,False
0.06265673041343689,0.12616765635961946,False
-0.0013721659779548645,0.04269909181814559,False
-1.0846948623657227,0.5772607753983761,False
-0.923791766166687,0.024805621888865037,True
-0.2673758566379547,0.1446040722501668,False
0.1436859369277954,1.0785316043048685,False
-0.0592268705368042,0.5377407723089528,False
0.03130133077502251,0.009342020944107651,False
-0.035439252853393555,0.7932607919019521,False
0.023143187165260315,0.038568508108083335,False
-0.0040604472160339355,0.22385500597389082,False
-0.0019378536380827427,-0.003073895504200986,False
0.10653257369995117,0.3541867788550004,False
0.03794693946838379,0.6021872643331033,False
0.014070466160774231,0.12147360841873384,False
0.0,0.0,False
-0.0009742146357893944,0.0,False
0.020882369950413704,-0.009358757578589465,False
-0.5035713315010071,0.09299253008168651,False
0.1904468536376953,3.926998206175427,False
0.04262852668762207,0.3370647085875494,False
0.03671565279364586,-0.13408087419798784,False
0.010779362171888351,0.015573871947658725,False
0.16160130500793457,0.5084413380201521,False
0.03217673301696777,0.5031575538881141,False
0.1604675054550171,0.7736252515802375,False
-0.012480691075325012,-0.0145234729693614,False
-0.12577390670776367,2.411580752025814,False
-0.4353833794593811,0.0036054245190692003,False
-0.17383092641830444,0.32392160934258274,False
-0.166549950838089,0.02194539700240554,False
-0.28791746497154236,-0.11340340404210009,False
-0.12279731035232544,-0.003214249738460871,False
-0.04741706699132919,-0.07388341779281864,False
-0.07214096188545227,0.19567380845546722,False
-0.6295299530029297,2.658392257756883,False
-0.040752261877059937,-0.000724403996392356,False
-0.1482493281364441,0.31324654447563044,False
-0.07595053315162659,0.17600366147831653,False
-0.13307619094848633,0.0431286370952629,False
-0.1833067536354065,-0.0997911123892393,False
-0.0076174624264240265,0.013792727607084922,False
-0.0243837833404541,-0.05847870814518305,False
-0.16159366071224213,0.050333725452379977,False
-0.5923682451248169,1.1669621608443048,False
0.058217644691467285,0.12024793237853226,False
-0.0007327906787395477,0.0752166211605072,False
-0.4610055685043335,0.46029560492168314,False
-0.025718122720718384,0.1426625428693446,False
-0.7513933181762695,1.6187999923591625,False
0.05893421173095703,1.3408850718178105,False
-0.06425647437572479,0.1534911628762623,False
-0.1108148992061615,0.12690531415767042,False
0.008781710639595985,0.0,False
-0.0092049241065979,0.16525591333061318,False
0.47120165824890137,1.42054780279466,False
-0.011736154556274414,0.712491225384617,False
-0.16052544116973877,0.4826593951743281,False
-0.11710405349731445,1.0219551491998127,False
-0.07278046756982803,-0.020038796085134987,False
-0.1995851993560791,0.40477287719116145,False
-0.0010873675346374512,0.824137292696912,False
0.04321125149726868,0.25197771599784863,False
-0.10572505742311478,0.04612304396055364,False
-0.11775016784667969,0.20429531033799903,False
0.00905345194041729,0.0,False
-0.011988960206508636,0.0028034730348736048,False
-0.009387252852320671,0.0,False
0.021957874298095703,0.03815804794430733,False
-0.012580284848809242,0.000115899762022309,False
-0.007769634015858173,0.0,False
-0.02124735713005066,5.341326868801843e-06,False
0.008281854912638664,0.0,False
-0.012368002906441689,5.070479164714925e-05,False
0.018535904586315155,0.0,False
-0.030103910714387894,0.0005765726091340184,False
-0.006999881938099861,0.01379576325416565,False
-0.0046137128956615925,0.0,False
0.011845724657177925,0.0,False
-0.01745903305709362,0.0,False
0.007950443774461746,0.0,False
0.023913022130727768,0.0,False
-0.0076599763706326485,0.0,False
-0.00997459888458252,0.0556800402700901,False
-0.008049249649047852,0.00011684349010465667,False
-0.009017850272357464,4.043869921588339e-05,False
-0.016763459891080856,0.0,False
0.026262927800416946,0.0,False
-0.004865787457674742,0.0,False
-0.00574517622590065,0.00114718999247998,False
-0.03842628747224808,0.0,False
0.029475215822458267,0.0,False
-0.008260566741228104,0.0,False
-0.020367782562971115,0.009983663447201252,False
-0.006691646762192249,3.80014389520511e-05,False
0.005319878458976746,0.06621392071247101,False
-0.016436254605650902,0.004093016963452101,False
-0.004227153956890106,-0.0041865842663265105,False
0.009737972170114517,0.0,False
-0.007419716566801071,0.0,False
-0.007426009513437748,2.008363480854314e-06,False
0.01126912608742714,0.0,False
0.12577295303344727,2.4914993438165514,False
-0.5585207939147949,1.6470106720202635,False
-0.020191514864563942,-0.010168141859886348,False
-0.017517006024718285,0.0027683216612786055,False
-0.02283025160431862,0.0,False
0.005396516993641853,0.0,False
-0.0034740157425403595,0.015449324622750282,False
-0.004759137984365225,0.0,False
-0.016694171354174614,0.0,False
-0.017159000039100647,0.0048466338776052,False
-0.11116661131381989,0.01901366375386715,False
-0.008838704787194729,0.0,False
-0.0169497262686491,0.0,False
-0.0019572118762880564,0.0,False
-0.01548720896244049,0.0,False
0.006994749419391155,0.0,False
-0.007501163054257631,0.0,False
0.04935884475708008,0.0421564057469368,False
-0.014168738387525082,0.0,False
-0.005477708764374256,0.0,False
-0.013386212289333344,0.0,False
-0.02605441026389599,0.0002800367947202176,False
0.5233445167541504,2.5108565571953676,False
0.0007717162370681763,0.03153030446070708,False
0.02969338744878769,0.0,False
-0.1376538872718811,0.044204533100128174,False
-0.000926364038605243,0.0,False
-0.012374091893434525,0.00013962759112473577,False
-0.0009699958027340472,0.0,False
-0.001862505218014121,0.010858040302991867,False
-0.07062147557735443,0.23881402252412698,False
0.4262148141860962,1.6990268486173878,False
0.32410359382629395,1.8956406017689083,False
0.9383530616760254,3.3693218275524592,False
0.17987710237503052,0.5945936374590011,False
0.10296032577753067,0.3863457400526177,False
0.02063925564289093,0.21399843780880146,False
0.06884922087192535,0.0895740309741138,False
0.030295394361019135,0.04835333302617073,False
0.07863036543130875,0.20855854451656342,False
0.02250443398952484,0.22520440191797866,False
0.09542082995176315,0.19486556643909217,False
0.05423569679260254,0.9519046846709263,False
-0.04005497694015503,0.012287728006395215,False
0.02937885746359825,0.002899890849446936,False
-0.09541308879852295,-0.018828659959826688,False
0.057720065116882324,0.09447383388323484,False
0.06261634826660156,0.24724065747006346,False
-0.15423065423965454,0.6466382480668189,False
-0.17032968997955322,0.10374679112095339,False
-0.009467244148254395,0.037873052431821055,False
0.01269027590751648,0.07940351472946258,False
0.03798818960785866,0.10239929672437093,False
-0.005279754754155874,-0.0038688976287825643,False
-0.2896069288253784,-0.11287505700561964,False
-0.7914881706237793,1.0197063172360075,False
-0.006096869707107544,0.4059744404099952,False
0.05917644500732422,0.27550945143766226,False
-0.17593052983283997,-0.04042244935161084,False
-0.02115371823310852,0.1809555871509618,False
-0.016598761081695557,0.36455562515610973,False
0.035638630390167236,0.49327110591667084,False
-0.03198857605457306,-0.007121325840488517,False
0.0,0.0,False
-0.05962669104337692,-0.01566969803742259,False
0.20226699113845825,0.3820931671043186,False
-0.00670865923166275,0.0,False
0.05695845186710358,0.172696980947161,False
-0.003953536972403526,-0.010491394435636537,False
-0.0726386308670044,0.14691125280412057,False
-0.20746970176696777,0.8790689587659037,False
-0.02056557685136795,0.11991838190129006,False
0.026733756065368652,0.5762137489624294,False
0.004263401031494141,0.1333818828807826,False
-0.20784497261047363,0.21975274216514395,False
-0.009182249195873737,0.0,False
-0.006864506751298904,-0.008093382421605995,False
0.014980733394622803,0.014336349807287568,False
-0.1364937424659729,0.43848973809611325,False
-0.1608719825744629,0.36922160874104953,False
-0.11397647857666016,0.4186820110112466,False
0.0023059826344251633,-0.0038423018662532196,False
-0.09608113765716553,0.12782526883305956,False
-0.0018827235326170921,0.0,False
-0.007248224690556526,-0.08008708881777922,False
-0.01383931189775467,-0.028146118520996154,False
-0.010025694966316223,0.10114581495943398,False
0.0156802237033844,0.02288564745432599,False
-0.0035329684615135193,0.015765545889735222,False
-0.3622668981552124,-0.07217681505937046,False
0.003628651611506939,0.03065594471991062,False
0.012928880751132965,-0.01563756686288649,False
-0.012747464701533318,-0.07102424417412732,False
-0.04946976900100708,0.5166993518307221,False
0.019499119371175766,0.11807617694231468,False
0.21334439516067505,0.3408683923139216,False
-0.031345486640930176,-0.014850653714007504,False
-0.12353962659835815,0.7545448864275885,False
-0.21560603380203247,0.5206639178143226,False
0.010135555639863014,0.013069372416579662,False
0.037432968616485596,0.5310166657065565,False
-0.0057472847402095795,-0.02616960771679982,False
0.010149367153644562,0.04963842070468654,False
-0.051731519401073456,0.07252656564989114,False
0.05482974648475647,0.46286890389996066,False
0.008580446243286133,0.012898107528421826,False
0.05622902512550354,-0.0015489887489912105,False
-0.13843229413032532,0.46851620326498666,False
-0.08005380630493164,0.8794830304462584,False
-0.06853902339935303,0.38656408755795163,False
-0.14384889602661133,2.609064341397355,False
-0.011079460382461548,0.012885259209816646,False
0.06545615196228027,0.5030574640985923,False
0.009326547384262085,0.31905740077206957,False
-0.0457787811756134,0.06233573697377383,False
0.1321849673986435,0.24100014394201014,False
0.009163044393062592,0.043365507184719904,False
-0.03882783651351929,-0.02282619645042387,False
-0.04281929135322571,0.31958837741863205,False
0.07021020352840424,0.25611778875100233,False
0.01394951343536377,0.08704904617470688,False
0.05881375074386597,0.4150536122737151,False
-0.183366596698761,0.23186945865366615,False
0.1398770809173584,0.8269113698945516,False
0.038290977478027344,0.6523453615379959,False
-0.0074818069115281105,0.0,False
-0.016295013949275017,0.0,False
-0.09443458914756775,0.10178949143520227,False
-0.026979275047779083,-0.013933568291822712,False
-0.006618564482778311,-0.0017988542709748453,False
-0.0018189919646829367,0.00010621517867548391,False
0.3101094961166382,0.7859191254454074,False
-0.059886395931243896,0.19562876676114146,False
-0.1259787678718567,0.12003515653918093,False
-0.00765644945204258,0.11944479495286942,False
-0.18118327856063843,-0.017596830068260072,False
0.0,0.0,False
0.029694169759750366,0.22872026937321155,False
-0.009917572140693665,0.05594391863935659,False
-0.05672447383403778,0.08583883481647721,False
-0.00393723975867033,0.0,False
-0.0004391670227050781,0.24392051601796738,False
0.1523303985595703,0.270951879852644,False
0.12502795457839966,0.442138354689059,False
0.035198844969272614,0.1134926804884363,False
0.05339899659156799,0.2647334144316963,False
-0.20071792602539062,-1.1728730707600086,False
-0.19195759296417236,0.0074773532767886675,False
-0.02053523063659668,0.3120297670592361,False
-0.0023593902587890625,-0.012994415932553405,False
0.20381039381027222,0.6907363577239217,False
-0.47107064723968506,-0.017027936896186424,False
-0.12088504433631897,0.286196117183129,False
-0.0951606035232544,0.7138603583602713,False
0.08325380086898804,0.5031941135088372,False
-0.012188287451863289,0.0,False
-0.008698733523488045,0.0,False
0.0029945671558380127,0.37056483679327057,False
0.008660607039928436,-0.001842861611305081,False
-0.04301394149661064,0.0,False
-0.03423280268907547,-0.0016972264899664247,False
-0.003929615020751953,-0.009339062701495076,False
0.013459360226988792,0.0,False
-0.09708142280578613,0.15232012222928593,False
0.03050696663558483,0.0568959883376156,False
-0.20681172609329224,0.5548974092162688,False
0.023864395916461945,0.05118779868375201,False
-0.011627511121332645,0.0006090154638513923,False
-0.1576341986656189,0.34677419237086304,False
-0.03576720505952835,0.004673365969210863,False
-0.020063191652297974,0.08783223791559833,False
0.01849336549639702,0.0002272959245601669,False
-0.033305823802948,0.04360901256346972,False
-0.1946791410446167,0.4759983244639109,False
-0.17951178550720215,0.21047721168386643,False
-0.1694222092628479,-0.40791653571395925,False
-0.002935566008090973,0.0077250138856470585,False
-0.0027960985898971558,-0.0011414040794397728,False
-0.10193333029747009,0.1418677291073617,False
-0.0036355950869619846,-0.029918730988095037,False
0.01171120349317789,0.0,False
-0.5127353668212891,0.6085649654888909,False
0.14251995086669922,0.5567652540893957,False
-0.0812346339225769,-0.22092112088198756,False
-0.04299426078796387,0.013032955889436877,False
0.00432172603905201,-0.013737037937422671,False
-0.11705376207828522,-0.03078518219114526,False
-0.0979224443435669,0.5009202340810411,False
-0.0854499340057373,0.8401947615411254,False
-0.047124624252319336,0.4039560220240339,False
0.02244173176586628,0.0013735664542764425,False
-0.013366377912461758,0.0,False
-0.08148602396249771,0.1859423656719461,False
-0.27221453189849854,0.24741963320153937,False
0.06635141372680664,2.123722074098549,False
0.005326688289642334,0.22484707848463253,False
-0.002633035182952881,0.1322599368592914,False
0.0727342814207077,0.13875108739084108,False
-0.17252087593078613,0.6583385650406285,False
0.03521165996789932,0.0066112888345222325,False
-0.05959452688694,0.06722095198941419,False
0.2592747211456299,1.3010170422750649,False
-0.08283157646656036,0.020257847100407664,False
0.1832726001739502,0.20240538228612726,False
-0.05345308780670166,0.6852414434973558,False
0.011904392391443253,-0.021614199299712648,False
-0.020916104316711426,-0.09005947831698519,False
-0.04412160813808441,0.17003459847521102,False
-0.0028367014601826668,0.0,False
-0.0068604107946157455,-0.014775583012607525,False
-0.012973289005458355,0.0014847083948552608,False
-0.1275073140859604,-0.010754226589906973,False
-0.06770012527704239,-0.05903461048792706,False
-0.016075491905212402,0.6008530953128488,False
-0.013043769635260105,0.0,False
-0.03230278566479683,0.010217420419137029,False
-0.09957538545131683,-0.006698091321361704,False
-0.06661906838417053,0.3008342662673778,False
0.03928986191749573,0.25753184414618935,False
0.05824827030301094,0.06042388493123395,False
-0.10969394445419312,0.4441013575844773,False
-0.16072744131088257,-0.14003300559771414,False
-0.0048604137264192104,-0.011139231267775492,False
-0.05072379112243652,0.3604937589928976,False
0.09397852420806885,1.47013407291897,False
0.023432791233062744,0.148076131939888,False
-0.07225959002971649,0.0030315036419779062,False
-0.09628376364707947,0.2902004375310977,False
-0.0962480753660202,0.13889060787446764,False
-0.004578474443405867,-0.01397107877501599,False
0.025608841329813004,0.007072862703353167,False
-0.01316620409488678,-0.009769424032270747,False
0.02753669023513794,0.5969268074452362,False
-0.07762563228607178,0.8057856437861752,False
0.05384528636932373,0.10904655782218108,False
-0.09183736145496368,0.17275232224626974,False
-0.1351114809513092,-0.00600654550770964,False
0.016884537413716316,0.011527814902365208,False
0.08047923445701599,0.14371868547982888,False
0.04635334014892578,0.15521170731246003,False
-0.033232785761356354,0.0,False
-0.004022650420665741,-0.004551150708375396,False
-0.04299898445606232,0.16808843439679275,False
-0.020351141691207886,0.015221768398198797,False
-0.02809394896030426,-0.05544708131458151,False
-0.013364801183342934,-0.018067935129636423,False
-0.003966000862419605,-0.0036238007388123446,False
0.07339145988225937,0.0003344958822708577,False
0.04161535203456879,0.09267450762248028,False
-0.10683387517929077,0.11829216703596421,False
-0.006952660158276558,0.027990440135468548,False
-0.1281633973121643,0.16465563700724786,False
0.042092517018318176,0.0730914082960078,False
-0.05540088191628456,-0.0010549770672794757,False
-0.06556558609008789,0.009957025581154369,False
-0.04745769500732422,1.848045443746884,False
-1.131333827972412,1.2330867110683879,False
-0.5939452052116394,0.16631305472666089,False
-0.9112683534622192,0.22952640010967418,False
-1.0767450332641602,0.795895275080853,False
-0.02238065004348755,0.0,False
-0.03794379532337189,-0.0011807777327312828,False
-0.002792034298181534,0.000765336153563112,False
-0.7507060766220093,1.0143614845011892,False
0.0003583785146474838,0.00022376647393684834,False
0.019805103540420532,0.16782544852384113,False
0.03224986791610718,0.1732405007224635,False
-0.1526513248682022,-0.010261751833846013,False
-0.03299691155552864,-0.02689388430867267,False
0.21472305059432983,0.5408860987220774,False
-0.03650304675102234,0.013560695079922802,False
0.01636931300163269,0.18055350294415734,False
0.056335970759391785,-0.035961565255244715,False
-0.0203709676861763,-0.039117703510191115,False
-0.22809267044067383,0.408938603159023,False
-0.006769401952624321,0.0,False
-0.220747709274292,0.3524697962469172,False
0.07899536192417145,0.13934986202808533,False
-0.1297953724861145,0.38640757441494744,False
-0.0073940809816122055,-0.006569315028263061,False
-0.16639459133148193,0.2996747720192398,False
0.1404784470796585,0.09168011743357805,False
-0.0058486792258918285,0.0,False
-0.12069274485111237,0.23759269386717488,False
0.0651976689696312,0.1529224352291943,False
-0.08941292762756348,0.1110049934992377,False
-0.4817505478858948,0.36592118875329505,False
-0.001016127527691424,0.0,False
-0.24622011184692383,-0.036283074931464765,False
-0.026696525514125824,0.11845856106353411,False
-0.18704181909561157,0.020115419845077365,False
-0.25082075595855713,0.30401180403656025,False
0.018307438120245934,0.03520442308881923,False
0.0011607706546783447,0.08512086329778991,False
-0.624798059463501,0.8775996478732918,False
-0.15313184261322021,0.4821709870844049,False
-0.03242173790931702,0.03336548159275421,False
0.08283720910549164,-0.24645126418021024,False
-0.25969499349594116,0.34213728666895715,False
-0.00352662056684494,0.1164631884905189,False
-0.6514881253242493,0.08254179680550439,False
-0.010199187323451042,0.0009226815891452134,False
-0.43253642320632935,0.6356804394684173,False
-0.9053020477294922,1.3853159248572866,False
0.17887508869171143,1.8395523580003657,False
-0.028614401817321777,0.6428259613376247,False
0.16795894503593445,0.22943783977627083,False
-0.17799678444862366,0.13166954990618393,False
0.0852372944355011,0.2092258405481173,False
-0.007580500561743975,0.0,False
0.006732732057571411,0.07620056136158737,False
-0.5960495471954346,0.20664085788899966,False
-0.026682235300540924,-0.03416298396910755,False
0.39801716804504395,2.724002678640761,False
0.08998596668243408,0.11289858269198086,False
-0.03376460075378418,0.1411616391739981,False
-0.06907270103693008,-0.01318114452749769,False
-0.32641568779945374,0.1419133415590777,False
0.035336583852767944,-0.01572637161401036,False
0.01230340451002121,-0.7500173584402687,False
0.09765958786010742,0.2535243791680044,False
-0.019563045352697372,0.036691187292121244,False
0.07016134262084961,0.4913186104793465,False
-0.06914281845092773,1.7378678152569635,False
-0.01247474830597639,0.0,False
-0.021357238292694092,-0.1239943133454337,False
0.1289534568786621,0.1791069507598877,False
-0.11427205801010132,-0.015151480529982386,False
0.06713664531707764,0.6025537199357652,False
-0.0850602388381958,0.024255544115609068,False
-0.16397172212600708,-0.0328636028836187,False
0.15404367446899414,3.9026947052071463,False
-0.024800896644592285,0.1397482558510844,False
0.08370034396648407,0.20987406223197375,False
-0.07866595685482025,-0.11735053987221991,False
-0.08722370862960815,0.2079597003697784,False
-0.23562639951705933,0.3529044602749344,False
-0.008707096800208092,0.011501695960760117,False
-0.01091831922531128,0.17838210973664737,False
-0.38740551471710205,-0.3372355713649884,False
-0.13037419319152832,-0.06004449023432032,False
0.0388190895318985,0.08333251057495987,False
0.12094974517822266,0.2939022108031392,False
-0.1911804974079132,-0.005986858058483924,False
-0.17033308744430542,0.008290132507681847,False
0.0034691020846366882,0.03992816345180426,False
-0.8466567993164062,1.5677201946399726,False
-0.12264823913574219,2.9130791787879233,False
0.015074184164404869,0.0,False
-0.35310715436935425,0.5219823026030836,False
0.19005775451660156,2.60625869840891,False
0.03964274376630783,0.08130118609943889,False
-0.023468613624572754,0.3285282213840943,False
-0.13930130004882812,1.009153469947125,False
-0.3370699882507324,1.0487307634700247,False
-0.026850596070289612,-0.11859793826198842,False
-0.08434450626373291,0.16976769722433077,False
0.0019430220127105713,0.004606957081705332,False
0.056509971618652344,0.7172356018987865,False
0.5809799432754517,1.1721788342266257,False
-0.10418140888214111,0.3204622466130963,False
-0.05404305458068848,0.3178720155126875,False
-0.1797635555267334,0.5369636828863058,False
-0.3034520149230957,1.1396318353680743,False
-0.10342267155647278,-0.2427236030943387,False
-0.09198081493377686,0.6270737955837957,False
-0.0373835563659668,0.6273573166202577,False
-0.1429893970489502,1.0376754637058379,False
-0.5832152366638184,-0.42677233054847585,False
-0.2808176279067993,0.6341508536984274,False
-0.5826402306556702,-0.09483349989071443,False
-0.058985814452171326,0.08028942613756705,False
-0.06441515684127808,0.10673893763864933,False
0.16578710079193115,0.7058084605540837,False
-0.2553531527519226,0.36766770132332527,False
-0.06085991859436035,0.40949589519782964,False
-0.06827086955308914,0.019225483760237694,False
-0.17302602529525757,0.3424929335428619,False
-0.3717811107635498,0.4000801724693637,False
0.19292166829109192,0.35277516212626675,False
-0.18126672506332397,0.3687684235715197,False
0.10220277309417725,0.6579141640811342,False
-0.12402108311653137,0.07749969581252344,False
-0.11613091826438904,0.1374021736223844,False
-0.047621577978134155,-0.021393484739105705,False
-0.062315165996551514,0.4080111429467102,False
0.07542955875396729,0.12055101894884745,False
-0.07686032354831696,0.07241186329318415,False
-0.030849143862724304,0.08236551506352521,False
-0.0355755090713501,0.4504388359743891,False
0.050384342670440674,0.4510324743899091,False
-0.6786203384399414,2.487116803462857,False
-0.12760719656944275,0.09051266655053422,False
0.01723533868789673,0.32147377493193235,False
-0.006687045097351074,0.7522331645826726,False
-0.23738038539886475,0.29384396590242595,False
-0.026392817497253418,0.39256034871900686,False
-0.08822587877511978,-0.05326800701631726,False
-0.044972360134124756,-0.17077629673213257,False
-0.03208339214324951,0.23938293963002272,False
0.013224989175796509,-0.10170235903386726,False
0.09818600118160248,0.12874943784922543,False
-0.002800038317218423,-0.01670577387459804,False
0.06333053112030029,0.2460982235012414,False
-0.01789712905883789,0.27464954020786425,False
0.055157363414764404,-0.053436726843628074,False
-0.06994318962097168,-0.03507725338911777,False
-0.09351474046707153,0.04184913077662933,False
-0.06111093983054161,0.060383688658475876,False
-0.1089320182800293,-0.053197355483037015,False
-0.014234437607228756,7.711351645411924e-05,False
0.009552381932735443,-0.007163168910954119,False
-0.3408820629119873,0.7788697410991752,False
0.5604350566864014,3.1608881424759954,False
0.00810462236404419,-0.015494961955725391,False
-0.023807525634765625,0.0,False
-0.09828829765319824,0.11282290403347783,False
0.22083497047424316,0.5680362457031805,False
0.11239078640937805,0.23884248455099133,False
-0.3697390556335449,1.2766221110836482,False
0.1630241572856903,0.37854530509910705,False
0.13877058029174805,0.40596263001219746,False
-0.07581017166376114,0.19580517729853367,False
-0.0010658425744622946,0.0,False
-0.1327376365661621,0.14536447975449024,False
-0.27574843168258667,0.2712880953255095,False
0.04863974452018738,0.17011547625630297,False
-0.03316116705536842,0.006591244059212631,False
-0.06543028354644775,0.10401576040953953,False
-0.004017943516373634,0.026615623009386753,False
0.0010177195072174072,-0.011585444526245665,False
-0.6217546463012695,-0.37931933676010576,False
-0.01960826851427555,-0.0011426142922367002,False
-0.030239850282669067,0.07152859717263182,False
0.13495922088623047,1.6529961015593062,False
0.01837289333343506,1.0587837061200764,False
-0.23283863067626953,0.9264748437545891,False
-0.032917317003011703,4.6162713260855526e-05,False
-0.33688244223594666,0.14714788049873456,False
0.043914467096328735,0.21819908464432075,False
-0.033579736948013306,0.2301828437254063,False
-0.027714893221855164,0.045862071707661434,False
-0.0071517229080200195,0.08894114950308507,False
0.013855932280421257,-0.0034342969249443536,False
-0.04768848419189453,0.5060441823653825,False
-0.001070608850568533,0.0,False
-0.23780202865600586,0.30617219238312443,False
-0.014140160754323006,-0.005718468860726363,False
0.04276468604803085,0.16853990208341335,False
0.052429214119911194,0.15164702506379316,False
0.07711845636367798,0.35764825988642546,False
-0.1523560881614685,0.310858069591198,False
-0.013761532492935658,0.0,False
0.08253638446331024,0.15635801337658073,False
-0.05039038509130478,0.18028165749799335,False
-0.024818792939186096,0.10912761671777349,False
-0.08878504484891891,-0.03457603643714255,False
0.121977299451828,0.2807519262571305,False
-0.14692556858062744,0.2076382546336696,False
-0.05186435580253601,-0.13421569368691272,False
0.10866247862577438,0.14188240763467802,False
-0.0009989478858187795,-0.005450100820004612,False
0.0,0.0,False
-0.012073397636413574,0.006256155692339893,False
-0.007771968841552734,0.189316928735954,False
-0.1659201979637146,0.7031487596548823,False
-0.0018973492551594973,0.0,False
-0.009142542257905006,-0.03369925433995524,False
0.037737756967544556,0.13832375506218714,False
0.04034808278083801,0.11401568929197964,False
-0.061772286891937256,0.08191825236674852,False
0.1771453320980072,0.14841929207491697,False
-0.008479781448841095,0.0,False
-0.00926828570663929,-0.01955999964142573,False
-0.0011383891105651855,0.4286261558078059,False
0.013907313346862793,1.016062733779331,False
0.11801958084106445,0.8891068207216934,False
0.18629127740859985,0.5338448735521162,False
0.0,0.0,False
-0.02291560173034668,1.6181352498032195,False
0.11453568935394287,0.23683225103990993,False
-0.062256887555122375,0.09403869931014511,False
-0.44742077589035034,0.17998349216882506,False
0.08925372362136841,0.9379958399856303,False
-0.42704105377197266,2.3004387381523532,False
-0.49764156341552734,2.5370515300243617,False
0.29065799713134766,3.3441761772573213,False
-0.043530166149139404,0.0726106678799564,False
-0.1435246467590332,0.8634129166511607,False
-0.560846209526062,0.2534145592831286,False
0.3837432861328125,3.07447488638566,False
-0.0014775414019823074,-0.06394346569799142,False
-0.7994035482406616,-0.029330460430057048,False
0.0689026415348053,0.047180705383909484,False
-0.09088166803121567,0.07260706345668627,False
7.843226194381714e-05,-0.04359058417338818,False
0.042628735303878784,0.1629602407446354,False
0.04827594757080078,1.318027544083348,False
-0.16598892211914062,0.2621948545421346,False
-0.011935621500015259,0.1208181787313492,False
-0.1792977750301361,0.053224650651307104,False
-0.09718167781829834,-0.051277421101950216,False
0.11590319871902466,0.8194692990016466,False
-0.05004239082336426,0.21468718187274552,False
0.20150530338287354,1.0330353401454344,False
-0.008259236812591553,0.36991462036022527,False
-0.21322548389434814,0.5450998534907868,False
-0.1180729866027832,0.5088484501790653,False
-0.15249037742614746,0.1206626163046362,False
0.04203909635543823,0.23176785879304757,False
-0.1267254650592804,0.03261869733520906,False
-0.03123055398464203,-0.0043754867386757105,False
-0.17626988887786865,0.6129232172321615,False
-0.27576375007629395,0.6359940092242644,False
-0.27992093563079834,0.4918188445789492,False
-0.3309512436389923,-0.029617472189478425,False
-0.06117415428161621,0.2253447838463994,False
-0.07089511305093765,-0.024179183641398747,False
0.044155821204185486,0.12979314455654073,False
-0.07676798105239868,0.2820326442521872,False
0.0909278392791748,0.596845401454684,False
0.049337804317474365,0.29528486220646877,False
0.026967361569404602,0.10392087462337632,False
0.01576274447143078,0.0,False
0.009458661079406738,0.922782641597716,False
-0.07848489284515381,0.2824768492410549,False
0.0681048184633255,0.05843367055058479,False
0.04522445797920227,0.04900365063156714,False
-0.2574577033519745,-0.018385146938709893,False
0.04194335639476776,-0.001756470381228413,False
-0.03793466091156006,0.02292186153546215,False
0.04083740711212158,0.3746214684734815,False
-0.04277336597442627,0.844733425744311,False
-0.010558538138866425,-0.03647434060975073,False
0.17975759506225586,0.14290593228884219,False
-0.04252712428569794,0.007188364975668854,False
0.027659982442855835,0.06380250938754167,False
-0.017221719026565552,0.18239807732000343,False
0.0636613667011261,0.18761834939006752,False
0.07881559431552887,0.1539182871812023,False
-0.05823160707950592,-0.012499431967641389,False
0.07125343382358551,0.0020332485949907777,False
-0.1421421468257904,0.03944018413094977,False
-0.01572941243648529,0.01271967681712792,False
-0.011050809174776077,5.917171438341029e-05,False
-0.1438753604888916,0.4816959890148516,False
0.013853669166564941,0.46977687658680256,False
-0.016380783170461655,-0.03322762814410775,False
-0.041063323616981506,0.0003854673864825686,False
0.04731197655200958,0.08550727892887623,False
0.024087071418762207,0.10097800782379257,False
-0.007812650874257088,-0.025129146271618243,False
-0.0009722169488668442,0.004530665122504482,False
-0.021949104964733124,-0.003688432621059329,False
-0.16497623920440674,0.10737359426843562,False
0.038988590240478516,0.6820334628330049,False
0.1922435760498047,0.7257705453522745,False
-0.0014674663543701172,0.06314811058599236,False
-0.09355741739273071,0.10326684698020668,False
0.023094460368156433,0.10705669588143758,False
-0.0019214441999793053,0.0,False
-0.06445661187171936,0.3145947052826216,False
0.06532187759876251,0.10717715814569356,False
-0.1469498574733734,0.04383828727315378,False
-0.07511448860168457,0.13805074351049154,False
-0.10814599692821503,-0.010539524019575156,False
-0.148747980594635,0.4281087611854172,False
-0.3139166831970215,0.21920445336501543,False
-0.09859883040189743,-0.03460452609433878,False
-0.17689478397369385,0.48171447872593276,False
-0.25719761848449707,1.2543010663043854,False
0.01227472722530365,-0.012230407884160986,False
-0.03201383352279663,0.2333013358857015,False
-0.2770988643169403,0.20748199235639248,False
-0.005847617983818054,0.178303686017603,False
-0.09363800287246704,-0.0709294705818777,False
0.29802536964416504,2.4492306169377906,False
-0.08577621728181839,-0.016774738906352053,False
0.09084013104438782,0.07845745735820425,False
0.5058050155639648,2.4686050778313717,False
0.10266327857971191,0.33280826721201745,False
0.12968122959136963,0.4555050505521838,False
-0.6013492345809937,0.21424833022484568,False
-0.00927916169166565,0.17547802641136517,False
-0.6766955852508545,1.8374935901641825,False
-0.08107472211122513,-0.04252046053225349,False
-0.191300630569458,0.8923109203970234,False
0.1462138593196869,0.35827904338086225,False
-0.08703073859214783,-0.06961766911272509,False
-0.020041286945343018,0.1244885799478976,False
-0.04894278943538666,-0.0007050876615075762,False
-0.020309919491410255,0.05246565343553183,False
-0.5511651039123535,-0.1385036417532577,False
0.07139386236667633,0.020441864293759326,False
-0.19316929578781128,0.1482971264315446,False
-0.020355792716145515,0.00037326267920434475,False
-0.05462592840194702,0.13051336006448083,False
-0.006830672733485699,0.0,False
-0.34763282537460327,0.4134884111055326,False
0.001076405867934227,0.0010216973023489118,False
0.028249535709619522,-0.004767862841927515,False
-0.12015646696090698,0.3996883797983674,False
-0.06979608535766602,0.5557499962928691,False
-0.10235726833343506,0.3851540616741348,False
0.08663210272789001,0.28988332722778587,False
-0.5508080720901489,0.43791055512815213,False
0.22033298015594482,1.0803853146879538,False
-0.48177576065063477,0.4562190232362493,False
-0.01309619564563036,-0.0028802557523617696,False
-0.1309901475906372,0.0,True
0.4261854887008667,1.721837063226129,False
-0.0037418485153466463,0.0,False
0.04458630084991455,0.5946191635180271,False
0.015440940856933594,0.2445864095439742,False
-0.23768621683120728,0.6010857319050803,False
-0.14481639862060547,0.277973489902315,False
-0.0019822195172309875,0.0,False
0.10244016349315643,0.3210838746045893,False
-0.9155807495117188,1.0256499678661004,False
0.03138408064842224,0.32884166687970384,False
0.013376951217651367,0.05568512714286536,False
-0.013730758801102638,0.0,False
-0.0028141457587480545,-0.020490133642378238,False
-0.010368719696998596,0.035382356439549914,False
-0.040914807468652725,0.0002427306171739474,False
-0.18264418840408325,0.4703472641632721,False
0.06597602367401123,0.23057823972500163,False
-0.06960275769233704,-0.010159466306717116,False
-0.04122769832611084,0.5058534236539869,False
0.08176131546497345,0.10201467397782377,False
-0.024751657620072365,0.0,False
-0.46397244930267334,0.4196658451664242,False
-0.008313879370689392,0.0,False
0.018482275307178497,0.0,False
0.055847227573394775,0.12172506890921081,False
-0.16673848032951355,-0.31027238335271456,False
-0.01204048190265894,0.01592239737510681,False
-0.00248873233795166,0.24980335055559508,False
0.027386605739593506,0.47183659458589516,False
0.07984042167663574,0.35184783305674405,False
-0.09963631629943848,0.9857250083687454,False
0.18601569533348083,0.11675328064069346,False
-0.17456717789173126,-0.04462608702052401,False
0.02309468388557434,0.12403484650229582,False
-0.13591426610946655,0.3149633220068787,False
0.014505505561828613,0.4900463430460652,False
-0.061890751123428345,-0.012053024509780852,False
0.14214062690734863,2.1246964229107097,False
0.1700526475906372,1.2027672798073525,False
0.0654173493385315,0.47624231244641657,False
-0.003178410232067108,0.009597431941627321,False
0.01574409008026123,0.9455814181983053,False
0.2284684181213379,1.186382468064701,False
-0.15756654739379883,0.4331969433907409,False
0.08557426929473877,-0.1863397972915184,False
0.014814943075180054,-0.0032763064489171254,False
-0.012458771467208862,0.14116790673349666,False
0.0929497480392456,0.4688476108754307,False
-0.09604151546955109,0.1711656850687441,False
-0.08264225721359253,0.08225083070202244,False
-0.03389394283294678,1.5226346633522418,False
-0.03509873151779175,0.17188896721195565,False
0.3386192321777344,0.30067941224690853,False
-0.047008320689201355,-0.006309109736428679,False
0.10790002346038818,0.35454689147944973,False
-0.08821265399456024,-0.038540708917911295,False
-0.022153764963150024,0.2871667365065845,False
0.07130023837089539,0.19954500521317264,False
-0.03017263486981392,-0.21212928561195304,False
-0.1662694215774536,0.21314976232437788,False
-0.04271966218948364,0.19534156567774613,False
-0.16361671686172485,0.20411707128164158,False
-0.0009533017873764038,-0.010034492080952246,False
-0.03289323300123215,0.020937471824970303,False
-0.01056913286447525,0.0,False
-0.01427610032260418,0.0,False
-0.010994376614689827,0.004791439976543188,False
0.0,0.0,False
0.0173178743571043,-0.00489655094811268,False
-0.019869506359100342,0.332351579266858,False
-0.05295497179031372,-0.01740677822479758,False
-0.22188115119934082,0.8475654852546892,False
-0.008603386580944061,0.012620359648853916,False
-0.059166163206100464,0.05684083972904176,False
-0.0105064008384943,0.00013758170825894922,False
-0.006770328618586063,-0.0071404765993747996,False
0.016694722697138786,0.0,False
-0.17527830600738525,1.1372783986119603,False
0.0877259373664856,0.5918372097268799,False
-0.19232410192489624,0.667090663347714,False
-0.1514962911605835,-0.20439194972409222,False
0.0003392025828361511,-0.043957931530165376,False
-0.23173999786376953,0.755615217031102,False
-0.0028416316490620375,0.0,False
-0.01420140266418457,1.4645526876003412,False
-0.0009628870757296681,0.0031558931805193424,False
0.02721688151359558,0.03633928545282614,False
-0.004787854850292206,0.04458131641149521,False
-0.09017109870910645,0.41789788525879246,False
0.1491888463497162,0.31540493694797217,False
0.1062006950378418,0.2654270653705235,False
-0.014839746057987213,0.10366801554390219,False
-0.06006169319152832,0.34465068846839847,False
0.06021755933761597,0.48084304467991307,False
-0.05738288164138794,-0.016464374555670847,False
-0.005726227071136236,0.0,False
-0.00888277031481266,0.017503848299384117,False
-0.038675956428050995,0.07961788668771524,False
-0.048693180084228516,0.07130858106220016,False
-0.589479386806488,-0.2588059261001323,False
0.014325439929962158,0.3680255539792787,False
-0.0038730178494006395,-0.0010699209114744396,False
0.08073924481868744,-0.045708803007491874,False
0.004510432481765747,0.17860634591472804,False
-0.001691841403953731,-0.025101928975152125,False
-0.02239033579826355,0.14135496291248187,False
0.03083129972219467,0.04321288687628655,False
0.07906487584114075,0.3806457342724569,False
-0.020545311272144318,0.11311623454093933,False
0.002781704068183899,-0.017881211659971016,False
-0.04686659574508667,0.07275207510743409,False
0.034533001482486725,0.0381123763095491,False
-0.13127779960632324,-0.0076530028384305115,False
0.043573230504989624,-0.0211965641515373,False
-0.15515601634979248,0.7350042863589494,False
-0.027217455208301544,0.016953039540722123,False
-0.0006957799196243286,0.14829674123232828,False
0.013746976852416992,0.18639100809620562,False
0.08541643619537354,0.165231860777242,False
-0.01143898069858551,0.008053487424753557,False
-0.033655181527137756,0.2093259947944301,False
0.014630258083343506,0.26964848841343997,False
-0.08839033544063568,0.13970386751640373,False
-0.04159879684448242,0.29834802480511724,False
-0.11475962400436401,0.36235559983428106,False
-0.3031187057495117,0.015415307497504749,False
0.012547336518764496,-0.039301054369122984,False
-0.01577317714691162,0.0690473454519816,False
0.011691078543663025,0.09008317874374208,False
0.08622877299785614,0.13668340270239715,False
-0.26076406240463257,0.2624575246565022,False
-0.013837486505508423,0.2849754299022029,False
-0.0565466433763504,0.09795283145864825,False
0.002464085817337036,0.02051628939807415,False
0.06833654642105103,0.30907600714100175,False
-0.09881004691123962,0.10232107520194858,False
-0.15128791332244873,0.06489325023530967,False
-0.01167623046785593,-0.054614964173815554,False
0.03562849760055542,0.02028023824095726,False
0.0115343127399683,0.0,False
-0.013359198346734047,-0.01363478761685688,False
-0.05612625181674957,0.08729183571093313,False
-0.10140621662139893,0.4304685390853576,False
-0.06692582368850708,0.38113928810171505,False
-0.09910035133361816,-0.08433241210980563,False
-0.046060651540756226,0.23198169417975817,False
-0.05044610798358917,-0.008444988105405046,False
0.003961235284805298,0.05611651204829586,False
0.018335402011871338,0.035946402698755264,False
0.05421416461467743,0.1140222883300941,False
-0.023790359497070312,1.1719041453501187,False
-0.06037905812263489,0.31832058872154756,False
0.004675435833632946,-1.2705981511686528,False
0.03250320628285408,-0.010971914499140426,False
0.05282938480377197,0.32593179700967123,False
-0.02425074391067028,-0.010238679887684426,False
0.02615029364824295,0.10163392633521479,False
0.04555869102478027,0.17165477747091756,False
-0.006713274400681257,-0.00997926620700851,False
0.06454415619373322,0.1384054874438732,False
0.0270405113697052,0.4088088863313667,False
0.06132974475622177,-0.11659201534023608,False
0.0038260817527770996,0.09594620057127995,False
-0.00021320953965187073,0.0,False
-0.019818991422653198,-0.048511639087482884,False
-0.06963396072387695,-0.03794676713978662,False
-0.5201880931854248,1.4604233495502692,False
-0.08979275822639465,0.0022633388311309455,False
0.016064366325736046,-0.002693565932491848,False
-0.0812944769859314,-0.06103640882554928,False
0.12355601787567139,0.5730248944730686,False
-0.031151331961154938,-0.018214329712457435,False
-0.007751608267426491,0.0,False
-0.18942058086395264,0.4086259178942393,False
0.0,0.0,False
0.0120061244815588,-0.012746114356318242,False
-0.013559515587985516,-0.01014983683870287,False
-0.00271333334967494,0.0,False
-0.024063386023044586,0.09356545686912705,False
0.0,0.0,False
-0.010443761944770813,0.001350428443402052,False
-0.009054909460246563,-0.002256820360705315,False
0.02256593108177185,0.17795294177381196,False
0.04946786165237427,0.3938052318346035,False
-0.04202356934547424,0.10065093341760821,False
-0.11054292321205139,0.23023707639595764,False
0.09722459316253662,0.14250829464932813,False
-0.3055877685546875,1.807687982949776,False
-0.1382041871547699,0.08915866182634702,False
-0.2081747055053711,-0.053360991628126575,False
-0.00467265211045742,-0.007052519081176441,False
0.044293925166130066,0.08517254143953323,False
-0.01613938808441162,0.027246732515719213,False
-0.0478062778711319,0.12057097230692568,False
-0.0693618655204773,0.2717097194986169,False
-0.004152536392211914,0.08957624289834101,False
-0.015443818643689156,0.0,False
-0.017964959144592285,0.4922795678666644,False
-0.9950586557388306,0.4285073822418691,False
-0.1316359043121338,1.3063258987025674,False
-0.05170971155166626,1.0477696900979616,False
0.05603158473968506,2.647948122176492,False
-0.21623122692108154,0.5749709263305073,False
-0.022724807262420654,1.340014934539795,False
0.18305717408657074,0.19191189626441146,False
-0.06258238852024078,0.03411460612577902,False
-0.016129231080412865,-0.006906946010628679,False
0.056842923164367676,0.9663935852667176,False
0.18013495206832886,0.4523604861237269,False
-0.11902506649494171,-0.01703305546114542,False
0.03032265603542328,0.07107020497105723,False
-0.2727891802787781,0.7557539629337675,False
-0.10006695985794067,0.05983014096511194,False
-0.05365253984928131,-0.0168886004989324,False
-0.13593396544456482,0.11015805260486372,False
0.03550043702125549,0.181494592005486,False
0.15879040956497192,0.5103007699221529,False
-0.08560499548912048,-0.015195907742696607,False
-0.1080348938703537,0.03420717541077037,False
0.03390515595674515,0.004585215699272057,False
-0.021798504516482353,-0.03486795696603143,False
0.04612410068511963,0.4514524317934039,False
-0.5992217063903809,1.4152810870713917,False
-0.5173182487487793,-0.3025338854530899,False
-0.5215895175933838,0.32948298680687393,False
-0.0925983190536499,1.0139813562620303,False
-0.04453808069229126,0.28408454717931964,False
-0.011890359222888947,0.08245061617687473,False
0.0356159470975399,0.0,False
0.0063478946685791016,-0.02788162814274259,False
-0.047997429966926575,-0.031183555867738175,False
-0.04481352120637894,0.01308511486236468,False
-0.01148521900177002,0.7914076557842472,False
0.08624589443206787,0.7926950892572262,False
-0.17769698798656464,0.15593336099471877,False
0.1568824052810669,0.4775830179007262,False
0.0471653938293457,1.3904423388614715,False
0.02859446406364441,0.459993286261528,False
-0.09094327688217163,0.521503891294421,False
-0.056813523173332214,-0.10023759062075611,False
-0.006431484129279852,-0.016118775047216538,False
-0.047523051500320435,0.20277444758905333,False
-0.15175433456897736,-0.0743909945831161,False
-0.0024445652961730957,0.13869539552189547,False
-0.18692646920681,0.009910771970863347,False
-0.07781483232975006,0.1038557915975471,False
0.11440771818161011,0.2425835592330736,False
-0.03873896598815918,0.48101576530394974,False
0.05188703536987305,0.5355356564689605,False
-0.37951982021331787,0.20649396325131503,False
0.11310887336730957,0.34233989970971346,False
-0.020208850502967834,0.07096864915530815,False
0.0035247504711151123,0.17035547865737338,False
-0.10133138298988342,-0.04786031316097722,False
-0.0063173770904541016,0.5893232867456881,False
0.12540015578269958,0.03763989738431822,False
0.7924273014068604,1.5858872052149504,False
0.03008010983467102,0.24090633077081988,False
0.46741437911987305,3.8447426117212222,False
0.16853083670139313,0.2868787944316864,False
0.05310511589050293,0.3829418812325338,False
-0.031244486570358276,0.2316589273954192,False
0.2955573797225952,1.4192043618106789,False
0.006256788969039917,0.22887303448601426,False
-0.059873342514038086,0.044719698687856246,False
-0.25070810317993164,0.4209376022121074,False
-0.06152072548866272,0.11999373796733978,False
0.012182649224996567,0.024647133066921227,False
-1.0301613807678223,1.8520823906719512,False
-0.5245233774185181,0.1356593816016356,False
0.02013149857521057,0.28068424741737064,False
-0.33950841426849365,0.7760945228287373,False
-0.4281294345855713,1.0900827669858868,False
-0.8179223537445068,1.1107055941319217,False
-0.058634281158447266,0.8781472664538963,False
0.04571160674095154,0.21131345779262656,False
0.03561629727482796,-0.025184444778161424,False
-0.011180847883224487,0.31744277026605877,False
0.012526214122772217,-0.07601109829812636,False
-0.01772165298461914,0.13835735812090647,False
-0.013596862554550171,0.00016486957611050457,False
0.04895707592368126,-0.0075227878533478,False
-0.009688975289463997,0.003443116004987862,False
-0.13096846640110016,-0.06611119924730481,False
-0.00847715139389038,0.3816029063944495,False
-0.03654274344444275,0.04842204287975245,False
0.014390548691153526,-0.17004906410764697,False
0.024418983608484268,-0.04134012074391684,False
-0.00960213877260685,0.0,False
-0.5166817903518677,-0.4547899361849099,False
-0.16848671436309814,0.5872612791270352,False
0.014456227421760559,0.06979256827147973,False
-0.2326146960258484,0.3713269370965946,False
-0.013504266738891602,0.1099996293671286,False
0.09456139802932739,0.24307617735508227,False
0.24327650666236877,0.7308620681782186,False
-0.015150994062423706,-0.08813938582270835,False
-0.00991329550743103,0.00034522032365202904,False
-0.013661623001098633,0.15049403470602168,False
0.13222956657409668,0.9726008642369501,False
0.007168268784880638,-0.009525775511840126,False
0.01280282437801361,0.11615307629108429,False
0.016411900520324707,-0.0034096255316663367,False
-0.03016410768032074,0.0668901971119616,False
-0.02583029866218567,-0.027058939968814102,False
-0.10637211799621582,0.0014034507803853402,False
-0.09026467800140381,0.04472232411354682,False
-0.005131982266902924,0.04777488966488117,False
-0.01739662140607834,-0.0013677718804042853,False
-0.006619050167500973,-0.00235054509681966,False
0.08655813336372375,0.32543107592803916,False
0.027006834745407104,-0.005039093715065314,False
0.10193973779678345,0.5217509266565052,False
-0.0779261589050293,0.8350217479142596,False
-0.010180525481700897,-0.0767560883231361,False
0.15509003400802612,0.4160939698382838,False
-0.03680773079395294,0.15243683462680974,False
-0.07408127188682556,0.12300855793545315,False
-0.00415453314781189,-0.0103802748735975,False
0.08707103133201599,0.34398802237440346,False
0.45835447311401367,1.209632785133686,False
-0.09019900113344193,-0.0071472242021436375,False
0.03036675974726677,-0.001999711507262117,False
-0.010316804982721806,-0.005755748251254604,False
0.08203490078449249,0.17235028570962074,False
0.0655626654624939,0.13116329347787237,False
-0.026809126138687134,-0.0012830598702113236,False
0.026698142290115356,0.18432459471526788,False
-0.11429071426391602,0.2787006522386457,False
-0.028553292155265808,-0.041865983583907196,False
-0.0359685942530632,0.07352111803419549,False
-0.007651320658624172,-0.05722434878918253,False
-0.058117032051086426,0.9313383073226171,False
-0.00836649164557457,0.0,False
0.06337061524391174,0.15038064122200012,False
-0.034868910908699036,0.04269484117139742,False
0.034599460661411285,-0.43120513280680334,False
-0.19704774022102356,-0.3112525364156269,False
0.00685484241694212,0.0048492215827929085,False
0.01589066907763481,0.0,False
0.010692566633224487,-0.02199888206813909,False
0.011601567268371582,1.0530363395964781,False
-0.028508424758911133,0.23617023999927714,False
-0.5270631313323975,0.7405451531025661,False
-0.00927424430847168,0.4105021642883165,False
0.031898900866508484,0.007336856191514196,False
-0.18403947353363037,0.17793119823459996,False
0.035275280475616455,1.0349431364547004,False
-0.26228344440460205,0.046153654425727664,False
0.032214581966400146,0.07029000785423557,False
0.27230405807495117,1.2647968923502697,False
-0.39907312393188477,-0.1691165908459621,False
-0.0159489456564188,0.027624236419796944,False
-0.016306668519973755,0.1791548609881818,False
-0.0450579896569252,-0.009131325746163994,False
-0.17226362228393555,0.42636636979993214,False
0.04411791265010834,0.029872904178180167,False
0.199424147605896,1.156696738270108,False
0.16818800568580627,0.28821437414061796,False
-0.053861916065216064,0.21549439739938936,False
0.024200981482863426,0.04541058838367462,False
-0.07564112544059753,0.19472504313749797,False
0.004550442099571228,0.07924511624473492,False
-0.0944947600364685,0.36000414794830166,False
0.14083784818649292,0.32079758597130714,False
-0.1990920901298523,0.2766511490800556,False
-0.026635289192199707,0.8055046810132275,False
0.08001264929771423,0.2554465025370124,False
0.002988463267683983,-0.03120164936659852,False
0.018307127058506012,-0.02355176178419094,False
-0.029792964458465576,0.49133552226287175,False
-0.09856268763542175,0.011615000016213833,False
0.10381801426410675,0.25496606801268806,False
-0.007839676924049854,0.0,False
-0.04645314812660217,0.2077324406515333,False
-0.05370202660560608,0.2755520845681822,False
-0.05597001314163208,0.09421073344812098,False
-0.0017770450795069337,0.0,False
-0.17139965295791626,0.1269567195236613,False
0.25490403175354004,0.6025987932280331,False
0.0347781777381897,0.2915417930988812,False
-0.02770259417593479,-0.015224038138174557,False
-0.21496891975402832,0.35800505877307026,False
0.01011231541633606,0.31844518103773145,False
0.059981584548950195,0.5016137750491028,False
-0.014407217502593994,0.41162773660603214,False
-0.07859852910041809,0.18243135021275583,False
0.0032129883766174316,0.2533304151853607,False
-0.027722090482711792,0.1069756776531237,False
0.03228366747498512,0.06170003732805986,False
-0.010656565427780151,0.03570918598860297,False
0.005648300051689148,0.002206457080319524,False
-0.6577953100204468,0.49989205912289014,False
-0.02160315401852131,-0.012871403309113934,False
0.12216924130916595,0.04853780446770459,False
0.40679222345352173,1.0204475961706847,False
0.301101416349411,0.6686622100664618,False
0.11828023195266724,0.2842930294844812,False
-0.28177303075790405,0.2626043669297171,False
0.0869918018579483,0.08439711452754489,False
0.1603231430053711,0.3972469120901625,False
-0.0544966459274292,1.0472179877465273,False
3.688520669937134,5.896007299782953,True
-0.008499950170516968,0.01661734342403736,False
0.06971269845962524,0.834797401652315,False
-0.00202737795189023,0.0,False
-0.020295605063438416,-0.026117889515724167,False
-0.029533714056015015,0.07137460282623832,False
0.11035788059234619,0.45249523957265003,False
0.00024500489234924316,0.03157553184187242,False
-0.020682156085968018,0.011519716121256351,False
-0.04864552617073059,0.03979967270246183,False
0.19169414043426514,0.27322794810925144,False
0.4986555576324463,2.756450974594909,False
-0.044809818267822266,3.045944890053443,False
0.04053235799074173,0.2184777855873108,False
-0.022957904264330864,0.00886150449514389,False
-0.018553253263235092,0.0,False
-0.16948822140693665,0.20703168515832565,False
0.039949655532836914,0.11745630104899096,False
0.028170976787805557,-0.011428438488348708,False
0.03844071179628372,0.12637607753276825,False
-0.05154367536306381,0.10590608732517565,False
-0.27522343397140503,0.09713930651472791,False
-0.029788106679916382,0.12193853800763069,False
-0.008479347452521324,0.0,False
0.027166515588760376,0.2813818402141593,False
-0.04316800832748413,0.18875031760083072,False
0.04442334175109863,0.815390055799895,False
-0.032990965992212296,-0.010202328823783914,False
-0.07486134767532349,0.7301667703310688,False
0.02659076452255249,0.4242679389754356,False
-0.017088351771235466,0.0,False
-0.05649620294570923,0.03833794731239967,False
-0.006963908672332764,0.337680009010675,False
-0.035063713788986206,0.25970685383216024,False
0.025660544633865356,0.18684799885269354,False
-0.0016452372074127197,-0.07579945550805713,False
0.05975863337516785,0.18158986476737535,False
-0.2942221164703369,-0.23880644268497553,False
0.018366318196058273,0.05747901648283005,False
-0.005361787974834442,0.0,False
0.04642336070537567,0.10918965190649033,False
-0.008973700925707817,-0.006162657702162136,False
0.039180926978588104,0.18551329710656556,False
-0.1890820860862732,-0.18858448361091912,False
0.11920014023780823,0.34610669199779254,False
-0.03067883849143982,-0.014871762526287476,False
0.026545647531747818,0.024571349232917553,False
0.15147745609283447,0.7241997529410503,False
-0.028646839782595634,-0.03257003694661963,False
0.008369915187358856,0.06082437464653683,False
0.0695466697216034,0.18657703697681427,False
-0.03893516957759857,-0.0338061626822949,False
-0.0173815730959177,-0.020521100221032745,False
-0.02926093339920044,-0.022089782043536538,False
0.21627014875411987,0.27850395260935856,False
-0.41425132751464844,0.8856953645092249,False
-0.11593207716941833,-0.13576442566258004,False
0.07502225041389465,0.26491086463054847,False
-0.04870930314064026,0.21459123061188304,False
0.01205446943640709,0.0,False
-0.12530533969402313,0.0541284603274303,False
-0.0904717743396759,0.16483266895936133,False
-0.17283347249031067,0.3225849732508622,False
0.04237407445907593,0.2775923029363304,False
-0.01973433792591095,0.07561353327388372,False
-0.02804204821586609,0.44015802468256715,False
0.07759320735931396,0.3425510264293868,False
0.023921862244606018,0.1475027568520728,False
-0.028104133903980255,-0.014259943764717613,False
0.14955449104309082,0.7279732435040515,False
-0.005553210619837046,-0.010765318792986223,False
-0.001917507266625762,0.0,False
0.030496984720230103,0.13196859799097965,False
-0.02096867561340332,0.7482719553872883,False
-0.020281456410884857,0.03145224089239363,False
-0.07325795292854309,0.1550431236100216,False
0.2077937126159668,0.6315449211010591,False
0.1944817304611206,0.5878546892745405,False
-0.02017664909362793,0.08110406391548584,False
-0.00384324137121439,0.0,False
-0.030270129442214966,0.15095291622120177,False
0.15719467401504517,0.3603867871224834,False
0.11085596680641174,0.2257901591195429,False
0.02456580102443695,-0.029850138134580095,False
-0.22360992431640625,0.48155425837735866,False
0.025068122893571854,0.0,False
0.030870109796524048,0.10521141439676285,False
-0.011336460709571838,0.02845290279782696,False
0.0035361889749765396,0.025957182775402075,False
-0.10164402425289154,0.017082516036399986,False
-0.030426353216171265,0.26106281565399864,False
0.0237414687871933,0.10754956886716284,False
-0.02782955765724182,0.31000753577993234,False
-0.023957759141921997,0.27091309768147565,False
-0.08345937728881836,-0.024248810728834717,False
-0.16441670060157776,-0.011327444070585446,False
0.026345014572143555,0.3613063842199763,False
-0.02161991596221924,0.7564511861716254,False
0.0312659852206707,-0.01440671715358325,False
0.012184470891952515,0.050027774710161454,False
0.05817614495754242,0.06032864058527593,False
-0.18873381614685059,0.30507566807147535,False
0.04171236231923103,0.0,False
0.05314415693283081,0.10483549608263364,False
-0.020495474338531494,0.17601396327612917,False
-0.008838281035423279,0.17746894784355333,False
0.06649930775165558,0.18394245302722845,False
0.06089641898870468,-0.001762534408007388,False
-0.03243951499462128,0.046842202092701665,False
0.011187121272087097,0.2453670083740383,False
-0.011501312255859375,0.05971968185229837,False
0.028528928756713867,0.13619244821621967,False
0.020804202184081078,0.012502404861152172,False
0.0011272579431533813,0.025983059999672025,False
0.05448773503303528,0.17135064946232045,False
-0.011693507432937622,0.37022616126453706,False
-0.02930864691734314,0.20833568274974823,False
-0.0027668625116348267,0.0691951602885293,False
0.019350970163941383,-0.002627915618861036,False
0.11172285676002502,0.23965151018314237,False
0.027344495058059692,0.031525203495044736,False
0.01910872757434845,0.0,False
0.19093799591064453,0.7995518486747222,False
0.02275393158197403,-0.009794949967108082,False
0.13260771334171295,0.054168099709698866,False
-0.04712269455194473,0.04628700753775517,False
0.03422059118747711,0.09410249965723433,False
0.05992518365383148,0.15301323378596854,False
-0.0007511582807637751,0.0,False
-0.1392192244529724,0.7465705469399676,False
-0.0010083802044391632,0.06354723125696182,False
-0.038863182067871094,1.4947366174939014,False
-0.023822739720344543,0.0036549388896673918,False
0.022867798805236816,0.12193458117654742,False
-0.02545609138906002,-0.0030876863053108067,False
0.22243982553482056,0.8275518979673209,False
-0.04369194805622101,-0.006955331564690217,False
0.07213073968887329,0.5080875142072516,False
-0.10458216071128845,0.11401838475406646,False
0.01062946580350399,0.0,False
0.0024413857609033585,0.0,False
-0.03395642340183258,0.18209763407146756,False
0.05819253623485565,0.09447186440229416,False
0.032276418060064316,0.0,False
-0.05355800688266754,0.1456328351077852,False
-0.07187937200069427,-0.011447433788889731,False
0.0015613734722137451,-0.07932538200954667,False
0.017382685095071793,0.0,False
-0.21783161163330078,0.3518501954118576,False
0.005227833986282349,0.17752306860250247,False
0.05746673047542572,0.2733751812552465,False
-0.04135952144861221,0.10702009330542755,False
0.004183821380138397,0.13245504346214965,False
0.016507644206285477,0.014687626622617245,False
0.05075010657310486,0.4190017250120119,False
0.022311240434646606,0.08356691412243067,False
0.0052705854177474976,0.018149742631435862,False
0.025064431130886078,0.0326702731701924,False
0.0974912941455841,0.33388055816857476,False
0.034859538078308105,0.12270014860757089,False
0.03290511667728424,0.06745584918678474,False
-0.20434093475341797,0.2210738383106137,False
0.11799967288970947,0.25266939133497796,False
-0.17680272459983826,0.28184799625591705,False
0.11715595424175262,0.19429218448029928,False
0.0748070627450943,-0.0036877145787288443,False
0.07688498497009277,0.5709995195993463,False
-0.009667813777923584,-0.03399486335740298,False
-0.02894657850265503,0.6017230354659499,False
0.28735023736953735,0.6951114902623218,False
-0.11034536361694336,0.18012195801785166,False
0.010361798107624054,0.07168189618115045,False
-0.03443305194377899,0.003567161038517952,False
0.16028833389282227,0.408676223721389,False
-0.05292069911956787,0.08851172103198862,False
0.005311891436576843,0.08147819236495654,False
-0.032874539494514465,0.06568519127509603,False
0.041205257177352905,0.0965705920543318,False
0.010267818346619606,-0.005430789940314079,False
-0.05061528459191322,0.0022283154539763927,False
-0.0018739979714155197,0.003519218831492736,False
-0.022390328347682953,0.0407546968145998,False
-0.48624467849731445,0.15327859105392883,False
-0.043977558612823486,0.1557614092911016,False
0.20648261904716492,0.28164381970274094,False
-0.04185949265956879,0.06755751775145688,False
-0.008884930983185768,0.06391101785156944,False
-0.06538087129592896,-0.20477413892536922,False
-0.023430075496435165,-0.005783628277235867,False
-0.001825114362873137,0.0,False
-0.04725116491317749,0.028821841238334082,False
-0.014961093664169312,0.10955625255252532,False
0.02645772695541382,0.09724623998001135,False
-0.014559656381607056,0.14251257675173362,False
-0.10933369398117065,0.4471559275428467,False
0.011704479344189167,-0.05240998633569683,False
0.009322106838226318,0.6856616694278633,False
0.06000368297100067,0.16397544183437893,False
-0.03674866259098053,-0.03249815151716872,False
0.07034432888031006,0.8654559209733859,False
-0.012576848268508911,0.15885162108319822,False
-0.2308768928050995,0.35398788123578856,False
0.08035251498222351,0.25872299328044,False
0.16684027016162872,0.37632247626763143,False
-0.00479524489492178,0.0,False
0.0936429500579834,-0.06838293460043404,False
0.09217356145381927,0.23903100548127248,False
0.029096152633428574,0.11368378240539039,False
-0.04916942119598389,0.8293209902306261,False
0.16659405827522278,0.6435285210679021,False
-0.025521330535411835,0.1183187173253693,False
-0.013219751417636871,-0.02129220916736078,False
0.012480996549129486,-0.005860490918877135,False
0.01850588619709015,0.2794890907769871,False
0.04414743185043335,0.12073705102645385,False
0.0896623358130455,0.12164453477328685,False
0.05241277068853378,0.03487701003934801,False
-0.013707101345062256,0.15942366266531782,False
-0.006649429444223642,-0.003953956334885828,False
-0.09018057584762573,0.022415315087906056,False
0.0810253918170929,0.15727991074420583,False
-0.00033573806285858154,0.1092178254873426,False
-0.07449322938919067,0.01775811989452092,False
-0.03002607822418213,0.06915711525452972,False
-0.03181653842329979,-0.01522247837223191,False
0.0,-0.002627915618861036,False
0.00030387938022613525,0.00814978612707043,False
-0.12605509161949158,0.20476747399087664,False
-0.04464036971330643,0.002815697210168642,False
0.1045282781124115,0.204894584039972,False
0.054414212703704834,0.27417618448643044,False
-0.01266760565340519,-0.00676713585440886,False
-0.0049026417545974255,0.0,False
-0.015181021764874458,0.0002262919588247314,False
-0.15302854776382446,-0.14728069581136172,False
-0.0035810917615890503,0.08948929598411048,False
-0.02252020314335823,-0.021231898099647536,False
-0.04982218146324158,0.29171246014523483,False
-0.019069164991378784,0.0438100534077268,False
0.04133463650941849,0.07170841097831726,False
-0.1433982104063034,0.022747453460046488,False
0.0569566935300827,0.11585449769848416,False
-0.03654666617512703,0.06002791444804585,False
-0.0561273992061615,0.028432453233381352,False
0.03187689185142517,0.0999308021272384,False
0.009043101221323013,0.008783758617937565,False
-0.026911385357379913,0.04959536812008483,False
0.001655586063861847,0.0017506441801370745,False
0.01074620708823204,0.11450906097888947,False
0.026929691433906555,-0.0077321214304123115,False
0.08653965592384338,0.055250070604265546,False
-0.011392949149012566,-0.014876183987055897,False
-0.06144213676452637,0.1671603489526311,False
-0.48536574840545654,0.6189806452394163,False
0.046254634857177734,0.4569574393223837,False
0.08928939700126648,0.1673019465351274,False
0.10079336166381836,0.18661290059934182,False
0.09691977500915527,0.37075811949387305,False
-0.02537490427494049,0.07473795914850963,False
-0.013080695644021034,-0.01357559177506789,False
-0.01686534658074379,0.0031864074990153313,False
-0.013385174795985222,0.021778443828225136,False
0.001553170382976532,0.05889657692016437,False
0.04066561162471771,0.2681452265056521,False
0.09423667192459106,0.4862849696047583,False
0.06079743057489395,0.2708634146409221,False
0.08522708714008331,0.3203795119189998,False
0.003683144226670265,0.0,False
0.056070566177368164,0.1944887638092041,False
-0.04504786431789398,-0.04751024829865862,False
-0.041951924562454224,0.16251303283153226,False
-0.010115556418895721,0.13923762078749033,False
0.03921721130609512,0.08392125585879155,False
-0.040125198662281036,0.00725314690115348,False
0.18639802932739258,0.3736260249467249,False
0.0468335896730423,0.15906282395901983,False
0.026110686361789703,0.023772189488398127,False
-0.001861457247287035,-0.003248174756839061,False
-0.017810683697462082,-0.026312706188627515,False
0.01926732063293457,0.20727796265736523,False
0.006591368466615677,-0.024000402257241434,False
0.027620837092399597,0.05850076302886009,False
-0.008798321709036827,0.0,False
0.023799680173397064,0.1419635119464572,False
-0.047210946679115295,0.022205913224922838,False
0.09726577997207642,0.706613093257229,False
-0.04393891990184784,-0.06865674833625358,False
-0.023825660347938538,0.08250731754114712,False
-0.09385711699724197,-0.012607240632194228,False
0.02691948413848877,0.21522867679595947,False
-0.012387841939926147,-0.03263087168543541,False
0.0006672069430351257,0.0983915715589663,False
-0.007618998643010855,-0.024303738831909207,False
0.007082048803567886,-0.013332114493578889,False
-0.023621857166290283,0.5834026569881127,False
0.04127391427755356,0.038839953028917004,False
-0.006936188787221909,0.0,False
0.0576053112745285,0.09062498208670844,False
-0.005878180265426636,0.006655458043922046,False
0.11082907021045685,0.19168181015996588,False
0.0,0.0,False
-0.00918811559677124,0.5551566636160137,False
-0.037679195404052734,0.060051740090915906,False
-0.10345930606126785,-0.0011158617214767491,False
-0.15250569581985474,0.16631664845303962,False
-0.12985557317733765,0.034330930823360556,False
0.0053413063287734985,-0.01126005846528453,False
0.01415891945362091,-0.045438404064807904,False
-0.07518807053565979,0.11911503522928174,False
-0.01986043155193329,0.09422367073014143,False
0.0508899949491024,0.05512975862750323,False
0.039501726627349854,0.5564250795197132,False
-0.09571602940559387,-0.0040613558981892894,False
0.003506198525428772,0.13341495857564803,False
0.1687086820602417,0.910922598030701,False
-0.10583873838186264,0.08304940106177652,False
0.03811493515968323,0.18282634972264283,False
0.026675336062908173,0.10369860729166287,False
-0.024484455585479736,0.3416131154723899,False
-0.09134304523468018,0.12082604330126535,False
0.006846442818641663,0.0956281906513264,False
0.06492305546998978,0.051647824808559256,False
-0.011553483083844185,-0.011539150529838546,False
-0.020084112882614136,0.1874314546585083,False
0.030749142169952393,0.09932295834319792,False
-0.07017627358436584,0.10554868280356314,False
0.05963939428329468,0.177989405825457,False
-0.02746068499982357,0.010701564534687465,False
0.05078443884849548,0.1538909311457619,False
-0.02368779480457306,0.15777782900492981,False
-0.05470661818981171,-0.02230829875786531,False
-0.05870740860700607,-0.030611631367160316,False
-0.018425852060317993,0.09402033940730814,False
-0.021718762814998627,0.06620251439123918,False
0.016749173402786255,-0.00954418004815116,False
0.003193432465195656,-0.04384031122029015,False
0.03175875544548035,0.0978036356317902,False
0.05550728738307953,0.08632563637448848,False
0.1602548360824585,0.24524289015946463,False
0.006942242383956909,0.26957598357893164,False
-0.12902820110321045,0.16065066536759576,False
-0.046378761529922485,0.015150369075994052,False
-0.02400042489171028,0.04703455205034504,False
-0.05322909727692604,0.004419957177254852,False
0.12593156099319458,0.313271408768805,False
-0.13907277584075928,0.39963421550450695,False
0.12785953283309937,0.2377257572405633,False
0.0007055401802062988,0.1691249812204865,False
0.05279863625764847,0.1485514050808207,False
-0.0400521457195282,0.13246433167125327,False
0.11575530469417572,0.20888042576090132,False
-0.006274087354540825,0.04683268442749977,False
-0.015715189278125763,0.0,False
0.0037368685007095337,0.029860608301219053,False
-0.019381605088710785,0.03848439225080535,False
0.008569907397031784,0.013833248276183735,False
-0.08392886817455292,0.07796146051584228,False
0.10762636363506317,0.12606250445051276,False
0.05142483115196228,0.29030407697960087,False
0.0005957335233688354,0.214131460321742,False
-0.06615293025970459,0.07425576310280496,False
0.09747344255447388,0.017789218235942705,False
0.021027028560638428,0.1747251106321454,False
0.06593858450651169,0.21287593654171008,False
-0.07034949958324432,0.2307739288432959,False
0.0015235915780067444,-0.022561304331173496,False
0.056103818118572235,0.22942912153895959,False
-0.08436159789562225,-0.0021853278953867586,False
0.0744817703962326,0.20225300827501214,False
-0.009145289659500122,0.14998915051588885,False
-0.025325514376163483,-0.054806695390783325,False
0.0024305805563926697,0.09542631654942027,False
-0.04545396566390991,-0.07584956368413627,False
-0.1653483808040619,0.1460705950510502,False
0.003972634673118591,0.35213565826416016,False
-0.01600232720375061,0.24034030052983774,False
0.04472184553742409,0.17860563766679005,False
-0.023973777890205383,-0.006648637741684711,False
-0.01810877025127411,-0.021965935661973385,False
-0.016824811697006226,0.05550105918459289,False
-0.13830578327178955,0.70642866089679,False
-0.03815102577209473,0.24191883477059523,False
-0.06894078850746155,0.11437245919222064,False
0.04236698895692825,0.07003609504663179,False
-0.0017950295004993677,0.023535968735814095,False
-0.042094796895980835,0.05557446253583327,False
-0.004374926909804344,2.8887432563351467e-05,False
0.02444586157798767,0.22576383165872033,False
0.0954514592885971,0.054850537329912186,False
-0.011851444840431213,0.1719017609139479,False
-0.0011277347803115845,0.13929459695160348,False
-0.024101480841636658,0.09628446763339817,False
-0.03434119001030922,-0.004706397801138639,False
-0.014827616512775421,0.1633473239005922,False
0.08771184831857681,0.1688286762046643,False
0.072071373462677,0.29154361907166015,False
-0.22051769495010376,0.19870740154787903,False
0.03815475106239319,0.10298399038223258,False
0.012257874011993408,0.14780446341111908,False
-0.11878439784049988,0.3193351745114912,False
-0.006979838013648987,-0.006176078497278314,False
-0.0072903744876384735,-0.12260135205758071,False
0.010376445949077606,0.0,False
0.017560292035341263,0.1360592395067215,False
0.2228081226348877,1.5237140508549554,False
-0.05787980556488037,-0.15981091874309833,False
-0.04347142577171326,0.19132754691191584,False
-0.22159385681152344,0.147702063664424,False
0.0522494912147522,0.2898689204836272,False
-0.0056540220975875854,0.20994057557162826,False
-0.11136490106582642,0.3767260867165605,False
0.007559370249509811,0.12055208534002304,False
-0.12380322813987732,0.30105535617932805,False
-0.12886232137680054,0.33975333520190354,False
-0.008588689379394054,0.0,False
0.04377342760562897,0.17330779704682836,False
-0.02537713386118412,0.0025202345568686724,False
0.041629016399383545,0.29938723092086666,False
-0.003164231777191162,0.1466413733038655,False
-0.004536084830760956,-0.011741968541201265,False
-0.025265593081712723,0.04682331641639498,False
0.015613242983818054,0.02833554219003337,False
-0.031841665506362915,0.06407813865153818,False
-0.019945330917835236,0.08616822212934494,False
-0.01644420623779297,0.10840134632026321,False
-0.08399049937725067,0.005491609132312794,False
0.0859699547290802,0.13870837273566425,False
-0.020222226157784462,-0.05088502143785069,False
-0.10404956340789795,0.19123921069415442,False
0.17107397317886353,0.43524019518042056,False
0.013372331857681274,0.14971188339515012,False
0.017787516117095947,0.20897335715975354,False
-0.06751392781734467,-0.01429912506990557,False
-0.09756684303283691,-0.08285100134827181,False
-0.22039440274238586,-0.034392956636269505,False
-0.0873028114438057,-0.08784739029485593,False
-0.029752306640148163,-0.06131375225777255,False
0.08231282234191895,0.4210471520057594,False
0.0008163303136825562,0.10763115071189218,False
0.02603059634566307,0.07409369701743117,False
-0.04247608035802841,0.016689490526914597,False
-0.006769344210624695,0.02384679388079239,False
-0.02891422063112259,0.03974163766244501,False
-0.0019664992578327656,0.0,False
0.02498076856136322,0.1702726665352001,False
0.05519464612007141,0.37154729490729166,False
0.01688675954937935,-0.002902553860612292,False
0.0002850741147994995,0.12063847151596113,False
-0.08812391757965088,0.5454109973206491,False
-0.0028323503211140633,6.554330320795998e-05,False
0.028853565454483032,0.09541288018226624,False
-0.2969677448272705,1.5858889217541843,False
-0.012512437999248505,0.053545347434169194,False
0.2219756841659546,0.7093591396120773,False
0.0046244533732533455,0.0,False
0.018343254923820496,0.15951543666911772,False
-0.0021096840500831604,-0.018778532455222013,False
-0.010173171758651733,0.0,False
0.0009642094373703003,-0.03676576529150437,False
-0.05321703851222992,-0.05822089288237678,False
-0.008974283933639526,0.04122843525456232,False
-0.035101160407066345,0.3918612537846121,False
0.12536823749542236,0.7680173038423649,False
0.1600712537765503,1.0645084075862092,False
-0.031490761786699295,-0.03619825423954775,False
-0.02032841183245182,0.0,False
-0.02700696885585785,0.0014408053474737198,False
-0.11936691403388977,0.09325883221438233,False
-0.044029563665390015,-0.019794170495885874,False
-0.00659538060426712,0.151013653306358,False
-0.007188558578491211,0.3354052099987994,False
0.02370108664035797,0.13832651758170236,False
0.04970038682222366,0.13854964757321656,False
-0.009111786261200905,0.010000437085298299,False
0.15283280611038208,0.7899633858576786,False
0.003328874707221985,0.0896292619497236,False
-0.041126787662506104,-0.003080585885662096,False
-0.03104499727487564,-0.10121107047085218,False
0.04506409168243408,0.11354306849095654,False
0.05324564874172211,0.21088996024756815,False
0.050103962421417236,0.005583451290415799,False
0.2710745334625244,0.598454049902378,False
-0.0015810467302799225,0.004301928449422121,False
0.020194821059703827,0.12697905454175648,False
-0.1682581901550293,0.033553872200349416,False
0.02047465741634369,-0.02629187294268654,False
0.011450458317995071,0.06082315644648822,False
-0.025352314114570618,0.02836411992258417,False
-0.004649132024496794,-0.01207207060209207,False
-0.09554723650217056,0.05243398587887563,False
0.01900985836982727,0.19890168179760237,False
-0.010768979787826538,0.013493740445755284,False
-0.03793633356690407,-0.12835133580632788,False
-0.04703259468078613,0.22847089943736795,False
-0.1500442624092102,0.055422897843987046,False
-0.001657925546169281,0.16000670170748213,False
0.025425337255001068,-0.020313650135964534,False
-0.030882224440574646,-0.01698707036578844,False
-0.0051931776106357574,-0.030414635764066097,False
0.06956981867551804,0.18874764708177819,False
0.03384603559970856,0.18173411221090144,False
0.069003164768219,0.3400488243997682,False
0.05829371511936188,0.1516042217817432,False
0.049835287034511566,0.007667437195777893,False
-0.10894724726676941,0.054402334227196425,False
0.029410511255264282,0.19335481524467468,False
-0.22305113077163696,0.17118531066885084,False
0.10803546756505966,0.16687257247738976,False
-0.035619430243968964,-0.038237943820617654,False
-0.0020852163434028625,-0.012583630421348267,False
-0.06279867142438889,-0.06024662604666267,False
0.02772064507007599,0.04681475566177813,False
-0.008277609944343567,0.07553181052207947,False
-0.22904092073440552,0.23059385694313772,False
0.0,0.0,False
0.015726156532764435,0.17285875211550325,False
0.046738773584365845,0.4559525497274997,False
-0.015285298228263855,0.05666630618214718,False
-0.015027523040771484,-0.03373440714601986,False
0.048649951815605164,0.25417120129860976,False
-0.004544004797935486,0.20358478750125322,False
-0.03950910270214081,-0.20917141268954914,False
0.001210276037454605,0.0037356000393629074,False
-0.09437733888626099,0.06156914588899036,False
0.12893766164779663,0.26694403066904643,False
0.3507612347602844,1.6199926147785737,False
0.10522007942199707,1.0916217453186252,False
-0.20587058365345,0.03614808337157058,False
0.03682953864336014,0.08888798952102661,False
0.049123942852020264,0.0897833605681955,False
0.04656694084405899,0.019330592826008797,False
0.05731358379125595,0.15476649513044374,False
0.01846921443939209,0.2649953351675915,False
-0.022362947463989258,0.06110096088872015,False
-0.006675333715975285,-0.005839825998692731,False
-0.004799492657184601,0.17239249121276434,False
0.026059016585350037,0.1713585145597864,False
0.058853015303611755,0.0590244642509227,False
-0.010170534253120422,0.1729862839899745,False
0.016744840890169144,0.05416713201569935,False
-0.03225645422935486,-0.009746399820219714,False
0.0528360977768898,0.09151202127853666,False
-0.0029094102792441845,-0.003355934496989055,False
-0.043303459882736206,-0.002337229918616013,False
-0.011369295418262482,0.13791287056912122,False
0.02124829590320587,0.09994811564683914,False
-0.15633893013000488,0.06471832773401551,False
-0.037030719220638275,0.07305845618247986,False
-0.0613018274307251,0.109811994269788,False
0.07436845451593399,0.019143575041255134,False
0.16605651378631592,0.672695334668175,False
0.4271520972251892,1.3610675561287178,False
0.010793715715408325,0.039335534718982754,False
-0.324995756149292,0.042709165502068824,False
-0.5090665817260742,1.1095452408828534,False
-0.02243584394454956,0.09382739268549667,False
0.15965449810028076,1.2714946087214896,False
0.02395617961883545,0.3390189324750006,False
-0.31645894050598145,0.5507951480540969,False
-0.1323147416114807,-0.011618192258669904,False
-0.10448265075683594,0.23353932650963355,False
-0.008048448711633682,-0.022709563122949604,False
0.009491889737546444,-0.015163414329709368,False
0.01544148288667202,0.07641784547776702,False
-0.2108789086341858,-0.006187477190050195,False
0.19351589679718018,0.3465087317611718,False
-0.11661648750305176,2.1428996550009773,False
-0.009522289969027042,0.0,False
0.04026671499013901,0.04353773343040321,False
-0.003364264965057373,0.4651904527579211,False
-0.035970307886600494,-0.026804366451684644,False
-0.021600961685180664,0.22173522852356345,False
0.11417680978775024,0.772117940227013,False
0.054708465933799744,0.18345473977954474,False
-0.02961888164281845,-0.0692896878750518,False
-0.011970722116529942,-0.003912559676511521,False
-0.039137840270996094,0.022196722912824922,False
0.026535842567682266,0.06480759382247925,False
-0.0009233053424395621,0.0,False
-0.07680753618478775,-0.04183356039934424,False
0.0041697025299072266,0.22065390956115963,False
-0.050513967871665955,0.0681717859740269,False
0.04152829945087433,0.20722312703364,False
0.0219125933945179,-0.011579522834023406,False
-0.056269481778144836,0.06159859819185295,False
0.008835382759571075,0.004217384075414138,False
-0.0360259935259819,0.1822395090930803,False
-0.030583322048187256,-0.010031050055157656,False
0.004351958632469177,0.000873052456881851,False
-0.0001785270869731903,0.00925698595899404,False
0.0036956146359443665,-0.005331662655149701,False
-0.06702665984630585,0.10834876738427188,False
0.0659404993057251,0.49977398413418067,False
-0.05388200283050537,0.00046249663739533764,False
-0.0738716721534729,0.13768817377797088,False
0.13000789284706116,0.1490630795855588,False
0.03250373527407646,-0.03013850171467769,False
0.021754853427410126,0.04549861017714106,False
0.08657944947481155,0.13285548995111277,False
0.03652329742908478,0.14810820345020104,False
-0.033755913376808167,0.08690827183873624,False
-0.40696603059768677,-0.12767388883654596,False
0.02241462469100952,0.5188225858753566,False
