score,group,threshold,split,cell_type,drug,dose
-1.4026587,Control,8.253845643997177,split2,B cells,Palbociclib,0.0709219858156028
-2.123269,Control,8.253845643997177,split2,B cells,Palbociclib,0.0709219858156028
-1.8473041,Control,8.253845643997177,split2,B cells,Palbociclib,0.0709219858156028
-5.096698,Control,8.253845643997177,split2,B cells,Palbociclib,0.0709219858156028
2.9781766,Control,8.253845643997177,split2,B cells,Palbociclib,0.0709219858156028
-3.2769256,Control,8.253845643997177,split2,B cells,Palbociclib,0.0709219858156028
-3.6771157,Control,8.253845643997177,split2,B cells,Palbociclib,0.0709219858156028
3.444548,Control,8.253845643997177,split2,B cells,Palbociclib,0.0709219858156028
-5.0745125,Control,8.253845643997177,split2,B cells,Palbociclib,0.0709219858156028
1.1814535,Control,8.253845643997177,split2,B cells,Palbociclib,0.0709219858156028
-1.080619,Control,8.253845643997177,split2,B cells,Palbociclib,0.0709219858156028
1.7748954,Control,8.253845643997177,split2,B cells,Palbociclib,0.0709219858156028
-9.791835,Control,8.253845643997177,split2,B cells,Palbociclib,0.0709219858156028
3.4068148,Control,8.253845643997177,split2,B cells,Palbociclib,0.0709219858156028
-7.4123774,Control,8.253845643997177,split2,B cells,Palbociclib,0.0709219858156028
-2.4601717,Control,8.253845643997177,split2,B cells,Palbociclib,0.0709219858156028
3.5934656,Control,8.253845643997177,split2,B cells,Palbociclib,0.0709219858156028
-4.7819104,Control,8.253845643997177,split2,B cells,Palbociclib,0.0709219858156028
12.389597,Control,8.253845643997177,split2,B cells,Palbociclib,0.0709219858156028
-2.6284857,Control,8.253845643997177,split2,B cells,Palbociclib,0.0709219858156028
-0.23131329,Control,8.253845643997177,split2,B cells,Palbociclib,0.0709219858156028
6.9195404,Control,8.253845643997177,split2,B cells,Palbociclib,0.0709219858156028
6.4128666,Control,8.253845643997177,split2,B cells,Palbociclib,0.0709219858156028
-10.123401,Control,8.253845643997177,split2,B cells,Palbociclib,0.0709219858156028
2.1812587,Control,8.253845643997177,split2,B cells,Palbociclib,0.0709219858156028
-1.7074358,Control,8.253845643997177,split2,B cells,Palbociclib,0.0709219858156028
6.198965,Control,8.253845643997177,split2,B cells,Palbociclib,0.0709219858156028
-8.553327,Control,8.253845643997177,split2,B cells,Palbociclib,0.0709219858156028
-1.3350377,Control,8.253845643997177,split2,B cells,Palbociclib,0.0709219858156028
-3.1128905,Control,8.253845643997177,split2,B cells,Palbociclib,0.0709219858156028
2.5764832,Control,8.253845643997177,split2,B cells,Palbociclib,0.0709219858156028
-6.735199,Control,8.253845643997177,split2,B cells,Palbociclib,0.0709219858156028
-2.103985,Control,8.253845643997177,split2,B cells,Palbociclib,0.0709219858156028
0.9548008,Control,8.253845643997177,split2,B cells,Palbociclib,0.0709219858156028
3.795513,Control,8.253845643997177,split2,B cells,Palbociclib,0.0709219858156028
4.129768,Control,8.253845643997177,split2,B cells,Palbociclib,0.0709219858156028
0.29615664,Control,8.253845643997177,split2,B cells,Palbociclib,0.0709219858156028
-1.1891048,Control,8.253845643997177,split2,B cells,Palbociclib,0.0709219858156028
-0.48453206,Control,8.253845643997177,split2,B cells,Palbociclib,0.0709219858156028
0.44135746,Control,8.253845643997177,split2,B cells,Palbociclib,0.0709219858156028
-0.16007984,Control,8.253845643997177,split2,B cells,Palbociclib,0.0709219858156028
-1.3273854,Control,8.253845643997177,split2,B cells,Palbociclib,0.0709219858156028
-9.3149605,Control,8.253845643997177,split2,B cells,Palbociclib,0.0709219858156028
2.3981204,Control,8.253845643997177,split2,B cells,Palbociclib,0.0709219858156028
-5.43503,Control,8.253845643997177,split2,B cells,Palbociclib,0.0709219858156028
0.89374214,Control,8.253845643997177,split2,B cells,Palbociclib,0.0709219858156028
-3.6697924,Control,8.253845643997177,split2,B cells,Palbociclib,0.0709219858156028
7.534607,Control,8.253845643997177,split2,B cells,Palbociclib,0.0709219858156028
-5.260457,Control,8.253845643997177,split2,B cells,Palbociclib,0.0709219858156028
-3.0001369,Control,8.253845643997177,split2,B cells,Palbociclib,0.0709219858156028
-7.0276804,Control,8.253845643997177,split2,B cells,Palbociclib,0.0709219858156028
-5.619217,Control,8.253845643997177,split2,B cells,Palbociclib,0.0709219858156028
-1.3339168,Control,8.253845643997177,split2,B cells,Palbociclib,0.0709219858156028
-3.5446463,Control,8.253845643997177,split2,B cells,Palbociclib,0.0709219858156028
-0.8838193,Control,8.253845643997177,split2,B cells,Palbociclib,0.0709219858156028
-1.9127454,Control,8.253845643997177,split2,B cells,Palbociclib,0.0709219858156028
1.032161,Control,8.253845643997177,split2,B cells,Palbociclib,0.0709219858156028
4.2812457,Control,8.253845643997177,split2,B cells,Palbociclib,0.0709219858156028
-7.0480804,Control,8.253845643997177,split2,B cells,Palbociclib,0.0709219858156028
-8.194604,Control,8.253845643997177,split2,B cells,Palbociclib,0.0709219858156028
-0.0977633,Control,8.253845643997177,split2,B cells,Palbociclib,0.0709219858156028
-8.760017,Control,8.253845643997177,split2,B cells,Palbociclib,0.0709219858156028
-1.6137173,Control,8.253845643997177,split2,B cells,Palbociclib,0.0709219858156028
6.3718033,Control,8.253845643997177,split2,B cells,Palbociclib,0.0709219858156028
12.149898,Control,8.253845643997177,split2,B cells,Palbociclib,0.0709219858156028
0.13968414,Control,8.253845643997177,split2,B cells,Palbociclib,0.0709219858156028
-2.0993617,Control,8.253845643997177,split2,B cells,Palbociclib,0.0709219858156028
-1.0623044,Control,8.253845643997177,split2,B cells,Palbociclib,0.0709219858156028
-0.13839519,Control,8.253845643997177,split2,B cells,Palbociclib,0.0709219858156028
-2.1706789,Control,8.253845643997177,split2,B cells,Palbociclib,0.0709219858156028
12.299086,Control,8.253845643997177,split2,B cells,Palbociclib,0.0709219858156028
-5.7636375,Control,8.253845643997177,split2,B cells,Palbociclib,0.0709219858156028
2.8087978,Control,8.253845643997177,split2,B cells,Palbociclib,0.0709219858156028
-0.39175332,Control,8.253845643997177,split2,B cells,Palbociclib,0.0709219858156028
2.6137812,Control,8.253845643997177,split2,B cells,Palbociclib,0.0709219858156028
2.1916816,Control,8.253845643997177,split2,B cells,Palbociclib,0.0709219858156028
7.211619,Control,8.253845643997177,split2,B cells,Palbociclib,0.0709219858156028
0.47451487,Control,8.253845643997177,split2,B cells,Palbociclib,0.0709219858156028
-4.302933,Control,8.253845643997177,split2,B cells,Palbociclib,0.0709219858156028
-1.0349544,Control,8.253845643997177,split2,B cells,Palbociclib,0.0709219858156028
-1.1886792,Control,8.253845643997177,split2,B cells,Palbociclib,0.0709219858156028
-4.798665,Control,8.253845643997177,split2,B cells,Palbociclib,0.0709219858156028
2.0419016,Control,8.253845643997177,split2,B cells,Palbociclib,0.0709219858156028
-4.5414367,Control,8.253845643997177,split2,B cells,Palbociclib,0.0709219858156028
-3.0103796,Control,8.253845643997177,split2,B cells,Palbociclib,0.0709219858156028
-5.5758257,Control,8.253845643997177,split2,B cells,Palbociclib,0.0709219858156028
6.667994,Control,8.253845643997177,split2,B cells,Palbociclib,0.0709219858156028
-4.1829925,Control,8.253845643997177,split2,B cells,Palbociclib,0.0709219858156028
6.438179,Control,8.253845643997177,split2,B cells,Palbociclib,0.0709219858156028
5.8546405,Control,8.253845643997177,split2,B cells,Palbociclib,0.0709219858156028
5.944353,Control,8.253845643997177,split2,B cells,Palbociclib,0.0709219858156028
-0.7319311,Control,8.253845643997177,split2,B cells,Palbociclib,0.0709219858156028
-5.5100355,Control,8.253845643997177,split2,B cells,Palbociclib,0.0709219858156028
9.838828,Control,8.253845643997177,split2,B cells,Palbociclib,0.0709219858156028
-3.8031347,Control,8.253845643997177,split2,B cells,Palbociclib,0.0709219858156028
3.357314,Control,8.253845643997177,split2,B cells,Palbociclib,0.0709219858156028
-2.3259957,Control,8.253845643997177,split2,B cells,Palbociclib,0.0709219858156028
2.5836222,Control,8.253845643997177,split2,B cells,Palbociclib,0.0709219858156028
-0.3161469,Control,8.253845643997177,split2,B cells,Palbociclib,0.0709219858156028
3.289203,Control,8.253845643997177,split2,B cells,Palbociclib,0.0709219858156028
-7.553568,Control,8.253845643997177,split2,B cells,Palbociclib,0.0709219858156028
-2.4256144,Control,8.253845643997177,split2,B cells,Palbociclib,0.0709219858156028
-0.32811058,Control,8.253845643997177,split2,B cells,Palbociclib,0.0709219858156028
9.233963,Control,8.253845643997177,split2,B cells,Palbociclib,0.0709219858156028
-3.330832,Control,8.253845643997177,split2,B cells,Palbociclib,0.0709219858156028
5.2554417,Control,8.253845643997177,split2,B cells,Palbociclib,0.0709219858156028
2.460918,Control,8.253845643997177,split2,B cells,Palbociclib,0.0709219858156028
-4.151801,Control,8.253845643997177,split2,B cells,Palbociclib,0.0709219858156028
5.6012435,Control,8.253845643997177,split2,B cells,Palbociclib,0.0709219858156028
-0.27042544,Control,8.253845643997177,split2,B cells,Palbociclib,0.0709219858156028
-6.143983,Control,8.253845643997177,split2,B cells,Palbociclib,0.0709219858156028
0.37057218,Control,8.253845643997177,split2,B cells,Palbociclib,0.0709219858156028
-3.7096407,Control,8.253845643997177,split2,B cells,Palbociclib,0.0709219858156028
3.755842,Control,8.253845643997177,split2,B cells,Palbociclib,0.0709219858156028
0.7455964,Control,8.253845643997177,split2,B cells,Palbociclib,0.0709219858156028
-6.8786144,Control,8.253845643997177,split2,B cells,Palbociclib,0.0709219858156028
-1.4799837,Control,8.253845643997177,split2,B cells,Palbociclib,0.0709219858156028
2.5212636,Control,8.253845643997177,split2,B cells,Palbociclib,0.0709219858156028
-2.5109787,Control,8.253845643997177,split2,B cells,Palbociclib,0.0709219858156028
1.9799631,Control,8.253845643997177,split2,B cells,Palbociclib,0.0709219858156028
15.1430025,Control,8.253845643997177,split2,B cells,Palbociclib,0.0709219858156028
-5.045986,Control,8.253845643997177,split2,B cells,Palbociclib,0.0709219858156028
-1.9197447,Control,8.253845643997177,split2,B cells,Palbociclib,0.0709219858156028
-0.037604272,Control,8.253845643997177,split2,B cells,Palbociclib,0.0709219858156028
-8.282896,Control,8.253845643997177,split2,B cells,Palbociclib,0.0709219858156028
0.014614582,Control,8.253845643997177,split2,B cells,Palbociclib,0.0709219858156028
4.8444295,Control,8.253845643997177,split2,B cells,Palbociclib,0.0709219858156028
-1.1326218,Control,8.253845643997177,split2,B cells,Palbociclib,0.0709219858156028
-10.89959,Control,8.253845643997177,split2,B cells,Palbociclib,0.0709219858156028
2.2666492,Control,8.253845643997177,split2,B cells,Palbociclib,0.0709219858156028
0.30173904,Control,8.253845643997177,split2,B cells,Palbociclib,0.0709219858156028
3.5679793,Control,8.253845643997177,split2,B cells,Palbociclib,0.0709219858156028
-3.6253784,Control,8.253845643997177,split2,B cells,Palbociclib,0.0709219858156028
-5.5351934,Control,8.253845643997177,split2,B cells,Palbociclib,0.0709219858156028
-3.623992,Control,8.253845643997177,split2,B cells,Palbociclib,0.0709219858156028
3.8346503,Control,8.253845643997177,split2,B cells,Palbociclib,0.0709219858156028
-12.4431,Control,8.253845643997177,split2,B cells,Palbociclib,0.0709219858156028
-1.4476669,Control,8.253845643997177,split2,B cells,Palbociclib,0.0709219858156028
-0.93286324,Control,8.253845643997177,split2,B cells,Palbociclib,0.0709219858156028
-0.8771759,Control,8.253845643997177,split2,B cells,Palbociclib,0.0709219858156028
0.9687521,Control,8.253845643997177,split2,B cells,Palbociclib,0.0709219858156028
6.0533724,Control,8.253845643997177,split2,B cells,Palbociclib,0.0709219858156028
5.6059866,Control,8.253845643997177,split2,B cells,Palbociclib,0.0709219858156028
0.71210796,Control,8.253845643997177,split2,B cells,Palbociclib,0.0709219858156028
5.334688,Control,8.253845643997177,split2,B cells,Palbociclib,0.0709219858156028
-1.6951747,Control,8.253845643997177,split2,B cells,Palbociclib,0.0709219858156028
8.886467,Control,8.253845643997177,split2,B cells,Palbociclib,0.0709219858156028
3.8145509,Control,8.253845643997177,split2,B cells,Palbociclib,0.0709219858156028
-5.959956,Control,8.253845643997177,split2,B cells,Palbociclib,0.0709219858156028
9.075494,Control,8.253845643997177,split2,B cells,Palbociclib,0.0709219858156028
-0.7918416,Control,8.253845643997177,split2,B cells,Palbociclib,0.0709219858156028
7.026014,Control,8.253845643997177,split2,B cells,Palbociclib,0.0709219858156028
-3.0536575,Control,8.253845643997177,split2,B cells,Palbociclib,0.0709219858156028
-0.25312287,Control,8.253845643997177,split2,B cells,Palbociclib,0.0709219858156028
7.25323,Control,8.253845643997177,split2,B cells,Palbociclib,0.0709219858156028
0.8700521,Control,8.253845643997177,split2,B cells,Palbociclib,0.0709219858156028
-3.9204524,Control,8.253845643997177,split2,B cells,Palbociclib,0.0709219858156028
0.52081656,Control,8.253845643997177,split2,B cells,Palbociclib,0.0709219858156028
-8.21571,Control,8.253845643997177,split2,B cells,Palbociclib,0.0709219858156028
8.226434,Control,8.253845643997177,split2,B cells,Palbociclib,0.0709219858156028
0.68890345,Control,8.253845643997177,split2,B cells,Palbociclib,0.0709219858156028
-1.5137236,Control,8.253845643997177,split2,B cells,Palbociclib,0.0709219858156028
-4.048615,Control,8.253845643997177,split2,B cells,Palbociclib,0.0709219858156028
-1.9365795,Control,8.253845643997177,split2,B cells,Palbociclib,0.0709219858156028
-6.440298,Control,8.253845643997177,split2,B cells,Palbociclib,0.0709219858156028
-0.36042523,Control,8.253845643997177,split2,B cells,Palbociclib,0.0709219858156028
3.8861992,Control,8.253845643997177,split2,B cells,Palbociclib,0.0709219858156028
1.8914344,Control,8.253845643997177,split2,B cells,Palbociclib,0.0709219858156028
-2.6975417,Control,8.253845643997177,split2,B cells,Palbociclib,0.0709219858156028
-4.2011995,Control,8.253845643997177,split2,B cells,Palbociclib,0.0709219858156028
1.7137411,Control,8.253845643997177,split2,B cells,Palbociclib,0.0709219858156028
-4.8142967,Control,8.253845643997177,split2,B cells,Palbociclib,0.0709219858156028
-5.345664,Control,8.253845643997177,split2,B cells,Palbociclib,0.0709219858156028
5.82593,Control,8.253845643997177,split2,B cells,Palbociclib,0.0709219858156028
1.899332,Control,8.253845643997177,split2,B cells,Palbociclib,0.0709219858156028
4.7889214,Control,8.253845643997177,split2,B cells,Palbociclib,0.0709219858156028
6.6145477,Control,8.253845643997177,split2,B cells,Palbociclib,0.0709219858156028
0.14907858,Control,8.253845643997177,split2,B cells,Palbociclib,0.0709219858156028
-3.2585964,Control,8.253845643997177,split2,B cells,Palbociclib,0.0709219858156028
4.3956213,Control,8.253845643997177,split2,B cells,Palbociclib,0.0709219858156028
1.2958138,Control,8.253845643997177,split2,B cells,Palbociclib,0.0709219858156028
-2.2814934,Control,8.253845643997177,split2,B cells,Palbociclib,0.0709219858156028
-4.3975086,Control,8.253845643997177,split2,B cells,Palbociclib,0.0709219858156028
4.9016767,Control,8.253845643997177,split2,B cells,Palbociclib,0.0709219858156028
0.16576463,Control,8.253845643997177,split2,B cells,Palbociclib,0.0709219858156028
-8.266199,Control,8.253845643997177,split2,B cells,Palbociclib,0.0709219858156028
3.496734,Control,8.253845643997177,split2,B cells,Palbociclib,0.0709219858156028
3.0114052,Control,8.253845643997177,split2,B cells,Palbociclib,0.0709219858156028
-0.050305128,Control,8.253845643997177,split2,B cells,Palbociclib,0.0709219858156028
2.5246766,Control,8.253845643997177,split2,B cells,Palbociclib,0.0709219858156028
2.8146396,Control,8.253845643997177,split2,B cells,Palbociclib,0.0709219858156028
1.3906333,Control,8.253845643997177,split2,B cells,Palbociclib,0.0709219858156028
0.17034078,Control,8.253845643997177,split2,B cells,Palbociclib,0.0709219858156028
3.2528372,Control,8.253845643997177,split2,B cells,Palbociclib,0.0709219858156028
-3.7246692,Control,8.253845643997177,split2,B cells,Palbociclib,0.0709219858156028
-2.3672714,Control,8.253845643997177,split2,B cells,Palbociclib,0.0709219858156028
-3.7127419,Control,8.253845643997177,split2,B cells,Palbociclib,0.0709219858156028
4.005288,Control,8.253845643997177,split2,B cells,Palbociclib,0.0709219858156028
-1.4271908,Control,8.253845643997177,split2,B cells,Palbociclib,0.0709219858156028
-0.04446292,Control,8.253845643997177,split2,B cells,Palbociclib,0.0709219858156028
5.30146,Control,8.253845643997177,split2,B cells,Palbociclib,0.0709219858156028
0.72224855,Control,8.253845643997177,split2,B cells,Palbociclib,0.0709219858156028
0.66444975,Control,8.253845643997177,split2,B cells,Palbociclib,0.0709219858156028
-2.6373017,Control,8.253845643997177,split2,B cells,Palbociclib,0.0709219858156028
-8.324732,Control,8.253845643997177,split2,B cells,Palbociclib,0.0709219858156028
7.893338,Control,8.253845643997177,split2,B cells,Palbociclib,0.0709219858156028
1.110956,Control,8.253845643997177,split2,B cells,Palbociclib,0.0709219858156028
-3.6094985,Control,8.253845643997177,split2,B cells,Palbociclib,0.0709219858156028
0.31535184,Control,8.253845643997177,split2,B cells,Palbociclib,0.0709219858156028
-0.7698893,Control,8.253845643997177,split2,B cells,Palbociclib,0.0709219858156028
5.4843016,Control,8.253845643997177,split2,B cells,Palbociclib,0.0709219858156028
-2.0795517,Control,8.253845643997177,split2,B cells,Palbociclib,0.0709219858156028
8.154643,Control,8.253845643997177,split2,B cells,Palbociclib,0.0709219858156028
-1.2090129,Control,8.253845643997177,split2,B cells,Palbociclib,0.0709219858156028
-4.222654,Control,8.253845643997177,split2,B cells,Palbociclib,0.0709219858156028
0.4879196,Control,8.253845643997177,split2,B cells,Palbociclib,0.0709219858156028
-1.2481792,Control,8.253845643997177,split2,B cells,Palbociclib,0.0709219858156028
9.883268,Control,8.253845643997177,split2,B cells,Palbociclib,0.0709219858156028
2.3654394,Control,8.253845643997177,split2,B cells,Palbociclib,0.0709219858156028
1.1213844,Control,8.253845643997177,split2,B cells,Palbociclib,0.0709219858156028
-2.228106,Control,8.253845643997177,split2,B cells,Palbociclib,0.0709219858156028
3.1248145,Control,8.253845643997177,split2,B cells,Palbociclib,0.0709219858156028
4.1658945,Control,8.253845643997177,split2,B cells,Palbociclib,0.0709219858156028
-3.3491485,Control,8.253845643997177,split2,B cells,Palbociclib,0.0709219858156028
-1.4486202,Control,8.253845643997177,split2,B cells,Palbociclib,0.0709219858156028
-2.2532125,Control,8.253845643997177,split2,B cells,Palbociclib,0.0709219858156028
-2.5449843,Control,8.253845643997177,split2,B cells,Palbociclib,0.0709219858156028
-2.8430321,Control,8.253845643997177,split2,B cells,Palbociclib,0.0709219858156028
3.8365538,Control,8.253845643997177,split2,B cells,Palbociclib,0.0709219858156028
3.5264368,Control,8.253845643997177,split2,B cells,Palbociclib,0.0709219858156028
-2.79346,Control,8.253845643997177,split2,B cells,Palbociclib,0.0709219858156028
-2.831396,Control,8.253845643997177,split2,B cells,Palbociclib,0.0709219858156028
13.932723,Control,8.253845643997177,split2,B cells,Palbociclib,0.0709219858156028
1.9345003,Control,8.253845643997177,split2,B cells,Palbociclib,0.0709219858156028
2.7857807,Control,8.253845643997177,split2,B cells,Palbociclib,0.0709219858156028
6.9940863,Control,8.253845643997177,split2,B cells,Palbociclib,0.0709219858156028
2.6642897,Control,8.253845643997177,split2,B cells,Palbociclib,0.0709219858156028
2.8307283,Control,8.253845643997177,split2,B cells,Palbociclib,0.0709219858156028
2.9078825,Control,8.253845643997177,split2,B cells,Palbociclib,0.0709219858156028
-4.5367374,Control,8.253845643997177,split2,B cells,Palbociclib,0.0709219858156028
8.552885,Control,8.253845643997177,split2,B cells,Palbociclib,0.0709219858156028
-7.448823,Control,8.253845643997177,split2,B cells,Palbociclib,0.0709219858156028
6.5230603,Control,8.253845643997177,split2,B cells,Palbociclib,0.0709219858156028
-4.947138,Control,8.253845643997177,split2,B cells,Palbociclib,0.0709219858156028
-5.1891756,Control,8.253845643997177,split2,B cells,Palbociclib,0.0709219858156028
2.1889513,Control,8.253845643997177,split2,B cells,Palbociclib,0.0709219858156028
3.5149417,Control,8.253845643997177,split2,B cells,Palbociclib,0.0709219858156028
2.9903004,Control,8.253845643997177,split2,B cells,Palbociclib,0.0709219858156028
10.489527,Control,8.253845643997177,split2,B cells,Palbociclib,0.0709219858156028
12.220102,Control,8.253845643997177,split2,B cells,Palbociclib,0.0709219858156028
-7.267555,Control,8.253845643997177,split2,B cells,Palbociclib,0.0709219858156028
-2.4008589,Control,8.253845643997177,split2,B cells,Palbociclib,0.0709219858156028
2.404953,Control,8.253845643997177,split2,B cells,Palbociclib,0.0709219858156028
0.06764835,Control,8.253845643997177,split2,B cells,Palbociclib,0.0709219858156028
2.7279723,Control,8.253845643997177,split2,B cells,Palbociclib,0.0709219858156028
-9.134093,Control,8.253845643997177,split2,B cells,Palbociclib,0.0709219858156028
-4.502634,Control,8.253845643997177,split2,B cells,Palbociclib,0.0709219858156028
-0.7702383,Control,8.253845643997177,split2,B cells,Palbociclib,0.0709219858156028
0.7765131,Control,8.253845643997177,split2,B cells,Palbociclib,0.0709219858156028
-3.3150856,Control,8.253845643997177,split2,B cells,Palbociclib,0.0709219858156028
12.6905575,Control,8.253845643997177,split2,B cells,Palbociclib,0.0709219858156028
0.18642634,Control,8.253845643997177,split2,B cells,Palbociclib,0.0709219858156028
3.4658558,Control,8.253845643997177,split2,B cells,Palbociclib,0.0709219858156028
-2.355936,Control,8.253845643997177,split2,B cells,Palbociclib,0.0709219858156028
2.8528655,Control,8.253845643997177,split2,B cells,Palbociclib,0.0709219858156028
-5.340666,Control,8.253845643997177,split2,B cells,Palbociclib,0.0709219858156028
-0.45970464,Control,8.253845643997177,split2,B cells,Palbociclib,0.0709219858156028
9.511684,Control,8.253845643997177,split2,B cells,Palbociclib,0.0709219858156028
0.023315787,Control,8.253845643997177,split2,B cells,Palbociclib,0.0709219858156028
2.4258504,Control,8.253845643997177,split2,B cells,Palbociclib,0.0709219858156028
6.357427,Control,8.253845643997177,split2,B cells,Palbociclib,0.0709219858156028
-1.3279996,Control,8.253845643997177,split2,B cells,Palbociclib,0.0709219858156028
4.802269,Control,8.253845643997177,split2,B cells,Palbociclib,0.0709219858156028
-1.3872906,Control,8.253845643997177,split2,B cells,Palbociclib,0.0709219858156028
0.018688083,Control,8.253845643997177,split2,B cells,Palbociclib,0.0709219858156028
-4.052858,Control,8.253845643997177,split2,B cells,Palbociclib,0.0709219858156028
-3.3129323,Control,8.253845643997177,split2,B cells,Palbociclib,0.0709219858156028
-7.853758,Control,8.253845643997177,split2,B cells,Palbociclib,0.0709219858156028
-3.191417,Control,8.253845643997177,split2,B cells,Palbociclib,0.0709219858156028
-2.6507776,Control,8.253845643997177,split2,B cells,Palbociclib,0.0709219858156028
8.214353,Control,8.253845643997177,split2,B cells,Palbociclib,0.0709219858156028
4.367522,Control,8.253845643997177,split2,B cells,Palbociclib,0.0709219858156028
3.3173501,Control,8.253845643997177,split2,B cells,Palbociclib,0.0709219858156028
-1.0172571,Control,8.253845643997177,split2,B cells,Palbociclib,0.0709219858156028
4.798739,Control,8.253845643997177,split2,B cells,Palbociclib,0.0709219858156028
-4.1132035,Control,8.253845643997177,split2,B cells,Palbociclib,0.0709219858156028
-0.9027136,Control,8.253845643997177,split2,B cells,Palbociclib,0.0709219858156028
1.945029,Control,8.253845643997177,split2,B cells,Palbociclib,0.0709219858156028
-12.114927,Control,8.253845643997177,split2,B cells,Palbociclib,0.0709219858156028
10.123677,Control,8.253845643997177,split2,B cells,Palbociclib,0.0709219858156028
-4.7670403,Control,8.253845643997177,split2,B cells,Palbociclib,0.0709219858156028
-7.66362,Control,8.253845643997177,split2,B cells,Palbociclib,0.0709219858156028
-3.9584725,Control,8.253845643997177,split2,B cells,Palbociclib,0.0709219858156028
1.5521754,Control,8.253845643997177,split2,B cells,Palbociclib,0.0709219858156028
-1.7245412,Control,8.253845643997177,split2,B cells,Palbociclib,0.0709219858156028
2.551509,Control,8.253845643997177,split2,B cells,Palbociclib,0.0709219858156028
1.1076378,Control,8.253845643997177,split2,B cells,Palbociclib,0.0709219858156028
-3.6457858,Control,8.253845643997177,split2,B cells,Palbociclib,0.0709219858156028
-2.8521733,Control,8.253845643997177,split2,B cells,Palbociclib,0.0709219858156028
6.596489,Control,8.253845643997177,split2,B cells,Palbociclib,0.0709219858156028
-4.669074,Control,8.253845643997177,split2,B cells,Palbociclib,0.0709219858156028
1.6144421,Control,8.253845643997177,split2,B cells,Palbociclib,0.0709219858156028
-1.15304,Control,8.253845643997177,split2,B cells,Palbociclib,0.0709219858156028
-10.611674,Control,8.253845643997177,split2,B cells,Palbociclib,0.0709219858156028
1.5823052,Control,8.253845643997177,split2,B cells,Palbociclib,0.0709219858156028
5.014865,Control,8.253845643997177,split2,B cells,Palbociclib,0.0709219858156028
3.585595,Control,8.253845643997177,split2,B cells,Palbociclib,0.0709219858156028
-3.2185423,Control,8.253845643997177,split2,B cells,Palbociclib,0.0709219858156028
-1.4410639,Control,8.253845643997177,split2,B cells,Palbociclib,0.0709219858156028
-13.585193,Control,8.253845643997177,split2,B cells,Palbociclib,0.0709219858156028
4.8907423,Control,8.253845643997177,split2,B cells,Palbociclib,0.0709219858156028
-0.8709663,Control,8.253845643997177,split2,B cells,Palbociclib,0.0709219858156028
-6.6768394,Control,8.253845643997177,split2,B cells,Palbociclib,0.0709219858156028
-1.2039337,Control,8.253845643997177,split2,B cells,Palbociclib,0.0709219858156028
-0.8283584,Control,8.253845643997177,split2,B cells,Palbociclib,0.0709219858156028
-2.8008912,Control,8.253845643997177,split2,B cells,Palbociclib,0.0709219858156028
6.3844643,Control,8.253845643997177,split2,B cells,Palbociclib,0.0709219858156028
-2.5347924,Control,8.253845643997177,split2,B cells,Palbociclib,0.0709219858156028
-3.678928,Control,8.253845643997177,split2,B cells,Palbociclib,0.0709219858156028
-1.712059,Control,8.253845643997177,split2,B cells,Palbociclib,0.0709219858156028
4.273184,Control,8.253845643997177,split2,B cells,Palbociclib,0.0709219858156028
-5.0624914,Control,8.253845643997177,split2,B cells,Palbociclib,0.0709219858156028
-0.10621071,Control,8.253845643997177,split2,B cells,Palbociclib,0.0709219858156028
-6.6266394,Control,8.253845643997177,split2,B cells,Palbociclib,0.0709219858156028
8.805377,Control,8.253845643997177,split2,B cells,Palbociclib,0.0709219858156028
1.6763195,Control,8.253845643997177,split2,B cells,Palbociclib,0.0709219858156028
5.7324057,Control,8.253845643997177,split2,B cells,Palbociclib,0.0709219858156028
0.29204154,Control,8.253845643997177,split2,B cells,Palbociclib,0.0709219858156028
0.24815166,Control,8.253845643997177,split2,B cells,Palbociclib,0.0709219858156028
2.295472,Control,8.253845643997177,split2,B cells,Palbociclib,0.0709219858156028
4.199084,Control,8.253845643997177,split2,B cells,Palbociclib,0.0709219858156028
5.9252853,Control,8.253845643997177,split2,B cells,Palbociclib,0.0709219858156028
-1.0155607,Control,8.253845643997177,split2,B cells,Palbociclib,0.0709219858156028
8.172447,Control,8.253845643997177,split2,B cells,Palbociclib,0.0709219858156028
0.9693798,Control,8.253845643997177,split2,B cells,Palbociclib,0.0709219858156028
12.226027,Control,8.253845643997177,split2,B cells,Palbociclib,0.0709219858156028
5.012499,Control,8.253845643997177,split2,B cells,Palbociclib,0.0709219858156028
2.3040268,Control,8.253845643997177,split2,B cells,Palbociclib,0.0709219858156028
-8.485938,Control,8.253845643997177,split2,B cells,Palbociclib,0.0709219858156028
0.17793775,Control,8.253845643997177,split2,B cells,Palbociclib,0.0709219858156028
-4.8099823,Control,8.253845643997177,split2,B cells,Palbociclib,0.0709219858156028
-6.1676483,Control,8.253845643997177,split2,B cells,Palbociclib,0.0709219858156028
3.7752862,Control,8.253845643997177,split2,B cells,Palbociclib,0.0709219858156028
-1.9381295,Control,8.253845643997177,split2,B cells,Palbociclib,0.0709219858156028
-4.480877,Control,8.253845643997177,split2,B cells,Palbociclib,0.0709219858156028
-3.5688426,Control,8.253845643997177,split2,B cells,Palbociclib,0.0709219858156028
-2.4835567,Control,8.253845643997177,split2,B cells,Palbociclib,0.0709219858156028
-0.93347925,Control,8.253845643997177,split2,B cells,Palbociclib,0.0709219858156028
-4.4737444,Control,8.253845643997177,split2,B cells,Palbociclib,0.0709219858156028
-1.0832013,Control,8.253845643997177,split2,B cells,Palbociclib,0.0709219858156028
4.5290313,Control,8.253845643997177,split2,B cells,Palbociclib,0.0709219858156028
1.4697752,Control,8.253845643997177,split2,B cells,Palbociclib,0.0709219858156028
0.04916501,Control,8.253845643997177,split2,B cells,Palbociclib,0.0709219858156028
2.8400824,Control,8.253845643997177,split2,B cells,Palbociclib,0.0709219858156028
3.5799894,Control,8.253845643997177,split2,B cells,Palbociclib,0.0709219858156028
-9.664841,Control,8.253845643997177,split2,B cells,Palbociclib,0.0709219858156028
5.1886153,Control,8.253845643997177,split2,B cells,Palbociclib,0.0709219858156028
6.49584,Control,8.253845643997177,split2,B cells,Palbociclib,0.0709219858156028
1.3565814,Control,8.253845643997177,split2,B cells,Palbociclib,0.0709219858156028
1.9018391,Control,8.253845643997177,split2,B cells,Palbociclib,0.0709219858156028
-4.4275565,Control,8.253845643997177,split2,B cells,Palbociclib,0.0709219858156028
1.2061963,Control,8.253845643997177,split2,B cells,Palbociclib,0.0709219858156028
-2.3487976,Control,8.253845643997177,split2,B cells,Palbociclib,0.0709219858156028
-1.9324489,Control,8.253845643997177,split2,B cells,Palbociclib,0.0709219858156028
1.2925162,Control,8.253845643997177,split2,B cells,Palbociclib,0.0709219858156028
-1.8305249,Control,8.253845643997177,split2,B cells,Palbociclib,0.0709219858156028
12.509521,Control,8.253845643997177,split2,B cells,Palbociclib,0.0709219858156028
12.4494095,Control,8.253845643997177,split2,B cells,Palbociclib,0.0709219858156028
1.1595268,Control,8.253845643997177,split2,B cells,Palbociclib,0.0709219858156028
9.651835,Control,8.253845643997177,split2,B cells,Palbociclib,0.0709219858156028
-0.14115584,Control,8.253845643997177,split2,B cells,Palbociclib,0.0709219858156028
-9.655486,Control,8.253845643997177,split2,B cells,Palbociclib,0.0709219858156028
0.634336,Control,8.253845643997177,split2,B cells,Palbociclib,0.0709219858156028
-6.9850082,Control,8.253845643997177,split2,B cells,Palbociclib,0.0709219858156028
5.9236684,Control,8.253845643997177,split2,B cells,Palbociclib,0.0709219858156028
-1.2686021,Control,8.253845643997177,split2,B cells,Palbociclib,0.0709219858156028
-10.767343,Control,8.253845643997177,split2,B cells,Palbociclib,0.0709219858156028
4.302475,Control,8.253845643997177,split2,B cells,Palbociclib,0.0709219858156028
-2.1195838,Control,8.253845643997177,split2,B cells,Palbociclib,0.0709219858156028
4.254493,Control,8.253845643997177,split2,B cells,Palbociclib,0.0709219858156028
-3.4076726,Control,8.253845643997177,split2,B cells,Palbociclib,0.0709219858156028
-6.648114,Control,8.253845643997177,split2,B cells,Palbociclib,0.0709219858156028
-3.6049025,Control,8.253845643997177,split2,B cells,Palbociclib,0.0709219858156028
-1.1046486,Control,8.253845643997177,split2,B cells,Palbociclib,0.0709219858156028
-2.2233357,Control,8.253845643997177,split2,B cells,Palbociclib,0.0709219858156028
-2.753985,Control,8.253845643997177,split2,B cells,Palbociclib,0.0709219858156028
2.6062925,Control,8.253845643997177,split2,B cells,Palbociclib,0.0709219858156028
-7.19757,Control,8.253845643997177,split2,B cells,Palbociclib,0.0709219858156028
-3.8090584,Control,8.253845643997177,split2,B cells,Palbociclib,0.0709219858156028
5.5866385,Control,8.253845643997177,split2,B cells,Palbociclib,0.0709219858156028
-7.4050493,Control,8.253845643997177,split2,B cells,Palbociclib,0.0709219858156028
1.514431,Control,8.253845643997177,split2,B cells,Palbociclib,0.0709219858156028
-0.698111,Control,8.253845643997177,split2,B cells,Palbociclib,0.0709219858156028
-5.8469553,Control,8.253845643997177,split2,B cells,Palbociclib,0.0709219858156028
-6.4212437,Control,8.253845643997177,split2,B cells,Palbociclib,0.0709219858156028
-5.148557,Control,8.253845643997177,split2,B cells,Palbociclib,0.0709219858156028
-2.9060771,Control,8.253845643997177,split2,B cells,Palbociclib,0.0709219858156028
3.5642624,Control,8.253845643997177,split2,B cells,Palbociclib,0.0709219858156028
-5.133869,Control,8.253845643997177,split2,B cells,Palbociclib,0.0709219858156028
-12.468777,Control,8.253845643997177,split2,B cells,Palbociclib,0.0709219858156028
-3.126171,Control,8.253845643997177,split2,B cells,Palbociclib,0.0709219858156028
-4.1893024,Control,8.253845643997177,split2,B cells,Palbociclib,0.0709219858156028
-2.243083,Control,8.253845643997177,split2,B cells,Palbociclib,0.0709219858156028
1.4840369,Control,8.253845643997177,split2,B cells,Palbociclib,0.0709219858156028
-9.062218,Control,8.253845643997177,split2,B cells,Palbociclib,0.0709219858156028
-2.543686,Control,8.253845643997177,split2,B cells,Palbociclib,0.0709219858156028
-4.001002,Control,8.253845643997177,split2,B cells,Palbociclib,0.0709219858156028
6.442852,Control,8.253845643997177,split2,B cells,Palbociclib,0.0709219858156028
5.628663,Control,8.253845643997177,split2,B cells,Palbociclib,0.0709219858156028
-4.5595417,Control,8.253845643997177,split2,B cells,Palbociclib,0.0709219858156028
12.004439,Control,8.253845643997177,split2,B cells,Palbociclib,0.0709219858156028
13.219208,Control,8.253845643997177,split2,B cells,Palbociclib,0.0709219858156028
-8.624842,Control,8.253845643997177,split2,B cells,Palbociclib,0.0709219858156028
4.199609,Control,8.253845643997177,split2,B cells,Palbociclib,0.0709219858156028
-4.322672,Control,8.253845643997177,split2,B cells,Palbociclib,0.0709219858156028
-4.0821285,Control,8.253845643997177,split2,B cells,Palbociclib,0.0709219858156028
2.54203,Control,8.253845643997177,split2,B cells,Palbociclib,0.0709219858156028
6.638253,Control,8.253845643997177,split2,B cells,Palbociclib,0.0709219858156028
-0.45357186,Control,8.253845643997177,split2,B cells,Palbociclib,0.0709219858156028
-2.2896893,Control,8.253845643997177,split2,B cells,Palbociclib,0.0709219858156028
-5.404271,Control,8.253845643997177,split2,B cells,Palbociclib,0.0709219858156028
0.27460706,Control,8.253845643997177,split2,B cells,Palbociclib,0.0709219858156028
7.8483047,Control,8.253845643997177,split2,B cells,Palbociclib,0.0709219858156028
1.4742868,Control,8.253845643997177,split2,B cells,Palbociclib,0.0709219858156028
-7.0105557,Control,8.253845643997177,split2,B cells,Palbociclib,0.0709219858156028
2.2380083,Control,8.253845643997177,split2,B cells,Palbociclib,0.0709219858156028
2.5176322,Control,8.253845643997177,split2,B cells,Palbociclib,0.0709219858156028
2.5027435,Control,8.253845643997177,split2,B cells,Palbociclib,0.0709219858156028
-1.0612438,Control,8.253845643997177,split2,B cells,Palbociclib,0.0709219858156028
-3.9203508,Control,8.253845643997177,split2,B cells,Palbociclib,0.0709219858156028
10.51727,Control,8.253845643997177,split2,B cells,Palbociclib,0.0709219858156028
-2.9928756,Control,8.253845643997177,split2,B cells,Palbociclib,0.0709219858156028
-0.48583376,Control,8.253845643997177,split2,B cells,Palbociclib,0.0709219858156028
0.94742,Control,8.253845643997177,split2,B cells,Palbociclib,0.0709219858156028
-1.8578308,Control,8.253845643997177,split2,B cells,Palbociclib,0.0709219858156028
-4.3903527,Control,8.253845643997177,split2,B cells,Palbociclib,0.0709219858156028
4.2433324,Control,8.253845643997177,split2,B cells,Palbociclib,0.0709219858156028
1.7251095,Control,8.253845643997177,split2,B cells,Palbociclib,0.0709219858156028
1.0551834,Control,8.253845643997177,split2,B cells,Palbociclib,0.0709219858156028
2.0081818,Control,8.253845643997177,split2,B cells,Palbociclib,0.0709219858156028
-1.7475327,Control,8.253845643997177,split2,B cells,Palbociclib,0.0709219858156028
2.7390013,Control,8.253845643997177,split2,B cells,Palbociclib,0.0709219858156028
-1.4050171,Control,8.253845643997177,split2,B cells,Palbociclib,0.0709219858156028
-3.1024013,Control,8.253845643997177,split2,B cells,Palbociclib,0.0709219858156028
-0.21852297,Control,8.253845643997177,split2,B cells,Palbociclib,0.0709219858156028
-2.1622066,Control,8.253845643997177,split2,B cells,Palbociclib,0.0709219858156028
-1.9973383,Control,8.253845643997177,split2,B cells,Palbociclib,0.0709219858156028
-1.1711794,Control,8.253845643997177,split2,B cells,Palbociclib,0.0709219858156028
0.011784762,Control,8.253845643997177,split2,B cells,Palbociclib,0.0709219858156028
6.6011734,Control,8.253845643997177,split2,B cells,Palbociclib,0.0709219858156028
8.1374235,Control,8.253845643997177,split2,B cells,Palbociclib,0.0709219858156028
-1.306005,Control,8.253845643997177,split2,B cells,Palbociclib,0.0709219858156028
9.224007,Control,8.253845643997177,split2,B cells,Palbociclib,0.0709219858156028
7.4396143,Control,8.253845643997177,split2,B cells,Palbociclib,0.0709219858156028
-2.0485733,Control,8.253845643997177,split2,B cells,Palbociclib,0.0709219858156028
4.887945,Control,8.253845643997177,split2,B cells,Palbociclib,0.0709219858156028
2.5875332,Control,8.253845643997177,split2,B cells,Palbociclib,0.0709219858156028
-5.3189793,Control,8.253845643997177,split2,B cells,Palbociclib,0.0709219858156028
-6.5820417,Control,8.253845643997177,split2,B cells,Palbociclib,0.0709219858156028
-0.05686313,Control,8.253845643997177,split2,B cells,Palbociclib,0.0709219858156028
-4.9487615,Control,8.253845643997177,split2,B cells,Palbociclib,0.0709219858156028
3.7745047,Control,8.253845643997177,split2,B cells,Palbociclib,0.0709219858156028
-6.0817995,Control,8.253845643997177,split2,B cells,Palbociclib,0.0709219858156028
-1.8887714,Control,8.253845643997177,split2,B cells,Palbociclib,0.0709219858156028
9.29603,Control,8.253845643997177,split2,B cells,Palbociclib,0.0709219858156028
0.68361115,Control,8.253845643997177,split2,B cells,Palbociclib,0.0709219858156028
0.09952998,Control,8.253845643997177,split2,B cells,Palbociclib,0.0709219858156028
-3.9360478,Control,8.253845643997177,split2,B cells,Palbociclib,0.0709219858156028
3.1974633,Control,8.253845643997177,split2,B cells,Palbociclib,0.0709219858156028
0.7747817,Control,8.253845643997177,split2,B cells,Palbociclib,0.0709219858156028
1.131436,Control,8.253845643997177,split2,B cells,Palbociclib,0.0709219858156028
-0.648842,Control,8.253845643997177,split2,B cells,Palbociclib,0.0709219858156028
3.9537349,Control,8.253845643997177,split2,B cells,Palbociclib,0.0709219858156028
3.6352108,Control,8.253845643997177,split2,B cells,Palbociclib,0.0709219858156028
2.1257703,Control,8.253845643997177,split2,B cells,Palbociclib,0.0709219858156028
6.629216,Control,8.253845643997177,split2,B cells,Palbociclib,0.0709219858156028
0.9107474,Control,8.253845643997177,split2,B cells,Palbociclib,0.0709219858156028
-1.4760776,Control,8.253845643997177,split2,B cells,Palbociclib,0.0709219858156028
0.39711714,Control,8.253845643997177,split2,B cells,Palbociclib,0.0709219858156028
-1.226476,Control,8.253845643997177,split2,B cells,Palbociclib,0.0709219858156028
2.5114198,Control,8.253845643997177,split2,B cells,Palbociclib,0.0709219858156028
0.9431664,Control,8.253845643997177,split2,B cells,Palbociclib,0.0709219858156028
-1.9638646,Control,8.253845643997177,split2,B cells,Palbociclib,0.0709219858156028
5.530125,Control,8.253845643997177,split2,B cells,Palbociclib,0.0709219858156028
-6.7830405,Control,8.253845643997177,split2,B cells,Palbociclib,0.0709219858156028
3.113627,Control,8.253845643997177,split2,B cells,Palbociclib,0.0709219858156028
-9.659614,Control,8.253845643997177,split2,B cells,Palbociclib,0.0709219858156028
-8.491122,Control,8.253845643997177,split2,B cells,Palbociclib,0.0709219858156028
2.479024,Control,8.253845643997177,split2,B cells,Palbociclib,0.0709219858156028
5.9373455,Control,8.253845643997177,split2,B cells,Palbociclib,0.0709219858156028
2.8774986,Control,8.253845643997177,split2,B cells,Palbociclib,0.0709219858156028
-2.671248,Control,8.253845643997177,split2,B cells,Palbociclib,0.0709219858156028
10.078092,Control,8.253845643997177,split2,B cells,Palbociclib,0.0709219858156028
-1.4039826,Control,8.253845643997177,split2,B cells,Palbociclib,0.0709219858156028
-5.146106,Control,8.253845643997177,split2,B cells,Palbociclib,0.0709219858156028
-7.313674,Control,8.253845643997177,split2,B cells,Palbociclib,0.0709219858156028
-4.5937023,Control,8.253845643997177,split2,B cells,Palbociclib,0.0709219858156028
0.18676049,Control,8.253845643997177,split2,B cells,Palbociclib,0.0709219858156028
-7.5205708,Control,8.253845643997177,split2,B cells,Palbociclib,0.0709219858156028
3.223845,Control,8.253845643997177,split2,B cells,Palbociclib,0.0709219858156028
-6.050621,Control,8.253845643997177,split2,B cells,Palbociclib,0.0709219858156028
-5.273825,Control,8.253845643997177,split2,B cells,Palbociclib,0.0709219858156028
-2.3563542,Control,8.253845643997177,split2,B cells,Palbociclib,0.0709219858156028
1.0001922,Control,8.253845643997177,split2,B cells,Palbociclib,0.0709219858156028
-2.5868645,Control,8.253845643997177,split2,B cells,Palbociclib,0.0709219858156028
-4.8331113,Control,8.253845643997177,split2,B cells,Palbociclib,0.0709219858156028
3.166184,Control,8.253845643997177,split2,B cells,Palbociclib,0.0709219858156028
6.782829,Control,8.253845643997177,split2,B cells,Palbociclib,0.0709219858156028
13.223928,Control,8.253845643997177,split2,B cells,Palbociclib,0.0709219858156028
-3.4436667,Control,8.253845643997177,split2,B cells,Palbociclib,0.0709219858156028
2.343705,Control,8.253845643997177,split2,B cells,Palbociclib,0.0709219858156028
-4.3687477,Control,8.253845643997177,split2,B cells,Palbociclib,0.0709219858156028
4.084295,Control,8.253845643997177,split2,B cells,Palbociclib,0.0709219858156028
-2.0059261,Control,8.253845643997177,split2,B cells,Palbociclib,0.0709219858156028
1.4635198,Control,8.253845643997177,split2,B cells,Palbociclib,0.0709219858156028
-0.32999998,Control,8.253845643997177,split2,B cells,Palbociclib,0.0709219858156028
8.675508,Control,8.253845643997177,split2,B cells,Palbociclib,0.0709219858156028
-5.974143,Control,8.253845643997177,split2,B cells,Palbociclib,0.0709219858156028
0.6734283,Control,8.253845643997177,split2,B cells,Palbociclib,0.0709219858156028
-4.9324074,Control,8.253845643997177,split2,B cells,Palbociclib,0.0709219858156028
0.16618901,Control,8.253845643997177,split2,B cells,Palbociclib,0.0709219858156028
-1.5317742,Control,8.253845643997177,split2,B cells,Palbociclib,0.0709219858156028
3.6546547,Control,8.253845643997177,split2,B cells,Palbociclib,0.0709219858156028
1.2849472,Control,8.253845643997177,split2,B cells,Palbociclib,0.0709219858156028
-0.43410066,Control,8.253845643997177,split2,B cells,Palbociclib,0.0709219858156028
1.616209,Control,8.253845643997177,split2,B cells,Palbociclib,0.0709219858156028
-5.712384,Control,8.253845643997177,split2,B cells,Palbociclib,0.0709219858156028
-3.6877499,Control,8.253845643997177,split2,B cells,Palbociclib,0.0709219858156028
6.921947,Control,8.253845643997177,split2,B cells,Palbociclib,0.0709219858156028
7.387627,Control,8.253845643997177,split2,B cells,Palbociclib,0.0709219858156028
0.6215236,Control,8.253845643997177,split2,B cells,Palbociclib,0.0709219858156028
-3.1673243,Control,8.253845643997177,split2,B cells,Palbociclib,0.0709219858156028
8.238107,Control,8.253845643997177,split2,B cells,Palbociclib,0.0709219858156028
3.793708,Control,8.253845643997177,split2,B cells,Palbociclib,0.0709219858156028
6.650825,Control,8.253845643997177,split2,B cells,Palbociclib,0.0709219858156028
-5.1098022,Control,8.253845643997177,split2,B cells,Palbociclib,0.0709219858156028
0.951235,Control,8.253845643997177,split2,B cells,Palbociclib,0.0709219858156028
6.134797,Control,8.253845643997177,split2,B cells,Palbociclib,0.0709219858156028
-1.0667833,Control,8.253845643997177,split2,B cells,Palbociclib,0.0709219858156028
2.2954142,Control,8.253845643997177,split2,B cells,Palbociclib,0.0709219858156028
4.6842337,Control,8.253845643997177,split2,B cells,Palbociclib,0.0709219858156028
-5.8560753,Control,8.253845643997177,split2,B cells,Palbociclib,0.0709219858156028
-3.1042175,Control,8.253845643997177,split2,B cells,Palbociclib,0.0709219858156028
6.355358,Control,8.253845643997177,split2,B cells,Palbociclib,0.0709219858156028
1.4869746,Control,8.253845643997177,split2,B cells,Palbociclib,0.0709219858156028
-2.6548934,Control,8.253845643997177,split2,B cells,Palbociclib,0.0709219858156028
-8.661928,Control,8.253845643997177,split2,B cells,Palbociclib,0.0709219858156028
-4.915636,Control,8.253845643997177,split2,B cells,Palbociclib,0.0709219858156028
-2.4371943,Control,8.253845643997177,split2,B cells,Palbociclib,0.0709219858156028
-0.5981672,Control,8.253845643997177,split2,B cells,Palbociclib,0.0709219858156028
4.0528727,Control,8.253845643997177,split2,B cells,Palbociclib,0.0709219858156028
-0.118719935,Control,8.253845643997177,split2,B cells,Palbociclib,0.0709219858156028
-3.6401966,Control,8.253845643997177,split2,B cells,Palbociclib,0.0709219858156028
-8.033897,Control,8.253845643997177,split2,B cells,Palbociclib,0.0709219858156028
6.9397984,Control,8.253845643997177,split2,B cells,Palbociclib,0.0709219858156028
-6.2786655,Control,8.253845643997177,split2,B cells,Palbociclib,0.0709219858156028
0.8385042,Control,8.253845643997177,split2,B cells,Palbociclib,0.0709219858156028
-0.4900949,Control,8.253845643997177,split2,B cells,Palbociclib,0.0709219858156028
-3.6138399,Control,8.253845643997177,split2,B cells,Palbociclib,0.0709219858156028
2.063166,Control,8.253845643997177,split2,B cells,Palbociclib,0.0709219858156028
-1.2985888,Control,8.253845643997177,split2,B cells,Palbociclib,0.0709219858156028
0.9891894,Control,8.253845643997177,split2,B cells,Palbociclib,0.0709219858156028
2.278588,Control,8.253845643997177,split2,B cells,Palbociclib,0.0709219858156028
-6.779525,Control,8.253845643997177,split2,B cells,Palbociclib,0.0709219858156028
-3.3658156,Control,8.253845643997177,split2,B cells,Palbociclib,0.0709219858156028
-2.178995,Control,8.253845643997177,split2,B cells,Palbociclib,0.0709219858156028
-7.2814503,Control,8.253845643997177,split2,B cells,Palbociclib,0.0709219858156028
4.417614,Control,8.253845643997177,split2,B cells,Palbociclib,0.0709219858156028
2.0811026,Control,8.253845643997177,split2,B cells,Palbociclib,0.0709219858156028
5.680249,Control,8.253845643997177,split2,B cells,Palbociclib,0.0709219858156028
-3.929011,Control,8.253845643997177,split2,B cells,Palbociclib,0.0709219858156028
2.3373463,Control,8.253845643997177,split2,B cells,Palbociclib,0.0709219858156028
-0.017011523,Control,8.253845643997177,split2,B cells,Palbociclib,0.0709219858156028
6.0876436,Control,8.253845643997177,split2,B cells,Palbociclib,0.0709219858156028
-2.9377916,Control,8.253845643997177,split2,B cells,Palbociclib,0.0709219858156028
-2.2782512,Control,8.253845643997177,split2,B cells,Palbociclib,0.0709219858156028
1.9704622,Control,8.253845643997177,split2,B cells,Palbociclib,0.0709219858156028
-6.8616304,Control,8.253845643997177,split2,B cells,Palbociclib,0.0709219858156028
2.9359632,Control,8.253845643997177,split2,B cells,Palbociclib,0.0709219858156028
1.4910749,Control,8.253845643997177,split2,B cells,Palbociclib,0.0709219858156028
0.7305362,Control,8.253845643997177,split2,B cells,Palbociclib,0.0709219858156028
1.0070031,Control,8.253845643997177,split2,B cells,Palbociclib,0.0709219858156028
-3.8819559,Control,8.253845643997177,split2,B cells,Palbociclib,0.0709219858156028
10.412858,Control,8.253845643997177,split2,B cells,Palbociclib,0.0709219858156028
-4.200035,Control,8.253845643997177,split2,B cells,Palbociclib,0.0709219858156028
-4.083622,Control,8.253845643997177,split2,B cells,Palbociclib,0.0709219858156028
-1.3826087,Control,8.253845643997177,split2,B cells,Palbociclib,0.0709219858156028
-0.796182,Control,8.253845643997177,split2,B cells,Palbociclib,0.0709219858156028
-6.222884,Control,8.253845643997177,split2,B cells,Palbociclib,0.0709219858156028
-3.3130136,Control,8.253845643997177,split2,B cells,Palbociclib,0.0709219858156028
-0.9486989,Control,8.253845643997177,split2,B cells,Palbociclib,0.0709219858156028
-4.904022,Control,8.253845643997177,split2,B cells,Palbociclib,0.0709219858156028
-4.6556854,Control,8.253845643997177,split2,B cells,Palbociclib,0.0709219858156028
0.69707114,Control,8.253845643997177,split2,B cells,Palbociclib,0.0709219858156028
-2.236866,Control,8.253845643997177,split2,B cells,Palbociclib,0.0709219858156028
-9.238833,Control,8.253845643997177,split2,B cells,Palbociclib,0.0709219858156028
4.009311,Control,8.253845643997177,split2,B cells,Palbociclib,0.0709219858156028
0.64083433,Control,8.253845643997177,split2,B cells,Palbociclib,0.0709219858156028
-2.9232872,Control,8.253845643997177,split2,B cells,Palbociclib,0.0709219858156028
2.0496066,Control,8.253845643997177,split2,B cells,Palbociclib,0.0709219858156028
6.333257,Control,8.253845643997177,split2,B cells,Palbociclib,0.0709219858156028
-2.4251423,Control,8.253845643997177,split2,B cells,Palbociclib,0.0709219858156028
-2.1531985,Control,8.253845643997177,split2,B cells,Palbociclib,0.0709219858156028
-0.94109637,Control,8.253845643997177,split2,B cells,Palbociclib,0.0709219858156028
6.286416,Control,8.253845643997177,split2,B cells,Palbociclib,0.0709219858156028
3.600912,Control,8.253845643997177,split2,B cells,Palbociclib,0.0709219858156028
-1.3274124,Control,8.253845643997177,split2,B cells,Palbociclib,0.0709219858156028
0.22641748,Control,8.253845643997177,split2,B cells,Palbociclib,0.0709219858156028
-4.2087765,Control,8.253845643997177,split2,B cells,Palbociclib,0.0709219858156028
-1.6006048,Control,8.253845643997177,split2,B cells,Palbociclib,0.0709219858156028
7.2189674,Control,8.253845643997177,split2,B cells,Palbociclib,0.0709219858156028
4.405705,Control,8.253845643997177,split2,B cells,Palbociclib,0.0709219858156028
0.51111996,Control,8.253845643997177,split2,B cells,Palbociclib,0.0709219858156028
0.7990685,Control,8.253845643997177,split2,B cells,Palbociclib,0.0709219858156028
9.85889,Control,8.253845643997177,split2,B cells,Palbociclib,0.0709219858156028
3.6233826,Control,8.253845643997177,split2,B cells,Palbociclib,0.0709219858156028
-0.56554306,Control,8.253845643997177,split2,B cells,Palbociclib,0.0709219858156028
2.7354424,Control,8.253845643997177,split2,B cells,Palbociclib,0.0709219858156028
1.6667613,Control,8.253845643997177,split2,B cells,Palbociclib,0.0709219858156028
-4.860998,Control,8.253845643997177,split2,B cells,Palbociclib,0.0709219858156028
3.5524123,Control,8.253845643997177,split2,B cells,Palbociclib,0.0709219858156028
2.3563898,Control,8.253845643997177,split2,B cells,Palbociclib,0.0709219858156028
0.2325803,Control,8.253845643997177,split2,B cells,Palbociclib,0.0709219858156028
-8.425855,Control,8.253845643997177,split2,B cells,Palbociclib,0.0709219858156028
-0.8121023,Control,8.253845643997177,split2,B cells,Palbociclib,0.0709219858156028
-2.7942975,Control,8.253845643997177,split2,B cells,Palbociclib,0.0709219858156028
-6.286172,Control,8.253845643997177,split2,B cells,Palbociclib,0.0709219858156028
2.1676166,Control,8.253845643997177,split2,B cells,Palbociclib,0.0709219858156028
1.114783,Control,8.253845643997177,split2,B cells,Palbociclib,0.0709219858156028
6.663061,Control,8.253845643997177,split2,B cells,Palbociclib,0.0709219858156028
-0.7450062,Control,8.253845643997177,split2,B cells,Palbociclib,0.0709219858156028
-2.054208,Control,8.253845643997177,split2,B cells,Palbociclib,0.0709219858156028
4.968435,Control,8.253845643997177,split2,B cells,Palbociclib,0.0709219858156028
-2.3546705,Control,8.253845643997177,split2,B cells,Palbociclib,0.0709219858156028
5.198447,Control,8.253845643997177,split2,B cells,Palbociclib,0.0709219858156028
-1.3308669,Control,8.253845643997177,split2,B cells,Palbociclib,0.0709219858156028
3.8311865,Control,8.253845643997177,split2,B cells,Palbociclib,0.0709219858156028
0.07913017,Control,8.253845643997177,split2,B cells,Palbociclib,0.0709219858156028
2.882474,Control,8.253845643997177,split2,B cells,Palbociclib,0.0709219858156028
0.24211815,Control,8.253845643997177,split2,B cells,Palbociclib,0.0709219858156028
-2.199881,Control,8.253845643997177,split2,B cells,Palbociclib,0.0709219858156028
3.0814946,Control,8.253845643997177,split2,B cells,Palbociclib,0.0709219858156028
-1.8150504,Control,8.253845643997177,split2,B cells,Palbociclib,0.0709219858156028
-1.1851943,Control,8.253845643997177,split2,B cells,Palbociclib,0.0709219858156028
-2.5118303,Control,8.253845643997177,split2,B cells,Palbociclib,0.0709219858156028
2.0332394,Control,8.253845643997177,split2,B cells,Palbociclib,0.0709219858156028
-3.5679674,Control,8.253845643997177,split2,B cells,Palbociclib,0.0709219858156028
3.911917,Control,8.253845643997177,split2,B cells,Palbociclib,0.0709219858156028
0.88454545,Control,8.253845643997177,split2,B cells,Palbociclib,0.0709219858156028
2.613209,Control,8.253845643997177,split2,B cells,Palbociclib,0.0709219858156028
-3.7489283,Control,8.253845643997177,split2,B cells,Palbociclib,0.0709219858156028
2.014699,Control,8.253845643997177,split2,B cells,Palbociclib,0.0709219858156028
5.624914,Control,8.253845643997177,split2,B cells,Palbociclib,0.0709219858156028
-2.893751,Control,8.253845643997177,split2,B cells,Palbociclib,0.0709219858156028
-1.4939437,Control,8.253845643997177,split2,B cells,Palbociclib,0.0709219858156028
-1.6437893,Control,8.253845643997177,split2,B cells,Palbociclib,0.0709219858156028
0.0546422,Control,8.253845643997177,split2,B cells,Palbociclib,0.0709219858156028
-2.928578,Control,8.253845643997177,split2,B cells,Palbociclib,0.0709219858156028
3.047804,Control,8.253845643997177,split2,B cells,Palbociclib,0.0709219858156028
4.1169987,Control,8.253845643997177,split2,B cells,Palbociclib,0.0709219858156028
2.8473954,Control,8.253845643997177,split2,B cells,Palbociclib,0.0709219858156028
-7.71035,Control,8.253845643997177,split2,B cells,Palbociclib,0.0709219858156028
3.476244,Control,8.253845643997177,split2,B cells,Palbociclib,0.0709219858156028
-2.3318994,Control,8.253845643997177,split2,B cells,Palbociclib,0.0709219858156028
-5.2648096,Control,8.253845643997177,split2,B cells,Palbociclib,0.0709219858156028
-2.5702524,Control,8.253845643997177,split2,B cells,Palbociclib,0.0709219858156028
7.1528788,Control,8.253845643997177,split2,B cells,Palbociclib,0.0709219858156028
-1.1449751,Control,8.253845643997177,split2,B cells,Palbociclib,0.0709219858156028
2.212961,Control,8.253845643997177,split2,B cells,Palbociclib,0.0709219858156028
-1.6898518,Control,8.253845643997177,split2,B cells,Palbociclib,0.0709219858156028
-1.6461014,Control,8.253845643997177,split2,B cells,Palbociclib,0.0709219858156028
-0.0570606,Control,8.253845643997177,split2,B cells,Palbociclib,0.0709219858156028
-0.18317533,Control,8.253845643997177,split2,B cells,Palbociclib,0.0709219858156028
-2.5764441,Control,8.253845643997177,split2,B cells,Palbociclib,0.0709219858156028
-6.7357187,Control,8.253845643997177,split2,B cells,Palbociclib,0.0709219858156028
-1.3359835,Control,8.253845643997177,split2,B cells,Palbociclib,0.0709219858156028
-0.8257742,Control,8.253845643997177,split2,B cells,Palbociclib,0.0709219858156028
1.7793376,Control,8.253845643997177,split2,B cells,Palbociclib,0.0709219858156028
3.937914,Control,8.253845643997177,split2,B cells,Palbociclib,0.0709219858156028
4.6137915,Control,8.253845643997177,split2,B cells,Palbociclib,0.0709219858156028
-1.6406633,Control,8.253845643997177,split2,B cells,Palbociclib,0.0709219858156028
1.2997615,Control,8.253845643997177,split2,B cells,Palbociclib,0.0709219858156028
-5.847336,Control,8.253845643997177,split2,B cells,Palbociclib,0.0709219858156028
12.013012,Control,8.253845643997177,split2,B cells,Palbociclib,0.0709219858156028
2.5605156,Control,8.253845643997177,split2,B cells,Palbociclib,0.0709219858156028
-0.6010641,Control,8.253845643997177,split2,B cells,Palbociclib,0.0709219858156028
0.6900516,Control,8.253845643997177,split2,B cells,Palbociclib,0.0709219858156028
3.4347758,Control,8.253845643997177,split2,B cells,Palbociclib,0.0709219858156028
-5.410825,Control,8.253845643997177,split2,B cells,Palbociclib,0.0709219858156028
-5.784687,Control,8.253845643997177,split2,B cells,Palbociclib,0.0709219858156028
-1.2407593,Control,8.253845643997177,split2,B cells,Palbociclib,0.0709219858156028
1.2453499,Control,8.253845643997177,split2,B cells,Palbociclib,0.0709219858156028
4.0672226,Control,8.253845643997177,split2,B cells,Palbociclib,0.0709219858156028
11.419089,Control,8.253845643997177,split2,B cells,Palbociclib,0.0709219858156028
-1.7878006,Control,8.253845643997177,split2,B cells,Palbociclib,0.0709219858156028
2.1939378,Control,8.253845643997177,split2,B cells,Palbociclib,0.0709219858156028
-5.5490084,Control,8.253845643997177,split2,B cells,Palbociclib,0.0709219858156028
-3.7132564,Control,8.253845643997177,split2,B cells,Palbociclib,0.0709219858156028
-9.601826,Control,8.253845643997177,split2,B cells,Palbociclib,0.0709219858156028
-3.1512702,Control,8.253845643997177,split2,B cells,Palbociclib,0.0709219858156028
-2.25319,Control,8.253845643997177,split2,B cells,Palbociclib,0.0709219858156028
-0.25048003,Control,8.253845643997177,split2,B cells,Palbociclib,0.0709219858156028
-0.27737898,Control,8.253845643997177,split2,B cells,Palbociclib,0.0709219858156028
4.3493857,Control,8.253845643997177,split2,B cells,Palbociclib,0.0709219858156028
10.89029,Control,8.253845643997177,split2,B cells,Palbociclib,0.0709219858156028
-3.5443656,Control,8.253845643997177,split2,B cells,Palbociclib,0.0709219858156028
-0.77226996,Control,8.253845643997177,split2,B cells,Palbociclib,0.0709219858156028
-2.4777656,Control,8.253845643997177,split2,B cells,Palbociclib,0.0709219858156028
-0.51373684,Control,8.253845643997177,split2,B cells,Palbociclib,0.0709219858156028
-2.7514207,Control,8.253845643997177,split2,B cells,Palbociclib,0.0709219858156028
-5.929384,Control,8.253845643997177,split2,B cells,Palbociclib,0.0709219858156028
-0.7677716,Control,8.253845643997177,split2,B cells,Palbociclib,0.0709219858156028
5.7857494,Control,8.253845643997177,split2,B cells,Palbociclib,0.0709219858156028
-9.581342,Control,8.253845643997177,split2,B cells,Palbociclib,0.0709219858156028
1.9468739,Control,8.253845643997177,split2,B cells,Palbociclib,0.0709219858156028
1.7380896,Control,8.253845643997177,split2,B cells,Palbociclib,0.0709219858156028
9.51861,Control,8.253845643997177,split2,B cells,Palbociclib,0.0709219858156028
1.0902567,Control,8.253845643997177,split2,B cells,Palbociclib,0.0709219858156028
-2.3836045,Control,8.253845643997177,split2,B cells,Palbociclib,0.0709219858156028
0.46116173,Control,8.253845643997177,split2,B cells,Palbociclib,0.0709219858156028
-12.178676,Control,8.253845643997177,split2,B cells,Palbociclib,0.0709219858156028
-4.3139524,Control,8.253845643997177,split2,B cells,Palbociclib,0.0709219858156028
7.899392,Control,8.253845643997177,split2,B cells,Palbociclib,0.0709219858156028
-4.21698,Control,8.253845643997177,split2,B cells,Palbociclib,0.0709219858156028
-0.24633509,Control,8.253845643997177,split2,B cells,Palbociclib,0.0709219858156028
-6.3615904,Control,8.253845643997177,split2,B cells,Palbociclib,0.0709219858156028
6.2747397,Control,8.253845643997177,split2,B cells,Palbociclib,0.0709219858156028
6.422742,Control,8.253845643997177,split2,B cells,Palbociclib,0.0709219858156028
-4.292296,Control,8.253845643997177,split2,B cells,Palbociclib,0.0709219858156028
-0.8078746,Control,8.253845643997177,split2,B cells,Palbociclib,0.0709219858156028
9.033553,Control,8.253845643997177,split2,B cells,Palbociclib,0.0709219858156028
-2.0955842,Control,8.253845643997177,split2,B cells,Palbociclib,0.0709219858156028
-1.1908653,Control,8.253845643997177,split2,B cells,Palbociclib,0.0709219858156028
-2.1485157,Control,8.253845643997177,split2,B cells,Palbociclib,0.0709219858156028
-0.8258513,Control,8.253845643997177,split2,B cells,Palbociclib,0.0709219858156028
-0.8054621,Control,8.253845643997177,split2,B cells,Palbociclib,0.0709219858156028
3.9219081,Control,8.253845643997177,split2,B cells,Palbociclib,0.0709219858156028
-3.572045,Control,8.253845643997177,split2,B cells,Palbociclib,0.0709219858156028
-7.8065643,Control,8.253845643997177,split2,B cells,Palbociclib,0.0709219858156028
2.752209,Control,8.253845643997177,split2,B cells,Palbociclib,0.0709219858156028
9.963806,Control,8.253845643997177,split2,B cells,Palbociclib,0.0709219858156028
6.3646564,Control,8.253845643997177,split2,B cells,Palbociclib,0.0709219858156028
-10.185839,Control,8.253845643997177,split2,B cells,Palbociclib,0.0709219858156028
-9.827202,Control,8.253845643997177,split2,B cells,Palbociclib,0.0709219858156028
13.381079,Control,8.253845643997177,split2,B cells,Palbociclib,0.0709219858156028
-8.817202,Control,8.253845643997177,split2,B cells,Palbociclib,0.0709219858156028
-2.449803,Control,8.253845643997177,split2,B cells,Palbociclib,0.0709219858156028
-2.336272,Control,8.253845643997177,split2,B cells,Palbociclib,0.0709219858156028
0.13880447,Control,8.253845643997177,split2,B cells,Palbociclib,0.0709219858156028
2.4778025,Control,8.253845643997177,split2,B cells,Palbociclib,0.0709219858156028
10.601703,Control,8.253845643997177,split2,B cells,Palbociclib,0.0709219858156028
-0.5320071,Control,8.253845643997177,split2,B cells,Palbociclib,0.0709219858156028
4.0663786,Control,8.253845643997177,split2,B cells,Palbociclib,0.0709219858156028
2.2365043,Control,8.253845643997177,split2,B cells,Palbociclib,0.0709219858156028
-1.6880376,Control,8.253845643997177,split2,B cells,Palbociclib,0.0709219858156028
6.8388643,Control,8.253845643997177,split2,B cells,Palbociclib,0.0709219858156028
-4.4332952,Control,8.253845643997177,split2,B cells,Palbociclib,0.0709219858156028
-5.0492735,Control,8.253845643997177,split2,B cells,Palbociclib,0.0709219858156028
4.598464,Control,8.253845643997177,split2,B cells,Palbociclib,0.0709219858156028
6.7532024,Control,8.253845643997177,split2,B cells,Palbociclib,0.0709219858156028
1.8784919,Control,8.253845643997177,split2,B cells,Palbociclib,0.0709219858156028
0.8598734,Control,8.253845643997177,split2,B cells,Palbociclib,0.0709219858156028
-6.972127,Control,8.253845643997177,split2,B cells,Palbociclib,0.0709219858156028
-0.41101968,Control,8.253845643997177,split2,B cells,Palbociclib,0.0709219858156028
-2.3444085,Control,8.253845643997177,split2,B cells,Palbociclib,0.0709219858156028
10.725988,Control,8.253845643997177,split2,B cells,Palbociclib,0.0709219858156028
0.41958708,Control,8.253845643997177,split2,B cells,Palbociclib,0.0709219858156028
2.4280999,Control,8.253845643997177,split2,B cells,Palbociclib,0.0709219858156028
-6.113615,Control,8.253845643997177,split2,B cells,Palbociclib,0.0709219858156028
-1.8460995,Control,8.253845643997177,split2,B cells,Palbociclib,0.0709219858156028
-0.8845242,Control,8.253845643997177,split2,B cells,Palbociclib,0.0709219858156028
-2.1142652,Control,8.253845643997177,split2,B cells,Palbociclib,0.0709219858156028
-5.07398,Control,8.253845643997177,split2,B cells,Palbociclib,0.0709219858156028
3.698007,Control,8.253845643997177,split2,B cells,Palbociclib,0.0709219858156028
2.095359,Control,8.253845643997177,split2,B cells,Palbociclib,0.0709219858156028
-1.9103432,Control,8.253845643997177,split2,B cells,Palbociclib,0.0709219858156028
2.8194137,Control,8.253845643997177,split2,B cells,Palbociclib,0.0709219858156028
3.0027325,Control,8.253845643997177,split2,B cells,Palbociclib,0.0709219858156028
-0.31884822,Control,8.253845643997177,split2,B cells,Palbociclib,0.0709219858156028
4.5313416,Control,8.253845643997177,split2,B cells,Palbociclib,0.0709219858156028
-5.930537,Control,8.253845643997177,split2,B cells,Palbociclib,0.0709219858156028
-3.5654988,Control,8.253845643997177,split2,B cells,Palbociclib,0.0709219858156028
5.484685,Control,8.253845643997177,split2,B cells,Palbociclib,0.0709219858156028
-1.0593114,Control,8.253845643997177,split2,B cells,Palbociclib,0.0709219858156028
-2.2808561,Control,8.253845643997177,split2,B cells,Palbociclib,0.0709219858156028
-6.2949743,Control,8.253845643997177,split2,B cells,Palbociclib,0.0709219858156028
3.8516924,Control,8.253845643997177,split2,B cells,Palbociclib,0.0709219858156028
-4.782192,Control,8.253845643997177,split2,B cells,Palbociclib,0.0709219858156028
-5.230483,Control,8.253845643997177,split2,B cells,Palbociclib,0.0709219858156028
-5.536438,Control,8.253845643997177,split2,B cells,Palbociclib,0.0709219858156028
-1.2425799,Control,8.253845643997177,split2,B cells,Palbociclib,0.0709219858156028
-1.6400574,Control,8.253845643997177,split2,B cells,Palbociclib,0.0709219858156028
1.6093318,Control,8.253845643997177,split2,B cells,Palbociclib,0.0709219858156028
-2.014305,Control,8.253845643997177,split2,B cells,Palbociclib,0.0709219858156028
-1.8734812,Control,8.253845643997177,split2,B cells,Palbociclib,0.0709219858156028
7.849043,Control,8.253845643997177,split2,B cells,Palbociclib,0.0709219858156028
4.459053,Control,8.253845643997177,split2,B cells,Palbociclib,0.0709219858156028
-0.20525622,Control,8.253845643997177,split2,B cells,Palbociclib,0.0709219858156028
-3.693008,Control,8.253845643997177,split2,B cells,Palbociclib,0.0709219858156028
-0.455415,Control,8.253845643997177,split2,B cells,Palbociclib,0.0709219858156028
3.9494298,Control,8.253845643997177,split2,B cells,Palbociclib,0.0709219858156028
8.723363,Control,8.253845643997177,split2,B cells,Palbociclib,0.0709219858156028
-3.038735,Control,8.253845643997177,split2,B cells,Palbociclib,0.0709219858156028
6.452622,Control,8.253845643997177,split2,B cells,Palbociclib,0.0709219858156028
-2.476062,Control,8.253845643997177,split2,B cells,Palbociclib,0.0709219858156028
-6.360243,Control,8.253845643997177,split2,B cells,Palbociclib,0.0709219858156028
6.6051884,Control,8.253845643997177,split2,B cells,Palbociclib,0.0709219858156028
11.604087,Control,8.253845643997177,split2,B cells,Palbociclib,0.0709219858156028
1.8365116,Control,8.253845643997177,split2,B cells,Palbociclib,0.0709219858156028
-2.863046,Control,8.253845643997177,split2,B cells,Palbociclib,0.0709219858156028
1.4478087,Control,8.253845643997177,split2,B cells,Palbociclib,0.0709219858156028
2.1486874,Control,8.253845643997177,split2,B cells,Palbociclib,0.0709219858156028
-5.089798,Control,8.253845643997177,split2,B cells,Palbociclib,0.0709219858156028
4.8341885,Control,8.253845643997177,split2,B cells,Palbociclib,0.0709219858156028
0.031022131,Control,8.253845643997177,split2,B cells,Palbociclib,0.0709219858156028
-4.7417603,Control,8.253845643997177,split2,B cells,Palbociclib,0.0709219858156028
-3.1118417,Control,8.253845643997177,split2,B cells,Palbociclib,0.0709219858156028
-2.0775576,Control,8.253845643997177,split2,B cells,Palbociclib,0.0709219858156028
0.6488113,Control,8.253845643997177,split2,B cells,Palbociclib,0.0709219858156028
-6.362795,Control,8.253845643997177,split2,B cells,Palbociclib,0.0709219858156028
-6.561968,Control,8.253845643997177,split2,B cells,Palbociclib,0.0709219858156028
-0.8019603,Control,8.253845643997177,split2,B cells,Palbociclib,0.0709219858156028
3.6136055,Control,8.253845643997177,split2,B cells,Palbociclib,0.0709219858156028
-1.7968822,Control,8.253845643997177,split2,B cells,Palbociclib,0.0709219858156028
-3.2422059,Control,8.253845643997177,split2,B cells,Palbociclib,0.0709219858156028
0.10299218,Control,8.253845643997177,split2,B cells,Palbociclib,0.0709219858156028
0.9655758,Control,8.253845643997177,split2,B cells,Palbociclib,0.0709219858156028
8.781693,Control,8.253845643997177,split2,B cells,Palbociclib,0.0709219858156028
0.009563804,Control,8.253845643997177,split2,B cells,Palbociclib,0.0709219858156028
-0.24624962,Control,8.253845643997177,split2,B cells,Palbociclib,0.0709219858156028
-3.9538195,Control,8.253845643997177,split2,B cells,Palbociclib,0.0709219858156028
-1.1571624,Control,8.253845643997177,split2,B cells,Palbociclib,0.0709219858156028
7.47883,Control,8.253845643997177,split2,B cells,Palbociclib,0.0709219858156028
6.584506,Control,8.253845643997177,split2,B cells,Palbociclib,0.0709219858156028
7.824037,Control,8.253845643997177,split2,B cells,Palbociclib,0.0709219858156028
-7.3774767,Control,8.253845643997177,split2,B cells,Palbociclib,0.0709219858156028
6.876499,Control,8.253845643997177,split2,B cells,Palbociclib,0.0709219858156028
17.857557,Control,8.253845643997177,split2,B cells,Palbociclib,0.0709219858156028
-2.1875503,Control,8.253845643997177,split2,B cells,Palbociclib,0.0709219858156028
3.202324,Control,8.253845643997177,split2,B cells,Palbociclib,0.0709219858156028
-2.4442813,Control,8.253845643997177,split2,B cells,Palbociclib,0.0709219858156028
-2.611474,Control,8.253845643997177,split2,B cells,Palbociclib,0.0709219858156028
8.055788,Control,8.253845643997177,split2,B cells,Palbociclib,0.0709219858156028
4.3308153,Control,8.253845643997177,split2,B cells,Palbociclib,0.0709219858156028
-2.3404818,Control,8.253845643997177,split2,B cells,Palbociclib,0.0709219858156028
4.1924562,Control,8.253845643997177,split2,B cells,Palbociclib,0.0709219858156028
-3.1547854,Control,8.253845643997177,split2,B cells,Palbociclib,0.0709219858156028
-6.674918,Control,8.253845643997177,split2,B cells,Palbociclib,0.0709219858156028
-3.1494412,Control,8.253845643997177,split2,B cells,Palbociclib,0.0709219858156028
-3.625567,Control,8.253845643997177,split2,B cells,Palbociclib,0.0709219858156028
1.6990802,Control,8.253845643997177,split2,B cells,Palbociclib,0.0709219858156028
0.9995731,Control,8.253845643997177,split2,B cells,Palbociclib,0.0709219858156028
4.763747,Control,8.253845643997177,split2,B cells,Palbociclib,0.0709219858156028
6.0331397,Control,8.253845643997177,split2,B cells,Palbociclib,0.0709219858156028
-0.92204285,Control,8.253845643997177,split2,B cells,Palbociclib,0.0709219858156028
-1.2523832,Control,8.253845643997177,split2,B cells,Palbociclib,0.0709219858156028
0.036757052,Control,8.253845643997177,split2,B cells,Palbociclib,0.0709219858156028
-0.8010631,Control,8.253845643997177,split2,B cells,Palbociclib,0.0709219858156028
1.9494308,Control,8.253845643997177,split2,B cells,Palbociclib,0.0709219858156028
0.16364557,Control,8.253845643997177,split2,B cells,Palbociclib,0.0709219858156028
1.1424487,Control,8.253845643997177,split2,B cells,Palbociclib,0.0709219858156028
2.458733,Control,8.253845643997177,split2,B cells,Palbociclib,0.0709219858156028
-5.3391943,Control,8.253845643997177,split2,B cells,Palbociclib,0.0709219858156028
-9.059254,Control,8.253845643997177,split2,B cells,Palbociclib,0.0709219858156028
0.088706434,Control,8.253845643997177,split2,B cells,Palbociclib,0.0709219858156028
0.9336786,Control,8.253845643997177,split2,B cells,Palbociclib,0.0709219858156028
-0.10718247,Control,8.253845643997177,split2,B cells,Palbociclib,0.0709219858156028
-2.055689,Control,8.253845643997177,split2,B cells,Palbociclib,0.0709219858156028
0.57113445,Control,8.253845643997177,split2,B cells,Palbociclib,0.0709219858156028
4.2741,Control,8.253845643997177,split2,B cells,Palbociclib,0.0709219858156028
-7.0761933,Control,8.253845643997177,split2,B cells,Palbociclib,0.0709219858156028
-3.6450577,Control,8.253845643997177,split2,B cells,Palbociclib,0.0709219858156028
3.3710132,Control,8.253845643997177,split2,B cells,Palbociclib,0.0709219858156028
-1.6304513,Control,8.253845643997177,split2,B cells,Palbociclib,0.0709219858156028
-6.103077,Control,8.253845643997177,split2,B cells,Palbociclib,0.0709219858156028
-9.353004,Control,8.253845643997177,split2,B cells,Palbociclib,0.0709219858156028
1.8526487,Control,8.253845643997177,split2,B cells,Palbociclib,0.0709219858156028
-3.3383527,Control,8.253845643997177,split2,B cells,Palbociclib,0.0709219858156028
-1.6846459,Control,8.253845643997177,split2,B cells,Palbociclib,0.0709219858156028
-2.5634437,Control,8.253845643997177,split2,B cells,Palbociclib,0.0709219858156028
-4.522069,Control,8.253845643997177,split2,B cells,Palbociclib,0.0709219858156028
0.5087032,Control,8.253845643997177,split2,B cells,Palbociclib,0.0709219858156028
-5.765612,Control,8.253845643997177,split2,B cells,Palbociclib,0.0709219858156028
3.1636646,Control,8.253845643997177,split2,B cells,Palbociclib,0.0709219858156028
3.5837963,Control,8.253845643997177,split2,B cells,Palbociclib,0.0709219858156028
-4.4064045,Control,8.253845643997177,split2,B cells,Palbociclib,0.0709219858156028
6.8352385,Control,8.253845643997177,split2,B cells,Palbociclib,0.0709219858156028
1.1338046,Control,8.253845643997177,split2,B cells,Palbociclib,0.0709219858156028
3.451674,Control,8.253845643997177,split2,B cells,Palbociclib,0.0709219858156028
-2.3647726,Control,8.253845643997177,split2,B cells,Palbociclib,0.0709219858156028
-1.0159402,Control,8.253845643997177,split2,B cells,Palbociclib,0.0709219858156028
0.61784387,Control,8.253845643997177,split2,B cells,Palbociclib,0.0709219858156028
-0.32948232,Control,8.253845643997177,split2,B cells,Palbociclib,0.0709219858156028
2.9413297,Control,8.253845643997177,split2,B cells,Palbociclib,0.0709219858156028
-0.37030673,Control,8.253845643997177,split2,B cells,Palbociclib,0.0709219858156028
-4.928092,Control,8.253845643997177,split2,B cells,Palbociclib,0.0709219858156028
-2.5839567,Control,8.253845643997177,split2,B cells,Palbociclib,0.0709219858156028
4.2010245,Control,8.253845643997177,split2,B cells,Palbociclib,0.0709219858156028
-7.977231,Control,8.253845643997177,split2,B cells,Palbociclib,0.0709219858156028
-8.227394,Control,8.253845643997177,split2,B cells,Palbociclib,0.0709219858156028
-3.9485288,Control,8.253845643997177,split2,B cells,Palbociclib,0.0709219858156028
-3.0903237,Control,8.253845643997177,split2,B cells,Palbociclib,0.0709219858156028
-2.5336034,Control,8.253845643997177,split2,B cells,Palbociclib,0.0709219858156028
10.340668,Control,8.253845643997177,split2,B cells,Palbociclib,0.0709219858156028
-4.5289917,Control,8.253845643997177,split2,B cells,Palbociclib,0.0709219858156028
-5.698761,Control,8.253845643997177,split2,B cells,Palbociclib,0.0709219858156028
8.816966,Control,8.253845643997177,split2,B cells,Palbociclib,0.0709219858156028
-7.4156065,Control,8.253845643997177,split2,B cells,Palbociclib,0.0709219858156028
5.1525106,Control,8.253845643997177,split2,B cells,Palbociclib,0.0709219858156028
6.2393713,Control,8.253845643997177,split2,B cells,Palbociclib,0.0709219858156028
1.0276278,Control,8.253845643997177,split2,B cells,Palbociclib,0.0709219858156028
-8.814188,Control,8.253845643997177,split2,B cells,Palbociclib,0.0709219858156028
1.1434252,Control,8.253845643997177,split2,B cells,Palbociclib,0.0709219858156028
-2.2279327,Control,8.253845643997177,split2,B cells,Palbociclib,0.0709219858156028
-1.1453707,Control,8.253845643997177,split2,B cells,Palbociclib,0.0709219858156028
0.5575111,Control,8.253845643997177,split2,B cells,Palbociclib,0.0709219858156028
1.7792373,Control,8.253845643997177,split2,B cells,Palbociclib,0.0709219858156028
-3.7158663,Control,8.253845643997177,split2,B cells,Palbociclib,0.0709219858156028
5.9523826,Control,8.253845643997177,split2,B cells,Palbociclib,0.0709219858156028
-3.2940598,Control,8.253845643997177,split2,B cells,Palbociclib,0.0709219858156028
3.2310328,Control,8.253845643997177,split2,B cells,Palbociclib,0.0709219858156028
2.3808672,Control,8.253845643997177,split2,B cells,Palbociclib,0.0709219858156028
-4.462145,Control,8.253845643997177,split2,B cells,Palbociclib,0.0709219858156028
-1.8401847,Control,8.253845643997177,split2,B cells,Palbociclib,0.0709219858156028
4.34669,Control,8.253845643997177,split2,B cells,Palbociclib,0.0709219858156028
2.0493305,Control,8.253845643997177,split2,B cells,Palbociclib,0.0709219858156028
5.5039616,Control,8.253845643997177,split2,B cells,Palbociclib,0.0709219858156028
2.0665727,Control,8.253845643997177,split2,B cells,Palbociclib,0.0709219858156028
5.6719985,Control,8.253845643997177,split2,B cells,Palbociclib,0.0709219858156028
-5.530611,Control,8.253845643997177,split2,B cells,Palbociclib,0.0709219858156028
-3.2239468,Control,8.253845643997177,split2,B cells,Palbociclib,0.0709219858156028
-4.5305343,Control,8.253845643997177,split2,B cells,Palbociclib,0.0709219858156028
-0.87984276,Control,8.253845643997177,split2,B cells,Palbociclib,0.0709219858156028
0.37890613,Control,8.253845643997177,split2,B cells,Palbociclib,0.0709219858156028
6.432518,Control,8.253845643997177,split2,B cells,Palbociclib,0.0709219858156028
10.637966,Control,8.253845643997177,split2,B cells,Palbociclib,0.0709219858156028
5.5738783,Control,8.253845643997177,split2,B cells,Palbociclib,0.0709219858156028
-4.419051,Control,8.253845643997177,split2,B cells,Palbociclib,0.0709219858156028
-0.063206375,Control,8.253845643997177,split2,B cells,Palbociclib,0.0709219858156028
-2.1618454,Control,8.253845643997177,split2,B cells,Palbociclib,0.0709219858156028
1.3909428,Control,8.253845643997177,split2,B cells,Palbociclib,0.0709219858156028
-2.451827,Control,8.253845643997177,split2,B cells,Palbociclib,0.0709219858156028
-2.1905673,Control,8.253845643997177,split2,B cells,Palbociclib,0.0709219858156028
-3.2489219,Control,8.253845643997177,split2,B cells,Palbociclib,0.0709219858156028
10.535422,Control,8.253845643997177,split2,B cells,Palbociclib,0.0709219858156028
0.86188287,Control,8.253845643997177,split2,B cells,Palbociclib,0.0709219858156028
-6.504809,Control,8.253845643997177,split2,B cells,Palbociclib,0.0709219858156028
-5.43824,Control,8.253845643997177,split2,B cells,Palbociclib,0.0709219858156028
3.7634144,Control,8.253845643997177,split2,B cells,Palbociclib,0.0709219858156028
-1.86361,Control,8.253845643997177,split2,B cells,Palbociclib,0.0709219858156028
8.049155,Control,8.253845643997177,split2,B cells,Palbociclib,0.0709219858156028
1.5016952,Control,8.253845643997177,split2,B cells,Palbociclib,0.0709219858156028
4.384448,Control,8.253845643997177,split2,B cells,Palbociclib,0.0709219858156028
-2.9583676,Control,8.253845643997177,split2,B cells,Palbociclib,0.0709219858156028
-1.9821055,Control,8.253845643997177,split2,B cells,Palbociclib,0.0709219858156028
-0.7316092,Control,8.253845643997177,split2,B cells,Palbociclib,0.0709219858156028
-4.6992817,Control,8.253845643997177,split2,B cells,Palbociclib,0.0709219858156028
4.1811275,Control,8.253845643997177,split2,B cells,Palbociclib,0.0709219858156028
-1.6078418,Control,8.253845643997177,split2,B cells,Palbociclib,0.0709219858156028
-0.38250086,Control,8.253845643997177,split2,B cells,Palbociclib,0.0709219858156028
-3.3602355,Control,8.253845643997177,split2,B cells,Palbociclib,0.0709219858156028
0.15736729,Control,8.253845643997177,split2,B cells,Palbociclib,0.0709219858156028
-3.1234186,Control,8.253845643997177,split2,B cells,Palbociclib,0.0709219858156028
-10.80026,Control,8.253845643997177,split2,B cells,Palbociclib,0.0709219858156028
2.172796,Control,8.253845643997177,split2,B cells,Palbociclib,0.0709219858156028
-1.3236169,Control,8.253845643997177,split2,B cells,Palbociclib,0.0709219858156028
13.339519,Control,8.253845643997177,split2,B cells,Palbociclib,0.0709219858156028
-8.0627575,Control,8.253845643997177,split2,B cells,Palbociclib,0.0709219858156028
-3.168466,Control,8.253845643997177,split2,B cells,Palbociclib,0.0709219858156028
0.17077816,Control,8.253845643997177,split2,B cells,Palbociclib,0.0709219858156028
-2.969823,Control,8.253845643997177,split2,B cells,Palbociclib,0.0709219858156028
-0.77401084,Control,8.253845643997177,split2,B cells,Palbociclib,0.0709219858156028
2.9441183,Control,8.253845643997177,split2,B cells,Palbociclib,0.0709219858156028
-4.635934,Control,8.253845643997177,split2,B cells,Palbociclib,0.0709219858156028
-1.685949,Control,8.253845643997177,split2,B cells,Palbociclib,0.0709219858156028
6.445405,Control,8.253845643997177,split2,B cells,Palbociclib,0.0709219858156028
-0.98340684,Control,8.253845643997177,split2,B cells,Palbociclib,0.0709219858156028
1.6801751,Control,8.253845643997177,split2,B cells,Palbociclib,0.0709219858156028
-1.4055867,Control,8.253845643997177,split2,B cells,Palbociclib,0.0709219858156028
5.7812386,Control,8.253845643997177,split2,B cells,Palbociclib,0.0709219858156028
3.5161903,Control,8.253845643997177,split2,B cells,Palbociclib,0.0709219858156028
-2.647623,Control,8.253845643997177,split2,B cells,Palbociclib,0.0709219858156028
8.97534,Control,8.253845643997177,split2,B cells,Palbociclib,0.0709219858156028
-1.093513,Control,8.253845643997177,split2,B cells,Palbociclib,0.0709219858156028
-6.2965117,Control,8.253845643997177,split2,B cells,Palbociclib,0.0709219858156028
3.5360625,Control,8.253845643997177,split2,B cells,Palbociclib,0.0709219858156028
5.341966,Control,8.253845643997177,split2,B cells,Palbociclib,0.0709219858156028
2.7796874,Control,8.253845643997177,split2,B cells,Palbociclib,0.0709219858156028
-0.777519,Control,8.253845643997177,split2,B cells,Palbociclib,0.0709219858156028
-7.8611927,Control,8.253845643997177,split2,B cells,Palbociclib,0.0709219858156028
-7.3010597,Control,8.253845643997177,split2,B cells,Palbociclib,0.0709219858156028
-4.6402063,Control,8.253845643997177,split2,B cells,Palbociclib,0.0709219858156028
0.59810436,Control,8.253845643997177,split2,B cells,Palbociclib,0.0709219858156028
-2.6065035,Control,8.253845643997177,split2,B cells,Palbociclib,0.0709219858156028
3.5256524,Control,8.253845643997177,split2,B cells,Palbociclib,0.0709219858156028
-0.7683549,Control,8.253845643997177,split2,B cells,Palbociclib,0.0709219858156028
-0.9204449,Control,8.253845643997177,split2,B cells,Palbociclib,0.0709219858156028
3.63491,Control,8.253845643997177,split2,B cells,Palbociclib,0.0709219858156028
4.889661,Control,8.253845643997177,split2,B cells,Palbociclib,0.0709219858156028
0.8868576,Control,8.253845643997177,split2,B cells,Palbociclib,0.0709219858156028
8.304906,Observed,8.253845643997177,split2,B cells,Palbociclib,0.0709219858156028
-2.4761806,Observed,8.253845643997177,split2,B cells,Palbociclib,0.0709219858156028
1.6236212,Observed,8.253845643997177,split2,B cells,Palbociclib,0.0709219858156028
7.444337,Observed,8.253845643997177,split2,B cells,Palbociclib,0.0709219858156028
12.020442,Observed,8.253845643997177,split2,B cells,Palbociclib,0.0709219858156028
5.928693,Observed,8.253845643997177,split2,B cells,Palbociclib,0.0709219858156028
5.258557,Observed,8.253845643997177,split2,B cells,Palbociclib,0.0709219858156028
10.213294,Observed,8.253845643997177,split2,B cells,Palbociclib,0.0709219858156028
7.7721605,Observed,8.253845643997177,split2,B cells,Palbociclib,0.0709219858156028
5.1720796,Observed,8.253845643997177,split2,B cells,Palbociclib,0.0709219858156028
6.2017426,Observed,8.253845643997177,split2,B cells,Palbociclib,0.0709219858156028
2.6771212,Observed,8.253845643997177,split2,B cells,Palbociclib,0.0709219858156028
-0.21749318,Observed,8.253845643997177,split2,B cells,Palbociclib,0.0709219858156028
8.329304,Observed,8.253845643997177,split2,B cells,Palbociclib,0.0709219858156028
7.2595587,Observed,8.253845643997177,split2,B cells,Palbociclib,0.0709219858156028
1.1930661,Observed,8.253845643997177,split2,B cells,Palbociclib,0.0709219858156028
7.9352903,Observed,8.253845643997177,split2,B cells,Palbociclib,0.0709219858156028
0.9737308,Observed,8.253845643997177,split2,B cells,Palbociclib,0.0709219858156028
15.066907,Observed,8.253845643997177,split2,B cells,Palbociclib,0.0709219858156028
11.225767,Observed,8.253845643997177,split2,B cells,Palbociclib,0.0709219858156028
5.3083844,Observed,8.253845643997177,split2,B cells,Palbociclib,0.0709219858156028
9.001572,Observed,8.253845643997177,split2,B cells,Palbociclib,0.0709219858156028
10.3356695,Observed,8.253845643997177,split2,B cells,Palbociclib,0.0709219858156028
8.116094,Observed,8.253845643997177,split2,B cells,Palbociclib,0.0709219858156028
9.6658745,Observed,8.253845643997177,split2,B cells,Palbociclib,0.0709219858156028
8.319518,Observed,8.253845643997177,split2,B cells,Palbociclib,0.0709219858156028
-3.6888037,Observed,8.253845643997177,split2,B cells,Palbociclib,0.0709219858156028
10.061243,Observed,8.253845643997177,split2,B cells,Palbociclib,0.0709219858156028
9.978417,Observed,8.253845643997177,split2,B cells,Palbociclib,0.0709219858156028
5.9861007,Observed,8.253845643997177,split2,B cells,Palbociclib,0.0709219858156028
-1.362442,Observed,8.253845643997177,split2,B cells,Palbociclib,0.0709219858156028
-4.3826513,Observed,8.253845643997177,split2,B cells,Palbociclib,0.0709219858156028
12.595051,Observed,8.253845643997177,split2,B cells,Palbociclib,0.0709219858156028
-0.18908441,Observed,8.253845643997177,split2,B cells,Palbociclib,0.0709219858156028
1.010823,Observed,8.253845643997177,split2,B cells,Palbociclib,0.0709219858156028
3.2310514,Observed,8.253845643997177,split2,B cells,Palbociclib,0.0709219858156028
2.3197837,Observed,8.253845643997177,split2,B cells,Palbociclib,0.0709219858156028
9.856304,Observed,8.253845643997177,split2,B cells,Palbociclib,0.0709219858156028
-3.1136503,Observed,8.253845643997177,split2,B cells,Palbociclib,0.0709219858156028
6.6387606,Observed,8.253845643997177,split2,B cells,Palbociclib,0.0709219858156028
12.668296,Observed,8.253845643997177,split2,B cells,Palbociclib,0.0709219858156028
5.172583,Observed,8.253845643997177,split2,B cells,Palbociclib,0.0709219858156028
-0.30937663,Observed,8.253845643997177,split2,B cells,Palbociclib,0.0709219858156028
9.230282,Observed,8.253845643997177,split2,B cells,Palbociclib,0.0709219858156028
11.866258,Observed,8.253845643997177,split2,B cells,Palbociclib,0.0709219858156028
14.082087,Observed,8.253845643997177,split2,B cells,Palbociclib,0.0709219858156028
9.158537,Observed,8.253845643997177,split2,B cells,Palbociclib,0.0709219858156028
5.4726686,Observed,8.253845643997177,split2,B cells,Palbociclib,0.0709219858156028
8.990736,Observed,8.253845643997177,split2,B cells,Palbociclib,0.0709219858156028
8.645499,Observed,8.253845643997177,split2,B cells,Palbociclib,0.0709219858156028
-0.59638363,Observed,8.253845643997177,split2,B cells,Palbociclib,0.0709219858156028
5.885551,Observed,8.253845643997177,split2,B cells,Palbociclib,0.0709219858156028
10.889532,Observed,8.253845643997177,split2,B cells,Palbociclib,0.0709219858156028
12.52353,Observed,8.253845643997177,split2,B cells,Palbociclib,0.0709219858156028
-3.3148687,Observed,8.253845643997177,split2,B cells,Palbociclib,0.0709219858156028
13.007185,Observed,8.253845643997177,split2,B cells,Palbociclib,0.0709219858156028
9.90324,Observed,8.253845643997177,split2,B cells,Palbociclib,0.0709219858156028
8.914567,Observed,8.253845643997177,split2,B cells,Palbociclib,0.0709219858156028
11.298842,Observed,8.253845643997177,split2,B cells,Palbociclib,0.0709219858156028
15.5869665,Observed,8.253845643997177,split2,B cells,Palbociclib,0.0709219858156028
11.173822,Observed,8.253845643997177,split2,B cells,Palbociclib,0.0709219858156028
-0.41154283,Observed,8.253845643997177,split2,B cells,Palbociclib,0.0709219858156028
6.413713,Observed,8.253845643997177,split2,B cells,Palbociclib,0.0709219858156028
-6.444892,Observed,8.253845643997177,split2,B cells,Palbociclib,0.0709219858156028
-1.982607,Observed,8.253845643997177,split2,B cells,Palbociclib,0.0709219858156028
9.222895,Observed,8.253845643997177,split2,B cells,Palbociclib,0.0709219858156028
7.5660396,Observed,8.253845643997177,split2,B cells,Palbociclib,0.0709219858156028
10.53861,Observed,8.253845643997177,split2,B cells,Palbociclib,0.0709219858156028
8.932888,Observed,8.253845643997177,split2,B cells,Palbociclib,0.0709219858156028
11.718687,Observed,8.253845643997177,split2,B cells,Palbociclib,0.0709219858156028
15.426313,Observed,8.253845643997177,split2,B cells,Palbociclib,0.0709219858156028
0.5412736,Observed,8.253845643997177,split2,B cells,Palbociclib,0.0709219858156028
8.985511,Observed,8.253845643997177,split2,B cells,Palbociclib,0.0709219858156028
11.20627,Observed,8.253845643997177,split2,B cells,Palbociclib,0.0709219858156028
1.4041064,Observed,8.253845643997177,split2,B cells,Palbociclib,0.0709219858156028
8.993572,Observed,8.253845643997177,split2,B cells,Palbociclib,0.0709219858156028
-1.7968032,Observed,8.253845643997177,split2,B cells,Palbociclib,0.0709219858156028
5.1481123,Observed,8.253845643997177,split2,B cells,Palbociclib,0.0709219858156028
3.207386,Observed,8.253845643997177,split2,B cells,Palbociclib,0.0709219858156028
-2.4756756,Observed,8.253845643997177,split2,B cells,Palbociclib,0.0709219858156028
7.782489,Observed,8.253845643997177,split2,B cells,Palbociclib,0.0709219858156028
2.6088533,Observed,8.253845643997177,split2,B cells,Palbociclib,0.0709219858156028
-1.9988601,Observed,8.253845643997177,split2,B cells,Palbociclib,0.0709219858156028
2.9572337,Observed,8.253845643997177,split2,B cells,Palbociclib,0.0709219858156028
0.68607205,Observed,8.253845643997177,split2,B cells,Palbociclib,0.0709219858156028
2.9347575,Observed,8.253845643997177,split2,B cells,Palbociclib,0.0709219858156028
3.959445,Observed,8.253845643997177,split2,B cells,Palbociclib,0.0709219858156028
10.203481,Observed,8.253845643997177,split2,B cells,Palbociclib,0.0709219858156028
12.35405,Observed,8.253845643997177,split2,B cells,Palbociclib,0.0709219858156028
9.379388,Observed,8.253845643997177,split2,B cells,Palbociclib,0.0709219858156028
12.659334,Observed,8.253845643997177,split2,B cells,Palbociclib,0.0709219858156028
4.4044433,Observed,8.253845643997177,split2,B cells,Palbociclib,0.0709219858156028
11.452494,Observed,8.253845643997177,split2,B cells,Palbociclib,0.0709219858156028
13.901554,Observed,8.253845643997177,split2,B cells,Palbociclib,0.0709219858156028
11.088783,Observed,8.253845643997177,split2,B cells,Palbociclib,0.0709219858156028
6.587904,Observed,8.253845643997177,split2,B cells,Palbociclib,0.0709219858156028
14.098252,Observed,8.253845643997177,split2,B cells,Palbociclib,0.0709219858156028
7.358756,Observed,8.253845643997177,split2,B cells,Palbociclib,0.0709219858156028
13.39551,Observed,8.253845643997177,split2,B cells,Palbociclib,0.0709219858156028
-0.1346184,Observed,8.253845643997177,split2,B cells,Palbociclib,0.0709219858156028
11.135964,Observed,8.253845643997177,split2,B cells,Palbociclib,0.0709219858156028
5.295159,Observed,8.253845643997177,split2,B cells,Palbociclib,0.0709219858156028
7.963346,Observed,8.253845643997177,split2,B cells,Palbociclib,0.0709219858156028
-1.3960228,Observed,8.253845643997177,split2,B cells,Palbociclib,0.0709219858156028
9.313613,Observed,8.253845643997177,split2,B cells,Palbociclib,0.0709219858156028
16.45164,Observed,8.253845643997177,split2,B cells,Palbociclib,0.0709219858156028
-0.89739907,Observed,8.253845643997177,split2,B cells,Palbociclib,0.0709219858156028
0.5848578,Observed,8.253845643997177,split2,B cells,Palbociclib,0.0709219858156028
10.4862385,Observed,8.253845643997177,split2,B cells,Palbociclib,0.0709219858156028
0.33184302,Observed,8.253845643997177,split2,B cells,Palbociclib,0.0709219858156028
7.588482,Observed,8.253845643997177,split2,B cells,Palbociclib,0.0709219858156028
18.0504,Observed,8.253845643997177,split2,B cells,Palbociclib,0.0709219858156028
7.6170297,Observed,8.253845643997177,split2,B cells,Palbociclib,0.0709219858156028
8.708894,Observed,8.253845643997177,split2,B cells,Palbociclib,0.0709219858156028
12.106062,Observed,8.253845643997177,split2,B cells,Palbociclib,0.0709219858156028
3.4000947,Observed,8.253845643997177,split2,B cells,Palbociclib,0.0709219858156028
3.1821647,Observed,8.253845643997177,split2,B cells,Palbociclib,0.0709219858156028
12.76795,Observed,8.253845643997177,split2,B cells,Palbociclib,0.0709219858156028
12.387269,Observed,8.253845643997177,split2,B cells,Palbociclib,0.0709219858156028
9.037636,Observed,8.253845643997177,split2,B cells,Palbociclib,0.0709219858156028
6.433113,Observed,8.253845643997177,split2,B cells,Palbociclib,0.0709219858156028
9.452444,Observed,8.253845643997177,split2,B cells,Palbociclib,0.0709219858156028
8.713402,Observed,8.253845643997177,split2,B cells,Palbociclib,0.0709219858156028
16.851017,Observed,8.253845643997177,split2,B cells,Palbociclib,0.0709219858156028
10.294999,Observed,8.253845643997177,split2,B cells,Palbociclib,0.0709219858156028
2.0250378,Observed,8.253845643997177,split2,B cells,Palbociclib,0.0709219858156028
15.883866,Observed,8.253845643997177,split2,B cells,Palbociclib,0.0709219858156028
7.3501215,Observed,8.253845643997177,split2,B cells,Palbociclib,0.0709219858156028
7.6462545,Observed,8.253845643997177,split2,B cells,Palbociclib,0.0709219858156028
7.0407248,Observed,8.253845643997177,split2,B cells,Palbociclib,0.0709219858156028
13.953524,Observed,8.253845643997177,split2,B cells,Palbociclib,0.0709219858156028
11.4274435,Observed,8.253845643997177,split2,B cells,Palbociclib,0.0709219858156028
3.4745739,Observed,8.253845643997177,split2,B cells,Palbociclib,0.0709219858156028
8.108885,Observed,8.253845643997177,split2,B cells,Palbociclib,0.0709219858156028
14.973865,Observed,8.253845643997177,split2,B cells,Palbociclib,0.0709219858156028
-1.1972531,Observed,8.253845643997177,split2,B cells,Palbociclib,0.0709219858156028
7.134784,Observed,8.253845643997177,split2,B cells,Palbociclib,0.0709219858156028
7.2206845,Observed,8.253845643997177,split2,B cells,Palbociclib,0.0709219858156028
7.90846,Observed,8.253845643997177,split2,B cells,Palbociclib,0.0709219858156028
4.7975607,Observed,8.253845643997177,split2,B cells,Palbociclib,0.0709219858156028
-0.9240949,Observed,8.253845643997177,split2,B cells,Palbociclib,0.0709219858156028
8.032494,Observed,8.253845643997177,split2,B cells,Palbociclib,0.0709219858156028
11.698993,Observed,8.253845643997177,split2,B cells,Palbociclib,0.0709219858156028
6.8138857,Observed,8.253845643997177,split2,B cells,Palbociclib,0.0709219858156028
5.1095543,Observed,8.253845643997177,split2,B cells,Palbociclib,0.0709219858156028
1.1187563,Observed,8.253845643997177,split2,B cells,Palbociclib,0.0709219858156028
4.7412443,Observed,8.253845643997177,split2,B cells,Palbociclib,0.0709219858156028
-0.05073479,Observed,8.253845643997177,split2,B cells,Palbociclib,0.0709219858156028
11.72902,Observed,8.253845643997177,split2,B cells,Palbociclib,0.0709219858156028
10.3833275,Observed,8.253845643997177,split2,B cells,Palbociclib,0.0709219858156028
11.178685,Observed,8.253845643997177,split2,B cells,Palbociclib,0.0709219858156028
7.0437775,Observed,8.253845643997177,split2,B cells,Palbociclib,0.0709219858156028
12.5920105,Observed,8.253845643997177,split2,B cells,Palbociclib,0.0709219858156028
5.696726,Observed,8.253845643997177,split2,B cells,Palbociclib,0.0709219858156028
11.969153,Observed,8.253845643997177,split2,B cells,Palbociclib,0.0709219858156028
0.47831213,Observed,8.253845643997177,split2,B cells,Palbociclib,0.0709219858156028
10.045985,Observed,8.253845643997177,split2,B cells,Palbociclib,0.0709219858156028
-0.1772207,Observed,8.253845643997177,split2,B cells,Palbociclib,0.0709219858156028
-0.24521142,Observed,8.253845643997177,split2,B cells,Palbociclib,0.0709219858156028
-1.5176328,Observed,8.253845643997177,split2,B cells,Palbociclib,0.0709219858156028
2.497767,Observed,8.253845643997177,split2,B cells,Palbociclib,0.0709219858156028
5.9038653,Observed,8.253845643997177,split2,B cells,Palbociclib,0.0709219858156028
3.3864987,Observed,8.253845643997177,split2,B cells,Palbociclib,0.0709219858156028
11.332165,Observed,8.253845643997177,split2,B cells,Palbociclib,0.0709219858156028
-5.2191625,Observed,8.253845643997177,split2,B cells,Palbociclib,0.0709219858156028
-1.1231191,Observed,8.253845643997177,split2,B cells,Palbociclib,0.0709219858156028
2.0122514,Observed,8.253845643997177,split2,B cells,Palbociclib,0.0709219858156028
8.393514,Observed,8.253845643997177,split2,B cells,Palbociclib,0.0709219858156028
-2.5637126,Observed,8.253845643997177,split2,B cells,Palbociclib,0.0709219858156028
9.896308,Observed,8.253845643997177,split2,B cells,Palbociclib,0.0709219858156028
12.183813,Observed,8.253845643997177,split2,B cells,Palbociclib,0.0709219858156028
9.478654,Observed,8.253845643997177,split2,B cells,Palbociclib,0.0709219858156028
0.7191622,Observed,8.253845643997177,split2,B cells,Palbociclib,0.0709219858156028
6.8645678,Observed,8.253845643997177,split2,B cells,Palbociclib,0.0709219858156028
10.760466,Observed,8.253845643997177,split2,B cells,Palbociclib,0.0709219858156028
6.6369925,Observed,8.253845643997177,split2,B cells,Palbociclib,0.0709219858156028
5.589566,Observed,8.253845643997177,split2,B cells,Palbociclib,0.0709219858156028
7.415698,Observed,8.253845643997177,split2,B cells,Palbociclib,0.0709219858156028
-2.7230654,Observed,8.253845643997177,split2,B cells,Palbociclib,0.0709219858156028
6.2415543,Observed,8.253845643997177,split2,B cells,Palbociclib,0.0709219858156028
-0.27897382,Observed,8.253845643997177,split2,B cells,Palbociclib,0.0709219858156028
5.8314533,Observed,8.253845643997177,split2,B cells,Palbociclib,0.0709219858156028
11.662408,Observed,8.253845643997177,split2,B cells,Palbociclib,0.0709219858156028
5.8959527,Observed,8.253845643997177,split2,B cells,Palbociclib,0.0709219858156028
-2.2907324,Observed,8.253845643997177,split2,B cells,Palbociclib,0.0709219858156028
15.484021,Observed,8.253845643997177,split2,B cells,Palbociclib,0.0709219858156028
13.74846,Observed,8.253845643997177,split2,B cells,Palbociclib,0.0709219858156028
6.340281,Observed,8.253845643997177,split2,B cells,Palbociclib,0.0709219858156028
11.902053,Observed,8.253845643997177,split2,B cells,Palbociclib,0.0709219858156028
4.4726944,Observed,8.253845643997177,split2,B cells,Palbociclib,0.0709219858156028
3.8833475,Observed,8.253845643997177,split2,B cells,Palbociclib,0.0709219858156028
5.6984253,Observed,8.253845643997177,split2,B cells,Palbociclib,0.0709219858156028
11.17332,Observed,8.253845643997177,split2,B cells,Palbociclib,0.0709219858156028
11.289834,Observed,8.253845643997177,split2,B cells,Palbociclib,0.0709219858156028
5.457491,Observed,8.253845643997177,split2,B cells,Palbociclib,0.0709219858156028
6.9768486,Observed,8.253845643997177,split2,B cells,Palbociclib,0.0709219858156028
5.8643517,Observed,8.253845643997177,split2,B cells,Palbociclib,0.0709219858156028
7.4018984,Observed,8.253845643997177,split2,B cells,Palbociclib,0.0709219858156028
4.628847,Observed,8.253845643997177,split2,B cells,Palbociclib,0.0709219858156028
7.672226,Observed,8.253845643997177,split2,B cells,Palbociclib,0.0709219858156028
2.3172026,Observed,8.253845643997177,split2,B cells,Palbociclib,0.0709219858156028
3.4104116,Observed,8.253845643997177,split2,B cells,Palbociclib,0.0709219858156028
3.7850215,Observed,8.253845643997177,split2,B cells,Palbociclib,0.0709219858156028
-4.551843,Observed,8.253845643997177,split2,B cells,Palbociclib,0.0709219858156028
6.8037367,Observed,8.253845643997177,split2,B cells,Palbociclib,0.0709219858156028
-4.3453445,Observed,8.253845643997177,split2,B cells,Palbociclib,0.0709219858156028
11.906178,Observed,8.253845643997177,split2,B cells,Palbociclib,0.0709219858156028
8.706036,Observed,8.253845643997177,split2,B cells,Palbociclib,0.0709219858156028
14.554011,Observed,8.253845643997177,split2,B cells,Palbociclib,0.0709219858156028
-5.0013824,Observed,8.253845643997177,split2,B cells,Palbociclib,0.0709219858156028
3.9709592,Observed,8.253845643997177,split2,B cells,Palbociclib,0.0709219858156028
5.4175444,Observed,8.253845643997177,split2,B cells,Palbociclib,0.0709219858156028
12.001776,Observed,8.253845643997177,split2,B cells,Palbociclib,0.0709219858156028
1.3897994,Observed,8.253845643997177,split2,B cells,Palbociclib,0.0709219858156028
-1.6644945,Observed,8.253845643997177,split2,B cells,Palbociclib,0.0709219858156028
6.1400123,Observed,8.253845643997177,split2,B cells,Palbociclib,0.0709219858156028
13.971969,Observed,8.253845643997177,split2,B cells,Palbociclib,0.0709219858156028
11.867639,Observed,8.253845643997177,split2,B cells,Palbociclib,0.0709219858156028
10.048392,Observed,8.253845643997177,split2,B cells,Palbociclib,0.0709219858156028
5.746936,Observed,8.253845643997177,split2,B cells,Palbociclib,0.0709219858156028
1.8699384,Observed,8.253845643997177,split2,B cells,Palbociclib,0.0709219858156028
2.6843045,Observed,8.253845643997177,split2,B cells,Palbociclib,0.0709219858156028
0.6572541,Observed,8.253845643997177,split2,B cells,Palbociclib,0.0709219858156028
11.21657,Observed,8.253845643997177,split2,B cells,Palbociclib,0.0709219858156028
9.029353,Observed,8.253845643997177,split2,B cells,Palbociclib,0.0709219858156028
12.359938,Observed,8.253845643997177,split2,B cells,Palbociclib,0.0709219858156028
-5.3670206,Observed,8.253845643997177,split2,B cells,Palbociclib,0.0709219858156028
3.592786,Observed,8.253845643997177,split2,B cells,Palbociclib,0.0709219858156028
9.0054655,Observed,8.253845643997177,split2,B cells,Palbociclib,0.0709219858156028
2.9553986,Observed,8.253845643997177,split2,B cells,Palbociclib,0.0709219858156028
-1.5049064,Observed,8.253845643997177,split2,B cells,Palbociclib,0.0709219858156028
7.791464,Observed,8.253845643997177,split2,B cells,Palbociclib,0.0709219858156028
-6.466894,Observed,8.253845643997177,split2,B cells,Palbociclib,0.0709219858156028
7.038709,Observed,8.253845643997177,split2,B cells,Palbociclib,0.0709219858156028
8.4528675,Observed,8.253845643997177,split2,B cells,Palbociclib,0.0709219858156028
8.613538,Observed,8.253845643997177,split2,B cells,Palbociclib,0.0709219858156028
10.699093,Observed,8.253845643997177,split2,B cells,Palbociclib,0.0709219858156028
0.03888738,Observed,8.253845643997177,split2,B cells,Palbociclib,0.0709219858156028
11.447351,Observed,8.253845643997177,split2,B cells,Palbociclib,0.0709219858156028
7.289434,Observed,8.253845643997177,split2,B cells,Palbociclib,0.0709219858156028
14.770423,Observed,8.253845643997177,split2,B cells,Palbociclib,0.0709219858156028
-6.0171404,Observed,8.253845643997177,split2,B cells,Palbociclib,0.0709219858156028
10.253716,Observed,8.253845643997177,split2,B cells,Palbociclib,0.0709219858156028
6.938794,Observed,8.253845643997177,split2,B cells,Palbociclib,0.0709219858156028
3.2730556,CRISP,8.253845643997177,split2,B cells,Palbociclib,0.0709219858156028
5.6853566,CRISP,8.253845643997177,split2,B cells,Palbociclib,0.0709219858156028
5.0498567,CRISP,8.253845643997177,split2,B cells,Palbociclib,0.0709219858156028
5.089476,CRISP,8.253845643997177,split2,B cells,Palbociclib,0.0709219858156028
6.188829,CRISP,8.253845643997177,split2,B cells,Palbociclib,0.0709219858156028
3.7966223,CRISP,8.253845643997177,split2,B cells,Palbociclib,0.0709219858156028
5.737929,CRISP,8.253845643997177,split2,B cells,Palbociclib,0.0709219858156028
4.9765863,CRISP,8.253845643997177,split2,B cells,Palbociclib,0.0709219858156028
5.799835,CRISP,8.253845643997177,split2,B cells,Palbociclib,0.0709219858156028
5.1364155,CRISP,8.253845643997177,split2,B cells,Palbociclib,0.0709219858156028
4.528393,CRISP,8.253845643997177,split2,B cells,Palbociclib,0.0709219858156028
3.4092665,CRISP,8.253845643997177,split2,B cells,Palbociclib,0.0709219858156028
3.1214054,CRISP,8.253845643997177,split2,B cells,Palbociclib,0.0709219858156028
6.6770406,CRISP,8.253845643997177,split2,B cells,Palbociclib,0.0709219858156028
1.1974227,CRISP,8.253845643997177,split2,B cells,Palbociclib,0.0709219858156028
4.490651,CRISP,8.253845643997177,split2,B cells,Palbociclib,0.0709219858156028
5.0238113,CRISP,8.253845643997177,split2,B cells,Palbociclib,0.0709219858156028
5.2622557,CRISP,8.253845643997177,split2,B cells,Palbociclib,0.0709219858156028
5.384185,CRISP,8.253845643997177,split2,B cells,Palbociclib,0.0709219858156028
5.096965,CRISP,8.253845643997177,split2,B cells,Palbociclib,0.0709219858156028
5.69607,CRISP,8.253845643997177,split2,B cells,Palbociclib,0.0709219858156028
5.81396,CRISP,8.253845643997177,split2,B cells,Palbociclib,0.0709219858156028
5.4493465,CRISP,8.253845643997177,split2,B cells,Palbociclib,0.0709219858156028
1.7191949,CRISP,8.253845643997177,split2,B cells,Palbociclib,0.0709219858156028
5.0757523,CRISP,8.253845643997177,split2,B cells,Palbociclib,0.0709219858156028
5.549109,CRISP,8.253845643997177,split2,B cells,Palbociclib,0.0709219858156028
4.025082,CRISP,8.253845643997177,split2,B cells,Palbociclib,0.0709219858156028
2.775502,CRISP,8.253845643997177,split2,B cells,Palbociclib,0.0709219858156028
4.4425926,CRISP,8.253845643997177,split2,B cells,Palbociclib,0.0709219858156028
4.816367,CRISP,8.253845643997177,split2,B cells,Palbociclib,0.0709219858156028
3.553486,CRISP,8.253845643997177,split2,B cells,Palbociclib,0.0709219858156028
5.884241,CRISP,8.253845643997177,split2,B cells,Palbociclib,0.0709219858156028
3.1021495,CRISP,8.253845643997177,split2,B cells,Palbociclib,0.0709219858156028
4.339877,CRISP,8.253845643997177,split2,B cells,Palbociclib,0.0709219858156028
4.798261,CRISP,8.253845643997177,split2,B cells,Palbociclib,0.0709219858156028
5.4347124,CRISP,8.253845643997177,split2,B cells,Palbociclib,0.0709219858156028
3.2915537,CRISP,8.253845643997177,split2,B cells,Palbociclib,0.0709219858156028
4.9475503,CRISP,8.253845643997177,split2,B cells,Palbociclib,0.0709219858156028
5.2616754,CRISP,8.253845643997177,split2,B cells,Palbociclib,0.0709219858156028
3.7431417,CRISP,8.253845643997177,split2,B cells,Palbociclib,0.0709219858156028
4.1797395,CRISP,8.253845643997177,split2,B cells,Palbociclib,0.0709219858156028
1.7247964,CRISP,8.253845643997177,split2,B cells,Palbociclib,0.0709219858156028
4.475012,CRISP,8.253845643997177,split2,B cells,Palbociclib,0.0709219858156028
4.603975,CRISP,8.253845643997177,split2,B cells,Palbociclib,0.0709219858156028
5.417909,CRISP,8.253845643997177,split2,B cells,Palbociclib,0.0709219858156028
6.0228543,CRISP,8.253845643997177,split2,B cells,Palbociclib,0.0709219858156028
3.1281903,CRISP,8.253845643997177,split2,B cells,Palbociclib,0.0709219858156028
5.9513845,CRISP,8.253845643997177,split2,B cells,Palbociclib,0.0709219858156028
3.8910546,CRISP,8.253845643997177,split2,B cells,Palbociclib,0.0709219858156028
4.4824877,CRISP,8.253845643997177,split2,B cells,Palbociclib,0.0709219858156028
4.5914564,CRISP,8.253845643997177,split2,B cells,Palbociclib,0.0709219858156028
3.5784898,CRISP,8.253845643997177,split2,B cells,Palbociclib,0.0709219858156028
4.947643,CRISP,8.253845643997177,split2,B cells,Palbociclib,0.0709219858156028
0.9521237,CRISP,8.253845643997177,split2,B cells,Palbociclib,0.0709219858156028
3.9774866,CRISP,8.253845643997177,split2,B cells,Palbociclib,0.0709219858156028
5.04524,CRISP,8.253845643997177,split2,B cells,Palbociclib,0.0709219858156028
5.934501,CRISP,8.253845643997177,split2,B cells,Palbociclib,0.0709219858156028
6.358958,CRISP,8.253845643997177,split2,B cells,Palbociclib,0.0709219858156028
4.950267,CRISP,8.253845643997177,split2,B cells,Palbociclib,0.0709219858156028
1.9349977,CRISP,8.253845643997177,split2,B cells,Palbociclib,0.0709219858156028
4.487755,CRISP,8.253845643997177,split2,B cells,Palbociclib,0.0709219858156028
5.502868,CRISP,8.253845643997177,split2,B cells,Palbociclib,0.0709219858156028
5.2789197,CRISP,8.253845643997177,split2,B cells,Palbociclib,0.0709219858156028
6.1014366,CRISP,8.253845643997177,split2,B cells,Palbociclib,0.0709219858156028
6.4977865,CRISP,8.253845643997177,split2,B cells,Palbociclib,0.0709219858156028
5.7163873,CRISP,8.253845643997177,split2,B cells,Palbociclib,0.0709219858156028
5.866649,CRISP,8.253845643997177,split2,B cells,Palbociclib,0.0709219858156028
6.8262124,CRISP,8.253845643997177,split2,B cells,Palbociclib,0.0709219858156028
4.780382,CRISP,8.253845643997177,split2,B cells,Palbociclib,0.0709219858156028
5.5504265,CRISP,8.253845643997177,split2,B cells,Palbociclib,0.0709219858156028
6.2319245,CRISP,8.253845643997177,split2,B cells,Palbociclib,0.0709219858156028
1.9472399,CRISP,8.253845643997177,split2,B cells,Palbociclib,0.0709219858156028
5.012657,CRISP,8.253845643997177,split2,B cells,Palbociclib,0.0709219858156028
5.267068,CRISP,8.253845643997177,split2,B cells,Palbociclib,0.0709219858156028
5.566617,CRISP,8.253845643997177,split2,B cells,Palbociclib,0.0709219858156028
6.0376086,CRISP,8.253845643997177,split2,B cells,Palbociclib,0.0709219858156028
4.531276,CRISP,8.253845643997177,split2,B cells,Palbociclib,0.0709219858156028
5.3120565,CRISP,8.253845643997177,split2,B cells,Palbociclib,0.0709219858156028
4.2417254,CRISP,8.253845643997177,split2,B cells,Palbociclib,0.0709219858156028
4.2699924,CRISP,8.253845643997177,split2,B cells,Palbociclib,0.0709219858156028
3.3641539,CRISP,8.253845643997177,split2,B cells,Palbociclib,0.0709219858156028
3.1506257,CRISP,8.253845643997177,split2,B cells,Palbociclib,0.0709219858156028
4.7440195,CRISP,8.253845643997177,split2,B cells,Palbociclib,0.0709219858156028
2.1815698,CRISP,8.253845643997177,split2,B cells,Palbociclib,0.0709219858156028
2.7613964,CRISP,8.253845643997177,split2,B cells,Palbociclib,0.0709219858156028
4.412288,CRISP,8.253845643997177,split2,B cells,Palbociclib,0.0709219858156028
3.251836,CRISP,8.253845643997177,split2,B cells,Palbociclib,0.0709219858156028
2.9133675,CRISP,8.253845643997177,split2,B cells,Palbociclib,0.0709219858156028
6.6512012,CRISP,8.253845643997177,split2,B cells,Palbociclib,0.0709219858156028
4.2761407,CRISP,8.253845643997177,split2,B cells,Palbociclib,0.0709219858156028
5.332768,CRISP,8.253845643997177,split2,B cells,Palbociclib,0.0709219858156028
4.729978,CRISP,8.253845643997177,split2,B cells,Palbociclib,0.0709219858156028
5.6240797,CRISP,8.253845643997177,split2,B cells,Palbociclib,0.0709219858156028
4.80428,CRISP,8.253845643997177,split2,B cells,Palbociclib,0.0709219858156028
5.7035666,CRISP,8.253845643997177,split2,B cells,Palbociclib,0.0709219858156028
5.8997774,CRISP,8.253845643997177,split2,B cells,Palbociclib,0.0709219858156028
5.9338923,CRISP,8.253845643997177,split2,B cells,Palbociclib,0.0709219858156028
5.420786,CRISP,8.253845643997177,split2,B cells,Palbociclib,0.0709219858156028
5.9684634,CRISP,8.253845643997177,split2,B cells,Palbociclib,0.0709219858156028
5.4124317,CRISP,8.253845643997177,split2,B cells,Palbociclib,0.0709219858156028
4.4401283,CRISP,8.253845643997177,split2,B cells,Palbociclib,0.0709219858156028
4.8492136,CRISP,8.253845643997177,split2,B cells,Palbociclib,0.0709219858156028
5.8957496,CRISP,8.253845643997177,split2,B cells,Palbociclib,0.0709219858156028
6.0848565,CRISP,8.253845643997177,split2,B cells,Palbociclib,0.0709219858156028
-0.64729846,CRISP,8.253845643997177,split2,B cells,Palbociclib,0.0709219858156028
2.482498,CRISP,8.253845643997177,split2,B cells,Palbociclib,0.0709219858156028
5.5639105,CRISP,8.253845643997177,split2,B cells,Palbociclib,0.0709219858156028
5.1029873,CRISP,8.253845643997177,split2,B cells,Palbociclib,0.0709219858156028
5.9202185,CRISP,8.253845643997177,split2,B cells,Palbociclib,0.0709219858156028
5.4824204,CRISP,8.253845643997177,split2,B cells,Palbociclib,0.0709219858156028
1.8052753,CRISP,8.253845643997177,split2,B cells,Palbociclib,0.0709219858156028
2.9927194,CRISP,8.253845643997177,split2,B cells,Palbociclib,0.0709219858156028
2.959643,CRISP,8.253845643997177,split2,B cells,Palbociclib,0.0709219858156028
5.356271,CRISP,8.253845643997177,split2,B cells,Palbociclib,0.0709219858156028
4.0106096,CRISP,8.253845643997177,split2,B cells,Palbociclib,0.0709219858156028
3.96426,CRISP,8.253845643997177,split2,B cells,Palbociclib,0.0709219858156028
5.232679,CRISP,8.253845643997177,split2,B cells,Palbociclib,0.0709219858156028
4.613224,CRISP,8.253845643997177,split2,B cells,Palbociclib,0.0709219858156028
5.1645517,CRISP,8.253845643997177,split2,B cells,Palbociclib,0.0709219858156028
5.91368,CRISP,8.253845643997177,split2,B cells,Palbociclib,0.0709219858156028
5.9126797,CRISP,8.253845643997177,split2,B cells,Palbociclib,0.0709219858156028
4.3442197,CRISP,8.253845643997177,split2,B cells,Palbociclib,0.0709219858156028
3.6992488,CRISP,8.253845643997177,split2,B cells,Palbociclib,0.0709219858156028
5.911196,CRISP,8.253845643997177,split2,B cells,Palbociclib,0.0709219858156028
5.4863744,CRISP,8.253845643997177,split2,B cells,Palbociclib,0.0709219858156028
-0.6457003,CRISP,8.253845643997177,split2,B cells,Palbociclib,0.0709219858156028
5.654393,CRISP,8.253845643997177,split2,B cells,Palbociclib,0.0709219858156028
5.2865534,CRISP,8.253845643997177,split2,B cells,Palbociclib,0.0709219858156028
1.3094729,CRISP,8.253845643997177,split2,B cells,Palbociclib,0.0709219858156028
4.695542,CRISP,8.253845643997177,split2,B cells,Palbociclib,0.0709219858156028
2.5264816,CRISP,8.253845643997177,split2,B cells,Palbociclib,0.0709219858156028
5.0789094,CRISP,8.253845643997177,split2,B cells,Palbociclib,0.0709219858156028
1.5429491,CRISP,8.253845643997177,split2,B cells,Palbociclib,0.0709219858156028
4.8911357,CRISP,8.253845643997177,split2,B cells,Palbociclib,0.0709219858156028
4.298367,CRISP,8.253845643997177,split2,B cells,Palbociclib,0.0709219858156028
5.910195,CRISP,8.253845643997177,split2,B cells,Palbociclib,0.0709219858156028
2.9167886,CRISP,8.253845643997177,split2,B cells,Palbociclib,0.0709219858156028
1.1274774,CRISP,8.253845643997177,split2,B cells,Palbociclib,0.0709219858156028
5.0075393,CRISP,8.253845643997177,split2,B cells,Palbociclib,0.0709219858156028
5.634654,CRISP,8.253845643997177,split2,B cells,Palbociclib,0.0709219858156028
2.902833,CRISP,8.253845643997177,split2,B cells,Palbociclib,0.0709219858156028
5.4313035,CRISP,8.253845643997177,split2,B cells,Palbociclib,0.0709219858156028
5.0574765,CRISP,8.253845643997177,split2,B cells,Palbociclib,0.0709219858156028
5.6636047,CRISP,8.253845643997177,split2,B cells,Palbociclib,0.0709219858156028
6.3413386,CRISP,8.253845643997177,split2,B cells,Palbociclib,0.0709219858156028
3.993637,CRISP,8.253845643997177,split2,B cells,Palbociclib,0.0709219858156028
3.7434256,CRISP,8.253845643997177,split2,B cells,Palbociclib,0.0709219858156028
6.3253994,CRISP,8.253845643997177,split2,B cells,Palbociclib,0.0709219858156028
3.1945708,CRISP,8.253845643997177,split2,B cells,Palbociclib,0.0709219858156028
3.6598387,CRISP,8.253845643997177,split2,B cells,Palbociclib,0.0709219858156028
5.4168787,CRISP,8.253845643997177,split2,B cells,Palbociclib,0.0709219858156028
5.6807804,CRISP,8.253845643997177,split2,B cells,Palbociclib,0.0709219858156028
5.1703143,CRISP,8.253845643997177,split2,B cells,Palbociclib,0.0709219858156028
5.5990486,CRISP,8.253845643997177,split2,B cells,Palbociclib,0.0709219858156028
4.827222,CRISP,8.253845643997177,split2,B cells,Palbociclib,0.0709219858156028
5.893609,CRISP,8.253845643997177,split2,B cells,Palbociclib,0.0709219858156028
5.0518847,CRISP,8.253845643997177,split2,B cells,Palbociclib,0.0709219858156028
6.296712,CRISP,8.253845643997177,split2,B cells,Palbociclib,0.0709219858156028
2.2721572,CRISP,8.253845643997177,split2,B cells,Palbociclib,0.0709219858156028
6.601454,CRISP,8.253845643997177,split2,B cells,Palbociclib,0.0709219858156028
4.040552,CRISP,8.253845643997177,split2,B cells,Palbociclib,0.0709219858156028
5.309104,CRISP,8.253845643997177,split2,B cells,Palbociclib,0.0709219858156028
4.752404,CRISP,8.253845643997177,split2,B cells,Palbociclib,0.0709219858156028
5.190612,CRISP,8.253845643997177,split2,B cells,Palbociclib,0.0709219858156028
4.0010805,CRISP,8.253845643997177,split2,B cells,Palbociclib,0.0709219858156028
4.3784533,CRISP,8.253845643997177,split2,B cells,Palbociclib,0.0709219858156028
3.5689461,CRISP,8.253845643997177,split2,B cells,Palbociclib,0.0709219858156028
5.618689,CRISP,8.253845643997177,split2,B cells,Palbociclib,0.0709219858156028
-0.397133,CRISP,8.253845643997177,split2,B cells,Palbociclib,0.0709219858156028
3.2284064,CRISP,8.253845643997177,split2,B cells,Palbociclib,0.0709219858156028
6.442382,CRISP,8.253845643997177,split2,B cells,Palbociclib,0.0709219858156028
5.243551,CRISP,8.253845643997177,split2,B cells,Palbociclib,0.0709219858156028
4.72039,CRISP,8.253845643997177,split2,B cells,Palbociclib,0.0709219858156028
2.1681192,CRISP,8.253845643997177,split2,B cells,Palbociclib,0.0709219858156028
4.7969375,CRISP,8.253845643997177,split2,B cells,Palbociclib,0.0709219858156028
6.2082415,CRISP,8.253845643997177,split2,B cells,Palbociclib,0.0709219858156028
5.1203384,CRISP,8.253845643997177,split2,B cells,Palbociclib,0.0709219858156028
4.8640704,CRISP,8.253845643997177,split2,B cells,Palbociclib,0.0709219858156028
3.936815,CRISP,8.253845643997177,split2,B cells,Palbociclib,0.0709219858156028
5.978102,CRISP,8.253845643997177,split2,B cells,Palbociclib,0.0709219858156028
5.623263,CRISP,8.253845643997177,split2,B cells,Palbociclib,0.0709219858156028
4.2580085,CRISP,8.253845643997177,split2,B cells,Palbociclib,0.0709219858156028
4.9767895,CRISP,8.253845643997177,split2,B cells,Palbociclib,0.0709219858156028
4.3809533,CRISP,8.253845643997177,split2,B cells,Palbociclib,0.0709219858156028
2.9606419,CRISP,8.253845643997177,split2,B cells,Palbociclib,0.0709219858156028
0.45745367,CRISP,8.253845643997177,split2,B cells,Palbociclib,0.0709219858156028
5.7079935,CRISP,8.253845643997177,split2,B cells,Palbociclib,0.0709219858156028
4.745598,CRISP,8.253845643997177,split2,B cells,Palbociclib,0.0709219858156028
4.494905,CRISP,8.253845643997177,split2,B cells,Palbociclib,0.0709219858156028
6.0301056,CRISP,8.253845643997177,split2,B cells,Palbociclib,0.0709219858156028
5.910757,CRISP,8.253845643997177,split2,B cells,Palbociclib,0.0709219858156028
1.0581297,CRISP,8.253845643997177,split2,B cells,Palbociclib,0.0709219858156028
4.9182215,CRISP,8.253845643997177,split2,B cells,Palbociclib,0.0709219858156028
3.8625457,CRISP,8.253845643997177,split2,B cells,Palbociclib,0.0709219858156028
1.1578996,CRISP,8.253845643997177,split2,B cells,Palbociclib,0.0709219858156028
4.6085386,CRISP,8.253845643997177,split2,B cells,Palbociclib,0.0709219858156028
5.3820763,CRISP,8.253845643997177,split2,B cells,Palbociclib,0.0709219858156028
4.7242136,CRISP,8.253845643997177,split2,B cells,Palbociclib,0.0709219858156028
6.0497656,CRISP,8.253845643997177,split2,B cells,Palbociclib,0.0709219858156028
4.520643,CRISP,8.253845643997177,split2,B cells,Palbociclib,0.0709219858156028
6.525634,CRISP,8.253845643997177,split2,B cells,Palbociclib,0.0709219858156028
5.5841937,CRISP,8.253845643997177,split2,B cells,Palbociclib,0.0709219858156028
5.2003956,CRISP,8.253845643997177,split2,B cells,Palbociclib,0.0709219858156028
1.5585423,CRISP,8.253845643997177,split2,B cells,Palbociclib,0.0709219858156028
4.2630982,CRISP,8.253845643997177,split2,B cells,Palbociclib,0.0709219858156028
6.0524607,CRISP,8.253845643997177,split2,B cells,Palbociclib,0.0709219858156028
5.1779537,CRISP,8.253845643997177,split2,B cells,Palbociclib,0.0709219858156028
-0.72747797,CRISP,8.253845643997177,split2,B cells,Palbociclib,0.0709219858156028
5.7401924,CRISP,8.253845643997177,split2,B cells,Palbociclib,0.0709219858156028
2.7421377,CRISP,8.253845643997177,split2,B cells,Palbociclib,0.0709219858156028
5.7002115,CRISP,8.253845643997177,split2,B cells,Palbociclib,0.0709219858156028
6.0146422,CRISP,8.253845643997177,split2,B cells,Palbociclib,0.0709219858156028
3.9683056,CRISP,8.253845643997177,split2,B cells,Palbociclib,0.0709219858156028
5.853474,CRISP,8.253845643997177,split2,B cells,Palbociclib,0.0709219858156028
2.4089801,CRISP,8.253845643997177,split2,B cells,Palbociclib,0.0709219858156028
3.7152247,CRISP,8.253845643997177,split2,B cells,Palbociclib,0.0709219858156028
5.5529094,CRISP,8.253845643997177,split2,B cells,Palbociclib,0.0709219858156028
6.4545374,CRISP,8.253845643997177,split2,B cells,Palbociclib,0.0709219858156028
4.417463,CRISP,8.253845643997177,split2,B cells,Palbociclib,0.0709219858156028
5.022539,CRISP,8.253845643997177,split2,B cells,Palbociclib,0.0709219858156028
3.3388734,CRISP,8.253845643997177,split2,B cells,Palbociclib,0.0709219858156028
5.268529,CRISP,8.253845643997177,split2,B cells,Palbociclib,0.0709219858156028
5.0117435,CRISP,8.253845643997177,split2,B cells,Palbociclib,0.0709219858156028
2.1284761,CRISP,8.253845643997177,split2,B cells,Palbociclib,0.0709219858156028
4.453794,CRISP,8.253845643997177,split2,B cells,Palbociclib,0.0709219858156028
5.707406,CRISP,8.253845643997177,split2,B cells,Palbociclib,0.0709219858156028
3.871914,CRISP,8.253845643997177,split2,B cells,Palbociclib,0.0709219858156028
3.2259104,CRISP,8.253845643997177,split2,B cells,Palbociclib,0.0709219858156028
5.9133296,CRISP,8.253845643997177,split2,B cells,Palbociclib,0.0709219858156028
5.05116,CRISP,8.253845643997177,split2,B cells,Palbociclib,0.0709219858156028
4.7109385,CRISP,8.253845643997177,split2,B cells,Palbociclib,0.0709219858156028
5.3686666,CRISP,8.253845643997177,split2,B cells,Palbociclib,0.0709219858156028
6.073988,CRISP,8.253845643997177,split2,B cells,Palbociclib,0.0709219858156028
5.344193,CRISP,8.253845643997177,split2,B cells,Palbociclib,0.0709219858156028
5.3077664,CRISP,8.253845643997177,split2,B cells,Palbociclib,0.0709219858156028
5.9573355,CRISP,8.253845643997177,split2,B cells,Palbociclib,0.0709219858156028
5.56248,CRISP,8.253845643997177,split2,B cells,Palbociclib,0.0709219858156028
5.5977793,CRISP,8.253845643997177,split2,B cells,Palbociclib,0.0709219858156028
6.008659,CRISP,8.253845643997177,split2,B cells,Palbociclib,0.0709219858156028
3.362581,CRISP,8.253845643997177,split2,B cells,Palbociclib,0.0709219858156028
4.1740603,CRISP,8.253845643997177,split2,B cells,Palbociclib,0.0709219858156028
-0.27842802,CRISP,8.253845643997177,split2,B cells,Palbociclib,0.0709219858156028
5.4944963,CRISP,8.253845643997177,split2,B cells,Palbociclib,0.0709219858156028
5.1806493,CRISP,8.253845643997177,split2,B cells,Palbociclib,0.0709219858156028
3.6662922,CRISP,8.253845643997177,split2,B cells,Palbociclib,0.0709219858156028
4.9650054,CRISP,8.253845643997177,split2,B cells,Palbociclib,0.0709219858156028
2.688774,CRISP,8.253845643997177,split2,B cells,Palbociclib,0.0709219858156028
4.290074,CRISP,8.253845643997177,split2,B cells,Palbociclib,0.0709219858156028
6.7086363,CRISP,8.253845643997177,split2,B cells,Palbociclib,0.0709219858156028
5.3599563,CRISP,8.253845643997177,split2,B cells,Palbociclib,0.0709219858156028
1.159524,CRISP,8.253845643997177,split2,B cells,Palbociclib,0.0709219858156028
3.6075537,CRISP,8.253845643997177,split2,B cells,Palbociclib,0.0709219858156028
5.332241,CRISP,8.253845643997177,split2,B cells,Palbociclib,0.0709219858156028
4.8998933,CRISP,8.253845643997177,split2,B cells,Palbociclib,0.0709219858156028
5.512125,CRISP,8.253845643997177,split2,B cells,Palbociclib,0.0709219858156028
0.06072472,CRISP,8.253845643997177,split2,B cells,Palbociclib,0.0709219858156028
-0.19998154,CRISP,8.253845643997177,split2,B cells,Palbociclib,0.0709219858156028
5.185658,CRISP,8.253845643997177,split2,B cells,Palbociclib,0.0709219858156028
6.1282077,CRISP,8.253845643997177,split2,B cells,Palbociclib,0.0709219858156028
5.894496,CRISP,8.253845643997177,split2,B cells,Palbociclib,0.0709219858156028
6.236307,CRISP,8.253845643997177,split2,B cells,Palbociclib,0.0709219858156028
5.419466,CRISP,8.253845643997177,split2,B cells,Palbociclib,0.0709219858156028
4.7364373,CRISP,8.253845643997177,split2,B cells,Palbociclib,0.0709219858156028
2.0463173,CRISP,8.253845643997177,split2,B cells,Palbociclib,0.0709219858156028
5.3378973,CRISP,8.253845643997177,split2,B cells,Palbociclib,0.0709219858156028
0.099569455,CRISP,8.253845643997177,split2,B cells,Palbociclib,0.0709219858156028
4.1778293,CRISP,8.253845643997177,split2,B cells,Palbociclib,0.0709219858156028
5.4704323,CRISP,8.253845643997177,split2,B cells,Palbociclib,0.0709219858156028
5.4118595,CRISP,8.253845643997177,split2,B cells,Palbociclib,0.0709219858156028
5.64106,CRISP,8.253845643997177,split2,B cells,Palbociclib,0.0709219858156028
1.968925,CRISP,8.253845643997177,split2,B cells,Palbociclib,0.0709219858156028
3.4849334,CRISP,8.253845643997177,split2,B cells,Palbociclib,0.0709219858156028
6.171665,CRISP,8.253845643997177,split2,B cells,Palbociclib,0.0709219858156028
4.0936737,CRISP,8.253845643997177,split2,B cells,Palbociclib,0.0709219858156028
5.8445463,CRISP,8.253845643997177,split2,B cells,Palbociclib,0.0709219858156028
2.3756938,CRISP,8.253845643997177,split2,B cells,Palbociclib,0.0709219858156028
2.0309942,CRISP,8.253845643997177,split2,B cells,Palbociclib,0.0709219858156028
3.072288,CRISP,8.253845643997177,split2,B cells,Palbociclib,0.0709219858156028
5.979525,CRISP,8.253845643997177,split2,B cells,Palbociclib,0.0709219858156028
6.0150843,CRISP,8.253845643997177,split2,B cells,Palbociclib,0.0709219858156028
6.5628643,CRISP,8.253845643997177,split2,B cells,Palbociclib,0.0709219858156028
7.403355,CRISP,8.253845643997177,split2,B cells,Palbociclib,0.0709219858156028
5.5884027,CRISP,8.253845643997177,split2,B cells,Palbociclib,0.0709219858156028
5.507677,CRISP,8.253845643997177,split2,B cells,Palbociclib,0.0709219858156028
5.7485213,CRISP,8.253845643997177,split2,B cells,Palbociclib,0.0709219858156028
2.3460927,CRISP,8.253845643997177,split2,B cells,Palbociclib,0.0709219858156028
4.545349,CRISP,8.253845643997177,split2,B cells,Palbociclib,0.0709219858156028
5.688878,CRISP,8.253845643997177,split2,B cells,Palbociclib,0.0709219858156028
1.8451427,CRISP,8.253845643997177,split2,B cells,Palbociclib,0.0709219858156028
5.780934,CRISP,8.253845643997177,split2,B cells,Palbociclib,0.0709219858156028
5.220171,CRISP,8.253845643997177,split2,B cells,Palbociclib,0.0709219858156028
4.698322,CRISP,8.253845643997177,split2,B cells,Palbociclib,0.0709219858156028
4.9222555,CRISP,8.253845643997177,split2,B cells,Palbociclib,0.0709219858156028
4.3833156,CRISP,8.253845643997177,split2,B cells,Palbociclib,0.0709219858156028
3.0241187,CRISP,8.253845643997177,split2,B cells,Palbociclib,0.0709219858156028
5.457368,CRISP,8.253845643997177,split2,B cells,Palbociclib,0.0709219858156028
4.4811,CRISP,8.253845643997177,split2,B cells,Palbociclib,0.0709219858156028
3.8858237,CRISP,8.253845643997177,split2,B cells,Palbociclib,0.0709219858156028
4.783969,CRISP,8.253845643997177,split2,B cells,Palbociclib,0.0709219858156028
3.997973,CRISP,8.253845643997177,split2,B cells,Palbociclib,0.0709219858156028
2.915698,CRISP,8.253845643997177,split2,B cells,Palbociclib,0.0709219858156028
5.5540113,CRISP,8.253845643997177,split2,B cells,Palbociclib,0.0709219858156028
0.8018829,CRISP,8.253845643997177,split2,B cells,Palbociclib,0.0709219858156028
4.1259427,CRISP,8.253845643997177,split2,B cells,Palbociclib,0.0709219858156028
2.919358,CRISP,8.253845643997177,split2,B cells,Palbociclib,0.0709219858156028
4.2906547,CRISP,8.253845643997177,split2,B cells,Palbociclib,0.0709219858156028
3.2190175,CRISP,8.253845643997177,split2,B cells,Palbociclib,0.0709219858156028
0.24839179,CRISP,8.253845643997177,split2,B cells,Palbociclib,0.0709219858156028
3.7321568,CRISP,8.253845643997177,split2,B cells,Palbociclib,0.0709219858156028
5.322784,CRISP,8.253845643997177,split2,B cells,Palbociclib,0.0709219858156028
5.433295,CRISP,8.253845643997177,split2,B cells,Palbociclib,0.0709219858156028
1.5549608,CRISP,8.253845643997177,split2,B cells,Palbociclib,0.0709219858156028
4.525139,CRISP,8.253845643997177,split2,B cells,Palbociclib,0.0709219858156028
5.493065,CRISP,8.253845643997177,split2,B cells,Palbociclib,0.0709219858156028
5.259217,CRISP,8.253845643997177,split2,B cells,Palbociclib,0.0709219858156028
4.3155746,CRISP,8.253845643997177,split2,B cells,Palbociclib,0.0709219858156028
5.5435123,CRISP,8.253845643997177,split2,B cells,Palbociclib,0.0709219858156028
5.0958776,CRISP,8.253845643997177,split2,B cells,Palbociclib,0.0709219858156028
4.408026,CRISP,8.253845643997177,split2,B cells,Palbociclib,0.0709219858156028
1.8773936,CRISP,8.253845643997177,split2,B cells,Palbociclib,0.0709219858156028
2.9902916,CRISP,8.253845643997177,split2,B cells,Palbociclib,0.0709219858156028
5.24407,CRISP,8.253845643997177,split2,B cells,Palbociclib,0.0709219858156028
4.5724897,CRISP,8.253845643997177,split2,B cells,Palbociclib,0.0709219858156028
4.908806,CRISP,8.253845643997177,split2,B cells,Palbociclib,0.0709219858156028
5.868807,CRISP,8.253845643997177,split2,B cells,Palbociclib,0.0709219858156028
5.917503,CRISP,8.253845643997177,split2,B cells,Palbociclib,0.0709219858156028
4.534394,CRISP,8.253845643997177,split2,B cells,Palbociclib,0.0709219858156028
5.3144994,CRISP,8.253845643997177,split2,B cells,Palbociclib,0.0709219858156028
4.5753484,CRISP,8.253845643997177,split2,B cells,Palbociclib,0.0709219858156028
5.99557,CRISP,8.253845643997177,split2,B cells,Palbociclib,0.0709219858156028
5.329522,CRISP,8.253845643997177,split2,B cells,Palbociclib,0.0709219858156028
4.0343823,CRISP,8.253845643997177,split2,B cells,Palbociclib,0.0709219858156028
3.3235834,CRISP,8.253845643997177,split2,B cells,Palbociclib,0.0709219858156028
5.2585945,CRISP,8.253845643997177,split2,B cells,Palbociclib,0.0709219858156028
2.9038603,CRISP,8.253845643997177,split2,B cells,Palbociclib,0.0709219858156028
6.7035537,CRISP,8.253845643997177,split2,B cells,Palbociclib,0.0709219858156028
6.5907726,CRISP,8.253845643997177,split2,B cells,Palbociclib,0.0709219858156028
5.357524,CRISP,8.253845643997177,split2,B cells,Palbociclib,0.0709219858156028
4.826762,CRISP,8.253845643997177,split2,B cells,Palbociclib,0.0709219858156028
4.977536,CRISP,8.253845643997177,split2,B cells,Palbociclib,0.0709219858156028
2.3371518,CRISP,8.253845643997177,split2,B cells,Palbociclib,0.0709219858156028
3.846847,CRISP,8.253845643997177,split2,B cells,Palbociclib,0.0709219858156028
3.5183628,CRISP,8.253845643997177,split2,B cells,Palbociclib,0.0709219858156028
5.606182,CRISP,8.253845643997177,split2,B cells,Palbociclib,0.0709219858156028
3.8427305,CRISP,8.253845643997177,split2,B cells,Palbociclib,0.0709219858156028
5.2846837,CRISP,8.253845643997177,split2,B cells,Palbociclib,0.0709219858156028
6.3813577,CRISP,8.253845643997177,split2,B cells,Palbociclib,0.0709219858156028
4.5773115,CRISP,8.253845643997177,split2,B cells,Palbociclib,0.0709219858156028
5.295293,CRISP,8.253845643997177,split2,B cells,Palbociclib,0.0709219858156028
5.2956,CRISP,8.253845643997177,split2,B cells,Palbociclib,0.0709219858156028
5.0933647,CRISP,8.253845643997177,split2,B cells,Palbociclib,0.0709219858156028
2.6649952,CRISP,8.253845643997177,split2,B cells,Palbociclib,0.0709219858156028
4.670655,CRISP,8.253845643997177,split2,B cells,Palbociclib,0.0709219858156028
3.814609,CRISP,8.253845643997177,split2,B cells,Palbociclib,0.0709219858156028
5.4591703,CRISP,8.253845643997177,split2,B cells,Palbociclib,0.0709219858156028
-1.1958803,CRISP,8.253845643997177,split2,B cells,Palbociclib,0.0709219858156028
5.386003,CRISP,8.253845643997177,split2,B cells,Palbociclib,0.0709219858156028
5.7103167,CRISP,8.253845643997177,split2,B cells,Palbociclib,0.0709219858156028
5.8866177,CRISP,8.253845643997177,split2,B cells,Palbociclib,0.0709219858156028
5.470745,CRISP,8.253845643997177,split2,B cells,Palbociclib,0.0709219858156028
2.2688265,CRISP,8.253845643997177,split2,B cells,Palbociclib,0.0709219858156028
3.8952465,CRISP,8.253845643997177,split2,B cells,Palbociclib,0.0709219858156028
4.1233,CRISP,8.253845643997177,split2,B cells,Palbociclib,0.0709219858156028
-0.9239291,CRISP,8.253845643997177,split2,B cells,Palbociclib,0.0709219858156028
2.7945526,CRISP,8.253845643997177,split2,B cells,Palbociclib,0.0709219858156028
4.355906,CRISP,8.253845643997177,split2,B cells,Palbociclib,0.0709219858156028
5.738619,CRISP,8.253845643997177,split2,B cells,Palbociclib,0.0709219858156028
5.840985,CRISP,8.253845643997177,split2,B cells,Palbociclib,0.0709219858156028
3.732393,CRISP,8.253845643997177,split2,B cells,Palbociclib,0.0709219858156028
6.4135547,CRISP,8.253845643997177,split2,B cells,Palbociclib,0.0709219858156028
5.76601,CRISP,8.253845643997177,split2,B cells,Palbociclib,0.0709219858156028
1.6514996,CRISP,8.253845643997177,split2,B cells,Palbociclib,0.0709219858156028
5.390733,CRISP,8.253845643997177,split2,B cells,Palbociclib,0.0709219858156028
4.933769,CRISP,8.253845643997177,split2,B cells,Palbociclib,0.0709219858156028
4.882224,CRISP,8.253845643997177,split2,B cells,Palbociclib,0.0709219858156028
1.9539502,CRISP,8.253845643997177,split2,B cells,Palbociclib,0.0709219858156028
4.4334955,CRISP,8.253845643997177,split2,B cells,Palbociclib,0.0709219858156028
5.1363072,CRISP,8.253845643997177,split2,B cells,Palbociclib,0.0709219858156028
4.918041,CRISP,8.253845643997177,split2,B cells,Palbociclib,0.0709219858156028
4.4337034,CRISP,8.253845643997177,split2,B cells,Palbociclib,0.0709219858156028
-0.82705134,CRISP,8.253845643997177,split2,B cells,Palbociclib,0.0709219858156028
2.857384,CRISP,8.253845643997177,split2,B cells,Palbociclib,0.0709219858156028
3.1688354,CRISP,8.253845643997177,split2,B cells,Palbociclib,0.0709219858156028
5.904384,CRISP,8.253845643997177,split2,B cells,Palbociclib,0.0709219858156028
5.4948907,CRISP,8.253845643997177,split2,B cells,Palbociclib,0.0709219858156028
1.9925517,CRISP,8.253845643997177,split2,B cells,Palbociclib,0.0709219858156028
5.5946136,CRISP,8.253845643997177,split2,B cells,Palbociclib,0.0709219858156028
4.662568,CRISP,8.253845643997177,split2,B cells,Palbociclib,0.0709219858156028
5.517459,CRISP,8.253845643997177,split2,B cells,Palbociclib,0.0709219858156028
4.7953377,CRISP,8.253845643997177,split2,B cells,Palbociclib,0.0709219858156028
1.7342321,CRISP,8.253845643997177,split2,B cells,Palbociclib,0.0709219858156028
4.0847287,CRISP,8.253845643997177,split2,B cells,Palbociclib,0.0709219858156028
2.4653063,CRISP,8.253845643997177,split2,B cells,Palbociclib,0.0709219858156028
3.8977008,CRISP,8.253845643997177,split2,B cells,Palbociclib,0.0709219858156028
3.946113,CRISP,8.253845643997177,split2,B cells,Palbociclib,0.0709219858156028
5.499066,CRISP,8.253845643997177,split2,B cells,Palbociclib,0.0709219858156028
-0.2787208,CRISP,8.253845643997177,split2,B cells,Palbociclib,0.0709219858156028
5.846584,CRISP,8.253845643997177,split2,B cells,Palbociclib,0.0709219858156028
5.2173,CRISP,8.253845643997177,split2,B cells,Palbociclib,0.0709219858156028
1.2083236,CRISP,8.253845643997177,split2,B cells,Palbociclib,0.0709219858156028
4.897112,CRISP,8.253845643997177,split2,B cells,Palbociclib,0.0709219858156028
5.7264876,CRISP,8.253845643997177,split2,B cells,Palbociclib,0.0709219858156028
1.0182617,CRISP,8.253845643997177,split2,B cells,Palbociclib,0.0709219858156028
4.235622,CRISP,8.253845643997177,split2,B cells,Palbociclib,0.0709219858156028
2.418107,CRISP,8.253845643997177,split2,B cells,Palbociclib,0.0709219858156028
5.3392434,CRISP,8.253845643997177,split2,B cells,Palbociclib,0.0709219858156028
4.2638597,CRISP,8.253845643997177,split2,B cells,Palbociclib,0.0709219858156028
5.840048,CRISP,8.253845643997177,split2,B cells,Palbociclib,0.0709219858156028
5.342333,CRISP,8.253845643997177,split2,B cells,Palbociclib,0.0709219858156028
5.606364,CRISP,8.253845643997177,split2,B cells,Palbociclib,0.0709219858156028
6.5940695,CRISP,8.253845643997177,split2,B cells,Palbociclib,0.0709219858156028
6.0209994,CRISP,8.253845643997177,split2,B cells,Palbociclib,0.0709219858156028
4.3953543,CRISP,8.253845643997177,split2,B cells,Palbociclib,0.0709219858156028
3.2948928,CRISP,8.253845643997177,split2,B cells,Palbociclib,0.0709219858156028
5.1341667,CRISP,8.253845643997177,split2,B cells,Palbociclib,0.0709219858156028
5.5998845,CRISP,8.253845643997177,split2,B cells,Palbociclib,0.0709219858156028
6.202032,CRISP,8.253845643997177,split2,B cells,Palbociclib,0.0709219858156028
3.214363,CRISP,8.253845643997177,split2,B cells,Palbociclib,0.0709219858156028
2.3863406,CRISP,8.253845643997177,split2,B cells,Palbociclib,0.0709219858156028
0.9984815,CRISP,8.253845643997177,split2,B cells,Palbociclib,0.0709219858156028
-0.11203431,CRISP,8.253845643997177,split2,B cells,Palbociclib,0.0709219858156028
5.204042,CRISP,8.253845643997177,split2,B cells,Palbociclib,0.0709219858156028
6.2873235,CRISP,8.253845643997177,split2,B cells,Palbociclib,0.0709219858156028
5.6373224,CRISP,8.253845643997177,split2,B cells,Palbociclib,0.0709219858156028
4.121568,CRISP,8.253845643997177,split2,B cells,Palbociclib,0.0709219858156028
5.5777917,CRISP,8.253845643997177,split2,B cells,Palbociclib,0.0709219858156028
3.9156094,CRISP,8.253845643997177,split2,B cells,Palbociclib,0.0709219858156028
5.993567,CRISP,8.253845643997177,split2,B cells,Palbociclib,0.0709219858156028
5.7452517,CRISP,8.253845643997177,split2,B cells,Palbociclib,0.0709219858156028
5.179203,CRISP,8.253845643997177,split2,B cells,Palbociclib,0.0709219858156028
6.2868156,CRISP,8.253845643997177,split2,B cells,Palbociclib,0.0709219858156028
3.2745488,CRISP,8.253845643997177,split2,B cells,Palbociclib,0.0709219858156028
5.2500205,CRISP,8.253845643997177,split2,B cells,Palbociclib,0.0709219858156028
6.2676554,CRISP,8.253845643997177,split2,B cells,Palbociclib,0.0709219858156028
5.7091217,CRISP,8.253845643997177,split2,B cells,Palbociclib,0.0709219858156028
5.2115145,CRISP,8.253845643997177,split2,B cells,Palbociclib,0.0709219858156028
3.1405358,CRISP,8.253845643997177,split2,B cells,Palbociclib,0.0709219858156028
5.0353694,CRISP,8.253845643997177,split2,B cells,Palbociclib,0.0709219858156028
5.8476477,CRISP,8.253845643997177,split2,B cells,Palbociclib,0.0709219858156028
5.4530897,CRISP,8.253845643997177,split2,B cells,Palbociclib,0.0709219858156028
3.441774,CRISP,8.253845643997177,split2,B cells,Palbociclib,0.0709219858156028
5.2902913,CRISP,8.253845643997177,split2,B cells,Palbociclib,0.0709219858156028
5.0698853,CRISP,8.253845643997177,split2,B cells,Palbociclib,0.0709219858156028
5.0409894,CRISP,8.253845643997177,split2,B cells,Palbociclib,0.0709219858156028
5.9578557,CRISP,8.253845643997177,split2,B cells,Palbociclib,0.0709219858156028
4.7229633,CRISP,8.253845643997177,split2,B cells,Palbociclib,0.0709219858156028
5.4933705,CRISP,8.253845643997177,split2,B cells,Palbociclib,0.0709219858156028
2.7092752,CRISP,8.253845643997177,split2,B cells,Palbociclib,0.0709219858156028
5.5337453,CRISP,8.253845643997177,split2,B cells,Palbociclib,0.0709219858156028
5.968417,CRISP,8.253845643997177,split2,B cells,Palbociclib,0.0709219858156028
5.91986,CRISP,8.253845643997177,split2,B cells,Palbociclib,0.0709219858156028
4.3749976,CRISP,8.253845643997177,split2,B cells,Palbociclib,0.0709219858156028
5.9898047,CRISP,8.253845643997177,split2,B cells,Palbociclib,0.0709219858156028
5.20636,CRISP,8.253845643997177,split2,B cells,Palbociclib,0.0709219858156028
5.7514687,CRISP,8.253845643997177,split2,B cells,Palbociclib,0.0709219858156028
6.5468545,CRISP,8.253845643997177,split2,B cells,Palbociclib,0.0709219858156028
4.9943166,CRISP,8.253845643997177,split2,B cells,Palbociclib,0.0709219858156028
5.2611275,CRISP,8.253845643997177,split2,B cells,Palbociclib,0.0709219858156028
3.1531732,CRISP,8.253845643997177,split2,B cells,Palbociclib,0.0709219858156028
4.9262156,CRISP,8.253845643997177,split2,B cells,Palbociclib,0.0709219858156028
3.2864528,CRISP,8.253845643997177,split2,B cells,Palbociclib,0.0709219858156028
3.9556127,CRISP,8.253845643997177,split2,B cells,Palbociclib,0.0709219858156028
5.9566092,CRISP,8.253845643997177,split2,B cells,Palbociclib,0.0709219858156028
5.4938126,CRISP,8.253845643997177,split2,B cells,Palbociclib,0.0709219858156028
5.9788547,CRISP,8.253845643997177,split2,B cells,Palbociclib,0.0709219858156028
5.0837936,CRISP,8.253845643997177,split2,B cells,Palbociclib,0.0709219858156028
1.2803285,CRISP,8.253845643997177,split2,B cells,Palbociclib,0.0709219858156028
5.582781,CRISP,8.253845643997177,split2,B cells,Palbociclib,0.0709219858156028
-0.122633114,CRISP,8.253845643997177,split2,B cells,Palbociclib,0.0709219858156028
5.9001412,CRISP,8.253845643997177,split2,B cells,Palbociclib,0.0709219858156028
5.8053565,CRISP,8.253845643997177,split2,B cells,Palbociclib,0.0709219858156028
4.8839593,CRISP,8.253845643997177,split2,B cells,Palbociclib,0.0709219858156028
5.8937736,CRISP,8.253845643997177,split2,B cells,Palbociclib,0.0709219858156028
0.92998904,CRISP,8.253845643997177,split2,B cells,Palbociclib,0.0709219858156028
5.8249264,CRISP,8.253845643997177,split2,B cells,Palbociclib,0.0709219858156028
5.0003138,CRISP,8.253845643997177,split2,B cells,Palbociclib,0.0709219858156028
3.6235785,CRISP,8.253845643997177,split2,B cells,Palbociclib,0.0709219858156028
5.7615056,CRISP,8.253845643997177,split2,B cells,Palbociclib,0.0709219858156028
1.9716992,CRISP,8.253845643997177,split2,B cells,Palbociclib,0.0709219858156028
3.8308449,CRISP,8.253845643997177,split2,B cells,Palbociclib,0.0709219858156028
3.0780668,CRISP,8.253845643997177,split2,B cells,Palbociclib,0.0709219858156028
5.8870764,CRISP,8.253845643997177,split2,B cells,Palbociclib,0.0709219858156028
5.3515463,CRISP,8.253845643997177,split2,B cells,Palbociclib,0.0709219858156028
5.923503,CRISP,8.253845643997177,split2,B cells,Palbociclib,0.0709219858156028
5.185978,CRISP,8.253845643997177,split2,B cells,Palbociclib,0.0709219858156028
4.2244406,CRISP,8.253845643997177,split2,B cells,Palbociclib,0.0709219858156028
3.4693604,CRISP,8.253845643997177,split2,B cells,Palbociclib,0.0709219858156028
4.6214232,CRISP,8.253845643997177,split2,B cells,Palbociclib,0.0709219858156028
5.5733624,CRISP,8.253845643997177,split2,B cells,Palbociclib,0.0709219858156028
6.3350954,CRISP,8.253845643997177,split2,B cells,Palbociclib,0.0709219858156028
5.1892147,CRISP,8.253845643997177,split2,B cells,Palbociclib,0.0709219858156028
5.7101746,CRISP,8.253845643997177,split2,B cells,Palbociclib,0.0709219858156028
2.8910913,CRISP,8.253845643997177,split2,B cells,Palbociclib,0.0709219858156028
6.150937,CRISP,8.253845643997177,split2,B cells,Palbociclib,0.0709219858156028
-0.15064305,CRISP,8.253845643997177,split2,B cells,Palbociclib,0.0709219858156028
5.1815057,CRISP,8.253845643997177,split2,B cells,Palbociclib,0.0709219858156028
5.4503565,CRISP,8.253845643997177,split2,B cells,Palbociclib,0.0709219858156028
5.9756784,CRISP,8.253845643997177,split2,B cells,Palbociclib,0.0709219858156028
4.0614457,CRISP,8.253845643997177,split2,B cells,Palbociclib,0.0709219858156028
4.431626,CRISP,8.253845643997177,split2,B cells,Palbociclib,0.0709219858156028
5.3008375,CRISP,8.253845643997177,split2,B cells,Palbociclib,0.0709219858156028
4.905549,CRISP,8.253845643997177,split2,B cells,Palbociclib,0.0709219858156028
2.8525057,CRISP,8.253845643997177,split2,B cells,Palbociclib,0.0709219858156028
5.98794,CRISP,8.253845643997177,split2,B cells,Palbociclib,0.0709219858156028
5.8060656,CRISP,8.253845643997177,split2,B cells,Palbociclib,0.0709219858156028
-0.8817282,CRISP,8.253845643997177,split2,B cells,Palbociclib,0.0709219858156028
5.6796856,CRISP,8.253845643997177,split2,B cells,Palbociclib,0.0709219858156028
6.2660236,CRISP,8.253845643997177,split2,B cells,Palbociclib,0.0709219858156028
6.299175,CRISP,8.253845643997177,split2,B cells,Palbociclib,0.0709219858156028
4.5400105,CRISP,8.253845643997177,split2,B cells,Palbociclib,0.0709219858156028
5.6512837,CRISP,8.253845643997177,split2,B cells,Palbociclib,0.0709219858156028
5.9362745,CRISP,8.253845643997177,split2,B cells,Palbociclib,0.0709219858156028
1.5993164,CRISP,8.253845643997177,split2,B cells,Palbociclib,0.0709219858156028
3.355451,CRISP,8.253845643997177,split2,B cells,Palbociclib,0.0709219858156028
4.862729,CRISP,8.253845643997177,split2,B cells,Palbociclib,0.0709219858156028
5.8774037,CRISP,8.253845643997177,split2,B cells,Palbociclib,0.0709219858156028
6.853329,CRISP,8.253845643997177,split2,B cells,Palbociclib,0.0709219858156028
1.8187273,CRISP,8.253845643997177,split2,B cells,Palbociclib,0.0709219858156028
3.2591114,CRISP,8.253845643997177,split2,B cells,Palbociclib,0.0709219858156028
4.816427,CRISP,8.253845643997177,split2,B cells,Palbociclib,0.0709219858156028
0.46032003,CRISP,8.253845643997177,split2,B cells,Palbociclib,0.0709219858156028
4.076917,CRISP,8.253845643997177,split2,B cells,Palbociclib,0.0709219858156028
5.8040686,CRISP,8.253845643997177,split2,B cells,Palbociclib,0.0709219858156028
3.3182015,CRISP,8.253845643997177,split2,B cells,Palbociclib,0.0709219858156028
5.6689734,CRISP,8.253845643997177,split2,B cells,Palbociclib,0.0709219858156028
5.892345,CRISP,8.253845643997177,split2,B cells,Palbociclib,0.0709219858156028
5.4236813,CRISP,8.253845643997177,split2,B cells,Palbociclib,0.0709219858156028
3.0659158,CRISP,8.253845643997177,split2,B cells,Palbociclib,0.0709219858156028
5.409766,CRISP,8.253845643997177,split2,B cells,Palbociclib,0.0709219858156028
5.745713,CRISP,8.253845643997177,split2,B cells,Palbociclib,0.0709219858156028
5.623852,CRISP,8.253845643997177,split2,B cells,Palbociclib,0.0709219858156028
5.3237123,CRISP,8.253845643997177,split2,B cells,Palbociclib,0.0709219858156028
6.6003895,CRISP,8.253845643997177,split2,B cells,Palbociclib,0.0709219858156028
4.361391,CRISP,8.253845643997177,split2,B cells,Palbociclib,0.0709219858156028
5.858435,CRISP,8.253845643997177,split2,B cells,Palbociclib,0.0709219858156028
3.216004,CRISP,8.253845643997177,split2,B cells,Palbociclib,0.0709219858156028
2.9137933,CRISP,8.253845643997177,split2,B cells,Palbociclib,0.0709219858156028
5.748283,CRISP,8.253845643997177,split2,B cells,Palbociclib,0.0709219858156028
6.2973447,CRISP,8.253845643997177,split2,B cells,Palbociclib,0.0709219858156028
6.1455555,CRISP,8.253845643997177,split2,B cells,Palbociclib,0.0709219858156028
7.656668,CRISP,8.253845643997177,split2,B cells,Palbociclib,0.0709219858156028
6.1009593,CRISP,8.253845643997177,split2,B cells,Palbociclib,0.0709219858156028
3.203686,CRISP,8.253845643997177,split2,B cells,Palbociclib,0.0709219858156028
5.2465367,CRISP,8.253845643997177,split2,B cells,Palbociclib,0.0709219858156028
4.877613,CRISP,8.253845643997177,split2,B cells,Palbociclib,0.0709219858156028
5.773432,CRISP,8.253845643997177,split2,B cells,Palbociclib,0.0709219858156028
3.3986595,CRISP,8.253845643997177,split2,B cells,Palbociclib,0.0709219858156028
3.3245642,CRISP,8.253845643997177,split2,B cells,Palbociclib,0.0709219858156028
5.3163247,CRISP,8.253845643997177,split2,B cells,Palbociclib,0.0709219858156028
5.343454,CRISP,8.253845643997177,split2,B cells,Palbociclib,0.0709219858156028
6.32518,CRISP,8.253845643997177,split2,B cells,Palbociclib,0.0709219858156028
4.8162317,CRISP,8.253845643997177,split2,B cells,Palbociclib,0.0709219858156028
5.785652,CRISP,8.253845643997177,split2,B cells,Palbociclib,0.0709219858156028
3.1533844,CRISP,8.253845643997177,split2,B cells,Palbociclib,0.0709219858156028
5.1768794,CRISP,8.253845643997177,split2,B cells,Palbociclib,0.0709219858156028
2.5188534,CRISP,8.253845643997177,split2,B cells,Palbociclib,0.0709219858156028
5.9064956,CRISP,8.253845643997177,split2,B cells,Palbociclib,0.0709219858156028
5.775612,CRISP,8.253845643997177,split2,B cells,Palbociclib,0.0709219858156028
4.64078,CRISP,8.253845643997177,split2,B cells,Palbociclib,0.0709219858156028
5.0176578,CRISP,8.253845643997177,split2,B cells,Palbociclib,0.0709219858156028
5.6266584,CRISP,8.253845643997177,split2,B cells,Palbociclib,0.0709219858156028
5.973974,CRISP,8.253845643997177,split2,B cells,Palbociclib,0.0709219858156028
5.7518516,CRISP,8.253845643997177,split2,B cells,Palbociclib,0.0709219858156028
5.0500574,CRISP,8.253845643997177,split2,B cells,Palbociclib,0.0709219858156028
2.2410996,CRISP,8.253845643997177,split2,B cells,Palbociclib,0.0709219858156028
3.535902,CRISP,8.253845643997177,split2,B cells,Palbociclib,0.0709219858156028
4.7296977,CRISP,8.253845643997177,split2,B cells,Palbociclib,0.0709219858156028
5.4954944,CRISP,8.253845643997177,split2,B cells,Palbociclib,0.0709219858156028
6.172119,CRISP,8.253845643997177,split2,B cells,Palbociclib,0.0709219858156028
5.0655003,CRISP,8.253845643997177,split2,B cells,Palbociclib,0.0709219858156028
4.731024,CRISP,8.253845643997177,split2,B cells,Palbociclib,0.0709219858156028
5.3601823,CRISP,8.253845643997177,split2,B cells,Palbociclib,0.0709219858156028
5.827551,CRISP,8.253845643997177,split2,B cells,Palbociclib,0.0709219858156028
5.668746,CRISP,8.253845643997177,split2,B cells,Palbociclib,0.0709219858156028
5.746047,CRISP,8.253845643997177,split2,B cells,Palbociclib,0.0709219858156028
5.3590274,CRISP,8.253845643997177,split2,B cells,Palbociclib,0.0709219858156028
5.7244267,CRISP,8.253845643997177,split2,B cells,Palbociclib,0.0709219858156028
2.5691438,CRISP,8.253845643997177,split2,B cells,Palbociclib,0.0709219858156028
5.8105297,CRISP,8.253845643997177,split2,B cells,Palbociclib,0.0709219858156028
4.9918256,CRISP,8.253845643997177,split2,B cells,Palbociclib,0.0709219858156028
1.5981555,CRISP,8.253845643997177,split2,B cells,Palbociclib,0.0709219858156028
5.8955655,CRISP,8.253845643997177,split2,B cells,Palbociclib,0.0709219858156028
5.046546,CRISP,8.253845643997177,split2,B cells,Palbociclib,0.0709219858156028
6.5208955,CRISP,8.253845643997177,split2,B cells,Palbociclib,0.0709219858156028
3.3333952,CRISP,8.253845643997177,split2,B cells,Palbociclib,0.0709219858156028
5.0033793,CRISP,8.253845643997177,split2,B cells,Palbociclib,0.0709219858156028
4.816827,CRISP,8.253845643997177,split2,B cells,Palbociclib,0.0709219858156028
1.9867533,CRISP,8.253845643997177,split2,B cells,Palbociclib,0.0709219858156028
2.9993641,CRISP,8.253845643997177,split2,B cells,Palbociclib,0.0709219858156028
4.152449,CRISP,8.253845643997177,split2,B cells,Palbociclib,0.0709219858156028
1.260032,CRISP,8.253845643997177,split2,B cells,Palbociclib,0.0709219858156028
4.4007254,CRISP,8.253845643997177,split2,B cells,Palbociclib,0.0709219858156028
2.413755,CRISP,8.253845643997177,split2,B cells,Palbociclib,0.0709219858156028
4.924608,CRISP,8.253845643997177,split2,B cells,Palbociclib,0.0709219858156028
2.3955727,CRISP,8.253845643997177,split2,B cells,Palbociclib,0.0709219858156028
4.384153,CRISP,8.253845643997177,split2,B cells,Palbociclib,0.0709219858156028
5.0003333,CRISP,8.253845643997177,split2,B cells,Palbociclib,0.0709219858156028
5.7748957,CRISP,8.253845643997177,split2,B cells,Palbociclib,0.0709219858156028
3.693371,CRISP,8.253845643997177,split2,B cells,Palbociclib,0.0709219858156028
6.5408535,CRISP,8.253845643997177,split2,B cells,Palbociclib,0.0709219858156028
5.1816874,CRISP,8.253845643997177,split2,B cells,Palbociclib,0.0709219858156028
5.966895,CRISP,8.253845643997177,split2,B cells,Palbociclib,0.0709219858156028
4.5856624,CRISP,8.253845643997177,split2,B cells,Palbociclib,0.0709219858156028
3.8668559,CRISP,8.253845643997177,split2,B cells,Palbociclib,0.0709219858156028
5.210432,CRISP,8.253845643997177,split2,B cells,Palbociclib,0.0709219858156028
4.939636,CRISP,8.253845643997177,split2,B cells,Palbociclib,0.0709219858156028
5.85229,CRISP,8.253845643997177,split2,B cells,Palbociclib,0.0709219858156028
5.9409184,CRISP,8.253845643997177,split2,B cells,Palbociclib,0.0709219858156028
4.752368,CRISP,8.253845643997177,split2,B cells,Palbociclib,0.0709219858156028
5.6591134,CRISP,8.253845643997177,split2,B cells,Palbociclib,0.0709219858156028
5.8123245,CRISP,8.253845643997177,split2,B cells,Palbociclib,0.0709219858156028
5.249089,CRISP,8.253845643997177,split2,B cells,Palbociclib,0.0709219858156028
5.847111,CRISP,8.253845643997177,split2,B cells,Palbociclib,0.0709219858156028
5.1906366,CRISP,8.253845643997177,split2,B cells,Palbociclib,0.0709219858156028
5.7238274,CRISP,8.253845643997177,split2,B cells,Palbociclib,0.0709219858156028
3.4978561,CRISP,8.253845643997177,split2,B cells,Palbociclib,0.0709219858156028
4.5905166,CRISP,8.253845643997177,split2,B cells,Palbociclib,0.0709219858156028
6.0678554,CRISP,8.253845643997177,split2,B cells,Palbociclib,0.0709219858156028
5.5554585,CRISP,8.253845643997177,split2,B cells,Palbociclib,0.0709219858156028
4.190247,CRISP,8.253845643997177,split2,B cells,Palbociclib,0.0709219858156028
5.62497,CRISP,8.253845643997177,split2,B cells,Palbociclib,0.0709219858156028
4.8474874,CRISP,8.253845643997177,split2,B cells,Palbociclib,0.0709219858156028
5.010199,CRISP,8.253845643997177,split2,B cells,Palbociclib,0.0709219858156028
5.5286627,CRISP,8.253845643997177,split2,B cells,Palbociclib,0.0709219858156028
4.4840975,CRISP,8.253845643997177,split2,B cells,Palbociclib,0.0709219858156028
1.6478684,CRISP,8.253845643997177,split2,B cells,Palbociclib,0.0709219858156028
5.7942686,CRISP,8.253845643997177,split2,B cells,Palbociclib,0.0709219858156028
4.531861,CRISP,8.253845643997177,split2,B cells,Palbociclib,0.0709219858156028
5.768507,CRISP,8.253845643997177,split2,B cells,Palbociclib,0.0709219858156028
5.82553,CRISP,8.253845643997177,split2,B cells,Palbociclib,0.0709219858156028
4.559957,CRISP,8.253845643997177,split2,B cells,Palbociclib,0.0709219858156028
4.877159,CRISP,8.253845643997177,split2,B cells,Palbociclib,0.0709219858156028
5.8824215,CRISP,8.253845643997177,split2,B cells,Palbociclib,0.0709219858156028
-0.3691131,CRISP,8.253845643997177,split2,B cells,Palbociclib,0.0709219858156028
6.181152,CRISP,8.253845643997177,split2,B cells,Palbociclib,0.0709219858156028
4.796425,CRISP,8.253845643997177,split2,B cells,Palbociclib,0.0709219858156028
6.0782924,CRISP,8.253845643997177,split2,B cells,Palbociclib,0.0709219858156028
4.4670925,CRISP,8.253845643997177,split2,B cells,Palbociclib,0.0709219858156028
5.313558,CRISP,8.253845643997177,split2,B cells,Palbociclib,0.0709219858156028
5.2589884,CRISP,8.253845643997177,split2,B cells,Palbociclib,0.0709219858156028
3.3816872,CRISP,8.253845643997177,split2,B cells,Palbociclib,0.0709219858156028
6.251579,CRISP,8.253845643997177,split2,B cells,Palbociclib,0.0709219858156028
5.6511374,CRISP,8.253845643997177,split2,B cells,Palbociclib,0.0709219858156028
2.5408134,CRISP,8.253845643997177,split2,B cells,Palbociclib,0.0709219858156028
5.487431,CRISP,8.253845643997177,split2,B cells,Palbociclib,0.0709219858156028
4.7985096,CRISP,8.253845643997177,split2,B cells,Palbociclib,0.0709219858156028
4.835258,CRISP,8.253845643997177,split2,B cells,Palbociclib,0.0709219858156028
5.908141,CRISP,8.253845643997177,split2,B cells,Palbociclib,0.0709219858156028
5.2805824,CRISP,8.253845643997177,split2,B cells,Palbociclib,0.0709219858156028
3.7260473,CRISP,8.253845643997177,split2,B cells,Palbociclib,0.0709219858156028
5.839874,CRISP,8.253845643997177,split2,B cells,Palbociclib,0.0709219858156028
3.004278,CRISP,8.253845643997177,split2,B cells,Palbociclib,0.0709219858156028
6.039793,CRISP,8.253845643997177,split2,B cells,Palbociclib,0.0709219858156028
4.2835956,CRISP,8.253845643997177,split2,B cells,Palbociclib,0.0709219858156028
5.6125765,CRISP,8.253845643997177,split2,B cells,Palbociclib,0.0709219858156028
2.4853337,CRISP,8.253845643997177,split2,B cells,Palbociclib,0.0709219858156028
5.113007,CRISP,8.253845643997177,split2,B cells,Palbociclib,0.0709219858156028
5.6846323,CRISP,8.253845643997177,split2,B cells,Palbociclib,0.0709219858156028
6.231739,CRISP,8.253845643997177,split2,B cells,Palbociclib,0.0709219858156028
5.6374793,CRISP,8.253845643997177,split2,B cells,Palbociclib,0.0709219858156028
4.9635124,CRISP,8.253845643997177,split2,B cells,Palbociclib,0.0709219858156028
5.099753,CRISP,8.253845643997177,split2,B cells,Palbociclib,0.0709219858156028
4.3720417,CRISP,8.253845643997177,split2,B cells,Palbociclib,0.0709219858156028
1.3300023,CRISP,8.253845643997177,split2,B cells,Palbociclib,0.0709219858156028
6.026574,CRISP,8.253845643997177,split2,B cells,Palbociclib,0.0709219858156028
6.3397098,CRISP,8.253845643997177,split2,B cells,Palbociclib,0.0709219858156028
5.3078494,CRISP,8.253845643997177,split2,B cells,Palbociclib,0.0709219858156028
6.0828614,CRISP,8.253845643997177,split2,B cells,Palbociclib,0.0709219858156028
3.6879044,CRISP,8.253845643997177,split2,B cells,Palbociclib,0.0709219858156028
3.2243402,CRISP,8.253845643997177,split2,B cells,Palbociclib,0.0709219858156028
5.115212,CRISP,8.253845643997177,split2,B cells,Palbociclib,0.0709219858156028
3.9462585,CRISP,8.253845643997177,split2,B cells,Palbociclib,0.0709219858156028
6.384179,CRISP,8.253845643997177,split2,B cells,Palbociclib,0.0709219858156028
2.0557973,CRISP,8.253845643997177,split2,B cells,Palbociclib,0.0709219858156028
5.0588984,CRISP,8.253845643997177,split2,B cells,Palbociclib,0.0709219858156028
4.0135155,CRISP,8.253845643997177,split2,B cells,Palbociclib,0.0709219858156028
5.5958242,CRISP,8.253845643997177,split2,B cells,Palbociclib,0.0709219858156028
4.524761,CRISP,8.253845643997177,split2,B cells,Palbociclib,0.0709219858156028
5.3107944,CRISP,8.253845643997177,split2,B cells,Palbociclib,0.0709219858156028
3.7391238,CRISP,8.253845643997177,split2,B cells,Palbociclib,0.0709219858156028
3.9616048,CRISP,8.253845643997177,split2,B cells,Palbociclib,0.0709219858156028
5.458702,CRISP,8.253845643997177,split2,B cells,Palbociclib,0.0709219858156028
4.212041,CRISP,8.253845643997177,split2,B cells,Palbociclib,0.0709219858156028
5.388174,CRISP,8.253845643997177,split2,B cells,Palbociclib,0.0709219858156028
5.5186515,CRISP,8.253845643997177,split2,B cells,Palbociclib,0.0709219858156028
4.8730097,CRISP,8.253845643997177,split2,B cells,Palbociclib,0.0709219858156028
5.6730814,CRISP,8.253845643997177,split2,B cells,Palbociclib,0.0709219858156028
4.9805584,CRISP,8.253845643997177,split2,B cells,Palbociclib,0.0709219858156028
6.250146,CRISP,8.253845643997177,split2,B cells,Palbociclib,0.0709219858156028
3.3239017,CRISP,8.253845643997177,split2,B cells,Palbociclib,0.0709219858156028
3.3871467,CRISP,8.253845643997177,split2,B cells,Palbociclib,0.0709219858156028
5.457876,CRISP,8.253845643997177,split2,B cells,Palbociclib,0.0709219858156028
3.378634,CRISP,8.253845643997177,split2,B cells,Palbociclib,0.0709219858156028
6.7910566,CRISP,8.253845643997177,split2,B cells,Palbociclib,0.0709219858156028
5.534227,CRISP,8.253845643997177,split2,B cells,Palbociclib,0.0709219858156028
1.9465114,CRISP,8.253845643997177,split2,B cells,Palbociclib,0.0709219858156028
2.4518237,CRISP,8.253845643997177,split2,B cells,Palbociclib,0.0709219858156028
2.763972,CRISP,8.253845643997177,split2,B cells,Palbociclib,0.0709219858156028
3.0711968,CRISP,8.253845643997177,split2,B cells,Palbociclib,0.0709219858156028
4.529064,CRISP,8.253845643997177,split2,B cells,Palbociclib,0.0709219858156028
5.177294,CRISP,8.253845643997177,split2,B cells,Palbociclib,0.0709219858156028
3.6874795,CRISP,8.253845643997177,split2,B cells,Palbociclib,0.0709219858156028
5.158868,CRISP,8.253845643997177,split2,B cells,Palbociclib,0.0709219858156028
5.50323,CRISP,8.253845643997177,split2,B cells,Palbociclib,0.0709219858156028
6.2431,CRISP,8.253845643997177,split2,B cells,Palbociclib,0.0709219858156028
-0.10001706,CRISP,8.253845643997177,split2,B cells,Palbociclib,0.0709219858156028
6.043157,CRISP,8.253845643997177,split2,B cells,Palbociclib,0.0709219858156028
5.167424,CRISP,8.253845643997177,split2,B cells,Palbociclib,0.0709219858156028
6.1416893,CRISP,8.253845643997177,split2,B cells,Palbociclib,0.0709219858156028
4.2153583,CRISP,8.253845643997177,split2,B cells,Palbociclib,0.0709219858156028
4.3111205,CRISP,8.253845643997177,split2,B cells,Palbociclib,0.0709219858156028
5.4114165,CRISP,8.253845643997177,split2,B cells,Palbociclib,0.0709219858156028
3.8114567,CRISP,8.253845643997177,split2,B cells,Palbociclib,0.0709219858156028
5.523921,CRISP,8.253845643997177,split2,B cells,Palbociclib,0.0709219858156028
5.842695,CRISP,8.253845643997177,split2,B cells,Palbociclib,0.0709219858156028
4.728419,CRISP,8.253845643997177,split2,B cells,Palbociclib,0.0709219858156028
6.20694,CRISP,8.253845643997177,split2,B cells,Palbociclib,0.0709219858156028
3.453854,CRISP,8.253845643997177,split2,B cells,Palbociclib,0.0709219858156028
4.863775,CRISP,8.253845643997177,split2,B cells,Palbociclib,0.0709219858156028
1.1230857,CRISP,8.253845643997177,split2,B cells,Palbociclib,0.0709219858156028
4.9466977,CRISP,8.253845643997177,split2,B cells,Palbociclib,0.0709219858156028
3.638934,CRISP,8.253845643997177,split2,B cells,Palbociclib,0.0709219858156028
5.3774333,CRISP,8.253845643997177,split2,B cells,Palbociclib,0.0709219858156028
5.7213554,CRISP,8.253845643997177,split2,B cells,Palbociclib,0.0709219858156028
5.98977,CRISP,8.253845643997177,split2,B cells,Palbociclib,0.0709219858156028
3.7933953,CRISP,8.253845643997177,split2,B cells,Palbociclib,0.0709219858156028
5.1384063,CRISP,8.253845643997177,split2,B cells,Palbociclib,0.0709219858156028
6.2824225,CRISP,8.253845643997177,split2,B cells,Palbociclib,0.0709219858156028
2.412773,CRISP,8.253845643997177,split2,B cells,Palbociclib,0.0709219858156028
5.380582,CRISP,8.253845643997177,split2,B cells,Palbociclib,0.0709219858156028
6.454131,CRISP,8.253845643997177,split2,B cells,Palbociclib,0.0709219858156028
4.1001334,CRISP,8.253845643997177,split2,B cells,Palbociclib,0.0709219858156028
2.8161836,CRISP,8.253845643997177,split2,B cells,Palbociclib,0.0709219858156028
5.770912,CRISP,8.253845643997177,split2,B cells,Palbociclib,0.0709219858156028
4.50112,CRISP,8.253845643997177,split2,B cells,Palbociclib,0.0709219858156028
5.608239,CRISP,8.253845643997177,split2,B cells,Palbociclib,0.0709219858156028
1.9150141,CRISP,8.253845643997177,split2,B cells,Palbociclib,0.0709219858156028
5.141694,CRISP,8.253845643997177,split2,B cells,Palbociclib,0.0709219858156028
5.591852,CRISP,8.253845643997177,split2,B cells,Palbociclib,0.0709219858156028
5.4942408,CRISP,8.253845643997177,split2,B cells,Palbociclib,0.0709219858156028
7.2933154,CRISP,8.253845643997177,split2,B cells,Palbociclib,0.0709219858156028
5.690789,CRISP,8.253845643997177,split2,B cells,Palbociclib,0.0709219858156028
5.5093255,CRISP,8.253845643997177,split2,B cells,Palbociclib,0.0709219858156028
1.8152188,CRISP,8.253845643997177,split2,B cells,Palbociclib,0.0709219858156028
6.460663,CRISP,8.253845643997177,split2,B cells,Palbociclib,0.0709219858156028
4.908103,CRISP,8.253845643997177,split2,B cells,Palbociclib,0.0709219858156028
3.3626416,CRISP,8.253845643997177,split2,B cells,Palbociclib,0.0709219858156028
-0.27174833,CRISP,8.253845643997177,split2,B cells,Palbociclib,0.0709219858156028
5.2822075,CRISP,8.253845643997177,split2,B cells,Palbociclib,0.0709219858156028
5.5995407,CRISP,8.253845643997177,split2,B cells,Palbociclib,0.0709219858156028
6.422117,CRISP,8.253845643997177,split2,B cells,Palbociclib,0.0709219858156028
5.3373213,CRISP,8.253845643997177,split2,B cells,Palbociclib,0.0709219858156028
4.87861,CRISP,8.253845643997177,split2,B cells,Palbociclib,0.0709219858156028
6.096834,CRISP,8.253845643997177,split2,B cells,Palbociclib,0.0709219858156028
5.6289077,CRISP,8.253845643997177,split2,B cells,Palbociclib,0.0709219858156028
6.155414,CRISP,8.253845643997177,split2,B cells,Palbociclib,0.0709219858156028
3.2758303,CRISP,8.253845643997177,split2,B cells,Palbociclib,0.0709219858156028
4.770761,CRISP,8.253845643997177,split2,B cells,Palbociclib,0.0709219858156028
5.845772,CRISP,8.253845643997177,split2,B cells,Palbociclib,0.0709219858156028
5.726207,CRISP,8.253845643997177,split2,B cells,Palbociclib,0.0709219858156028
4.29102,CRISP,8.253845643997177,split2,B cells,Palbociclib,0.0709219858156028
3.8982406,CRISP,8.253845643997177,split2,B cells,Palbociclib,0.0709219858156028
4.432653,CRISP,8.253845643997177,split2,B cells,Palbociclib,0.0709219858156028
4.123384,CRISP,8.253845643997177,split2,B cells,Palbociclib,0.0709219858156028
4.9118347,CRISP,8.253845643997177,split2,B cells,Palbociclib,0.0709219858156028
6.7866573,CRISP,8.253845643997177,split2,B cells,Palbociclib,0.0709219858156028
2.7932613,CRISP,8.253845643997177,split2,B cells,Palbociclib,0.0709219858156028
2.9212492,CRISP,8.253845643997177,split2,B cells,Palbociclib,0.0709219858156028
5.8546576,CRISP,8.253845643997177,split2,B cells,Palbociclib,0.0709219858156028
5.7031465,CRISP,8.253845643997177,split2,B cells,Palbociclib,0.0709219858156028
3.0658588,CRISP,8.253845643997177,split2,B cells,Palbociclib,0.0709219858156028
5.4216666,CRISP,8.253845643997177,split2,B cells,Palbociclib,0.0709219858156028
4.848546,CRISP,8.253845643997177,split2,B cells,Palbociclib,0.0709219858156028
2.2840087,CRISP,8.253845643997177,split2,B cells,Palbociclib,0.0709219858156028
4.744722,CRISP,8.253845643997177,split2,B cells,Palbociclib,0.0709219858156028
6.246087,CRISP,8.253845643997177,split2,B cells,Palbociclib,0.0709219858156028
5.5162764,CRISP,8.253845643997177,split2,B cells,Palbociclib,0.0709219858156028
6.2815094,CRISP,8.253845643997177,split2,B cells,Palbociclib,0.0709219858156028
5.637067,CRISP,8.253845643997177,split2,B cells,Palbociclib,0.0709219858156028
5.6267643,CRISP,8.253845643997177,split2,B cells,Palbociclib,0.0709219858156028
5.274333,CRISP,8.253845643997177,split2,B cells,Palbociclib,0.0709219858156028
5.6386538,CRISP,8.253845643997177,split2,B cells,Palbociclib,0.0709219858156028
5.7436438,CRISP,8.253845643997177,split2,B cells,Palbociclib,0.0709219858156028
4.460764,CRISP,8.253845643997177,split2,B cells,Palbociclib,0.0709219858156028
5.17851,CRISP,8.253845643997177,split2,B cells,Palbociclib,0.0709219858156028
3.8171628,CRISP,8.253845643997177,split2,B cells,Palbociclib,0.0709219858156028
5.319646,CRISP,8.253845643997177,split2,B cells,Palbociclib,0.0709219858156028
3.8588095,CRISP,8.253845643997177,split2,B cells,Palbociclib,0.0709219858156028
4.425385,CRISP,8.253845643997177,split2,B cells,Palbociclib,0.0709219858156028
-0.18960547,CRISP,8.253845643997177,split2,B cells,Palbociclib,0.0709219858156028
5.431493,CRISP,8.253845643997177,split2,B cells,Palbociclib,0.0709219858156028
6.583701,CRISP,8.253845643997177,split2,B cells,Palbociclib,0.0709219858156028
4.7589498,CRISP,8.253845643997177,split2,B cells,Palbociclib,0.0709219858156028
5.482148,CRISP,8.253845643997177,split2,B cells,Palbociclib,0.0709219858156028
5.6143627,CRISP,8.253845643997177,split2,B cells,Palbociclib,0.0709219858156028
6.3900166,CRISP,8.253845643997177,split2,B cells,Palbociclib,0.0709219858156028
5.263357,CRISP,8.253845643997177,split2,B cells,Palbociclib,0.0709219858156028
4.3835106,CRISP,8.253845643997177,split2,B cells,Palbociclib,0.0709219858156028
5.001683,CRISP,8.253845643997177,split2,B cells,Palbociclib,0.0709219858156028
6.1425405,CRISP,8.253845643997177,split2,B cells,Palbociclib,0.0709219858156028
5.39494,CRISP,8.253845643997177,split2,B cells,Palbociclib,0.0709219858156028
6.377164,CRISP,8.253845643997177,split2,B cells,Palbociclib,0.0709219858156028
4.5416436,CRISP,8.253845643997177,split2,B cells,Palbociclib,0.0709219858156028
5.6368465,CRISP,8.253845643997177,split2,B cells,Palbociclib,0.0709219858156028
3.9658759,CRISP,8.253845643997177,split2,B cells,Palbociclib,0.0709219858156028
4.7327547,CRISP,8.253845643997177,split2,B cells,Palbociclib,0.0709219858156028
5.17768,CRISP,8.253845643997177,split2,B cells,Palbociclib,0.0709219858156028
6.087472,CRISP,8.253845643997177,split2,B cells,Palbociclib,0.0709219858156028
6.0104823,CRISP,8.253845643997177,split2,B cells,Palbociclib,0.0709219858156028
4.847282,CRISP,8.253845643997177,split2,B cells,Palbociclib,0.0709219858156028
5.922516,CRISP,8.253845643997177,split2,B cells,Palbociclib,0.0709219858156028
5.746002,CRISP,8.253845643997177,split2,B cells,Palbociclib,0.0709219858156028
5.467508,CRISP,8.253845643997177,split2,B cells,Palbociclib,0.0709219858156028
5.4629307,CRISP,8.253845643997177,split2,B cells,Palbociclib,0.0709219858156028
6.0037003,CRISP,8.253845643997177,split2,B cells,Palbociclib,0.0709219858156028
5.6210833,CRISP,8.253845643997177,split2,B cells,Palbociclib,0.0709219858156028
2.3024015,CRISP,8.253845643997177,split2,B cells,Palbociclib,0.0709219858156028
4.4436636,CRISP,8.253845643997177,split2,B cells,Palbociclib,0.0709219858156028
5.274856,CRISP,8.253845643997177,split2,B cells,Palbociclib,0.0709219858156028
0.34826696,CRISP,8.253845643997177,split2,B cells,Palbociclib,0.0709219858156028
3.1621952,CRISP,8.253845643997177,split2,B cells,Palbociclib,0.0709219858156028
4.8756976,CRISP,8.253845643997177,split2,B cells,Palbociclib,0.0709219858156028
4.293771,CRISP,8.253845643997177,split2,B cells,Palbociclib,0.0709219858156028
5.544408,CRISP,8.253845643997177,split2,B cells,Palbociclib,0.0709219858156028
4.62015,CRISP,8.253845643997177,split2,B cells,Palbociclib,0.0709219858156028
3.4460227,CRISP,8.253845643997177,split2,B cells,Palbociclib,0.0709219858156028
4.747319,CRISP,8.253845643997177,split2,B cells,Palbociclib,0.0709219858156028
2.8004458,CRISP,8.253845643997177,split2,B cells,Palbociclib,0.0709219858156028
3.4282162,CRISP,8.253845643997177,split2,B cells,Palbociclib,0.0709219858156028
5.5375605,CRISP,8.253845643997177,split2,B cells,Palbociclib,0.0709219858156028
5.635523,CRISP,8.253845643997177,split2,B cells,Palbociclib,0.0709219858156028
3.496765,CRISP,8.253845643997177,split2,B cells,Palbociclib,0.0709219858156028
6.000746,CRISP,8.253845643997177,split2,B cells,Palbociclib,0.0709219858156028
5.542061,CRISP,8.253845643997177,split2,B cells,Palbociclib,0.0709219858156028
5.888728,CRISP,8.253845643997177,split2,B cells,Palbociclib,0.0709219858156028
3.174426,CRISP,8.253845643997177,split2,B cells,Palbociclib,0.0709219858156028
3.6690478,CRISP,8.253845643997177,split2,B cells,Palbociclib,0.0709219858156028
6.305399,CRISP,8.253845643997177,split2,B cells,Palbociclib,0.0709219858156028
4.8939066,CRISP,8.253845643997177,split2,B cells,Palbociclib,0.0709219858156028
6.173396,CRISP,8.253845643997177,split2,B cells,Palbociclib,0.0709219858156028
5.2039146,CRISP,8.253845643997177,split2,B cells,Palbociclib,0.0709219858156028
1.4316418,CRISP,8.253845643997177,split2,B cells,Palbociclib,0.0709219858156028
6.1848965,CRISP,8.253845643997177,split2,B cells,Palbociclib,0.0709219858156028
5.669702,CRISP,8.253845643997177,split2,B cells,Palbociclib,0.0709219858156028
2.6531177,CRISP,8.253845643997177,split2,B cells,Palbociclib,0.0709219858156028
5.2788067,CRISP,8.253845643997177,split2,B cells,Palbociclib,0.0709219858156028
3.9058342,CRISP,8.253845643997177,split2,B cells,Palbociclib,0.0709219858156028
5.55859,CRISP,8.253845643997177,split2,B cells,Palbociclib,0.0709219858156028
0.88739115,CRISP,8.253845643997177,split2,B cells,Palbociclib,0.0709219858156028
-0.11566046,CRISP,8.253845643997177,split2,B cells,Palbociclib,0.0709219858156028
5.912697,CRISP,8.253845643997177,split2,B cells,Palbociclib,0.0709219858156028
4.846833,CRISP,8.253845643997177,split2,B cells,Palbociclib,0.0709219858156028
5.069204,CRISP,8.253845643997177,split2,B cells,Palbociclib,0.0709219858156028
5.0778694,CRISP,8.253845643997177,split2,B cells,Palbociclib,0.0709219858156028
4.7852254,CRISP,8.253845643997177,split2,B cells,Palbociclib,0.0709219858156028
5.012833,CRISP,8.253845643997177,split2,B cells,Palbociclib,0.0709219858156028
5.805915,CRISP,8.253845643997177,split2,B cells,Palbociclib,0.0709219858156028
5.0516057,CRISP,8.253845643997177,split2,B cells,Palbociclib,0.0709219858156028
4.8099575,CRISP,8.253845643997177,split2,B cells,Palbociclib,0.0709219858156028
5.7043505,CRISP,8.253845643997177,split2,B cells,Palbociclib,0.0709219858156028
5.5253797,CRISP,8.253845643997177,split2,B cells,Palbociclib,0.0709219858156028
3.1276603,CRISP,8.253845643997177,split2,B cells,Palbociclib,0.0709219858156028
5.053722,CRISP,8.253845643997177,split2,B cells,Palbociclib,0.0709219858156028
-0.6342072,CRISP,8.253845643997177,split2,B cells,Palbociclib,0.0709219858156028
3.9497828,CRISP,8.253845643997177,split2,B cells,Palbociclib,0.0709219858156028
1.4444225,CRISP,8.253845643997177,split2,B cells,Palbociclib,0.0709219858156028
2.3246634,CRISP,8.253845643997177,split2,B cells,Palbociclib,0.0709219858156028
4.9168024,CRISP,8.253845643997177,split2,B cells,Palbociclib,0.0709219858156028
5.7939177,CRISP,8.253845643997177,split2,B cells,Palbociclib,0.0709219858156028
3.8389418,CRISP,8.253845643997177,split2,B cells,Palbociclib,0.0709219858156028
1.5721425,CRISP,8.253845643997177,split2,B cells,Palbociclib,0.0709219858156028
4.8407955,CRISP,8.253845643997177,split2,B cells,Palbociclib,0.0709219858156028
4.673169,CRISP,8.253845643997177,split2,B cells,Palbociclib,0.0709219858156028
5.1498756,CRISP,8.253845643997177,split2,B cells,Palbociclib,0.0709219858156028
4.703503,CRISP,8.253845643997177,split2,B cells,Palbociclib,0.0709219858156028
4.8196125,CRISP,8.253845643997177,split2,B cells,Palbociclib,0.0709219858156028
5.786217,CRISP,8.253845643997177,split2,B cells,Palbociclib,0.0709219858156028
0.7358651,CRISP,8.253845643997177,split2,B cells,Palbociclib,0.0709219858156028
6.2125916,CRISP,8.253845643997177,split2,B cells,Palbociclib,0.0709219858156028
4.972396,CRISP,8.253845643997177,split2,B cells,Palbociclib,0.0709219858156028
5.757575,CRISP,8.253845643997177,split2,B cells,Palbociclib,0.0709219858156028
5.529772,CRISP,8.253845643997177,split2,B cells,Palbociclib,0.0709219858156028
3.1421595,CRISP,8.253845643997177,split2,B cells,Palbociclib,0.0709219858156028
4.7897415,CRISP,8.253845643997177,split2,B cells,Palbociclib,0.0709219858156028
5.9139886,CRISP,8.253845643997177,split2,B cells,Palbociclib,0.0709219858156028
2.6528273,CRISP,8.253845643997177,split2,B cells,Palbociclib,0.0709219858156028
5.725042,CRISP,8.253845643997177,split2,B cells,Palbociclib,0.0709219858156028
3.1863286,CRISP,8.253845643997177,split2,B cells,Palbociclib,0.0709219858156028
4.166027,CRISP,8.253845643997177,split2,B cells,Palbociclib,0.0709219858156028
2.5497231,CRISP,8.253845643997177,split2,B cells,Palbociclib,0.0709219858156028
3.3219302,CRISP,8.253845643997177,split2,B cells,Palbociclib,0.0709219858156028
4.161238,CRISP,8.253845643997177,split2,B cells,Palbociclib,0.0709219858156028
4.5597105,CRISP,8.253845643997177,split2,B cells,Palbociclib,0.0709219858156028
6.023004,CRISP,8.253845643997177,split2,B cells,Palbociclib,0.0709219858156028
4.7029204,CRISP,8.253845643997177,split2,B cells,Palbociclib,0.0709219858156028
3.9265244,CRISP,8.253845643997177,split2,B cells,Palbociclib,0.0709219858156028
2.4042006,CRISP,8.253845643997177,split2,B cells,Palbociclib,0.0709219858156028
4.608951,CRISP,8.253845643997177,split2,B cells,Palbociclib,0.0709219858156028
2.3239715,CRISP,8.253845643997177,split2,B cells,Palbociclib,0.0709219858156028
4.4979954,CRISP,8.253845643997177,split2,B cells,Palbociclib,0.0709219858156028
3.8167183,CRISP,8.253845643997177,split2,B cells,Palbociclib,0.0709219858156028
4.4940677,CRISP,8.253845643997177,split2,B cells,Palbociclib,0.0709219858156028
5.0658574,CRISP,8.253845643997177,split2,B cells,Palbociclib,0.0709219858156028
5.837037,CRISP,8.253845643997177,split2,B cells,Palbociclib,0.0709219858156028
4.2793436,CRISP,8.253845643997177,split2,B cells,Palbociclib,0.0709219858156028
5.5232053,CRISP,8.253845643997177,split2,B cells,Palbociclib,0.0709219858156028
5.7423186,CRISP,8.253845643997177,split2,B cells,Palbociclib,0.0709219858156028
2.8551264,CRISP,8.253845643997177,split2,B cells,Palbociclib,0.0709219858156028
6.198395,CRISP,8.253845643997177,split2,B cells,Palbociclib,0.0709219858156028
6.485441,CRISP,8.253845643997177,split2,B cells,Palbociclib,0.0709219858156028
4.648646,CRISP,8.253845643997177,split2,B cells,Palbociclib,0.0709219858156028
-0.31312516,CRISP,8.253845643997177,split2,B cells,Palbociclib,0.0709219858156028
4.934559,CRISP,8.253845643997177,split2,B cells,Palbociclib,0.0709219858156028
4.905162,CRISP,8.253845643997177,split2,B cells,Palbociclib,0.0709219858156028
5.3605337,CRISP,8.253845643997177,split2,B cells,Palbociclib,0.0709219858156028
5.641324,CRISP,8.253845643997177,split2,B cells,Palbociclib,0.0709219858156028
5.7241764,CRISP,8.253845643997177,split2,B cells,Palbociclib,0.0709219858156028
5.8188534,CRISP,8.253845643997177,split2,B cells,Palbociclib,0.0709219858156028
4.0706115,CRISP,8.253845643997177,split2,B cells,Palbociclib,0.0709219858156028
5.012052,CRISP,8.253845643997177,split2,B cells,Palbociclib,0.0709219858156028
6.01815,CRISP,8.253845643997177,split2,B cells,Palbociclib,0.0709219858156028
2.994899,CRISP,8.253845643997177,split2,B cells,Palbociclib,0.0709219858156028
5.590238,CRISP,8.253845643997177,split2,B cells,Palbociclib,0.0709219858156028
5.0712247,CRISP,8.253845643997177,split2,B cells,Palbociclib,0.0709219858156028
5.4128227,CRISP,8.253845643997177,split2,B cells,Palbociclib,0.0709219858156028
5.2734985,CRISP,8.253845643997177,split2,B cells,Palbociclib,0.0709219858156028
6.140095,CRISP,8.253845643997177,split2,B cells,Palbociclib,0.0709219858156028
5.6080275,CRISP,8.253845643997177,split2,B cells,Palbociclib,0.0709219858156028
6.008188,CRISP,8.253845643997177,split2,B cells,Palbociclib,0.0709219858156028
5.2853684,CRISP,8.253845643997177,split2,B cells,Palbociclib,0.0709219858156028
4.2740355,CRISP,8.253845643997177,split2,B cells,Palbociclib,0.0709219858156028
5.949922,CRISP,8.253845643997177,split2,B cells,Palbociclib,0.0709219858156028
4.8916917,CRISP,8.253845643997177,split2,B cells,Palbociclib,0.0709219858156028
5.783514,CRISP,8.253845643997177,split2,B cells,Palbociclib,0.0709219858156028
4.6125956,CRISP,8.253845643997177,split2,B cells,Palbociclib,0.0709219858156028
5.8824205,CRISP,8.253845643997177,split2,B cells,Palbociclib,0.0709219858156028
5.6479387,CRISP,8.253845643997177,split2,B cells,Palbociclib,0.0709219858156028
4.163313,CRISP,8.253845643997177,split2,B cells,Palbociclib,0.0709219858156028
6.4378757,CRISP,8.253845643997177,split2,B cells,Palbociclib,0.0709219858156028
4.345852,CRISP,8.253845643997177,split2,B cells,Palbociclib,0.0709219858156028
5.2897925,CRISP,8.253845643997177,split2,B cells,Palbociclib,0.0709219858156028
6.473782,CRISP,8.253845643997177,split2,B cells,Palbociclib,0.0709219858156028
5.959992,CRISP,8.253845643997177,split2,B cells,Palbociclib,0.0709219858156028
5.8101625,CRISP,8.253845643997177,split2,B cells,Palbociclib,0.0709219858156028
3.2083628,CRISP,8.253845643997177,split2,B cells,Palbociclib,0.0709219858156028
4.2765026,CRISP,8.253845643997177,split2,B cells,Palbociclib,0.0709219858156028
2.8627436,CRISP,8.253845643997177,split2,B cells,Palbociclib,0.0709219858156028
3.8185947,CRISP,8.253845643997177,split2,B cells,Palbociclib,0.0709219858156028
5.113214,CRISP,8.253845643997177,split2,B cells,Palbociclib,0.0709219858156028
0.5056823,CRISP,8.253845643997177,split2,B cells,Palbociclib,0.0709219858156028
6.1539245,CRISP,8.253845643997177,split2,B cells,Palbociclib,0.0709219858156028
5.3545885,CRISP,8.253845643997177,split2,B cells,Palbociclib,0.0709219858156028
5.7492485,CRISP,8.253845643997177,split2,B cells,Palbociclib,0.0709219858156028
5.627367,CRISP,8.253845643997177,split2,B cells,Palbociclib,0.0709219858156028
2.216254,CRISP,8.253845643997177,split2,B cells,Palbociclib,0.0709219858156028
6.276538,CRISP,8.253845643997177,split2,B cells,Palbociclib,0.0709219858156028
5.9492903,CRISP,8.253845643997177,split2,B cells,Palbociclib,0.0709219858156028
6.0534425,CRISP,8.253845643997177,split2,B cells,Palbociclib,0.0709219858156028
2.3581114,CRISP,8.253845643997177,split2,B cells,Palbociclib,0.0709219858156028
-0.8023637,CRISP,8.253845643997177,split2,B cells,Palbociclib,0.0709219858156028
5.6636972,CRISP,8.253845643997177,split2,B cells,Palbociclib,0.0709219858156028
3.6153767,CRISP,8.253845643997177,split2,B cells,Palbociclib,0.0709219858156028
3.8148165,CRISP,8.253845643997177,split2,B cells,Palbociclib,0.0709219858156028
4.472745,CRISP,8.253845643997177,split2,B cells,Palbociclib,0.0709219858156028
5.7672033,CRISP,8.253845643997177,split2,B cells,Palbociclib,0.0709219858156028
2.0631917,CRISP,8.253845643997177,split2,B cells,Palbociclib,0.0709219858156028
6.1131635,CRISP,8.253845643997177,split2,B cells,Palbociclib,0.0709219858156028
4.493924,CRISP,8.253845643997177,split2,B cells,Palbociclib,0.0709219858156028
3.8629405,CRISP,8.253845643997177,split2,B cells,Palbociclib,0.0709219858156028
4.5531516,CRISP,8.253845643997177,split2,B cells,Palbociclib,0.0709219858156028
5.4912977,CRISP,8.253845643997177,split2,B cells,Palbociclib,0.0709219858156028
5.8971567,CRISP,8.253845643997177,split2,B cells,Palbociclib,0.0709219858156028
3.4556623,CRISP,8.253845643997177,split2,B cells,Palbociclib,0.0709219858156028
3.15393,CRISP,8.253845643997177,split2,B cells,Palbociclib,0.0709219858156028
-0.30609,CRISP,8.253845643997177,split2,B cells,Palbociclib,0.0709219858156028
2.797681,CRISP,8.253845643997177,split2,B cells,Palbociclib,0.0709219858156028
3.0029502,CRISP,8.253845643997177,split2,B cells,Palbociclib,0.0709219858156028
5.368869,CRISP,8.253845643997177,split2,B cells,Palbociclib,0.0709219858156028
5.929044,CRISP,8.253845643997177,split2,B cells,Palbociclib,0.0709219858156028
6.094399,CRISP,8.253845643997177,split2,B cells,Palbociclib,0.0709219858156028
4.45975,CRISP,8.253845643997177,split2,B cells,Palbociclib,0.0709219858156028
5.6835084,CRISP,8.253845643997177,split2,B cells,Palbociclib,0.0709219858156028
1.9393444,CRISP,8.253845643997177,split2,B cells,Palbociclib,0.0709219858156028
4.8710585,CRISP,8.253845643997177,split2,B cells,Palbociclib,0.0709219858156028
1.1204603,CRISP,8.253845643997177,split2,B cells,Palbociclib,0.0709219858156028
4.315066,CRISP,8.253845643997177,split2,B cells,Palbociclib,0.0709219858156028
5.986189,CRISP,8.253845643997177,split2,B cells,Palbociclib,0.0709219858156028
2.77942,CRISP,8.253845643997177,split2,B cells,Palbociclib,0.0709219858156028
3.7247705,CRISP,8.253845643997177,split2,B cells,Palbociclib,0.0709219858156028
5.165864,CRISP,8.253845643997177,split2,B cells,Palbociclib,0.0709219858156028
2.904801,CRISP,8.253845643997177,split2,B cells,Palbociclib,0.0709219858156028
3.463513,CRISP,8.253845643997177,split2,B cells,Palbociclib,0.0709219858156028
2.5900462,CRISP,8.253845643997177,split2,B cells,Palbociclib,0.0709219858156028
4.5912867,CRISP,8.253845643997177,split2,B cells,Palbociclib,0.0709219858156028
6.7029476,CRISP,8.253845643997177,split2,B cells,Palbociclib,0.0709219858156028
5.712233,CRISP,8.253845643997177,split2,B cells,Palbociclib,0.0709219858156028
5.2150636,CRISP,8.253845643997177,split2,B cells,Palbociclib,0.0709219858156028
5.377042,CRISP,8.253845643997177,split2,B cells,Palbociclib,0.0709219858156028
5.9396434,CRISP,8.253845643997177,split2,B cells,Palbociclib,0.0709219858156028
5.3831635,CRISP,8.253845643997177,split2,B cells,Palbociclib,0.0709219858156028
8.802032,DiffCRISP,8.253845643997177,split2,B cells,Palbociclib,0.0709219858156028
8.055658,DiffCRISP,8.253845643997177,split2,B cells,Palbociclib,0.0709219858156028
6.224033,DiffCRISP,8.253845643997177,split2,B cells,Palbociclib,0.0709219858156028
7.573182,DiffCRISP,8.253845643997177,split2,B cells,Palbociclib,0.0709219858156028
8.533101,DiffCRISP,8.253845643997177,split2,B cells,Palbociclib,0.0709219858156028
7.5260887,DiffCRISP,8.253845643997177,split2,B cells,Palbociclib,0.0709219858156028
9.1094265,DiffCRISP,8.253845643997177,split2,B cells,Palbociclib,0.0709219858156028
7.3869057,DiffCRISP,8.253845643997177,split2,B cells,Palbociclib,0.0709219858156028
11.484558,DiffCRISP,8.253845643997177,split2,B cells,Palbociclib,0.0709219858156028
9.02955,DiffCRISP,8.253845643997177,split2,B cells,Palbociclib,0.0709219858156028
-2.3969243,DiffCRISP,8.253845643997177,split2,B cells,Palbociclib,0.0709219858156028
4.327023,DiffCRISP,8.253845643997177,split2,B cells,Palbociclib,0.0709219858156028
-0.5772432,DiffCRISP,8.253845643997177,split2,B cells,Palbociclib,0.0709219858156028
9.059117,DiffCRISP,8.253845643997177,split2,B cells,Palbociclib,0.0709219858156028
0.30239993,DiffCRISP,8.253845643997177,split2,B cells,Palbociclib,0.0709219858156028
4.0578737,DiffCRISP,8.253845643997177,split2,B cells,Palbociclib,0.0709219858156028
5.964141,DiffCRISP,8.253845643997177,split2,B cells,Palbociclib,0.0709219858156028
6.304037,DiffCRISP,8.253845643997177,split2,B cells,Palbociclib,0.0709219858156028
10.463328,DiffCRISP,8.253845643997177,split2,B cells,Palbociclib,0.0709219858156028
6.144336,DiffCRISP,8.253845643997177,split2,B cells,Palbociclib,0.0709219858156028
6.4260554,DiffCRISP,8.253845643997177,split2,B cells,Palbociclib,0.0709219858156028
6.8567142,DiffCRISP,8.253845643997177,split2,B cells,Palbociclib,0.0709219858156028
9.51851,DiffCRISP,8.253845643997177,split2,B cells,Palbociclib,0.0709219858156028
4.7098975,DiffCRISP,8.253845643997177,split2,B cells,Palbociclib,0.0709219858156028
4.502176,DiffCRISP,8.253845643997177,split2,B cells,Palbociclib,0.0709219858156028
7.9891624,DiffCRISP,8.253845643997177,split2,B cells,Palbociclib,0.0709219858156028
8.309774,DiffCRISP,8.253845643997177,split2,B cells,Palbociclib,0.0709219858156028
4.8870535,DiffCRISP,8.253845643997177,split2,B cells,Palbociclib,0.0709219858156028
3.2814555,DiffCRISP,8.253845643997177,split2,B cells,Palbociclib,0.0709219858156028
8.655445,DiffCRISP,8.253845643997177,split2,B cells,Palbociclib,0.0709219858156028
9.007729,DiffCRISP,8.253845643997177,split2,B cells,Palbociclib,0.0709219858156028
8.296863,DiffCRISP,8.253845643997177,split2,B cells,Palbociclib,0.0709219858156028
7.642873,DiffCRISP,8.253845643997177,split2,B cells,Palbociclib,0.0709219858156028
6.2889147,DiffCRISP,8.253845643997177,split2,B cells,Palbociclib,0.0709219858156028
1.4888746,DiffCRISP,8.253845643997177,split2,B cells,Palbociclib,0.0709219858156028
7.710027,DiffCRISP,8.253845643997177,split2,B cells,Palbociclib,0.0709219858156028
9.169691,DiffCRISP,8.253845643997177,split2,B cells,Palbociclib,0.0709219858156028
4.3641076,DiffCRISP,8.253845643997177,split2,B cells,Palbociclib,0.0709219858156028
3.1317403,DiffCRISP,8.253845643997177,split2,B cells,Palbociclib,0.0709219858156028
6.4529257,DiffCRISP,8.253845643997177,split2,B cells,Palbociclib,0.0709219858156028
2.915739,DiffCRISP,8.253845643997177,split2,B cells,Palbociclib,0.0709219858156028
1.7155769,DiffCRISP,8.253845643997177,split2,B cells,Palbociclib,0.0709219858156028
4.4056525,DiffCRISP,8.253845643997177,split2,B cells,Palbociclib,0.0709219858156028
3.571241,DiffCRISP,8.253845643997177,split2,B cells,Palbociclib,0.0709219858156028
9.742733,DiffCRISP,8.253845643997177,split2,B cells,Palbociclib,0.0709219858156028
7.2107067,DiffCRISP,8.253845643997177,split2,B cells,Palbociclib,0.0709219858156028
1.5463691,DiffCRISP,8.253845643997177,split2,B cells,Palbociclib,0.0709219858156028
3.2808197,DiffCRISP,8.253845643997177,split2,B cells,Palbociclib,0.0709219858156028
5.693007,DiffCRISP,8.253845643997177,split2,B cells,Palbociclib,0.0709219858156028
1.1382124,DiffCRISP,8.253845643997177,split2,B cells,Palbociclib,0.0709219858156028
2.5222955,DiffCRISP,8.253845643997177,split2,B cells,Palbociclib,0.0709219858156028
9.089659,DiffCRISP,8.253845643997177,split2,B cells,Palbociclib,0.0709219858156028
7.194209,DiffCRISP,8.253845643997177,split2,B cells,Palbociclib,0.0709219858156028
3.0948436,DiffCRISP,8.253845643997177,split2,B cells,Palbociclib,0.0709219858156028
5.3405747,DiffCRISP,8.253845643997177,split2,B cells,Palbociclib,0.0709219858156028
5.493995,DiffCRISP,8.253845643997177,split2,B cells,Palbociclib,0.0709219858156028
11.486012,DiffCRISP,8.253845643997177,split2,B cells,Palbociclib,0.0709219858156028
9.200683,DiffCRISP,8.253845643997177,split2,B cells,Palbociclib,0.0709219858156028
5.9211416,DiffCRISP,8.253845643997177,split2,B cells,Palbociclib,0.0709219858156028
1.3517624,DiffCRISP,8.253845643997177,split2,B cells,Palbociclib,0.0709219858156028
5.9382668,DiffCRISP,8.253845643997177,split2,B cells,Palbociclib,0.0709219858156028
8.467738,DiffCRISP,8.253845643997177,split2,B cells,Palbociclib,0.0709219858156028
5.563514,DiffCRISP,8.253845643997177,split2,B cells,Palbociclib,0.0709219858156028
10.693185,DiffCRISP,8.253845643997177,split2,B cells,Palbociclib,0.0709219858156028
8.140831,DiffCRISP,8.253845643997177,split2,B cells,Palbociclib,0.0709219858156028
7.652379,DiffCRISP,8.253845643997177,split2,B cells,Palbociclib,0.0709219858156028
8.848871,DiffCRISP,8.253845643997177,split2,B cells,Palbociclib,0.0709219858156028
9.094872,DiffCRISP,8.253845643997177,split2,B cells,Palbociclib,0.0709219858156028
10.013378,DiffCRISP,8.253845643997177,split2,B cells,Palbociclib,0.0709219858156028
3.0733092,DiffCRISP,8.253845643997177,split2,B cells,Palbociclib,0.0709219858156028
10.740172,DiffCRISP,8.253845643997177,split2,B cells,Palbociclib,0.0709219858156028
1.4728585,DiffCRISP,8.253845643997177,split2,B cells,Palbociclib,0.0709219858156028
3.945714,DiffCRISP,8.253845643997177,split2,B cells,Palbociclib,0.0709219858156028
9.693758,DiffCRISP,8.253845643997177,split2,B cells,Palbociclib,0.0709219858156028
8.215795,DiffCRISP,8.253845643997177,split2,B cells,Palbociclib,0.0709219858156028
7.4938455,DiffCRISP,8.253845643997177,split2,B cells,Palbociclib,0.0709219858156028
8.684096,DiffCRISP,8.253845643997177,split2,B cells,Palbociclib,0.0709219858156028
9.4754095,DiffCRISP,8.253845643997177,split2,B cells,Palbociclib,0.0709219858156028
6.78238,DiffCRISP,8.253845643997177,split2,B cells,Palbociclib,0.0709219858156028
7.098513,DiffCRISP,8.253845643997177,split2,B cells,Palbociclib,0.0709219858156028
2.6359997,DiffCRISP,8.253845643997177,split2,B cells,Palbociclib,0.0709219858156028
9.205824,DiffCRISP,8.253845643997177,split2,B cells,Palbociclib,0.0709219858156028
10.651671,DiffCRISP,8.253845643997177,split2,B cells,Palbociclib,0.0709219858156028
0.703557,DiffCRISP,8.253845643997177,split2,B cells,Palbociclib,0.0709219858156028
-4.5947385,DiffCRISP,8.253845643997177,split2,B cells,Palbociclib,0.0709219858156028
6.852502,DiffCRISP,8.253845643997177,split2,B cells,Palbociclib,0.0709219858156028
8.985411,DiffCRISP,8.253845643997177,split2,B cells,Palbociclib,0.0709219858156028
0.5587642,DiffCRISP,8.253845643997177,split2,B cells,Palbociclib,0.0709219858156028
10.121062,DiffCRISP,8.253845643997177,split2,B cells,Palbociclib,0.0709219858156028
4.4575157,DiffCRISP,8.253845643997177,split2,B cells,Palbociclib,0.0709219858156028
8.673349,DiffCRISP,8.253845643997177,split2,B cells,Palbociclib,0.0709219858156028
7.595851,DiffCRISP,8.253845643997177,split2,B cells,Palbociclib,0.0709219858156028
6.264591,DiffCRISP,8.253845643997177,split2,B cells,Palbociclib,0.0709219858156028
8.19345,DiffCRISP,8.253845643997177,split2,B cells,Palbociclib,0.0709219858156028
10.594624,DiffCRISP,8.253845643997177,split2,B cells,Palbociclib,0.0709219858156028
6.528979,DiffCRISP,8.253845643997177,split2,B cells,Palbociclib,0.0709219858156028
3.3749585,DiffCRISP,8.253845643997177,split2,B cells,Palbociclib,0.0709219858156028
4.1319847,DiffCRISP,8.253845643997177,split2,B cells,Palbociclib,0.0709219858156028
10.034398,DiffCRISP,8.253845643997177,split2,B cells,Palbociclib,0.0709219858156028
8.942083,DiffCRISP,8.253845643997177,split2,B cells,Palbociclib,0.0709219858156028
7.007771,DiffCRISP,8.253845643997177,split2,B cells,Palbociclib,0.0709219858156028
-0.52099884,DiffCRISP,8.253845643997177,split2,B cells,Palbociclib,0.0709219858156028
3.9870605,DiffCRISP,8.253845643997177,split2,B cells,Palbociclib,0.0709219858156028
9.698715,DiffCRISP,8.253845643997177,split2,B cells,Palbociclib,0.0709219858156028
-0.3474741,DiffCRISP,8.253845643997177,split2,B cells,Palbociclib,0.0709219858156028
2.8240201,DiffCRISP,8.253845643997177,split2,B cells,Palbociclib,0.0709219858156028
8.818731,DiffCRISP,8.253845643997177,split2,B cells,Palbociclib,0.0709219858156028
1.426137,DiffCRISP,8.253845643997177,split2,B cells,Palbociclib,0.0709219858156028
7.4891214,DiffCRISP,8.253845643997177,split2,B cells,Palbociclib,0.0709219858156028
6.541638,DiffCRISP,8.253845643997177,split2,B cells,Palbociclib,0.0709219858156028
3.1898024,DiffCRISP,8.253845643997177,split2,B cells,Palbociclib,0.0709219858156028
8.292249,DiffCRISP,8.253845643997177,split2,B cells,Palbociclib,0.0709219858156028
1.9745315,DiffCRISP,8.253845643997177,split2,B cells,Palbociclib,0.0709219858156028
6.1257772,DiffCRISP,8.253845643997177,split2,B cells,Palbociclib,0.0709219858156028
3.2143028,DiffCRISP,8.253845643997177,split2,B cells,Palbociclib,0.0709219858156028
7.45311,DiffCRISP,8.253845643997177,split2,B cells,Palbociclib,0.0709219858156028
9.811098,DiffCRISP,8.253845643997177,split2,B cells,Palbociclib,0.0709219858156028
5.3531413,DiffCRISP,8.253845643997177,split2,B cells,Palbociclib,0.0709219858156028
6.975091,DiffCRISP,8.253845643997177,split2,B cells,Palbociclib,0.0709219858156028
6.3053794,DiffCRISP,8.253845643997177,split2,B cells,Palbociclib,0.0709219858156028
7.18741,DiffCRISP,8.253845643997177,split2,B cells,Palbociclib,0.0709219858156028
8.3538265,DiffCRISP,8.253845643997177,split2,B cells,Palbociclib,0.0709219858156028
6.771645,DiffCRISP,8.253845643997177,split2,B cells,Palbociclib,0.0709219858156028
4.8793163,DiffCRISP,8.253845643997177,split2,B cells,Palbociclib,0.0709219858156028
5.236436,DiffCRISP,8.253845643997177,split2,B cells,Palbociclib,0.0709219858156028
-3.2109613,DiffCRISP,8.253845643997177,split2,B cells,Palbociclib,0.0709219858156028
1.7776912,DiffCRISP,8.253845643997177,split2,B cells,Palbociclib,0.0709219858156028
8.513429,DiffCRISP,8.253845643997177,split2,B cells,Palbociclib,0.0709219858156028
1.0336112,DiffCRISP,8.253845643997177,split2,B cells,Palbociclib,0.0709219858156028
8.316212,DiffCRISP,8.253845643997177,split2,B cells,Palbociclib,0.0709219858156028
-2.3301365,DiffCRISP,8.253845643997177,split2,B cells,Palbociclib,0.0709219858156028
7.1146407,DiffCRISP,8.253845643997177,split2,B cells,Palbociclib,0.0709219858156028
1.1203115,DiffCRISP,8.253845643997177,split2,B cells,Palbociclib,0.0709219858156028
2.5568533,DiffCRISP,8.253845643997177,split2,B cells,Palbociclib,0.0709219858156028
1.0034695,DiffCRISP,8.253845643997177,split2,B cells,Palbociclib,0.0709219858156028
9.111545,DiffCRISP,8.253845643997177,split2,B cells,Palbociclib,0.0709219858156028
-2.4741318,DiffCRISP,8.253845643997177,split2,B cells,Palbociclib,0.0709219858156028
1.7873026,DiffCRISP,8.253845643997177,split2,B cells,Palbociclib,0.0709219858156028
5.677895,DiffCRISP,8.253845643997177,split2,B cells,Palbociclib,0.0709219858156028
6.9349456,DiffCRISP,8.253845643997177,split2,B cells,Palbociclib,0.0709219858156028
3.6832688,DiffCRISP,8.253845643997177,split2,B cells,Palbociclib,0.0709219858156028
9.808645,DiffCRISP,8.253845643997177,split2,B cells,Palbociclib,0.0709219858156028
8.262719,DiffCRISP,8.253845643997177,split2,B cells,Palbociclib,0.0709219858156028
5.279342,DiffCRISP,8.253845643997177,split2,B cells,Palbociclib,0.0709219858156028
10.990282,DiffCRISP,8.253845643997177,split2,B cells,Palbociclib,0.0709219858156028
1.5222785,DiffCRISP,8.253845643997177,split2,B cells,Palbociclib,0.0709219858156028
10.213816,DiffCRISP,8.253845643997177,split2,B cells,Palbociclib,0.0709219858156028
9.656886,DiffCRISP,8.253845643997177,split2,B cells,Palbociclib,0.0709219858156028
3.576335,DiffCRISP,8.253845643997177,split2,B cells,Palbociclib,0.0709219858156028
8.22522,DiffCRISP,8.253845643997177,split2,B cells,Palbociclib,0.0709219858156028
5.7511177,DiffCRISP,8.253845643997177,split2,B cells,Palbociclib,0.0709219858156028
4.830616,DiffCRISP,8.253845643997177,split2,B cells,Palbociclib,0.0709219858156028
2.229931,DiffCRISP,8.253845643997177,split2,B cells,Palbociclib,0.0709219858156028
8.7784395,DiffCRISP,8.253845643997177,split2,B cells,Palbociclib,0.0709219858156028
8.470722,DiffCRISP,8.253845643997177,split2,B cells,Palbociclib,0.0709219858156028
7.5045958,DiffCRISP,8.253845643997177,split2,B cells,Palbociclib,0.0709219858156028
7.3479657,DiffCRISP,8.253845643997177,split2,B cells,Palbociclib,0.0709219858156028
11.479708,DiffCRISP,8.253845643997177,split2,B cells,Palbociclib,0.0709219858156028
2.2819817,DiffCRISP,8.253845643997177,split2,B cells,Palbociclib,0.0709219858156028
9.752157,DiffCRISP,8.253845643997177,split2,B cells,Palbociclib,0.0709219858156028
6.0820427,DiffCRISP,8.253845643997177,split2,B cells,Palbociclib,0.0709219858156028
10.015845,DiffCRISP,8.253845643997177,split2,B cells,Palbociclib,0.0709219858156028
1.089406,DiffCRISP,8.253845643997177,split2,B cells,Palbociclib,0.0709219858156028
7.096829,DiffCRISP,8.253845643997177,split2,B cells,Palbociclib,0.0709219858156028
5.68728,DiffCRISP,8.253845643997177,split2,B cells,Palbociclib,0.0709219858156028
3.4926581,DiffCRISP,8.253845643997177,split2,B cells,Palbociclib,0.0709219858156028
6.961043,DiffCRISP,8.253845643997177,split2,B cells,Palbociclib,0.0709219858156028
9.365365,DiffCRISP,8.253845643997177,split2,B cells,Palbociclib,0.0709219858156028
-6.1794887,DiffCRISP,8.253845643997177,split2,B cells,Palbociclib,0.0709219858156028
8.763988,DiffCRISP,8.253845643997177,split2,B cells,Palbociclib,0.0709219858156028
8.345748,DiffCRISP,8.253845643997177,split2,B cells,Palbociclib,0.0709219858156028
8.247507,DiffCRISP,8.253845643997177,split2,B cells,Palbociclib,0.0709219858156028
6.42605,DiffCRISP,8.253845643997177,split2,B cells,Palbociclib,0.0709219858156028
4.083199,DiffCRISP,8.253845643997177,split2,B cells,Palbociclib,0.0709219858156028
9.622961,DiffCRISP,8.253845643997177,split2,B cells,Palbociclib,0.0709219858156028
6.9636245,DiffCRISP,8.253845643997177,split2,B cells,Palbociclib,0.0709219858156028
4.860833,DiffCRISP,8.253845643997177,split2,B cells,Palbociclib,0.0709219858156028
7.410703,DiffCRISP,8.253845643997177,split2,B cells,Palbociclib,0.0709219858156028
6.5854073,DiffCRISP,8.253845643997177,split2,B cells,Palbociclib,0.0709219858156028
3.3825762,DiffCRISP,8.253845643997177,split2,B cells,Palbociclib,0.0709219858156028
9.507179,DiffCRISP,8.253845643997177,split2,B cells,Palbociclib,0.0709219858156028
4.5513306,DiffCRISP,8.253845643997177,split2,B cells,Palbociclib,0.0709219858156028
7.25998,DiffCRISP,8.253845643997177,split2,B cells,Palbociclib,0.0709219858156028
7.5392313,DiffCRISP,8.253845643997177,split2,B cells,Palbociclib,0.0709219858156028
6.711265,DiffCRISP,8.253845643997177,split2,B cells,Palbociclib,0.0709219858156028
-0.57896364,DiffCRISP,8.253845643997177,split2,B cells,Palbociclib,0.0709219858156028
6.737919,DiffCRISP,8.253845643997177,split2,B cells,Palbociclib,0.0709219858156028
8.334684,DiffCRISP,8.253845643997177,split2,B cells,Palbociclib,0.0709219858156028
4.0218906,DiffCRISP,8.253845643997177,split2,B cells,Palbociclib,0.0709219858156028
3.63469,DiffCRISP,8.253845643997177,split2,B cells,Palbociclib,0.0709219858156028
9.610535,DiffCRISP,8.253845643997177,split2,B cells,Palbociclib,0.0709219858156028
5.466885,DiffCRISP,8.253845643997177,split2,B cells,Palbociclib,0.0709219858156028
8.99949,DiffCRISP,8.253845643997177,split2,B cells,Palbociclib,0.0709219858156028
4.751528,DiffCRISP,8.253845643997177,split2,B cells,Palbociclib,0.0709219858156028
5.5873,DiffCRISP,8.253845643997177,split2,B cells,Palbociclib,0.0709219858156028
6.6176224,DiffCRISP,8.253845643997177,split2,B cells,Palbociclib,0.0709219858156028
1.4632173,DiffCRISP,8.253845643997177,split2,B cells,Palbociclib,0.0709219858156028
9.0205345,DiffCRISP,8.253845643997177,split2,B cells,Palbociclib,0.0709219858156028
6.5414615,DiffCRISP,8.253845643997177,split2,B cells,Palbociclib,0.0709219858156028
-1.2216492,DiffCRISP,8.253845643997177,split2,B cells,Palbociclib,0.0709219858156028
10.14282,DiffCRISP,8.253845643997177,split2,B cells,Palbociclib,0.0709219858156028
8.584446,DiffCRISP,8.253845643997177,split2,B cells,Palbociclib,0.0709219858156028
7.2367535,DiffCRISP,8.253845643997177,split2,B cells,Palbociclib,0.0709219858156028
-5.2172284,DiffCRISP,8.253845643997177,split2,B cells,Palbociclib,0.0709219858156028
9.828721,DiffCRISP,8.253845643997177,split2,B cells,Palbociclib,0.0709219858156028
5.85876,DiffCRISP,8.253845643997177,split2,B cells,Palbociclib,0.0709219858156028
9.294277,DiffCRISP,8.253845643997177,split2,B cells,Palbociclib,0.0709219858156028
-2.347758,DiffCRISP,8.253845643997177,split2,B cells,Palbociclib,0.0709219858156028
5.3849235,DiffCRISP,8.253845643997177,split2,B cells,Palbociclib,0.0709219858156028
3.5554984,DiffCRISP,8.253845643997177,split2,B cells,Palbociclib,0.0709219858156028
6.86166,DiffCRISP,8.253845643997177,split2,B cells,Palbociclib,0.0709219858156028
7.7696595,DiffCRISP,8.253845643997177,split2,B cells,Palbociclib,0.0709219858156028
5.3804665,DiffCRISP,8.253845643997177,split2,B cells,Palbociclib,0.0709219858156028
7.3766327,DiffCRISP,8.253845643997177,split2,B cells,Palbociclib,0.0709219858156028
-0.95551735,DiffCRISP,8.253845643997177,split2,B cells,Palbociclib,0.0709219858156028
0.15726909,DiffCRISP,8.253845643997177,split2,B cells,Palbociclib,0.0709219858156028
8.857158,DiffCRISP,8.253845643997177,split2,B cells,Palbociclib,0.0709219858156028
7.6066246,DiffCRISP,8.253845643997177,split2,B cells,Palbociclib,0.0709219858156028
3.4000542,DiffCRISP,8.253845643997177,split2,B cells,Palbociclib,0.0709219858156028
8.367713,DiffCRISP,8.253845643997177,split2,B cells,Palbociclib,0.0709219858156028
3.8587546,DiffCRISP,8.253845643997177,split2,B cells,Palbociclib,0.0709219858156028
9.094573,DiffCRISP,8.253845643997177,split2,B cells,Palbociclib,0.0709219858156028
8.242255,DiffCRISP,8.253845643997177,split2,B cells,Palbociclib,0.0709219858156028
-0.57840943,DiffCRISP,8.253845643997177,split2,B cells,Palbociclib,0.0709219858156028
7.059682,DiffCRISP,8.253845643997177,split2,B cells,Palbociclib,0.0709219858156028
5.3086,DiffCRISP,8.253845643997177,split2,B cells,Palbociclib,0.0709219858156028
3.0218801,DiffCRISP,8.253845643997177,split2,B cells,Palbociclib,0.0709219858156028
5.868583,DiffCRISP,8.253845643997177,split2,B cells,Palbociclib,0.0709219858156028
9.881285,DiffCRISP,8.253845643997177,split2,B cells,Palbociclib,0.0709219858156028
7.782914,DiffCRISP,8.253845643997177,split2,B cells,Palbociclib,0.0709219858156028
8.663356,DiffCRISP,8.253845643997177,split2,B cells,Palbociclib,0.0709219858156028
10.11614,DiffCRISP,8.253845643997177,split2,B cells,Palbociclib,0.0709219858156028
9.023547,DiffCRISP,8.253845643997177,split2,B cells,Palbociclib,0.0709219858156028
2.9172177,DiffCRISP,8.253845643997177,split2,B cells,Palbociclib,0.0709219858156028
9.35171,DiffCRISP,8.253845643997177,split2,B cells,Palbociclib,0.0709219858156028
4.8694215,DiffCRISP,8.253845643997177,split2,B cells,Palbociclib,0.0709219858156028
3.8982313,DiffCRISP,8.253845643997177,split2,B cells,Palbociclib,0.0709219858156028
8.264804,DiffCRISP,8.253845643997177,split2,B cells,Palbociclib,0.0709219858156028
5.2238784,DiffCRISP,8.253845643997177,split2,B cells,Palbociclib,0.0709219858156028
3.7090416,DiffCRISP,8.253845643997177,split2,B cells,Palbociclib,0.0709219858156028
0.39018363,DiffCRISP,8.253845643997177,split2,B cells,Palbociclib,0.0709219858156028
3.0184202,DiffCRISP,8.253845643997177,split2,B cells,Palbociclib,0.0709219858156028
7.3407173,DiffCRISP,8.253845643997177,split2,B cells,Palbociclib,0.0709219858156028
7.727231,DiffCRISP,8.253845643997177,split2,B cells,Palbociclib,0.0709219858156028
3.963643,DiffCRISP,8.253845643997177,split2,B cells,Palbociclib,0.0709219858156028
5.9997444,DiffCRISP,8.253845643997177,split2,B cells,Palbociclib,0.0709219858156028
6.756555,DiffCRISP,8.253845643997177,split2,B cells,Palbociclib,0.0709219858156028
1.3778446,DiffCRISP,8.253845643997177,split2,B cells,Palbociclib,0.0709219858156028
10.723325,DiffCRISP,8.253845643997177,split2,B cells,Palbociclib,0.0709219858156028
5.7120233,DiffCRISP,8.253845643997177,split2,B cells,Palbociclib,0.0709219858156028
0.6404353,DiffCRISP,8.253845643997177,split2,B cells,Palbociclib,0.0709219858156028
5.6191683,DiffCRISP,8.253845643997177,split2,B cells,Palbociclib,0.0709219858156028
7.8367558,DiffCRISP,8.253845643997177,split2,B cells,Palbociclib,0.0709219858156028
2.8770185,DiffCRISP,8.253845643997177,split2,B cells,Palbociclib,0.0709219858156028
8.520065,DiffCRISP,8.253845643997177,split2,B cells,Palbociclib,0.0709219858156028
-3.3694613,DiffCRISP,8.253845643997177,split2,B cells,Palbociclib,0.0709219858156028
-3.0511363,DiffCRISP,8.253845643997177,split2,B cells,Palbociclib,0.0709219858156028
9.300257,DiffCRISP,8.253845643997177,split2,B cells,Palbociclib,0.0709219858156028
8.46583,DiffCRISP,8.253845643997177,split2,B cells,Palbociclib,0.0709219858156028
9.034724,DiffCRISP,8.253845643997177,split2,B cells,Palbociclib,0.0709219858156028
10.697513,DiffCRISP,8.253845643997177,split2,B cells,Palbociclib,0.0709219858156028
7.45892,DiffCRISP,8.253845643997177,split2,B cells,Palbociclib,0.0709219858156028
8.5099535,DiffCRISP,8.253845643997177,split2,B cells,Palbociclib,0.0709219858156028
-1.5459659,DiffCRISP,8.253845643997177,split2,B cells,Palbociclib,0.0709219858156028
5.6559963,DiffCRISP,8.253845643997177,split2,B cells,Palbociclib,0.0709219858156028
-2.6871412,DiffCRISP,8.253845643997177,split2,B cells,Palbociclib,0.0709219858156028
8.501088,DiffCRISP,8.253845643997177,split2,B cells,Palbociclib,0.0709219858156028
6.5364914,DiffCRISP,8.253845643997177,split2,B cells,Palbociclib,0.0709219858156028
6.9129567,DiffCRISP,8.253845643997177,split2,B cells,Palbociclib,0.0709219858156028
3.963332,DiffCRISP,8.253845643997177,split2,B cells,Palbociclib,0.0709219858156028
4.6343527,DiffCRISP,8.253845643997177,split2,B cells,Palbociclib,0.0709219858156028
1.8642459,DiffCRISP,8.253845643997177,split2,B cells,Palbociclib,0.0709219858156028
9.502809,DiffCRISP,8.253845643997177,split2,B cells,Palbociclib,0.0709219858156028
2.0213628,DiffCRISP,8.253845643997177,split2,B cells,Palbociclib,0.0709219858156028
7.5418434,DiffCRISP,8.253845643997177,split2,B cells,Palbociclib,0.0709219858156028
2.6740942,DiffCRISP,8.253845643997177,split2,B cells,Palbociclib,0.0709219858156028
2.901369,DiffCRISP,8.253845643997177,split2,B cells,Palbociclib,0.0709219858156028
2.0071197,DiffCRISP,8.253845643997177,split2,B cells,Palbociclib,0.0709219858156028
6.65364,DiffCRISP,8.253845643997177,split2,B cells,Palbociclib,0.0709219858156028
9.498903,DiffCRISP,8.253845643997177,split2,B cells,Palbociclib,0.0709219858156028
10.391932,DiffCRISP,8.253845643997177,split2,B cells,Palbociclib,0.0709219858156028
10.271807,DiffCRISP,8.253845643997177,split2,B cells,Palbociclib,0.0709219858156028
3.830575,DiffCRISP,8.253845643997177,split2,B cells,Palbociclib,0.0709219858156028
8.497873,DiffCRISP,8.253845643997177,split2,B cells,Palbociclib,0.0709219858156028
9.957574,DiffCRISP,8.253845643997177,split2,B cells,Palbociclib,0.0709219858156028
2.102744,DiffCRISP,8.253845643997177,split2,B cells,Palbociclib,0.0709219858156028
6.6101046,DiffCRISP,8.253845643997177,split2,B cells,Palbociclib,0.0709219858156028
5.5034237,DiffCRISP,8.253845643997177,split2,B cells,Palbociclib,0.0709219858156028
4.112683,DiffCRISP,8.253845643997177,split2,B cells,Palbociclib,0.0709219858156028
10.017596,DiffCRISP,8.253845643997177,split2,B cells,Palbociclib,0.0709219858156028
9.046717,DiffCRISP,8.253845643997177,split2,B cells,Palbociclib,0.0709219858156028
5.233594,DiffCRISP,8.253845643997177,split2,B cells,Palbociclib,0.0709219858156028
10.819397,DiffCRISP,8.253845643997177,split2,B cells,Palbociclib,0.0709219858156028
5.0595126,DiffCRISP,8.253845643997177,split2,B cells,Palbociclib,0.0709219858156028
5.0692086,DiffCRISP,8.253845643997177,split2,B cells,Palbociclib,0.0709219858156028
9.353819,DiffCRISP,8.253845643997177,split2,B cells,Palbociclib,0.0709219858156028
8.55439,DiffCRISP,8.253845643997177,split2,B cells,Palbociclib,0.0709219858156028
1.4272821,DiffCRISP,8.253845643997177,split2,B cells,Palbociclib,0.0709219858156028
5.787606,DiffCRISP,8.253845643997177,split2,B cells,Palbociclib,0.0709219858156028
7.696391,DiffCRISP,8.253845643997177,split2,B cells,Palbociclib,0.0709219858156028
3.6327295,DiffCRISP,8.253845643997177,split2,B cells,Palbociclib,0.0709219858156028
6.043727,DiffCRISP,8.253845643997177,split2,B cells,Palbociclib,0.0709219858156028
-2.8743708,DiffCRISP,8.253845643997177,split2,B cells,Palbociclib,0.0709219858156028
7.298932,DiffCRISP,8.253845643997177,split2,B cells,Palbociclib,0.0709219858156028
2.7463984,DiffCRISP,8.253845643997177,split2,B cells,Palbociclib,0.0709219858156028
-1.2345936,DiffCRISP,8.253845643997177,split2,B cells,Palbociclib,0.0709219858156028
8.41629,DiffCRISP,8.253845643997177,split2,B cells,Palbociclib,0.0709219858156028
1.2138557,DiffCRISP,8.253845643997177,split2,B cells,Palbociclib,0.0709219858156028
5.470616,DiffCRISP,8.253845643997177,split2,B cells,Palbociclib,0.0709219858156028
5.2244835,DiffCRISP,8.253845643997177,split2,B cells,Palbociclib,0.0709219858156028
9.793157,DiffCRISP,8.253845643997177,split2,B cells,Palbociclib,0.0709219858156028
-0.3226432,DiffCRISP,8.253845643997177,split2,B cells,Palbociclib,0.0709219858156028
6.371268,DiffCRISP,8.253845643997177,split2,B cells,Palbociclib,0.0709219858156028
6.9713883,DiffCRISP,8.253845643997177,split2,B cells,Palbociclib,0.0709219858156028
8.4539795,DiffCRISP,8.253845643997177,split2,B cells,Palbociclib,0.0709219858156028
8.340575,DiffCRISP,8.253845643997177,split2,B cells,Palbociclib,0.0709219858156028
8.559437,DiffCRISP,8.253845643997177,split2,B cells,Palbociclib,0.0709219858156028
4.5336347,DiffCRISP,8.253845643997177,split2,B cells,Palbociclib,0.0709219858156028
8.022144,DiffCRISP,8.253845643997177,split2,B cells,Palbociclib,0.0709219858156028
0.20762125,DiffCRISP,8.253845643997177,split2,B cells,Palbociclib,0.0709219858156028
3.0603049,DiffCRISP,8.253845643997177,split2,B cells,Palbociclib,0.0709219858156028
6.350053,DiffCRISP,8.253845643997177,split2,B cells,Palbociclib,0.0709219858156028
6.7759047,DiffCRISP,8.253845643997177,split2,B cells,Palbociclib,0.0709219858156028
6.335287,DiffCRISP,8.253845643997177,split2,B cells,Palbociclib,0.0709219858156028
8.8480625,DiffCRISP,8.253845643997177,split2,B cells,Palbociclib,0.0709219858156028
8.802888,DiffCRISP,8.253845643997177,split2,B cells,Palbociclib,0.0709219858156028
1.0408288,DiffCRISP,8.253845643997177,split2,B cells,Palbociclib,0.0709219858156028
7.9735765,DiffCRISP,8.253845643997177,split2,B cells,Palbociclib,0.0709219858156028
6.638875,DiffCRISP,8.253845643997177,split2,B cells,Palbociclib,0.0709219858156028
9.71096,DiffCRISP,8.253845643997177,split2,B cells,Palbociclib,0.0709219858156028
9.62698,DiffCRISP,8.253845643997177,split2,B cells,Palbociclib,0.0709219858156028
7.891602,DiffCRISP,8.253845643997177,split2,B cells,Palbociclib,0.0709219858156028
8.327601,DiffCRISP,8.253845643997177,split2,B cells,Palbociclib,0.0709219858156028
9.632699,DiffCRISP,8.253845643997177,split2,B cells,Palbociclib,0.0709219858156028
4.860036,DiffCRISP,8.253845643997177,split2,B cells,Palbociclib,0.0709219858156028
11.487372,DiffCRISP,8.253845643997177,split2,B cells,Palbociclib,0.0709219858156028
8.245407,DiffCRISP,8.253845643997177,split2,B cells,Palbociclib,0.0709219858156028
7.031175,DiffCRISP,8.253845643997177,split2,B cells,Palbociclib,0.0709219858156028
3.1584632,DiffCRISP,8.253845643997177,split2,B cells,Palbociclib,0.0709219858156028
7.4609675,DiffCRISP,8.253845643997177,split2,B cells,Palbociclib,0.0709219858156028
-1.9484963,DiffCRISP,8.253845643997177,split2,B cells,Palbociclib,0.0709219858156028
3.5536292,DiffCRISP,8.253845643997177,split2,B cells,Palbociclib,0.0709219858156028
8.74843,DiffCRISP,8.253845643997177,split2,B cells,Palbociclib,0.0709219858156028
6.1591682,DiffCRISP,8.253845643997177,split2,B cells,Palbociclib,0.0709219858156028
4.4177384,DiffCRISP,8.253845643997177,split2,B cells,Palbociclib,0.0709219858156028
7.8993244,DiffCRISP,8.253845643997177,split2,B cells,Palbociclib,0.0709219858156028
8.062191,DiffCRISP,8.253845643997177,split2,B cells,Palbociclib,0.0709219858156028
1.4429636,DiffCRISP,8.253845643997177,split2,B cells,Palbociclib,0.0709219858156028
4.160176,DiffCRISP,8.253845643997177,split2,B cells,Palbociclib,0.0709219858156028
5.5862846,DiffCRISP,8.253845643997177,split2,B cells,Palbociclib,0.0709219858156028
6.9546065,DiffCRISP,8.253845643997177,split2,B cells,Palbociclib,0.0709219858156028
1.2412589,DiffCRISP,8.253845643997177,split2,B cells,Palbociclib,0.0709219858156028
7.538682,DiffCRISP,8.253845643997177,split2,B cells,Palbociclib,0.0709219858156028
5.3364286,DiffCRISP,8.253845643997177,split2,B cells,Palbociclib,0.0709219858156028
8.04168,DiffCRISP,8.253845643997177,split2,B cells,Palbociclib,0.0709219858156028
0.3732391,DiffCRISP,8.253845643997177,split2,B cells,Palbociclib,0.0709219858156028
8.898077,DiffCRISP,8.253845643997177,split2,B cells,Palbociclib,0.0709219858156028
10.790848,DiffCRISP,8.253845643997177,split2,B cells,Palbociclib,0.0709219858156028
6.8021836,DiffCRISP,8.253845643997177,split2,B cells,Palbociclib,0.0709219858156028
1.6807998,DiffCRISP,8.253845643997177,split2,B cells,Palbociclib,0.0709219858156028
3.0423942,DiffCRISP,8.253845643997177,split2,B cells,Palbociclib,0.0709219858156028
4.924289,DiffCRISP,8.253845643997177,split2,B cells,Palbociclib,0.0709219858156028
7.5716496,DiffCRISP,8.253845643997177,split2,B cells,Palbociclib,0.0709219858156028
-1.1666815,DiffCRISP,8.253845643997177,split2,B cells,Palbociclib,0.0709219858156028
5.370353,DiffCRISP,8.253845643997177,split2,B cells,Palbociclib,0.0709219858156028
7.2217484,DiffCRISP,8.253845643997177,split2,B cells,Palbociclib,0.0709219858156028
10.525405,DiffCRISP,8.253845643997177,split2,B cells,Palbociclib,0.0709219858156028
7.8813863,DiffCRISP,8.253845643997177,split2,B cells,Palbociclib,0.0709219858156028
0.29418603,DiffCRISP,8.253845643997177,split2,B cells,Palbociclib,0.0709219858156028
10.193412,DiffCRISP,8.253845643997177,split2,B cells,Palbociclib,0.0709219858156028
9.463366,DiffCRISP,8.253845643997177,split2,B cells,Palbociclib,0.0709219858156028
3.7234478,DiffCRISP,8.253845643997177,split2,B cells,Palbociclib,0.0709219858156028
7.298909,DiffCRISP,8.253845643997177,split2,B cells,Palbociclib,0.0709219858156028
7.049113,DiffCRISP,8.253845643997177,split2,B cells,Palbociclib,0.0709219858156028
5.465225,DiffCRISP,8.253845643997177,split2,B cells,Palbociclib,0.0709219858156028
2.0776246,DiffCRISP,8.253845643997177,split2,B cells,Palbociclib,0.0709219858156028
1.9456214,DiffCRISP,8.253845643997177,split2,B cells,Palbociclib,0.0709219858156028
5.6471677,DiffCRISP,8.253845643997177,split2,B cells,Palbociclib,0.0709219858156028
9.490557,DiffCRISP,8.253845643997177,split2,B cells,Palbociclib,0.0709219858156028
7.378211,DiffCRISP,8.253845643997177,split2,B cells,Palbociclib,0.0709219858156028
-4.5613666,DiffCRISP,8.253845643997177,split2,B cells,Palbociclib,0.0709219858156028
6.7739196,DiffCRISP,8.253845643997177,split2,B cells,Palbociclib,0.0709219858156028
-0.33318108,DiffCRISP,8.253845643997177,split2,B cells,Palbociclib,0.0709219858156028
9.440862,DiffCRISP,8.253845643997177,split2,B cells,Palbociclib,0.0709219858156028
8.94009,DiffCRISP,8.253845643997177,split2,B cells,Palbociclib,0.0709219858156028
-0.3458873,DiffCRISP,8.253845643997177,split2,B cells,Palbociclib,0.0709219858156028
3.5581896,DiffCRISP,8.253845643997177,split2,B cells,Palbociclib,0.0709219858156028
6.3898964,DiffCRISP,8.253845643997177,split2,B cells,Palbociclib,0.0709219858156028
10.306535,DiffCRISP,8.253845643997177,split2,B cells,Palbociclib,0.0709219858156028
6.704116,DiffCRISP,8.253845643997177,split2,B cells,Palbociclib,0.0709219858156028
5.089004,DiffCRISP,8.253845643997177,split2,B cells,Palbociclib,0.0709219858156028
7.0400887,DiffCRISP,8.253845643997177,split2,B cells,Palbociclib,0.0709219858156028
1.7626759,DiffCRISP,8.253845643997177,split2,B cells,Palbociclib,0.0709219858156028
6.871282,DiffCRISP,8.253845643997177,split2,B cells,Palbociclib,0.0709219858156028
7.1319456,DiffCRISP,8.253845643997177,split2,B cells,Palbociclib,0.0709219858156028
4.319915,DiffCRISP,8.253845643997177,split2,B cells,Palbociclib,0.0709219858156028
0.7510779,DiffCRISP,8.253845643997177,split2,B cells,Palbociclib,0.0709219858156028
4.46466,DiffCRISP,8.253845643997177,split2,B cells,Palbociclib,0.0709219858156028
6.0455985,DiffCRISP,8.253845643997177,split2,B cells,Palbociclib,0.0709219858156028
-3.058053,DiffCRISP,8.253845643997177,split2,B cells,Palbociclib,0.0709219858156028
6.783813,DiffCRISP,8.253845643997177,split2,B cells,Palbociclib,0.0709219858156028
6.5104146,DiffCRISP,8.253845643997177,split2,B cells,Palbociclib,0.0709219858156028
-1.8141583,DiffCRISP,8.253845643997177,split2,B cells,Palbociclib,0.0709219858156028
8.42222,DiffCRISP,8.253845643997177,split2,B cells,Palbociclib,0.0709219858156028
7.8600717,DiffCRISP,8.253845643997177,split2,B cells,Palbociclib,0.0709219858156028
9.484436,DiffCRISP,8.253845643997177,split2,B cells,Palbociclib,0.0709219858156028
4.1667194,DiffCRISP,8.253845643997177,split2,B cells,Palbociclib,0.0709219858156028
9.959926,DiffCRISP,8.253845643997177,split2,B cells,Palbociclib,0.0709219858156028
6.0032945,DiffCRISP,8.253845643997177,split2,B cells,Palbociclib,0.0709219858156028
8.289079,DiffCRISP,8.253845643997177,split2,B cells,Palbociclib,0.0709219858156028
9.997337,DiffCRISP,8.253845643997177,split2,B cells,Palbociclib,0.0709219858156028
8.343454,DiffCRISP,8.253845643997177,split2,B cells,Palbociclib,0.0709219858156028
5.6920295,DiffCRISP,8.253845643997177,split2,B cells,Palbociclib,0.0709219858156028
5.917876,DiffCRISP,8.253845643997177,split2,B cells,Palbociclib,0.0709219858156028
4.4705367,DiffCRISP,8.253845643997177,split2,B cells,Palbociclib,0.0709219858156028
3.7315257,DiffCRISP,8.253845643997177,split2,B cells,Palbociclib,0.0709219858156028
8.894694,DiffCRISP,8.253845643997177,split2,B cells,Palbociclib,0.0709219858156028
6.1758366,DiffCRISP,8.253845643997177,split2,B cells,Palbociclib,0.0709219858156028
3.8448799,DiffCRISP,8.253845643997177,split2,B cells,Palbociclib,0.0709219858156028
-0.07735193,DiffCRISP,8.253845643997177,split2,B cells,Palbociclib,0.0709219858156028
-3.659697,DiffCRISP,8.253845643997177,split2,B cells,Palbociclib,0.0709219858156028
8.628575,DiffCRISP,8.253845643997177,split2,B cells,Palbociclib,0.0709219858156028
9.62726,DiffCRISP,8.253845643997177,split2,B cells,Palbociclib,0.0709219858156028
7.5072646,DiffCRISP,8.253845643997177,split2,B cells,Palbociclib,0.0709219858156028
2.3024807,DiffCRISP,8.253845643997177,split2,B cells,Palbociclib,0.0709219858156028
3.666267,DiffCRISP,8.253845643997177,split2,B cells,Palbociclib,0.0709219858156028
3.9092855,DiffCRISP,8.253845643997177,split2,B cells,Palbociclib,0.0709219858156028
10.095213,DiffCRISP,8.253845643997177,split2,B cells,Palbociclib,0.0709219858156028
8.945119,DiffCRISP,8.253845643997177,split2,B cells,Palbociclib,0.0709219858156028
5.397625,DiffCRISP,8.253845643997177,split2,B cells,Palbociclib,0.0709219858156028
9.732382,DiffCRISP,8.253845643997177,split2,B cells,Palbociclib,0.0709219858156028
8.173788,DiffCRISP,8.253845643997177,split2,B cells,Palbociclib,0.0709219858156028
5.2577357,DiffCRISP,8.253845643997177,split2,B cells,Palbociclib,0.0709219858156028
10.282461,DiffCRISP,8.253845643997177,split2,B cells,Palbociclib,0.0709219858156028
6.9633665,DiffCRISP,8.253845643997177,split2,B cells,Palbociclib,0.0709219858156028
1.8019657,DiffCRISP,8.253845643997177,split2,B cells,Palbociclib,0.0709219858156028
8.096314,DiffCRISP,8.253845643997177,split2,B cells,Palbociclib,0.0709219858156028
10.568423,DiffCRISP,8.253845643997177,split2,B cells,Palbociclib,0.0709219858156028
8.589928,DiffCRISP,8.253845643997177,split2,B cells,Palbociclib,0.0709219858156028
8.880217,DiffCRISP,8.253845643997177,split2,B cells,Palbociclib,0.0709219858156028
4.310214,DiffCRISP,8.253845643997177,split2,B cells,Palbociclib,0.0709219858156028
8.665731,DiffCRISP,8.253845643997177,split2,B cells,Palbociclib,0.0709219858156028
6.4529696,DiffCRISP,8.253845643997177,split2,B cells,Palbociclib,0.0709219858156028
9.524394,DiffCRISP,8.253845643997177,split2,B cells,Palbociclib,0.0709219858156028
8.907439,DiffCRISP,8.253845643997177,split2,B cells,Palbociclib,0.0709219858156028
1.8969146,DiffCRISP,8.253845643997177,split2,B cells,Palbociclib,0.0709219858156028
7.8515267,DiffCRISP,8.253845643997177,split2,B cells,Palbociclib,0.0709219858156028
5.3044267,DiffCRISP,8.253845643997177,split2,B cells,Palbociclib,0.0709219858156028
3.9641569,DiffCRISP,8.253845643997177,split2,B cells,Palbociclib,0.0709219858156028
6.8008213,DiffCRISP,8.253845643997177,split2,B cells,Palbociclib,0.0709219858156028
8.769062,DiffCRISP,8.253845643997177,split2,B cells,Palbociclib,0.0709219858156028
5.5660057,DiffCRISP,8.253845643997177,split2,B cells,Palbociclib,0.0709219858156028
5.7565255,DiffCRISP,8.253845643997177,split2,B cells,Palbociclib,0.0709219858156028
9.075961,DiffCRISP,8.253845643997177,split2,B cells,Palbociclib,0.0709219858156028
8.9765215,DiffCRISP,8.253845643997177,split2,B cells,Palbociclib,0.0709219858156028
9.540996,DiffCRISP,8.253845643997177,split2,B cells,Palbociclib,0.0709219858156028
9.6705885,DiffCRISP,8.253845643997177,split2,B cells,Palbociclib,0.0709219858156028
5.832579,DiffCRISP,8.253845643997177,split2,B cells,Palbociclib,0.0709219858156028
6.7871437,DiffCRISP,8.253845643997177,split2,B cells,Palbociclib,0.0709219858156028
9.90934,DiffCRISP,8.253845643997177,split2,B cells,Palbociclib,0.0709219858156028
-0.53422964,DiffCRISP,8.253845643997177,split2,B cells,Palbociclib,0.0709219858156028
6.4970913,DiffCRISP,8.253845643997177,split2,B cells,Palbociclib,0.0709219858156028
7.015039,DiffCRISP,8.253845643997177,split2,B cells,Palbociclib,0.0709219858156028
9.004327,DiffCRISP,8.253845643997177,split2,B cells,Palbociclib,0.0709219858156028
10.558848,DiffCRISP,8.253845643997177,split2,B cells,Palbociclib,0.0709219858156028
8.37035,DiffCRISP,8.253845643997177,split2,B cells,Palbociclib,0.0709219858156028
1.7350706,DiffCRISP,8.253845643997177,split2,B cells,Palbociclib,0.0709219858156028
8.628489,DiffCRISP,8.253845643997177,split2,B cells,Palbociclib,0.0709219858156028
2.2799063,DiffCRISP,8.253845643997177,split2,B cells,Palbociclib,0.0709219858156028
6.046116,DiffCRISP,8.253845643997177,split2,B cells,Palbociclib,0.0709219858156028
10.614907,DiffCRISP,8.253845643997177,split2,B cells,Palbociclib,0.0709219858156028
9.001364,DiffCRISP,8.253845643997177,split2,B cells,Palbociclib,0.0709219858156028
7.1677594,DiffCRISP,8.253845643997177,split2,B cells,Palbociclib,0.0709219858156028
0.19146176,DiffCRISP,8.253845643997177,split2,B cells,Palbociclib,0.0709219858156028
9.602918,DiffCRISP,8.253845643997177,split2,B cells,Palbociclib,0.0709219858156028
4.6628256,DiffCRISP,8.253845643997177,split2,B cells,Palbociclib,0.0709219858156028
4.51409,DiffCRISP,8.253845643997177,split2,B cells,Palbociclib,0.0709219858156028
9.33177,DiffCRISP,8.253845643997177,split2,B cells,Palbociclib,0.0709219858156028
4.403821,DiffCRISP,8.253845643997177,split2,B cells,Palbociclib,0.0709219858156028
4.988691,DiffCRISP,8.253845643997177,split2,B cells,Palbociclib,0.0709219858156028
6.1316905,DiffCRISP,8.253845643997177,split2,B cells,Palbociclib,0.0709219858156028
8.087258,DiffCRISP,8.253845643997177,split2,B cells,Palbociclib,0.0709219858156028
6.5252023,DiffCRISP,8.253845643997177,split2,B cells,Palbociclib,0.0709219858156028
6.8650393,DiffCRISP,8.253845643997177,split2,B cells,Palbociclib,0.0709219858156028
7.8333015,DiffCRISP,8.253845643997177,split2,B cells,Palbociclib,0.0709219858156028
7.2247715,DiffCRISP,8.253845643997177,split2,B cells,Palbociclib,0.0709219858156028
4.2805376,DiffCRISP,8.253845643997177,split2,B cells,Palbociclib,0.0709219858156028
4.4383955,DiffCRISP,8.253845643997177,split2,B cells,Palbociclib,0.0709219858156028
11.025266,DiffCRISP,8.253845643997177,split2,B cells,Palbociclib,0.0709219858156028
10.951817,DiffCRISP,8.253845643997177,split2,B cells,Palbociclib,0.0709219858156028
8.552821,DiffCRISP,8.253845643997177,split2,B cells,Palbociclib,0.0709219858156028
7.337468,DiffCRISP,8.253845643997177,split2,B cells,Palbociclib,0.0709219858156028
2.1967304,DiffCRISP,8.253845643997177,split2,B cells,Palbociclib,0.0709219858156028
9.706431,DiffCRISP,8.253845643997177,split2,B cells,Palbociclib,0.0709219858156028
-1.4222101,DiffCRISP,8.253845643997177,split2,B cells,Palbociclib,0.0709219858156028
-3.8277738,DiffCRISP,8.253845643997177,split2,B cells,Palbociclib,0.0709219858156028
10.173015,DiffCRISP,8.253845643997177,split2,B cells,Palbociclib,0.0709219858156028
8.355855,DiffCRISP,8.253845643997177,split2,B cells,Palbociclib,0.0709219858156028
4.122609,DiffCRISP,8.253845643997177,split2,B cells,Palbociclib,0.0709219858156028
9.005451,DiffCRISP,8.253845643997177,split2,B cells,Palbociclib,0.0709219858156028
7.382827,DiffCRISP,8.253845643997177,split2,B cells,Palbociclib,0.0709219858156028
7.7759466,DiffCRISP,8.253845643997177,split2,B cells,Palbociclib,0.0709219858156028
5.4454174,DiffCRISP,8.253845643997177,split2,B cells,Palbociclib,0.0709219858156028
8.943865,DiffCRISP,8.253845643997177,split2,B cells,Palbociclib,0.0709219858156028
9.155652,DiffCRISP,8.253845643997177,split2,B cells,Palbociclib,0.0709219858156028
-3.141006,DiffCRISP,8.253845643997177,split2,B cells,Palbociclib,0.0709219858156028
6.070687,DiffCRISP,8.253845643997177,split2,B cells,Palbociclib,0.0709219858156028
8.894806,DiffCRISP,8.253845643997177,split2,B cells,Palbociclib,0.0709219858156028
9.1664295,DiffCRISP,8.253845643997177,split2,B cells,Palbociclib,0.0709219858156028
3.2465613,DiffCRISP,8.253845643997177,split2,B cells,Palbociclib,0.0709219858156028
9.870035,DiffCRISP,8.253845643997177,split2,B cells,Palbociclib,0.0709219858156028
10.234204,DiffCRISP,8.253845643997177,split2,B cells,Palbociclib,0.0709219858156028
1.815898,DiffCRISP,8.253845643997177,split2,B cells,Palbociclib,0.0709219858156028
6.8261557,DiffCRISP,8.253845643997177,split2,B cells,Palbociclib,0.0709219858156028
9.376162,DiffCRISP,8.253845643997177,split2,B cells,Palbociclib,0.0709219858156028
4.3342757,DiffCRISP,8.253845643997177,split2,B cells,Palbociclib,0.0709219858156028
10.285009,DiffCRISP,8.253845643997177,split2,B cells,Palbociclib,0.0709219858156028
5.2485847,DiffCRISP,8.253845643997177,split2,B cells,Palbociclib,0.0709219858156028
6.616866,DiffCRISP,8.253845643997177,split2,B cells,Palbociclib,0.0709219858156028
6.490726,DiffCRISP,8.253845643997177,split2,B cells,Palbociclib,0.0709219858156028
-4.821206,DiffCRISP,8.253845643997177,split2,B cells,Palbociclib,0.0709219858156028
6.6802177,DiffCRISP,8.253845643997177,split2,B cells,Palbociclib,0.0709219858156028
6.192751,DiffCRISP,8.253845643997177,split2,B cells,Palbociclib,0.0709219858156028
1.3880697,DiffCRISP,8.253845643997177,split2,B cells,Palbociclib,0.0709219858156028
7.5492945,DiffCRISP,8.253845643997177,split2,B cells,Palbociclib,0.0709219858156028
9.931974,DiffCRISP,8.253845643997177,split2,B cells,Palbociclib,0.0709219858156028
7.128234,DiffCRISP,8.253845643997177,split2,B cells,Palbociclib,0.0709219858156028
6.6941786,DiffCRISP,8.253845643997177,split2,B cells,Palbociclib,0.0709219858156028
9.609818,DiffCRISP,8.253845643997177,split2,B cells,Palbociclib,0.0709219858156028
8.976815,DiffCRISP,8.253845643997177,split2,B cells,Palbociclib,0.0709219858156028
6.121272,DiffCRISP,8.253845643997177,split2,B cells,Palbociclib,0.0709219858156028
4.3122416,DiffCRISP,8.253845643997177,split2,B cells,Palbociclib,0.0709219858156028
10.439074,DiffCRISP,8.253845643997177,split2,B cells,Palbociclib,0.0709219858156028
8.385319,DiffCRISP,8.253845643997177,split2,B cells,Palbociclib,0.0709219858156028
7.770602,DiffCRISP,8.253845643997177,split2,B cells,Palbociclib,0.0709219858156028
3.5818524,DiffCRISP,8.253845643997177,split2,B cells,Palbociclib,0.0709219858156028
4.561137,DiffCRISP,8.253845643997177,split2,B cells,Palbociclib,0.0709219858156028
11.448217,DiffCRISP,8.253845643997177,split2,B cells,Palbociclib,0.0709219858156028
8.973008,DiffCRISP,8.253845643997177,split2,B cells,Palbociclib,0.0709219858156028
4.2104654,DiffCRISP,8.253845643997177,split2,B cells,Palbociclib,0.0709219858156028
7.5744557,DiffCRISP,8.253845643997177,split2,B cells,Palbociclib,0.0709219858156028
9.211743,DiffCRISP,8.253845643997177,split2,B cells,Palbociclib,0.0709219858156028
6.329976,DiffCRISP,8.253845643997177,split2,B cells,Palbociclib,0.0709219858156028
9.07828,DiffCRISP,8.253845643997177,split2,B cells,Palbociclib,0.0709219858156028
4.9736013,DiffCRISP,8.253845643997177,split2,B cells,Palbociclib,0.0709219858156028
6.639698,DiffCRISP,8.253845643997177,split2,B cells,Palbociclib,0.0709219858156028
6.179222,DiffCRISP,8.253845643997177,split2,B cells,Palbociclib,0.0709219858156028
9.073426,DiffCRISP,8.253845643997177,split2,B cells,Palbociclib,0.0709219858156028
7.721808,DiffCRISP,8.253845643997177,split2,B cells,Palbociclib,0.0709219858156028
8.3,DiffCRISP,8.253845643997177,split2,B cells,Palbociclib,0.0709219858156028
6.857527,DiffCRISP,8.253845643997177,split2,B cells,Palbociclib,0.0709219858156028
5.5849323,DiffCRISP,8.253845643997177,split2,B cells,Palbociclib,0.0709219858156028
9.066948,DiffCRISP,8.253845643997177,split2,B cells,Palbociclib,0.0709219858156028
2.695914,DiffCRISP,8.253845643997177,split2,B cells,Palbociclib,0.0709219858156028
4.314702,DiffCRISP,8.253845643997177,split2,B cells,Palbociclib,0.0709219858156028
0.40504017,DiffCRISP,8.253845643997177,split2,B cells,Palbociclib,0.0709219858156028
10.726171,DiffCRISP,8.253845643997177,split2,B cells,Palbociclib,0.0709219858156028
8.470414,DiffCRISP,8.253845643997177,split2,B cells,Palbociclib,0.0709219858156028
-1.9152107,DiffCRISP,8.253845643997177,split2,B cells,Palbociclib,0.0709219858156028
6.882745,DiffCRISP,8.253845643997177,split2,B cells,Palbociclib,0.0709219858156028
8.710552,DiffCRISP,8.253845643997177,split2,B cells,Palbociclib,0.0709219858156028
10.046846,DiffCRISP,8.253845643997177,split2,B cells,Palbociclib,0.0709219858156028
10.333602,DiffCRISP,8.253845643997177,split2,B cells,Palbociclib,0.0709219858156028
6.678227,DiffCRISP,8.253845643997177,split2,B cells,Palbociclib,0.0709219858156028
3.4425945,DiffCRISP,8.253845643997177,split2,B cells,Palbociclib,0.0709219858156028
7.344932,DiffCRISP,8.253845643997177,split2,B cells,Palbociclib,0.0709219858156028
8.013231,DiffCRISP,8.253845643997177,split2,B cells,Palbociclib,0.0709219858156028
6.080073,DiffCRISP,8.253845643997177,split2,B cells,Palbociclib,0.0709219858156028
9.410772,DiffCRISP,8.253845643997177,split2,B cells,Palbociclib,0.0709219858156028
7.730243,DiffCRISP,8.253845643997177,split2,B cells,Palbociclib,0.0709219858156028
6.0509725,DiffCRISP,8.253845643997177,split2,B cells,Palbociclib,0.0709219858156028
9.926989,DiffCRISP,8.253845643997177,split2,B cells,Palbociclib,0.0709219858156028
10.671304,DiffCRISP,8.253845643997177,split2,B cells,Palbociclib,0.0709219858156028
9.677125,DiffCRISP,8.253845643997177,split2,B cells,Palbociclib,0.0709219858156028
3.2244272,DiffCRISP,8.253845643997177,split2,B cells,Palbociclib,0.0709219858156028
6.063998,DiffCRISP,8.253845643997177,split2,B cells,Palbociclib,0.0709219858156028
6.3883047,DiffCRISP,8.253845643997177,split2,B cells,Palbociclib,0.0709219858156028
3.0401046,DiffCRISP,8.253845643997177,split2,B cells,Palbociclib,0.0709219858156028
6.5517344,DiffCRISP,8.253845643997177,split2,B cells,Palbociclib,0.0709219858156028
7.3060102,DiffCRISP,8.253845643997177,split2,B cells,Palbociclib,0.0709219858156028
3.7145169,DiffCRISP,8.253845643997177,split2,B cells,Palbociclib,0.0709219858156028
7.3583217,DiffCRISP,8.253845643997177,split2,B cells,Palbociclib,0.0709219858156028
8.527693,DiffCRISP,8.253845643997177,split2,B cells,Palbociclib,0.0709219858156028
10.117406,DiffCRISP,8.253845643997177,split2,B cells,Palbociclib,0.0709219858156028
-2.8511362,DiffCRISP,8.253845643997177,split2,B cells,Palbociclib,0.0709219858156028
6.278686,DiffCRISP,8.253845643997177,split2,B cells,Palbociclib,0.0709219858156028
1.494256,DiffCRISP,8.253845643997177,split2,B cells,Palbociclib,0.0709219858156028
-1.6509695,DiffCRISP,8.253845643997177,split2,B cells,Palbociclib,0.0709219858156028
1.3509665,DiffCRISP,8.253845643997177,split2,B cells,Palbociclib,0.0709219858156028
5.582486,DiffCRISP,8.253845643997177,split2,B cells,Palbociclib,0.0709219858156028
-0.8070401,DiffCRISP,8.253845643997177,split2,B cells,Palbociclib,0.0709219858156028
7.8056693,DiffCRISP,8.253845643997177,split2,B cells,Palbociclib,0.0709219858156028
4.971778,DiffCRISP,8.253845643997177,split2,B cells,Palbociclib,0.0709219858156028
6.9808035,DiffCRISP,8.253845643997177,split2,B cells,Palbociclib,0.0709219858156028
5.904566,DiffCRISP,8.253845643997177,split2,B cells,Palbociclib,0.0709219858156028
-0.39633068,DiffCRISP,8.253845643997177,split2,B cells,Palbociclib,0.0709219858156028
6.4949055,DiffCRISP,8.253845643997177,split2,B cells,Palbociclib,0.0709219858156028
9.091485,DiffCRISP,8.253845643997177,split2,B cells,Palbociclib,0.0709219858156028
5.9429727,DiffCRISP,8.253845643997177,split2,B cells,Palbociclib,0.0709219858156028
9.223753,DiffCRISP,8.253845643997177,split2,B cells,Palbociclib,0.0709219858156028
9.608505,DiffCRISP,8.253845643997177,split2,B cells,Palbociclib,0.0709219858156028
4.742934,DiffCRISP,8.253845643997177,split2,B cells,Palbociclib,0.0709219858156028
9.976292,DiffCRISP,8.253845643997177,split2,B cells,Palbociclib,0.0709219858156028
7.981881,DiffCRISP,8.253845643997177,split2,B cells,Palbociclib,0.0709219858156028
9.261445,DiffCRISP,8.253845643997177,split2,B cells,Palbociclib,0.0709219858156028
0.47723842,DiffCRISP,8.253845643997177,split2,B cells,Palbociclib,0.0709219858156028
10.892892,DiffCRISP,8.253845643997177,split2,B cells,Palbociclib,0.0709219858156028
6.926672,DiffCRISP,8.253845643997177,split2,B cells,Palbociclib,0.0709219858156028
4.989426,DiffCRISP,8.253845643997177,split2,B cells,Palbociclib,0.0709219858156028
5.0131817,DiffCRISP,8.253845643997177,split2,B cells,Palbociclib,0.0709219858156028
9.463744,DiffCRISP,8.253845643997177,split2,B cells,Palbociclib,0.0709219858156028
9.245197,DiffCRISP,8.253845643997177,split2,B cells,Palbociclib,0.0709219858156028
5.94182,DiffCRISP,8.253845643997177,split2,B cells,Palbociclib,0.0709219858156028
5.5990934,DiffCRISP,8.253845643997177,split2,B cells,Palbociclib,0.0709219858156028
7.694507,DiffCRISP,8.253845643997177,split2,B cells,Palbociclib,0.0709219858156028
1.7973168,DiffCRISP,8.253845643997177,split2,B cells,Palbociclib,0.0709219858156028
0.7507254,DiffCRISP,8.253845643997177,split2,B cells,Palbociclib,0.0709219858156028
9.655057,DiffCRISP,8.253845643997177,split2,B cells,Palbociclib,0.0709219858156028
10.557452,DiffCRISP,8.253845643997177,split2,B cells,Palbociclib,0.0709219858156028
7.6748004,DiffCRISP,8.253845643997177,split2,B cells,Palbociclib,0.0709219858156028
9.395948,DiffCRISP,8.253845643997177,split2,B cells,Palbociclib,0.0709219858156028
8.120154,DiffCRISP,8.253845643997177,split2,B cells,Palbociclib,0.0709219858156028
8.005541,DiffCRISP,8.253845643997177,split2,B cells,Palbociclib,0.0709219858156028
6.5647316,DiffCRISP,8.253845643997177,split2,B cells,Palbociclib,0.0709219858156028
6.2809176,DiffCRISP,8.253845643997177,split2,B cells,Palbociclib,0.0709219858156028
1.7779044,DiffCRISP,8.253845643997177,split2,B cells,Palbociclib,0.0709219858156028
7.5025263,DiffCRISP,8.253845643997177,split2,B cells,Palbociclib,0.0709219858156028
3.5031087,DiffCRISP,8.253845643997177,split2,B cells,Palbociclib,0.0709219858156028
9.550138,DiffCRISP,8.253845643997177,split2,B cells,Palbociclib,0.0709219858156028
7.246596,DiffCRISP,8.253845643997177,split2,B cells,Palbociclib,0.0709219858156028
0.2279327,DiffCRISP,8.253845643997177,split2,B cells,Palbociclib,0.0709219858156028
8.832372,DiffCRISP,8.253845643997177,split2,B cells,Palbociclib,0.0709219858156028
9.235298,DiffCRISP,8.253845643997177,split2,B cells,Palbociclib,0.0709219858156028
-0.53589606,DiffCRISP,8.253845643997177,split2,B cells,Palbociclib,0.0709219858156028
10.189028,DiffCRISP,8.253845643997177,split2,B cells,Palbociclib,0.0709219858156028
2.054425,DiffCRISP,8.253845643997177,split2,B cells,Palbociclib,0.0709219858156028
3.9609456,DiffCRISP,8.253845643997177,split2,B cells,Palbociclib,0.0709219858156028
4.504575,DiffCRISP,8.253845643997177,split2,B cells,Palbociclib,0.0709219858156028
8.583322,DiffCRISP,8.253845643997177,split2,B cells,Palbociclib,0.0709219858156028
6.399592,DiffCRISP,8.253845643997177,split2,B cells,Palbociclib,0.0709219858156028
7.7102566,DiffCRISP,8.253845643997177,split2,B cells,Palbociclib,0.0709219858156028
8.917547,DiffCRISP,8.253845643997177,split2,B cells,Palbociclib,0.0709219858156028
8.949696,DiffCRISP,8.253845643997177,split2,B cells,Palbociclib,0.0709219858156028
5.6889663,DiffCRISP,8.253845643997177,split2,B cells,Palbociclib,0.0709219858156028
2.4239006,DiffCRISP,8.253845643997177,split2,B cells,Palbociclib,0.0709219858156028
6.9121604,DiffCRISP,8.253845643997177,split2,B cells,Palbociclib,0.0709219858156028
5.5652013,DiffCRISP,8.253845643997177,split2,B cells,Palbociclib,0.0709219858156028
8.545737,DiffCRISP,8.253845643997177,split2,B cells,Palbociclib,0.0709219858156028
7.4979506,DiffCRISP,8.253845643997177,split2,B cells,Palbociclib,0.0709219858156028
7.2185063,DiffCRISP,8.253845643997177,split2,B cells,Palbociclib,0.0709219858156028
8.565425,DiffCRISP,8.253845643997177,split2,B cells,Palbociclib,0.0709219858156028
3.3469417,DiffCRISP,8.253845643997177,split2,B cells,Palbociclib,0.0709219858156028
7.6849318,DiffCRISP,8.253845643997177,split2,B cells,Palbociclib,0.0709219858156028
8.410051,DiffCRISP,8.253845643997177,split2,B cells,Palbociclib,0.0709219858156028
9.226484,DiffCRISP,8.253845643997177,split2,B cells,Palbociclib,0.0709219858156028
-0.6728773,DiffCRISP,8.253845643997177,split2,B cells,Palbociclib,0.0709219858156028
7.903286,DiffCRISP,8.253845643997177,split2,B cells,Palbociclib,0.0709219858156028
7.9561715,DiffCRISP,8.253845643997177,split2,B cells,Palbociclib,0.0709219858156028
9.505658,DiffCRISP,8.253845643997177,split2,B cells,Palbociclib,0.0709219858156028
9.239479,DiffCRISP,8.253845643997177,split2,B cells,Palbociclib,0.0709219858156028
8.736487,DiffCRISP,8.253845643997177,split2,B cells,Palbociclib,0.0709219858156028
0.7145928,DiffCRISP,8.253845643997177,split2,B cells,Palbociclib,0.0709219858156028
4.717941,DiffCRISP,8.253845643997177,split2,B cells,Palbociclib,0.0709219858156028
2.1069198,DiffCRISP,8.253845643997177,split2,B cells,Palbociclib,0.0709219858156028
2.301183,DiffCRISP,8.253845643997177,split2,B cells,Palbociclib,0.0709219858156028
10.05633,DiffCRISP,8.253845643997177,split2,B cells,Palbociclib,0.0709219858156028
8.187555,DiffCRISP,8.253845643997177,split2,B cells,Palbociclib,0.0709219858156028
6.231398,DiffCRISP,8.253845643997177,split2,B cells,Palbociclib,0.0709219858156028
6.3453565,DiffCRISP,8.253845643997177,split2,B cells,Palbociclib,0.0709219858156028
5.999569,DiffCRISP,8.253845643997177,split2,B cells,Palbociclib,0.0709219858156028
9.232344,DiffCRISP,8.253845643997177,split2,B cells,Palbociclib,0.0709219858156028
8.246989,DiffCRISP,8.253845643997177,split2,B cells,Palbociclib,0.0709219858156028
9.138611,DiffCRISP,8.253845643997177,split2,B cells,Palbociclib,0.0709219858156028
4.0007167,DiffCRISP,8.253845643997177,split2,B cells,Palbociclib,0.0709219858156028
-3.243011,DiffCRISP,8.253845643997177,split2,B cells,Palbociclib,0.0709219858156028
6.6930904,DiffCRISP,8.253845643997177,split2,B cells,Palbociclib,0.0709219858156028
9.198346,DiffCRISP,8.253845643997177,split2,B cells,Palbociclib,0.0709219858156028
5.773222,DiffCRISP,8.253845643997177,split2,B cells,Palbociclib,0.0709219858156028
5.677432,DiffCRISP,8.253845643997177,split2,B cells,Palbociclib,0.0709219858156028
4.5930486,DiffCRISP,8.253845643997177,split2,B cells,Palbociclib,0.0709219858156028
4.984164,DiffCRISP,8.253845643997177,split2,B cells,Palbociclib,0.0709219858156028
8.119631,DiffCRISP,8.253845643997177,split2,B cells,Palbociclib,0.0709219858156028
10.268833,DiffCRISP,8.253845643997177,split2,B cells,Palbociclib,0.0709219858156028
8.719191,DiffCRISP,8.253845643997177,split2,B cells,Palbociclib,0.0709219858156028
9.84391,DiffCRISP,8.253845643997177,split2,B cells,Palbociclib,0.0709219858156028
5.2838616,DiffCRISP,8.253845643997177,split2,B cells,Palbociclib,0.0709219858156028
5.9528255,DiffCRISP,8.253845643997177,split2,B cells,Palbociclib,0.0709219858156028
5.017714,DiffCRISP,8.253845643997177,split2,B cells,Palbociclib,0.0709219858156028
8.581728,DiffCRISP,8.253845643997177,split2,B cells,Palbociclib,0.0709219858156028
4.792316,DiffCRISP,8.253845643997177,split2,B cells,Palbociclib,0.0709219858156028
2.7820005,DiffCRISP,8.253845643997177,split2,B cells,Palbociclib,0.0709219858156028
7.806746,DiffCRISP,8.253845643997177,split2,B cells,Palbociclib,0.0709219858156028
8.045553,DiffCRISP,8.253845643997177,split2,B cells,Palbociclib,0.0709219858156028
9.109612,DiffCRISP,8.253845643997177,split2,B cells,Palbociclib,0.0709219858156028
4.7146454,DiffCRISP,8.253845643997177,split2,B cells,Palbociclib,0.0709219858156028
1.6170518,DiffCRISP,8.253845643997177,split2,B cells,Palbociclib,0.0709219858156028
-4.482799,DiffCRISP,8.253845643997177,split2,B cells,Palbociclib,0.0709219858156028
3.4485607,DiffCRISP,8.253845643997177,split2,B cells,Palbociclib,0.0709219858156028
1.0133669,DiffCRISP,8.253845643997177,split2,B cells,Palbociclib,0.0709219858156028
6.692975,DiffCRISP,8.253845643997177,split2,B cells,Palbociclib,0.0709219858156028
5.306711,DiffCRISP,8.253845643997177,split2,B cells,Palbociclib,0.0709219858156028
2.106181,DiffCRISP,8.253845643997177,split2,B cells,Palbociclib,0.0709219858156028
7.0130253,DiffCRISP,8.253845643997177,split2,B cells,Palbociclib,0.0709219858156028
6.9985275,DiffCRISP,8.253845643997177,split2,B cells,Palbociclib,0.0709219858156028
9.319814,DiffCRISP,8.253845643997177,split2,B cells,Palbociclib,0.0709219858156028
-3.5584424,DiffCRISP,8.253845643997177,split2,B cells,Palbociclib,0.0709219858156028
7.9891186,DiffCRISP,8.253845643997177,split2,B cells,Palbociclib,0.0709219858156028
5.873138,DiffCRISP,8.253845643997177,split2,B cells,Palbociclib,0.0709219858156028
5.8226533,DiffCRISP,8.253845643997177,split2,B cells,Palbociclib,0.0709219858156028
4.241791,DiffCRISP,8.253845643997177,split2,B cells,Palbociclib,0.0709219858156028
3.720545,DiffCRISP,8.253845643997177,split2,B cells,Palbociclib,0.0709219858156028
7.933103,DiffCRISP,8.253845643997177,split2,B cells,Palbociclib,0.0709219858156028
8.690693,DiffCRISP,8.253845643997177,split2,B cells,Palbociclib,0.0709219858156028
8.417821,DiffCRISP,8.253845643997177,split2,B cells,Palbociclib,0.0709219858156028
6.7758455,DiffCRISP,8.253845643997177,split2,B cells,Palbociclib,0.0709219858156028
7.986927,DiffCRISP,8.253845643997177,split2,B cells,Palbociclib,0.0709219858156028
9.327567,DiffCRISP,8.253845643997177,split2,B cells,Palbociclib,0.0709219858156028
6.593135,DiffCRISP,8.253845643997177,split2,B cells,Palbociclib,0.0709219858156028
1.864553,DiffCRISP,8.253845643997177,split2,B cells,Palbociclib,0.0709219858156028
-1.4604359,DiffCRISP,8.253845643997177,split2,B cells,Palbociclib,0.0709219858156028
2.8923957,DiffCRISP,8.253845643997177,split2,B cells,Palbociclib,0.0709219858156028
7.489917,DiffCRISP,8.253845643997177,split2,B cells,Palbociclib,0.0709219858156028
7.474349,DiffCRISP,8.253845643997177,split2,B cells,Palbociclib,0.0709219858156028
2.812126,DiffCRISP,8.253845643997177,split2,B cells,Palbociclib,0.0709219858156028
10.1593275,DiffCRISP,8.253845643997177,split2,B cells,Palbociclib,0.0709219858156028
7.8904605,DiffCRISP,8.253845643997177,split2,B cells,Palbociclib,0.0709219858156028
9.987739,DiffCRISP,8.253845643997177,split2,B cells,Palbociclib,0.0709219858156028
9.134181,DiffCRISP,8.253845643997177,split2,B cells,Palbociclib,0.0709219858156028
-0.62072927,DiffCRISP,8.253845643997177,split2,B cells,Palbociclib,0.0709219858156028
7.037062,DiffCRISP,8.253845643997177,split2,B cells,Palbociclib,0.0709219858156028
9.586855,DiffCRISP,8.253845643997177,split2,B cells,Palbociclib,0.0709219858156028
7.778538,DiffCRISP,8.253845643997177,split2,B cells,Palbociclib,0.0709219858156028
7.1208525,DiffCRISP,8.253845643997177,split2,B cells,Palbociclib,0.0709219858156028
5.5697007,DiffCRISP,8.253845643997177,split2,B cells,Palbociclib,0.0709219858156028
-2.768248,DiffCRISP,8.253845643997177,split2,B cells,Palbociclib,0.0709219858156028
6.7801323,DiffCRISP,8.253845643997177,split2,B cells,Palbociclib,0.0709219858156028
1.0636122,DiffCRISP,8.253845643997177,split2,B cells,Palbociclib,0.0709219858156028
7.802705,DiffCRISP,8.253845643997177,split2,B cells,Palbociclib,0.0709219858156028
8.186218,DiffCRISP,8.253845643997177,split2,B cells,Palbociclib,0.0709219858156028
10.2339325,DiffCRISP,8.253845643997177,split2,B cells,Palbociclib,0.0709219858156028
10.541415,DiffCRISP,8.253845643997177,split2,B cells,Palbociclib,0.0709219858156028
10.593421,DiffCRISP,8.253845643997177,split2,B cells,Palbociclib,0.0709219858156028
3.40385,DiffCRISP,8.253845643997177,split2,B cells,Palbociclib,0.0709219858156028
3.8054998,DiffCRISP,8.253845643997177,split2,B cells,Palbociclib,0.0709219858156028
10.740591,DiffCRISP,8.253845643997177,split2,B cells,Palbociclib,0.0709219858156028
5.110658,DiffCRISP,8.253845643997177,split2,B cells,Palbociclib,0.0709219858156028
1.749351,DiffCRISP,8.253845643997177,split2,B cells,Palbociclib,0.0709219858156028
-3.6382499,DiffCRISP,8.253845643997177,split2,B cells,Palbociclib,0.0709219858156028
6.277989,DiffCRISP,8.253845643997177,split2,B cells,Palbociclib,0.0709219858156028
6.0968156,DiffCRISP,8.253845643997177,split2,B cells,Palbociclib,0.0709219858156028
10.003885,DiffCRISP,8.253845643997177,split2,B cells,Palbociclib,0.0709219858156028
5.8551683,DiffCRISP,8.253845643997177,split2,B cells,Palbociclib,0.0709219858156028
1.8700598,DiffCRISP,8.253845643997177,split2,B cells,Palbociclib,0.0709219858156028
4.303506,DiffCRISP,8.253845643997177,split2,B cells,Palbociclib,0.0709219858156028
9.002715,DiffCRISP,8.253845643997177,split2,B cells,Palbociclib,0.0709219858156028
10.441429,DiffCRISP,8.253845643997177,split2,B cells,Palbociclib,0.0709219858156028
4.501827,DiffCRISP,8.253845643997177,split2,B cells,Palbociclib,0.0709219858156028
9.233851,DiffCRISP,8.253845643997177,split2,B cells,Palbociclib,0.0709219858156028
9.455925,DiffCRISP,8.253845643997177,split2,B cells,Palbociclib,0.0709219858156028
7.4514675,DiffCRISP,8.253845643997177,split2,B cells,Palbociclib,0.0709219858156028
-0.013308156,DiffCRISP,8.253845643997177,split2,B cells,Palbociclib,0.0709219858156028
3.0317037,DiffCRISP,8.253845643997177,split2,B cells,Palbociclib,0.0709219858156028
1.9464172,DiffCRISP,8.253845643997177,split2,B cells,Palbociclib,0.0709219858156028
6.363557,DiffCRISP,8.253845643997177,split2,B cells,Palbociclib,0.0709219858156028
0.9438307,DiffCRISP,8.253845643997177,split2,B cells,Palbociclib,0.0709219858156028
9.175044,DiffCRISP,8.253845643997177,split2,B cells,Palbociclib,0.0709219858156028
3.312842,DiffCRISP,8.253845643997177,split2,B cells,Palbociclib,0.0709219858156028
5.4582295,DiffCRISP,8.253845643997177,split2,B cells,Palbociclib,0.0709219858156028
7.1931443,DiffCRISP,8.253845643997177,split2,B cells,Palbociclib,0.0709219858156028
6.330955,DiffCRISP,8.253845643997177,split2,B cells,Palbociclib,0.0709219858156028
7.1756516,DiffCRISP,8.253845643997177,split2,B cells,Palbociclib,0.0709219858156028
7.088678,DiffCRISP,8.253845643997177,split2,B cells,Palbociclib,0.0709219858156028
3.7758503,DiffCRISP,8.253845643997177,split2,B cells,Palbociclib,0.0709219858156028
-2.2757895,DiffCRISP,8.253845643997177,split2,B cells,Palbociclib,0.0709219858156028
6.201829,DiffCRISP,8.253845643997177,split2,B cells,Palbociclib,0.0709219858156028
7.9964466,DiffCRISP,8.253845643997177,split2,B cells,Palbociclib,0.0709219858156028
2.9789004,DiffCRISP,8.253845643997177,split2,B cells,Palbociclib,0.0709219858156028
9.293818,DiffCRISP,8.253845643997177,split2,B cells,Palbociclib,0.0709219858156028
9.427202,DiffCRISP,8.253845643997177,split2,B cells,Palbociclib,0.0709219858156028
6.927148,DiffCRISP,8.253845643997177,split2,B cells,Palbociclib,0.0709219858156028
9.219184,DiffCRISP,8.253845643997177,split2,B cells,Palbociclib,0.0709219858156028
5.4341536,DiffCRISP,8.253845643997177,split2,B cells,Palbociclib,0.0709219858156028
9.748972,DiffCRISP,8.253845643997177,split2,B cells,Palbociclib,0.0709219858156028
6.567111,DiffCRISP,8.253845643997177,split2,B cells,Palbociclib,0.0709219858156028
6.330592,DiffCRISP,8.253845643997177,split2,B cells,Palbociclib,0.0709219858156028
7.5825896,DiffCRISP,8.253845643997177,split2,B cells,Palbociclib,0.0709219858156028
5.9280357,DiffCRISP,8.253845643997177,split2,B cells,Palbociclib,0.0709219858156028
5.101641,DiffCRISP,8.253845643997177,split2,B cells,Palbociclib,0.0709219858156028
3.9268637,DiffCRISP,8.253845643997177,split2,B cells,Palbociclib,0.0709219858156028
-3.798219,DiffCRISP,8.253845643997177,split2,B cells,Palbociclib,0.0709219858156028
7.830129,DiffCRISP,8.253845643997177,split2,B cells,Palbociclib,0.0709219858156028
8.794313,DiffCRISP,8.253845643997177,split2,B cells,Palbociclib,0.0709219858156028
4.770994,DiffCRISP,8.253845643997177,split2,B cells,Palbociclib,0.0709219858156028
6.084839,DiffCRISP,8.253845643997177,split2,B cells,Palbociclib,0.0709219858156028
8.4775715,DiffCRISP,8.253845643997177,split2,B cells,Palbociclib,0.0709219858156028
9.838802,DiffCRISP,8.253845643997177,split2,B cells,Palbociclib,0.0709219858156028
9.563144,DiffCRISP,8.253845643997177,split2,B cells,Palbociclib,0.0709219858156028
1.4120158,DiffCRISP,8.253845643997177,split2,B cells,Palbociclib,0.0709219858156028
7.476666,DiffCRISP,8.253845643997177,split2,B cells,Palbociclib,0.0709219858156028
5.843887,DiffCRISP,8.253845643997177,split2,B cells,Palbociclib,0.0709219858156028
6.4582853,DiffCRISP,8.253845643997177,split2,B cells,Palbociclib,0.0709219858156028
7.5192604,DiffCRISP,8.253845643997177,split2,B cells,Palbociclib,0.0709219858156028
6.3860407,DiffCRISP,8.253845643997177,split2,B cells,Palbociclib,0.0709219858156028
8.981861,DiffCRISP,8.253845643997177,split2,B cells,Palbociclib,0.0709219858156028
1.8588582,DiffCRISP,8.253845643997177,split2,B cells,Palbociclib,0.0709219858156028
6.383422,DiffCRISP,8.253845643997177,split2,B cells,Palbociclib,0.0709219858156028
3.0560498,DiffCRISP,8.253845643997177,split2,B cells,Palbociclib,0.0709219858156028
8.856626,DiffCRISP,8.253845643997177,split2,B cells,Palbociclib,0.0709219858156028
5.5060906,DiffCRISP,8.253845643997177,split2,B cells,Palbociclib,0.0709219858156028
4.5258093,DiffCRISP,8.253845643997177,split2,B cells,Palbociclib,0.0709219858156028
6.6220536,DiffCRISP,8.253845643997177,split2,B cells,Palbociclib,0.0709219858156028
8.578507,DiffCRISP,8.253845643997177,split2,B cells,Palbociclib,0.0709219858156028
9.150227,DiffCRISP,8.253845643997177,split2,B cells,Palbociclib,0.0709219858156028
3.6306465,DiffCRISP,8.253845643997177,split2,B cells,Palbociclib,0.0709219858156028
9.062873,DiffCRISP,8.253845643997177,split2,B cells,Palbociclib,0.0709219858156028
7.7951503,DiffCRISP,8.253845643997177,split2,B cells,Palbociclib,0.0709219858156028
0.77187455,DiffCRISP,8.253845643997177,split2,B cells,Palbociclib,0.0709219858156028
9.002759,DiffCRISP,8.253845643997177,split2,B cells,Palbociclib,0.0709219858156028
8.887699,DiffCRISP,8.253845643997177,split2,B cells,Palbociclib,0.0709219858156028
-1.3774369,DiffCRISP,8.253845643997177,split2,B cells,Palbociclib,0.0709219858156028
-0.40391213,DiffCRISP,8.253845643997177,split2,B cells,Palbociclib,0.0709219858156028
3.991006,DiffCRISP,8.253845643997177,split2,B cells,Palbociclib,0.0709219858156028
4.9061112,DiffCRISP,8.253845643997177,split2,B cells,Palbociclib,0.0709219858156028
8.68056,DiffCRISP,8.253845643997177,split2,B cells,Palbociclib,0.0709219858156028
8.321667,DiffCRISP,8.253845643997177,split2,B cells,Palbociclib,0.0709219858156028
3.9927027,DiffCRISP,8.253845643997177,split2,B cells,Palbociclib,0.0709219858156028
9.978189,DiffCRISP,8.253845643997177,split2,B cells,Palbociclib,0.0709219858156028
-0.7482307,DiffCRISP,8.253845643997177,split2,B cells,Palbociclib,0.0709219858156028
1.5220386,DiffCRISP,8.253845643997177,split2,B cells,Palbociclib,0.0709219858156028
10.110927,DiffCRISP,8.253845643997177,split2,B cells,Palbociclib,0.0709219858156028
7.7884965,DiffCRISP,8.253845643997177,split2,B cells,Palbociclib,0.0709219858156028
1.3286363,DiffCRISP,8.253845643997177,split2,B cells,Palbociclib,0.0709219858156028
10.702421,DiffCRISP,8.253845643997177,split2,B cells,Palbociclib,0.0709219858156028
8.313834,DiffCRISP,8.253845643997177,split2,B cells,Palbociclib,0.0709219858156028
9.131779,DiffCRISP,8.253845643997177,split2,B cells,Palbociclib,0.0709219858156028
7.062633,DiffCRISP,8.253845643997177,split2,B cells,Palbociclib,0.0709219858156028
6.9841847,DiffCRISP,8.253845643997177,split2,B cells,Palbociclib,0.0709219858156028
7.374212,DiffCRISP,8.253845643997177,split2,B cells,Palbociclib,0.0709219858156028
6.740903,DiffCRISP,8.253845643997177,split2,B cells,Palbociclib,0.0709219858156028
9.060836,DiffCRISP,8.253845643997177,split2,B cells,Palbociclib,0.0709219858156028
9.353082,DiffCRISP,8.253845643997177,split2,B cells,Palbociclib,0.0709219858156028
0.84632665,DiffCRISP,8.253845643997177,split2,B cells,Palbociclib,0.0709219858156028
6.438982,DiffCRISP,8.253845643997177,split2,B cells,Palbociclib,0.0709219858156028
9.093049,DiffCRISP,8.253845643997177,split2,B cells,Palbociclib,0.0709219858156028
1.7126635,DiffCRISP,8.253845643997177,split2,B cells,Palbociclib,0.0709219858156028
10.348334,DiffCRISP,8.253845643997177,split2,B cells,Palbociclib,0.0709219858156028
0.21770951,DiffCRISP,8.253845643997177,split2,B cells,Palbociclib,0.0709219858156028
7.719254,DiffCRISP,8.253845643997177,split2,B cells,Palbociclib,0.0709219858156028
1.2173693,DiffCRISP,8.253845643997177,split2,B cells,Palbociclib,0.0709219858156028
2.4638758,DiffCRISP,8.253845643997177,split2,B cells,Palbociclib,0.0709219858156028
6.371338,DiffCRISP,8.253845643997177,split2,B cells,Palbociclib,0.0709219858156028
5.6374803,DiffCRISP,8.253845643997177,split2,B cells,Palbociclib,0.0709219858156028
9.391562,DiffCRISP,8.253845643997177,split2,B cells,Palbociclib,0.0709219858156028
8.857645,DiffCRISP,8.253845643997177,split2,B cells,Palbociclib,0.0709219858156028
4.995424,DiffCRISP,8.253845643997177,split2,B cells,Palbociclib,0.0709219858156028
8.311739,DiffCRISP,8.253845643997177,split2,B cells,Palbociclib,0.0709219858156028
9.004207,DiffCRISP,8.253845643997177,split2,B cells,Palbociclib,0.0709219858156028
8.22759,DiffCRISP,8.253845643997177,split2,B cells,Palbociclib,0.0709219858156028
8.949018,DiffCRISP,8.253845643997177,split2,B cells,Palbociclib,0.0709219858156028
8.124913,DiffCRISP,8.253845643997177,split2,B cells,Palbociclib,0.0709219858156028
5.2974753,DiffCRISP,8.253845643997177,split2,B cells,Palbociclib,0.0709219858156028
3.1656227,DiffCRISP,8.253845643997177,split2,B cells,Palbociclib,0.0709219858156028
3.9776776,DiffCRISP,8.253845643997177,split2,B cells,Palbociclib,0.0709219858156028
0.21117231,DiffCRISP,8.253845643997177,split2,B cells,Palbociclib,0.0709219858156028
6.9223065,DiffCRISP,8.253845643997177,split2,B cells,Palbociclib,0.0709219858156028
-3.8259916,DiffCRISP,8.253845643997177,split2,B cells,Palbociclib,0.0709219858156028
4.935532,DiffCRISP,8.253845643997177,split2,B cells,Palbociclib,0.0709219858156028
3.5919387,DiffCRISP,8.253845643997177,split2,B cells,Palbociclib,0.0709219858156028
6.797614,DiffCRISP,8.253845643997177,split2,B cells,Palbociclib,0.0709219858156028
-0.28335887,DiffCRISP,8.253845643997177,split2,B cells,Palbociclib,0.0709219858156028
-0.77205914,DiffCRISP,8.253845643997177,split2,B cells,Palbociclib,0.0709219858156028
1.9574834,DiffCRISP,8.253845643997177,split2,B cells,Palbociclib,0.0709219858156028
6.0945487,DiffCRISP,8.253845643997177,split2,B cells,Palbociclib,0.0709219858156028
3.3555791,DiffCRISP,8.253845643997177,split2,B cells,Palbociclib,0.0709219858156028
3.6210392,DiffCRISP,8.253845643997177,split2,B cells,Palbociclib,0.0709219858156028
7.53109,DiffCRISP,8.253845643997177,split2,B cells,Palbociclib,0.0709219858156028
9.024022,DiffCRISP,8.253845643997177,split2,B cells,Palbociclib,0.0709219858156028
-2.921774,DiffCRISP,8.253845643997177,split2,B cells,Palbociclib,0.0709219858156028
9.908317,DiffCRISP,8.253845643997177,split2,B cells,Palbociclib,0.0709219858156028
3.9677205,DiffCRISP,8.253845643997177,split2,B cells,Palbociclib,0.0709219858156028
9.517705,DiffCRISP,8.253845643997177,split2,B cells,Palbociclib,0.0709219858156028
7.414047,DiffCRISP,8.253845643997177,split2,B cells,Palbociclib,0.0709219858156028
4.418314,DiffCRISP,8.253845643997177,split2,B cells,Palbociclib,0.0709219858156028
4.4054055,DiffCRISP,8.253845643997177,split2,B cells,Palbociclib,0.0709219858156028
8.772232,DiffCRISP,8.253845643997177,split2,B cells,Palbociclib,0.0709219858156028
2.8127122,DiffCRISP,8.253845643997177,split2,B cells,Palbociclib,0.0709219858156028
7.137117,DiffCRISP,8.253845643997177,split2,B cells,Palbociclib,0.0709219858156028
-0.4392085,DiffCRISP,8.253845643997177,split2,B cells,Palbociclib,0.0709219858156028
4.632511,DiffCRISP,8.253845643997177,split2,B cells,Palbociclib,0.0709219858156028
-1.6333706,DiffCRISP,8.253845643997177,split2,B cells,Palbociclib,0.0709219858156028
5.171167,DiffCRISP,8.253845643997177,split2,B cells,Palbociclib,0.0709219858156028
6.6977024,DiffCRISP,8.253845643997177,split2,B cells,Palbociclib,0.0709219858156028
4.3636103,DiffCRISP,8.253845643997177,split2,B cells,Palbociclib,0.0709219858156028
4.1293316,DiffCRISP,8.253845643997177,split2,B cells,Palbociclib,0.0709219858156028
8.48704,DiffCRISP,8.253845643997177,split2,B cells,Palbociclib,0.0709219858156028
3.2208087,DiffCRISP,8.253845643997177,split2,B cells,Palbociclib,0.0709219858156028
4.3650875,DiffCRISP,8.253845643997177,split2,B cells,Palbociclib,0.0709219858156028
4.6331177,DiffCRISP,8.253845643997177,split2,B cells,Palbociclib,0.0709219858156028
1.608394,DiffCRISP,8.253845643997177,split2,B cells,Palbociclib,0.0709219858156028
7.4530516,DiffCRISP,8.253845643997177,split2,B cells,Palbociclib,0.0709219858156028
-1.1657645,DiffCRISP,8.253845643997177,split2,B cells,Palbociclib,0.0709219858156028
8.483789,DiffCRISP,8.253845643997177,split2,B cells,Palbociclib,0.0709219858156028
3.6443298,DiffCRISP,8.253845643997177,split2,B cells,Palbociclib,0.0709219858156028
4.983542,DiffCRISP,8.253845643997177,split2,B cells,Palbociclib,0.0709219858156028
7.01612,DiffCRISP,8.253845643997177,split2,B cells,Palbociclib,0.0709219858156028
6.654258,DiffCRISP,8.253845643997177,split2,B cells,Palbociclib,0.0709219858156028
7.9635477,DiffCRISP,8.253845643997177,split2,B cells,Palbociclib,0.0709219858156028
2.073935,DiffCRISP,8.253845643997177,split2,B cells,Palbociclib,0.0709219858156028
9.087428,DiffCRISP,8.253845643997177,split2,B cells,Palbociclib,0.0709219858156028
9.085518,DiffCRISP,8.253845643997177,split2,B cells,Palbociclib,0.0709219858156028
4.2631903,DiffCRISP,8.253845643997177,split2,B cells,Palbociclib,0.0709219858156028
-1.3938578,DiffCRISP,8.253845643997177,split2,B cells,Palbociclib,0.0709219858156028
9.434275,DiffCRISP,8.253845643997177,split2,B cells,Palbociclib,0.0709219858156028
10.203872,DiffCRISP,8.253845643997177,split2,B cells,Palbociclib,0.0709219858156028
7.1529713,DiffCRISP,8.253845643997177,split2,B cells,Palbociclib,0.0709219858156028
4.770821,DiffCRISP,8.253845643997177,split2,B cells,Palbociclib,0.0709219858156028
10.370718,DiffCRISP,8.253845643997177,split2,B cells,Palbociclib,0.0709219858156028
6.112603,DiffCRISP,8.253845643997177,split2,B cells,Palbociclib,0.0709219858156028
5.897928,DiffCRISP,8.253845643997177,split2,B cells,Palbociclib,0.0709219858156028
4.6869416,DiffCRISP,8.253845643997177,split2,B cells,Palbociclib,0.0709219858156028
6.9269376,DiffCRISP,8.253845643997177,split2,B cells,Palbociclib,0.0709219858156028
5.124692,DiffCRISP,8.253845643997177,split2,B cells,Palbociclib,0.0709219858156028
7.0440645,DiffCRISP,8.253845643997177,split2,B cells,Palbociclib,0.0709219858156028
7.2247996,DiffCRISP,8.253845643997177,split2,B cells,Palbociclib,0.0709219858156028
6.9996963,DiffCRISP,8.253845643997177,split2,B cells,Palbociclib,0.0709219858156028
6.528531,DiffCRISP,8.253845643997177,split2,B cells,Palbociclib,0.0709219858156028
8.017045,DiffCRISP,8.253845643997177,split2,B cells,Palbociclib,0.0709219858156028
7.6870384,DiffCRISP,8.253845643997177,split2,B cells,Palbociclib,0.0709219858156028
6.6259904,DiffCRISP,8.253845643997177,split2,B cells,Palbociclib,0.0709219858156028
8.497962,DiffCRISP,8.253845643997177,split2,B cells,Palbociclib,0.0709219858156028
3.8452215,DiffCRISP,8.253845643997177,split2,B cells,Palbociclib,0.0709219858156028
8.52388,DiffCRISP,8.253845643997177,split2,B cells,Palbociclib,0.0709219858156028
2.9699757,DiffCRISP,8.253845643997177,split2,B cells,Palbociclib,0.0709219858156028
8.883295,DiffCRISP,8.253845643997177,split2,B cells,Palbociclib,0.0709219858156028
9.882794,DiffCRISP,8.253845643997177,split2,B cells,Palbociclib,0.0709219858156028
9.357944,DiffCRISP,8.253845643997177,split2,B cells,Palbociclib,0.0709219858156028
7.4156194,DiffCRISP,8.253845643997177,split2,B cells,Palbociclib,0.0709219858156028
6.069942,DiffCRISP,8.253845643997177,split2,B cells,Palbociclib,0.0709219858156028
8.264089,DiffCRISP,8.253845643997177,split2,B cells,Palbociclib,0.0709219858156028
7.0195055,DiffCRISP,8.253845643997177,split2,B cells,Palbociclib,0.0709219858156028
4.547145,DiffCRISP,8.253845643997177,split2,B cells,Palbociclib,0.0709219858156028
8.240913,DiffCRISP,8.253845643997177,split2,B cells,Palbociclib,0.0709219858156028
9.912793,DiffCRISP,8.253845643997177,split2,B cells,Palbociclib,0.0709219858156028
9.767368,DiffCRISP,8.253845643997177,split2,B cells,Palbociclib,0.0709219858156028
9.608655,DiffCRISP,8.253845643997177,split2,B cells,Palbociclib,0.0709219858156028
8.479377,DiffCRISP,8.253845643997177,split2,B cells,Palbociclib,0.0709219858156028
3.7420754,DiffCRISP,8.253845643997177,split2,B cells,Palbociclib,0.0709219858156028
1.9186382,DiffCRISP,8.253845643997177,split2,B cells,Palbociclib,0.0709219858156028
3.688761,DiffCRISP,8.253845643997177,split2,B cells,Palbociclib,0.0709219858156028
1.6501256,DiffCRISP,8.253845643997177,split2,B cells,Palbociclib,0.0709219858156028
9.630869,DiffCRISP,8.253845643997177,split2,B cells,Palbociclib,0.0709219858156028
3.499758,DiffCRISP,8.253845643997177,split2,B cells,Palbociclib,0.0709219858156028
6.8656464,DiffCRISP,8.253845643997177,split2,B cells,Palbociclib,0.0709219858156028
10.081677,DiffCRISP,8.253845643997177,split2,B cells,Palbociclib,0.0709219858156028
5.586589,DiffCRISP,8.253845643997177,split2,B cells,Palbociclib,0.0709219858156028
6.8525314,DiffCRISP,8.253845643997177,split2,B cells,Palbociclib,0.0709219858156028
6.6307545,DiffCRISP,8.253845643997177,split2,B cells,Palbociclib,0.0709219858156028
4.999136,DiffCRISP,8.253845643997177,split2,B cells,Palbociclib,0.0709219858156028
6.010945,DiffCRISP,8.253845643997177,split2,B cells,Palbociclib,0.0709219858156028
1.1042401,DiffCRISP,8.253845643997177,split2,B cells,Palbociclib,0.0709219858156028
10.978662,DiffCRISP,8.253845643997177,split2,B cells,Palbociclib,0.0709219858156028
6.0992537,DiffCRISP,8.253845643997177,split2,B cells,Palbociclib,0.0709219858156028
5.1184983,DiffCRISP,8.253845643997177,split2,B cells,Palbociclib,0.0709219858156028
7.865179,DiffCRISP,8.253845643997177,split2,B cells,Palbociclib,0.0709219858156028
7.5234194,DiffCRISP,8.253845643997177,split2,B cells,Palbociclib,0.0709219858156028
2.361492,DiffCRISP,8.253845643997177,split2,B cells,Palbociclib,0.0709219858156028
6.337328,DiffCRISP,8.253845643997177,split2,B cells,Palbociclib,0.0709219858156028
10.267187,DiffCRISP,8.253845643997177,split2,B cells,Palbociclib,0.0709219858156028
4.2545547,DiffCRISP,8.253845643997177,split2,B cells,Palbociclib,0.0709219858156028
1.5283155,DiffCRISP,8.253845643997177,split2,B cells,Palbociclib,0.0709219858156028
6.3912616,DiffCRISP,8.253845643997177,split2,B cells,Palbociclib,0.0709219858156028
6.6775146,DiffCRISP,8.253845643997177,split2,B cells,Palbociclib,0.0709219858156028
6.4748054,DiffCRISP,8.253845643997177,split2,B cells,Palbociclib,0.0709219858156028
7.02606,DiffCRISP,8.253845643997177,split2,B cells,Palbociclib,0.0709219858156028
0.20652018,DiffCRISP,8.253845643997177,split2,B cells,Palbociclib,0.0709219858156028
2.2963696,DiffCRISP,8.253845643997177,split2,B cells,Palbociclib,0.0709219858156028
9.470125,DiffCRISP,8.253845643997177,split2,B cells,Palbociclib,0.0709219858156028
6.391424,DiffCRISP,8.253845643997177,split2,B cells,Palbociclib,0.0709219858156028
7.8351645,DiffCRISP,8.253845643997177,split2,B cells,Palbociclib,0.0709219858156028
10.90544,DiffCRISP,8.253845643997177,split2,B cells,Palbociclib,0.0709219858156028
5.9374976,DiffCRISP,8.253845643997177,split2,B cells,Palbociclib,0.0709219858156028
6.138904,DiffCRISP,8.253845643997177,split2,B cells,Palbociclib,0.0709219858156028
-2.6555028,DiffCRISP,8.253845643997177,split2,B cells,Palbociclib,0.0709219858156028
4.7033024,DiffCRISP,8.253845643997177,split2,B cells,Palbociclib,0.0709219858156028
-0.6846338,DiffCRISP,8.253845643997177,split2,B cells,Palbociclib,0.0709219858156028
4.8396225,DiffCRISP,8.253845643997177,split2,B cells,Palbociclib,0.0709219858156028
7.325012,DiffCRISP,8.253845643997177,split2,B cells,Palbociclib,0.0709219858156028
4.645744,DiffCRISP,8.253845643997177,split2,B cells,Palbociclib,0.0709219858156028
3.1268506,DiffCRISP,8.253845643997177,split2,B cells,Palbociclib,0.0709219858156028
-3.4974496,DiffCRISP,8.253845643997177,split2,B cells,Palbociclib,0.0709219858156028
8.697012,DiffCRISP,8.253845643997177,split2,B cells,Palbociclib,0.0709219858156028
7.1701536,DiffCRISP,8.253845643997177,split2,B cells,Palbociclib,0.0709219858156028
5.1014304,DiffCRISP,8.253845643997177,split2,B cells,Palbociclib,0.0709219858156028
6.205548,DiffCRISP,8.253845643997177,split2,B cells,Palbociclib,0.0709219858156028
10.503729,DiffCRISP,8.253845643997177,split2,B cells,Palbociclib,0.0709219858156028
8.4793415,DiffCRISP,8.253845643997177,split2,B cells,Palbociclib,0.0709219858156028
6.509631,DiffCRISP,8.253845643997177,split2,B cells,Palbociclib,0.0709219858156028
8.180037,DiffCRISP,8.253845643997177,split2,B cells,Palbociclib,0.0709219858156028
8.153303,DiffCRISP,8.253845643997177,split2,B cells,Palbociclib,0.0709219858156028
7.529594,DiffCRISP,8.253845643997177,split2,B cells,Palbociclib,0.0709219858156028
