score,group,threshold,split,cell_type,drug,dose
-3.814639,Control,6.522179150581359,split3,NK cells,Palbociclib,0.0709219858156028
0.3954587,Control,6.522179150581359,split3,NK cells,Palbociclib,0.0709219858156028
6.105013,Control,6.522179150581359,split3,NK cells,Palbociclib,0.0709219858156028
-0.77114,Control,6.522179150581359,split3,NK cells,Palbociclib,0.0709219858156028
5.261276,Control,6.522179150581359,split3,NK cells,Palbociclib,0.0709219858156028
-2.422347,Control,6.522179150581359,split3,NK cells,Palbociclib,0.0709219858156028
-7.7121854,Control,6.522179150581359,split3,NK cells,Palbociclib,0.0709219858156028
0.91974205,Control,6.522179150581359,split3,NK cells,Palbociclib,0.0709219858156028
-1.9688652,Control,6.522179150581359,split3,NK cells,Palbociclib,0.0709219858156028
-1.2247812,Control,6.522179150581359,split3,NK cells,Palbociclib,0.0709219858156028
-5.0695467,Control,6.522179150581359,split3,NK cells,Palbociclib,0.0709219858156028
-3.8399248,Control,6.522179150581359,split3,NK cells,Palbociclib,0.0709219858156028
4.735476,Control,6.522179150581359,split3,NK cells,Palbociclib,0.0709219858156028
2.0892863,Control,6.522179150581359,split3,NK cells,Palbociclib,0.0709219858156028
1.2743982,Control,6.522179150581359,split3,NK cells,Palbociclib,0.0709219858156028
4.391013,Control,6.522179150581359,split3,NK cells,Palbociclib,0.0709219858156028
2.349217,Control,6.522179150581359,split3,NK cells,Palbociclib,0.0709219858156028
2.8168178,Control,6.522179150581359,split3,NK cells,Palbociclib,0.0709219858156028
7.056307,Control,6.522179150581359,split3,NK cells,Palbociclib,0.0709219858156028
4.001066,Control,6.522179150581359,split3,NK cells,Palbociclib,0.0709219858156028
5.1683764,Control,6.522179150581359,split3,NK cells,Palbociclib,0.0709219858156028
4.7765803,Control,6.522179150581359,split3,NK cells,Palbociclib,0.0709219858156028
5.7711835,Control,6.522179150581359,split3,NK cells,Palbociclib,0.0709219858156028
-0.24244368,Control,6.522179150581359,split3,NK cells,Palbociclib,0.0709219858156028
-6.9849744,Control,6.522179150581359,split3,NK cells,Palbociclib,0.0709219858156028
2.5166042,Control,6.522179150581359,split3,NK cells,Palbociclib,0.0709219858156028
3.9604762,Control,6.522179150581359,split3,NK cells,Palbociclib,0.0709219858156028
0.36775267,Control,6.522179150581359,split3,NK cells,Palbociclib,0.0709219858156028
1.7992413,Control,6.522179150581359,split3,NK cells,Palbociclib,0.0709219858156028
-4.609906,Control,6.522179150581359,split3,NK cells,Palbociclib,0.0709219858156028
3.595382,Control,6.522179150581359,split3,NK cells,Palbociclib,0.0709219858156028
0.62891495,Control,6.522179150581359,split3,NK cells,Palbociclib,0.0709219858156028
-4.894137,Control,6.522179150581359,split3,NK cells,Palbociclib,0.0709219858156028
5.582328,Control,6.522179150581359,split3,NK cells,Palbociclib,0.0709219858156028
-0.31043342,Control,6.522179150581359,split3,NK cells,Palbociclib,0.0709219858156028
1.5182751,Control,6.522179150581359,split3,NK cells,Palbociclib,0.0709219858156028
0.5333072,Control,6.522179150581359,split3,NK cells,Palbociclib,0.0709219858156028
2.6864655,Control,6.522179150581359,split3,NK cells,Palbociclib,0.0709219858156028
1.002849,Control,6.522179150581359,split3,NK cells,Palbociclib,0.0709219858156028
0.53356993,Control,6.522179150581359,split3,NK cells,Palbociclib,0.0709219858156028
6.486048,Control,6.522179150581359,split3,NK cells,Palbociclib,0.0709219858156028
-3.1297128,Control,6.522179150581359,split3,NK cells,Palbociclib,0.0709219858156028
-8.305491,Control,6.522179150581359,split3,NK cells,Palbociclib,0.0709219858156028
4.590255,Control,6.522179150581359,split3,NK cells,Palbociclib,0.0709219858156028
1.0828406,Control,6.522179150581359,split3,NK cells,Palbociclib,0.0709219858156028
1.5201447,Control,6.522179150581359,split3,NK cells,Palbociclib,0.0709219858156028
0.19762683,Control,6.522179150581359,split3,NK cells,Palbociclib,0.0709219858156028
-6.8819237,Control,6.522179150581359,split3,NK cells,Palbociclib,0.0709219858156028
7.6114035,Control,6.522179150581359,split3,NK cells,Palbociclib,0.0709219858156028
0.5674759,Control,6.522179150581359,split3,NK cells,Palbociclib,0.0709219858156028
-4.9185786,Control,6.522179150581359,split3,NK cells,Palbociclib,0.0709219858156028
6.943372,Control,6.522179150581359,split3,NK cells,Palbociclib,0.0709219858156028
2.024538,Control,6.522179150581359,split3,NK cells,Palbociclib,0.0709219858156028
2.4781108,Control,6.522179150581359,split3,NK cells,Palbociclib,0.0709219858156028
-3.3887587,Control,6.522179150581359,split3,NK cells,Palbociclib,0.0709219858156028
3.0071173,Control,6.522179150581359,split3,NK cells,Palbociclib,0.0709219858156028
-3.4040055,Control,6.522179150581359,split3,NK cells,Palbociclib,0.0709219858156028
-3.4672527,Control,6.522179150581359,split3,NK cells,Palbociclib,0.0709219858156028
-0.7543865,Control,6.522179150581359,split3,NK cells,Palbociclib,0.0709219858156028
4.176159,Control,6.522179150581359,split3,NK cells,Palbociclib,0.0709219858156028
5.932873,Control,6.522179150581359,split3,NK cells,Palbociclib,0.0709219858156028
0.13866937,Control,6.522179150581359,split3,NK cells,Palbociclib,0.0709219858156028
-1.1334972,Control,6.522179150581359,split3,NK cells,Palbociclib,0.0709219858156028
-2.7651844,Control,6.522179150581359,split3,NK cells,Palbociclib,0.0709219858156028
-4.1805654,Control,6.522179150581359,split3,NK cells,Palbociclib,0.0709219858156028
-1.8994482,Control,6.522179150581359,split3,NK cells,Palbociclib,0.0709219858156028
-1.9145677,Control,6.522179150581359,split3,NK cells,Palbociclib,0.0709219858156028
3.1699374,Control,6.522179150581359,split3,NK cells,Palbociclib,0.0709219858156028
2.6536832,Control,6.522179150581359,split3,NK cells,Palbociclib,0.0709219858156028
6.943587,Control,6.522179150581359,split3,NK cells,Palbociclib,0.0709219858156028
2.353547,Control,6.522179150581359,split3,NK cells,Palbociclib,0.0709219858156028
5.1799717,Control,6.522179150581359,split3,NK cells,Palbociclib,0.0709219858156028
6.7587323,Control,6.522179150581359,split3,NK cells,Palbociclib,0.0709219858156028
-2.9206579,Control,6.522179150581359,split3,NK cells,Palbociclib,0.0709219858156028
4.5548406,Control,6.522179150581359,split3,NK cells,Palbociclib,0.0709219858156028
-5.917474,Control,6.522179150581359,split3,NK cells,Palbociclib,0.0709219858156028
1.2096213,Control,6.522179150581359,split3,NK cells,Palbociclib,0.0709219858156028
-0.33958995,Control,6.522179150581359,split3,NK cells,Palbociclib,0.0709219858156028
-2.925336,Control,6.522179150581359,split3,NK cells,Palbociclib,0.0709219858156028
-2.7782278,Control,6.522179150581359,split3,NK cells,Palbociclib,0.0709219858156028
1.8022362,Control,6.522179150581359,split3,NK cells,Palbociclib,0.0709219858156028
-1.9487753,Control,6.522179150581359,split3,NK cells,Palbociclib,0.0709219858156028
-2.560299,Control,6.522179150581359,split3,NK cells,Palbociclib,0.0709219858156028
0.31562656,Control,6.522179150581359,split3,NK cells,Palbociclib,0.0709219858156028
5.7223077,Control,6.522179150581359,split3,NK cells,Palbociclib,0.0709219858156028
1.8925737,Control,6.522179150581359,split3,NK cells,Palbociclib,0.0709219858156028
6.744857,Control,6.522179150581359,split3,NK cells,Palbociclib,0.0709219858156028
3.3798637,Control,6.522179150581359,split3,NK cells,Palbociclib,0.0709219858156028
-2.0857708,Control,6.522179150581359,split3,NK cells,Palbociclib,0.0709219858156028
-2.4639244,Control,6.522179150581359,split3,NK cells,Palbociclib,0.0709219858156028
-2.688467,Control,6.522179150581359,split3,NK cells,Palbociclib,0.0709219858156028
2.2389908,Control,6.522179150581359,split3,NK cells,Palbociclib,0.0709219858156028
-0.6200957,Control,6.522179150581359,split3,NK cells,Palbociclib,0.0709219858156028
2.400691,Control,6.522179150581359,split3,NK cells,Palbociclib,0.0709219858156028
-7.7042956,Control,6.522179150581359,split3,NK cells,Palbociclib,0.0709219858156028
3.700171,Control,6.522179150581359,split3,NK cells,Palbociclib,0.0709219858156028
-2.3497367,Control,6.522179150581359,split3,NK cells,Palbociclib,0.0709219858156028
5.323472,Control,6.522179150581359,split3,NK cells,Palbociclib,0.0709219858156028
-0.07859248,Control,6.522179150581359,split3,NK cells,Palbociclib,0.0709219858156028
-3.8307748,Control,6.522179150581359,split3,NK cells,Palbociclib,0.0709219858156028
-0.34058723,Control,6.522179150581359,split3,NK cells,Palbociclib,0.0709219858156028
2.3082538,Control,6.522179150581359,split3,NK cells,Palbociclib,0.0709219858156028
3.33054,Control,6.522179150581359,split3,NK cells,Palbociclib,0.0709219858156028
-2.1785772,Control,6.522179150581359,split3,NK cells,Palbociclib,0.0709219858156028
-2.1008348,Control,6.522179150581359,split3,NK cells,Palbociclib,0.0709219858156028
-3.7804303,Control,6.522179150581359,split3,NK cells,Palbociclib,0.0709219858156028
-8.612648,Control,6.522179150581359,split3,NK cells,Palbociclib,0.0709219858156028
4.384462,Control,6.522179150581359,split3,NK cells,Palbociclib,0.0709219858156028
4.5579576,Control,6.522179150581359,split3,NK cells,Palbociclib,0.0709219858156028
-0.43196023,Control,6.522179150581359,split3,NK cells,Palbociclib,0.0709219858156028
-1.6867899,Control,6.522179150581359,split3,NK cells,Palbociclib,0.0709219858156028
-1.6923764,Control,6.522179150581359,split3,NK cells,Palbociclib,0.0709219858156028
-1.1471144,Control,6.522179150581359,split3,NK cells,Palbociclib,0.0709219858156028
0.8632394,Control,6.522179150581359,split3,NK cells,Palbociclib,0.0709219858156028
3.842512,Control,6.522179150581359,split3,NK cells,Palbociclib,0.0709219858156028
2.21198,Control,6.522179150581359,split3,NK cells,Palbociclib,0.0709219858156028
0.80339867,Control,6.522179150581359,split3,NK cells,Palbociclib,0.0709219858156028
-7.0037932,Control,6.522179150581359,split3,NK cells,Palbociclib,0.0709219858156028
3.4755456,Control,6.522179150581359,split3,NK cells,Palbociclib,0.0709219858156028
-2.1787186,Control,6.522179150581359,split3,NK cells,Palbociclib,0.0709219858156028
-2.6730824,Control,6.522179150581359,split3,NK cells,Palbociclib,0.0709219858156028
0.3375876,Control,6.522179150581359,split3,NK cells,Palbociclib,0.0709219858156028
-6.831315,Control,6.522179150581359,split3,NK cells,Palbociclib,0.0709219858156028
-3.98074,Control,6.522179150581359,split3,NK cells,Palbociclib,0.0709219858156028
-0.5176358,Control,6.522179150581359,split3,NK cells,Palbociclib,0.0709219858156028
1.7277052,Control,6.522179150581359,split3,NK cells,Palbociclib,0.0709219858156028
0.062671155,Control,6.522179150581359,split3,NK cells,Palbociclib,0.0709219858156028
1.8325287,Control,6.522179150581359,split3,NK cells,Palbociclib,0.0709219858156028
-4.580767,Control,6.522179150581359,split3,NK cells,Palbociclib,0.0709219858156028
-2.9429564,Control,6.522179150581359,split3,NK cells,Palbociclib,0.0709219858156028
-2.4916809,Control,6.522179150581359,split3,NK cells,Palbociclib,0.0709219858156028
-1.3928072,Control,6.522179150581359,split3,NK cells,Palbociclib,0.0709219858156028
1.0482813,Control,6.522179150581359,split3,NK cells,Palbociclib,0.0709219858156028
-2.491486,Control,6.522179150581359,split3,NK cells,Palbociclib,0.0709219858156028
-0.026860058,Control,6.522179150581359,split3,NK cells,Palbociclib,0.0709219858156028
8.967123,Control,6.522179150581359,split3,NK cells,Palbociclib,0.0709219858156028
-4.7987623,Control,6.522179150581359,split3,NK cells,Palbociclib,0.0709219858156028
-2.5026028,Control,6.522179150581359,split3,NK cells,Palbociclib,0.0709219858156028
3.0607486,Control,6.522179150581359,split3,NK cells,Palbociclib,0.0709219858156028
3.3291857,Control,6.522179150581359,split3,NK cells,Palbociclib,0.0709219858156028
3.9884481,Control,6.522179150581359,split3,NK cells,Palbociclib,0.0709219858156028
1.2439543,Control,6.522179150581359,split3,NK cells,Palbociclib,0.0709219858156028
-2.648965,Control,6.522179150581359,split3,NK cells,Palbociclib,0.0709219858156028
-0.84814715,Control,6.522179150581359,split3,NK cells,Palbociclib,0.0709219858156028
-3.8256378,Control,6.522179150581359,split3,NK cells,Palbociclib,0.0709219858156028
2.1691678,Control,6.522179150581359,split3,NK cells,Palbociclib,0.0709219858156028
-0.20162547,Control,6.522179150581359,split3,NK cells,Palbociclib,0.0709219858156028
-6.864824,Control,6.522179150581359,split3,NK cells,Palbociclib,0.0709219858156028
0.9872165,Control,6.522179150581359,split3,NK cells,Palbociclib,0.0709219858156028
1.018121,Control,6.522179150581359,split3,NK cells,Palbociclib,0.0709219858156028
2.606595,Control,6.522179150581359,split3,NK cells,Palbociclib,0.0709219858156028
-0.3478688,Control,6.522179150581359,split3,NK cells,Palbociclib,0.0709219858156028
0.42951328,Control,6.522179150581359,split3,NK cells,Palbociclib,0.0709219858156028
0.023584247,Control,6.522179150581359,split3,NK cells,Palbociclib,0.0709219858156028
-1.5289929,Control,6.522179150581359,split3,NK cells,Palbociclib,0.0709219858156028
4.862744,Control,6.522179150581359,split3,NK cells,Palbociclib,0.0709219858156028
-4.265107,Control,6.522179150581359,split3,NK cells,Palbociclib,0.0709219858156028
2.2646544,Control,6.522179150581359,split3,NK cells,Palbociclib,0.0709219858156028
-1.3127725,Control,6.522179150581359,split3,NK cells,Palbociclib,0.0709219858156028
-1.4115523,Control,6.522179150581359,split3,NK cells,Palbociclib,0.0709219858156028
3.118555,Control,6.522179150581359,split3,NK cells,Palbociclib,0.0709219858156028
-0.17191553,Control,6.522179150581359,split3,NK cells,Palbociclib,0.0709219858156028
6.698635,Control,6.522179150581359,split3,NK cells,Palbociclib,0.0709219858156028
5.5012302,Control,6.522179150581359,split3,NK cells,Palbociclib,0.0709219858156028
2.58713,Control,6.522179150581359,split3,NK cells,Palbociclib,0.0709219858156028
-4.8708477,Control,6.522179150581359,split3,NK cells,Palbociclib,0.0709219858156028
0.44666612,Control,6.522179150581359,split3,NK cells,Palbociclib,0.0709219858156028
-0.14219677,Control,6.522179150581359,split3,NK cells,Palbociclib,0.0709219858156028
5.0592303,Control,6.522179150581359,split3,NK cells,Palbociclib,0.0709219858156028
-8.378406,Control,6.522179150581359,split3,NK cells,Palbociclib,0.0709219858156028
5.4890327,Control,6.522179150581359,split3,NK cells,Palbociclib,0.0709219858156028
5.037265,Control,6.522179150581359,split3,NK cells,Palbociclib,0.0709219858156028
0.22430217,Control,6.522179150581359,split3,NK cells,Palbociclib,0.0709219858156028
0.08021057,Control,6.522179150581359,split3,NK cells,Palbociclib,0.0709219858156028
-4.952703,Control,6.522179150581359,split3,NK cells,Palbociclib,0.0709219858156028
-6.077246,Control,6.522179150581359,split3,NK cells,Palbociclib,0.0709219858156028
-6.515075,Control,6.522179150581359,split3,NK cells,Palbociclib,0.0709219858156028
-5.7420354,Control,6.522179150581359,split3,NK cells,Palbociclib,0.0709219858156028
-3.7356353,Control,6.522179150581359,split3,NK cells,Palbociclib,0.0709219858156028
-2.8739161,Control,6.522179150581359,split3,NK cells,Palbociclib,0.0709219858156028
-7.988199,Control,6.522179150581359,split3,NK cells,Palbociclib,0.0709219858156028
-8.078838,Control,6.522179150581359,split3,NK cells,Palbociclib,0.0709219858156028
6.2529855,Control,6.522179150581359,split3,NK cells,Palbociclib,0.0709219858156028
-4.361259,Control,6.522179150581359,split3,NK cells,Palbociclib,0.0709219858156028
2.0064766,Control,6.522179150581359,split3,NK cells,Palbociclib,0.0709219858156028
0.49428046,Control,6.522179150581359,split3,NK cells,Palbociclib,0.0709219858156028
-5.0568714,Control,6.522179150581359,split3,NK cells,Palbociclib,0.0709219858156028
1.1974946,Control,6.522179150581359,split3,NK cells,Palbociclib,0.0709219858156028
0.95873475,Control,6.522179150581359,split3,NK cells,Palbociclib,0.0709219858156028
-9.020473,Control,6.522179150581359,split3,NK cells,Palbociclib,0.0709219858156028
-4.5916033,Control,6.522179150581359,split3,NK cells,Palbociclib,0.0709219858156028
2.3971572,Control,6.522179150581359,split3,NK cells,Palbociclib,0.0709219858156028
1.6497577,Control,6.522179150581359,split3,NK cells,Palbociclib,0.0709219858156028
-2.9255967,Control,6.522179150581359,split3,NK cells,Palbociclib,0.0709219858156028
-0.030733228,Control,6.522179150581359,split3,NK cells,Palbociclib,0.0709219858156028
4.2950478,Control,6.522179150581359,split3,NK cells,Palbociclib,0.0709219858156028
1.3697299,Control,6.522179150581359,split3,NK cells,Palbociclib,0.0709219858156028
3.8063078,Control,6.522179150581359,split3,NK cells,Palbociclib,0.0709219858156028
-1.3890789,Control,6.522179150581359,split3,NK cells,Palbociclib,0.0709219858156028
1.6302471,Control,6.522179150581359,split3,NK cells,Palbociclib,0.0709219858156028
-9.450519,Control,6.522179150581359,split3,NK cells,Palbociclib,0.0709219858156028
-4.215113,Control,6.522179150581359,split3,NK cells,Palbociclib,0.0709219858156028
1.0243747,Control,6.522179150581359,split3,NK cells,Palbociclib,0.0709219858156028
-4.4733586,Control,6.522179150581359,split3,NK cells,Palbociclib,0.0709219858156028
5.8836775,Control,6.522179150581359,split3,NK cells,Palbociclib,0.0709219858156028
4.736336,Control,6.522179150581359,split3,NK cells,Palbociclib,0.0709219858156028
5.561922,Control,6.522179150581359,split3,NK cells,Palbociclib,0.0709219858156028
-1.0541514,Control,6.522179150581359,split3,NK cells,Palbociclib,0.0709219858156028
3.9699526,Control,6.522179150581359,split3,NK cells,Palbociclib,0.0709219858156028
1.2541851,Control,6.522179150581359,split3,NK cells,Palbociclib,0.0709219858156028
-2.2542107,Control,6.522179150581359,split3,NK cells,Palbociclib,0.0709219858156028
3.0794473,Control,6.522179150581359,split3,NK cells,Palbociclib,0.0709219858156028
1.7369196,Control,6.522179150581359,split3,NK cells,Palbociclib,0.0709219858156028
2.9982867,Control,6.522179150581359,split3,NK cells,Palbociclib,0.0709219858156028
7.2487507,Control,6.522179150581359,split3,NK cells,Palbociclib,0.0709219858156028
-0.4682362,Control,6.522179150581359,split3,NK cells,Palbociclib,0.0709219858156028
-1.1737821,Control,6.522179150581359,split3,NK cells,Palbociclib,0.0709219858156028
5.1673093,Control,6.522179150581359,split3,NK cells,Palbociclib,0.0709219858156028
-6.458923,Control,6.522179150581359,split3,NK cells,Palbociclib,0.0709219858156028
0.4898405,Control,6.522179150581359,split3,NK cells,Palbociclib,0.0709219858156028
-2.500708,Control,6.522179150581359,split3,NK cells,Palbociclib,0.0709219858156028
3.548264,Control,6.522179150581359,split3,NK cells,Palbociclib,0.0709219858156028
-1.2998497,Control,6.522179150581359,split3,NK cells,Palbociclib,0.0709219858156028
0.81846976,Control,6.522179150581359,split3,NK cells,Palbociclib,0.0709219858156028
-2.365052,Control,6.522179150581359,split3,NK cells,Palbociclib,0.0709219858156028
-1.705266,Control,6.522179150581359,split3,NK cells,Palbociclib,0.0709219858156028
-0.25927997,Control,6.522179150581359,split3,NK cells,Palbociclib,0.0709219858156028
-5.951604,Control,6.522179150581359,split3,NK cells,Palbociclib,0.0709219858156028
2.0866294,Control,6.522179150581359,split3,NK cells,Palbociclib,0.0709219858156028
7.660817,Control,6.522179150581359,split3,NK cells,Palbociclib,0.0709219858156028
2.068044,Control,6.522179150581359,split3,NK cells,Palbociclib,0.0709219858156028
-3.2170196,Control,6.522179150581359,split3,NK cells,Palbociclib,0.0709219858156028
2.2287664,Control,6.522179150581359,split3,NK cells,Palbociclib,0.0709219858156028
-5.3513336,Control,6.522179150581359,split3,NK cells,Palbociclib,0.0709219858156028
-6.758932,Control,6.522179150581359,split3,NK cells,Palbociclib,0.0709219858156028
1.6744698,Control,6.522179150581359,split3,NK cells,Palbociclib,0.0709219858156028
5.5310593,Control,6.522179150581359,split3,NK cells,Palbociclib,0.0709219858156028
3.4885306,Control,6.522179150581359,split3,NK cells,Palbociclib,0.0709219858156028
0.20132595,Control,6.522179150581359,split3,NK cells,Palbociclib,0.0709219858156028
-1.9411689,Control,6.522179150581359,split3,NK cells,Palbociclib,0.0709219858156028
1.6962899,Control,6.522179150581359,split3,NK cells,Palbociclib,0.0709219858156028
0.077200115,Control,6.522179150581359,split3,NK cells,Palbociclib,0.0709219858156028
0.34478885,Control,6.522179150581359,split3,NK cells,Palbociclib,0.0709219858156028
2.8373234,Control,6.522179150581359,split3,NK cells,Palbociclib,0.0709219858156028
2.3025675,Control,6.522179150581359,split3,NK cells,Palbociclib,0.0709219858156028
-7.3983006,Control,6.522179150581359,split3,NK cells,Palbociclib,0.0709219858156028
2.7288556,Control,6.522179150581359,split3,NK cells,Palbociclib,0.0709219858156028
2.479998,Control,6.522179150581359,split3,NK cells,Palbociclib,0.0709219858156028
1.4789373,Control,6.522179150581359,split3,NK cells,Palbociclib,0.0709219858156028
2.771384,Control,6.522179150581359,split3,NK cells,Palbociclib,0.0709219858156028
-6.3850617,Control,6.522179150581359,split3,NK cells,Palbociclib,0.0709219858156028
3.531198,Control,6.522179150581359,split3,NK cells,Palbociclib,0.0709219858156028
7.6270933,Control,6.522179150581359,split3,NK cells,Palbociclib,0.0709219858156028
1.0318475,Control,6.522179150581359,split3,NK cells,Palbociclib,0.0709219858156028
5.558672,Control,6.522179150581359,split3,NK cells,Palbociclib,0.0709219858156028
-5.681207,Control,6.522179150581359,split3,NK cells,Palbociclib,0.0709219858156028
2.0866895,Control,6.522179150581359,split3,NK cells,Palbociclib,0.0709219858156028
-3.843738,Control,6.522179150581359,split3,NK cells,Palbociclib,0.0709219858156028
1.5690521,Control,6.522179150581359,split3,NK cells,Palbociclib,0.0709219858156028
6.5216193,Control,6.522179150581359,split3,NK cells,Palbociclib,0.0709219858156028
-2.1122742,Control,6.522179150581359,split3,NK cells,Palbociclib,0.0709219858156028
5.5546155,Control,6.522179150581359,split3,NK cells,Palbociclib,0.0709219858156028
0.9627289,Control,6.522179150581359,split3,NK cells,Palbociclib,0.0709219858156028
0.9678207,Control,6.522179150581359,split3,NK cells,Palbociclib,0.0709219858156028
-0.32077873,Control,6.522179150581359,split3,NK cells,Palbociclib,0.0709219858156028
-7.293005,Control,6.522179150581359,split3,NK cells,Palbociclib,0.0709219858156028
-3.5045872,Control,6.522179150581359,split3,NK cells,Palbociclib,0.0709219858156028
1.0423806,Control,6.522179150581359,split3,NK cells,Palbociclib,0.0709219858156028
3.2093506,Control,6.522179150581359,split3,NK cells,Palbociclib,0.0709219858156028
5.9478445,Control,6.522179150581359,split3,NK cells,Palbociclib,0.0709219858156028
1.2918062,Control,6.522179150581359,split3,NK cells,Palbociclib,0.0709219858156028
-1.7997452,Control,6.522179150581359,split3,NK cells,Palbociclib,0.0709219858156028
-2.6917534,Control,6.522179150581359,split3,NK cells,Palbociclib,0.0709219858156028
-3.0351424,Control,6.522179150581359,split3,NK cells,Palbociclib,0.0709219858156028
3.364769,Control,6.522179150581359,split3,NK cells,Palbociclib,0.0709219858156028
5.055594,Control,6.522179150581359,split3,NK cells,Palbociclib,0.0709219858156028
-3.0290587,Control,6.522179150581359,split3,NK cells,Palbociclib,0.0709219858156028
2.7444959,Control,6.522179150581359,split3,NK cells,Palbociclib,0.0709219858156028
-0.98069066,Control,6.522179150581359,split3,NK cells,Palbociclib,0.0709219858156028
0.96001697,Control,6.522179150581359,split3,NK cells,Palbociclib,0.0709219858156028
-1.4387659,Control,6.522179150581359,split3,NK cells,Palbociclib,0.0709219858156028
-1.1812873,Control,6.522179150581359,split3,NK cells,Palbociclib,0.0709219858156028
2.059317,Control,6.522179150581359,split3,NK cells,Palbociclib,0.0709219858156028
0.34811026,Control,6.522179150581359,split3,NK cells,Palbociclib,0.0709219858156028
4.0677633,Control,6.522179150581359,split3,NK cells,Palbociclib,0.0709219858156028
5.7077107,Control,6.522179150581359,split3,NK cells,Palbociclib,0.0709219858156028
-2.1784158,Control,6.522179150581359,split3,NK cells,Palbociclib,0.0709219858156028
1.549185,Control,6.522179150581359,split3,NK cells,Palbociclib,0.0709219858156028
5.293677,Control,6.522179150581359,split3,NK cells,Palbociclib,0.0709219858156028
-5.368227,Control,6.522179150581359,split3,NK cells,Palbociclib,0.0709219858156028
-0.5177574,Control,6.522179150581359,split3,NK cells,Palbociclib,0.0709219858156028
2.3807602,Control,6.522179150581359,split3,NK cells,Palbociclib,0.0709219858156028
-2.0573897,Control,6.522179150581359,split3,NK cells,Palbociclib,0.0709219858156028
2.1375527,Control,6.522179150581359,split3,NK cells,Palbociclib,0.0709219858156028
-6.0834327,Control,6.522179150581359,split3,NK cells,Palbociclib,0.0709219858156028
7.887425,Control,6.522179150581359,split3,NK cells,Palbociclib,0.0709219858156028
-2.5014167,Control,6.522179150581359,split3,NK cells,Palbociclib,0.0709219858156028
-2.132472,Control,6.522179150581359,split3,NK cells,Palbociclib,0.0709219858156028
-1.5806541,Control,6.522179150581359,split3,NK cells,Palbociclib,0.0709219858156028
4.2114234,Control,6.522179150581359,split3,NK cells,Palbociclib,0.0709219858156028
1.0773041,Control,6.522179150581359,split3,NK cells,Palbociclib,0.0709219858156028
-4.6993856,Control,6.522179150581359,split3,NK cells,Palbociclib,0.0709219858156028
3.1682098,Control,6.522179150581359,split3,NK cells,Palbociclib,0.0709219858156028
-0.43268055,Control,6.522179150581359,split3,NK cells,Palbociclib,0.0709219858156028
-5.782977,Control,6.522179150581359,split3,NK cells,Palbociclib,0.0709219858156028
0.5852583,Control,6.522179150581359,split3,NK cells,Palbociclib,0.0709219858156028
8.792752,Control,6.522179150581359,split3,NK cells,Palbociclib,0.0709219858156028
2.7376857,Control,6.522179150581359,split3,NK cells,Palbociclib,0.0709219858156028
0.5934767,Control,6.522179150581359,split3,NK cells,Palbociclib,0.0709219858156028
0.9796228,Control,6.522179150581359,split3,NK cells,Palbociclib,0.0709219858156028
2.8513522,Control,6.522179150581359,split3,NK cells,Palbociclib,0.0709219858156028
1.5442541,Control,6.522179150581359,split3,NK cells,Palbociclib,0.0709219858156028
0.47996736,Control,6.522179150581359,split3,NK cells,Palbociclib,0.0709219858156028
2.6775308,Control,6.522179150581359,split3,NK cells,Palbociclib,0.0709219858156028
1.613424,Control,6.522179150581359,split3,NK cells,Palbociclib,0.0709219858156028
1.1228249,Control,6.522179150581359,split3,NK cells,Palbociclib,0.0709219858156028
-5.120391,Control,6.522179150581359,split3,NK cells,Palbociclib,0.0709219858156028
-2.3081384,Control,6.522179150581359,split3,NK cells,Palbociclib,0.0709219858156028
3.2883327,Control,6.522179150581359,split3,NK cells,Palbociclib,0.0709219858156028
3.1256752,Control,6.522179150581359,split3,NK cells,Palbociclib,0.0709219858156028
-4.2861447,Control,6.522179150581359,split3,NK cells,Palbociclib,0.0709219858156028
0.57050556,Control,6.522179150581359,split3,NK cells,Palbociclib,0.0709219858156028
4.243807,Control,6.522179150581359,split3,NK cells,Palbociclib,0.0709219858156028
5.741711,Control,6.522179150581359,split3,NK cells,Palbociclib,0.0709219858156028
-1.4158683,Control,6.522179150581359,split3,NK cells,Palbociclib,0.0709219858156028
1.9914205,Control,6.522179150581359,split3,NK cells,Palbociclib,0.0709219858156028
2.5364215,Control,6.522179150581359,split3,NK cells,Palbociclib,0.0709219858156028
-0.21909058,Control,6.522179150581359,split3,NK cells,Palbociclib,0.0709219858156028
1.3873127,Control,6.522179150581359,split3,NK cells,Palbociclib,0.0709219858156028
5.271012,Control,6.522179150581359,split3,NK cells,Palbociclib,0.0709219858156028
-6.3972397,Control,6.522179150581359,split3,NK cells,Palbociclib,0.0709219858156028
5.0575156,Control,6.522179150581359,split3,NK cells,Palbociclib,0.0709219858156028
1.2352833,Control,6.522179150581359,split3,NK cells,Palbociclib,0.0709219858156028
5.678923,Control,6.522179150581359,split3,NK cells,Palbociclib,0.0709219858156028
0.38772798,Control,6.522179150581359,split3,NK cells,Palbociclib,0.0709219858156028
6.693417,Control,6.522179150581359,split3,NK cells,Palbociclib,0.0709219858156028
0.0905413,Control,6.522179150581359,split3,NK cells,Palbociclib,0.0709219858156028
0.6580655,Control,6.522179150581359,split3,NK cells,Palbociclib,0.0709219858156028
6.3166738,Control,6.522179150581359,split3,NK cells,Palbociclib,0.0709219858156028
2.8079038,Control,6.522179150581359,split3,NK cells,Palbociclib,0.0709219858156028
0.26910305,Control,6.522179150581359,split3,NK cells,Palbociclib,0.0709219858156028
2.4560661,Control,6.522179150581359,split3,NK cells,Palbociclib,0.0709219858156028
-0.37184083,Control,6.522179150581359,split3,NK cells,Palbociclib,0.0709219858156028
-6.729417,Control,6.522179150581359,split3,NK cells,Palbociclib,0.0709219858156028
1.2141614,Control,6.522179150581359,split3,NK cells,Palbociclib,0.0709219858156028
-6.2737765,Control,6.522179150581359,split3,NK cells,Palbociclib,0.0709219858156028
-0.80270994,Control,6.522179150581359,split3,NK cells,Palbociclib,0.0709219858156028
-4.574559,Control,6.522179150581359,split3,NK cells,Palbociclib,0.0709219858156028
-0.40497386,Control,6.522179150581359,split3,NK cells,Palbociclib,0.0709219858156028
-3.424578,Control,6.522179150581359,split3,NK cells,Palbociclib,0.0709219858156028
1.2010788,Control,6.522179150581359,split3,NK cells,Palbociclib,0.0709219858156028
-3.1974041,Control,6.522179150581359,split3,NK cells,Palbociclib,0.0709219858156028
-4.1068363,Control,6.522179150581359,split3,NK cells,Palbociclib,0.0709219858156028
-0.5149359,Control,6.522179150581359,split3,NK cells,Palbociclib,0.0709219858156028
4.8722043,Control,6.522179150581359,split3,NK cells,Palbociclib,0.0709219858156028
-0.21212614,Control,6.522179150581359,split3,NK cells,Palbociclib,0.0709219858156028
0.54379475,Control,6.522179150581359,split3,NK cells,Palbociclib,0.0709219858156028
-4.2549534,Control,6.522179150581359,split3,NK cells,Palbociclib,0.0709219858156028
-1.088622,Control,6.522179150581359,split3,NK cells,Palbociclib,0.0709219858156028
-1.9400249,Control,6.522179150581359,split3,NK cells,Palbociclib,0.0709219858156028
-0.69386923,Control,6.522179150581359,split3,NK cells,Palbociclib,0.0709219858156028
3.0803394,Control,6.522179150581359,split3,NK cells,Palbociclib,0.0709219858156028
2.7624903,Control,6.522179150581359,split3,NK cells,Palbociclib,0.0709219858156028
0.54942536,Control,6.522179150581359,split3,NK cells,Palbociclib,0.0709219858156028
1.0985907,Control,6.522179150581359,split3,NK cells,Palbociclib,0.0709219858156028
3.2203598,Control,6.522179150581359,split3,NK cells,Palbociclib,0.0709219858156028
-2.192603,Control,6.522179150581359,split3,NK cells,Palbociclib,0.0709219858156028
-1.5491861,Control,6.522179150581359,split3,NK cells,Palbociclib,0.0709219858156028
-6.2629867,Control,6.522179150581359,split3,NK cells,Palbociclib,0.0709219858156028
2.613099,Control,6.522179150581359,split3,NK cells,Palbociclib,0.0709219858156028
4.1324086,Control,6.522179150581359,split3,NK cells,Palbociclib,0.0709219858156028
-5.7651124,Control,6.522179150581359,split3,NK cells,Palbociclib,0.0709219858156028
4.1896954,Control,6.522179150581359,split3,NK cells,Palbociclib,0.0709219858156028
-4.810339,Control,6.522179150581359,split3,NK cells,Palbociclib,0.0709219858156028
2.5575302,Control,6.522179150581359,split3,NK cells,Palbociclib,0.0709219858156028
-3.9085388,Control,6.522179150581359,split3,NK cells,Palbociclib,0.0709219858156028
0.16925395,Control,6.522179150581359,split3,NK cells,Palbociclib,0.0709219858156028
-4.775265,Control,6.522179150581359,split3,NK cells,Palbociclib,0.0709219858156028
7.9133863,Control,6.522179150581359,split3,NK cells,Palbociclib,0.0709219858156028
-2.650423,Control,6.522179150581359,split3,NK cells,Palbociclib,0.0709219858156028
2.8692822,Control,6.522179150581359,split3,NK cells,Palbociclib,0.0709219858156028
-10.6412325,Control,6.522179150581359,split3,NK cells,Palbociclib,0.0709219858156028
-6.263365,Control,6.522179150581359,split3,NK cells,Palbociclib,0.0709219858156028
-1.7951568,Control,6.522179150581359,split3,NK cells,Palbociclib,0.0709219858156028
-0.60642195,Control,6.522179150581359,split3,NK cells,Palbociclib,0.0709219858156028
7.9215407,Control,6.522179150581359,split3,NK cells,Palbociclib,0.0709219858156028
3.2219398,Control,6.522179150581359,split3,NK cells,Palbociclib,0.0709219858156028
-1.2805994,Control,6.522179150581359,split3,NK cells,Palbociclib,0.0709219858156028
0.5943568,Control,6.522179150581359,split3,NK cells,Palbociclib,0.0709219858156028
2.40099,Control,6.522179150581359,split3,NK cells,Palbociclib,0.0709219858156028
4.6129723,Control,6.522179150581359,split3,NK cells,Palbociclib,0.0709219858156028
-8.479719,Control,6.522179150581359,split3,NK cells,Palbociclib,0.0709219858156028
-2.4598417,Control,6.522179150581359,split3,NK cells,Palbociclib,0.0709219858156028
0.55526066,Control,6.522179150581359,split3,NK cells,Palbociclib,0.0709219858156028
-8.725965,Control,6.522179150581359,split3,NK cells,Palbociclib,0.0709219858156028
-4.088047,Control,6.522179150581359,split3,NK cells,Palbociclib,0.0709219858156028
2.8532658,Control,6.522179150581359,split3,NK cells,Palbociclib,0.0709219858156028
0.28036106,Control,6.522179150581359,split3,NK cells,Palbociclib,0.0709219858156028
4.6325564,Control,6.522179150581359,split3,NK cells,Palbociclib,0.0709219858156028
-2.8279245,Control,6.522179150581359,split3,NK cells,Palbociclib,0.0709219858156028
-5.251948,Control,6.522179150581359,split3,NK cells,Palbociclib,0.0709219858156028
0.59608173,Control,6.522179150581359,split3,NK cells,Palbociclib,0.0709219858156028
-7.405421,Control,6.522179150581359,split3,NK cells,Palbociclib,0.0709219858156028
3.5823116,Control,6.522179150581359,split3,NK cells,Palbociclib,0.0709219858156028
2.1280985,Control,6.522179150581359,split3,NK cells,Palbociclib,0.0709219858156028
-3.7842455,Control,6.522179150581359,split3,NK cells,Palbociclib,0.0709219858156028
-2.6321,Control,6.522179150581359,split3,NK cells,Palbociclib,0.0709219858156028
2.2092595,Control,6.522179150581359,split3,NK cells,Palbociclib,0.0709219858156028
-3.7481823,Control,6.522179150581359,split3,NK cells,Palbociclib,0.0709219858156028
6.4583864,Control,6.522179150581359,split3,NK cells,Palbociclib,0.0709219858156028
-0.27710164,Control,6.522179150581359,split3,NK cells,Palbociclib,0.0709219858156028
-2.4510589,Control,6.522179150581359,split3,NK cells,Palbociclib,0.0709219858156028
-2.4271464,Control,6.522179150581359,split3,NK cells,Palbociclib,0.0709219858156028
-1.0363929,Control,6.522179150581359,split3,NK cells,Palbociclib,0.0709219858156028
-0.15612793,Control,6.522179150581359,split3,NK cells,Palbociclib,0.0709219858156028
-4.8948264,Control,6.522179150581359,split3,NK cells,Palbociclib,0.0709219858156028
0.86698496,Control,6.522179150581359,split3,NK cells,Palbociclib,0.0709219858156028
4.194804,Control,6.522179150581359,split3,NK cells,Palbociclib,0.0709219858156028
-1.7772721,Control,6.522179150581359,split3,NK cells,Palbociclib,0.0709219858156028
4.3915544,Control,6.522179150581359,split3,NK cells,Palbociclib,0.0709219858156028
-2.819719,Control,6.522179150581359,split3,NK cells,Palbociclib,0.0709219858156028
-3.4172785,Control,6.522179150581359,split3,NK cells,Palbociclib,0.0709219858156028
-8.2340355,Control,6.522179150581359,split3,NK cells,Palbociclib,0.0709219858156028
-0.72644204,Control,6.522179150581359,split3,NK cells,Palbociclib,0.0709219858156028
-2.4413354,Control,6.522179150581359,split3,NK cells,Palbociclib,0.0709219858156028
0.25510788,Control,6.522179150581359,split3,NK cells,Palbociclib,0.0709219858156028
-8.410158,Control,6.522179150581359,split3,NK cells,Palbociclib,0.0709219858156028
1.9044439,Control,6.522179150581359,split3,NK cells,Palbociclib,0.0709219858156028
-5.091345,Control,6.522179150581359,split3,NK cells,Palbociclib,0.0709219858156028
1.9781687,Control,6.522179150581359,split3,NK cells,Palbociclib,0.0709219858156028
-2.1257238,Control,6.522179150581359,split3,NK cells,Palbociclib,0.0709219858156028
-1.8275893,Control,6.522179150581359,split3,NK cells,Palbociclib,0.0709219858156028
6.477198,Control,6.522179150581359,split3,NK cells,Palbociclib,0.0709219858156028
2.3384929,Control,6.522179150581359,split3,NK cells,Palbociclib,0.0709219858156028
-5.917186,Control,6.522179150581359,split3,NK cells,Palbociclib,0.0709219858156028
3.8703692,Control,6.522179150581359,split3,NK cells,Palbociclib,0.0709219858156028
3.0119288,Control,6.522179150581359,split3,NK cells,Palbociclib,0.0709219858156028
3.1578822,Control,6.522179150581359,split3,NK cells,Palbociclib,0.0709219858156028
1.8506546,Control,6.522179150581359,split3,NK cells,Palbociclib,0.0709219858156028
-5.4854193,Control,6.522179150581359,split3,NK cells,Palbociclib,0.0709219858156028
4.5113435,Control,6.522179150581359,split3,NK cells,Palbociclib,0.0709219858156028
-4.524238,Control,6.522179150581359,split3,NK cells,Palbociclib,0.0709219858156028
4.69262,Control,6.522179150581359,split3,NK cells,Palbociclib,0.0709219858156028
-0.9314884,Control,6.522179150581359,split3,NK cells,Palbociclib,0.0709219858156028
1.6429057,Control,6.522179150581359,split3,NK cells,Palbociclib,0.0709219858156028
-6.511974,Control,6.522179150581359,split3,NK cells,Palbociclib,0.0709219858156028
9.195277,Control,6.522179150581359,split3,NK cells,Palbociclib,0.0709219858156028
-0.39328533,Control,6.522179150581359,split3,NK cells,Palbociclib,0.0709219858156028
-4.6558046,Control,6.522179150581359,split3,NK cells,Palbociclib,0.0709219858156028
-2.667866,Control,6.522179150581359,split3,NK cells,Palbociclib,0.0709219858156028
-3.579792,Control,6.522179150581359,split3,NK cells,Palbociclib,0.0709219858156028
2.621688,Control,6.522179150581359,split3,NK cells,Palbociclib,0.0709219858156028
1.9524957,Control,6.522179150581359,split3,NK cells,Palbociclib,0.0709219858156028
-6.608607,Control,6.522179150581359,split3,NK cells,Palbociclib,0.0709219858156028
0.60687125,Control,6.522179150581359,split3,NK cells,Palbociclib,0.0709219858156028
-7.1848116,Control,6.522179150581359,split3,NK cells,Palbociclib,0.0709219858156028
-2.9261112,Control,6.522179150581359,split3,NK cells,Palbociclib,0.0709219858156028
5.677692,Control,6.522179150581359,split3,NK cells,Palbociclib,0.0709219858156028
5.9317827,Control,6.522179150581359,split3,NK cells,Palbociclib,0.0709219858156028
3.4652467,Control,6.522179150581359,split3,NK cells,Palbociclib,0.0709219858156028
-1.7865317,Control,6.522179150581359,split3,NK cells,Palbociclib,0.0709219858156028
-3.8061657,Control,6.522179150581359,split3,NK cells,Palbociclib,0.0709219858156028
-0.91542983,Control,6.522179150581359,split3,NK cells,Palbociclib,0.0709219858156028
8.826789,Control,6.522179150581359,split3,NK cells,Palbociclib,0.0709219858156028
-3.0689712,Control,6.522179150581359,split3,NK cells,Palbociclib,0.0709219858156028
-1.315584,Control,6.522179150581359,split3,NK cells,Palbociclib,0.0709219858156028
0.05939865,Control,6.522179150581359,split3,NK cells,Palbociclib,0.0709219858156028
4.626413,Control,6.522179150581359,split3,NK cells,Palbociclib,0.0709219858156028
0.06856871,Control,6.522179150581359,split3,NK cells,Palbociclib,0.0709219858156028
1.9896108,Control,6.522179150581359,split3,NK cells,Palbociclib,0.0709219858156028
0.0007660389,Control,6.522179150581359,split3,NK cells,Palbociclib,0.0709219858156028
2.4224896,Control,6.522179150581359,split3,NK cells,Palbociclib,0.0709219858156028
-1.7342768,Control,6.522179150581359,split3,NK cells,Palbociclib,0.0709219858156028
6.532816,Control,6.522179150581359,split3,NK cells,Palbociclib,0.0709219858156028
-1.2783163,Control,6.522179150581359,split3,NK cells,Palbociclib,0.0709219858156028
-4.728475,Control,6.522179150581359,split3,NK cells,Palbociclib,0.0709219858156028
-0.54307437,Control,6.522179150581359,split3,NK cells,Palbociclib,0.0709219858156028
-0.28551728,Control,6.522179150581359,split3,NK cells,Palbociclib,0.0709219858156028
3.8818555,Control,6.522179150581359,split3,NK cells,Palbociclib,0.0709219858156028
-4.317609,Control,6.522179150581359,split3,NK cells,Palbociclib,0.0709219858156028
5.0448675,Control,6.522179150581359,split3,NK cells,Palbociclib,0.0709219858156028
2.3273106,Control,6.522179150581359,split3,NK cells,Palbociclib,0.0709219858156028
-4.134983,Control,6.522179150581359,split3,NK cells,Palbociclib,0.0709219858156028
-3.1936204,Control,6.522179150581359,split3,NK cells,Palbociclib,0.0709219858156028
1.4380711,Control,6.522179150581359,split3,NK cells,Palbociclib,0.0709219858156028
-0.3001026,Control,6.522179150581359,split3,NK cells,Palbociclib,0.0709219858156028
-0.33985618,Control,6.522179150581359,split3,NK cells,Palbociclib,0.0709219858156028
6.44848,Control,6.522179150581359,split3,NK cells,Palbociclib,0.0709219858156028
4.684219,Control,6.522179150581359,split3,NK cells,Palbociclib,0.0709219858156028
-0.32477757,Control,6.522179150581359,split3,NK cells,Palbociclib,0.0709219858156028
-4.2695756,Control,6.522179150581359,split3,NK cells,Palbociclib,0.0709219858156028
-3.3983612,Control,6.522179150581359,split3,NK cells,Palbociclib,0.0709219858156028
0.09615749,Control,6.522179150581359,split3,NK cells,Palbociclib,0.0709219858156028
-2.1365204,Control,6.522179150581359,split3,NK cells,Palbociclib,0.0709219858156028
5.9104495,Control,6.522179150581359,split3,NK cells,Palbociclib,0.0709219858156028
-6.688064,Control,6.522179150581359,split3,NK cells,Palbociclib,0.0709219858156028
-9.89582,Control,6.522179150581359,split3,NK cells,Palbociclib,0.0709219858156028
-6.2692165,Control,6.522179150581359,split3,NK cells,Palbociclib,0.0709219858156028
-4.0002556,Control,6.522179150581359,split3,NK cells,Palbociclib,0.0709219858156028
0.3666259,Control,6.522179150581359,split3,NK cells,Palbociclib,0.0709219858156028
5.9320393,Control,6.522179150581359,split3,NK cells,Palbociclib,0.0709219858156028
4.2549343,Control,6.522179150581359,split3,NK cells,Palbociclib,0.0709219858156028
-2.3581648,Control,6.522179150581359,split3,NK cells,Palbociclib,0.0709219858156028
-0.09677684,Control,6.522179150581359,split3,NK cells,Palbociclib,0.0709219858156028
2.2821112,Control,6.522179150581359,split3,NK cells,Palbociclib,0.0709219858156028
-7.5595846,Control,6.522179150581359,split3,NK cells,Palbociclib,0.0709219858156028
1.1396441,Control,6.522179150581359,split3,NK cells,Palbociclib,0.0709219858156028
0.32731873,Control,6.522179150581359,split3,NK cells,Palbociclib,0.0709219858156028
0.599367,Control,6.522179150581359,split3,NK cells,Palbociclib,0.0709219858156028
4.313247,Control,6.522179150581359,split3,NK cells,Palbociclib,0.0709219858156028
-7.223881,Control,6.522179150581359,split3,NK cells,Palbociclib,0.0709219858156028
-5.1639037,Control,6.522179150581359,split3,NK cells,Palbociclib,0.0709219858156028
-6.894742,Control,6.522179150581359,split3,NK cells,Palbociclib,0.0709219858156028
-5.8483534,Control,6.522179150581359,split3,NK cells,Palbociclib,0.0709219858156028
0.6693852,Control,6.522179150581359,split3,NK cells,Palbociclib,0.0709219858156028
-5.3038373,Control,6.522179150581359,split3,NK cells,Palbociclib,0.0709219858156028
-2.573707,Control,6.522179150581359,split3,NK cells,Palbociclib,0.0709219858156028
2.647219,Control,6.522179150581359,split3,NK cells,Palbociclib,0.0709219858156028
-7.868456,Control,6.522179150581359,split3,NK cells,Palbociclib,0.0709219858156028
4.1628094,Control,6.522179150581359,split3,NK cells,Palbociclib,0.0709219858156028
5.6356707,Control,6.522179150581359,split3,NK cells,Palbociclib,0.0709219858156028
-4.1223564,Control,6.522179150581359,split3,NK cells,Palbociclib,0.0709219858156028
9.021336,Control,6.522179150581359,split3,NK cells,Palbociclib,0.0709219858156028
-10.334972,Control,6.522179150581359,split3,NK cells,Palbociclib,0.0709219858156028
1.9390861,Control,6.522179150581359,split3,NK cells,Palbociclib,0.0709219858156028
-7.7365403,Control,6.522179150581359,split3,NK cells,Palbociclib,0.0709219858156028
-4.7051826,Control,6.522179150581359,split3,NK cells,Palbociclib,0.0709219858156028
-6.0595717,Control,6.522179150581359,split3,NK cells,Palbociclib,0.0709219858156028
-0.55196476,Control,6.522179150581359,split3,NK cells,Palbociclib,0.0709219858156028
-2.4371421,Control,6.522179150581359,split3,NK cells,Palbociclib,0.0709219858156028
-8.178373,Control,6.522179150581359,split3,NK cells,Palbociclib,0.0709219858156028
-8.082704,Control,6.522179150581359,split3,NK cells,Palbociclib,0.0709219858156028
4.362229,Control,6.522179150581359,split3,NK cells,Palbociclib,0.0709219858156028
-1.8919126,Control,6.522179150581359,split3,NK cells,Palbociclib,0.0709219858156028
9.891689,Control,6.522179150581359,split3,NK cells,Palbociclib,0.0709219858156028
-1.2701275,Control,6.522179150581359,split3,NK cells,Palbociclib,0.0709219858156028
7.0679917,Control,6.522179150581359,split3,NK cells,Palbociclib,0.0709219858156028
-8.727472,Control,6.522179150581359,split3,NK cells,Palbociclib,0.0709219858156028
-5.3328543,Control,6.522179150581359,split3,NK cells,Palbociclib,0.0709219858156028
-1.1117178,Control,6.522179150581359,split3,NK cells,Palbociclib,0.0709219858156028
-1.9856884,Control,6.522179150581359,split3,NK cells,Palbociclib,0.0709219858156028
0.59463286,Control,6.522179150581359,split3,NK cells,Palbociclib,0.0709219858156028
-3.9381204,Control,6.522179150581359,split3,NK cells,Palbociclib,0.0709219858156028
6.413453,Control,6.522179150581359,split3,NK cells,Palbociclib,0.0709219858156028
2.2462592,Control,6.522179150581359,split3,NK cells,Palbociclib,0.0709219858156028
-1.3853514,Control,6.522179150581359,split3,NK cells,Palbociclib,0.0709219858156028
3.3534927,Control,6.522179150581359,split3,NK cells,Palbociclib,0.0709219858156028
-2.5398288,Control,6.522179150581359,split3,NK cells,Palbociclib,0.0709219858156028
-4.1771717,Control,6.522179150581359,split3,NK cells,Palbociclib,0.0709219858156028
-3.1459045,Control,6.522179150581359,split3,NK cells,Palbociclib,0.0709219858156028
-2.3287263,Control,6.522179150581359,split3,NK cells,Palbociclib,0.0709219858156028
7.74995,Control,6.522179150581359,split3,NK cells,Palbociclib,0.0709219858156028
1.4123844,Control,6.522179150581359,split3,NK cells,Palbociclib,0.0709219858156028
-1.1200955,Control,6.522179150581359,split3,NK cells,Palbociclib,0.0709219858156028
0.37085032,Control,6.522179150581359,split3,NK cells,Palbociclib,0.0709219858156028
-0.33461225,Control,6.522179150581359,split3,NK cells,Palbociclib,0.0709219858156028
2.8189135,Control,6.522179150581359,split3,NK cells,Palbociclib,0.0709219858156028
1.0994408,Control,6.522179150581359,split3,NK cells,Palbociclib,0.0709219858156028
-2.208266,Control,6.522179150581359,split3,NK cells,Palbociclib,0.0709219858156028
-3.0613155,Control,6.522179150581359,split3,NK cells,Palbociclib,0.0709219858156028
-1.416018,Control,6.522179150581359,split3,NK cells,Palbociclib,0.0709219858156028
-0.17931777,Control,6.522179150581359,split3,NK cells,Palbociclib,0.0709219858156028
-3.027176,Control,6.522179150581359,split3,NK cells,Palbociclib,0.0709219858156028
0.24617577,Control,6.522179150581359,split3,NK cells,Palbociclib,0.0709219858156028
-2.18087,Control,6.522179150581359,split3,NK cells,Palbociclib,0.0709219858156028
-6.501231,Control,6.522179150581359,split3,NK cells,Palbociclib,0.0709219858156028
-3.8582084,Control,6.522179150581359,split3,NK cells,Palbociclib,0.0709219858156028
2.156046,Control,6.522179150581359,split3,NK cells,Palbociclib,0.0709219858156028
-4.4226475,Control,6.522179150581359,split3,NK cells,Palbociclib,0.0709219858156028
1.8984841,Control,6.522179150581359,split3,NK cells,Palbociclib,0.0709219858156028
-1.2329159,Control,6.522179150581359,split3,NK cells,Palbociclib,0.0709219858156028
5.857408,Control,6.522179150581359,split3,NK cells,Palbociclib,0.0709219858156028
-1.258492,Control,6.522179150581359,split3,NK cells,Palbociclib,0.0709219858156028
2.9094214,Control,6.522179150581359,split3,NK cells,Palbociclib,0.0709219858156028
-4.146953,Control,6.522179150581359,split3,NK cells,Palbociclib,0.0709219858156028
-0.47792476,Control,6.522179150581359,split3,NK cells,Palbociclib,0.0709219858156028
-1.8707081,Control,6.522179150581359,split3,NK cells,Palbociclib,0.0709219858156028
1.4106501,Control,6.522179150581359,split3,NK cells,Palbociclib,0.0709219858156028
8.161858,Control,6.522179150581359,split3,NK cells,Palbociclib,0.0709219858156028
-1.2897652,Control,6.522179150581359,split3,NK cells,Palbociclib,0.0709219858156028
-4.1673884,Control,6.522179150581359,split3,NK cells,Palbociclib,0.0709219858156028
1.6229817,Control,6.522179150581359,split3,NK cells,Palbociclib,0.0709219858156028
-2.4268584,Control,6.522179150581359,split3,NK cells,Palbociclib,0.0709219858156028
-5.17188,Control,6.522179150581359,split3,NK cells,Palbociclib,0.0709219858156028
-5.116548,Control,6.522179150581359,split3,NK cells,Palbociclib,0.0709219858156028
-0.71686405,Control,6.522179150581359,split3,NK cells,Palbociclib,0.0709219858156028
6.1877556,Control,6.522179150581359,split3,NK cells,Palbociclib,0.0709219858156028
-4.2699776,Control,6.522179150581359,split3,NK cells,Palbociclib,0.0709219858156028
-7.0539527,Control,6.522179150581359,split3,NK cells,Palbociclib,0.0709219858156028
1.6049606,Control,6.522179150581359,split3,NK cells,Palbociclib,0.0709219858156028
-1.090455,Control,6.522179150581359,split3,NK cells,Palbociclib,0.0709219858156028
-2.2630014,Control,6.522179150581359,split3,NK cells,Palbociclib,0.0709219858156028
0.56868833,Control,6.522179150581359,split3,NK cells,Palbociclib,0.0709219858156028
4.6934447,Control,6.522179150581359,split3,NK cells,Palbociclib,0.0709219858156028
3.9198134,Control,6.522179150581359,split3,NK cells,Palbociclib,0.0709219858156028
1.0605891,Control,6.522179150581359,split3,NK cells,Palbociclib,0.0709219858156028
7.612962,Control,6.522179150581359,split3,NK cells,Palbociclib,0.0709219858156028
0.06378788,Control,6.522179150581359,split3,NK cells,Palbociclib,0.0709219858156028
5.26232,Control,6.522179150581359,split3,NK cells,Palbociclib,0.0709219858156028
-1.8367821,Control,6.522179150581359,split3,NK cells,Palbociclib,0.0709219858156028
-0.12082839,Control,6.522179150581359,split3,NK cells,Palbociclib,0.0709219858156028
-2.132242,Control,6.522179150581359,split3,NK cells,Palbociclib,0.0709219858156028
8.465981,Control,6.522179150581359,split3,NK cells,Palbociclib,0.0709219858156028
-11.742702,Control,6.522179150581359,split3,NK cells,Palbociclib,0.0709219858156028
-5.3805914,Control,6.522179150581359,split3,NK cells,Palbociclib,0.0709219858156028
7.5926514,Control,6.522179150581359,split3,NK cells,Palbociclib,0.0709219858156028
4.3151846,Control,6.522179150581359,split3,NK cells,Palbociclib,0.0709219858156028
1.6889805,Control,6.522179150581359,split3,NK cells,Palbociclib,0.0709219858156028
-2.0801563,Control,6.522179150581359,split3,NK cells,Palbociclib,0.0709219858156028
-4.376712,Control,6.522179150581359,split3,NK cells,Palbociclib,0.0709219858156028
-3.0686738,Control,6.522179150581359,split3,NK cells,Palbociclib,0.0709219858156028
6.8731174,Control,6.522179150581359,split3,NK cells,Palbociclib,0.0709219858156028
7.2555566,Control,6.522179150581359,split3,NK cells,Palbociclib,0.0709219858156028
-0.5255935,Control,6.522179150581359,split3,NK cells,Palbociclib,0.0709219858156028
7.959784,Control,6.522179150581359,split3,NK cells,Palbociclib,0.0709219858156028
4.5929265,Control,6.522179150581359,split3,NK cells,Palbociclib,0.0709219858156028
5.2461405,Control,6.522179150581359,split3,NK cells,Palbociclib,0.0709219858156028
5.2467566,Control,6.522179150581359,split3,NK cells,Palbociclib,0.0709219858156028
-1.8858352,Control,6.522179150581359,split3,NK cells,Palbociclib,0.0709219858156028
0.30471057,Control,6.522179150581359,split3,NK cells,Palbociclib,0.0709219858156028
-1.7722778,Control,6.522179150581359,split3,NK cells,Palbociclib,0.0709219858156028
4.5636983,Control,6.522179150581359,split3,NK cells,Palbociclib,0.0709219858156028
5.2389007,Control,6.522179150581359,split3,NK cells,Palbociclib,0.0709219858156028
-2.702385,Control,6.522179150581359,split3,NK cells,Palbociclib,0.0709219858156028
-5.608094,Control,6.522179150581359,split3,NK cells,Palbociclib,0.0709219858156028
-7.70853,Control,6.522179150581359,split3,NK cells,Palbociclib,0.0709219858156028
-0.53261197,Control,6.522179150581359,split3,NK cells,Palbociclib,0.0709219858156028
2.5837812,Control,6.522179150581359,split3,NK cells,Palbociclib,0.0709219858156028
1.7429847,Control,6.522179150581359,split3,NK cells,Palbociclib,0.0709219858156028
-1.6663209,Control,6.522179150581359,split3,NK cells,Palbociclib,0.0709219858156028
3.2773209,Control,6.522179150581359,split3,NK cells,Palbociclib,0.0709219858156028
-4.216903,Control,6.522179150581359,split3,NK cells,Palbociclib,0.0709219858156028
-1.3318328,Control,6.522179150581359,split3,NK cells,Palbociclib,0.0709219858156028
2.9987326,Control,6.522179150581359,split3,NK cells,Palbociclib,0.0709219858156028
-1.0068103,Control,6.522179150581359,split3,NK cells,Palbociclib,0.0709219858156028
0.56144315,Control,6.522179150581359,split3,NK cells,Palbociclib,0.0709219858156028
-4.2127676,Control,6.522179150581359,split3,NK cells,Palbociclib,0.0709219858156028
1.202457,Control,6.522179150581359,split3,NK cells,Palbociclib,0.0709219858156028
-0.7188277,Control,6.522179150581359,split3,NK cells,Palbociclib,0.0709219858156028
5.2622733,Control,6.522179150581359,split3,NK cells,Palbociclib,0.0709219858156028
3.0358315,Control,6.522179150581359,split3,NK cells,Palbociclib,0.0709219858156028
-1.6512009,Control,6.522179150581359,split3,NK cells,Palbociclib,0.0709219858156028
-7.6297555,Control,6.522179150581359,split3,NK cells,Palbociclib,0.0709219858156028
0.56341064,Control,6.522179150581359,split3,NK cells,Palbociclib,0.0709219858156028
-1.9039363,Control,6.522179150581359,split3,NK cells,Palbociclib,0.0709219858156028
-4.468984,Control,6.522179150581359,split3,NK cells,Palbociclib,0.0709219858156028
2.3078268,Control,6.522179150581359,split3,NK cells,Palbociclib,0.0709219858156028
3.2359993,Control,6.522179150581359,split3,NK cells,Palbociclib,0.0709219858156028
-2.6053379,Control,6.522179150581359,split3,NK cells,Palbociclib,0.0709219858156028
2.4692566,Control,6.522179150581359,split3,NK cells,Palbociclib,0.0709219858156028
5.213975,Control,6.522179150581359,split3,NK cells,Palbociclib,0.0709219858156028
-5.731308,Control,6.522179150581359,split3,NK cells,Palbociclib,0.0709219858156028
3.1239042,Control,6.522179150581359,split3,NK cells,Palbociclib,0.0709219858156028
-1.2235359,Control,6.522179150581359,split3,NK cells,Palbociclib,0.0709219858156028
7.669242,Control,6.522179150581359,split3,NK cells,Palbociclib,0.0709219858156028
-3.0664465,Control,6.522179150581359,split3,NK cells,Palbociclib,0.0709219858156028
-4.083635,Control,6.522179150581359,split3,NK cells,Palbociclib,0.0709219858156028
4.967203,Control,6.522179150581359,split3,NK cells,Palbociclib,0.0709219858156028
-4.187024,Control,6.522179150581359,split3,NK cells,Palbociclib,0.0709219858156028
-3.1001682,Control,6.522179150581359,split3,NK cells,Palbociclib,0.0709219858156028
4.35951,Control,6.522179150581359,split3,NK cells,Palbociclib,0.0709219858156028
-3.2628002,Control,6.522179150581359,split3,NK cells,Palbociclib,0.0709219858156028
5.7779284,Control,6.522179150581359,split3,NK cells,Palbociclib,0.0709219858156028
-0.068097115,Control,6.522179150581359,split3,NK cells,Palbociclib,0.0709219858156028
0.58866346,Control,6.522179150581359,split3,NK cells,Palbociclib,0.0709219858156028
0.74158967,Control,6.522179150581359,split3,NK cells,Palbociclib,0.0709219858156028
2.158329,Control,6.522179150581359,split3,NK cells,Palbociclib,0.0709219858156028
-0.05776155,Control,6.522179150581359,split3,NK cells,Palbociclib,0.0709219858156028
5.799013,Control,6.522179150581359,split3,NK cells,Palbociclib,0.0709219858156028
-4.5328298,Control,6.522179150581359,split3,NK cells,Palbociclib,0.0709219858156028
5.141346,Control,6.522179150581359,split3,NK cells,Palbociclib,0.0709219858156028
-1.3819029,Control,6.522179150581359,split3,NK cells,Palbociclib,0.0709219858156028
2.89459,Control,6.522179150581359,split3,NK cells,Palbociclib,0.0709219858156028
2.274454,Control,6.522179150581359,split3,NK cells,Palbociclib,0.0709219858156028
-7.1416407,Control,6.522179150581359,split3,NK cells,Palbociclib,0.0709219858156028
-3.1064687,Control,6.522179150581359,split3,NK cells,Palbociclib,0.0709219858156028
0.4271977,Control,6.522179150581359,split3,NK cells,Palbociclib,0.0709219858156028
-0.9997295,Control,6.522179150581359,split3,NK cells,Palbociclib,0.0709219858156028
0.891044,Control,6.522179150581359,split3,NK cells,Palbociclib,0.0709219858156028
0.18718547,Control,6.522179150581359,split3,NK cells,Palbociclib,0.0709219858156028
-3.84027,Control,6.522179150581359,split3,NK cells,Palbociclib,0.0709219858156028
0.4170605,Control,6.522179150581359,split3,NK cells,Palbociclib,0.0709219858156028
-6.4804144,Control,6.522179150581359,split3,NK cells,Palbociclib,0.0709219858156028
-5.72999,Control,6.522179150581359,split3,NK cells,Palbociclib,0.0709219858156028
2.25243,Control,6.522179150581359,split3,NK cells,Palbociclib,0.0709219858156028
-5.4131474,Control,6.522179150581359,split3,NK cells,Palbociclib,0.0709219858156028
9.379801,Control,6.522179150581359,split3,NK cells,Palbociclib,0.0709219858156028
-0.5199098,Control,6.522179150581359,split3,NK cells,Palbociclib,0.0709219858156028
3.7518926,Control,6.522179150581359,split3,NK cells,Palbociclib,0.0709219858156028
-4.0589385,Control,6.522179150581359,split3,NK cells,Palbociclib,0.0709219858156028
5.9766173,Control,6.522179150581359,split3,NK cells,Palbociclib,0.0709219858156028
4.3785305,Control,6.522179150581359,split3,NK cells,Palbociclib,0.0709219858156028
3.5171874,Control,6.522179150581359,split3,NK cells,Palbociclib,0.0709219858156028
-0.3216142,Control,6.522179150581359,split3,NK cells,Palbociclib,0.0709219858156028
-0.08311319,Control,6.522179150581359,split3,NK cells,Palbociclib,0.0709219858156028
-2.9790611,Control,6.522179150581359,split3,NK cells,Palbociclib,0.0709219858156028
2.0674307,Control,6.522179150581359,split3,NK cells,Palbociclib,0.0709219858156028
-1.1222466,Control,6.522179150581359,split3,NK cells,Palbociclib,0.0709219858156028
-4.709102,Control,6.522179150581359,split3,NK cells,Palbociclib,0.0709219858156028
1.8885863,Control,6.522179150581359,split3,NK cells,Palbociclib,0.0709219858156028
-2.3505096,Control,6.522179150581359,split3,NK cells,Palbociclib,0.0709219858156028
-7.1938944,Control,6.522179150581359,split3,NK cells,Palbociclib,0.0709219858156028
-4.232551,Control,6.522179150581359,split3,NK cells,Palbociclib,0.0709219858156028
-6.8008776,Control,6.522179150581359,split3,NK cells,Palbociclib,0.0709219858156028
-1.4054219,Control,6.522179150581359,split3,NK cells,Palbociclib,0.0709219858156028
2.2505956,Control,6.522179150581359,split3,NK cells,Palbociclib,0.0709219858156028
1.9007452,Control,6.522179150581359,split3,NK cells,Palbociclib,0.0709219858156028
-7.4416647,Control,6.522179150581359,split3,NK cells,Palbociclib,0.0709219858156028
2.1018753,Control,6.522179150581359,split3,NK cells,Palbociclib,0.0709219858156028
-2.833224,Control,6.522179150581359,split3,NK cells,Palbociclib,0.0709219858156028
-2.1941137,Control,6.522179150581359,split3,NK cells,Palbociclib,0.0709219858156028
-0.868413,Control,6.522179150581359,split3,NK cells,Palbociclib,0.0709219858156028
0.83152986,Control,6.522179150581359,split3,NK cells,Palbociclib,0.0709219858156028
-2.4948301,Control,6.522179150581359,split3,NK cells,Palbociclib,0.0709219858156028
7.475704,Control,6.522179150581359,split3,NK cells,Palbociclib,0.0709219858156028
9.451626,Control,6.522179150581359,split3,NK cells,Palbociclib,0.0709219858156028
-8.121187,Control,6.522179150581359,split3,NK cells,Palbociclib,0.0709219858156028
7.954752,Control,6.522179150581359,split3,NK cells,Palbociclib,0.0709219858156028
1.8758267,Control,6.522179150581359,split3,NK cells,Palbociclib,0.0709219858156028
-2.0079932,Control,6.522179150581359,split3,NK cells,Palbociclib,0.0709219858156028
0.27085394,Control,6.522179150581359,split3,NK cells,Palbociclib,0.0709219858156028
4.2853274,Control,6.522179150581359,split3,NK cells,Palbociclib,0.0709219858156028
1.3578733,Control,6.522179150581359,split3,NK cells,Palbociclib,0.0709219858156028
-6.7583475,Control,6.522179150581359,split3,NK cells,Palbociclib,0.0709219858156028
-4.127568,Control,6.522179150581359,split3,NK cells,Palbociclib,0.0709219858156028
0.81249386,Control,6.522179150581359,split3,NK cells,Palbociclib,0.0709219858156028
-0.30053127,Control,6.522179150581359,split3,NK cells,Palbociclib,0.0709219858156028
-0.9379451,Control,6.522179150581359,split3,NK cells,Palbociclib,0.0709219858156028
-5.501763,Control,6.522179150581359,split3,NK cells,Palbociclib,0.0709219858156028
-3.0866933,Control,6.522179150581359,split3,NK cells,Palbociclib,0.0709219858156028
0.70394045,Control,6.522179150581359,split3,NK cells,Palbociclib,0.0709219858156028
-2.7659822,Control,6.522179150581359,split3,NK cells,Palbociclib,0.0709219858156028
8.127183,Control,6.522179150581359,split3,NK cells,Palbociclib,0.0709219858156028
-6.346119,Control,6.522179150581359,split3,NK cells,Palbociclib,0.0709219858156028
0.66534,Control,6.522179150581359,split3,NK cells,Palbociclib,0.0709219858156028
12.391422,Control,6.522179150581359,split3,NK cells,Palbociclib,0.0709219858156028
3.9703295,Control,6.522179150581359,split3,NK cells,Palbociclib,0.0709219858156028
-0.54469454,Control,6.522179150581359,split3,NK cells,Palbociclib,0.0709219858156028
0.93630964,Control,6.522179150581359,split3,NK cells,Palbociclib,0.0709219858156028
-7.6174345,Control,6.522179150581359,split3,NK cells,Palbociclib,0.0709219858156028
-5.9494934,Control,6.522179150581359,split3,NK cells,Palbociclib,0.0709219858156028
0.52477205,Control,6.522179150581359,split3,NK cells,Palbociclib,0.0709219858156028
-1.6435778,Control,6.522179150581359,split3,NK cells,Palbociclib,0.0709219858156028
3.7251587,Control,6.522179150581359,split3,NK cells,Palbociclib,0.0709219858156028
-5.9821434,Control,6.522179150581359,split3,NK cells,Palbociclib,0.0709219858156028
7.1208377,Control,6.522179150581359,split3,NK cells,Palbociclib,0.0709219858156028
9.652554,Control,6.522179150581359,split3,NK cells,Palbociclib,0.0709219858156028
-3.8561234,Control,6.522179150581359,split3,NK cells,Palbociclib,0.0709219858156028
6.4450383,Control,6.522179150581359,split3,NK cells,Palbociclib,0.0709219858156028
1.0842209,Control,6.522179150581359,split3,NK cells,Palbociclib,0.0709219858156028
4.0907183,Control,6.522179150581359,split3,NK cells,Palbociclib,0.0709219858156028
-2.986155,Control,6.522179150581359,split3,NK cells,Palbociclib,0.0709219858156028
-6.5751777,Control,6.522179150581359,split3,NK cells,Palbociclib,0.0709219858156028
2.6741183,Control,6.522179150581359,split3,NK cells,Palbociclib,0.0709219858156028
-2.7627187,Control,6.522179150581359,split3,NK cells,Palbociclib,0.0709219858156028
-0.7855955,Control,6.522179150581359,split3,NK cells,Palbociclib,0.0709219858156028
-0.05928862,Control,6.522179150581359,split3,NK cells,Palbociclib,0.0709219858156028
5.0428934,Control,6.522179150581359,split3,NK cells,Palbociclib,0.0709219858156028
-8.868958,Control,6.522179150581359,split3,NK cells,Palbociclib,0.0709219858156028
-5.1030436,Control,6.522179150581359,split3,NK cells,Palbociclib,0.0709219858156028
-2.7671075,Control,6.522179150581359,split3,NK cells,Palbociclib,0.0709219858156028
2.048779,Control,6.522179150581359,split3,NK cells,Palbociclib,0.0709219858156028
5.430183,Control,6.522179150581359,split3,NK cells,Palbociclib,0.0709219858156028
-3.053977,Control,6.522179150581359,split3,NK cells,Palbociclib,0.0709219858156028
5.711729,Control,6.522179150581359,split3,NK cells,Palbociclib,0.0709219858156028
3.5023088,Control,6.522179150581359,split3,NK cells,Palbociclib,0.0709219858156028
1.4107578,Control,6.522179150581359,split3,NK cells,Palbociclib,0.0709219858156028
-1.0020566,Control,6.522179150581359,split3,NK cells,Palbociclib,0.0709219858156028
-7.2590947,Control,6.522179150581359,split3,NK cells,Palbociclib,0.0709219858156028
-6.4286695,Control,6.522179150581359,split3,NK cells,Palbociclib,0.0709219858156028
-4.544893,Control,6.522179150581359,split3,NK cells,Palbociclib,0.0709219858156028
1.6366082,Control,6.522179150581359,split3,NK cells,Palbociclib,0.0709219858156028
0.29202908,Control,6.522179150581359,split3,NK cells,Palbociclib,0.0709219858156028
-4.9411182,Control,6.522179150581359,split3,NK cells,Palbociclib,0.0709219858156028
-1.431426,Control,6.522179150581359,split3,NK cells,Palbociclib,0.0709219858156028
0.46406966,Control,6.522179150581359,split3,NK cells,Palbociclib,0.0709219858156028
-8.409421,Control,6.522179150581359,split3,NK cells,Palbociclib,0.0709219858156028
0.5051801,Control,6.522179150581359,split3,NK cells,Palbociclib,0.0709219858156028
0.2961439,Control,6.522179150581359,split3,NK cells,Palbociclib,0.0709219858156028
1.7030379,Control,6.522179150581359,split3,NK cells,Palbociclib,0.0709219858156028
-0.3508405,Control,6.522179150581359,split3,NK cells,Palbociclib,0.0709219858156028
4.5962567,Control,6.522179150581359,split3,NK cells,Palbociclib,0.0709219858156028
1.5818335,Control,6.522179150581359,split3,NK cells,Palbociclib,0.0709219858156028
3.558549,Control,6.522179150581359,split3,NK cells,Palbociclib,0.0709219858156028
5.6292167,Control,6.522179150581359,split3,NK cells,Palbociclib,0.0709219858156028
-2.9807706,Control,6.522179150581359,split3,NK cells,Palbociclib,0.0709219858156028
0.42754698,Control,6.522179150581359,split3,NK cells,Palbociclib,0.0709219858156028
7.6288176,Control,6.522179150581359,split3,NK cells,Palbociclib,0.0709219858156028
2.7097192,Control,6.522179150581359,split3,NK cells,Palbociclib,0.0709219858156028
-3.3473892,Control,6.522179150581359,split3,NK cells,Palbociclib,0.0709219858156028
0.21902108,Control,6.522179150581359,split3,NK cells,Palbociclib,0.0709219858156028
-2.5888882,Control,6.522179150581359,split3,NK cells,Palbociclib,0.0709219858156028
1.0726281,Control,6.522179150581359,split3,NK cells,Palbociclib,0.0709219858156028
-3.8034463,Control,6.522179150581359,split3,NK cells,Palbociclib,0.0709219858156028
-2.6746278,Control,6.522179150581359,split3,NK cells,Palbociclib,0.0709219858156028
3.0197103,Control,6.522179150581359,split3,NK cells,Palbociclib,0.0709219858156028
3.3544552,Control,6.522179150581359,split3,NK cells,Palbociclib,0.0709219858156028
-2.2349355,Control,6.522179150581359,split3,NK cells,Palbociclib,0.0709219858156028
3.543064,Control,6.522179150581359,split3,NK cells,Palbociclib,0.0709219858156028
4.5148168,Control,6.522179150581359,split3,NK cells,Palbociclib,0.0709219858156028
0.44712466,Control,6.522179150581359,split3,NK cells,Palbociclib,0.0709219858156028
-7.003018,Control,6.522179150581359,split3,NK cells,Palbociclib,0.0709219858156028
3.8318944,Control,6.522179150581359,split3,NK cells,Palbociclib,0.0709219858156028
1.3953664,Control,6.522179150581359,split3,NK cells,Palbociclib,0.0709219858156028
9.332208,Control,6.522179150581359,split3,NK cells,Palbociclib,0.0709219858156028
0.18857425,Control,6.522179150581359,split3,NK cells,Palbociclib,0.0709219858156028
2.900751,Control,6.522179150581359,split3,NK cells,Palbociclib,0.0709219858156028
1.3667659,Control,6.522179150581359,split3,NK cells,Palbociclib,0.0709219858156028
4.549061,Control,6.522179150581359,split3,NK cells,Palbociclib,0.0709219858156028
3.028215,Control,6.522179150581359,split3,NK cells,Palbociclib,0.0709219858156028
4.1135983,Control,6.522179150581359,split3,NK cells,Palbociclib,0.0709219858156028
-2.2273967,Control,6.522179150581359,split3,NK cells,Palbociclib,0.0709219858156028
4.6286507,Control,6.522179150581359,split3,NK cells,Palbociclib,0.0709219858156028
7.131884,Control,6.522179150581359,split3,NK cells,Palbociclib,0.0709219858156028
-1.1006912,Control,6.522179150581359,split3,NK cells,Palbociclib,0.0709219858156028
-0.60195065,Control,6.522179150581359,split3,NK cells,Palbociclib,0.0709219858156028
0.8271582,Control,6.522179150581359,split3,NK cells,Palbociclib,0.0709219858156028
4.876905,Control,6.522179150581359,split3,NK cells,Palbociclib,0.0709219858156028
5.0023413,Control,6.522179150581359,split3,NK cells,Palbociclib,0.0709219858156028
6.1893563,Control,6.522179150581359,split3,NK cells,Palbociclib,0.0709219858156028
1.0262649,Control,6.522179150581359,split3,NK cells,Palbociclib,0.0709219858156028
4.5598946,Control,6.522179150581359,split3,NK cells,Palbociclib,0.0709219858156028
3.8225393,Control,6.522179150581359,split3,NK cells,Palbociclib,0.0709219858156028
-8.956312,Control,6.522179150581359,split3,NK cells,Palbociclib,0.0709219858156028
3.4968348,Control,6.522179150581359,split3,NK cells,Palbociclib,0.0709219858156028
-4.7768116,Control,6.522179150581359,split3,NK cells,Palbociclib,0.0709219858156028
1.4369181,Control,6.522179150581359,split3,NK cells,Palbociclib,0.0709219858156028
3.6535363,Control,6.522179150581359,split3,NK cells,Palbociclib,0.0709219858156028
0.68377066,Control,6.522179150581359,split3,NK cells,Palbociclib,0.0709219858156028
-2.9090047,Control,6.522179150581359,split3,NK cells,Palbociclib,0.0709219858156028
-1.4657645,Control,6.522179150581359,split3,NK cells,Palbociclib,0.0709219858156028
-4.6978593,Control,6.522179150581359,split3,NK cells,Palbociclib,0.0709219858156028
0.5766577,Control,6.522179150581359,split3,NK cells,Palbociclib,0.0709219858156028
-3.477281,Control,6.522179150581359,split3,NK cells,Palbociclib,0.0709219858156028
-1.6821492,Control,6.522179150581359,split3,NK cells,Palbociclib,0.0709219858156028
0.1770767,Control,6.522179150581359,split3,NK cells,Palbociclib,0.0709219858156028
-4.8124013,Control,6.522179150581359,split3,NK cells,Palbociclib,0.0709219858156028
-2.6630557,Control,6.522179150581359,split3,NK cells,Palbociclib,0.0709219858156028
-0.9888164,Control,6.522179150581359,split3,NK cells,Palbociclib,0.0709219858156028
-11.063509,Control,6.522179150581359,split3,NK cells,Palbociclib,0.0709219858156028
2.0267978,Control,6.522179150581359,split3,NK cells,Palbociclib,0.0709219858156028
10.05406,Control,6.522179150581359,split3,NK cells,Palbociclib,0.0709219858156028
2.5213766,Control,6.522179150581359,split3,NK cells,Palbociclib,0.0709219858156028
-0.16603088,Control,6.522179150581359,split3,NK cells,Palbociclib,0.0709219858156028
5.3847957,Control,6.522179150581359,split3,NK cells,Palbociclib,0.0709219858156028
-3.756596,Control,6.522179150581359,split3,NK cells,Palbociclib,0.0709219858156028
-0.46736443,Control,6.522179150581359,split3,NK cells,Palbociclib,0.0709219858156028
0.108153105,Control,6.522179150581359,split3,NK cells,Palbociclib,0.0709219858156028
-0.07497591,Control,6.522179150581359,split3,NK cells,Palbociclib,0.0709219858156028
-4.1827717,Control,6.522179150581359,split3,NK cells,Palbociclib,0.0709219858156028
6.182191,Control,6.522179150581359,split3,NK cells,Palbociclib,0.0709219858156028
0.19740957,Control,6.522179150581359,split3,NK cells,Palbociclib,0.0709219858156028
5.4305654,Control,6.522179150581359,split3,NK cells,Palbociclib,0.0709219858156028
2.114995,Control,6.522179150581359,split3,NK cells,Palbociclib,0.0709219858156028
1.5388248,Control,6.522179150581359,split3,NK cells,Palbociclib,0.0709219858156028
1.9676877,Control,6.522179150581359,split3,NK cells,Palbociclib,0.0709219858156028
7.2936277,Control,6.522179150581359,split3,NK cells,Palbociclib,0.0709219858156028
-4.5797486,Control,6.522179150581359,split3,NK cells,Palbociclib,0.0709219858156028
0.9409798,Control,6.522179150581359,split3,NK cells,Palbociclib,0.0709219858156028
-0.8567623,Control,6.522179150581359,split3,NK cells,Palbociclib,0.0709219858156028
0.4319709,Control,6.522179150581359,split3,NK cells,Palbociclib,0.0709219858156028
-4.4888887,Control,6.522179150581359,split3,NK cells,Palbociclib,0.0709219858156028
-2.071618,Control,6.522179150581359,split3,NK cells,Palbociclib,0.0709219858156028
1.0169903,Control,6.522179150581359,split3,NK cells,Palbociclib,0.0709219858156028
6.451936,Control,6.522179150581359,split3,NK cells,Palbociclib,0.0709219858156028
-2.8033223,Control,6.522179150581359,split3,NK cells,Palbociclib,0.0709219858156028
-0.428397,Control,6.522179150581359,split3,NK cells,Palbociclib,0.0709219858156028
3.6494186,Control,6.522179150581359,split3,NK cells,Palbociclib,0.0709219858156028
1.8026922,Control,6.522179150581359,split3,NK cells,Palbociclib,0.0709219858156028
1.8481511,Control,6.522179150581359,split3,NK cells,Palbociclib,0.0709219858156028
3.5817947,Control,6.522179150581359,split3,NK cells,Palbociclib,0.0709219858156028
2.3351884,Control,6.522179150581359,split3,NK cells,Palbociclib,0.0709219858156028
4.4438796,Control,6.522179150581359,split3,NK cells,Palbociclib,0.0709219858156028
3.1176598,Control,6.522179150581359,split3,NK cells,Palbociclib,0.0709219858156028
6.1271663,Control,6.522179150581359,split3,NK cells,Palbociclib,0.0709219858156028
-0.7746602,Control,6.522179150581359,split3,NK cells,Palbociclib,0.0709219858156028
1.3508904,Control,6.522179150581359,split3,NK cells,Palbociclib,0.0709219858156028
-1.0570934,Control,6.522179150581359,split3,NK cells,Palbociclib,0.0709219858156028
-8.838663,Control,6.522179150581359,split3,NK cells,Palbociclib,0.0709219858156028
2.3663888,Control,6.522179150581359,split3,NK cells,Palbociclib,0.0709219858156028
-2.904601,Control,6.522179150581359,split3,NK cells,Palbociclib,0.0709219858156028
0.6014637,Control,6.522179150581359,split3,NK cells,Palbociclib,0.0709219858156028
6.1020637,Control,6.522179150581359,split3,NK cells,Palbociclib,0.0709219858156028
-0.7123986,Control,6.522179150581359,split3,NK cells,Palbociclib,0.0709219858156028
1.3483491,Control,6.522179150581359,split3,NK cells,Palbociclib,0.0709219858156028
-7.708604,Control,6.522179150581359,split3,NK cells,Palbociclib,0.0709219858156028
-5.4855704,Control,6.522179150581359,split3,NK cells,Palbociclib,0.0709219858156028
1.3182421,Control,6.522179150581359,split3,NK cells,Palbociclib,0.0709219858156028
-4.004463,Control,6.522179150581359,split3,NK cells,Palbociclib,0.0709219858156028
-0.33485612,Control,6.522179150581359,split3,NK cells,Palbociclib,0.0709219858156028
-4.344704,Control,6.522179150581359,split3,NK cells,Palbociclib,0.0709219858156028
9.628712,Control,6.522179150581359,split3,NK cells,Palbociclib,0.0709219858156028
2.5196252,Control,6.522179150581359,split3,NK cells,Palbociclib,0.0709219858156028
-4.8097277,Control,6.522179150581359,split3,NK cells,Palbociclib,0.0709219858156028
1.6445948,Control,6.522179150581359,split3,NK cells,Palbociclib,0.0709219858156028
1.11046,Control,6.522179150581359,split3,NK cells,Palbociclib,0.0709219858156028
2.0216181,Control,6.522179150581359,split3,NK cells,Palbociclib,0.0709219858156028
-0.07973695,Control,6.522179150581359,split3,NK cells,Palbociclib,0.0709219858156028
-7.4326305,Control,6.522179150581359,split3,NK cells,Palbociclib,0.0709219858156028
4.743286,Control,6.522179150581359,split3,NK cells,Palbociclib,0.0709219858156028
5.3171315,Control,6.522179150581359,split3,NK cells,Palbociclib,0.0709219858156028
5.38835,Control,6.522179150581359,split3,NK cells,Palbociclib,0.0709219858156028
4.3294983,Control,6.522179150581359,split3,NK cells,Palbociclib,0.0709219858156028
0.82833624,Control,6.522179150581359,split3,NK cells,Palbociclib,0.0709219858156028
-5.7436085,Control,6.522179150581359,split3,NK cells,Palbociclib,0.0709219858156028
-1.7795042,Control,6.522179150581359,split3,NK cells,Palbociclib,0.0709219858156028
4.0818043,Control,6.522179150581359,split3,NK cells,Palbociclib,0.0709219858156028
3.3049133,Control,6.522179150581359,split3,NK cells,Palbociclib,0.0709219858156028
0.40581954,Control,6.522179150581359,split3,NK cells,Palbociclib,0.0709219858156028
4.6789894,Control,6.522179150581359,split3,NK cells,Palbociclib,0.0709219858156028
-5.3633556,Control,6.522179150581359,split3,NK cells,Palbociclib,0.0709219858156028
1.4620494,Control,6.522179150581359,split3,NK cells,Palbociclib,0.0709219858156028
-4.7613926,Control,6.522179150581359,split3,NK cells,Palbociclib,0.0709219858156028
-6.037439,Control,6.522179150581359,split3,NK cells,Palbociclib,0.0709219858156028
5.792305,Control,6.522179150581359,split3,NK cells,Palbociclib,0.0709219858156028
1.944762,Control,6.522179150581359,split3,NK cells,Palbociclib,0.0709219858156028
-2.34623,Control,6.522179150581359,split3,NK cells,Palbociclib,0.0709219858156028
2.9983568,Control,6.522179150581359,split3,NK cells,Palbociclib,0.0709219858156028
3.6811368,Control,6.522179150581359,split3,NK cells,Palbociclib,0.0709219858156028
7.3959618,Control,6.522179150581359,split3,NK cells,Palbociclib,0.0709219858156028
-4.765656,Control,6.522179150581359,split3,NK cells,Palbociclib,0.0709219858156028
-2.3384662,Control,6.522179150581359,split3,NK cells,Palbociclib,0.0709219858156028
-3.443657,Control,6.522179150581359,split3,NK cells,Palbociclib,0.0709219858156028
-2.4501667,Control,6.522179150581359,split3,NK cells,Palbociclib,0.0709219858156028
-10.923758,Control,6.522179150581359,split3,NK cells,Palbociclib,0.0709219858156028
-3.9678202,Control,6.522179150581359,split3,NK cells,Palbociclib,0.0709219858156028
2.284516,Control,6.522179150581359,split3,NK cells,Palbociclib,0.0709219858156028
2.0609899,Control,6.522179150581359,split3,NK cells,Palbociclib,0.0709219858156028
0.7238225,Control,6.522179150581359,split3,NK cells,Palbociclib,0.0709219858156028
-5.660676,Control,6.522179150581359,split3,NK cells,Palbociclib,0.0709219858156028
-10.52888,Control,6.522179150581359,split3,NK cells,Palbociclib,0.0709219858156028
9.431313,Control,6.522179150581359,split3,NK cells,Palbociclib,0.0709219858156028
2.8557315,Control,6.522179150581359,split3,NK cells,Palbociclib,0.0709219858156028
-0.8064617,Control,6.522179150581359,split3,NK cells,Palbociclib,0.0709219858156028
1.7721989,Control,6.522179150581359,split3,NK cells,Palbociclib,0.0709219858156028
0.72296274,Control,6.522179150581359,split3,NK cells,Palbociclib,0.0709219858156028
-3.8111095,Control,6.522179150581359,split3,NK cells,Palbociclib,0.0709219858156028
0.86390364,Control,6.522179150581359,split3,NK cells,Palbociclib,0.0709219858156028
-2.6101694,Control,6.522179150581359,split3,NK cells,Palbociclib,0.0709219858156028
0.33133245,Control,6.522179150581359,split3,NK cells,Palbociclib,0.0709219858156028
-2.7192092,Control,6.522179150581359,split3,NK cells,Palbociclib,0.0709219858156028
-2.914285,Control,6.522179150581359,split3,NK cells,Palbociclib,0.0709219858156028
-7.5034475,Control,6.522179150581359,split3,NK cells,Palbociclib,0.0709219858156028
0.10705578,Control,6.522179150581359,split3,NK cells,Palbociclib,0.0709219858156028
5.0313406,Control,6.522179150581359,split3,NK cells,Palbociclib,0.0709219858156028
2.7278905,Control,6.522179150581359,split3,NK cells,Palbociclib,0.0709219858156028
-1.999333,Control,6.522179150581359,split3,NK cells,Palbociclib,0.0709219858156028
-1.0735679,Control,6.522179150581359,split3,NK cells,Palbociclib,0.0709219858156028
-0.6388422,Control,6.522179150581359,split3,NK cells,Palbociclib,0.0709219858156028
-3.5384307,Control,6.522179150581359,split3,NK cells,Palbociclib,0.0709219858156028
0.8932741,Control,6.522179150581359,split3,NK cells,Palbociclib,0.0709219858156028
1.3010689,Control,6.522179150581359,split3,NK cells,Palbociclib,0.0709219858156028
0.4961728,Control,6.522179150581359,split3,NK cells,Palbociclib,0.0709219858156028
0.24769974,Control,6.522179150581359,split3,NK cells,Palbociclib,0.0709219858156028
-3.984725,Control,6.522179150581359,split3,NK cells,Palbociclib,0.0709219858156028
3.6912537,Control,6.522179150581359,split3,NK cells,Palbociclib,0.0709219858156028
-3.8814197,Control,6.522179150581359,split3,NK cells,Palbociclib,0.0709219858156028
-6.6196795,Control,6.522179150581359,split3,NK cells,Palbociclib,0.0709219858156028
1.9341958,Control,6.522179150581359,split3,NK cells,Palbociclib,0.0709219858156028
-4.117062,Control,6.522179150581359,split3,NK cells,Palbociclib,0.0709219858156028
4.749603,Control,6.522179150581359,split3,NK cells,Palbociclib,0.0709219858156028
7.292914,Control,6.522179150581359,split3,NK cells,Palbociclib,0.0709219858156028
2.0584946,Control,6.522179150581359,split3,NK cells,Palbociclib,0.0709219858156028
1.6251043,Control,6.522179150581359,split3,NK cells,Palbociclib,0.0709219858156028
7.0857143,Control,6.522179150581359,split3,NK cells,Palbociclib,0.0709219858156028
-1.6445308,Control,6.522179150581359,split3,NK cells,Palbociclib,0.0709219858156028
1.0765712,Control,6.522179150581359,split3,NK cells,Palbociclib,0.0709219858156028
-6.034076,Control,6.522179150581359,split3,NK cells,Palbociclib,0.0709219858156028
1.2199627,Control,6.522179150581359,split3,NK cells,Palbociclib,0.0709219858156028
-1.6879799,Control,6.522179150581359,split3,NK cells,Palbociclib,0.0709219858156028
-2.1301599,Control,6.522179150581359,split3,NK cells,Palbociclib,0.0709219858156028
-1.4009414,Control,6.522179150581359,split3,NK cells,Palbociclib,0.0709219858156028
-0.07885617,Control,6.522179150581359,split3,NK cells,Palbociclib,0.0709219858156028
1.1194396,Control,6.522179150581359,split3,NK cells,Palbociclib,0.0709219858156028
-4.851639,Control,6.522179150581359,split3,NK cells,Palbociclib,0.0709219858156028
-8.815074,Control,6.522179150581359,split3,NK cells,Palbociclib,0.0709219858156028
-0.15174556,Control,6.522179150581359,split3,NK cells,Palbociclib,0.0709219858156028
-2.442213,Control,6.522179150581359,split3,NK cells,Palbociclib,0.0709219858156028
-2.4726734,Control,6.522179150581359,split3,NK cells,Palbociclib,0.0709219858156028
6.8360553,Control,6.522179150581359,split3,NK cells,Palbociclib,0.0709219858156028
4.2359385,Control,6.522179150581359,split3,NK cells,Palbociclib,0.0709219858156028
-3.5460358,Control,6.522179150581359,split3,NK cells,Palbociclib,0.0709219858156028
-3.5907414,Control,6.522179150581359,split3,NK cells,Palbociclib,0.0709219858156028
-5.621205,Control,6.522179150581359,split3,NK cells,Palbociclib,0.0709219858156028
-2.509696,Control,6.522179150581359,split3,NK cells,Palbociclib,0.0709219858156028
-2.2994375,Control,6.522179150581359,split3,NK cells,Palbociclib,0.0709219858156028
4.0160403,Control,6.522179150581359,split3,NK cells,Palbociclib,0.0709219858156028
3.6817493,Control,6.522179150581359,split3,NK cells,Palbociclib,0.0709219858156028
0.73392236,Control,6.522179150581359,split3,NK cells,Palbociclib,0.0709219858156028
5.570567,Control,6.522179150581359,split3,NK cells,Palbociclib,0.0709219858156028
-3.9759526,Control,6.522179150581359,split3,NK cells,Palbociclib,0.0709219858156028
4.545045,Control,6.522179150581359,split3,NK cells,Palbociclib,0.0709219858156028
-3.2456622,Control,6.522179150581359,split3,NK cells,Palbociclib,0.0709219858156028
1.4914564,Control,6.522179150581359,split3,NK cells,Palbociclib,0.0709219858156028
1.6426021,Control,6.522179150581359,split3,NK cells,Palbociclib,0.0709219858156028
-4.0552325,Control,6.522179150581359,split3,NK cells,Palbociclib,0.0709219858156028
-1.4288323,Control,6.522179150581359,split3,NK cells,Palbociclib,0.0709219858156028
-2.700605,Control,6.522179150581359,split3,NK cells,Palbociclib,0.0709219858156028
3.2504354,Control,6.522179150581359,split3,NK cells,Palbociclib,0.0709219858156028
-2.4694095,Control,6.522179150581359,split3,NK cells,Palbociclib,0.0709219858156028
4.3024044,Observed,6.522179150581359,split3,NK cells,Palbociclib,0.0709219858156028
0.29834956,Observed,6.522179150581359,split3,NK cells,Palbociclib,0.0709219858156028
7.19586,Observed,6.522179150581359,split3,NK cells,Palbociclib,0.0709219858156028
6.393671,Observed,6.522179150581359,split3,NK cells,Palbociclib,0.0709219858156028
0.7742622,Observed,6.522179150581359,split3,NK cells,Palbociclib,0.0709219858156028
3.957696,Observed,6.522179150581359,split3,NK cells,Palbociclib,0.0709219858156028
7.2281685,Observed,6.522179150581359,split3,NK cells,Palbociclib,0.0709219858156028
7.79054,Observed,6.522179150581359,split3,NK cells,Palbociclib,0.0709219858156028
3.613084,Observed,6.522179150581359,split3,NK cells,Palbociclib,0.0709219858156028
6.448426,Observed,6.522179150581359,split3,NK cells,Palbociclib,0.0709219858156028
8.499194,Observed,6.522179150581359,split3,NK cells,Palbociclib,0.0709219858156028
6.982821,Observed,6.522179150581359,split3,NK cells,Palbociclib,0.0709219858156028
4.1135883,Observed,6.522179150581359,split3,NK cells,Palbociclib,0.0709219858156028
0.03974676,Observed,6.522179150581359,split3,NK cells,Palbociclib,0.0709219858156028
4.3615437,Observed,6.522179150581359,split3,NK cells,Palbociclib,0.0709219858156028
4.1051855,Observed,6.522179150581359,split3,NK cells,Palbociclib,0.0709219858156028
3.843678,Observed,6.522179150581359,split3,NK cells,Palbociclib,0.0709219858156028
5.1722713,Observed,6.522179150581359,split3,NK cells,Palbociclib,0.0709219858156028
10.538038,Observed,6.522179150581359,split3,NK cells,Palbociclib,0.0709219858156028
5.531791,Observed,6.522179150581359,split3,NK cells,Palbociclib,0.0709219858156028
-2.044025,Observed,6.522179150581359,split3,NK cells,Palbociclib,0.0709219858156028
2.0284078,Observed,6.522179150581359,split3,NK cells,Palbociclib,0.0709219858156028
3.410564,Observed,6.522179150581359,split3,NK cells,Palbociclib,0.0709219858156028
-0.23876429,Observed,6.522179150581359,split3,NK cells,Palbociclib,0.0709219858156028
1.2603203,Observed,6.522179150581359,split3,NK cells,Palbociclib,0.0709219858156028
4.764839,Observed,6.522179150581359,split3,NK cells,Palbociclib,0.0709219858156028
1.2631973,Observed,6.522179150581359,split3,NK cells,Palbociclib,0.0709219858156028
3.909333,Observed,6.522179150581359,split3,NK cells,Palbociclib,0.0709219858156028
1.4059833,Observed,6.522179150581359,split3,NK cells,Palbociclib,0.0709219858156028
5.368419,Observed,6.522179150581359,split3,NK cells,Palbociclib,0.0709219858156028
2.9400434,Observed,6.522179150581359,split3,NK cells,Palbociclib,0.0709219858156028
8.965915,Observed,6.522179150581359,split3,NK cells,Palbociclib,0.0709219858156028
5.185021,Observed,6.522179150581359,split3,NK cells,Palbociclib,0.0709219858156028
4.513437,Observed,6.522179150581359,split3,NK cells,Palbociclib,0.0709219858156028
4.295515,Observed,6.522179150581359,split3,NK cells,Palbociclib,0.0709219858156028
3.4431515,Observed,6.522179150581359,split3,NK cells,Palbociclib,0.0709219858156028
2.9086409,Observed,6.522179150581359,split3,NK cells,Palbociclib,0.0709219858156028
4.513392,Observed,6.522179150581359,split3,NK cells,Palbociclib,0.0709219858156028
1.6729083,Observed,6.522179150581359,split3,NK cells,Palbociclib,0.0709219858156028
2.7289171,Observed,6.522179150581359,split3,NK cells,Palbociclib,0.0709219858156028
3.1420088,Observed,6.522179150581359,split3,NK cells,Palbociclib,0.0709219858156028
0.22271594,Observed,6.522179150581359,split3,NK cells,Palbociclib,0.0709219858156028
1.180853,Observed,6.522179150581359,split3,NK cells,Palbociclib,0.0709219858156028
12.748277,Observed,6.522179150581359,split3,NK cells,Palbociclib,0.0709219858156028
3.8790455,Observed,6.522179150581359,split3,NK cells,Palbociclib,0.0709219858156028
1.7807001,Observed,6.522179150581359,split3,NK cells,Palbociclib,0.0709219858156028
4.8865175,Observed,6.522179150581359,split3,NK cells,Palbociclib,0.0709219858156028
6.6018496,Observed,6.522179150581359,split3,NK cells,Palbociclib,0.0709219858156028
7.9348073,Observed,6.522179150581359,split3,NK cells,Palbociclib,0.0709219858156028
5.3831472,Observed,6.522179150581359,split3,NK cells,Palbociclib,0.0709219858156028
5.0254545,Observed,6.522179150581359,split3,NK cells,Palbociclib,0.0709219858156028
0.16592723,Observed,6.522179150581359,split3,NK cells,Palbociclib,0.0709219858156028
2.8321357,Observed,6.522179150581359,split3,NK cells,Palbociclib,0.0709219858156028
0.52128273,Observed,6.522179150581359,split3,NK cells,Palbociclib,0.0709219858156028
3.4602478,Observed,6.522179150581359,split3,NK cells,Palbociclib,0.0709219858156028
10.480049,Observed,6.522179150581359,split3,NK cells,Palbociclib,0.0709219858156028
4.8741393,Observed,6.522179150581359,split3,NK cells,Palbociclib,0.0709219858156028
5.456611,Observed,6.522179150581359,split3,NK cells,Palbociclib,0.0709219858156028
-0.14659226,Observed,6.522179150581359,split3,NK cells,Palbociclib,0.0709219858156028
8.0219145,Observed,6.522179150581359,split3,NK cells,Palbociclib,0.0709219858156028
2.1265569,Observed,6.522179150581359,split3,NK cells,Palbociclib,0.0709219858156028
3.4618845,Observed,6.522179150581359,split3,NK cells,Palbociclib,0.0709219858156028
6.5412507,Observed,6.522179150581359,split3,NK cells,Palbociclib,0.0709219858156028
4.633734,Observed,6.522179150581359,split3,NK cells,Palbociclib,0.0709219858156028
7.708363,Observed,6.522179150581359,split3,NK cells,Palbociclib,0.0709219858156028
5.051599,Observed,6.522179150581359,split3,NK cells,Palbociclib,0.0709219858156028
5.2030416,Observed,6.522179150581359,split3,NK cells,Palbociclib,0.0709219858156028
5.9180207,Observed,6.522179150581359,split3,NK cells,Palbociclib,0.0709219858156028
7.42099,Observed,6.522179150581359,split3,NK cells,Palbociclib,0.0709219858156028
8.268283,Observed,6.522179150581359,split3,NK cells,Palbociclib,0.0709219858156028
11.007011,Observed,6.522179150581359,split3,NK cells,Palbociclib,0.0709219858156028
5.3453736,Observed,6.522179150581359,split3,NK cells,Palbociclib,0.0709219858156028
2.8428435,Observed,6.522179150581359,split3,NK cells,Palbociclib,0.0709219858156028
1.946968,Observed,6.522179150581359,split3,NK cells,Palbociclib,0.0709219858156028
6.5690312,Observed,6.522179150581359,split3,NK cells,Palbociclib,0.0709219858156028
5.8035645,Observed,6.522179150581359,split3,NK cells,Palbociclib,0.0709219858156028
7.82498,Observed,6.522179150581359,split3,NK cells,Palbociclib,0.0709219858156028
3.674077,Observed,6.522179150581359,split3,NK cells,Palbociclib,0.0709219858156028
-0.33659828,Observed,6.522179150581359,split3,NK cells,Palbociclib,0.0709219858156028
8.110674,Observed,6.522179150581359,split3,NK cells,Palbociclib,0.0709219858156028
4.1968274,Observed,6.522179150581359,split3,NK cells,Palbociclib,0.0709219858156028
5.8032207,Observed,6.522179150581359,split3,NK cells,Palbociclib,0.0709219858156028
3.7560573,Observed,6.522179150581359,split3,NK cells,Palbociclib,0.0709219858156028
0.5387546,Observed,6.522179150581359,split3,NK cells,Palbociclib,0.0709219858156028
4.2419705,Observed,6.522179150581359,split3,NK cells,Palbociclib,0.0709219858156028
8.927697,Observed,6.522179150581359,split3,NK cells,Palbociclib,0.0709219858156028
-5.3019934,Observed,6.522179150581359,split3,NK cells,Palbociclib,0.0709219858156028
7.1427145,Observed,6.522179150581359,split3,NK cells,Palbociclib,0.0709219858156028
-1.1211417,Observed,6.522179150581359,split3,NK cells,Palbociclib,0.0709219858156028
8.6504345,Observed,6.522179150581359,split3,NK cells,Palbociclib,0.0709219858156028
6.0447574,Observed,6.522179150581359,split3,NK cells,Palbociclib,0.0709219858156028
5.8835363,Observed,6.522179150581359,split3,NK cells,Palbociclib,0.0709219858156028
4.0150723,Observed,6.522179150581359,split3,NK cells,Palbociclib,0.0709219858156028
10.284503,Observed,6.522179150581359,split3,NK cells,Palbociclib,0.0709219858156028
6.4782743,Observed,6.522179150581359,split3,NK cells,Palbociclib,0.0709219858156028
5.276717,Observed,6.522179150581359,split3,NK cells,Palbociclib,0.0709219858156028
2.6419473,Observed,6.522179150581359,split3,NK cells,Palbociclib,0.0709219858156028
-1.5089988,Observed,6.522179150581359,split3,NK cells,Palbociclib,0.0709219858156028
4.311611,Observed,6.522179150581359,split3,NK cells,Palbociclib,0.0709219858156028
8.2139,Observed,6.522179150581359,split3,NK cells,Palbociclib,0.0709219858156028
3.8490124,Observed,6.522179150581359,split3,NK cells,Palbociclib,0.0709219858156028
5.308596,Observed,6.522179150581359,split3,NK cells,Palbociclib,0.0709219858156028
5.3786635,Observed,6.522179150581359,split3,NK cells,Palbociclib,0.0709219858156028
2.9057436,Observed,6.522179150581359,split3,NK cells,Palbociclib,0.0709219858156028
-2.751821,Observed,6.522179150581359,split3,NK cells,Palbociclib,0.0709219858156028
11.550732,Observed,6.522179150581359,split3,NK cells,Palbociclib,0.0709219858156028
4.137246,Observed,6.522179150581359,split3,NK cells,Palbociclib,0.0709219858156028
6.7541456,Observed,6.522179150581359,split3,NK cells,Palbociclib,0.0709219858156028
8.641588,Observed,6.522179150581359,split3,NK cells,Palbociclib,0.0709219858156028
8.128345,Observed,6.522179150581359,split3,NK cells,Palbociclib,0.0709219858156028
3.008659,Observed,6.522179150581359,split3,NK cells,Palbociclib,0.0709219858156028
7.2084503,Observed,6.522179150581359,split3,NK cells,Palbociclib,0.0709219858156028
1.7425356,Observed,6.522179150581359,split3,NK cells,Palbociclib,0.0709219858156028
5.9560294,Observed,6.522179150581359,split3,NK cells,Palbociclib,0.0709219858156028
-1.4783807,Observed,6.522179150581359,split3,NK cells,Palbociclib,0.0709219858156028
2.9324913,Observed,6.522179150581359,split3,NK cells,Palbociclib,0.0709219858156028
2.267911,Observed,6.522179150581359,split3,NK cells,Palbociclib,0.0709219858156028
2.2153573,Observed,6.522179150581359,split3,NK cells,Palbociclib,0.0709219858156028
8.442293,Observed,6.522179150581359,split3,NK cells,Palbociclib,0.0709219858156028
7.326585,Observed,6.522179150581359,split3,NK cells,Palbociclib,0.0709219858156028
8.25781,Observed,6.522179150581359,split3,NK cells,Palbociclib,0.0709219858156028
1.729127,Observed,6.522179150581359,split3,NK cells,Palbociclib,0.0709219858156028
5.9491644,Observed,6.522179150581359,split3,NK cells,Palbociclib,0.0709219858156028
4.8919163,Observed,6.522179150581359,split3,NK cells,Palbociclib,0.0709219858156028
5.77393,Observed,6.522179150581359,split3,NK cells,Palbociclib,0.0709219858156028
3.3852272,Observed,6.522179150581359,split3,NK cells,Palbociclib,0.0709219858156028
4.883324,Observed,6.522179150581359,split3,NK cells,Palbociclib,0.0709219858156028
5.7552834,Observed,6.522179150581359,split3,NK cells,Palbociclib,0.0709219858156028
5.518905,Observed,6.522179150581359,split3,NK cells,Palbociclib,0.0709219858156028
0.08301747,Observed,6.522179150581359,split3,NK cells,Palbociclib,0.0709219858156028
4.4602113,Observed,6.522179150581359,split3,NK cells,Palbociclib,0.0709219858156028
3.6746254,Observed,6.522179150581359,split3,NK cells,Palbociclib,0.0709219858156028
8.694602,Observed,6.522179150581359,split3,NK cells,Palbociclib,0.0709219858156028
6.487639,Observed,6.522179150581359,split3,NK cells,Palbociclib,0.0709219858156028
4.833617,Observed,6.522179150581359,split3,NK cells,Palbociclib,0.0709219858156028
3.1077065,Observed,6.522179150581359,split3,NK cells,Palbociclib,0.0709219858156028
4.505563,Observed,6.522179150581359,split3,NK cells,Palbociclib,0.0709219858156028
4.4787436,Observed,6.522179150581359,split3,NK cells,Palbociclib,0.0709219858156028
6.2864494,Observed,6.522179150581359,split3,NK cells,Palbociclib,0.0709219858156028
2.743763,Observed,6.522179150581359,split3,NK cells,Palbociclib,0.0709219858156028
3.2363875,Observed,6.522179150581359,split3,NK cells,Palbociclib,0.0709219858156028
0.58647305,Observed,6.522179150581359,split3,NK cells,Palbociclib,0.0709219858156028
4.9069524,Observed,6.522179150581359,split3,NK cells,Palbociclib,0.0709219858156028
3.6944878,Observed,6.522179150581359,split3,NK cells,Palbociclib,0.0709219858156028
-2.4471729,Observed,6.522179150581359,split3,NK cells,Palbociclib,0.0709219858156028
3.6567688,Observed,6.522179150581359,split3,NK cells,Palbociclib,0.0709219858156028
3.5560813,Observed,6.522179150581359,split3,NK cells,Palbociclib,0.0709219858156028
5.4255843,Observed,6.522179150581359,split3,NK cells,Palbociclib,0.0709219858156028
5.885589,Observed,6.522179150581359,split3,NK cells,Palbociclib,0.0709219858156028
10.27183,Observed,6.522179150581359,split3,NK cells,Palbociclib,0.0709219858156028
-1.6865314,Observed,6.522179150581359,split3,NK cells,Palbociclib,0.0709219858156028
2.9552274,Observed,6.522179150581359,split3,NK cells,Palbociclib,0.0709219858156028
3.6880388,Observed,6.522179150581359,split3,NK cells,Palbociclib,0.0709219858156028
-0.4262923,Observed,6.522179150581359,split3,NK cells,Palbociclib,0.0709219858156028
7.749117,Observed,6.522179150581359,split3,NK cells,Palbociclib,0.0709219858156028
3.9495106,Observed,6.522179150581359,split3,NK cells,Palbociclib,0.0709219858156028
4.2447705,Observed,6.522179150581359,split3,NK cells,Palbociclib,0.0709219858156028
3.2216892,Observed,6.522179150581359,split3,NK cells,Palbociclib,0.0709219858156028
5.003836,Observed,6.522179150581359,split3,NK cells,Palbociclib,0.0709219858156028
0.3234706,Observed,6.522179150581359,split3,NK cells,Palbociclib,0.0709219858156028
1.9561657,Observed,6.522179150581359,split3,NK cells,Palbociclib,0.0709219858156028
5.0120106,Observed,6.522179150581359,split3,NK cells,Palbociclib,0.0709219858156028
10.583549,Observed,6.522179150581359,split3,NK cells,Palbociclib,0.0709219858156028
7.667498,Observed,6.522179150581359,split3,NK cells,Palbociclib,0.0709219858156028
7.6442785,Observed,6.522179150581359,split3,NK cells,Palbociclib,0.0709219858156028
5.3526907,Observed,6.522179150581359,split3,NK cells,Palbociclib,0.0709219858156028
4.6308026,Observed,6.522179150581359,split3,NK cells,Palbociclib,0.0709219858156028
7.334856,Observed,6.522179150581359,split3,NK cells,Palbociclib,0.0709219858156028
5.933466,Observed,6.522179150581359,split3,NK cells,Palbociclib,0.0709219858156028
4.993391,Observed,6.522179150581359,split3,NK cells,Palbociclib,0.0709219858156028
4.1257234,Observed,6.522179150581359,split3,NK cells,Palbociclib,0.0709219858156028
2.7769365,Observed,6.522179150581359,split3,NK cells,Palbociclib,0.0709219858156028
7.415946,Observed,6.522179150581359,split3,NK cells,Palbociclib,0.0709219858156028
8.769036,Observed,6.522179150581359,split3,NK cells,Palbociclib,0.0709219858156028
2.708167,Observed,6.522179150581359,split3,NK cells,Palbociclib,0.0709219858156028
5.9778476,Observed,6.522179150581359,split3,NK cells,Palbociclib,0.0709219858156028
0.4279765,Observed,6.522179150581359,split3,NK cells,Palbociclib,0.0709219858156028
4.401427,Observed,6.522179150581359,split3,NK cells,Palbociclib,0.0709219858156028
6.6428905,Observed,6.522179150581359,split3,NK cells,Palbociclib,0.0709219858156028
3.9185889,Observed,6.522179150581359,split3,NK cells,Palbociclib,0.0709219858156028
9.392489,Observed,6.522179150581359,split3,NK cells,Palbociclib,0.0709219858156028
3.8271017,Observed,6.522179150581359,split3,NK cells,Palbociclib,0.0709219858156028
4.392746,Observed,6.522179150581359,split3,NK cells,Palbociclib,0.0709219858156028
4.552323,Observed,6.522179150581359,split3,NK cells,Palbociclib,0.0709219858156028
8.0601,Observed,6.522179150581359,split3,NK cells,Palbociclib,0.0709219858156028
2.8369112,Observed,6.522179150581359,split3,NK cells,Palbociclib,0.0709219858156028
7.177697,Observed,6.522179150581359,split3,NK cells,Palbociclib,0.0709219858156028
1.96585,Observed,6.522179150581359,split3,NK cells,Palbociclib,0.0709219858156028
2.5144663,Observed,6.522179150581359,split3,NK cells,Palbociclib,0.0709219858156028
0.8026954,Observed,6.522179150581359,split3,NK cells,Palbociclib,0.0709219858156028
7.5736856,Observed,6.522179150581359,split3,NK cells,Palbociclib,0.0709219858156028
3.1023798,Observed,6.522179150581359,split3,NK cells,Palbociclib,0.0709219858156028
9.630694,Observed,6.522179150581359,split3,NK cells,Palbociclib,0.0709219858156028
-1.6279335,Observed,6.522179150581359,split3,NK cells,Palbociclib,0.0709219858156028
6.9523153,Observed,6.522179150581359,split3,NK cells,Palbociclib,0.0709219858156028
2.3700047,Observed,6.522179150581359,split3,NK cells,Palbociclib,0.0709219858156028
7.9365797,Observed,6.522179150581359,split3,NK cells,Palbociclib,0.0709219858156028
1.3546892,Observed,6.522179150581359,split3,NK cells,Palbociclib,0.0709219858156028
6.157815,Observed,6.522179150581359,split3,NK cells,Palbociclib,0.0709219858156028
3.5074792,Observed,6.522179150581359,split3,NK cells,Palbociclib,0.0709219858156028
1.0318877,Observed,6.522179150581359,split3,NK cells,Palbociclib,0.0709219858156028
1.8308938,Observed,6.522179150581359,split3,NK cells,Palbociclib,0.0709219858156028
10.421811,Observed,6.522179150581359,split3,NK cells,Palbociclib,0.0709219858156028
1.7298715,Observed,6.522179150581359,split3,NK cells,Palbociclib,0.0709219858156028
11.74577,Observed,6.522179150581359,split3,NK cells,Palbociclib,0.0709219858156028
9.160989,Observed,6.522179150581359,split3,NK cells,Palbociclib,0.0709219858156028
5.5812273,Observed,6.522179150581359,split3,NK cells,Palbociclib,0.0709219858156028
5.072787,Observed,6.522179150581359,split3,NK cells,Palbociclib,0.0709219858156028
-0.89381665,Observed,6.522179150581359,split3,NK cells,Palbociclib,0.0709219858156028
5.1917586,Observed,6.522179150581359,split3,NK cells,Palbociclib,0.0709219858156028
4.997701,Observed,6.522179150581359,split3,NK cells,Palbociclib,0.0709219858156028
9.303533,Observed,6.522179150581359,split3,NK cells,Palbociclib,0.0709219858156028
4.9702654,Observed,6.522179150581359,split3,NK cells,Palbociclib,0.0709219858156028
6.9742393,Observed,6.522179150581359,split3,NK cells,Palbociclib,0.0709219858156028
5.7219553,Observed,6.522179150581359,split3,NK cells,Palbociclib,0.0709219858156028
3.789235,Observed,6.522179150581359,split3,NK cells,Palbociclib,0.0709219858156028
-3.5602064,Observed,6.522179150581359,split3,NK cells,Palbociclib,0.0709219858156028
4.4291143,Observed,6.522179150581359,split3,NK cells,Palbociclib,0.0709219858156028
5.573848,Observed,6.522179150581359,split3,NK cells,Palbociclib,0.0709219858156028
2.951097,Observed,6.522179150581359,split3,NK cells,Palbociclib,0.0709219858156028
5.193961,Observed,6.522179150581359,split3,NK cells,Palbociclib,0.0709219858156028
4.974561,Observed,6.522179150581359,split3,NK cells,Palbociclib,0.0709219858156028
6.2919784,Observed,6.522179150581359,split3,NK cells,Palbociclib,0.0709219858156028
-2.139853,Observed,6.522179150581359,split3,NK cells,Palbociclib,0.0709219858156028
3.3647623,Observed,6.522179150581359,split3,NK cells,Palbociclib,0.0709219858156028
8.279755,Observed,6.522179150581359,split3,NK cells,Palbociclib,0.0709219858156028
3.8577313,Observed,6.522179150581359,split3,NK cells,Palbociclib,0.0709219858156028
5.2898674,Observed,6.522179150581359,split3,NK cells,Palbociclib,0.0709219858156028
5.6500196,Observed,6.522179150581359,split3,NK cells,Palbociclib,0.0709219858156028
1.9274815,Observed,6.522179150581359,split3,NK cells,Palbociclib,0.0709219858156028
5.065384,Observed,6.522179150581359,split3,NK cells,Palbociclib,0.0709219858156028
7.7952657,Observed,6.522179150581359,split3,NK cells,Palbociclib,0.0709219858156028
6.803113,Observed,6.522179150581359,split3,NK cells,Palbociclib,0.0709219858156028
1.0890654,Observed,6.522179150581359,split3,NK cells,Palbociclib,0.0709219858156028
-1.3658805,Observed,6.522179150581359,split3,NK cells,Palbociclib,0.0709219858156028
8.253589,Observed,6.522179150581359,split3,NK cells,Palbociclib,0.0709219858156028
1.8228778,Observed,6.522179150581359,split3,NK cells,Palbociclib,0.0709219858156028
3.4159298,Observed,6.522179150581359,split3,NK cells,Palbociclib,0.0709219858156028
5.1079264,Observed,6.522179150581359,split3,NK cells,Palbociclib,0.0709219858156028
6.235319,Observed,6.522179150581359,split3,NK cells,Palbociclib,0.0709219858156028
9.111677,Observed,6.522179150581359,split3,NK cells,Palbociclib,0.0709219858156028
8.527509,Observed,6.522179150581359,split3,NK cells,Palbociclib,0.0709219858156028
4.212335,Observed,6.522179150581359,split3,NK cells,Palbociclib,0.0709219858156028
11.305104,Observed,6.522179150581359,split3,NK cells,Palbociclib,0.0709219858156028
5.9580564,Observed,6.522179150581359,split3,NK cells,Palbociclib,0.0709219858156028
5.597812,Observed,6.522179150581359,split3,NK cells,Palbociclib,0.0709219858156028
3.2121358,Observed,6.522179150581359,split3,NK cells,Palbociclib,0.0709219858156028
2.704965,Observed,6.522179150581359,split3,NK cells,Palbociclib,0.0709219858156028
-0.3631587,Observed,6.522179150581359,split3,NK cells,Palbociclib,0.0709219858156028
5.6924944,Observed,6.522179150581359,split3,NK cells,Palbociclib,0.0709219858156028
4.9859858,Observed,6.522179150581359,split3,NK cells,Palbociclib,0.0709219858156028
9.136807,Observed,6.522179150581359,split3,NK cells,Palbociclib,0.0709219858156028
9.344152,Observed,6.522179150581359,split3,NK cells,Palbociclib,0.0709219858156028
0.6584553,Observed,6.522179150581359,split3,NK cells,Palbociclib,0.0709219858156028
7.993398,Observed,6.522179150581359,split3,NK cells,Palbociclib,0.0709219858156028
4.4425163,Observed,6.522179150581359,split3,NK cells,Palbociclib,0.0709219858156028
7.816576,Observed,6.522179150581359,split3,NK cells,Palbociclib,0.0709219858156028
8.797013,Observed,6.522179150581359,split3,NK cells,Palbociclib,0.0709219858156028
4.9288635,Observed,6.522179150581359,split3,NK cells,Palbociclib,0.0709219858156028
4.4251695,Observed,6.522179150581359,split3,NK cells,Palbociclib,0.0709219858156028
7.797388,Observed,6.522179150581359,split3,NK cells,Palbociclib,0.0709219858156028
4.6845746,Observed,6.522179150581359,split3,NK cells,Palbociclib,0.0709219858156028
3.3597412,Observed,6.522179150581359,split3,NK cells,Palbociclib,0.0709219858156028
5.854142,Observed,6.522179150581359,split3,NK cells,Palbociclib,0.0709219858156028
5.3164697,Observed,6.522179150581359,split3,NK cells,Palbociclib,0.0709219858156028
3.0924773,Observed,6.522179150581359,split3,NK cells,Palbociclib,0.0709219858156028
3.6228986,Observed,6.522179150581359,split3,NK cells,Palbociclib,0.0709219858156028
7.8372707,Observed,6.522179150581359,split3,NK cells,Palbociclib,0.0709219858156028
3.7281985,Observed,6.522179150581359,split3,NK cells,Palbociclib,0.0709219858156028
1.3474134,Observed,6.522179150581359,split3,NK cells,Palbociclib,0.0709219858156028
-5.124706,Observed,6.522179150581359,split3,NK cells,Palbociclib,0.0709219858156028
3.4430757,Observed,6.522179150581359,split3,NK cells,Palbociclib,0.0709219858156028
1.0650411,Observed,6.522179150581359,split3,NK cells,Palbociclib,0.0709219858156028
4.571325,Observed,6.522179150581359,split3,NK cells,Palbociclib,0.0709219858156028
4.840488,Observed,6.522179150581359,split3,NK cells,Palbociclib,0.0709219858156028
5.6840606,Observed,6.522179150581359,split3,NK cells,Palbociclib,0.0709219858156028
2.498301,Observed,6.522179150581359,split3,NK cells,Palbociclib,0.0709219858156028
3.3025956,Observed,6.522179150581359,split3,NK cells,Palbociclib,0.0709219858156028
3.7238762,Observed,6.522179150581359,split3,NK cells,Palbociclib,0.0709219858156028
1.5957894,Observed,6.522179150581359,split3,NK cells,Palbociclib,0.0709219858156028
7.9676776,Observed,6.522179150581359,split3,NK cells,Palbociclib,0.0709219858156028
3.109319,Observed,6.522179150581359,split3,NK cells,Palbociclib,0.0709219858156028
7.123107,Observed,6.522179150581359,split3,NK cells,Palbociclib,0.0709219858156028
4.3115683,Observed,6.522179150581359,split3,NK cells,Palbociclib,0.0709219858156028
3.3489437,Observed,6.522179150581359,split3,NK cells,Palbociclib,0.0709219858156028
7.324836,Observed,6.522179150581359,split3,NK cells,Palbociclib,0.0709219858156028
4.9366035,Observed,6.522179150581359,split3,NK cells,Palbociclib,0.0709219858156028
6.3931055,Observed,6.522179150581359,split3,NK cells,Palbociclib,0.0709219858156028
4.3872037,Observed,6.522179150581359,split3,NK cells,Palbociclib,0.0709219858156028
3.9762561,Observed,6.522179150581359,split3,NK cells,Palbociclib,0.0709219858156028
6.9450755,Observed,6.522179150581359,split3,NK cells,Palbociclib,0.0709219858156028
3.1024795,Observed,6.522179150581359,split3,NK cells,Palbociclib,0.0709219858156028
1.2052944,Observed,6.522179150581359,split3,NK cells,Palbociclib,0.0709219858156028
6.950615,Observed,6.522179150581359,split3,NK cells,Palbociclib,0.0709219858156028
9.240355,Observed,6.522179150581359,split3,NK cells,Palbociclib,0.0709219858156028
5.404676,Observed,6.522179150581359,split3,NK cells,Palbociclib,0.0709219858156028
8.369653,Observed,6.522179150581359,split3,NK cells,Palbociclib,0.0709219858156028
6.99288,Observed,6.522179150581359,split3,NK cells,Palbociclib,0.0709219858156028
7.076424,Observed,6.522179150581359,split3,NK cells,Palbociclib,0.0709219858156028
1.1178937,Observed,6.522179150581359,split3,NK cells,Palbociclib,0.0709219858156028
5.677808,Observed,6.522179150581359,split3,NK cells,Palbociclib,0.0709219858156028
3.0104003,Observed,6.522179150581359,split3,NK cells,Palbociclib,0.0709219858156028
3.5322924,Observed,6.522179150581359,split3,NK cells,Palbociclib,0.0709219858156028
6.551497,Observed,6.522179150581359,split3,NK cells,Palbociclib,0.0709219858156028
7.576562,Observed,6.522179150581359,split3,NK cells,Palbociclib,0.0709219858156028
7.0482345,Observed,6.522179150581359,split3,NK cells,Palbociclib,0.0709219858156028
4.6272173,Observed,6.522179150581359,split3,NK cells,Palbociclib,0.0709219858156028
5.7910895,Observed,6.522179150581359,split3,NK cells,Palbociclib,0.0709219858156028
6.1405296,Observed,6.522179150581359,split3,NK cells,Palbociclib,0.0709219858156028
2.1898942,Observed,6.522179150581359,split3,NK cells,Palbociclib,0.0709219858156028
3.5583158,Observed,6.522179150581359,split3,NK cells,Palbociclib,0.0709219858156028
1.347994,Observed,6.522179150581359,split3,NK cells,Palbociclib,0.0709219858156028
-0.11884159,Observed,6.522179150581359,split3,NK cells,Palbociclib,0.0709219858156028
4.6439757,Observed,6.522179150581359,split3,NK cells,Palbociclib,0.0709219858156028
2.0918827,Observed,6.522179150581359,split3,NK cells,Palbociclib,0.0709219858156028
3.732112,Observed,6.522179150581359,split3,NK cells,Palbociclib,0.0709219858156028
8.138999,Observed,6.522179150581359,split3,NK cells,Palbociclib,0.0709219858156028
2.4407606,Observed,6.522179150581359,split3,NK cells,Palbociclib,0.0709219858156028
6.6792784,Observed,6.522179150581359,split3,NK cells,Palbociclib,0.0709219858156028
2.5523202,Observed,6.522179150581359,split3,NK cells,Palbociclib,0.0709219858156028
5.2280817,Observed,6.522179150581359,split3,NK cells,Palbociclib,0.0709219858156028
5.1369357,Observed,6.522179150581359,split3,NK cells,Palbociclib,0.0709219858156028
0.68866926,Observed,6.522179150581359,split3,NK cells,Palbociclib,0.0709219858156028
-2.8489976,Observed,6.522179150581359,split3,NK cells,Palbociclib,0.0709219858156028
5.787334,Observed,6.522179150581359,split3,NK cells,Palbociclib,0.0709219858156028
7.117147,Observed,6.522179150581359,split3,NK cells,Palbociclib,0.0709219858156028
7.411064,Observed,6.522179150581359,split3,NK cells,Palbociclib,0.0709219858156028
4.732098,Observed,6.522179150581359,split3,NK cells,Palbociclib,0.0709219858156028
2.2383966,Observed,6.522179150581359,split3,NK cells,Palbociclib,0.0709219858156028
5.680522,Observed,6.522179150581359,split3,NK cells,Palbociclib,0.0709219858156028
6.2491965,Observed,6.522179150581359,split3,NK cells,Palbociclib,0.0709219858156028
2.932221,Observed,6.522179150581359,split3,NK cells,Palbociclib,0.0709219858156028
0.8010901,Observed,6.522179150581359,split3,NK cells,Palbociclib,0.0709219858156028
2.60781,Observed,6.522179150581359,split3,NK cells,Palbociclib,0.0709219858156028
1.3800721,Observed,6.522179150581359,split3,NK cells,Palbociclib,0.0709219858156028
3.6188626,Observed,6.522179150581359,split3,NK cells,Palbociclib,0.0709219858156028
7.1709514,Observed,6.522179150581359,split3,NK cells,Palbociclib,0.0709219858156028
7.2933917,Observed,6.522179150581359,split3,NK cells,Palbociclib,0.0709219858156028
8.283058,Observed,6.522179150581359,split3,NK cells,Palbociclib,0.0709219858156028
5.3880863,Observed,6.522179150581359,split3,NK cells,Palbociclib,0.0709219858156028
7.2392654,Observed,6.522179150581359,split3,NK cells,Palbociclib,0.0709219858156028
-0.090381265,Observed,6.522179150581359,split3,NK cells,Palbociclib,0.0709219858156028
6.049043,Observed,6.522179150581359,split3,NK cells,Palbociclib,0.0709219858156028
4.0194254,Observed,6.522179150581359,split3,NK cells,Palbociclib,0.0709219858156028
5.6586723,Observed,6.522179150581359,split3,NK cells,Palbociclib,0.0709219858156028
5.0142784,Observed,6.522179150581359,split3,NK cells,Palbociclib,0.0709219858156028
10.503164,Observed,6.522179150581359,split3,NK cells,Palbociclib,0.0709219858156028
8.535504,Observed,6.522179150581359,split3,NK cells,Palbociclib,0.0709219858156028
6.320113,Observed,6.522179150581359,split3,NK cells,Palbociclib,0.0709219858156028
6.4545054,Observed,6.522179150581359,split3,NK cells,Palbociclib,0.0709219858156028
6.7343087,Observed,6.522179150581359,split3,NK cells,Palbociclib,0.0709219858156028
1.5881563,Observed,6.522179150581359,split3,NK cells,Palbociclib,0.0709219858156028
-1.5287026,Observed,6.522179150581359,split3,NK cells,Palbociclib,0.0709219858156028
7.447741,Observed,6.522179150581359,split3,NK cells,Palbociclib,0.0709219858156028
8.682608,Observed,6.522179150581359,split3,NK cells,Palbociclib,0.0709219858156028
9.705486,Observed,6.522179150581359,split3,NK cells,Palbociclib,0.0709219858156028
-1.8425398,Observed,6.522179150581359,split3,NK cells,Palbociclib,0.0709219858156028
4.7301817,Observed,6.522179150581359,split3,NK cells,Palbociclib,0.0709219858156028
7.1392064,Observed,6.522179150581359,split3,NK cells,Palbociclib,0.0709219858156028
0.31198537,Observed,6.522179150581359,split3,NK cells,Palbociclib,0.0709219858156028
-2.3216019,Observed,6.522179150581359,split3,NK cells,Palbociclib,0.0709219858156028
6.544546,Observed,6.522179150581359,split3,NK cells,Palbociclib,0.0709219858156028
9.794725,Observed,6.522179150581359,split3,NK cells,Palbociclib,0.0709219858156028
2.0617156,Observed,6.522179150581359,split3,NK cells,Palbociclib,0.0709219858156028
4.6221733,Observed,6.522179150581359,split3,NK cells,Palbociclib,0.0709219858156028
3.3694046,CRISP,6.522179150581359,split3,NK cells,Palbociclib,0.0709219858156028
2.7794495,CRISP,6.522179150581359,split3,NK cells,Palbociclib,0.0709219858156028
3.960469,CRISP,6.522179150581359,split3,NK cells,Palbociclib,0.0709219858156028
3.20162,CRISP,6.522179150581359,split3,NK cells,Palbociclib,0.0709219858156028
3.2868748,CRISP,6.522179150581359,split3,NK cells,Palbociclib,0.0709219858156028
2.5275645,CRISP,6.522179150581359,split3,NK cells,Palbociclib,0.0709219858156028
3.375048,CRISP,6.522179150581359,split3,NK cells,Palbociclib,0.0709219858156028
3.1793582,CRISP,6.522179150581359,split3,NK cells,Palbociclib,0.0709219858156028
2.2534063,CRISP,6.522179150581359,split3,NK cells,Palbociclib,0.0709219858156028
2.4610665,CRISP,6.522179150581359,split3,NK cells,Palbociclib,0.0709219858156028
3.2760606,CRISP,6.522179150581359,split3,NK cells,Palbociclib,0.0709219858156028
3.356821,CRISP,6.522179150581359,split3,NK cells,Palbociclib,0.0709219858156028
3.239678,CRISP,6.522179150581359,split3,NK cells,Palbociclib,0.0709219858156028
4.025553,CRISP,6.522179150581359,split3,NK cells,Palbociclib,0.0709219858156028
2.653491,CRISP,6.522179150581359,split3,NK cells,Palbociclib,0.0709219858156028
3.5044734,CRISP,6.522179150581359,split3,NK cells,Palbociclib,0.0709219858156028
2.6141586,CRISP,6.522179150581359,split3,NK cells,Palbociclib,0.0709219858156028
3.63589,CRISP,6.522179150581359,split3,NK cells,Palbociclib,0.0709219858156028
3.2070498,CRISP,6.522179150581359,split3,NK cells,Palbociclib,0.0709219858156028
3.0208967,CRISP,6.522179150581359,split3,NK cells,Palbociclib,0.0709219858156028
3.401026,CRISP,6.522179150581359,split3,NK cells,Palbociclib,0.0709219858156028
2.8704224,CRISP,6.522179150581359,split3,NK cells,Palbociclib,0.0709219858156028
2.8063154,CRISP,6.522179150581359,split3,NK cells,Palbociclib,0.0709219858156028
2.8783584,CRISP,6.522179150581359,split3,NK cells,Palbociclib,0.0709219858156028
2.5424826,CRISP,6.522179150581359,split3,NK cells,Palbociclib,0.0709219858156028
1.7002364,CRISP,6.522179150581359,split3,NK cells,Palbociclib,0.0709219858156028
2.4097252,CRISP,6.522179150581359,split3,NK cells,Palbociclib,0.0709219858156028
2.7576606,CRISP,6.522179150581359,split3,NK cells,Palbociclib,0.0709219858156028
2.9226272,CRISP,6.522179150581359,split3,NK cells,Palbociclib,0.0709219858156028
3.9299428,CRISP,6.522179150581359,split3,NK cells,Palbociclib,0.0709219858156028
3.8653982,CRISP,6.522179150581359,split3,NK cells,Palbociclib,0.0709219858156028
2.3836997,CRISP,6.522179150581359,split3,NK cells,Palbociclib,0.0709219858156028
2.3144274,CRISP,6.522179150581359,split3,NK cells,Palbociclib,0.0709219858156028
3.740304,CRISP,6.522179150581359,split3,NK cells,Palbociclib,0.0709219858156028
3.080172,CRISP,6.522179150581359,split3,NK cells,Palbociclib,0.0709219858156028
2.7246747,CRISP,6.522179150581359,split3,NK cells,Palbociclib,0.0709219858156028
2.3188913,CRISP,6.522179150581359,split3,NK cells,Palbociclib,0.0709219858156028
3.7990406,CRISP,6.522179150581359,split3,NK cells,Palbociclib,0.0709219858156028
3.5037928,CRISP,6.522179150581359,split3,NK cells,Palbociclib,0.0709219858156028
3.5336344,CRISP,6.522179150581359,split3,NK cells,Palbociclib,0.0709219858156028
3.681629,CRISP,6.522179150581359,split3,NK cells,Palbociclib,0.0709219858156028
3.030598,CRISP,6.522179150581359,split3,NK cells,Palbociclib,0.0709219858156028
3.073854,CRISP,6.522179150581359,split3,NK cells,Palbociclib,0.0709219858156028
2.2763054,CRISP,6.522179150581359,split3,NK cells,Palbociclib,0.0709219858156028
2.9653423,CRISP,6.522179150581359,split3,NK cells,Palbociclib,0.0709219858156028
3.1832478,CRISP,6.522179150581359,split3,NK cells,Palbociclib,0.0709219858156028
3.2054293,CRISP,6.522179150581359,split3,NK cells,Palbociclib,0.0709219858156028
3.662819,CRISP,6.522179150581359,split3,NK cells,Palbociclib,0.0709219858156028
4.0662985,CRISP,6.522179150581359,split3,NK cells,Palbociclib,0.0709219858156028
2.1647701,CRISP,6.522179150581359,split3,NK cells,Palbociclib,0.0709219858156028
3.653778,CRISP,6.522179150581359,split3,NK cells,Palbociclib,0.0709219858156028
2.8126593,CRISP,6.522179150581359,split3,NK cells,Palbociclib,0.0709219858156028
2.940094,CRISP,6.522179150581359,split3,NK cells,Palbociclib,0.0709219858156028
2.4974718,CRISP,6.522179150581359,split3,NK cells,Palbociclib,0.0709219858156028
2.7963467,CRISP,6.522179150581359,split3,NK cells,Palbociclib,0.0709219858156028
3.3920045,CRISP,6.522179150581359,split3,NK cells,Palbociclib,0.0709219858156028
3.4127192,CRISP,6.522179150581359,split3,NK cells,Palbociclib,0.0709219858156028
1.1668116,CRISP,6.522179150581359,split3,NK cells,Palbociclib,0.0709219858156028
2.288454,CRISP,6.522179150581359,split3,NK cells,Palbociclib,0.0709219858156028
2.9008424,CRISP,6.522179150581359,split3,NK cells,Palbociclib,0.0709219858156028
2.9680564,CRISP,6.522179150581359,split3,NK cells,Palbociclib,0.0709219858156028
2.586674,CRISP,6.522179150581359,split3,NK cells,Palbociclib,0.0709219858156028
3.259739,CRISP,6.522179150581359,split3,NK cells,Palbociclib,0.0709219858156028
1.5359145,CRISP,6.522179150581359,split3,NK cells,Palbociclib,0.0709219858156028
3.0193481,CRISP,6.522179150581359,split3,NK cells,Palbociclib,0.0709219858156028
2.2530606,CRISP,6.522179150581359,split3,NK cells,Palbociclib,0.0709219858156028
2.336689,CRISP,6.522179150581359,split3,NK cells,Palbociclib,0.0709219858156028
1.5281191,CRISP,6.522179150581359,split3,NK cells,Palbociclib,0.0709219858156028
3.4850094,CRISP,6.522179150581359,split3,NK cells,Palbociclib,0.0709219858156028
3.9908323,CRISP,6.522179150581359,split3,NK cells,Palbociclib,0.0709219858156028
3.4710214,CRISP,6.522179150581359,split3,NK cells,Palbociclib,0.0709219858156028
4.062406,CRISP,6.522179150581359,split3,NK cells,Palbociclib,0.0709219858156028
3.3419507,CRISP,6.522179150581359,split3,NK cells,Palbociclib,0.0709219858156028
3.163752,CRISP,6.522179150581359,split3,NK cells,Palbociclib,0.0709219858156028
3.2201252,CRISP,6.522179150581359,split3,NK cells,Palbociclib,0.0709219858156028
3.0088253,CRISP,6.522179150581359,split3,NK cells,Palbociclib,0.0709219858156028
3.0570598,CRISP,6.522179150581359,split3,NK cells,Palbociclib,0.0709219858156028
3.2600458,CRISP,6.522179150581359,split3,NK cells,Palbociclib,0.0709219858156028
3.478282,CRISP,6.522179150581359,split3,NK cells,Palbociclib,0.0709219858156028
3.2668958,CRISP,6.522179150581359,split3,NK cells,Palbociclib,0.0709219858156028
4.0313683,CRISP,6.522179150581359,split3,NK cells,Palbociclib,0.0709219858156028
3.2561433,CRISP,6.522179150581359,split3,NK cells,Palbociclib,0.0709219858156028
2.7526526,CRISP,6.522179150581359,split3,NK cells,Palbociclib,0.0709219858156028
3.0584314,CRISP,6.522179150581359,split3,NK cells,Palbociclib,0.0709219858156028
4.08417,CRISP,6.522179150581359,split3,NK cells,Palbociclib,0.0709219858156028
0.69696057,CRISP,6.522179150581359,split3,NK cells,Palbociclib,0.0709219858156028
3.5489354,CRISP,6.522179150581359,split3,NK cells,Palbociclib,0.0709219858156028
3.9663892,CRISP,6.522179150581359,split3,NK cells,Palbociclib,0.0709219858156028
3.2362037,CRISP,6.522179150581359,split3,NK cells,Palbociclib,0.0709219858156028
2.4624524,CRISP,6.522179150581359,split3,NK cells,Palbociclib,0.0709219858156028
2.0072489,CRISP,6.522179150581359,split3,NK cells,Palbociclib,0.0709219858156028
3.5899136,CRISP,6.522179150581359,split3,NK cells,Palbociclib,0.0709219858156028
3.2789347,CRISP,6.522179150581359,split3,NK cells,Palbociclib,0.0709219858156028
3.2613463,CRISP,6.522179150581359,split3,NK cells,Palbociclib,0.0709219858156028
2.980451,CRISP,6.522179150581359,split3,NK cells,Palbociclib,0.0709219858156028
2.6121335,CRISP,6.522179150581359,split3,NK cells,Palbociclib,0.0709219858156028
3.576227,CRISP,6.522179150581359,split3,NK cells,Palbociclib,0.0709219858156028
3.4138613,CRISP,6.522179150581359,split3,NK cells,Palbociclib,0.0709219858156028
3.6592264,CRISP,6.522179150581359,split3,NK cells,Palbociclib,0.0709219858156028
3.18481,CRISP,6.522179150581359,split3,NK cells,Palbociclib,0.0709219858156028
2.472925,CRISP,6.522179150581359,split3,NK cells,Palbociclib,0.0709219858156028
0.33032587,CRISP,6.522179150581359,split3,NK cells,Palbociclib,0.0709219858156028
3.2907996,CRISP,6.522179150581359,split3,NK cells,Palbociclib,0.0709219858156028
2.9167812,CRISP,6.522179150581359,split3,NK cells,Palbociclib,0.0709219858156028
2.518765,CRISP,6.522179150581359,split3,NK cells,Palbociclib,0.0709219858156028
2.447505,CRISP,6.522179150581359,split3,NK cells,Palbociclib,0.0709219858156028
3.4072523,CRISP,6.522179150581359,split3,NK cells,Palbociclib,0.0709219858156028
3.686326,CRISP,6.522179150581359,split3,NK cells,Palbociclib,0.0709219858156028
3.407663,CRISP,6.522179150581359,split3,NK cells,Palbociclib,0.0709219858156028
2.7146447,CRISP,6.522179150581359,split3,NK cells,Palbociclib,0.0709219858156028
2.5187562,CRISP,6.522179150581359,split3,NK cells,Palbociclib,0.0709219858156028
3.3058121,CRISP,6.522179150581359,split3,NK cells,Palbociclib,0.0709219858156028
3.1578748,CRISP,6.522179150581359,split3,NK cells,Palbociclib,0.0709219858156028
1.6121058,CRISP,6.522179150581359,split3,NK cells,Palbociclib,0.0709219858156028
2.9008703,CRISP,6.522179150581359,split3,NK cells,Palbociclib,0.0709219858156028
2.663293,CRISP,6.522179150581359,split3,NK cells,Palbociclib,0.0709219858156028
2.1626213,CRISP,6.522179150581359,split3,NK cells,Palbociclib,0.0709219858156028
3.6344678,CRISP,6.522179150581359,split3,NK cells,Palbociclib,0.0709219858156028
3.557786,CRISP,6.522179150581359,split3,NK cells,Palbociclib,0.0709219858156028
2.9019825,CRISP,6.522179150581359,split3,NK cells,Palbociclib,0.0709219858156028
3.298258,CRISP,6.522179150581359,split3,NK cells,Palbociclib,0.0709219858156028
3.233153,CRISP,6.522179150581359,split3,NK cells,Palbociclib,0.0709219858156028
3.7618368,CRISP,6.522179150581359,split3,NK cells,Palbociclib,0.0709219858156028
2.5929668,CRISP,6.522179150581359,split3,NK cells,Palbociclib,0.0709219858156028
2.5039973,CRISP,6.522179150581359,split3,NK cells,Palbociclib,0.0709219858156028
3.0657206,CRISP,6.522179150581359,split3,NK cells,Palbociclib,0.0709219858156028
2.2493746,CRISP,6.522179150581359,split3,NK cells,Palbociclib,0.0709219858156028
3.1291802,CRISP,6.522179150581359,split3,NK cells,Palbociclib,0.0709219858156028
3.500832,CRISP,6.522179150581359,split3,NK cells,Palbociclib,0.0709219858156028
2.8183355,CRISP,6.522179150581359,split3,NK cells,Palbociclib,0.0709219858156028
2.7246268,CRISP,6.522179150581359,split3,NK cells,Palbociclib,0.0709219858156028
3.314978,CRISP,6.522179150581359,split3,NK cells,Palbociclib,0.0709219858156028
2.7359133,CRISP,6.522179150581359,split3,NK cells,Palbociclib,0.0709219858156028
1.4475405,CRISP,6.522179150581359,split3,NK cells,Palbociclib,0.0709219858156028
2.5355575,CRISP,6.522179150581359,split3,NK cells,Palbociclib,0.0709219858156028
3.1590424,CRISP,6.522179150581359,split3,NK cells,Palbociclib,0.0709219858156028
3.1127927,CRISP,6.522179150581359,split3,NK cells,Palbociclib,0.0709219858156028
2.3322754,CRISP,6.522179150581359,split3,NK cells,Palbociclib,0.0709219858156028
2.4905808,CRISP,6.522179150581359,split3,NK cells,Palbociclib,0.0709219858156028
2.4968526,CRISP,6.522179150581359,split3,NK cells,Palbociclib,0.0709219858156028
3.5933015,CRISP,6.522179150581359,split3,NK cells,Palbociclib,0.0709219858156028
3.2332156,CRISP,6.522179150581359,split3,NK cells,Palbociclib,0.0709219858156028
2.849033,CRISP,6.522179150581359,split3,NK cells,Palbociclib,0.0709219858156028
3.9709585,CRISP,6.522179150581359,split3,NK cells,Palbociclib,0.0709219858156028
1.9329634,CRISP,6.522179150581359,split3,NK cells,Palbociclib,0.0709219858156028
3.365032,CRISP,6.522179150581359,split3,NK cells,Palbociclib,0.0709219858156028
3.1682057,CRISP,6.522179150581359,split3,NK cells,Palbociclib,0.0709219858156028
2.1240077,CRISP,6.522179150581359,split3,NK cells,Palbociclib,0.0709219858156028
2.1960442,CRISP,6.522179150581359,split3,NK cells,Palbociclib,0.0709219858156028
3.2210412,CRISP,6.522179150581359,split3,NK cells,Palbociclib,0.0709219858156028
3.498109,CRISP,6.522179150581359,split3,NK cells,Palbociclib,0.0709219858156028
2.7759686,CRISP,6.522179150581359,split3,NK cells,Palbociclib,0.0709219858156028
2.4048457,CRISP,6.522179150581359,split3,NK cells,Palbociclib,0.0709219858156028
3.414622,CRISP,6.522179150581359,split3,NK cells,Palbociclib,0.0709219858156028
2.9868748,CRISP,6.522179150581359,split3,NK cells,Palbociclib,0.0709219858156028
3.8030522,CRISP,6.522179150581359,split3,NK cells,Palbociclib,0.0709219858156028
3.0852208,CRISP,6.522179150581359,split3,NK cells,Palbociclib,0.0709219858156028
3.2214732,CRISP,6.522179150581359,split3,NK cells,Palbociclib,0.0709219858156028
2.2682428,CRISP,6.522179150581359,split3,NK cells,Palbociclib,0.0709219858156028
1.9681962,CRISP,6.522179150581359,split3,NK cells,Palbociclib,0.0709219858156028
3.7291818,CRISP,6.522179150581359,split3,NK cells,Palbociclib,0.0709219858156028
2.3907673,CRISP,6.522179150581359,split3,NK cells,Palbociclib,0.0709219858156028
3.7280269,CRISP,6.522179150581359,split3,NK cells,Palbociclib,0.0709219858156028
3.4859262,CRISP,6.522179150581359,split3,NK cells,Palbociclib,0.0709219858156028
3.326334,CRISP,6.522179150581359,split3,NK cells,Palbociclib,0.0709219858156028
3.5696688,CRISP,6.522179150581359,split3,NK cells,Palbociclib,0.0709219858156028
2.4895751,CRISP,6.522179150581359,split3,NK cells,Palbociclib,0.0709219858156028
2.1576838,CRISP,6.522179150581359,split3,NK cells,Palbociclib,0.0709219858156028
2.484206,CRISP,6.522179150581359,split3,NK cells,Palbociclib,0.0709219858156028
2.4586592,CRISP,6.522179150581359,split3,NK cells,Palbociclib,0.0709219858156028
2.4123068,CRISP,6.522179150581359,split3,NK cells,Palbociclib,0.0709219858156028
3.0796175,CRISP,6.522179150581359,split3,NK cells,Palbociclib,0.0709219858156028
2.0135102,CRISP,6.522179150581359,split3,NK cells,Palbociclib,0.0709219858156028
2.045097,CRISP,6.522179150581359,split3,NK cells,Palbociclib,0.0709219858156028
2.3377132,CRISP,6.522179150581359,split3,NK cells,Palbociclib,0.0709219858156028
2.5718763,CRISP,6.522179150581359,split3,NK cells,Palbociclib,0.0709219858156028
3.2121465,CRISP,6.522179150581359,split3,NK cells,Palbociclib,0.0709219858156028
2.3277898,CRISP,6.522179150581359,split3,NK cells,Palbociclib,0.0709219858156028
2.7286549,CRISP,6.522179150581359,split3,NK cells,Palbociclib,0.0709219858156028
2.3264575,CRISP,6.522179150581359,split3,NK cells,Palbociclib,0.0709219858156028
0.74410856,CRISP,6.522179150581359,split3,NK cells,Palbociclib,0.0709219858156028
4.0333085,CRISP,6.522179150581359,split3,NK cells,Palbociclib,0.0709219858156028
3.1216996,CRISP,6.522179150581359,split3,NK cells,Palbociclib,0.0709219858156028
2.584104,CRISP,6.522179150581359,split3,NK cells,Palbociclib,0.0709219858156028
3.0357041,CRISP,6.522179150581359,split3,NK cells,Palbociclib,0.0709219858156028
2.9281714,CRISP,6.522179150581359,split3,NK cells,Palbociclib,0.0709219858156028
3.3027782,CRISP,6.522179150581359,split3,NK cells,Palbociclib,0.0709219858156028
3.4918683,CRISP,6.522179150581359,split3,NK cells,Palbociclib,0.0709219858156028
3.273706,CRISP,6.522179150581359,split3,NK cells,Palbociclib,0.0709219858156028
2.9151287,CRISP,6.522179150581359,split3,NK cells,Palbociclib,0.0709219858156028
2.5838742,CRISP,6.522179150581359,split3,NK cells,Palbociclib,0.0709219858156028
1.9917789,CRISP,6.522179150581359,split3,NK cells,Palbociclib,0.0709219858156028
3.9563837,CRISP,6.522179150581359,split3,NK cells,Palbociclib,0.0709219858156028
2.379756,CRISP,6.522179150581359,split3,NK cells,Palbociclib,0.0709219858156028
2.562882,CRISP,6.522179150581359,split3,NK cells,Palbociclib,0.0709219858156028
2.9568007,CRISP,6.522179150581359,split3,NK cells,Palbociclib,0.0709219858156028
2.978483,CRISP,6.522179150581359,split3,NK cells,Palbociclib,0.0709219858156028
2.7223046,CRISP,6.522179150581359,split3,NK cells,Palbociclib,0.0709219858156028
2.2093992,CRISP,6.522179150581359,split3,NK cells,Palbociclib,0.0709219858156028
3.5140908,CRISP,6.522179150581359,split3,NK cells,Palbociclib,0.0709219858156028
2.8302217,CRISP,6.522179150581359,split3,NK cells,Palbociclib,0.0709219858156028
3.152192,CRISP,6.522179150581359,split3,NK cells,Palbociclib,0.0709219858156028
2.1171677,CRISP,6.522179150581359,split3,NK cells,Palbociclib,0.0709219858156028
2.5321748,CRISP,6.522179150581359,split3,NK cells,Palbociclib,0.0709219858156028
4.1439204,CRISP,6.522179150581359,split3,NK cells,Palbociclib,0.0709219858156028
2.7139225,CRISP,6.522179150581359,split3,NK cells,Palbociclib,0.0709219858156028
3.9344428,CRISP,6.522179150581359,split3,NK cells,Palbociclib,0.0709219858156028
3.8120642,CRISP,6.522179150581359,split3,NK cells,Palbociclib,0.0709219858156028
3.4913137,CRISP,6.522179150581359,split3,NK cells,Palbociclib,0.0709219858156028
2.6417224,CRISP,6.522179150581359,split3,NK cells,Palbociclib,0.0709219858156028
-0.16653718,CRISP,6.522179150581359,split3,NK cells,Palbociclib,0.0709219858156028
3.1006997,CRISP,6.522179150581359,split3,NK cells,Palbociclib,0.0709219858156028
2.462708,CRISP,6.522179150581359,split3,NK cells,Palbociclib,0.0709219858156028
2.5632608,CRISP,6.522179150581359,split3,NK cells,Palbociclib,0.0709219858156028
2.6342568,CRISP,6.522179150581359,split3,NK cells,Palbociclib,0.0709219858156028
2.5667348,CRISP,6.522179150581359,split3,NK cells,Palbociclib,0.0709219858156028
3.6641765,CRISP,6.522179150581359,split3,NK cells,Palbociclib,0.0709219858156028
3.76469,CRISP,6.522179150581359,split3,NK cells,Palbociclib,0.0709219858156028
2.3606298,CRISP,6.522179150581359,split3,NK cells,Palbociclib,0.0709219858156028
3.4545233,CRISP,6.522179150581359,split3,NK cells,Palbociclib,0.0709219858156028
3.6912262,CRISP,6.522179150581359,split3,NK cells,Palbociclib,0.0709219858156028
2.494944,CRISP,6.522179150581359,split3,NK cells,Palbociclib,0.0709219858156028
3.5873063,CRISP,6.522179150581359,split3,NK cells,Palbociclib,0.0709219858156028
2.3287861,CRISP,6.522179150581359,split3,NK cells,Palbociclib,0.0709219858156028
3.6905687,CRISP,6.522179150581359,split3,NK cells,Palbociclib,0.0709219858156028
3.7073019,CRISP,6.522179150581359,split3,NK cells,Palbociclib,0.0709219858156028
3.5905242,CRISP,6.522179150581359,split3,NK cells,Palbociclib,0.0709219858156028
2.807474,CRISP,6.522179150581359,split3,NK cells,Palbociclib,0.0709219858156028
3.0919397,CRISP,6.522179150581359,split3,NK cells,Palbociclib,0.0709219858156028
3.5678551,CRISP,6.522179150581359,split3,NK cells,Palbociclib,0.0709219858156028
3.6826096,CRISP,6.522179150581359,split3,NK cells,Palbociclib,0.0709219858156028
3.2743165,CRISP,6.522179150581359,split3,NK cells,Palbociclib,0.0709219858156028
3.0864367,CRISP,6.522179150581359,split3,NK cells,Palbociclib,0.0709219858156028
-0.054102316,CRISP,6.522179150581359,split3,NK cells,Palbociclib,0.0709219858156028
2.8231988,CRISP,6.522179150581359,split3,NK cells,Palbociclib,0.0709219858156028
3.1485603,CRISP,6.522179150581359,split3,NK cells,Palbociclib,0.0709219858156028
3.0019023,CRISP,6.522179150581359,split3,NK cells,Palbociclib,0.0709219858156028
3.5360754,CRISP,6.522179150581359,split3,NK cells,Palbociclib,0.0709219858156028
2.1999278,CRISP,6.522179150581359,split3,NK cells,Palbociclib,0.0709219858156028
3.9416265,CRISP,6.522179150581359,split3,NK cells,Palbociclib,0.0709219858156028
3.449809,CRISP,6.522179150581359,split3,NK cells,Palbociclib,0.0709219858156028
3.0755208,CRISP,6.522179150581359,split3,NK cells,Palbociclib,0.0709219858156028
2.579967,CRISP,6.522179150581359,split3,NK cells,Palbociclib,0.0709219858156028
2.3226972,CRISP,6.522179150581359,split3,NK cells,Palbociclib,0.0709219858156028
2.4970176,CRISP,6.522179150581359,split3,NK cells,Palbociclib,0.0709219858156028
3.7122915,CRISP,6.522179150581359,split3,NK cells,Palbociclib,0.0709219858156028
3.5991032,CRISP,6.522179150581359,split3,NK cells,Palbociclib,0.0709219858156028
3.475195,CRISP,6.522179150581359,split3,NK cells,Palbociclib,0.0709219858156028
2.5885332,CRISP,6.522179150581359,split3,NK cells,Palbociclib,0.0709219858156028
3.8591576,CRISP,6.522179150581359,split3,NK cells,Palbociclib,0.0709219858156028
3.1111171,CRISP,6.522179150581359,split3,NK cells,Palbociclib,0.0709219858156028
3.2010844,CRISP,6.522179150581359,split3,NK cells,Palbociclib,0.0709219858156028
3.632228,CRISP,6.522179150581359,split3,NK cells,Palbociclib,0.0709219858156028
2.2019646,CRISP,6.522179150581359,split3,NK cells,Palbociclib,0.0709219858156028
3.2990415,CRISP,6.522179150581359,split3,NK cells,Palbociclib,0.0709219858156028
2.4553745,CRISP,6.522179150581359,split3,NK cells,Palbociclib,0.0709219858156028
2.0269942,CRISP,6.522179150581359,split3,NK cells,Palbociclib,0.0709219858156028
3.214847,CRISP,6.522179150581359,split3,NK cells,Palbociclib,0.0709219858156028
2.9583743,CRISP,6.522179150581359,split3,NK cells,Palbociclib,0.0709219858156028
3.6486804,CRISP,6.522179150581359,split3,NK cells,Palbociclib,0.0709219858156028
3.1097226,CRISP,6.522179150581359,split3,NK cells,Palbociclib,0.0709219858156028
3.2646413,CRISP,6.522179150581359,split3,NK cells,Palbociclib,0.0709219858156028
3.0359783,CRISP,6.522179150581359,split3,NK cells,Palbociclib,0.0709219858156028
2.959219,CRISP,6.522179150581359,split3,NK cells,Palbociclib,0.0709219858156028
3.5225892,CRISP,6.522179150581359,split3,NK cells,Palbociclib,0.0709219858156028
3.1707778,CRISP,6.522179150581359,split3,NK cells,Palbociclib,0.0709219858156028
1.7760843,CRISP,6.522179150581359,split3,NK cells,Palbociclib,0.0709219858156028
2.8767247,CRISP,6.522179150581359,split3,NK cells,Palbociclib,0.0709219858156028
2.6554236,CRISP,6.522179150581359,split3,NK cells,Palbociclib,0.0709219858156028
2.3909686,CRISP,6.522179150581359,split3,NK cells,Palbociclib,0.0709219858156028
2.6819112,CRISP,6.522179150581359,split3,NK cells,Palbociclib,0.0709219858156028
3.4621904,CRISP,6.522179150581359,split3,NK cells,Palbociclib,0.0709219858156028
2.3637865,CRISP,6.522179150581359,split3,NK cells,Palbociclib,0.0709219858156028
2.8333957,CRISP,6.522179150581359,split3,NK cells,Palbociclib,0.0709219858156028
3.3242805,CRISP,6.522179150581359,split3,NK cells,Palbociclib,0.0709219858156028
3.3337033,CRISP,6.522179150581359,split3,NK cells,Palbociclib,0.0709219858156028
3.1825988,CRISP,6.522179150581359,split3,NK cells,Palbociclib,0.0709219858156028
2.7169933,CRISP,6.522179150581359,split3,NK cells,Palbociclib,0.0709219858156028
2.4599068,CRISP,6.522179150581359,split3,NK cells,Palbociclib,0.0709219858156028
2.8725173,CRISP,6.522179150581359,split3,NK cells,Palbociclib,0.0709219858156028
3.4940128,CRISP,6.522179150581359,split3,NK cells,Palbociclib,0.0709219858156028
2.9833035,CRISP,6.522179150581359,split3,NK cells,Palbociclib,0.0709219858156028
3.7106667,CRISP,6.522179150581359,split3,NK cells,Palbociclib,0.0709219858156028
3.9154172,CRISP,6.522179150581359,split3,NK cells,Palbociclib,0.0709219858156028
2.7975285,CRISP,6.522179150581359,split3,NK cells,Palbociclib,0.0709219858156028
2.8824637,CRISP,6.522179150581359,split3,NK cells,Palbociclib,0.0709219858156028
3.1102588,CRISP,6.522179150581359,split3,NK cells,Palbociclib,0.0709219858156028
3.9375944,CRISP,6.522179150581359,split3,NK cells,Palbociclib,0.0709219858156028
3.3433414,CRISP,6.522179150581359,split3,NK cells,Palbociclib,0.0709219858156028
2.9860864,CRISP,6.522179150581359,split3,NK cells,Palbociclib,0.0709219858156028
-0.39661187,CRISP,6.522179150581359,split3,NK cells,Palbociclib,0.0709219858156028
3.795868,CRISP,6.522179150581359,split3,NK cells,Palbociclib,0.0709219858156028
2.638626,CRISP,6.522179150581359,split3,NK cells,Palbociclib,0.0709219858156028
3.1148665,CRISP,6.522179150581359,split3,NK cells,Palbociclib,0.0709219858156028
2.3068743,CRISP,6.522179150581359,split3,NK cells,Palbociclib,0.0709219858156028
3.5846665,CRISP,6.522179150581359,split3,NK cells,Palbociclib,0.0709219858156028
3.4657247,CRISP,6.522179150581359,split3,NK cells,Palbociclib,0.0709219858156028
0.5374627,CRISP,6.522179150581359,split3,NK cells,Palbociclib,0.0709219858156028
1.9721456,CRISP,6.522179150581359,split3,NK cells,Palbociclib,0.0709219858156028
3.6942515,CRISP,6.522179150581359,split3,NK cells,Palbociclib,0.0709219858156028
1.1865611,CRISP,6.522179150581359,split3,NK cells,Palbociclib,0.0709219858156028
2.5392475,CRISP,6.522179150581359,split3,NK cells,Palbociclib,0.0709219858156028
4.0641623,CRISP,6.522179150581359,split3,NK cells,Palbociclib,0.0709219858156028
3.2726436,CRISP,6.522179150581359,split3,NK cells,Palbociclib,0.0709219858156028
3.2264872,CRISP,6.522179150581359,split3,NK cells,Palbociclib,0.0709219858156028
3.4270906,CRISP,6.522179150581359,split3,NK cells,Palbociclib,0.0709219858156028
2.8908787,CRISP,6.522179150581359,split3,NK cells,Palbociclib,0.0709219858156028
2.7136917,CRISP,6.522179150581359,split3,NK cells,Palbociclib,0.0709219858156028
3.0152242,CRISP,6.522179150581359,split3,NK cells,Palbociclib,0.0709219858156028
4.1360664,CRISP,6.522179150581359,split3,NK cells,Palbociclib,0.0709219858156028
4.0994596,CRISP,6.522179150581359,split3,NK cells,Palbociclib,0.0709219858156028
3.562756,CRISP,6.522179150581359,split3,NK cells,Palbociclib,0.0709219858156028
4.118396,CRISP,6.522179150581359,split3,NK cells,Palbociclib,0.0709219858156028
2.7952375,CRISP,6.522179150581359,split3,NK cells,Palbociclib,0.0709219858156028
3.3479807,CRISP,6.522179150581359,split3,NK cells,Palbociclib,0.0709219858156028
3.056285,CRISP,6.522179150581359,split3,NK cells,Palbociclib,0.0709219858156028
2.675146,CRISP,6.522179150581359,split3,NK cells,Palbociclib,0.0709219858156028
2.4457016,CRISP,6.522179150581359,split3,NK cells,Palbociclib,0.0709219858156028
2.271998,CRISP,6.522179150581359,split3,NK cells,Palbociclib,0.0709219858156028
3.7800882,CRISP,6.522179150581359,split3,NK cells,Palbociclib,0.0709219858156028
1.8140072,CRISP,6.522179150581359,split3,NK cells,Palbociclib,0.0709219858156028
2.3292503,CRISP,6.522179150581359,split3,NK cells,Palbociclib,0.0709219858156028
2.2174313,CRISP,6.522179150581359,split3,NK cells,Palbociclib,0.0709219858156028
2.773851,CRISP,6.522179150581359,split3,NK cells,Palbociclib,0.0709219858156028
2.8314357,CRISP,6.522179150581359,split3,NK cells,Palbociclib,0.0709219858156028
3.0437965,CRISP,6.522179150581359,split3,NK cells,Palbociclib,0.0709219858156028
3.2803204,CRISP,6.522179150581359,split3,NK cells,Palbociclib,0.0709219858156028
3.6728826,CRISP,6.522179150581359,split3,NK cells,Palbociclib,0.0709219858156028
3.7148619,CRISP,6.522179150581359,split3,NK cells,Palbociclib,0.0709219858156028
4.082384,CRISP,6.522179150581359,split3,NK cells,Palbociclib,0.0709219858156028
3.3338366,CRISP,6.522179150581359,split3,NK cells,Palbociclib,0.0709219858156028
3.7307925,CRISP,6.522179150581359,split3,NK cells,Palbociclib,0.0709219858156028
3.995148,CRISP,6.522179150581359,split3,NK cells,Palbociclib,0.0709219858156028
3.4501972,CRISP,6.522179150581359,split3,NK cells,Palbociclib,0.0709219858156028
2.4818354,CRISP,6.522179150581359,split3,NK cells,Palbociclib,0.0709219858156028
3.033618,CRISP,6.522179150581359,split3,NK cells,Palbociclib,0.0709219858156028
2.960956,CRISP,6.522179150581359,split3,NK cells,Palbociclib,0.0709219858156028
2.6494832,CRISP,6.522179150581359,split3,NK cells,Palbociclib,0.0709219858156028
4.0963516,CRISP,6.522179150581359,split3,NK cells,Palbociclib,0.0709219858156028
3.0608284,CRISP,6.522179150581359,split3,NK cells,Palbociclib,0.0709219858156028
3.54746,CRISP,6.522179150581359,split3,NK cells,Palbociclib,0.0709219858156028
3.1681077,CRISP,6.522179150581359,split3,NK cells,Palbociclib,0.0709219858156028
2.5863512,CRISP,6.522179150581359,split3,NK cells,Palbociclib,0.0709219858156028
2.1998007,CRISP,6.522179150581359,split3,NK cells,Palbociclib,0.0709219858156028
2.3726363,CRISP,6.522179150581359,split3,NK cells,Palbociclib,0.0709219858156028
2.66189,CRISP,6.522179150581359,split3,NK cells,Palbociclib,0.0709219858156028
3.751989,CRISP,6.522179150581359,split3,NK cells,Palbociclib,0.0709219858156028
2.8639252,CRISP,6.522179150581359,split3,NK cells,Palbociclib,0.0709219858156028
4.2160735,CRISP,6.522179150581359,split3,NK cells,Palbociclib,0.0709219858156028
2.5729744,CRISP,6.522179150581359,split3,NK cells,Palbociclib,0.0709219858156028
2.6311378,CRISP,6.522179150581359,split3,NK cells,Palbociclib,0.0709219858156028
3.1227827,CRISP,6.522179150581359,split3,NK cells,Palbociclib,0.0709219858156028
2.7463124,CRISP,6.522179150581359,split3,NK cells,Palbociclib,0.0709219858156028
2.6030617,CRISP,6.522179150581359,split3,NK cells,Palbociclib,0.0709219858156028
4.1237073,CRISP,6.522179150581359,split3,NK cells,Palbociclib,0.0709219858156028
3.0605385,CRISP,6.522179150581359,split3,NK cells,Palbociclib,0.0709219858156028
3.3660557,CRISP,6.522179150581359,split3,NK cells,Palbociclib,0.0709219858156028
2.8598099,CRISP,6.522179150581359,split3,NK cells,Palbociclib,0.0709219858156028
2.7917356,CRISP,6.522179150581359,split3,NK cells,Palbociclib,0.0709219858156028
2.9900162,CRISP,6.522179150581359,split3,NK cells,Palbociclib,0.0709219858156028
2.736054,CRISP,6.522179150581359,split3,NK cells,Palbociclib,0.0709219858156028
2.1419635,CRISP,6.522179150581359,split3,NK cells,Palbociclib,0.0709219858156028
2.4606125,CRISP,6.522179150581359,split3,NK cells,Palbociclib,0.0709219858156028
4.1464453,CRISP,6.522179150581359,split3,NK cells,Palbociclib,0.0709219858156028
3.6122823,CRISP,6.522179150581359,split3,NK cells,Palbociclib,0.0709219858156028
3.210322,CRISP,6.522179150581359,split3,NK cells,Palbociclib,0.0709219858156028
2.572681,CRISP,6.522179150581359,split3,NK cells,Palbociclib,0.0709219858156028
3.4470153,CRISP,6.522179150581359,split3,NK cells,Palbociclib,0.0709219858156028
3.3053334,CRISP,6.522179150581359,split3,NK cells,Palbociclib,0.0709219858156028
2.6044822,CRISP,6.522179150581359,split3,NK cells,Palbociclib,0.0709219858156028
3.9180567,CRISP,6.522179150581359,split3,NK cells,Palbociclib,0.0709219858156028
2.258375,CRISP,6.522179150581359,split3,NK cells,Palbociclib,0.0709219858156028
3.306326,CRISP,6.522179150581359,split3,NK cells,Palbociclib,0.0709219858156028
3.2746987,CRISP,6.522179150581359,split3,NK cells,Palbociclib,0.0709219858156028
2.4931154,CRISP,6.522179150581359,split3,NK cells,Palbociclib,0.0709219858156028
2.631892,CRISP,6.522179150581359,split3,NK cells,Palbociclib,0.0709219858156028
2.7678187,CRISP,6.522179150581359,split3,NK cells,Palbociclib,0.0709219858156028
3.3357441,CRISP,6.522179150581359,split3,NK cells,Palbociclib,0.0709219858156028
3.4089437,CRISP,6.522179150581359,split3,NK cells,Palbociclib,0.0709219858156028
2.7172437,CRISP,6.522179150581359,split3,NK cells,Palbociclib,0.0709219858156028
3.3982553,CRISP,6.522179150581359,split3,NK cells,Palbociclib,0.0709219858156028
3.7125423,CRISP,6.522179150581359,split3,NK cells,Palbociclib,0.0709219858156028
3.1121497,CRISP,6.522179150581359,split3,NK cells,Palbociclib,0.0709219858156028
3.7756248,CRISP,6.522179150581359,split3,NK cells,Palbociclib,0.0709219858156028
3.4201183,CRISP,6.522179150581359,split3,NK cells,Palbociclib,0.0709219858156028
2.8108544,CRISP,6.522179150581359,split3,NK cells,Palbociclib,0.0709219858156028
3.3005595,CRISP,6.522179150581359,split3,NK cells,Palbociclib,0.0709219858156028
2.8158047,CRISP,6.522179150581359,split3,NK cells,Palbociclib,0.0709219858156028
2.623376,CRISP,6.522179150581359,split3,NK cells,Palbociclib,0.0709219858156028
3.3043995,CRISP,6.522179150581359,split3,NK cells,Palbociclib,0.0709219858156028
3.3719497,CRISP,6.522179150581359,split3,NK cells,Palbociclib,0.0709219858156028
2.595037,CRISP,6.522179150581359,split3,NK cells,Palbociclib,0.0709219858156028
3.0233498,CRISP,6.522179150581359,split3,NK cells,Palbociclib,0.0709219858156028
3.1212397,CRISP,6.522179150581359,split3,NK cells,Palbociclib,0.0709219858156028
2.459555,CRISP,6.522179150581359,split3,NK cells,Palbociclib,0.0709219858156028
2.7425773,CRISP,6.522179150581359,split3,NK cells,Palbociclib,0.0709219858156028
3.6904485,CRISP,6.522179150581359,split3,NK cells,Palbociclib,0.0709219858156028
2.8481781,CRISP,6.522179150581359,split3,NK cells,Palbociclib,0.0709219858156028
2.4527414,CRISP,6.522179150581359,split3,NK cells,Palbociclib,0.0709219858156028
2.1198049,CRISP,6.522179150581359,split3,NK cells,Palbociclib,0.0709219858156028
3.19034,CRISP,6.522179150581359,split3,NK cells,Palbociclib,0.0709219858156028
2.6771772,CRISP,6.522179150581359,split3,NK cells,Palbociclib,0.0709219858156028
3.0469656,CRISP,6.522179150581359,split3,NK cells,Palbociclib,0.0709219858156028
2.8191504,CRISP,6.522179150581359,split3,NK cells,Palbociclib,0.0709219858156028
4.0183997,CRISP,6.522179150581359,split3,NK cells,Palbociclib,0.0709219858156028
3.459361,CRISP,6.522179150581359,split3,NK cells,Palbociclib,0.0709219858156028
3.4143586,CRISP,6.522179150581359,split3,NK cells,Palbociclib,0.0709219858156028
3.6195502,CRISP,6.522179150581359,split3,NK cells,Palbociclib,0.0709219858156028
3.1633794,CRISP,6.522179150581359,split3,NK cells,Palbociclib,0.0709219858156028
3.3587694,CRISP,6.522179150581359,split3,NK cells,Palbociclib,0.0709219858156028
3.0970836,CRISP,6.522179150581359,split3,NK cells,Palbociclib,0.0709219858156028
3.4613917,CRISP,6.522179150581359,split3,NK cells,Palbociclib,0.0709219858156028
2.8718576,CRISP,6.522179150581359,split3,NK cells,Palbociclib,0.0709219858156028
2.2785337,CRISP,6.522179150581359,split3,NK cells,Palbociclib,0.0709219858156028
1.9504869,CRISP,6.522179150581359,split3,NK cells,Palbociclib,0.0709219858156028
3.6058214,CRISP,6.522179150581359,split3,NK cells,Palbociclib,0.0709219858156028
3.7831452,CRISP,6.522179150581359,split3,NK cells,Palbociclib,0.0709219858156028
2.3007524,CRISP,6.522179150581359,split3,NK cells,Palbociclib,0.0709219858156028
2.6056063,CRISP,6.522179150581359,split3,NK cells,Palbociclib,0.0709219858156028
2.604152,CRISP,6.522179150581359,split3,NK cells,Palbociclib,0.0709219858156028
3.9991736,CRISP,6.522179150581359,split3,NK cells,Palbociclib,0.0709219858156028
2.017878,CRISP,6.522179150581359,split3,NK cells,Palbociclib,0.0709219858156028
3.7379272,CRISP,6.522179150581359,split3,NK cells,Palbociclib,0.0709219858156028
3.4278238,CRISP,6.522179150581359,split3,NK cells,Palbociclib,0.0709219858156028
2.700298,CRISP,6.522179150581359,split3,NK cells,Palbociclib,0.0709219858156028
3.014021,CRISP,6.522179150581359,split3,NK cells,Palbociclib,0.0709219858156028
3.0527406,CRISP,6.522179150581359,split3,NK cells,Palbociclib,0.0709219858156028
2.7193851,CRISP,6.522179150581359,split3,NK cells,Palbociclib,0.0709219858156028
2.2544708,CRISP,6.522179150581359,split3,NK cells,Palbociclib,0.0709219858156028
3.8132,CRISP,6.522179150581359,split3,NK cells,Palbociclib,0.0709219858156028
3.2538788,CRISP,6.522179150581359,split3,NK cells,Palbociclib,0.0709219858156028
3.5906296,CRISP,6.522179150581359,split3,NK cells,Palbociclib,0.0709219858156028
3.217167,CRISP,6.522179150581359,split3,NK cells,Palbociclib,0.0709219858156028
2.9739995,CRISP,6.522179150581359,split3,NK cells,Palbociclib,0.0709219858156028
1.8726101,CRISP,6.522179150581359,split3,NK cells,Palbociclib,0.0709219858156028
3.9365041,CRISP,6.522179150581359,split3,NK cells,Palbociclib,0.0709219858156028
4.0879197,CRISP,6.522179150581359,split3,NK cells,Palbociclib,0.0709219858156028
4.0944133,CRISP,6.522179150581359,split3,NK cells,Palbociclib,0.0709219858156028
3.1254833,CRISP,6.522179150581359,split3,NK cells,Palbociclib,0.0709219858156028
2.6364632,CRISP,6.522179150581359,split3,NK cells,Palbociclib,0.0709219858156028
3.1921353,CRISP,6.522179150581359,split3,NK cells,Palbociclib,0.0709219858156028
3.4089565,CRISP,6.522179150581359,split3,NK cells,Palbociclib,0.0709219858156028
2.881015,CRISP,6.522179150581359,split3,NK cells,Palbociclib,0.0709219858156028
3.8766427,CRISP,6.522179150581359,split3,NK cells,Palbociclib,0.0709219858156028
1.8980696,CRISP,6.522179150581359,split3,NK cells,Palbociclib,0.0709219858156028
3.5902917,CRISP,6.522179150581359,split3,NK cells,Palbociclib,0.0709219858156028
4.1744375,CRISP,6.522179150581359,split3,NK cells,Palbociclib,0.0709219858156028
3.2173822,CRISP,6.522179150581359,split3,NK cells,Palbociclib,0.0709219858156028
2.9677014,CRISP,6.522179150581359,split3,NK cells,Palbociclib,0.0709219858156028
4.0231442,CRISP,6.522179150581359,split3,NK cells,Palbociclib,0.0709219858156028
2.866733,CRISP,6.522179150581359,split3,NK cells,Palbociclib,0.0709219858156028
3.1747515,CRISP,6.522179150581359,split3,NK cells,Palbociclib,0.0709219858156028
3.1893203,CRISP,6.522179150581359,split3,NK cells,Palbociclib,0.0709219858156028
3.3059855,CRISP,6.522179150581359,split3,NK cells,Palbociclib,0.0709219858156028
2.4520893,CRISP,6.522179150581359,split3,NK cells,Palbociclib,0.0709219858156028
3.0321028,CRISP,6.522179150581359,split3,NK cells,Palbociclib,0.0709219858156028
3.3419669,CRISP,6.522179150581359,split3,NK cells,Palbociclib,0.0709219858156028
3.6252422,CRISP,6.522179150581359,split3,NK cells,Palbociclib,0.0709219858156028
3.2378123,CRISP,6.522179150581359,split3,NK cells,Palbociclib,0.0709219858156028
3.6562374,CRISP,6.522179150581359,split3,NK cells,Palbociclib,0.0709219858156028
3.811181,CRISP,6.522179150581359,split3,NK cells,Palbociclib,0.0709219858156028
2.471146,CRISP,6.522179150581359,split3,NK cells,Palbociclib,0.0709219858156028
3.399522,CRISP,6.522179150581359,split3,NK cells,Palbociclib,0.0709219858156028
2.8778327,CRISP,6.522179150581359,split3,NK cells,Palbociclib,0.0709219858156028
3.1940043,CRISP,6.522179150581359,split3,NK cells,Palbociclib,0.0709219858156028
2.3210506,CRISP,6.522179150581359,split3,NK cells,Palbociclib,0.0709219858156028
3.690272,CRISP,6.522179150581359,split3,NK cells,Palbociclib,0.0709219858156028
3.9266675,CRISP,6.522179150581359,split3,NK cells,Palbociclib,0.0709219858156028
2.8593814,CRISP,6.522179150581359,split3,NK cells,Palbociclib,0.0709219858156028
2.0895658,CRISP,6.522179150581359,split3,NK cells,Palbociclib,0.0709219858156028
3.9697852,CRISP,6.522179150581359,split3,NK cells,Palbociclib,0.0709219858156028
2.76883,CRISP,6.522179150581359,split3,NK cells,Palbociclib,0.0709219858156028
2.0333636,CRISP,6.522179150581359,split3,NK cells,Palbociclib,0.0709219858156028
3.9902349,CRISP,6.522179150581359,split3,NK cells,Palbociclib,0.0709219858156028
0.6884597,CRISP,6.522179150581359,split3,NK cells,Palbociclib,0.0709219858156028
3.2839549,CRISP,6.522179150581359,split3,NK cells,Palbociclib,0.0709219858156028
2.9617598,CRISP,6.522179150581359,split3,NK cells,Palbociclib,0.0709219858156028
2.2226937,CRISP,6.522179150581359,split3,NK cells,Palbociclib,0.0709219858156028
2.812452,CRISP,6.522179150581359,split3,NK cells,Palbociclib,0.0709219858156028
3.2561424,CRISP,6.522179150581359,split3,NK cells,Palbociclib,0.0709219858156028
3.2738996,CRISP,6.522179150581359,split3,NK cells,Palbociclib,0.0709219858156028
0.66773486,CRISP,6.522179150581359,split3,NK cells,Palbociclib,0.0709219858156028
2.7446287,CRISP,6.522179150581359,split3,NK cells,Palbociclib,0.0709219858156028
3.2439516,CRISP,6.522179150581359,split3,NK cells,Palbociclib,0.0709219858156028
3.6210413,CRISP,6.522179150581359,split3,NK cells,Palbociclib,0.0709219858156028
2.994821,CRISP,6.522179150581359,split3,NK cells,Palbociclib,0.0709219858156028
2.303088,CRISP,6.522179150581359,split3,NK cells,Palbociclib,0.0709219858156028
2.7586222,CRISP,6.522179150581359,split3,NK cells,Palbociclib,0.0709219858156028
2.0276942,CRISP,6.522179150581359,split3,NK cells,Palbociclib,0.0709219858156028
1.7136165,CRISP,6.522179150581359,split3,NK cells,Palbociclib,0.0709219858156028
2.090067,CRISP,6.522179150581359,split3,NK cells,Palbociclib,0.0709219858156028
3.1641471,CRISP,6.522179150581359,split3,NK cells,Palbociclib,0.0709219858156028
3.5521924,CRISP,6.522179150581359,split3,NK cells,Palbociclib,0.0709219858156028
2.8951638,CRISP,6.522179150581359,split3,NK cells,Palbociclib,0.0709219858156028
3.7874339,CRISP,6.522179150581359,split3,NK cells,Palbociclib,0.0709219858156028
2.6431396,CRISP,6.522179150581359,split3,NK cells,Palbociclib,0.0709219858156028
2.5927427,CRISP,6.522179150581359,split3,NK cells,Palbociclib,0.0709219858156028
3.4242709,CRISP,6.522179150581359,split3,NK cells,Palbociclib,0.0709219858156028
3.754664,CRISP,6.522179150581359,split3,NK cells,Palbociclib,0.0709219858156028
2.4985197,CRISP,6.522179150581359,split3,NK cells,Palbociclib,0.0709219858156028
3.0357442,CRISP,6.522179150581359,split3,NK cells,Palbociclib,0.0709219858156028
2.792103,CRISP,6.522179150581359,split3,NK cells,Palbociclib,0.0709219858156028
1.7057302,CRISP,6.522179150581359,split3,NK cells,Palbociclib,0.0709219858156028
2.556204,CRISP,6.522179150581359,split3,NK cells,Palbociclib,0.0709219858156028
3.0529351,CRISP,6.522179150581359,split3,NK cells,Palbociclib,0.0709219858156028
2.8971689,CRISP,6.522179150581359,split3,NK cells,Palbociclib,0.0709219858156028
2.6056237,CRISP,6.522179150581359,split3,NK cells,Palbociclib,0.0709219858156028
2.3297377,CRISP,6.522179150581359,split3,NK cells,Palbociclib,0.0709219858156028
2.0646784,CRISP,6.522179150581359,split3,NK cells,Palbociclib,0.0709219858156028
2.390048,CRISP,6.522179150581359,split3,NK cells,Palbociclib,0.0709219858156028
3.3036683,CRISP,6.522179150581359,split3,NK cells,Palbociclib,0.0709219858156028
2.8344226,CRISP,6.522179150581359,split3,NK cells,Palbociclib,0.0709219858156028
3.2833827,CRISP,6.522179150581359,split3,NK cells,Palbociclib,0.0709219858156028
1.7401894,CRISP,6.522179150581359,split3,NK cells,Palbociclib,0.0709219858156028
2.6164947,CRISP,6.522179150581359,split3,NK cells,Palbociclib,0.0709219858156028
4.0203247,CRISP,6.522179150581359,split3,NK cells,Palbociclib,0.0709219858156028
2.0842059,CRISP,6.522179150581359,split3,NK cells,Palbociclib,0.0709219858156028
2.9283478,CRISP,6.522179150581359,split3,NK cells,Palbociclib,0.0709219858156028
2.3137164,CRISP,6.522179150581359,split3,NK cells,Palbociclib,0.0709219858156028
3.5357401,CRISP,6.522179150581359,split3,NK cells,Palbociclib,0.0709219858156028
2.8167002,CRISP,6.522179150581359,split3,NK cells,Palbociclib,0.0709219858156028
3.154149,CRISP,6.522179150581359,split3,NK cells,Palbociclib,0.0709219858156028
3.6680028,CRISP,6.522179150581359,split3,NK cells,Palbociclib,0.0709219858156028
3.3164055,CRISP,6.522179150581359,split3,NK cells,Palbociclib,0.0709219858156028
3.5154579,CRISP,6.522179150581359,split3,NK cells,Palbociclib,0.0709219858156028
2.8966157,CRISP,6.522179150581359,split3,NK cells,Palbociclib,0.0709219858156028
2.5799851,CRISP,6.522179150581359,split3,NK cells,Palbociclib,0.0709219858156028
2.3116293,CRISP,6.522179150581359,split3,NK cells,Palbociclib,0.0709219858156028
2.38624,CRISP,6.522179150581359,split3,NK cells,Palbociclib,0.0709219858156028
2.5762537,CRISP,6.522179150581359,split3,NK cells,Palbociclib,0.0709219858156028
2.4923325,CRISP,6.522179150581359,split3,NK cells,Palbociclib,0.0709219858156028
2.3302588,CRISP,6.522179150581359,split3,NK cells,Palbociclib,0.0709219858156028
3.2320359,CRISP,6.522179150581359,split3,NK cells,Palbociclib,0.0709219858156028
3.0865698,CRISP,6.522179150581359,split3,NK cells,Palbociclib,0.0709219858156028
3.8129046,CRISP,6.522179150581359,split3,NK cells,Palbociclib,0.0709219858156028
2.337902,CRISP,6.522179150581359,split3,NK cells,Palbociclib,0.0709219858156028
3.9676406,CRISP,6.522179150581359,split3,NK cells,Palbociclib,0.0709219858156028
2.9869447,CRISP,6.522179150581359,split3,NK cells,Palbociclib,0.0709219858156028
3.1233466,CRISP,6.522179150581359,split3,NK cells,Palbociclib,0.0709219858156028
3.2734423,CRISP,6.522179150581359,split3,NK cells,Palbociclib,0.0709219858156028
3.2792947,CRISP,6.522179150581359,split3,NK cells,Palbociclib,0.0709219858156028
2.6276002,CRISP,6.522179150581359,split3,NK cells,Palbociclib,0.0709219858156028
1.8960125,CRISP,6.522179150581359,split3,NK cells,Palbociclib,0.0709219858156028
3.0422697,CRISP,6.522179150581359,split3,NK cells,Palbociclib,0.0709219858156028
3.600473,CRISP,6.522179150581359,split3,NK cells,Palbociclib,0.0709219858156028
3.7428794,CRISP,6.522179150581359,split3,NK cells,Palbociclib,0.0709219858156028
2.3489258,CRISP,6.522179150581359,split3,NK cells,Palbociclib,0.0709219858156028
2.1082919,CRISP,6.522179150581359,split3,NK cells,Palbociclib,0.0709219858156028
3.456336,CRISP,6.522179150581359,split3,NK cells,Palbociclib,0.0709219858156028
2.3756547,CRISP,6.522179150581359,split3,NK cells,Palbociclib,0.0709219858156028
2.6833253,CRISP,6.522179150581359,split3,NK cells,Palbociclib,0.0709219858156028
3.344007,CRISP,6.522179150581359,split3,NK cells,Palbociclib,0.0709219858156028
2.3854003,CRISP,6.522179150581359,split3,NK cells,Palbociclib,0.0709219858156028
1.5897001,CRISP,6.522179150581359,split3,NK cells,Palbociclib,0.0709219858156028
3.6773293,CRISP,6.522179150581359,split3,NK cells,Palbociclib,0.0709219858156028
3.0926008,CRISP,6.522179150581359,split3,NK cells,Palbociclib,0.0709219858156028
2.732849,CRISP,6.522179150581359,split3,NK cells,Palbociclib,0.0709219858156028
2.724031,CRISP,6.522179150581359,split3,NK cells,Palbociclib,0.0709219858156028
3.6297555,CRISP,6.522179150581359,split3,NK cells,Palbociclib,0.0709219858156028
2.3992581,CRISP,6.522179150581359,split3,NK cells,Palbociclib,0.0709219858156028
2.6759439,CRISP,6.522179150581359,split3,NK cells,Palbociclib,0.0709219858156028
2.9796119,CRISP,6.522179150581359,split3,NK cells,Palbociclib,0.0709219858156028
2.9180293,CRISP,6.522179150581359,split3,NK cells,Palbociclib,0.0709219858156028
3.6553428,CRISP,6.522179150581359,split3,NK cells,Palbociclib,0.0709219858156028
2.4689448,CRISP,6.522179150581359,split3,NK cells,Palbociclib,0.0709219858156028
3.2334046,CRISP,6.522179150581359,split3,NK cells,Palbociclib,0.0709219858156028
3.920435,CRISP,6.522179150581359,split3,NK cells,Palbociclib,0.0709219858156028
2.900209,CRISP,6.522179150581359,split3,NK cells,Palbociclib,0.0709219858156028
2.6842031,CRISP,6.522179150581359,split3,NK cells,Palbociclib,0.0709219858156028
2.1054914,CRISP,6.522179150581359,split3,NK cells,Palbociclib,0.0709219858156028
2.8226044,CRISP,6.522179150581359,split3,NK cells,Palbociclib,0.0709219858156028
3.6963396,CRISP,6.522179150581359,split3,NK cells,Palbociclib,0.0709219858156028
2.6147275,CRISP,6.522179150581359,split3,NK cells,Palbociclib,0.0709219858156028
2.9126136,CRISP,6.522179150581359,split3,NK cells,Palbociclib,0.0709219858156028
2.098645,CRISP,6.522179150581359,split3,NK cells,Palbociclib,0.0709219858156028
3.071955,CRISP,6.522179150581359,split3,NK cells,Palbociclib,0.0709219858156028
3.416828,CRISP,6.522179150581359,split3,NK cells,Palbociclib,0.0709219858156028
3.7126036,CRISP,6.522179150581359,split3,NK cells,Palbociclib,0.0709219858156028
2.5204298,CRISP,6.522179150581359,split3,NK cells,Palbociclib,0.0709219858156028
2.4013052,CRISP,6.522179150581359,split3,NK cells,Palbociclib,0.0709219858156028
2.9844093,CRISP,6.522179150581359,split3,NK cells,Palbociclib,0.0709219858156028
3.4511473,CRISP,6.522179150581359,split3,NK cells,Palbociclib,0.0709219858156028
2.6071618,CRISP,6.522179150581359,split3,NK cells,Palbociclib,0.0709219858156028
3.644714,CRISP,6.522179150581359,split3,NK cells,Palbociclib,0.0709219858156028
2.632441,CRISP,6.522179150581359,split3,NK cells,Palbociclib,0.0709219858156028
2.987715,CRISP,6.522179150581359,split3,NK cells,Palbociclib,0.0709219858156028
3.8550587,CRISP,6.522179150581359,split3,NK cells,Palbociclib,0.0709219858156028
2.3912358,CRISP,6.522179150581359,split3,NK cells,Palbociclib,0.0709219858156028
3.199046,CRISP,6.522179150581359,split3,NK cells,Palbociclib,0.0709219858156028
2.2578158,CRISP,6.522179150581359,split3,NK cells,Palbociclib,0.0709219858156028
3.2176404,CRISP,6.522179150581359,split3,NK cells,Palbociclib,0.0709219858156028
3.030566,CRISP,6.522179150581359,split3,NK cells,Palbociclib,0.0709219858156028
2.5289717,CRISP,6.522179150581359,split3,NK cells,Palbociclib,0.0709219858156028
2.6039193,CRISP,6.522179150581359,split3,NK cells,Palbociclib,0.0709219858156028
2.1734078,CRISP,6.522179150581359,split3,NK cells,Palbociclib,0.0709219858156028
2.9247618,CRISP,6.522179150581359,split3,NK cells,Palbociclib,0.0709219858156028
3.3945878,CRISP,6.522179150581359,split3,NK cells,Palbociclib,0.0709219858156028
2.7152083,CRISP,6.522179150581359,split3,NK cells,Palbociclib,0.0709219858156028
3.572591,CRISP,6.522179150581359,split3,NK cells,Palbociclib,0.0709219858156028
3.5324206,CRISP,6.522179150581359,split3,NK cells,Palbociclib,0.0709219858156028
3.4585953,CRISP,6.522179150581359,split3,NK cells,Palbociclib,0.0709219858156028
2.643915,CRISP,6.522179150581359,split3,NK cells,Palbociclib,0.0709219858156028
3.1795578,CRISP,6.522179150581359,split3,NK cells,Palbociclib,0.0709219858156028
1.7397357,CRISP,6.522179150581359,split3,NK cells,Palbociclib,0.0709219858156028
3.067665,CRISP,6.522179150581359,split3,NK cells,Palbociclib,0.0709219858156028
3.4553828,CRISP,6.522179150581359,split3,NK cells,Palbociclib,0.0709219858156028
3.2986293,CRISP,6.522179150581359,split3,NK cells,Palbociclib,0.0709219858156028
3.3801327,CRISP,6.522179150581359,split3,NK cells,Palbociclib,0.0709219858156028
2.4697971,CRISP,6.522179150581359,split3,NK cells,Palbociclib,0.0709219858156028
1.5865641,CRISP,6.522179150581359,split3,NK cells,Palbociclib,0.0709219858156028
0.20649014,CRISP,6.522179150581359,split3,NK cells,Palbociclib,0.0709219858156028
2.846857,CRISP,6.522179150581359,split3,NK cells,Palbociclib,0.0709219858156028
3.6507473,CRISP,6.522179150581359,split3,NK cells,Palbociclib,0.0709219858156028
3.1249323,CRISP,6.522179150581359,split3,NK cells,Palbociclib,0.0709219858156028
2.961921,CRISP,6.522179150581359,split3,NK cells,Palbociclib,0.0709219858156028
3.8019261,CRISP,6.522179150581359,split3,NK cells,Palbociclib,0.0709219858156028
2.374536,CRISP,6.522179150581359,split3,NK cells,Palbociclib,0.0709219858156028
3.8981519,CRISP,6.522179150581359,split3,NK cells,Palbociclib,0.0709219858156028
1.1287179,CRISP,6.522179150581359,split3,NK cells,Palbociclib,0.0709219858156028
3.1279354,CRISP,6.522179150581359,split3,NK cells,Palbociclib,0.0709219858156028
3.0498984,CRISP,6.522179150581359,split3,NK cells,Palbociclib,0.0709219858156028
3.2666702,CRISP,6.522179150581359,split3,NK cells,Palbociclib,0.0709219858156028
3.125112,CRISP,6.522179150581359,split3,NK cells,Palbociclib,0.0709219858156028
3.4522429,CRISP,6.522179150581359,split3,NK cells,Palbociclib,0.0709219858156028
3.4270747,CRISP,6.522179150581359,split3,NK cells,Palbociclib,0.0709219858156028
0.39392424,CRISP,6.522179150581359,split3,NK cells,Palbociclib,0.0709219858156028
2.4842439,CRISP,6.522179150581359,split3,NK cells,Palbociclib,0.0709219858156028
2.8100953,CRISP,6.522179150581359,split3,NK cells,Palbociclib,0.0709219858156028
2.3692775,CRISP,6.522179150581359,split3,NK cells,Palbociclib,0.0709219858156028
3.320826,CRISP,6.522179150581359,split3,NK cells,Palbociclib,0.0709219858156028
3.4710586,CRISP,6.522179150581359,split3,NK cells,Palbociclib,0.0709219858156028
3.3771293,CRISP,6.522179150581359,split3,NK cells,Palbociclib,0.0709219858156028
2.1336415,CRISP,6.522179150581359,split3,NK cells,Palbociclib,0.0709219858156028
3.8852422,CRISP,6.522179150581359,split3,NK cells,Palbociclib,0.0709219858156028
2.5857062,CRISP,6.522179150581359,split3,NK cells,Palbociclib,0.0709219858156028
3.2727396,CRISP,6.522179150581359,split3,NK cells,Palbociclib,0.0709219858156028
3.354207,CRISP,6.522179150581359,split3,NK cells,Palbociclib,0.0709219858156028
2.4510138,CRISP,6.522179150581359,split3,NK cells,Palbociclib,0.0709219858156028
2.7008407,CRISP,6.522179150581359,split3,NK cells,Palbociclib,0.0709219858156028
3.5317624,CRISP,6.522179150581359,split3,NK cells,Palbociclib,0.0709219858156028
2.3469584,CRISP,6.522179150581359,split3,NK cells,Palbociclib,0.0709219858156028
2.7529774,CRISP,6.522179150581359,split3,NK cells,Palbociclib,0.0709219858156028
2.1672108,CRISP,6.522179150581359,split3,NK cells,Palbociclib,0.0709219858156028
2.590016,CRISP,6.522179150581359,split3,NK cells,Palbociclib,0.0709219858156028
3.411115,CRISP,6.522179150581359,split3,NK cells,Palbociclib,0.0709219858156028
2.3194075,CRISP,6.522179150581359,split3,NK cells,Palbociclib,0.0709219858156028
3.688262,CRISP,6.522179150581359,split3,NK cells,Palbociclib,0.0709219858156028
3.8061435,CRISP,6.522179150581359,split3,NK cells,Palbociclib,0.0709219858156028
2.7272234,CRISP,6.522179150581359,split3,NK cells,Palbociclib,0.0709219858156028
2.679814,CRISP,6.522179150581359,split3,NK cells,Palbociclib,0.0709219858156028
3.536951,CRISP,6.522179150581359,split3,NK cells,Palbociclib,0.0709219858156028
3.585089,CRISP,6.522179150581359,split3,NK cells,Palbociclib,0.0709219858156028
3.1315832,CRISP,6.522179150581359,split3,NK cells,Palbociclib,0.0709219858156028
3.2195714,CRISP,6.522179150581359,split3,NK cells,Palbociclib,0.0709219858156028
3.9396632,CRISP,6.522179150581359,split3,NK cells,Palbociclib,0.0709219858156028
2.3150995,CRISP,6.522179150581359,split3,NK cells,Palbociclib,0.0709219858156028
3.4184918,CRISP,6.522179150581359,split3,NK cells,Palbociclib,0.0709219858156028
3.5423381,CRISP,6.522179150581359,split3,NK cells,Palbociclib,0.0709219858156028
2.05854,CRISP,6.522179150581359,split3,NK cells,Palbociclib,0.0709219858156028
2.590898,CRISP,6.522179150581359,split3,NK cells,Palbociclib,0.0709219858156028
2.567485,CRISP,6.522179150581359,split3,NK cells,Palbociclib,0.0709219858156028
3.1340115,CRISP,6.522179150581359,split3,NK cells,Palbociclib,0.0709219858156028
3.323772,CRISP,6.522179150581359,split3,NK cells,Palbociclib,0.0709219858156028
2.7950895,CRISP,6.522179150581359,split3,NK cells,Palbociclib,0.0709219858156028
3.3649442,CRISP,6.522179150581359,split3,NK cells,Palbociclib,0.0709219858156028
3.0261564,CRISP,6.522179150581359,split3,NK cells,Palbociclib,0.0709219858156028
3.3033357,CRISP,6.522179150581359,split3,NK cells,Palbociclib,0.0709219858156028
4.153621,CRISP,6.522179150581359,split3,NK cells,Palbociclib,0.0709219858156028
3.4650187,CRISP,6.522179150581359,split3,NK cells,Palbociclib,0.0709219858156028
0.7473434,CRISP,6.522179150581359,split3,NK cells,Palbociclib,0.0709219858156028
2.516129,CRISP,6.522179150581359,split3,NK cells,Palbociclib,0.0709219858156028
2.7078614,CRISP,6.522179150581359,split3,NK cells,Palbociclib,0.0709219858156028
3.2304626,CRISP,6.522179150581359,split3,NK cells,Palbociclib,0.0709219858156028
3.1635377,CRISP,6.522179150581359,split3,NK cells,Palbociclib,0.0709219858156028
1.8360149,CRISP,6.522179150581359,split3,NK cells,Palbociclib,0.0709219858156028
3.8343887,CRISP,6.522179150581359,split3,NK cells,Palbociclib,0.0709219858156028
3.0377192,CRISP,6.522179150581359,split3,NK cells,Palbociclib,0.0709219858156028
2.395001,CRISP,6.522179150581359,split3,NK cells,Palbociclib,0.0709219858156028
3.924883,CRISP,6.522179150581359,split3,NK cells,Palbociclib,0.0709219858156028
3.8252127,CRISP,6.522179150581359,split3,NK cells,Palbociclib,0.0709219858156028
2.507326,CRISP,6.522179150581359,split3,NK cells,Palbociclib,0.0709219858156028
2.330893,CRISP,6.522179150581359,split3,NK cells,Palbociclib,0.0709219858156028
3.1595366,CRISP,6.522179150581359,split3,NK cells,Palbociclib,0.0709219858156028
3.191894,CRISP,6.522179150581359,split3,NK cells,Palbociclib,0.0709219858156028
2.2713869,CRISP,6.522179150581359,split3,NK cells,Palbociclib,0.0709219858156028
3.1540394,CRISP,6.522179150581359,split3,NK cells,Palbociclib,0.0709219858156028
2.7866879,CRISP,6.522179150581359,split3,NK cells,Palbociclib,0.0709219858156028
3.4166398,CRISP,6.522179150581359,split3,NK cells,Palbociclib,0.0709219858156028
3.201364,CRISP,6.522179150581359,split3,NK cells,Palbociclib,0.0709219858156028
3.3720164,CRISP,6.522179150581359,split3,NK cells,Palbociclib,0.0709219858156028
2.5528727,CRISP,6.522179150581359,split3,NK cells,Palbociclib,0.0709219858156028
4.051092,CRISP,6.522179150581359,split3,NK cells,Palbociclib,0.0709219858156028
3.4492662,CRISP,6.522179150581359,split3,NK cells,Palbociclib,0.0709219858156028
2.2291086,CRISP,6.522179150581359,split3,NK cells,Palbociclib,0.0709219858156028
3.5761547,CRISP,6.522179150581359,split3,NK cells,Palbociclib,0.0709219858156028
3.4361176,CRISP,6.522179150581359,split3,NK cells,Palbociclib,0.0709219858156028
2.544336,CRISP,6.522179150581359,split3,NK cells,Palbociclib,0.0709219858156028
2.6167517,CRISP,6.522179150581359,split3,NK cells,Palbociclib,0.0709219858156028
2.0701735,CRISP,6.522179150581359,split3,NK cells,Palbociclib,0.0709219858156028
2.9767196,CRISP,6.522179150581359,split3,NK cells,Palbociclib,0.0709219858156028
3.0072224,CRISP,6.522179150581359,split3,NK cells,Palbociclib,0.0709219858156028
0.7213187,CRISP,6.522179150581359,split3,NK cells,Palbociclib,0.0709219858156028
2.6648376,CRISP,6.522179150581359,split3,NK cells,Palbociclib,0.0709219858156028
3.7250082,CRISP,6.522179150581359,split3,NK cells,Palbociclib,0.0709219858156028
2.57169,CRISP,6.522179150581359,split3,NK cells,Palbociclib,0.0709219858156028
2.4322753,CRISP,6.522179150581359,split3,NK cells,Palbociclib,0.0709219858156028
2.2285056,CRISP,6.522179150581359,split3,NK cells,Palbociclib,0.0709219858156028
2.9133708,CRISP,6.522179150581359,split3,NK cells,Palbociclib,0.0709219858156028
2.359538,CRISP,6.522179150581359,split3,NK cells,Palbociclib,0.0709219858156028
2.6107633,CRISP,6.522179150581359,split3,NK cells,Palbociclib,0.0709219858156028
2.659256,CRISP,6.522179150581359,split3,NK cells,Palbociclib,0.0709219858156028
3.435655,CRISP,6.522179150581359,split3,NK cells,Palbociclib,0.0709219858156028
3.525188,CRISP,6.522179150581359,split3,NK cells,Palbociclib,0.0709219858156028
2.9212246,CRISP,6.522179150581359,split3,NK cells,Palbociclib,0.0709219858156028
2.8404326,CRISP,6.522179150581359,split3,NK cells,Palbociclib,0.0709219858156028
3.4019637,CRISP,6.522179150581359,split3,NK cells,Palbociclib,0.0709219858156028
2.9150584,CRISP,6.522179150581359,split3,NK cells,Palbociclib,0.0709219858156028
3.6676953,CRISP,6.522179150581359,split3,NK cells,Palbociclib,0.0709219858156028
4.2967944,CRISP,6.522179150581359,split3,NK cells,Palbociclib,0.0709219858156028
2.292684,CRISP,6.522179150581359,split3,NK cells,Palbociclib,0.0709219858156028
3.3420367,CRISP,6.522179150581359,split3,NK cells,Palbociclib,0.0709219858156028
2.7430842,CRISP,6.522179150581359,split3,NK cells,Palbociclib,0.0709219858156028
3.2986183,CRISP,6.522179150581359,split3,NK cells,Palbociclib,0.0709219858156028
3.925681,CRISP,6.522179150581359,split3,NK cells,Palbociclib,0.0709219858156028
3.3690507,CRISP,6.522179150581359,split3,NK cells,Palbociclib,0.0709219858156028
3.4326792,CRISP,6.522179150581359,split3,NK cells,Palbociclib,0.0709219858156028
2.3074381,CRISP,6.522179150581359,split3,NK cells,Palbociclib,0.0709219858156028
3.1700966,CRISP,6.522179150581359,split3,NK cells,Palbociclib,0.0709219858156028
2.8107429,CRISP,6.522179150581359,split3,NK cells,Palbociclib,0.0709219858156028
1.9794971,CRISP,6.522179150581359,split3,NK cells,Palbociclib,0.0709219858156028
3.2759912,CRISP,6.522179150581359,split3,NK cells,Palbociclib,0.0709219858156028
3.093058,CRISP,6.522179150581359,split3,NK cells,Palbociclib,0.0709219858156028
3.5043635,CRISP,6.522179150581359,split3,NK cells,Palbociclib,0.0709219858156028
3.298229,CRISP,6.522179150581359,split3,NK cells,Palbociclib,0.0709219858156028
3.071776,CRISP,6.522179150581359,split3,NK cells,Palbociclib,0.0709219858156028
4.081797,CRISP,6.522179150581359,split3,NK cells,Palbociclib,0.0709219858156028
3.383514,CRISP,6.522179150581359,split3,NK cells,Palbociclib,0.0709219858156028
2.7167053,CRISP,6.522179150581359,split3,NK cells,Palbociclib,0.0709219858156028
2.6141257,CRISP,6.522179150581359,split3,NK cells,Palbociclib,0.0709219858156028
3.2022316,CRISP,6.522179150581359,split3,NK cells,Palbociclib,0.0709219858156028
1.8753874,CRISP,6.522179150581359,split3,NK cells,Palbociclib,0.0709219858156028
1.8693213,CRISP,6.522179150581359,split3,NK cells,Palbociclib,0.0709219858156028
1.4190419,CRISP,6.522179150581359,split3,NK cells,Palbociclib,0.0709219858156028
3.6212223,CRISP,6.522179150581359,split3,NK cells,Palbociclib,0.0709219858156028
2.8741112,CRISP,6.522179150581359,split3,NK cells,Palbociclib,0.0709219858156028
3.11688,CRISP,6.522179150581359,split3,NK cells,Palbociclib,0.0709219858156028
3.9587297,CRISP,6.522179150581359,split3,NK cells,Palbociclib,0.0709219858156028
3.582205,CRISP,6.522179150581359,split3,NK cells,Palbociclib,0.0709219858156028
3.069098,CRISP,6.522179150581359,split3,NK cells,Palbociclib,0.0709219858156028
2.583664,CRISP,6.522179150581359,split3,NK cells,Palbociclib,0.0709219858156028
3.2325423,CRISP,6.522179150581359,split3,NK cells,Palbociclib,0.0709219858156028
3.3201036,CRISP,6.522179150581359,split3,NK cells,Palbociclib,0.0709219858156028
2.0435743,CRISP,6.522179150581359,split3,NK cells,Palbociclib,0.0709219858156028
2.322139,CRISP,6.522179150581359,split3,NK cells,Palbociclib,0.0709219858156028
4.049333,CRISP,6.522179150581359,split3,NK cells,Palbociclib,0.0709219858156028
2.6021006,CRISP,6.522179150581359,split3,NK cells,Palbociclib,0.0709219858156028
3.7017481,CRISP,6.522179150581359,split3,NK cells,Palbociclib,0.0709219858156028
4.082134,CRISP,6.522179150581359,split3,NK cells,Palbociclib,0.0709219858156028
3.3423445,CRISP,6.522179150581359,split3,NK cells,Palbociclib,0.0709219858156028
4.0381618,CRISP,6.522179150581359,split3,NK cells,Palbociclib,0.0709219858156028
3.2889483,CRISP,6.522179150581359,split3,NK cells,Palbociclib,0.0709219858156028
2.758019,CRISP,6.522179150581359,split3,NK cells,Palbociclib,0.0709219858156028
2.9289207,CRISP,6.522179150581359,split3,NK cells,Palbociclib,0.0709219858156028
3.2593164,CRISP,6.522179150581359,split3,NK cells,Palbociclib,0.0709219858156028
2.7288516,CRISP,6.522179150581359,split3,NK cells,Palbociclib,0.0709219858156028
3.279288,CRISP,6.522179150581359,split3,NK cells,Palbociclib,0.0709219858156028
2.46888,CRISP,6.522179150581359,split3,NK cells,Palbociclib,0.0709219858156028
3.4734166,CRISP,6.522179150581359,split3,NK cells,Palbociclib,0.0709219858156028
2.8177738,CRISP,6.522179150581359,split3,NK cells,Palbociclib,0.0709219858156028
2.7326872,CRISP,6.522179150581359,split3,NK cells,Palbociclib,0.0709219858156028
3.253614,CRISP,6.522179150581359,split3,NK cells,Palbociclib,0.0709219858156028
3.081556,CRISP,6.522179150581359,split3,NK cells,Palbociclib,0.0709219858156028
2.427261,CRISP,6.522179150581359,split3,NK cells,Palbociclib,0.0709219858156028
2.7261584,CRISP,6.522179150581359,split3,NK cells,Palbociclib,0.0709219858156028
3.5749972,CRISP,6.522179150581359,split3,NK cells,Palbociclib,0.0709219858156028
3.353551,CRISP,6.522179150581359,split3,NK cells,Palbociclib,0.0709219858156028
3.598109,CRISP,6.522179150581359,split3,NK cells,Palbociclib,0.0709219858156028
2.4699383,CRISP,6.522179150581359,split3,NK cells,Palbociclib,0.0709219858156028
2.6883273,CRISP,6.522179150581359,split3,NK cells,Palbociclib,0.0709219858156028
3.0324407,CRISP,6.522179150581359,split3,NK cells,Palbociclib,0.0709219858156028
2.6811473,CRISP,6.522179150581359,split3,NK cells,Palbociclib,0.0709219858156028
2.7752976,CRISP,6.522179150581359,split3,NK cells,Palbociclib,0.0709219858156028
3.351538,CRISP,6.522179150581359,split3,NK cells,Palbociclib,0.0709219858156028
3.629748,CRISP,6.522179150581359,split3,NK cells,Palbociclib,0.0709219858156028
2.767107,CRISP,6.522179150581359,split3,NK cells,Palbociclib,0.0709219858156028
2.6684473,CRISP,6.522179150581359,split3,NK cells,Palbociclib,0.0709219858156028
2.7163212,CRISP,6.522179150581359,split3,NK cells,Palbociclib,0.0709219858156028
3.428608,CRISP,6.522179150581359,split3,NK cells,Palbociclib,0.0709219858156028
2.5586686,CRISP,6.522179150581359,split3,NK cells,Palbociclib,0.0709219858156028
2.2527347,CRISP,6.522179150581359,split3,NK cells,Palbociclib,0.0709219858156028
2.9351442,CRISP,6.522179150581359,split3,NK cells,Palbociclib,0.0709219858156028
2.2899575,CRISP,6.522179150581359,split3,NK cells,Palbociclib,0.0709219858156028
2.7338054,CRISP,6.522179150581359,split3,NK cells,Palbociclib,0.0709219858156028
3.557163,CRISP,6.522179150581359,split3,NK cells,Palbociclib,0.0709219858156028
2.1400912,CRISP,6.522179150581359,split3,NK cells,Palbociclib,0.0709219858156028
3.7287712,CRISP,6.522179150581359,split3,NK cells,Palbociclib,0.0709219858156028
3.1554081,CRISP,6.522179150581359,split3,NK cells,Palbociclib,0.0709219858156028
3.7667382,CRISP,6.522179150581359,split3,NK cells,Palbociclib,0.0709219858156028
3.0438604,CRISP,6.522179150581359,split3,NK cells,Palbociclib,0.0709219858156028
3.9196513,CRISP,6.522179150581359,split3,NK cells,Palbociclib,0.0709219858156028
2.5103707,CRISP,6.522179150581359,split3,NK cells,Palbociclib,0.0709219858156028
3.0396018,CRISP,6.522179150581359,split3,NK cells,Palbociclib,0.0709219858156028
3.138233,CRISP,6.522179150581359,split3,NK cells,Palbociclib,0.0709219858156028
2.9407747,CRISP,6.522179150581359,split3,NK cells,Palbociclib,0.0709219858156028
2.7333646,CRISP,6.522179150581359,split3,NK cells,Palbociclib,0.0709219858156028
3.0659046,CRISP,6.522179150581359,split3,NK cells,Palbociclib,0.0709219858156028
2.67721,CRISP,6.522179150581359,split3,NK cells,Palbociclib,0.0709219858156028
3.7053008,CRISP,6.522179150581359,split3,NK cells,Palbociclib,0.0709219858156028
2.2925527,CRISP,6.522179150581359,split3,NK cells,Palbociclib,0.0709219858156028
2.2705855,CRISP,6.522179150581359,split3,NK cells,Palbociclib,0.0709219858156028
3.348331,CRISP,6.522179150581359,split3,NK cells,Palbociclib,0.0709219858156028
-0.3920539,CRISP,6.522179150581359,split3,NK cells,Palbociclib,0.0709219858156028
4.250588,CRISP,6.522179150581359,split3,NK cells,Palbociclib,0.0709219858156028
2.4814909,CRISP,6.522179150581359,split3,NK cells,Palbociclib,0.0709219858156028
4.0774493,CRISP,6.522179150581359,split3,NK cells,Palbociclib,0.0709219858156028
2.6486735,CRISP,6.522179150581359,split3,NK cells,Palbociclib,0.0709219858156028
2.3083801,CRISP,6.522179150581359,split3,NK cells,Palbociclib,0.0709219858156028
2.6482275,CRISP,6.522179150581359,split3,NK cells,Palbociclib,0.0709219858156028
2.8776414,CRISP,6.522179150581359,split3,NK cells,Palbociclib,0.0709219858156028
3.3619819,CRISP,6.522179150581359,split3,NK cells,Palbociclib,0.0709219858156028
1.382025,CRISP,6.522179150581359,split3,NK cells,Palbociclib,0.0709219858156028
2.736031,CRISP,6.522179150581359,split3,NK cells,Palbociclib,0.0709219858156028
2.8320282,CRISP,6.522179150581359,split3,NK cells,Palbociclib,0.0709219858156028
3.6596568,CRISP,6.522179150581359,split3,NK cells,Palbociclib,0.0709219858156028
3.2682276,CRISP,6.522179150581359,split3,NK cells,Palbociclib,0.0709219858156028
2.9239323,CRISP,6.522179150581359,split3,NK cells,Palbociclib,0.0709219858156028
3.9305308,CRISP,6.522179150581359,split3,NK cells,Palbociclib,0.0709219858156028
3.5311396,CRISP,6.522179150581359,split3,NK cells,Palbociclib,0.0709219858156028
3.1612566,CRISP,6.522179150581359,split3,NK cells,Palbociclib,0.0709219858156028
-0.13788228,CRISP,6.522179150581359,split3,NK cells,Palbociclib,0.0709219858156028
3.638284,CRISP,6.522179150581359,split3,NK cells,Palbociclib,0.0709219858156028
2.2351286,CRISP,6.522179150581359,split3,NK cells,Palbociclib,0.0709219858156028
2.9987848,CRISP,6.522179150581359,split3,NK cells,Palbociclib,0.0709219858156028
0.70258117,CRISP,6.522179150581359,split3,NK cells,Palbociclib,0.0709219858156028
2.5270429,CRISP,6.522179150581359,split3,NK cells,Palbociclib,0.0709219858156028
2.6629128,CRISP,6.522179150581359,split3,NK cells,Palbociclib,0.0709219858156028
2.5608916,CRISP,6.522179150581359,split3,NK cells,Palbociclib,0.0709219858156028
2.8187435,CRISP,6.522179150581359,split3,NK cells,Palbociclib,0.0709219858156028
2.3039966,CRISP,6.522179150581359,split3,NK cells,Palbociclib,0.0709219858156028
3.2006295,CRISP,6.522179150581359,split3,NK cells,Palbociclib,0.0709219858156028
2.5677764,CRISP,6.522179150581359,split3,NK cells,Palbociclib,0.0709219858156028
3.8717217,CRISP,6.522179150581359,split3,NK cells,Palbociclib,0.0709219858156028
3.0319765,CRISP,6.522179150581359,split3,NK cells,Palbociclib,0.0709219858156028
3.578567,CRISP,6.522179150581359,split3,NK cells,Palbociclib,0.0709219858156028
3.9271376,CRISP,6.522179150581359,split3,NK cells,Palbociclib,0.0709219858156028
1.4975394,CRISP,6.522179150581359,split3,NK cells,Palbociclib,0.0709219858156028
3.997642,CRISP,6.522179150581359,split3,NK cells,Palbociclib,0.0709219858156028
3.6992555,CRISP,6.522179150581359,split3,NK cells,Palbociclib,0.0709219858156028
2.7464972,CRISP,6.522179150581359,split3,NK cells,Palbociclib,0.0709219858156028
2.3612206,CRISP,6.522179150581359,split3,NK cells,Palbociclib,0.0709219858156028
3.327847,CRISP,6.522179150581359,split3,NK cells,Palbociclib,0.0709219858156028
2.451825,CRISP,6.522179150581359,split3,NK cells,Palbociclib,0.0709219858156028
3.426412,CRISP,6.522179150581359,split3,NK cells,Palbociclib,0.0709219858156028
3.5802321,CRISP,6.522179150581359,split3,NK cells,Palbociclib,0.0709219858156028
3.4384243,CRISP,6.522179150581359,split3,NK cells,Palbociclib,0.0709219858156028
4.072155,CRISP,6.522179150581359,split3,NK cells,Palbociclib,0.0709219858156028
3.1684594,CRISP,6.522179150581359,split3,NK cells,Palbociclib,0.0709219858156028
3.264151,CRISP,6.522179150581359,split3,NK cells,Palbociclib,0.0709219858156028
0.22627744,CRISP,6.522179150581359,split3,NK cells,Palbociclib,0.0709219858156028
2.217586,CRISP,6.522179150581359,split3,NK cells,Palbociclib,0.0709219858156028
3.2640383,CRISP,6.522179150581359,split3,NK cells,Palbociclib,0.0709219858156028
3.641302,CRISP,6.522179150581359,split3,NK cells,Palbociclib,0.0709219858156028
2.5425904,CRISP,6.522179150581359,split3,NK cells,Palbociclib,0.0709219858156028
3.5691955,CRISP,6.522179150581359,split3,NK cells,Palbociclib,0.0709219858156028
3.7963173,CRISP,6.522179150581359,split3,NK cells,Palbociclib,0.0709219858156028
3.383444,CRISP,6.522179150581359,split3,NK cells,Palbociclib,0.0709219858156028
3.133571,CRISP,6.522179150581359,split3,NK cells,Palbociclib,0.0709219858156028
2.3976002,CRISP,6.522179150581359,split3,NK cells,Palbociclib,0.0709219858156028
3.4802234,CRISP,6.522179150581359,split3,NK cells,Palbociclib,0.0709219858156028
2.6014154,CRISP,6.522179150581359,split3,NK cells,Palbociclib,0.0709219858156028
3.7563574,CRISP,6.522179150581359,split3,NK cells,Palbociclib,0.0709219858156028
3.7696168,CRISP,6.522179150581359,split3,NK cells,Palbociclib,0.0709219858156028
2.5536423,CRISP,6.522179150581359,split3,NK cells,Palbociclib,0.0709219858156028
3.522121,CRISP,6.522179150581359,split3,NK cells,Palbociclib,0.0709219858156028
3.2829523,CRISP,6.522179150581359,split3,NK cells,Palbociclib,0.0709219858156028
2.142967,CRISP,6.522179150581359,split3,NK cells,Palbociclib,0.0709219858156028
3.232993,CRISP,6.522179150581359,split3,NK cells,Palbociclib,0.0709219858156028
2.4561374,CRISP,6.522179150581359,split3,NK cells,Palbociclib,0.0709219858156028
1.5730464,CRISP,6.522179150581359,split3,NK cells,Palbociclib,0.0709219858156028
2.9827166,CRISP,6.522179150581359,split3,NK cells,Palbociclib,0.0709219858156028
2.6119876,CRISP,6.522179150581359,split3,NK cells,Palbociclib,0.0709219858156028
2.617899,CRISP,6.522179150581359,split3,NK cells,Palbociclib,0.0709219858156028
3.426696,CRISP,6.522179150581359,split3,NK cells,Palbociclib,0.0709219858156028
2.9794137,CRISP,6.522179150581359,split3,NK cells,Palbociclib,0.0709219858156028
2.6947536,CRISP,6.522179150581359,split3,NK cells,Palbociclib,0.0709219858156028
3.2075167,CRISP,6.522179150581359,split3,NK cells,Palbociclib,0.0709219858156028
3.3625493,CRISP,6.522179150581359,split3,NK cells,Palbociclib,0.0709219858156028
1.9088154,CRISP,6.522179150581359,split3,NK cells,Palbociclib,0.0709219858156028
3.7244468,CRISP,6.522179150581359,split3,NK cells,Palbociclib,0.0709219858156028
3.391981,CRISP,6.522179150581359,split3,NK cells,Palbociclib,0.0709219858156028
3.9465342,CRISP,6.522179150581359,split3,NK cells,Palbociclib,0.0709219858156028
3.2781153,CRISP,6.522179150581359,split3,NK cells,Palbociclib,0.0709219858156028
2.7404811,CRISP,6.522179150581359,split3,NK cells,Palbociclib,0.0709219858156028
-0.032402962,CRISP,6.522179150581359,split3,NK cells,Palbociclib,0.0709219858156028
2.980357,CRISP,6.522179150581359,split3,NK cells,Palbociclib,0.0709219858156028
3.7596562,CRISP,6.522179150581359,split3,NK cells,Palbociclib,0.0709219858156028
2.496249,CRISP,6.522179150581359,split3,NK cells,Palbociclib,0.0709219858156028
3.281214,CRISP,6.522179150581359,split3,NK cells,Palbociclib,0.0709219858156028
3.2853205,CRISP,6.522179150581359,split3,NK cells,Palbociclib,0.0709219858156028
3.6302526,CRISP,6.522179150581359,split3,NK cells,Palbociclib,0.0709219858156028
2.6033876,CRISP,6.522179150581359,split3,NK cells,Palbociclib,0.0709219858156028
3.0950603,CRISP,6.522179150581359,split3,NK cells,Palbociclib,0.0709219858156028
2.4688246,CRISP,6.522179150581359,split3,NK cells,Palbociclib,0.0709219858156028
2.3305678,CRISP,6.522179150581359,split3,NK cells,Palbociclib,0.0709219858156028
3.4606526,CRISP,6.522179150581359,split3,NK cells,Palbociclib,0.0709219858156028
3.0294123,CRISP,6.522179150581359,split3,NK cells,Palbociclib,0.0709219858156028
3.5712454,CRISP,6.522179150581359,split3,NK cells,Palbociclib,0.0709219858156028
3.9769323,CRISP,6.522179150581359,split3,NK cells,Palbociclib,0.0709219858156028
3.3624582,CRISP,6.522179150581359,split3,NK cells,Palbociclib,0.0709219858156028
3.2232769,CRISP,6.522179150581359,split3,NK cells,Palbociclib,0.0709219858156028
3.3216512,CRISP,6.522179150581359,split3,NK cells,Palbociclib,0.0709219858156028
2.761535,CRISP,6.522179150581359,split3,NK cells,Palbociclib,0.0709219858156028
2.021898,CRISP,6.522179150581359,split3,NK cells,Palbociclib,0.0709219858156028
3.008571,CRISP,6.522179150581359,split3,NK cells,Palbociclib,0.0709219858156028
3.6527781,CRISP,6.522179150581359,split3,NK cells,Palbociclib,0.0709219858156028
2.6981099,CRISP,6.522179150581359,split3,NK cells,Palbociclib,0.0709219858156028
1.067402,CRISP,6.522179150581359,split3,NK cells,Palbociclib,0.0709219858156028
3.9584339,CRISP,6.522179150581359,split3,NK cells,Palbociclib,0.0709219858156028
3.8561482,CRISP,6.522179150581359,split3,NK cells,Palbociclib,0.0709219858156028
2.7369673,CRISP,6.522179150581359,split3,NK cells,Palbociclib,0.0709219858156028
3.5711994,CRISP,6.522179150581359,split3,NK cells,Palbociclib,0.0709219858156028
2.1377828,CRISP,6.522179150581359,split3,NK cells,Palbociclib,0.0709219858156028
3.6371715,CRISP,6.522179150581359,split3,NK cells,Palbociclib,0.0709219858156028
3.0582216,CRISP,6.522179150581359,split3,NK cells,Palbociclib,0.0709219858156028
2.767447,CRISP,6.522179150581359,split3,NK cells,Palbociclib,0.0709219858156028
2.7539747,CRISP,6.522179150581359,split3,NK cells,Palbociclib,0.0709219858156028
2.8257725,CRISP,6.522179150581359,split3,NK cells,Palbociclib,0.0709219858156028
2.9161777,CRISP,6.522179150581359,split3,NK cells,Palbociclib,0.0709219858156028
3.634303,CRISP,6.522179150581359,split3,NK cells,Palbociclib,0.0709219858156028
3.0963073,CRISP,6.522179150581359,split3,NK cells,Palbociclib,0.0709219858156028
2.7342727,CRISP,6.522179150581359,split3,NK cells,Palbociclib,0.0709219858156028
3.835156,CRISP,6.522179150581359,split3,NK cells,Palbociclib,0.0709219858156028
3.09926,CRISP,6.522179150581359,split3,NK cells,Palbociclib,0.0709219858156028
2.6255448,CRISP,6.522179150581359,split3,NK cells,Palbociclib,0.0709219858156028
2.5886052,CRISP,6.522179150581359,split3,NK cells,Palbociclib,0.0709219858156028
3.6970153,CRISP,6.522179150581359,split3,NK cells,Palbociclib,0.0709219858156028
3.263994,CRISP,6.522179150581359,split3,NK cells,Palbociclib,0.0709219858156028
2.3980982,CRISP,6.522179150581359,split3,NK cells,Palbociclib,0.0709219858156028
3.0387635,CRISP,6.522179150581359,split3,NK cells,Palbociclib,0.0709219858156028
3.6116366,CRISP,6.522179150581359,split3,NK cells,Palbociclib,0.0709219858156028
2.2604673,CRISP,6.522179150581359,split3,NK cells,Palbociclib,0.0709219858156028
0.42269737,CRISP,6.522179150581359,split3,NK cells,Palbociclib,0.0709219858156028
3.1970136,CRISP,6.522179150581359,split3,NK cells,Palbociclib,0.0709219858156028
3.2594907,CRISP,6.522179150581359,split3,NK cells,Palbociclib,0.0709219858156028
3.6649854,CRISP,6.522179150581359,split3,NK cells,Palbociclib,0.0709219858156028
2.7523656,CRISP,6.522179150581359,split3,NK cells,Palbociclib,0.0709219858156028
3.8680263,CRISP,6.522179150581359,split3,NK cells,Palbociclib,0.0709219858156028
2.7854803,CRISP,6.522179150581359,split3,NK cells,Palbociclib,0.0709219858156028
2.7822309,CRISP,6.522179150581359,split3,NK cells,Palbociclib,0.0709219858156028
2.4579024,CRISP,6.522179150581359,split3,NK cells,Palbociclib,0.0709219858156028
2.8467784,CRISP,6.522179150581359,split3,NK cells,Palbociclib,0.0709219858156028
2.9603262,CRISP,6.522179150581359,split3,NK cells,Palbociclib,0.0709219858156028
3.7017655,CRISP,6.522179150581359,split3,NK cells,Palbociclib,0.0709219858156028
3.0077457,CRISP,6.522179150581359,split3,NK cells,Palbociclib,0.0709219858156028
0.14573568,CRISP,6.522179150581359,split3,NK cells,Palbociclib,0.0709219858156028
3.332104,CRISP,6.522179150581359,split3,NK cells,Palbociclib,0.0709219858156028
2.6704543,CRISP,6.522179150581359,split3,NK cells,Palbociclib,0.0709219858156028
3.245746,CRISP,6.522179150581359,split3,NK cells,Palbociclib,0.0709219858156028
3.888443,CRISP,6.522179150581359,split3,NK cells,Palbociclib,0.0709219858156028
3.205568,CRISP,6.522179150581359,split3,NK cells,Palbociclib,0.0709219858156028
3.765208,CRISP,6.522179150581359,split3,NK cells,Palbociclib,0.0709219858156028
3.91925,CRISP,6.522179150581359,split3,NK cells,Palbociclib,0.0709219858156028
2.3714619,CRISP,6.522179150581359,split3,NK cells,Palbociclib,0.0709219858156028
3.0467637,CRISP,6.522179150581359,split3,NK cells,Palbociclib,0.0709219858156028
3.9211469,CRISP,6.522179150581359,split3,NK cells,Palbociclib,0.0709219858156028
3.1236026,CRISP,6.522179150581359,split3,NK cells,Palbociclib,0.0709219858156028
2.6029623,CRISP,6.522179150581359,split3,NK cells,Palbociclib,0.0709219858156028
2.5648894,CRISP,6.522179150581359,split3,NK cells,Palbociclib,0.0709219858156028
2.6287143,CRISP,6.522179150581359,split3,NK cells,Palbociclib,0.0709219858156028
3.1411936,CRISP,6.522179150581359,split3,NK cells,Palbociclib,0.0709219858156028
2.54636,CRISP,6.522179150581359,split3,NK cells,Palbociclib,0.0709219858156028
1.8691857,CRISP,6.522179150581359,split3,NK cells,Palbociclib,0.0709219858156028
2.6955473,CRISP,6.522179150581359,split3,NK cells,Palbociclib,0.0709219858156028
3.5001671,CRISP,6.522179150581359,split3,NK cells,Palbociclib,0.0709219858156028
3.2699797,CRISP,6.522179150581359,split3,NK cells,Palbociclib,0.0709219858156028
0.9117435,CRISP,6.522179150581359,split3,NK cells,Palbociclib,0.0709219858156028
3.5736084,CRISP,6.522179150581359,split3,NK cells,Palbociclib,0.0709219858156028
2.0013347,CRISP,6.522179150581359,split3,NK cells,Palbociclib,0.0709219858156028
3.7747068,CRISP,6.522179150581359,split3,NK cells,Palbociclib,0.0709219858156028
2.9292257,CRISP,6.522179150581359,split3,NK cells,Palbociclib,0.0709219858156028
3.5067887,CRISP,6.522179150581359,split3,NK cells,Palbociclib,0.0709219858156028
3.9846573,CRISP,6.522179150581359,split3,NK cells,Palbociclib,0.0709219858156028
2.0305767,CRISP,6.522179150581359,split3,NK cells,Palbociclib,0.0709219858156028
2.5947397,CRISP,6.522179150581359,split3,NK cells,Palbociclib,0.0709219858156028
3.474548,CRISP,6.522179150581359,split3,NK cells,Palbociclib,0.0709219858156028
3.7897625,CRISP,6.522179150581359,split3,NK cells,Palbociclib,0.0709219858156028
3.181348,CRISP,6.522179150581359,split3,NK cells,Palbociclib,0.0709219858156028
3.5757635,CRISP,6.522179150581359,split3,NK cells,Palbociclib,0.0709219858156028
2.6848183,CRISP,6.522179150581359,split3,NK cells,Palbociclib,0.0709219858156028
3.7145627,CRISP,6.522179150581359,split3,NK cells,Palbociclib,0.0709219858156028
3.3193064,CRISP,6.522179150581359,split3,NK cells,Palbociclib,0.0709219858156028
3.6793127,CRISP,6.522179150581359,split3,NK cells,Palbociclib,0.0709219858156028
1.7560648,CRISP,6.522179150581359,split3,NK cells,Palbociclib,0.0709219858156028
2.8898506,CRISP,6.522179150581359,split3,NK cells,Palbociclib,0.0709219858156028
2.4702668,CRISP,6.522179150581359,split3,NK cells,Palbociclib,0.0709219858156028
2.4455206,CRISP,6.522179150581359,split3,NK cells,Palbociclib,0.0709219858156028
3.2358332,CRISP,6.522179150581359,split3,NK cells,Palbociclib,0.0709219858156028
2.5275989,CRISP,6.522179150581359,split3,NK cells,Palbociclib,0.0709219858156028
2.9461088,CRISP,6.522179150581359,split3,NK cells,Palbociclib,0.0709219858156028
2.7118812,CRISP,6.522179150581359,split3,NK cells,Palbociclib,0.0709219858156028
6.044527,DiffCRISP,6.522179150581359,split3,NK cells,Palbociclib,0.0709219858156028
2.3225102,DiffCRISP,6.522179150581359,split3,NK cells,Palbociclib,0.0709219858156028
3.9946446,DiffCRISP,6.522179150581359,split3,NK cells,Palbociclib,0.0709219858156028
4.4485326,DiffCRISP,6.522179150581359,split3,NK cells,Palbociclib,0.0709219858156028
5.184748,DiffCRISP,6.522179150581359,split3,NK cells,Palbociclib,0.0709219858156028
3.1335886,DiffCRISP,6.522179150581359,split3,NK cells,Palbociclib,0.0709219858156028
3.4427707,DiffCRISP,6.522179150581359,split3,NK cells,Palbociclib,0.0709219858156028
6.8080444,DiffCRISP,6.522179150581359,split3,NK cells,Palbociclib,0.0709219858156028
3.747588,DiffCRISP,6.522179150581359,split3,NK cells,Palbociclib,0.0709219858156028
1.5951291,DiffCRISP,6.522179150581359,split3,NK cells,Palbociclib,0.0709219858156028
2.3400064,DiffCRISP,6.522179150581359,split3,NK cells,Palbociclib,0.0709219858156028
7.297181,DiffCRISP,6.522179150581359,split3,NK cells,Palbociclib,0.0709219858156028
4.4286747,DiffCRISP,6.522179150581359,split3,NK cells,Palbociclib,0.0709219858156028
5.4927564,DiffCRISP,6.522179150581359,split3,NK cells,Palbociclib,0.0709219858156028
2.3874679,DiffCRISP,6.522179150581359,split3,NK cells,Palbociclib,0.0709219858156028
5.1195464,DiffCRISP,6.522179150581359,split3,NK cells,Palbociclib,0.0709219858156028
1.7463903,DiffCRISP,6.522179150581359,split3,NK cells,Palbociclib,0.0709219858156028
3.9899006,DiffCRISP,6.522179150581359,split3,NK cells,Palbociclib,0.0709219858156028
5.3161025,DiffCRISP,6.522179150581359,split3,NK cells,Palbociclib,0.0709219858156028
4.307935,DiffCRISP,6.522179150581359,split3,NK cells,Palbociclib,0.0709219858156028
3.8804677,DiffCRISP,6.522179150581359,split3,NK cells,Palbociclib,0.0709219858156028
7.1092753,DiffCRISP,6.522179150581359,split3,NK cells,Palbociclib,0.0709219858156028
5.5837812,DiffCRISP,6.522179150581359,split3,NK cells,Palbociclib,0.0709219858156028
3.9514716,DiffCRISP,6.522179150581359,split3,NK cells,Palbociclib,0.0709219858156028
4.4593654,DiffCRISP,6.522179150581359,split3,NK cells,Palbociclib,0.0709219858156028
3.6889493,DiffCRISP,6.522179150581359,split3,NK cells,Palbociclib,0.0709219858156028
3.316138,DiffCRISP,6.522179150581359,split3,NK cells,Palbociclib,0.0709219858156028
1.9222865,DiffCRISP,6.522179150581359,split3,NK cells,Palbociclib,0.0709219858156028
2.2290475,DiffCRISP,6.522179150581359,split3,NK cells,Palbociclib,0.0709219858156028
3.571338,DiffCRISP,6.522179150581359,split3,NK cells,Palbociclib,0.0709219858156028
3.049942,DiffCRISP,6.522179150581359,split3,NK cells,Palbociclib,0.0709219858156028
3.5294132,DiffCRISP,6.522179150581359,split3,NK cells,Palbociclib,0.0709219858156028
-2.2779617,DiffCRISP,6.522179150581359,split3,NK cells,Palbociclib,0.0709219858156028
5.875151,DiffCRISP,6.522179150581359,split3,NK cells,Palbociclib,0.0709219858156028
3.40511,DiffCRISP,6.522179150581359,split3,NK cells,Palbociclib,0.0709219858156028
3.3793502,DiffCRISP,6.522179150581359,split3,NK cells,Palbociclib,0.0709219858156028
5.503085,DiffCRISP,6.522179150581359,split3,NK cells,Palbociclib,0.0709219858156028
6.670054,DiffCRISP,6.522179150581359,split3,NK cells,Palbociclib,0.0709219858156028
4.5173397,DiffCRISP,6.522179150581359,split3,NK cells,Palbociclib,0.0709219858156028
4.5668383,DiffCRISP,6.522179150581359,split3,NK cells,Palbociclib,0.0709219858156028
4.818586,DiffCRISP,6.522179150581359,split3,NK cells,Palbociclib,0.0709219858156028
3.441003,DiffCRISP,6.522179150581359,split3,NK cells,Palbociclib,0.0709219858156028
2.7637415,DiffCRISP,6.522179150581359,split3,NK cells,Palbociclib,0.0709219858156028
1.2731756,DiffCRISP,6.522179150581359,split3,NK cells,Palbociclib,0.0709219858156028
4.078463,DiffCRISP,6.522179150581359,split3,NK cells,Palbociclib,0.0709219858156028
6.0956655,DiffCRISP,6.522179150581359,split3,NK cells,Palbociclib,0.0709219858156028
6.1358166,DiffCRISP,6.522179150581359,split3,NK cells,Palbociclib,0.0709219858156028
4.4945955,DiffCRISP,6.522179150581359,split3,NK cells,Palbociclib,0.0709219858156028
3.0663822,DiffCRISP,6.522179150581359,split3,NK cells,Palbociclib,0.0709219858156028
-1.2486126,DiffCRISP,6.522179150581359,split3,NK cells,Palbociclib,0.0709219858156028
5.416152,DiffCRISP,6.522179150581359,split3,NK cells,Palbociclib,0.0709219858156028
5.1713977,DiffCRISP,6.522179150581359,split3,NK cells,Palbociclib,0.0709219858156028
6.294157,DiffCRISP,6.522179150581359,split3,NK cells,Palbociclib,0.0709219858156028
3.0567505,DiffCRISP,6.522179150581359,split3,NK cells,Palbociclib,0.0709219858156028
5.4491363,DiffCRISP,6.522179150581359,split3,NK cells,Palbociclib,0.0709219858156028
6.5309024,DiffCRISP,6.522179150581359,split3,NK cells,Palbociclib,0.0709219858156028
3.4745939,DiffCRISP,6.522179150581359,split3,NK cells,Palbociclib,0.0709219858156028
-1.4463751,DiffCRISP,6.522179150581359,split3,NK cells,Palbociclib,0.0709219858156028
0.51834816,DiffCRISP,6.522179150581359,split3,NK cells,Palbociclib,0.0709219858156028
3.9673553,DiffCRISP,6.522179150581359,split3,NK cells,Palbociclib,0.0709219858156028
4.2776318,DiffCRISP,6.522179150581359,split3,NK cells,Palbociclib,0.0709219858156028
3.480919,DiffCRISP,6.522179150581359,split3,NK cells,Palbociclib,0.0709219858156028
1.7427373,DiffCRISP,6.522179150581359,split3,NK cells,Palbociclib,0.0709219858156028
0.6687312,DiffCRISP,6.522179150581359,split3,NK cells,Palbociclib,0.0709219858156028
4.660195,DiffCRISP,6.522179150581359,split3,NK cells,Palbociclib,0.0709219858156028
1.9504036,DiffCRISP,6.522179150581359,split3,NK cells,Palbociclib,0.0709219858156028
2.4047859,DiffCRISP,6.522179150581359,split3,NK cells,Palbociclib,0.0709219858156028
3.0414116,DiffCRISP,6.522179150581359,split3,NK cells,Palbociclib,0.0709219858156028
2.3410125,DiffCRISP,6.522179150581359,split3,NK cells,Palbociclib,0.0709219858156028
3.9927983,DiffCRISP,6.522179150581359,split3,NK cells,Palbociclib,0.0709219858156028
5.889046,DiffCRISP,6.522179150581359,split3,NK cells,Palbociclib,0.0709219858156028
3.5020165,DiffCRISP,6.522179150581359,split3,NK cells,Palbociclib,0.0709219858156028
3.9047189,DiffCRISP,6.522179150581359,split3,NK cells,Palbociclib,0.0709219858156028
3.0151033,DiffCRISP,6.522179150581359,split3,NK cells,Palbociclib,0.0709219858156028
5.738724,DiffCRISP,6.522179150581359,split3,NK cells,Palbociclib,0.0709219858156028
5.064356,DiffCRISP,6.522179150581359,split3,NK cells,Palbociclib,0.0709219858156028
2.8614635,DiffCRISP,6.522179150581359,split3,NK cells,Palbociclib,0.0709219858156028
1.9058173,DiffCRISP,6.522179150581359,split3,NK cells,Palbociclib,0.0709219858156028
4.934153,DiffCRISP,6.522179150581359,split3,NK cells,Palbociclib,0.0709219858156028
4.7047744,DiffCRISP,6.522179150581359,split3,NK cells,Palbociclib,0.0709219858156028
7.181494,DiffCRISP,6.522179150581359,split3,NK cells,Palbociclib,0.0709219858156028
0.7033149,DiffCRISP,6.522179150581359,split3,NK cells,Palbociclib,0.0709219858156028
4.522866,DiffCRISP,6.522179150581359,split3,NK cells,Palbociclib,0.0709219858156028
2.6242692,DiffCRISP,6.522179150581359,split3,NK cells,Palbociclib,0.0709219858156028
3.317444,DiffCRISP,6.522179150581359,split3,NK cells,Palbociclib,0.0709219858156028
1.3475554,DiffCRISP,6.522179150581359,split3,NK cells,Palbociclib,0.0709219858156028
4.0493274,DiffCRISP,6.522179150581359,split3,NK cells,Palbociclib,0.0709219858156028
1.6245064,DiffCRISP,6.522179150581359,split3,NK cells,Palbociclib,0.0709219858156028
2.7827206,DiffCRISP,6.522179150581359,split3,NK cells,Palbociclib,0.0709219858156028
4.90685,DiffCRISP,6.522179150581359,split3,NK cells,Palbociclib,0.0709219858156028
2.230329,DiffCRISP,6.522179150581359,split3,NK cells,Palbociclib,0.0709219858156028
4.163263,DiffCRISP,6.522179150581359,split3,NK cells,Palbociclib,0.0709219858156028
5.625433,DiffCRISP,6.522179150581359,split3,NK cells,Palbociclib,0.0709219858156028
6.530201,DiffCRISP,6.522179150581359,split3,NK cells,Palbociclib,0.0709219858156028
3.8579197,DiffCRISP,6.522179150581359,split3,NK cells,Palbociclib,0.0709219858156028
2.7329562,DiffCRISP,6.522179150581359,split3,NK cells,Palbociclib,0.0709219858156028
5.068289,DiffCRISP,6.522179150581359,split3,NK cells,Palbociclib,0.0709219858156028
3.5467167,DiffCRISP,6.522179150581359,split3,NK cells,Palbociclib,0.0709219858156028
6.0279274,DiffCRISP,6.522179150581359,split3,NK cells,Palbociclib,0.0709219858156028
5.4048047,DiffCRISP,6.522179150581359,split3,NK cells,Palbociclib,0.0709219858156028
1.2141831,DiffCRISP,6.522179150581359,split3,NK cells,Palbociclib,0.0709219858156028
1.4346931,DiffCRISP,6.522179150581359,split3,NK cells,Palbociclib,0.0709219858156028
4.4017644,DiffCRISP,6.522179150581359,split3,NK cells,Palbociclib,0.0709219858156028
2.9080312,DiffCRISP,6.522179150581359,split3,NK cells,Palbociclib,0.0709219858156028
4.078187,DiffCRISP,6.522179150581359,split3,NK cells,Palbociclib,0.0709219858156028
3.67356,DiffCRISP,6.522179150581359,split3,NK cells,Palbociclib,0.0709219858156028
4.581778,DiffCRISP,6.522179150581359,split3,NK cells,Palbociclib,0.0709219858156028
3.7176256,DiffCRISP,6.522179150581359,split3,NK cells,Palbociclib,0.0709219858156028
3.019002,DiffCRISP,6.522179150581359,split3,NK cells,Palbociclib,0.0709219858156028
2.5320086,DiffCRISP,6.522179150581359,split3,NK cells,Palbociclib,0.0709219858156028
2.8914485,DiffCRISP,6.522179150581359,split3,NK cells,Palbociclib,0.0709219858156028
4.209072,DiffCRISP,6.522179150581359,split3,NK cells,Palbociclib,0.0709219858156028
3.0705476,DiffCRISP,6.522179150581359,split3,NK cells,Palbociclib,0.0709219858156028
2.4129953,DiffCRISP,6.522179150581359,split3,NK cells,Palbociclib,0.0709219858156028
1.8045456,DiffCRISP,6.522179150581359,split3,NK cells,Palbociclib,0.0709219858156028
5.3782816,DiffCRISP,6.522179150581359,split3,NK cells,Palbociclib,0.0709219858156028
3.736977,DiffCRISP,6.522179150581359,split3,NK cells,Palbociclib,0.0709219858156028
3.7001014,DiffCRISP,6.522179150581359,split3,NK cells,Palbociclib,0.0709219858156028
5.5006723,DiffCRISP,6.522179150581359,split3,NK cells,Palbociclib,0.0709219858156028
2.2017398,DiffCRISP,6.522179150581359,split3,NK cells,Palbociclib,0.0709219858156028
4.293063,DiffCRISP,6.522179150581359,split3,NK cells,Palbociclib,0.0709219858156028
5.7778773,DiffCRISP,6.522179150581359,split3,NK cells,Palbociclib,0.0709219858156028
4.866901,DiffCRISP,6.522179150581359,split3,NK cells,Palbociclib,0.0709219858156028
4.5174704,DiffCRISP,6.522179150581359,split3,NK cells,Palbociclib,0.0709219858156028
3.0973525,DiffCRISP,6.522179150581359,split3,NK cells,Palbociclib,0.0709219858156028
5.397105,DiffCRISP,6.522179150581359,split3,NK cells,Palbociclib,0.0709219858156028
2.7619743,DiffCRISP,6.522179150581359,split3,NK cells,Palbociclib,0.0709219858156028
4.961393,DiffCRISP,6.522179150581359,split3,NK cells,Palbociclib,0.0709219858156028
3.1167176,DiffCRISP,6.522179150581359,split3,NK cells,Palbociclib,0.0709219858156028
2.334664,DiffCRISP,6.522179150581359,split3,NK cells,Palbociclib,0.0709219858156028
4.756402,DiffCRISP,6.522179150581359,split3,NK cells,Palbociclib,0.0709219858156028
4.1103735,DiffCRISP,6.522179150581359,split3,NK cells,Palbociclib,0.0709219858156028
1.9911525,DiffCRISP,6.522179150581359,split3,NK cells,Palbociclib,0.0709219858156028
-1.0756106,DiffCRISP,6.522179150581359,split3,NK cells,Palbociclib,0.0709219858156028
0.6107184,DiffCRISP,6.522179150581359,split3,NK cells,Palbociclib,0.0709219858156028
4.7860293,DiffCRISP,6.522179150581359,split3,NK cells,Palbociclib,0.0709219858156028
3.2053688,DiffCRISP,6.522179150581359,split3,NK cells,Palbociclib,0.0709219858156028
3.3882973,DiffCRISP,6.522179150581359,split3,NK cells,Palbociclib,0.0709219858156028
3.5996313,DiffCRISP,6.522179150581359,split3,NK cells,Palbociclib,0.0709219858156028
4.2681684,DiffCRISP,6.522179150581359,split3,NK cells,Palbociclib,0.0709219858156028
5.2375712,DiffCRISP,6.522179150581359,split3,NK cells,Palbociclib,0.0709219858156028
5.069082,DiffCRISP,6.522179150581359,split3,NK cells,Palbociclib,0.0709219858156028
2.4768507,DiffCRISP,6.522179150581359,split3,NK cells,Palbociclib,0.0709219858156028
4.21513,DiffCRISP,6.522179150581359,split3,NK cells,Palbociclib,0.0709219858156028
2.0592954,DiffCRISP,6.522179150581359,split3,NK cells,Palbociclib,0.0709219858156028
2.5110326,DiffCRISP,6.522179150581359,split3,NK cells,Palbociclib,0.0709219858156028
5.3881845,DiffCRISP,6.522179150581359,split3,NK cells,Palbociclib,0.0709219858156028
2.8355212,DiffCRISP,6.522179150581359,split3,NK cells,Palbociclib,0.0709219858156028
3.7301106,DiffCRISP,6.522179150581359,split3,NK cells,Palbociclib,0.0709219858156028
4.1827188,DiffCRISP,6.522179150581359,split3,NK cells,Palbociclib,0.0709219858156028
6.118708,DiffCRISP,6.522179150581359,split3,NK cells,Palbociclib,0.0709219858156028
0.7003577,DiffCRISP,6.522179150581359,split3,NK cells,Palbociclib,0.0709219858156028
1.720053,DiffCRISP,6.522179150581359,split3,NK cells,Palbociclib,0.0709219858156028
2.3985903,DiffCRISP,6.522179150581359,split3,NK cells,Palbociclib,0.0709219858156028
2.5457318,DiffCRISP,6.522179150581359,split3,NK cells,Palbociclib,0.0709219858156028
5.9793644,DiffCRISP,6.522179150581359,split3,NK cells,Palbociclib,0.0709219858156028
2.2913733,DiffCRISP,6.522179150581359,split3,NK cells,Palbociclib,0.0709219858156028
5.1768003,DiffCRISP,6.522179150581359,split3,NK cells,Palbociclib,0.0709219858156028
1.8008335,DiffCRISP,6.522179150581359,split3,NK cells,Palbociclib,0.0709219858156028
3.8030443,DiffCRISP,6.522179150581359,split3,NK cells,Palbociclib,0.0709219858156028
5.0466194,DiffCRISP,6.522179150581359,split3,NK cells,Palbociclib,0.0709219858156028
2.486586,DiffCRISP,6.522179150581359,split3,NK cells,Palbociclib,0.0709219858156028
3.3267858,DiffCRISP,6.522179150581359,split3,NK cells,Palbociclib,0.0709219858156028
5.7814236,DiffCRISP,6.522179150581359,split3,NK cells,Palbociclib,0.0709219858156028
5.255045,DiffCRISP,6.522179150581359,split3,NK cells,Palbociclib,0.0709219858156028
2.9779313,DiffCRISP,6.522179150581359,split3,NK cells,Palbociclib,0.0709219858156028
3.9004726,DiffCRISP,6.522179150581359,split3,NK cells,Palbociclib,0.0709219858156028
-1.439293,DiffCRISP,6.522179150581359,split3,NK cells,Palbociclib,0.0709219858156028
4.637239,DiffCRISP,6.522179150581359,split3,NK cells,Palbociclib,0.0709219858156028
2.4923444,DiffCRISP,6.522179150581359,split3,NK cells,Palbociclib,0.0709219858156028
4.6194563,DiffCRISP,6.522179150581359,split3,NK cells,Palbociclib,0.0709219858156028
4.702992,DiffCRISP,6.522179150581359,split3,NK cells,Palbociclib,0.0709219858156028
-0.02283293,DiffCRISP,6.522179150581359,split3,NK cells,Palbociclib,0.0709219858156028
-0.765946,DiffCRISP,6.522179150581359,split3,NK cells,Palbociclib,0.0709219858156028
3.6626875,DiffCRISP,6.522179150581359,split3,NK cells,Palbociclib,0.0709219858156028
5.2529774,DiffCRISP,6.522179150581359,split3,NK cells,Palbociclib,0.0709219858156028
1.9855962,DiffCRISP,6.522179150581359,split3,NK cells,Palbociclib,0.0709219858156028
5.3951316,DiffCRISP,6.522179150581359,split3,NK cells,Palbociclib,0.0709219858156028
4.2689133,DiffCRISP,6.522179150581359,split3,NK cells,Palbociclib,0.0709219858156028
2.5347514,DiffCRISP,6.522179150581359,split3,NK cells,Palbociclib,0.0709219858156028
-5.4569554,DiffCRISP,6.522179150581359,split3,NK cells,Palbociclib,0.0709219858156028
5.4690075,DiffCRISP,6.522179150581359,split3,NK cells,Palbociclib,0.0709219858156028
4.1494656,DiffCRISP,6.522179150581359,split3,NK cells,Palbociclib,0.0709219858156028
1.3234032,DiffCRISP,6.522179150581359,split3,NK cells,Palbociclib,0.0709219858156028
3.1555424,DiffCRISP,6.522179150581359,split3,NK cells,Palbociclib,0.0709219858156028
5.4958367,DiffCRISP,6.522179150581359,split3,NK cells,Palbociclib,0.0709219858156028
2.9815593,DiffCRISP,6.522179150581359,split3,NK cells,Palbociclib,0.0709219858156028
6.4063787,DiffCRISP,6.522179150581359,split3,NK cells,Palbociclib,0.0709219858156028
7.551739,DiffCRISP,6.522179150581359,split3,NK cells,Palbociclib,0.0709219858156028
4.9191833,DiffCRISP,6.522179150581359,split3,NK cells,Palbociclib,0.0709219858156028
-0.78349745,DiffCRISP,6.522179150581359,split3,NK cells,Palbociclib,0.0709219858156028
2.063603,DiffCRISP,6.522179150581359,split3,NK cells,Palbociclib,0.0709219858156028
3.5906,DiffCRISP,6.522179150581359,split3,NK cells,Palbociclib,0.0709219858156028
5.745521,DiffCRISP,6.522179150581359,split3,NK cells,Palbociclib,0.0709219858156028
2.911106,DiffCRISP,6.522179150581359,split3,NK cells,Palbociclib,0.0709219858156028
4.212297,DiffCRISP,6.522179150581359,split3,NK cells,Palbociclib,0.0709219858156028
5.166732,DiffCRISP,6.522179150581359,split3,NK cells,Palbociclib,0.0709219858156028
2.8171792,DiffCRISP,6.522179150581359,split3,NK cells,Palbociclib,0.0709219858156028
2.5659828,DiffCRISP,6.522179150581359,split3,NK cells,Palbociclib,0.0709219858156028
3.2069154,DiffCRISP,6.522179150581359,split3,NK cells,Palbociclib,0.0709219858156028
4.0608306,DiffCRISP,6.522179150581359,split3,NK cells,Palbociclib,0.0709219858156028
5.6208253,DiffCRISP,6.522179150581359,split3,NK cells,Palbociclib,0.0709219858156028
3.8046484,DiffCRISP,6.522179150581359,split3,NK cells,Palbociclib,0.0709219858156028
2.7905452,DiffCRISP,6.522179150581359,split3,NK cells,Palbociclib,0.0709219858156028
4.398809,DiffCRISP,6.522179150581359,split3,NK cells,Palbociclib,0.0709219858156028
5.4778376,DiffCRISP,6.522179150581359,split3,NK cells,Palbociclib,0.0709219858156028
4.435847,DiffCRISP,6.522179150581359,split3,NK cells,Palbociclib,0.0709219858156028
3.0258512,DiffCRISP,6.522179150581359,split3,NK cells,Palbociclib,0.0709219858156028
5.798044,DiffCRISP,6.522179150581359,split3,NK cells,Palbociclib,0.0709219858156028
3.064513,DiffCRISP,6.522179150581359,split3,NK cells,Palbociclib,0.0709219858156028
-1.0019689,DiffCRISP,6.522179150581359,split3,NK cells,Palbociclib,0.0709219858156028
4.456065,DiffCRISP,6.522179150581359,split3,NK cells,Palbociclib,0.0709219858156028
2.0945487,DiffCRISP,6.522179150581359,split3,NK cells,Palbociclib,0.0709219858156028
3.7751136,DiffCRISP,6.522179150581359,split3,NK cells,Palbociclib,0.0709219858156028
3.4510152,DiffCRISP,6.522179150581359,split3,NK cells,Palbociclib,0.0709219858156028
3.2376533,DiffCRISP,6.522179150581359,split3,NK cells,Palbociclib,0.0709219858156028
5.740337,DiffCRISP,6.522179150581359,split3,NK cells,Palbociclib,0.0709219858156028
5.875124,DiffCRISP,6.522179150581359,split3,NK cells,Palbociclib,0.0709219858156028
3.443796,DiffCRISP,6.522179150581359,split3,NK cells,Palbociclib,0.0709219858156028
6.5078864,DiffCRISP,6.522179150581359,split3,NK cells,Palbociclib,0.0709219858156028
1.9108601,DiffCRISP,6.522179150581359,split3,NK cells,Palbociclib,0.0709219858156028
4.1195164,DiffCRISP,6.522179150581359,split3,NK cells,Palbociclib,0.0709219858156028
3.4967082,DiffCRISP,6.522179150581359,split3,NK cells,Palbociclib,0.0709219858156028
4.791708,DiffCRISP,6.522179150581359,split3,NK cells,Palbociclib,0.0709219858156028
1.6708404,DiffCRISP,6.522179150581359,split3,NK cells,Palbociclib,0.0709219858156028
2.2121267,DiffCRISP,6.522179150581359,split3,NK cells,Palbociclib,0.0709219858156028
5.1049294,DiffCRISP,6.522179150581359,split3,NK cells,Palbociclib,0.0709219858156028
1.1538842,DiffCRISP,6.522179150581359,split3,NK cells,Palbociclib,0.0709219858156028
3.9589498,DiffCRISP,6.522179150581359,split3,NK cells,Palbociclib,0.0709219858156028
4.83276,DiffCRISP,6.522179150581359,split3,NK cells,Palbociclib,0.0709219858156028
6.6044536,DiffCRISP,6.522179150581359,split3,NK cells,Palbociclib,0.0709219858156028
2.4929392,DiffCRISP,6.522179150581359,split3,NK cells,Palbociclib,0.0709219858156028
3.7461221,DiffCRISP,6.522179150581359,split3,NK cells,Palbociclib,0.0709219858156028
0.9017613,DiffCRISP,6.522179150581359,split3,NK cells,Palbociclib,0.0709219858156028
3.835626,DiffCRISP,6.522179150581359,split3,NK cells,Palbociclib,0.0709219858156028
4.3014135,DiffCRISP,6.522179150581359,split3,NK cells,Palbociclib,0.0709219858156028
5.027311,DiffCRISP,6.522179150581359,split3,NK cells,Palbociclib,0.0709219858156028
5.3210516,DiffCRISP,6.522179150581359,split3,NK cells,Palbociclib,0.0709219858156028
2.4354587,DiffCRISP,6.522179150581359,split3,NK cells,Palbociclib,0.0709219858156028
5.961867,DiffCRISP,6.522179150581359,split3,NK cells,Palbociclib,0.0709219858156028
6.417603,DiffCRISP,6.522179150581359,split3,NK cells,Palbociclib,0.0709219858156028
6.1523423,DiffCRISP,6.522179150581359,split3,NK cells,Palbociclib,0.0709219858156028
4.017076,DiffCRISP,6.522179150581359,split3,NK cells,Palbociclib,0.0709219858156028
4.343752,DiffCRISP,6.522179150581359,split3,NK cells,Palbociclib,0.0709219858156028
3.6324906,DiffCRISP,6.522179150581359,split3,NK cells,Palbociclib,0.0709219858156028
4.968168,DiffCRISP,6.522179150581359,split3,NK cells,Palbociclib,0.0709219858156028
4.8469076,DiffCRISP,6.522179150581359,split3,NK cells,Palbociclib,0.0709219858156028
3.7164562,DiffCRISP,6.522179150581359,split3,NK cells,Palbociclib,0.0709219858156028
3.6342025,DiffCRISP,6.522179150581359,split3,NK cells,Palbociclib,0.0709219858156028
4.535849,DiffCRISP,6.522179150581359,split3,NK cells,Palbociclib,0.0709219858156028
5.3656564,DiffCRISP,6.522179150581359,split3,NK cells,Palbociclib,0.0709219858156028
4.121933,DiffCRISP,6.522179150581359,split3,NK cells,Palbociclib,0.0709219858156028
1.5914685,DiffCRISP,6.522179150581359,split3,NK cells,Palbociclib,0.0709219858156028
4.2556868,DiffCRISP,6.522179150581359,split3,NK cells,Palbociclib,0.0709219858156028
4.3534284,DiffCRISP,6.522179150581359,split3,NK cells,Palbociclib,0.0709219858156028
4.764799,DiffCRISP,6.522179150581359,split3,NK cells,Palbociclib,0.0709219858156028
2.2708592,DiffCRISP,6.522179150581359,split3,NK cells,Palbociclib,0.0709219858156028
0.9951854,DiffCRISP,6.522179150581359,split3,NK cells,Palbociclib,0.0709219858156028
2.2660334,DiffCRISP,6.522179150581359,split3,NK cells,Palbociclib,0.0709219858156028
4.2717953,DiffCRISP,6.522179150581359,split3,NK cells,Palbociclib,0.0709219858156028
5.7326856,DiffCRISP,6.522179150581359,split3,NK cells,Palbociclib,0.0709219858156028
5.991397,DiffCRISP,6.522179150581359,split3,NK cells,Palbociclib,0.0709219858156028
5.212172,DiffCRISP,6.522179150581359,split3,NK cells,Palbociclib,0.0709219858156028
4.577558,DiffCRISP,6.522179150581359,split3,NK cells,Palbociclib,0.0709219858156028
4.825517,DiffCRISP,6.522179150581359,split3,NK cells,Palbociclib,0.0709219858156028
5.4692616,DiffCRISP,6.522179150581359,split3,NK cells,Palbociclib,0.0709219858156028
5.313586,DiffCRISP,6.522179150581359,split3,NK cells,Palbociclib,0.0709219858156028
5.425307,DiffCRISP,6.522179150581359,split3,NK cells,Palbociclib,0.0709219858156028
5.696469,DiffCRISP,6.522179150581359,split3,NK cells,Palbociclib,0.0709219858156028
3.9963489,DiffCRISP,6.522179150581359,split3,NK cells,Palbociclib,0.0709219858156028
5.0536265,DiffCRISP,6.522179150581359,split3,NK cells,Palbociclib,0.0709219858156028
5.561019,DiffCRISP,6.522179150581359,split3,NK cells,Palbociclib,0.0709219858156028
3.9634144,DiffCRISP,6.522179150581359,split3,NK cells,Palbociclib,0.0709219858156028
2.7924712,DiffCRISP,6.522179150581359,split3,NK cells,Palbociclib,0.0709219858156028
6.266512,DiffCRISP,6.522179150581359,split3,NK cells,Palbociclib,0.0709219858156028
0.91937697,DiffCRISP,6.522179150581359,split3,NK cells,Palbociclib,0.0709219858156028
3.9357915,DiffCRISP,6.522179150581359,split3,NK cells,Palbociclib,0.0709219858156028
5.054177,DiffCRISP,6.522179150581359,split3,NK cells,Palbociclib,0.0709219858156028
1.7282299,DiffCRISP,6.522179150581359,split3,NK cells,Palbociclib,0.0709219858156028
3.1045542,DiffCRISP,6.522179150581359,split3,NK cells,Palbociclib,0.0709219858156028
5.0139136,DiffCRISP,6.522179150581359,split3,NK cells,Palbociclib,0.0709219858156028
4.593053,DiffCRISP,6.522179150581359,split3,NK cells,Palbociclib,0.0709219858156028
3.5041592,DiffCRISP,6.522179150581359,split3,NK cells,Palbociclib,0.0709219858156028
4.575356,DiffCRISP,6.522179150581359,split3,NK cells,Palbociclib,0.0709219858156028
3.797234,DiffCRISP,6.522179150581359,split3,NK cells,Palbociclib,0.0709219858156028
4.939453,DiffCRISP,6.522179150581359,split3,NK cells,Palbociclib,0.0709219858156028
3.0266612,DiffCRISP,6.522179150581359,split3,NK cells,Palbociclib,0.0709219858156028
4.386245,DiffCRISP,6.522179150581359,split3,NK cells,Palbociclib,0.0709219858156028
6.233818,DiffCRISP,6.522179150581359,split3,NK cells,Palbociclib,0.0709219858156028
3.6607547,DiffCRISP,6.522179150581359,split3,NK cells,Palbociclib,0.0709219858156028
0.08077645,DiffCRISP,6.522179150581359,split3,NK cells,Palbociclib,0.0709219858156028
3.705642,DiffCRISP,6.522179150581359,split3,NK cells,Palbociclib,0.0709219858156028
2.6129937,DiffCRISP,6.522179150581359,split3,NK cells,Palbociclib,0.0709219858156028
6.0223846,DiffCRISP,6.522179150581359,split3,NK cells,Palbociclib,0.0709219858156028
-2.767392,DiffCRISP,6.522179150581359,split3,NK cells,Palbociclib,0.0709219858156028
6.345411,DiffCRISP,6.522179150581359,split3,NK cells,Palbociclib,0.0709219858156028
4.338106,DiffCRISP,6.522179150581359,split3,NK cells,Palbociclib,0.0709219858156028
-1.1188616,DiffCRISP,6.522179150581359,split3,NK cells,Palbociclib,0.0709219858156028
4.399177,DiffCRISP,6.522179150581359,split3,NK cells,Palbociclib,0.0709219858156028
3.2345243,DiffCRISP,6.522179150581359,split3,NK cells,Palbociclib,0.0709219858156028
1.9762478,DiffCRISP,6.522179150581359,split3,NK cells,Palbociclib,0.0709219858156028
2.6075244,DiffCRISP,6.522179150581359,split3,NK cells,Palbociclib,0.0709219858156028
7.470471,DiffCRISP,6.522179150581359,split3,NK cells,Palbociclib,0.0709219858156028
4.048502,DiffCRISP,6.522179150581359,split3,NK cells,Palbociclib,0.0709219858156028
4.337863,DiffCRISP,6.522179150581359,split3,NK cells,Palbociclib,0.0709219858156028
4.954796,DiffCRISP,6.522179150581359,split3,NK cells,Palbociclib,0.0709219858156028
1.6536363,DiffCRISP,6.522179150581359,split3,NK cells,Palbociclib,0.0709219858156028
3.6376786,DiffCRISP,6.522179150581359,split3,NK cells,Palbociclib,0.0709219858156028
4.572196,DiffCRISP,6.522179150581359,split3,NK cells,Palbociclib,0.0709219858156028
6.6874576,DiffCRISP,6.522179150581359,split3,NK cells,Palbociclib,0.0709219858156028
6.4663043,DiffCRISP,6.522179150581359,split3,NK cells,Palbociclib,0.0709219858156028
5.7796173,DiffCRISP,6.522179150581359,split3,NK cells,Palbociclib,0.0709219858156028
4.903164,DiffCRISP,6.522179150581359,split3,NK cells,Palbociclib,0.0709219858156028
5.0955176,DiffCRISP,6.522179150581359,split3,NK cells,Palbociclib,0.0709219858156028
4.2764754,DiffCRISP,6.522179150581359,split3,NK cells,Palbociclib,0.0709219858156028
5.0231566,DiffCRISP,6.522179150581359,split3,NK cells,Palbociclib,0.0709219858156028
3.3071213,DiffCRISP,6.522179150581359,split3,NK cells,Palbociclib,0.0709219858156028
2.3606758,DiffCRISP,6.522179150581359,split3,NK cells,Palbociclib,0.0709219858156028
3.8766365,DiffCRISP,6.522179150581359,split3,NK cells,Palbociclib,0.0709219858156028
2.1287067,DiffCRISP,6.522179150581359,split3,NK cells,Palbociclib,0.0709219858156028
3.1456199,DiffCRISP,6.522179150581359,split3,NK cells,Palbociclib,0.0709219858156028
1.8944744,DiffCRISP,6.522179150581359,split3,NK cells,Palbociclib,0.0709219858156028
2.5993438,DiffCRISP,6.522179150581359,split3,NK cells,Palbociclib,0.0709219858156028
4.7138085,DiffCRISP,6.522179150581359,split3,NK cells,Palbociclib,0.0709219858156028
3.771069,DiffCRISP,6.522179150581359,split3,NK cells,Palbociclib,0.0709219858156028
2.770582,DiffCRISP,6.522179150581359,split3,NK cells,Palbociclib,0.0709219858156028
3.4104793,DiffCRISP,6.522179150581359,split3,NK cells,Palbociclib,0.0709219858156028
3.8841724,DiffCRISP,6.522179150581359,split3,NK cells,Palbociclib,0.0709219858156028
4.630925,DiffCRISP,6.522179150581359,split3,NK cells,Palbociclib,0.0709219858156028
4.076769,DiffCRISP,6.522179150581359,split3,NK cells,Palbociclib,0.0709219858156028
3.8236136,DiffCRISP,6.522179150581359,split3,NK cells,Palbociclib,0.0709219858156028
5.328572,DiffCRISP,6.522179150581359,split3,NK cells,Palbociclib,0.0709219858156028
3.0672696,DiffCRISP,6.522179150581359,split3,NK cells,Palbociclib,0.0709219858156028
2.5695179,DiffCRISP,6.522179150581359,split3,NK cells,Palbociclib,0.0709219858156028
1.5748587,DiffCRISP,6.522179150581359,split3,NK cells,Palbociclib,0.0709219858156028
5.132032,DiffCRISP,6.522179150581359,split3,NK cells,Palbociclib,0.0709219858156028
4.633863,DiffCRISP,6.522179150581359,split3,NK cells,Palbociclib,0.0709219858156028
4.180998,DiffCRISP,6.522179150581359,split3,NK cells,Palbociclib,0.0709219858156028
5.342928,DiffCRISP,6.522179150581359,split3,NK cells,Palbociclib,0.0709219858156028
3.2364101,DiffCRISP,6.522179150581359,split3,NK cells,Palbociclib,0.0709219858156028
5.382848,DiffCRISP,6.522179150581359,split3,NK cells,Palbociclib,0.0709219858156028
5.6954226,DiffCRISP,6.522179150581359,split3,NK cells,Palbociclib,0.0709219858156028
4.6112027,DiffCRISP,6.522179150581359,split3,NK cells,Palbociclib,0.0709219858156028
5.003164,DiffCRISP,6.522179150581359,split3,NK cells,Palbociclib,0.0709219858156028
2.117277,DiffCRISP,6.522179150581359,split3,NK cells,Palbociclib,0.0709219858156028
5.3813233,DiffCRISP,6.522179150581359,split3,NK cells,Palbociclib,0.0709219858156028
6.1233997,DiffCRISP,6.522179150581359,split3,NK cells,Palbociclib,0.0709219858156028
3.3496523,DiffCRISP,6.522179150581359,split3,NK cells,Palbociclib,0.0709219858156028
4.69654,DiffCRISP,6.522179150581359,split3,NK cells,Palbociclib,0.0709219858156028
3.15559,DiffCRISP,6.522179150581359,split3,NK cells,Palbociclib,0.0709219858156028
5.1145554,DiffCRISP,6.522179150581359,split3,NK cells,Palbociclib,0.0709219858156028
5.0324078,DiffCRISP,6.522179150581359,split3,NK cells,Palbociclib,0.0709219858156028
2.2246835,DiffCRISP,6.522179150581359,split3,NK cells,Palbociclib,0.0709219858156028
0.21209541,DiffCRISP,6.522179150581359,split3,NK cells,Palbociclib,0.0709219858156028
3.7615013,DiffCRISP,6.522179150581359,split3,NK cells,Palbociclib,0.0709219858156028
6.06567,DiffCRISP,6.522179150581359,split3,NK cells,Palbociclib,0.0709219858156028
6.148915,DiffCRISP,6.522179150581359,split3,NK cells,Palbociclib,0.0709219858156028
4.5552626,DiffCRISP,6.522179150581359,split3,NK cells,Palbociclib,0.0709219858156028
4.642191,DiffCRISP,6.522179150581359,split3,NK cells,Palbociclib,0.0709219858156028
4.904699,DiffCRISP,6.522179150581359,split3,NK cells,Palbociclib,0.0709219858156028
4.28837,DiffCRISP,6.522179150581359,split3,NK cells,Palbociclib,0.0709219858156028
2.0234928,DiffCRISP,6.522179150581359,split3,NK cells,Palbociclib,0.0709219858156028
3.5084708,DiffCRISP,6.522179150581359,split3,NK cells,Palbociclib,0.0709219858156028
6.042428,DiffCRISP,6.522179150581359,split3,NK cells,Palbociclib,0.0709219858156028
3.759952,DiffCRISP,6.522179150581359,split3,NK cells,Palbociclib,0.0709219858156028
4.953034,DiffCRISP,6.522179150581359,split3,NK cells,Palbociclib,0.0709219858156028
3.30987,DiffCRISP,6.522179150581359,split3,NK cells,Palbociclib,0.0709219858156028
1.9218619,DiffCRISP,6.522179150581359,split3,NK cells,Palbociclib,0.0709219858156028
2.0664904,DiffCRISP,6.522179150581359,split3,NK cells,Palbociclib,0.0709219858156028
3.1102095,DiffCRISP,6.522179150581359,split3,NK cells,Palbociclib,0.0709219858156028
3.5751925,DiffCRISP,6.522179150581359,split3,NK cells,Palbociclib,0.0709219858156028
1.7445424,DiffCRISP,6.522179150581359,split3,NK cells,Palbociclib,0.0709219858156028
6.8839283,DiffCRISP,6.522179150581359,split3,NK cells,Palbociclib,0.0709219858156028
5.8578873,DiffCRISP,6.522179150581359,split3,NK cells,Palbociclib,0.0709219858156028
4.5903487,DiffCRISP,6.522179150581359,split3,NK cells,Palbociclib,0.0709219858156028
2.9719503,DiffCRISP,6.522179150581359,split3,NK cells,Palbociclib,0.0709219858156028
4.7111287,DiffCRISP,6.522179150581359,split3,NK cells,Palbociclib,0.0709219858156028
5.0843673,DiffCRISP,6.522179150581359,split3,NK cells,Palbociclib,0.0709219858156028
5.547101,DiffCRISP,6.522179150581359,split3,NK cells,Palbociclib,0.0709219858156028
4.5938964,DiffCRISP,6.522179150581359,split3,NK cells,Palbociclib,0.0709219858156028
4.0594954,DiffCRISP,6.522179150581359,split3,NK cells,Palbociclib,0.0709219858156028
2.3006854,DiffCRISP,6.522179150581359,split3,NK cells,Palbociclib,0.0709219858156028
5.9695406,DiffCRISP,6.522179150581359,split3,NK cells,Palbociclib,0.0709219858156028
6.3185267,DiffCRISP,6.522179150581359,split3,NK cells,Palbociclib,0.0709219858156028
5.554305,DiffCRISP,6.522179150581359,split3,NK cells,Palbociclib,0.0709219858156028
5.8050175,DiffCRISP,6.522179150581359,split3,NK cells,Palbociclib,0.0709219858156028
5.7509007,DiffCRISP,6.522179150581359,split3,NK cells,Palbociclib,0.0709219858156028
3.635222,DiffCRISP,6.522179150581359,split3,NK cells,Palbociclib,0.0709219858156028
5.942385,DiffCRISP,6.522179150581359,split3,NK cells,Palbociclib,0.0709219858156028
4.5313997,DiffCRISP,6.522179150581359,split3,NK cells,Palbociclib,0.0709219858156028
5.588227,DiffCRISP,6.522179150581359,split3,NK cells,Palbociclib,0.0709219858156028
2.8648386,DiffCRISP,6.522179150581359,split3,NK cells,Palbociclib,0.0709219858156028
6.724289,DiffCRISP,6.522179150581359,split3,NK cells,Palbociclib,0.0709219858156028
4.127769,DiffCRISP,6.522179150581359,split3,NK cells,Palbociclib,0.0709219858156028
2.2109098,DiffCRISP,6.522179150581359,split3,NK cells,Palbociclib,0.0709219858156028
3.449047,DiffCRISP,6.522179150581359,split3,NK cells,Palbociclib,0.0709219858156028
4.434595,DiffCRISP,6.522179150581359,split3,NK cells,Palbociclib,0.0709219858156028
7.177286,DiffCRISP,6.522179150581359,split3,NK cells,Palbociclib,0.0709219858156028
3.7679093,DiffCRISP,6.522179150581359,split3,NK cells,Palbociclib,0.0709219858156028
2.9833384,DiffCRISP,6.522179150581359,split3,NK cells,Palbociclib,0.0709219858156028
2.3278499,DiffCRISP,6.522179150581359,split3,NK cells,Palbociclib,0.0709219858156028
3.3153064,DiffCRISP,6.522179150581359,split3,NK cells,Palbociclib,0.0709219858156028
4.6350794,DiffCRISP,6.522179150581359,split3,NK cells,Palbociclib,0.0709219858156028
5.4584165,DiffCRISP,6.522179150581359,split3,NK cells,Palbociclib,0.0709219858156028
5.4498825,DiffCRISP,6.522179150581359,split3,NK cells,Palbociclib,0.0709219858156028
1.8510418,DiffCRISP,6.522179150581359,split3,NK cells,Palbociclib,0.0709219858156028
4.7376323,DiffCRISP,6.522179150581359,split3,NK cells,Palbociclib,0.0709219858156028
4.0638776,DiffCRISP,6.522179150581359,split3,NK cells,Palbociclib,0.0709219858156028
3.1770298,DiffCRISP,6.522179150581359,split3,NK cells,Palbociclib,0.0709219858156028
4.0722566,DiffCRISP,6.522179150581359,split3,NK cells,Palbociclib,0.0709219858156028
4.5314183,DiffCRISP,6.522179150581359,split3,NK cells,Palbociclib,0.0709219858156028
6.6425037,DiffCRISP,6.522179150581359,split3,NK cells,Palbociclib,0.0709219858156028
5.51137,DiffCRISP,6.522179150581359,split3,NK cells,Palbociclib,0.0709219858156028
3.3143559,DiffCRISP,6.522179150581359,split3,NK cells,Palbociclib,0.0709219858156028
2.7001982,DiffCRISP,6.522179150581359,split3,NK cells,Palbociclib,0.0709219858156028
3.204459,DiffCRISP,6.522179150581359,split3,NK cells,Palbociclib,0.0709219858156028
5.0146303,DiffCRISP,6.522179150581359,split3,NK cells,Palbociclib,0.0709219858156028
4.8733606,DiffCRISP,6.522179150581359,split3,NK cells,Palbociclib,0.0709219858156028
3.664593,DiffCRISP,6.522179150581359,split3,NK cells,Palbociclib,0.0709219858156028
5.195242,DiffCRISP,6.522179150581359,split3,NK cells,Palbociclib,0.0709219858156028
5.0842886,DiffCRISP,6.522179150581359,split3,NK cells,Palbociclib,0.0709219858156028
1.4294648,DiffCRISP,6.522179150581359,split3,NK cells,Palbociclib,0.0709219858156028
4.3001633,DiffCRISP,6.522179150581359,split3,NK cells,Palbociclib,0.0709219858156028
3.9006958,DiffCRISP,6.522179150581359,split3,NK cells,Palbociclib,0.0709219858156028
3.523927,DiffCRISP,6.522179150581359,split3,NK cells,Palbociclib,0.0709219858156028
5.292299,DiffCRISP,6.522179150581359,split3,NK cells,Palbociclib,0.0709219858156028
4.204663,DiffCRISP,6.522179150581359,split3,NK cells,Palbociclib,0.0709219858156028
3.4629674,DiffCRISP,6.522179150581359,split3,NK cells,Palbociclib,0.0709219858156028
2.3079174,DiffCRISP,6.522179150581359,split3,NK cells,Palbociclib,0.0709219858156028
6.4746275,DiffCRISP,6.522179150581359,split3,NK cells,Palbociclib,0.0709219858156028
4.0035863,DiffCRISP,6.522179150581359,split3,NK cells,Palbociclib,0.0709219858156028
3.8726091,DiffCRISP,6.522179150581359,split3,NK cells,Palbociclib,0.0709219858156028
2.8062513,DiffCRISP,6.522179150581359,split3,NK cells,Palbociclib,0.0709219858156028
6.4016776,DiffCRISP,6.522179150581359,split3,NK cells,Palbociclib,0.0709219858156028
-0.28783202,DiffCRISP,6.522179150581359,split3,NK cells,Palbociclib,0.0709219858156028
5.9572444,DiffCRISP,6.522179150581359,split3,NK cells,Palbociclib,0.0709219858156028
4.757455,DiffCRISP,6.522179150581359,split3,NK cells,Palbociclib,0.0709219858156028
6.569956,DiffCRISP,6.522179150581359,split3,NK cells,Palbociclib,0.0709219858156028
5.4872775,DiffCRISP,6.522179150581359,split3,NK cells,Palbociclib,0.0709219858156028
4.3566976,DiffCRISP,6.522179150581359,split3,NK cells,Palbociclib,0.0709219858156028
3.503463,DiffCRISP,6.522179150581359,split3,NK cells,Palbociclib,0.0709219858156028
4.758697,DiffCRISP,6.522179150581359,split3,NK cells,Palbociclib,0.0709219858156028
1.8628211,DiffCRISP,6.522179150581359,split3,NK cells,Palbociclib,0.0709219858156028
2.4494083,DiffCRISP,6.522179150581359,split3,NK cells,Palbociclib,0.0709219858156028
0.8409586,DiffCRISP,6.522179150581359,split3,NK cells,Palbociclib,0.0709219858156028
4.468037,DiffCRISP,6.522179150581359,split3,NK cells,Palbociclib,0.0709219858156028
3.951723,DiffCRISP,6.522179150581359,split3,NK cells,Palbociclib,0.0709219858156028
3.5130978,DiffCRISP,6.522179150581359,split3,NK cells,Palbociclib,0.0709219858156028
3.7489185,DiffCRISP,6.522179150581359,split3,NK cells,Palbociclib,0.0709219858156028
5.6766415,DiffCRISP,6.522179150581359,split3,NK cells,Palbociclib,0.0709219858156028
0.64575374,DiffCRISP,6.522179150581359,split3,NK cells,Palbociclib,0.0709219858156028
4.319782,DiffCRISP,6.522179150581359,split3,NK cells,Palbociclib,0.0709219858156028
4.5987473,DiffCRISP,6.522179150581359,split3,NK cells,Palbociclib,0.0709219858156028
4.8887496,DiffCRISP,6.522179150581359,split3,NK cells,Palbociclib,0.0709219858156028
2.4647593,DiffCRISP,6.522179150581359,split3,NK cells,Palbociclib,0.0709219858156028
2.8298938,DiffCRISP,6.522179150581359,split3,NK cells,Palbociclib,0.0709219858156028
5.496229,DiffCRISP,6.522179150581359,split3,NK cells,Palbociclib,0.0709219858156028
4.1423225,DiffCRISP,6.522179150581359,split3,NK cells,Palbociclib,0.0709219858156028
4.5139637,DiffCRISP,6.522179150581359,split3,NK cells,Palbociclib,0.0709219858156028
5.2705793,DiffCRISP,6.522179150581359,split3,NK cells,Palbociclib,0.0709219858156028
3.7122104,DiffCRISP,6.522179150581359,split3,NK cells,Palbociclib,0.0709219858156028
3.9501863,DiffCRISP,6.522179150581359,split3,NK cells,Palbociclib,0.0709219858156028
2.5207725,DiffCRISP,6.522179150581359,split3,NK cells,Palbociclib,0.0709219858156028
2.4285321,DiffCRISP,6.522179150581359,split3,NK cells,Palbociclib,0.0709219858156028
4.6921067,DiffCRISP,6.522179150581359,split3,NK cells,Palbociclib,0.0709219858156028
1.1037385,DiffCRISP,6.522179150581359,split3,NK cells,Palbociclib,0.0709219858156028
4.763043,DiffCRISP,6.522179150581359,split3,NK cells,Palbociclib,0.0709219858156028
6.120433,DiffCRISP,6.522179150581359,split3,NK cells,Palbociclib,0.0709219858156028
4.941563,DiffCRISP,6.522179150581359,split3,NK cells,Palbociclib,0.0709219858156028
1.0237911,DiffCRISP,6.522179150581359,split3,NK cells,Palbociclib,0.0709219858156028
4.971292,DiffCRISP,6.522179150581359,split3,NK cells,Palbociclib,0.0709219858156028
0.3579789,DiffCRISP,6.522179150581359,split3,NK cells,Palbociclib,0.0709219858156028
3.179497,DiffCRISP,6.522179150581359,split3,NK cells,Palbociclib,0.0709219858156028
3.7108188,DiffCRISP,6.522179150581359,split3,NK cells,Palbociclib,0.0709219858156028
-1.7314293,DiffCRISP,6.522179150581359,split3,NK cells,Palbociclib,0.0709219858156028
2.855422,DiffCRISP,6.522179150581359,split3,NK cells,Palbociclib,0.0709219858156028
5.4648824,DiffCRISP,6.522179150581359,split3,NK cells,Palbociclib,0.0709219858156028
4.029998,DiffCRISP,6.522179150581359,split3,NK cells,Palbociclib,0.0709219858156028
3.2302139,DiffCRISP,6.522179150581359,split3,NK cells,Palbociclib,0.0709219858156028
4.634441,DiffCRISP,6.522179150581359,split3,NK cells,Palbociclib,0.0709219858156028
3.5815287,DiffCRISP,6.522179150581359,split3,NK cells,Palbociclib,0.0709219858156028
0.75345385,DiffCRISP,6.522179150581359,split3,NK cells,Palbociclib,0.0709219858156028
1.5063453,DiffCRISP,6.522179150581359,split3,NK cells,Palbociclib,0.0709219858156028
1.6861751,DiffCRISP,6.522179150581359,split3,NK cells,Palbociclib,0.0709219858156028
2.7973263,DiffCRISP,6.522179150581359,split3,NK cells,Palbociclib,0.0709219858156028
3.7098324,DiffCRISP,6.522179150581359,split3,NK cells,Palbociclib,0.0709219858156028
3.787132,DiffCRISP,6.522179150581359,split3,NK cells,Palbociclib,0.0709219858156028
2.6964426,DiffCRISP,6.522179150581359,split3,NK cells,Palbociclib,0.0709219858156028
2.7643945,DiffCRISP,6.522179150581359,split3,NK cells,Palbociclib,0.0709219858156028
3.0812256,DiffCRISP,6.522179150581359,split3,NK cells,Palbociclib,0.0709219858156028
0.51373875,DiffCRISP,6.522179150581359,split3,NK cells,Palbociclib,0.0709219858156028
4.661403,DiffCRISP,6.522179150581359,split3,NK cells,Palbociclib,0.0709219858156028
3.7510731,DiffCRISP,6.522179150581359,split3,NK cells,Palbociclib,0.0709219858156028
4.1895833,DiffCRISP,6.522179150581359,split3,NK cells,Palbociclib,0.0709219858156028
7.6185846,DiffCRISP,6.522179150581359,split3,NK cells,Palbociclib,0.0709219858156028
2.5494215,DiffCRISP,6.522179150581359,split3,NK cells,Palbociclib,0.0709219858156028
5.433502,DiffCRISP,6.522179150581359,split3,NK cells,Palbociclib,0.0709219858156028
1.9534211,DiffCRISP,6.522179150581359,split3,NK cells,Palbociclib,0.0709219858156028
4.635627,DiffCRISP,6.522179150581359,split3,NK cells,Palbociclib,0.0709219858156028
2.4857388,DiffCRISP,6.522179150581359,split3,NK cells,Palbociclib,0.0709219858156028
4.8400126,DiffCRISP,6.522179150581359,split3,NK cells,Palbociclib,0.0709219858156028
4.6385136,DiffCRISP,6.522179150581359,split3,NK cells,Palbociclib,0.0709219858156028
1.363538,DiffCRISP,6.522179150581359,split3,NK cells,Palbociclib,0.0709219858156028
1.3527532,DiffCRISP,6.522179150581359,split3,NK cells,Palbociclib,0.0709219858156028
3.9592552,DiffCRISP,6.522179150581359,split3,NK cells,Palbociclib,0.0709219858156028
2.6005456,DiffCRISP,6.522179150581359,split3,NK cells,Palbociclib,0.0709219858156028
1.3882337,DiffCRISP,6.522179150581359,split3,NK cells,Palbociclib,0.0709219858156028
3.5282588,DiffCRISP,6.522179150581359,split3,NK cells,Palbociclib,0.0709219858156028
2.5948055,DiffCRISP,6.522179150581359,split3,NK cells,Palbociclib,0.0709219858156028
2.2485828,DiffCRISP,6.522179150581359,split3,NK cells,Palbociclib,0.0709219858156028
5.4746294,DiffCRISP,6.522179150581359,split3,NK cells,Palbociclib,0.0709219858156028
3.5229974,DiffCRISP,6.522179150581359,split3,NK cells,Palbociclib,0.0709219858156028
3.4244492,DiffCRISP,6.522179150581359,split3,NK cells,Palbociclib,0.0709219858156028
1.8978386,DiffCRISP,6.522179150581359,split3,NK cells,Palbociclib,0.0709219858156028
4.728775,DiffCRISP,6.522179150581359,split3,NK cells,Palbociclib,0.0709219858156028
5.115436,DiffCRISP,6.522179150581359,split3,NK cells,Palbociclib,0.0709219858156028
4.3061085,DiffCRISP,6.522179150581359,split3,NK cells,Palbociclib,0.0709219858156028
2.1161783,DiffCRISP,6.522179150581359,split3,NK cells,Palbociclib,0.0709219858156028
2.8378205,DiffCRISP,6.522179150581359,split3,NK cells,Palbociclib,0.0709219858156028
4.9661455,DiffCRISP,6.522179150581359,split3,NK cells,Palbociclib,0.0709219858156028
2.6170244,DiffCRISP,6.522179150581359,split3,NK cells,Palbociclib,0.0709219858156028
5.4497566,DiffCRISP,6.522179150581359,split3,NK cells,Palbociclib,0.0709219858156028
4.5543385,DiffCRISP,6.522179150581359,split3,NK cells,Palbociclib,0.0709219858156028
2.707534,DiffCRISP,6.522179150581359,split3,NK cells,Palbociclib,0.0709219858156028
3.5160456,DiffCRISP,6.522179150581359,split3,NK cells,Palbociclib,0.0709219858156028
2.64946,DiffCRISP,6.522179150581359,split3,NK cells,Palbociclib,0.0709219858156028
-0.88017005,DiffCRISP,6.522179150581359,split3,NK cells,Palbociclib,0.0709219858156028
2.6764853,DiffCRISP,6.522179150581359,split3,NK cells,Palbociclib,0.0709219858156028
1.8529761,DiffCRISP,6.522179150581359,split3,NK cells,Palbociclib,0.0709219858156028
5.3737245,DiffCRISP,6.522179150581359,split3,NK cells,Palbociclib,0.0709219858156028
4.0048428,DiffCRISP,6.522179150581359,split3,NK cells,Palbociclib,0.0709219858156028
4.2660785,DiffCRISP,6.522179150581359,split3,NK cells,Palbociclib,0.0709219858156028
3.3302188,DiffCRISP,6.522179150581359,split3,NK cells,Palbociclib,0.0709219858156028
3.4804456,DiffCRISP,6.522179150581359,split3,NK cells,Palbociclib,0.0709219858156028
2.1118274,DiffCRISP,6.522179150581359,split3,NK cells,Palbociclib,0.0709219858156028
3.902588,DiffCRISP,6.522179150581359,split3,NK cells,Palbociclib,0.0709219858156028
6.228577,DiffCRISP,6.522179150581359,split3,NK cells,Palbociclib,0.0709219858156028
1.5837466,DiffCRISP,6.522179150581359,split3,NK cells,Palbociclib,0.0709219858156028
7.0425467,DiffCRISP,6.522179150581359,split3,NK cells,Palbociclib,0.0709219858156028
2.4163945,DiffCRISP,6.522179150581359,split3,NK cells,Palbociclib,0.0709219858156028
5.546611,DiffCRISP,6.522179150581359,split3,NK cells,Palbociclib,0.0709219858156028
4.078118,DiffCRISP,6.522179150581359,split3,NK cells,Palbociclib,0.0709219858156028
1.4389107,DiffCRISP,6.522179150581359,split3,NK cells,Palbociclib,0.0709219858156028
4.8107553,DiffCRISP,6.522179150581359,split3,NK cells,Palbociclib,0.0709219858156028
3.9072886,DiffCRISP,6.522179150581359,split3,NK cells,Palbociclib,0.0709219858156028
4.6277494,DiffCRISP,6.522179150581359,split3,NK cells,Palbociclib,0.0709219858156028
2.2124074,DiffCRISP,6.522179150581359,split3,NK cells,Palbociclib,0.0709219858156028
4.2457457,DiffCRISP,6.522179150581359,split3,NK cells,Palbociclib,0.0709219858156028
1.0687244,DiffCRISP,6.522179150581359,split3,NK cells,Palbociclib,0.0709219858156028
3.652081,DiffCRISP,6.522179150581359,split3,NK cells,Palbociclib,0.0709219858156028
5.049747,DiffCRISP,6.522179150581359,split3,NK cells,Palbociclib,0.0709219858156028
4.8229566,DiffCRISP,6.522179150581359,split3,NK cells,Palbociclib,0.0709219858156028
3.5763326,DiffCRISP,6.522179150581359,split3,NK cells,Palbociclib,0.0709219858156028
2.872594,DiffCRISP,6.522179150581359,split3,NK cells,Palbociclib,0.0709219858156028
2.5613682,DiffCRISP,6.522179150581359,split3,NK cells,Palbociclib,0.0709219858156028
3.8110607,DiffCRISP,6.522179150581359,split3,NK cells,Palbociclib,0.0709219858156028
3.5257847,DiffCRISP,6.522179150581359,split3,NK cells,Palbociclib,0.0709219858156028
1.8170285,DiffCRISP,6.522179150581359,split3,NK cells,Palbociclib,0.0709219858156028
6.861409,DiffCRISP,6.522179150581359,split3,NK cells,Palbociclib,0.0709219858156028
4.9655585,DiffCRISP,6.522179150581359,split3,NK cells,Palbociclib,0.0709219858156028
4.570899,DiffCRISP,6.522179150581359,split3,NK cells,Palbociclib,0.0709219858156028
6.0966234,DiffCRISP,6.522179150581359,split3,NK cells,Palbociclib,0.0709219858156028
4.052729,DiffCRISP,6.522179150581359,split3,NK cells,Palbociclib,0.0709219858156028
5.5987506,DiffCRISP,6.522179150581359,split3,NK cells,Palbociclib,0.0709219858156028
1.4056275,DiffCRISP,6.522179150581359,split3,NK cells,Palbociclib,0.0709219858156028
4.085287,DiffCRISP,6.522179150581359,split3,NK cells,Palbociclib,0.0709219858156028
5.020171,DiffCRISP,6.522179150581359,split3,NK cells,Palbociclib,0.0709219858156028
4.1743317,DiffCRISP,6.522179150581359,split3,NK cells,Palbociclib,0.0709219858156028
5.144646,DiffCRISP,6.522179150581359,split3,NK cells,Palbociclib,0.0709219858156028
3.376051,DiffCRISP,6.522179150581359,split3,NK cells,Palbociclib,0.0709219858156028
1.5949421,DiffCRISP,6.522179150581359,split3,NK cells,Palbociclib,0.0709219858156028
5.816649,DiffCRISP,6.522179150581359,split3,NK cells,Palbociclib,0.0709219858156028
2.731886,DiffCRISP,6.522179150581359,split3,NK cells,Palbociclib,0.0709219858156028
5.299426,DiffCRISP,6.522179150581359,split3,NK cells,Palbociclib,0.0709219858156028
0.9962388,DiffCRISP,6.522179150581359,split3,NK cells,Palbociclib,0.0709219858156028
4.8654904,DiffCRISP,6.522179150581359,split3,NK cells,Palbociclib,0.0709219858156028
5.296875,DiffCRISP,6.522179150581359,split3,NK cells,Palbociclib,0.0709219858156028
5.5160847,DiffCRISP,6.522179150581359,split3,NK cells,Palbociclib,0.0709219858156028
2.2868237,DiffCRISP,6.522179150581359,split3,NK cells,Palbociclib,0.0709219858156028
4.5300255,DiffCRISP,6.522179150581359,split3,NK cells,Palbociclib,0.0709219858156028
2.1770232,DiffCRISP,6.522179150581359,split3,NK cells,Palbociclib,0.0709219858156028
3.6094792,DiffCRISP,6.522179150581359,split3,NK cells,Palbociclib,0.0709219858156028
3.187345,DiffCRISP,6.522179150581359,split3,NK cells,Palbociclib,0.0709219858156028
4.892582,DiffCRISP,6.522179150581359,split3,NK cells,Palbociclib,0.0709219858156028
2.6172078,DiffCRISP,6.522179150581359,split3,NK cells,Palbociclib,0.0709219858156028
5.374211,DiffCRISP,6.522179150581359,split3,NK cells,Palbociclib,0.0709219858156028
5.140041,DiffCRISP,6.522179150581359,split3,NK cells,Palbociclib,0.0709219858156028
5.9373364,DiffCRISP,6.522179150581359,split3,NK cells,Palbociclib,0.0709219858156028
5.352676,DiffCRISP,6.522179150581359,split3,NK cells,Palbociclib,0.0709219858156028
-0.3549452,DiffCRISP,6.522179150581359,split3,NK cells,Palbociclib,0.0709219858156028
5.554321,DiffCRISP,6.522179150581359,split3,NK cells,Palbociclib,0.0709219858156028
3.1178555,DiffCRISP,6.522179150581359,split3,NK cells,Palbociclib,0.0709219858156028
3.265267,DiffCRISP,6.522179150581359,split3,NK cells,Palbociclib,0.0709219858156028
4.946169,DiffCRISP,6.522179150581359,split3,NK cells,Palbociclib,0.0709219858156028
2.9387357,DiffCRISP,6.522179150581359,split3,NK cells,Palbociclib,0.0709219858156028
3.5299044,DiffCRISP,6.522179150581359,split3,NK cells,Palbociclib,0.0709219858156028
5.029008,DiffCRISP,6.522179150581359,split3,NK cells,Palbociclib,0.0709219858156028
3.5772026,DiffCRISP,6.522179150581359,split3,NK cells,Palbociclib,0.0709219858156028
5.1599703,DiffCRISP,6.522179150581359,split3,NK cells,Palbociclib,0.0709219858156028
5.824417,DiffCRISP,6.522179150581359,split3,NK cells,Palbociclib,0.0709219858156028
0.19894229,DiffCRISP,6.522179150581359,split3,NK cells,Palbociclib,0.0709219858156028
5.5097218,DiffCRISP,6.522179150581359,split3,NK cells,Palbociclib,0.0709219858156028
2.319188,DiffCRISP,6.522179150581359,split3,NK cells,Palbociclib,0.0709219858156028
2.8538356,DiffCRISP,6.522179150581359,split3,NK cells,Palbociclib,0.0709219858156028
2.9442098,DiffCRISP,6.522179150581359,split3,NK cells,Palbociclib,0.0709219858156028
2.574887,DiffCRISP,6.522179150581359,split3,NK cells,Palbociclib,0.0709219858156028
6.0779133,DiffCRISP,6.522179150581359,split3,NK cells,Palbociclib,0.0709219858156028
3.3618183,DiffCRISP,6.522179150581359,split3,NK cells,Palbociclib,0.0709219858156028
6.5099,DiffCRISP,6.522179150581359,split3,NK cells,Palbociclib,0.0709219858156028
0.26410848,DiffCRISP,6.522179150581359,split3,NK cells,Palbociclib,0.0709219858156028
0.7783153,DiffCRISP,6.522179150581359,split3,NK cells,Palbociclib,0.0709219858156028
6.7791724,DiffCRISP,6.522179150581359,split3,NK cells,Palbociclib,0.0709219858156028
3.8585963,DiffCRISP,6.522179150581359,split3,NK cells,Palbociclib,0.0709219858156028
3.3163595,DiffCRISP,6.522179150581359,split3,NK cells,Palbociclib,0.0709219858156028
6.2974005,DiffCRISP,6.522179150581359,split3,NK cells,Palbociclib,0.0709219858156028
2.48768,DiffCRISP,6.522179150581359,split3,NK cells,Palbociclib,0.0709219858156028
3.0072112,DiffCRISP,6.522179150581359,split3,NK cells,Palbociclib,0.0709219858156028
4.329021,DiffCRISP,6.522179150581359,split3,NK cells,Palbociclib,0.0709219858156028
-0.72079134,DiffCRISP,6.522179150581359,split3,NK cells,Palbociclib,0.0709219858156028
4.1509385,DiffCRISP,6.522179150581359,split3,NK cells,Palbociclib,0.0709219858156028
4.386753,DiffCRISP,6.522179150581359,split3,NK cells,Palbociclib,0.0709219858156028
2.7736106,DiffCRISP,6.522179150581359,split3,NK cells,Palbociclib,0.0709219858156028
5.410916,DiffCRISP,6.522179150581359,split3,NK cells,Palbociclib,0.0709219858156028
5.434628,DiffCRISP,6.522179150581359,split3,NK cells,Palbociclib,0.0709219858156028
4.371158,DiffCRISP,6.522179150581359,split3,NK cells,Palbociclib,0.0709219858156028
0.75442153,DiffCRISP,6.522179150581359,split3,NK cells,Palbociclib,0.0709219858156028
2.7838593,DiffCRISP,6.522179150581359,split3,NK cells,Palbociclib,0.0709219858156028
3.1745303,DiffCRISP,6.522179150581359,split3,NK cells,Palbociclib,0.0709219858156028
2.9709404,DiffCRISP,6.522179150581359,split3,NK cells,Palbociclib,0.0709219858156028
6.467371,DiffCRISP,6.522179150581359,split3,NK cells,Palbociclib,0.0709219858156028
4.420006,DiffCRISP,6.522179150581359,split3,NK cells,Palbociclib,0.0709219858156028
3.3151388,DiffCRISP,6.522179150581359,split3,NK cells,Palbociclib,0.0709219858156028
1.4634099,DiffCRISP,6.522179150581359,split3,NK cells,Palbociclib,0.0709219858156028
5.6287045,DiffCRISP,6.522179150581359,split3,NK cells,Palbociclib,0.0709219858156028
1.50786,DiffCRISP,6.522179150581359,split3,NK cells,Palbociclib,0.0709219858156028
5.7931724,DiffCRISP,6.522179150581359,split3,NK cells,Palbociclib,0.0709219858156028
3.0841255,DiffCRISP,6.522179150581359,split3,NK cells,Palbociclib,0.0709219858156028
2.4154465,DiffCRISP,6.522179150581359,split3,NK cells,Palbociclib,0.0709219858156028
2.3334448,DiffCRISP,6.522179150581359,split3,NK cells,Palbociclib,0.0709219858156028
5.226931,DiffCRISP,6.522179150581359,split3,NK cells,Palbociclib,0.0709219858156028
5.6370263,DiffCRISP,6.522179150581359,split3,NK cells,Palbociclib,0.0709219858156028
4.7417207,DiffCRISP,6.522179150581359,split3,NK cells,Palbociclib,0.0709219858156028
4.0508356,DiffCRISP,6.522179150581359,split3,NK cells,Palbociclib,0.0709219858156028
5.263412,DiffCRISP,6.522179150581359,split3,NK cells,Palbociclib,0.0709219858156028
2.923113,DiffCRISP,6.522179150581359,split3,NK cells,Palbociclib,0.0709219858156028
3.2874885,DiffCRISP,6.522179150581359,split3,NK cells,Palbociclib,0.0709219858156028
4.629015,DiffCRISP,6.522179150581359,split3,NK cells,Palbociclib,0.0709219858156028
5.3327837,DiffCRISP,6.522179150581359,split3,NK cells,Palbociclib,0.0709219858156028
0.8218346,DiffCRISP,6.522179150581359,split3,NK cells,Palbociclib,0.0709219858156028
6.274738,DiffCRISP,6.522179150581359,split3,NK cells,Palbociclib,0.0709219858156028
4.714653,DiffCRISP,6.522179150581359,split3,NK cells,Palbociclib,0.0709219858156028
3.7091792,DiffCRISP,6.522179150581359,split3,NK cells,Palbociclib,0.0709219858156028
3.7501414,DiffCRISP,6.522179150581359,split3,NK cells,Palbociclib,0.0709219858156028
5.386419,DiffCRISP,6.522179150581359,split3,NK cells,Palbociclib,0.0709219858156028
7.3078527,DiffCRISP,6.522179150581359,split3,NK cells,Palbociclib,0.0709219858156028
2.450508,DiffCRISP,6.522179150581359,split3,NK cells,Palbociclib,0.0709219858156028
3.7912645,DiffCRISP,6.522179150581359,split3,NK cells,Palbociclib,0.0709219858156028
5.9473004,DiffCRISP,6.522179150581359,split3,NK cells,Palbociclib,0.0709219858156028
0.5494264,DiffCRISP,6.522179150581359,split3,NK cells,Palbociclib,0.0709219858156028
3.890873,DiffCRISP,6.522179150581359,split3,NK cells,Palbociclib,0.0709219858156028
4.763529,DiffCRISP,6.522179150581359,split3,NK cells,Palbociclib,0.0709219858156028
1.6235014,DiffCRISP,6.522179150581359,split3,NK cells,Palbociclib,0.0709219858156028
5.682256,DiffCRISP,6.522179150581359,split3,NK cells,Palbociclib,0.0709219858156028
2.84059,DiffCRISP,6.522179150581359,split3,NK cells,Palbociclib,0.0709219858156028
3.7683012,DiffCRISP,6.522179150581359,split3,NK cells,Palbociclib,0.0709219858156028
2.6928139,DiffCRISP,6.522179150581359,split3,NK cells,Palbociclib,0.0709219858156028
4.905275,DiffCRISP,6.522179150581359,split3,NK cells,Palbociclib,0.0709219858156028
6.3381386,DiffCRISP,6.522179150581359,split3,NK cells,Palbociclib,0.0709219858156028
3.7049928,DiffCRISP,6.522179150581359,split3,NK cells,Palbociclib,0.0709219858156028
2.4440458,DiffCRISP,6.522179150581359,split3,NK cells,Palbociclib,0.0709219858156028
3.1422238,DiffCRISP,6.522179150581359,split3,NK cells,Palbociclib,0.0709219858156028
1.7882408,DiffCRISP,6.522179150581359,split3,NK cells,Palbociclib,0.0709219858156028
2.319182,DiffCRISP,6.522179150581359,split3,NK cells,Palbociclib,0.0709219858156028
3.6347442,DiffCRISP,6.522179150581359,split3,NK cells,Palbociclib,0.0709219858156028
2.44876,DiffCRISP,6.522179150581359,split3,NK cells,Palbociclib,0.0709219858156028
4.3401413,DiffCRISP,6.522179150581359,split3,NK cells,Palbociclib,0.0709219858156028
4.922369,DiffCRISP,6.522179150581359,split3,NK cells,Palbociclib,0.0709219858156028
1.9365705,DiffCRISP,6.522179150581359,split3,NK cells,Palbociclib,0.0709219858156028
3.5947187,DiffCRISP,6.522179150581359,split3,NK cells,Palbociclib,0.0709219858156028
4.056093,DiffCRISP,6.522179150581359,split3,NK cells,Palbociclib,0.0709219858156028
2.0762236,DiffCRISP,6.522179150581359,split3,NK cells,Palbociclib,0.0709219858156028
2.8684013,DiffCRISP,6.522179150581359,split3,NK cells,Palbociclib,0.0709219858156028
4.5608325,DiffCRISP,6.522179150581359,split3,NK cells,Palbociclib,0.0709219858156028
4.0188737,DiffCRISP,6.522179150581359,split3,NK cells,Palbociclib,0.0709219858156028
3.4701457,DiffCRISP,6.522179150581359,split3,NK cells,Palbociclib,0.0709219858156028
2.9281368,DiffCRISP,6.522179150581359,split3,NK cells,Palbociclib,0.0709219858156028
7.2624426,DiffCRISP,6.522179150581359,split3,NK cells,Palbociclib,0.0709219858156028
3.3213432,DiffCRISP,6.522179150581359,split3,NK cells,Palbociclib,0.0709219858156028
5.9871883,DiffCRISP,6.522179150581359,split3,NK cells,Palbociclib,0.0709219858156028
4.377841,DiffCRISP,6.522179150581359,split3,NK cells,Palbociclib,0.0709219858156028
3.2611282,DiffCRISP,6.522179150581359,split3,NK cells,Palbociclib,0.0709219858156028
4.7906194,DiffCRISP,6.522179150581359,split3,NK cells,Palbociclib,0.0709219858156028
4.456067,DiffCRISP,6.522179150581359,split3,NK cells,Palbociclib,0.0709219858156028
1.14568,DiffCRISP,6.522179150581359,split3,NK cells,Palbociclib,0.0709219858156028
3.3673625,DiffCRISP,6.522179150581359,split3,NK cells,Palbociclib,0.0709219858156028
5.3187675,DiffCRISP,6.522179150581359,split3,NK cells,Palbociclib,0.0709219858156028
2.785625,DiffCRISP,6.522179150581359,split3,NK cells,Palbociclib,0.0709219858156028
1.7081988,DiffCRISP,6.522179150581359,split3,NK cells,Palbociclib,0.0709219858156028
4.180095,DiffCRISP,6.522179150581359,split3,NK cells,Palbociclib,0.0709219858156028
4.7213416,DiffCRISP,6.522179150581359,split3,NK cells,Palbociclib,0.0709219858156028
3.91525,DiffCRISP,6.522179150581359,split3,NK cells,Palbociclib,0.0709219858156028
-4.187927,DiffCRISP,6.522179150581359,split3,NK cells,Palbociclib,0.0709219858156028
3.5462162,DiffCRISP,6.522179150581359,split3,NK cells,Palbociclib,0.0709219858156028
5.017891,DiffCRISP,6.522179150581359,split3,NK cells,Palbociclib,0.0709219858156028
2.35573,DiffCRISP,6.522179150581359,split3,NK cells,Palbociclib,0.0709219858156028
2.599705,DiffCRISP,6.522179150581359,split3,NK cells,Palbociclib,0.0709219858156028
2.2888513,DiffCRISP,6.522179150581359,split3,NK cells,Palbociclib,0.0709219858156028
4.12863,DiffCRISP,6.522179150581359,split3,NK cells,Palbociclib,0.0709219858156028
2.792686,DiffCRISP,6.522179150581359,split3,NK cells,Palbociclib,0.0709219858156028
4.944001,DiffCRISP,6.522179150581359,split3,NK cells,Palbociclib,0.0709219858156028
2.931477,DiffCRISP,6.522179150581359,split3,NK cells,Palbociclib,0.0709219858156028
4.226141,DiffCRISP,6.522179150581359,split3,NK cells,Palbociclib,0.0709219858156028
5.6556945,DiffCRISP,6.522179150581359,split3,NK cells,Palbociclib,0.0709219858156028
3.602513,DiffCRISP,6.522179150581359,split3,NK cells,Palbociclib,0.0709219858156028
3.041404,DiffCRISP,6.522179150581359,split3,NK cells,Palbociclib,0.0709219858156028
5.3732033,DiffCRISP,6.522179150581359,split3,NK cells,Palbociclib,0.0709219858156028
3.0282345,DiffCRISP,6.522179150581359,split3,NK cells,Palbociclib,0.0709219858156028
4.6258025,DiffCRISP,6.522179150581359,split3,NK cells,Palbociclib,0.0709219858156028
5.2129307,DiffCRISP,6.522179150581359,split3,NK cells,Palbociclib,0.0709219858156028
3.243762,DiffCRISP,6.522179150581359,split3,NK cells,Palbociclib,0.0709219858156028
3.4311707,DiffCRISP,6.522179150581359,split3,NK cells,Palbociclib,0.0709219858156028
4.5372586,DiffCRISP,6.522179150581359,split3,NK cells,Palbociclib,0.0709219858156028
4.6098237,DiffCRISP,6.522179150581359,split3,NK cells,Palbociclib,0.0709219858156028
3.2297962,DiffCRISP,6.522179150581359,split3,NK cells,Palbociclib,0.0709219858156028
1.7811342,DiffCRISP,6.522179150581359,split3,NK cells,Palbociclib,0.0709219858156028
4.706114,DiffCRISP,6.522179150581359,split3,NK cells,Palbociclib,0.0709219858156028
3.6557217,DiffCRISP,6.522179150581359,split3,NK cells,Palbociclib,0.0709219858156028
5.198593,DiffCRISP,6.522179150581359,split3,NK cells,Palbociclib,0.0709219858156028
4.728322,DiffCRISP,6.522179150581359,split3,NK cells,Palbociclib,0.0709219858156028
2.4371724,DiffCRISP,6.522179150581359,split3,NK cells,Palbociclib,0.0709219858156028
3.3565557,DiffCRISP,6.522179150581359,split3,NK cells,Palbociclib,0.0709219858156028
5.865899,DiffCRISP,6.522179150581359,split3,NK cells,Palbociclib,0.0709219858156028
2.9315066,DiffCRISP,6.522179150581359,split3,NK cells,Palbociclib,0.0709219858156028
4.696303,DiffCRISP,6.522179150581359,split3,NK cells,Palbociclib,0.0709219858156028
4.6687436,DiffCRISP,6.522179150581359,split3,NK cells,Palbociclib,0.0709219858156028
6.731572,DiffCRISP,6.522179150581359,split3,NK cells,Palbociclib,0.0709219858156028
5.674234,DiffCRISP,6.522179150581359,split3,NK cells,Palbociclib,0.0709219858156028
-0.06382847,DiffCRISP,6.522179150581359,split3,NK cells,Palbociclib,0.0709219858156028
-0.91572165,DiffCRISP,6.522179150581359,split3,NK cells,Palbociclib,0.0709219858156028
4.6975985,DiffCRISP,6.522179150581359,split3,NK cells,Palbociclib,0.0709219858156028
-0.42412484,DiffCRISP,6.522179150581359,split3,NK cells,Palbociclib,0.0709219858156028
2.4335272,DiffCRISP,6.522179150581359,split3,NK cells,Palbociclib,0.0709219858156028
3.484591,DiffCRISP,6.522179150581359,split3,NK cells,Palbociclib,0.0709219858156028
5.629541,DiffCRISP,6.522179150581359,split3,NK cells,Palbociclib,0.0709219858156028
2.6363618,DiffCRISP,6.522179150581359,split3,NK cells,Palbociclib,0.0709219858156028
3.4974241,DiffCRISP,6.522179150581359,split3,NK cells,Palbociclib,0.0709219858156028
6.345271,DiffCRISP,6.522179150581359,split3,NK cells,Palbociclib,0.0709219858156028
3.967317,DiffCRISP,6.522179150581359,split3,NK cells,Palbociclib,0.0709219858156028
2.0822167,DiffCRISP,6.522179150581359,split3,NK cells,Palbociclib,0.0709219858156028
3.9695396,DiffCRISP,6.522179150581359,split3,NK cells,Palbociclib,0.0709219858156028
3.7381377,DiffCRISP,6.522179150581359,split3,NK cells,Palbociclib,0.0709219858156028
5.137399,DiffCRISP,6.522179150581359,split3,NK cells,Palbociclib,0.0709219858156028
2.4313612,DiffCRISP,6.522179150581359,split3,NK cells,Palbociclib,0.0709219858156028
1.2320513,DiffCRISP,6.522179150581359,split3,NK cells,Palbociclib,0.0709219858156028
3.8968356,DiffCRISP,6.522179150581359,split3,NK cells,Palbociclib,0.0709219858156028
1.1980531,DiffCRISP,6.522179150581359,split3,NK cells,Palbociclib,0.0709219858156028
2.520247,DiffCRISP,6.522179150581359,split3,NK cells,Palbociclib,0.0709219858156028
3.7912383,DiffCRISP,6.522179150581359,split3,NK cells,Palbociclib,0.0709219858156028
5.6868343,DiffCRISP,6.522179150581359,split3,NK cells,Palbociclib,0.0709219858156028
3.500948,DiffCRISP,6.522179150581359,split3,NK cells,Palbociclib,0.0709219858156028
5.018378,DiffCRISP,6.522179150581359,split3,NK cells,Palbociclib,0.0709219858156028
5.1224546,DiffCRISP,6.522179150581359,split3,NK cells,Palbociclib,0.0709219858156028
1.9829533,DiffCRISP,6.522179150581359,split3,NK cells,Palbociclib,0.0709219858156028
1.5380893,DiffCRISP,6.522179150581359,split3,NK cells,Palbociclib,0.0709219858156028
4.8664055,DiffCRISP,6.522179150581359,split3,NK cells,Palbociclib,0.0709219858156028
6.5209885,DiffCRISP,6.522179150581359,split3,NK cells,Palbociclib,0.0709219858156028
0.99139684,DiffCRISP,6.522179150581359,split3,NK cells,Palbociclib,0.0709219858156028
4.9899216,DiffCRISP,6.522179150581359,split3,NK cells,Palbociclib,0.0709219858156028
4.936373,DiffCRISP,6.522179150581359,split3,NK cells,Palbociclib,0.0709219858156028
4.1253395,DiffCRISP,6.522179150581359,split3,NK cells,Palbociclib,0.0709219858156028
5.9283795,DiffCRISP,6.522179150581359,split3,NK cells,Palbociclib,0.0709219858156028
4.403891,DiffCRISP,6.522179150581359,split3,NK cells,Palbociclib,0.0709219858156028
4.3141475,DiffCRISP,6.522179150581359,split3,NK cells,Palbociclib,0.0709219858156028
4.6310425,DiffCRISP,6.522179150581359,split3,NK cells,Palbociclib,0.0709219858156028
5.5040126,DiffCRISP,6.522179150581359,split3,NK cells,Palbociclib,0.0709219858156028
3.4139242,DiffCRISP,6.522179150581359,split3,NK cells,Palbociclib,0.0709219858156028
4.91939,DiffCRISP,6.522179150581359,split3,NK cells,Palbociclib,0.0709219858156028
2.5203197,DiffCRISP,6.522179150581359,split3,NK cells,Palbociclib,0.0709219858156028
1.5608269,DiffCRISP,6.522179150581359,split3,NK cells,Palbociclib,0.0709219858156028
4.463452,DiffCRISP,6.522179150581359,split3,NK cells,Palbociclib,0.0709219858156028
5.0468235,DiffCRISP,6.522179150581359,split3,NK cells,Palbociclib,0.0709219858156028
2.036049,DiffCRISP,6.522179150581359,split3,NK cells,Palbociclib,0.0709219858156028
5.788459,DiffCRISP,6.522179150581359,split3,NK cells,Palbociclib,0.0709219858156028
5.4701295,DiffCRISP,6.522179150581359,split3,NK cells,Palbociclib,0.0709219858156028
3.0474198,DiffCRISP,6.522179150581359,split3,NK cells,Palbociclib,0.0709219858156028
4.5228534,DiffCRISP,6.522179150581359,split3,NK cells,Palbociclib,0.0709219858156028
0.7398356,DiffCRISP,6.522179150581359,split3,NK cells,Palbociclib,0.0709219858156028
4.3189316,DiffCRISP,6.522179150581359,split3,NK cells,Palbociclib,0.0709219858156028
3.4962611,DiffCRISP,6.522179150581359,split3,NK cells,Palbociclib,0.0709219858156028
1.5843891,DiffCRISP,6.522179150581359,split3,NK cells,Palbociclib,0.0709219858156028
5.240941,DiffCRISP,6.522179150581359,split3,NK cells,Palbociclib,0.0709219858156028
2.8927226,DiffCRISP,6.522179150581359,split3,NK cells,Palbociclib,0.0709219858156028
1.9346958,DiffCRISP,6.522179150581359,split3,NK cells,Palbociclib,0.0709219858156028
6.186886,DiffCRISP,6.522179150581359,split3,NK cells,Palbociclib,0.0709219858156028
2.0038667,DiffCRISP,6.522179150581359,split3,NK cells,Palbociclib,0.0709219858156028
5.49592,DiffCRISP,6.522179150581359,split3,NK cells,Palbociclib,0.0709219858156028
3.66217,DiffCRISP,6.522179150581359,split3,NK cells,Palbociclib,0.0709219858156028
2.8582373,DiffCRISP,6.522179150581359,split3,NK cells,Palbociclib,0.0709219858156028
5.841924,DiffCRISP,6.522179150581359,split3,NK cells,Palbociclib,0.0709219858156028
5.0869827,DiffCRISP,6.522179150581359,split3,NK cells,Palbociclib,0.0709219858156028
4.5680995,DiffCRISP,6.522179150581359,split3,NK cells,Palbociclib,0.0709219858156028
4.1665506,DiffCRISP,6.522179150581359,split3,NK cells,Palbociclib,0.0709219858156028
3.2816381,DiffCRISP,6.522179150581359,split3,NK cells,Palbociclib,0.0709219858156028
3.6146536,DiffCRISP,6.522179150581359,split3,NK cells,Palbociclib,0.0709219858156028
3.2414787,DiffCRISP,6.522179150581359,split3,NK cells,Palbociclib,0.0709219858156028
3.7700338,DiffCRISP,6.522179150581359,split3,NK cells,Palbociclib,0.0709219858156028
3.6573133,DiffCRISP,6.522179150581359,split3,NK cells,Palbociclib,0.0709219858156028
4.4084067,DiffCRISP,6.522179150581359,split3,NK cells,Palbociclib,0.0709219858156028
0.48531073,DiffCRISP,6.522179150581359,split3,NK cells,Palbociclib,0.0709219858156028
1.3095415,DiffCRISP,6.522179150581359,split3,NK cells,Palbociclib,0.0709219858156028
4.140812,DiffCRISP,6.522179150581359,split3,NK cells,Palbociclib,0.0709219858156028
1.8656135,DiffCRISP,6.522179150581359,split3,NK cells,Palbociclib,0.0709219858156028
6.0416408,DiffCRISP,6.522179150581359,split3,NK cells,Palbociclib,0.0709219858156028
4.1597047,DiffCRISP,6.522179150581359,split3,NK cells,Palbociclib,0.0709219858156028
3.558968,DiffCRISP,6.522179150581359,split3,NK cells,Palbociclib,0.0709219858156028
2.1699533,DiffCRISP,6.522179150581359,split3,NK cells,Palbociclib,0.0709219858156028
2.3977306,DiffCRISP,6.522179150581359,split3,NK cells,Palbociclib,0.0709219858156028
5.458198,DiffCRISP,6.522179150581359,split3,NK cells,Palbociclib,0.0709219858156028
5.6056504,DiffCRISP,6.522179150581359,split3,NK cells,Palbociclib,0.0709219858156028
6.532586,DiffCRISP,6.522179150581359,split3,NK cells,Palbociclib,0.0709219858156028
4.3244276,DiffCRISP,6.522179150581359,split3,NK cells,Palbociclib,0.0709219858156028
3.3298473,DiffCRISP,6.522179150581359,split3,NK cells,Palbociclib,0.0709219858156028
5.9257503,DiffCRISP,6.522179150581359,split3,NK cells,Palbociclib,0.0709219858156028
5.7933035,DiffCRISP,6.522179150581359,split3,NK cells,Palbociclib,0.0709219858156028
5.7304325,DiffCRISP,6.522179150581359,split3,NK cells,Palbociclib,0.0709219858156028
2.5918207,DiffCRISP,6.522179150581359,split3,NK cells,Palbociclib,0.0709219858156028
3.464338,DiffCRISP,6.522179150581359,split3,NK cells,Palbociclib,0.0709219858156028
5.093439,DiffCRISP,6.522179150581359,split3,NK cells,Palbociclib,0.0709219858156028
5.685499,DiffCRISP,6.522179150581359,split3,NK cells,Palbociclib,0.0709219858156028
-0.47273552,DiffCRISP,6.522179150581359,split3,NK cells,Palbociclib,0.0709219858156028
4.27025,DiffCRISP,6.522179150581359,split3,NK cells,Palbociclib,0.0709219858156028
-1.2688609,DiffCRISP,6.522179150581359,split3,NK cells,Palbociclib,0.0709219858156028
4.365065,DiffCRISP,6.522179150581359,split3,NK cells,Palbociclib,0.0709219858156028
-0.15155187,DiffCRISP,6.522179150581359,split3,NK cells,Palbociclib,0.0709219858156028
2.5668504,DiffCRISP,6.522179150581359,split3,NK cells,Palbociclib,0.0709219858156028
2.3795695,DiffCRISP,6.522179150581359,split3,NK cells,Palbociclib,0.0709219858156028
5.0625563,DiffCRISP,6.522179150581359,split3,NK cells,Palbociclib,0.0709219858156028
2.3131237,DiffCRISP,6.522179150581359,split3,NK cells,Palbociclib,0.0709219858156028
4.3048625,DiffCRISP,6.522179150581359,split3,NK cells,Palbociclib,0.0709219858156028
4.4763217,DiffCRISP,6.522179150581359,split3,NK cells,Palbociclib,0.0709219858156028
6.0146985,DiffCRISP,6.522179150581359,split3,NK cells,Palbociclib,0.0709219858156028
6.6334867,DiffCRISP,6.522179150581359,split3,NK cells,Palbociclib,0.0709219858156028
3.3308916,DiffCRISP,6.522179150581359,split3,NK cells,Palbociclib,0.0709219858156028
4.8374004,DiffCRISP,6.522179150581359,split3,NK cells,Palbociclib,0.0709219858156028
5.6875634,DiffCRISP,6.522179150581359,split3,NK cells,Palbociclib,0.0709219858156028
1.9498379,DiffCRISP,6.522179150581359,split3,NK cells,Palbociclib,0.0709219858156028
5.545567,DiffCRISP,6.522179150581359,split3,NK cells,Palbociclib,0.0709219858156028
4.49678,DiffCRISP,6.522179150581359,split3,NK cells,Palbociclib,0.0709219858156028
2.7693884,DiffCRISP,6.522179150581359,split3,NK cells,Palbociclib,0.0709219858156028
0.40230227,DiffCRISP,6.522179150581359,split3,NK cells,Palbociclib,0.0709219858156028
3.2990756,DiffCRISP,6.522179150581359,split3,NK cells,Palbociclib,0.0709219858156028
1.7455405,DiffCRISP,6.522179150581359,split3,NK cells,Palbociclib,0.0709219858156028
3.2933412,DiffCRISP,6.522179150581359,split3,NK cells,Palbociclib,0.0709219858156028
3.5630462,DiffCRISP,6.522179150581359,split3,NK cells,Palbociclib,0.0709219858156028
4.128219,DiffCRISP,6.522179150581359,split3,NK cells,Palbociclib,0.0709219858156028
3.952781,DiffCRISP,6.522179150581359,split3,NK cells,Palbociclib,0.0709219858156028
3.334933,DiffCRISP,6.522179150581359,split3,NK cells,Palbociclib,0.0709219858156028
4.947458,DiffCRISP,6.522179150581359,split3,NK cells,Palbociclib,0.0709219858156028
2.1520972,DiffCRISP,6.522179150581359,split3,NK cells,Palbociclib,0.0709219858156028
3.3036335,DiffCRISP,6.522179150581359,split3,NK cells,Palbociclib,0.0709219858156028
5.2228823,DiffCRISP,6.522179150581359,split3,NK cells,Palbociclib,0.0709219858156028
4.6519322,DiffCRISP,6.522179150581359,split3,NK cells,Palbociclib,0.0709219858156028
4.4440265,DiffCRISP,6.522179150581359,split3,NK cells,Palbociclib,0.0709219858156028
5.252313,DiffCRISP,6.522179150581359,split3,NK cells,Palbociclib,0.0709219858156028
4.6609693,DiffCRISP,6.522179150581359,split3,NK cells,Palbociclib,0.0709219858156028
3.3930438,DiffCRISP,6.522179150581359,split3,NK cells,Palbociclib,0.0709219858156028
5.1212916,DiffCRISP,6.522179150581359,split3,NK cells,Palbociclib,0.0709219858156028
4.3883777,DiffCRISP,6.522179150581359,split3,NK cells,Palbociclib,0.0709219858156028
4.878215,DiffCRISP,6.522179150581359,split3,NK cells,Palbociclib,0.0709219858156028
1.7020391,DiffCRISP,6.522179150581359,split3,NK cells,Palbociclib,0.0709219858156028
5.034736,DiffCRISP,6.522179150581359,split3,NK cells,Palbociclib,0.0709219858156028
5.634641,DiffCRISP,6.522179150581359,split3,NK cells,Palbociclib,0.0709219858156028
4.3625593,DiffCRISP,6.522179150581359,split3,NK cells,Palbociclib,0.0709219858156028
6.161781,DiffCRISP,6.522179150581359,split3,NK cells,Palbociclib,0.0709219858156028
1.758215,DiffCRISP,6.522179150581359,split3,NK cells,Palbociclib,0.0709219858156028
1.9600058,DiffCRISP,6.522179150581359,split3,NK cells,Palbociclib,0.0709219858156028
3.8580866,DiffCRISP,6.522179150581359,split3,NK cells,Palbociclib,0.0709219858156028
-0.4409665,DiffCRISP,6.522179150581359,split3,NK cells,Palbociclib,0.0709219858156028
-0.13539332,DiffCRISP,6.522179150581359,split3,NK cells,Palbociclib,0.0709219858156028
3.1338,DiffCRISP,6.522179150581359,split3,NK cells,Palbociclib,0.0709219858156028
1.2157304,DiffCRISP,6.522179150581359,split3,NK cells,Palbociclib,0.0709219858156028
6.6580887,DiffCRISP,6.522179150581359,split3,NK cells,Palbociclib,0.0709219858156028
3.8181512,DiffCRISP,6.522179150581359,split3,NK cells,Palbociclib,0.0709219858156028
4.847041,DiffCRISP,6.522179150581359,split3,NK cells,Palbociclib,0.0709219858156028
4.2592053,DiffCRISP,6.522179150581359,split3,NK cells,Palbociclib,0.0709219858156028
4.266275,DiffCRISP,6.522179150581359,split3,NK cells,Palbociclib,0.0709219858156028
5.1590233,DiffCRISP,6.522179150581359,split3,NK cells,Palbociclib,0.0709219858156028
2.5643315,DiffCRISP,6.522179150581359,split3,NK cells,Palbociclib,0.0709219858156028
4.9401712,DiffCRISP,6.522179150581359,split3,NK cells,Palbociclib,0.0709219858156028
5.0147166,DiffCRISP,6.522179150581359,split3,NK cells,Palbociclib,0.0709219858156028
5.7244506,DiffCRISP,6.522179150581359,split3,NK cells,Palbociclib,0.0709219858156028
3.41849,DiffCRISP,6.522179150581359,split3,NK cells,Palbociclib,0.0709219858156028
2.4870353,DiffCRISP,6.522179150581359,split3,NK cells,Palbociclib,0.0709219858156028
-0.93900836,DiffCRISP,6.522179150581359,split3,NK cells,Palbociclib,0.0709219858156028
5.3032193,DiffCRISP,6.522179150581359,split3,NK cells,Palbociclib,0.0709219858156028
5.8226,DiffCRISP,6.522179150581359,split3,NK cells,Palbociclib,0.0709219858156028
2.1081889,DiffCRISP,6.522179150581359,split3,NK cells,Palbociclib,0.0709219858156028
2.964888,DiffCRISP,6.522179150581359,split3,NK cells,Palbociclib,0.0709219858156028
5.4119353,DiffCRISP,6.522179150581359,split3,NK cells,Palbociclib,0.0709219858156028
5.4454713,DiffCRISP,6.522179150581359,split3,NK cells,Palbociclib,0.0709219858156028
4.5354834,DiffCRISP,6.522179150581359,split3,NK cells,Palbociclib,0.0709219858156028
3.650909,DiffCRISP,6.522179150581359,split3,NK cells,Palbociclib,0.0709219858156028
3.539894,DiffCRISP,6.522179150581359,split3,NK cells,Palbociclib,0.0709219858156028
0.925884,DiffCRISP,6.522179150581359,split3,NK cells,Palbociclib,0.0709219858156028
2.3535733,DiffCRISP,6.522179150581359,split3,NK cells,Palbociclib,0.0709219858156028
4.771792,DiffCRISP,6.522179150581359,split3,NK cells,Palbociclib,0.0709219858156028
5.0388865,DiffCRISP,6.522179150581359,split3,NK cells,Palbociclib,0.0709219858156028
6.163286,DiffCRISP,6.522179150581359,split3,NK cells,Palbociclib,0.0709219858156028
5.4289546,DiffCRISP,6.522179150581359,split3,NK cells,Palbociclib,0.0709219858156028
4.7546005,DiffCRISP,6.522179150581359,split3,NK cells,Palbociclib,0.0709219858156028
2.941875,DiffCRISP,6.522179150581359,split3,NK cells,Palbociclib,0.0709219858156028
4.4482794,DiffCRISP,6.522179150581359,split3,NK cells,Palbociclib,0.0709219858156028
1.5054022,DiffCRISP,6.522179150581359,split3,NK cells,Palbociclib,0.0709219858156028
4.884813,DiffCRISP,6.522179150581359,split3,NK cells,Palbociclib,0.0709219858156028
5.253334,DiffCRISP,6.522179150581359,split3,NK cells,Palbociclib,0.0709219858156028
1.2980639,DiffCRISP,6.522179150581359,split3,NK cells,Palbociclib,0.0709219858156028
0.5350951,DiffCRISP,6.522179150581359,split3,NK cells,Palbociclib,0.0709219858156028
4.3983674,DiffCRISP,6.522179150581359,split3,NK cells,Palbociclib,0.0709219858156028
5.2641916,DiffCRISP,6.522179150581359,split3,NK cells,Palbociclib,0.0709219858156028
3.9319696,DiffCRISP,6.522179150581359,split3,NK cells,Palbociclib,0.0709219858156028
3.4893072,DiffCRISP,6.522179150581359,split3,NK cells,Palbociclib,0.0709219858156028
-0.9431802,DiffCRISP,6.522179150581359,split3,NK cells,Palbociclib,0.0709219858156028
2.274897,DiffCRISP,6.522179150581359,split3,NK cells,Palbociclib,0.0709219858156028
4.8740706,DiffCRISP,6.522179150581359,split3,NK cells,Palbociclib,0.0709219858156028
5.764543,DiffCRISP,6.522179150581359,split3,NK cells,Palbociclib,0.0709219858156028
4.4793224,DiffCRISP,6.522179150581359,split3,NK cells,Palbociclib,0.0709219858156028
5.382728,DiffCRISP,6.522179150581359,split3,NK cells,Palbociclib,0.0709219858156028
3.920984,DiffCRISP,6.522179150581359,split3,NK cells,Palbociclib,0.0709219858156028
5.563329,DiffCRISP,6.522179150581359,split3,NK cells,Palbociclib,0.0709219858156028
4.4726076,DiffCRISP,6.522179150581359,split3,NK cells,Palbociclib,0.0709219858156028
5.569769,DiffCRISP,6.522179150581359,split3,NK cells,Palbociclib,0.0709219858156028
5.365108,DiffCRISP,6.522179150581359,split3,NK cells,Palbociclib,0.0709219858156028
3.9333153,DiffCRISP,6.522179150581359,split3,NK cells,Palbociclib,0.0709219858156028
6.5781794,DiffCRISP,6.522179150581359,split3,NK cells,Palbociclib,0.0709219858156028
4.4495792,DiffCRISP,6.522179150581359,split3,NK cells,Palbociclib,0.0709219858156028
2.6243424,DiffCRISP,6.522179150581359,split3,NK cells,Palbociclib,0.0709219858156028
4.6374254,DiffCRISP,6.522179150581359,split3,NK cells,Palbociclib,0.0709219858156028
2.4127505,DiffCRISP,6.522179150581359,split3,NK cells,Palbociclib,0.0709219858156028
4.845997,DiffCRISP,6.522179150581359,split3,NK cells,Palbociclib,0.0709219858156028
1.9647068,DiffCRISP,6.522179150581359,split3,NK cells,Palbociclib,0.0709219858156028
1.7974097,DiffCRISP,6.522179150581359,split3,NK cells,Palbociclib,0.0709219858156028
-0.036812007,DiffCRISP,6.522179150581359,split3,NK cells,Palbociclib,0.0709219858156028
4.7138,DiffCRISP,6.522179150581359,split3,NK cells,Palbociclib,0.0709219858156028
5.982321,DiffCRISP,6.522179150581359,split3,NK cells,Palbociclib,0.0709219858156028
6.517028,DiffCRISP,6.522179150581359,split3,NK cells,Palbociclib,0.0709219858156028
4.7018995,DiffCRISP,6.522179150581359,split3,NK cells,Palbociclib,0.0709219858156028
6.5213943,DiffCRISP,6.522179150581359,split3,NK cells,Palbociclib,0.0709219858156028
2.2487574,DiffCRISP,6.522179150581359,split3,NK cells,Palbociclib,0.0709219858156028
4.5975986,DiffCRISP,6.522179150581359,split3,NK cells,Palbociclib,0.0709219858156028
0.4005343,DiffCRISP,6.522179150581359,split3,NK cells,Palbociclib,0.0709219858156028
4.0070076,DiffCRISP,6.522179150581359,split3,NK cells,Palbociclib,0.0709219858156028
1.5910066,DiffCRISP,6.522179150581359,split3,NK cells,Palbociclib,0.0709219858156028
3.5761316,DiffCRISP,6.522179150581359,split3,NK cells,Palbociclib,0.0709219858156028
4.414118,DiffCRISP,6.522179150581359,split3,NK cells,Palbociclib,0.0709219858156028
0.27124882,DiffCRISP,6.522179150581359,split3,NK cells,Palbociclib,0.0709219858156028
3.5556688,DiffCRISP,6.522179150581359,split3,NK cells,Palbociclib,0.0709219858156028
3.987877,DiffCRISP,6.522179150581359,split3,NK cells,Palbociclib,0.0709219858156028
5.293622,DiffCRISP,6.522179150581359,split3,NK cells,Palbociclib,0.0709219858156028
4.6474767,DiffCRISP,6.522179150581359,split3,NK cells,Palbociclib,0.0709219858156028
5.451346,DiffCRISP,6.522179150581359,split3,NK cells,Palbociclib,0.0709219858156028
6.306499,DiffCRISP,6.522179150581359,split3,NK cells,Palbociclib,0.0709219858156028
5.4562407,DiffCRISP,6.522179150581359,split3,NK cells,Palbociclib,0.0709219858156028
2.9452703,DiffCRISP,6.522179150581359,split3,NK cells,Palbociclib,0.0709219858156028
3.7098458,DiffCRISP,6.522179150581359,split3,NK cells,Palbociclib,0.0709219858156028
5.166612,DiffCRISP,6.522179150581359,split3,NK cells,Palbociclib,0.0709219858156028
1.3992691,DiffCRISP,6.522179150581359,split3,NK cells,Palbociclib,0.0709219858156028
4.251407,DiffCRISP,6.522179150581359,split3,NK cells,Palbociclib,0.0709219858156028
3.7903042,DiffCRISP,6.522179150581359,split3,NK cells,Palbociclib,0.0709219858156028
3.8799777,DiffCRISP,6.522179150581359,split3,NK cells,Palbociclib,0.0709219858156028
5.24959,DiffCRISP,6.522179150581359,split3,NK cells,Palbociclib,0.0709219858156028
3.4725373,DiffCRISP,6.522179150581359,split3,NK cells,Palbociclib,0.0709219858156028
0.92246366,DiffCRISP,6.522179150581359,split3,NK cells,Palbociclib,0.0709219858156028
2.4674442,DiffCRISP,6.522179150581359,split3,NK cells,Palbociclib,0.0709219858156028
5.2319937,DiffCRISP,6.522179150581359,split3,NK cells,Palbociclib,0.0709219858156028
3.9336429,DiffCRISP,6.522179150581359,split3,NK cells,Palbociclib,0.0709219858156028
0.5457992,DiffCRISP,6.522179150581359,split3,NK cells,Palbociclib,0.0709219858156028
2.7961867,DiffCRISP,6.522179150581359,split3,NK cells,Palbociclib,0.0709219858156028
2.3665292,DiffCRISP,6.522179150581359,split3,NK cells,Palbociclib,0.0709219858156028
4.0138226,DiffCRISP,6.522179150581359,split3,NK cells,Palbociclib,0.0709219858156028
2.1135511,DiffCRISP,6.522179150581359,split3,NK cells,Palbociclib,0.0709219858156028
6.5276566,DiffCRISP,6.522179150581359,split3,NK cells,Palbociclib,0.0709219858156028
5.250555,DiffCRISP,6.522179150581359,split3,NK cells,Palbociclib,0.0709219858156028
2.5248535,DiffCRISP,6.522179150581359,split3,NK cells,Palbociclib,0.0709219858156028
4.8158445,DiffCRISP,6.522179150581359,split3,NK cells,Palbociclib,0.0709219858156028
5.1120358,DiffCRISP,6.522179150581359,split3,NK cells,Palbociclib,0.0709219858156028
2.581782,DiffCRISP,6.522179150581359,split3,NK cells,Palbociclib,0.0709219858156028
0.3911568,DiffCRISP,6.522179150581359,split3,NK cells,Palbociclib,0.0709219858156028
4.091186,DiffCRISP,6.522179150581359,split3,NK cells,Palbociclib,0.0709219858156028
4.3090887,DiffCRISP,6.522179150581359,split3,NK cells,Palbociclib,0.0709219858156028
4.5297933,DiffCRISP,6.522179150581359,split3,NK cells,Palbociclib,0.0709219858156028
3.4708662,DiffCRISP,6.522179150581359,split3,NK cells,Palbociclib,0.0709219858156028
4.505392,DiffCRISP,6.522179150581359,split3,NK cells,Palbociclib,0.0709219858156028
4.2445397,DiffCRISP,6.522179150581359,split3,NK cells,Palbociclib,0.0709219858156028
4.885398,DiffCRISP,6.522179150581359,split3,NK cells,Palbociclib,0.0709219858156028
3.3150923,DiffCRISP,6.522179150581359,split3,NK cells,Palbociclib,0.0709219858156028
2.7664142,DiffCRISP,6.522179150581359,split3,NK cells,Palbociclib,0.0709219858156028
4.674722,DiffCRISP,6.522179150581359,split3,NK cells,Palbociclib,0.0709219858156028
3.5081816,DiffCRISP,6.522179150581359,split3,NK cells,Palbociclib,0.0709219858156028
1.7234805,DiffCRISP,6.522179150581359,split3,NK cells,Palbociclib,0.0709219858156028
3.423926,DiffCRISP,6.522179150581359,split3,NK cells,Palbociclib,0.0709219858156028
